id,label,type,module_id,connected_component_id,is_in_largest_component,betweenness_centrality,closeness_centrality,degree_centrality,redundancy_coefficient,paths,pathway_reach,functional_impact,group,metrics,total_metrics
hsa-miR-106b-5p,hsa-miR-106b-5p,MicroRNA,1.0,0,1,0.2346686411994966,0.2773109243697479,0.0603015075376884,0.0398550724637681,"[('DCUN1D3', 'KEGG:04310'), ('MMP2', 'KEGG:04722'), ('KIRREL1', 'KEGG:01521'), ('KIRREL1', 'KEGG:04010'), ('KIRREL1', 'KEGG:04014'), ('FNDC3B', 'KEGG:04310'), ('ATXN1', 'KEGG:04520')]",0.1818181818181818,0.300729679961323,luminal-b,betweenness_centrality; closeness_centrality; degree_centrality; functional_impact; pathway_reach,5.0
hsa-miR-106b-5p,hsa-miR-106b-5p,MicroRNA,1.0,0,1,0.2346686411994966,0.2773109243697479,0.0603015075376884,0.0398550724637681,"[('DCUN1D3', 'KEGG:04310'), ('MMP2', 'KEGG:04722'), ('KIRREL1', 'KEGG:01521'), ('KIRREL1', 'KEGG:04010'), ('KIRREL1', 'KEGG:04014'), ('FNDC3B', 'KEGG:04310'), ('ATXN1', 'KEGG:04520')]",0.1818181818181818,0.300729679961323,luminal-b,betweenness_centrality; closeness_centrality; degree_centrality; functional_impact; pathway_reach,5.0
hsa-miR-106b-5p,hsa-miR-106b-5p,MicroRNA,1.0,0,1,0.2346686411994966,0.2773109243697479,0.0603015075376884,0.0398550724637681,"[('DCUN1D3', 'KEGG:04310'), ('MMP2', 'KEGG:04722'), ('KIRREL1', 'KEGG:01521'), ('KIRREL1', 'KEGG:04010'), ('KIRREL1', 'KEGG:04014'), ('FNDC3B', 'KEGG:04310'), ('ATXN1', 'KEGG:04520')]",0.1818181818181818,0.300729679961323,luminal-b,betweenness_centrality; closeness_centrality; degree_centrality; functional_impact; pathway_reach,5.0
hsa-miR-106b-5p,hsa-miR-106b-5p,MicroRNA,1.0,0,1,0.2346686411994966,0.2773109243697479,0.0603015075376884,0.0398550724637681,"[('DCUN1D3', 'KEGG:04310'), ('MMP2', 'KEGG:04722'), ('KIRREL1', 'KEGG:01521'), ('KIRREL1', 'KEGG:04010'), ('KIRREL1', 'KEGG:04014'), ('FNDC3B', 'KEGG:04310'), ('ATXN1', 'KEGG:04520')]",0.1818181818181818,0.300729679961323,luminal-b,betweenness_centrality; closeness_centrality; degree_centrality; functional_impact; pathway_reach,5.0
hsa-miR-106b-5p,hsa-miR-106b-5p,MicroRNA,1.0,0,1,0.2346686411994966,0.2773109243697479,0.0603015075376884,0.0398550724637681,"[('DCUN1D3', 'KEGG:04310'), ('MMP2', 'KEGG:04722'), ('KIRREL1', 'KEGG:01521'), ('KIRREL1', 'KEGG:04010'), ('KIRREL1', 'KEGG:04014'), ('FNDC3B', 'KEGG:04310'), ('ATXN1', 'KEGG:04520')]",0.1818181818181818,0.300729679961323,luminal-b,betweenness_centrality; closeness_centrality; degree_centrality; functional_impact; pathway_reach,5.0
hsa-miR-106b-5p,hsa-miR-106b-5p,MicroRNA,1.0,0,1,0.2346686411994966,0.2773109243697479,0.0603015075376884,0.0398550724637681,"[('DCUN1D3', 'KEGG:04310'), ('MMP2', 'KEGG:04722'), ('KIRREL1', 'KEGG:01521'), ('KIRREL1', 'KEGG:04010'), ('KIRREL1', 'KEGG:04014'), ('FNDC3B', 'KEGG:04310'), ('ATXN1', 'KEGG:04520')]",0.1818181818181818,0.300729679961323,luminal-b,betweenness_centrality; closeness_centrality; degree_centrality; functional_impact; pathway_reach,5.0
hsa-miR-106b-5p,hsa-miR-106b-5p,MicroRNA,1.0,0,1,0.2346686411994966,0.2773109243697479,0.0603015075376884,0.0398550724637681,"[('DCUN1D3', 'KEGG:04310'), ('MMP2', 'KEGG:04722'), ('KIRREL1', 'KEGG:01521'), ('KIRREL1', 'KEGG:04010'), ('KIRREL1', 'KEGG:04014'), ('FNDC3B', 'KEGG:04310'), ('ATXN1', 'KEGG:04520')]",0.1818181818181818,0.300729679961323,luminal-b,betweenness_centrality; closeness_centrality; degree_centrality; functional_impact; pathway_reach,5.0
hsa-miR-106a-5p,hsa-miR-106a-5p,MicroRNA,1.0,0,1,0.0386700980881337,0.1974569932685116,0.0276381909547738,0.0181818181818181,"[('RND3', 'KEGG:04068'), ('JAK1', 'KEGG:05200'), ('JAK1', 'KEGG:04380'), ('JAK1', 'KEGG:05218'), ('JAK1', 'KEGG:05202'), ('TMEM167A', 'KEGG:04151'), ('TMEM167A', 'KEGG:05215'), ('TMEM167A', 'KEGG:04725'), ('TMEM167A', 'KEGG:04380'), ('TMEM167A', 'KEGG:05161'), ('TMEM167A', 'KEGG:04713'), ('TMEM167A', 'KEGG:04152'), ('TMEM167A', 'KEGG:04926')]",0.3636363636363636,0.2967319060860559,luminal-b,betweenness_centrality; closeness_centrality; degree_centrality; pathway_reach,4.0
hsa-miR-106a-5p,hsa-miR-106a-5p,MicroRNA,1.0,0,1,0.0386700980881337,0.1974569932685116,0.0276381909547738,0.0181818181818181,"[('RND3', 'KEGG:04068'), ('JAK1', 'KEGG:05200'), ('JAK1', 'KEGG:04380'), ('JAK1', 'KEGG:05218'), ('JAK1', 'KEGG:05202'), ('TMEM167A', 'KEGG:04151'), ('TMEM167A', 'KEGG:05215'), ('TMEM167A', 'KEGG:04725'), ('TMEM167A', 'KEGG:04380'), ('TMEM167A', 'KEGG:05161'), ('TMEM167A', 'KEGG:04713'), ('TMEM167A', 'KEGG:04152'), ('TMEM167A', 'KEGG:04926')]",0.3636363636363636,0.2967319060860559,luminal-b,betweenness_centrality; closeness_centrality; degree_centrality; pathway_reach,4.0
hsa-miR-106a-5p,hsa-miR-106a-5p,MicroRNA,1.0,0,1,0.0386700980881337,0.1974569932685116,0.0276381909547738,0.0181818181818181,"[('RND3', 'KEGG:04068'), ('JAK1', 'KEGG:05200'), ('JAK1', 'KEGG:04380'), ('JAK1', 'KEGG:05218'), ('JAK1', 'KEGG:05202'), ('TMEM167A', 'KEGG:04151'), ('TMEM167A', 'KEGG:05215'), ('TMEM167A', 'KEGG:04725'), ('TMEM167A', 'KEGG:04380'), ('TMEM167A', 'KEGG:05161'), ('TMEM167A', 'KEGG:04713'), ('TMEM167A', 'KEGG:04152'), ('TMEM167A', 'KEGG:04926')]",0.3636363636363636,0.2967319060860559,luminal-b,betweenness_centrality; closeness_centrality; degree_centrality; pathway_reach,4.0
hsa-miR-106a-5p,hsa-miR-106a-5p,MicroRNA,1.0,0,1,0.0386700980881337,0.1974569932685116,0.0276381909547738,0.0181818181818181,"[('RND3', 'KEGG:04068'), ('JAK1', 'KEGG:05200'), ('JAK1', 'KEGG:04380'), ('JAK1', 'KEGG:05218'), ('JAK1', 'KEGG:05202'), ('TMEM167A', 'KEGG:04151'), ('TMEM167A', 'KEGG:05215'), ('TMEM167A', 'KEGG:04725'), ('TMEM167A', 'KEGG:04380'), ('TMEM167A', 'KEGG:05161'), ('TMEM167A', 'KEGG:04713'), ('TMEM167A', 'KEGG:04152'), ('TMEM167A', 'KEGG:04926')]",0.3636363636363636,0.2967319060860559,luminal-b,betweenness_centrality; closeness_centrality; degree_centrality; pathway_reach,4.0
hsa-miR-106a-5p,hsa-miR-106a-5p,MicroRNA,1.0,0,1,0.0386700980881337,0.1974569932685116,0.0276381909547738,0.0181818181818181,"[('RND3', 'KEGG:04068'), ('JAK1', 'KEGG:05200'), ('JAK1', 'KEGG:04380'), ('JAK1', 'KEGG:05218'), ('JAK1', 'KEGG:05202'), ('TMEM167A', 'KEGG:04151'), ('TMEM167A', 'KEGG:05215'), ('TMEM167A', 'KEGG:04725'), ('TMEM167A', 'KEGG:04380'), ('TMEM167A', 'KEGG:05161'), ('TMEM167A', 'KEGG:04713'), ('TMEM167A', 'KEGG:04152'), ('TMEM167A', 'KEGG:04926')]",0.3636363636363636,0.2967319060860559,luminal-b,betweenness_centrality; closeness_centrality; degree_centrality; pathway_reach,4.0
hsa-miR-106a-5p,hsa-miR-106a-5p,MicroRNA,1.0,0,1,0.0386700980881337,0.1974569932685116,0.0276381909547738,0.0181818181818181,"[('RND3', 'KEGG:04068'), ('JAK1', 'KEGG:05200'), ('JAK1', 'KEGG:04380'), ('JAK1', 'KEGG:05218'), ('JAK1', 'KEGG:05202'), ('TMEM167A', 'KEGG:04151'), ('TMEM167A', 'KEGG:05215'), ('TMEM167A', 'KEGG:04725'), ('TMEM167A', 'KEGG:04380'), ('TMEM167A', 'KEGG:05161'), ('TMEM167A', 'KEGG:04713'), ('TMEM167A', 'KEGG:04152'), ('TMEM167A', 'KEGG:04926')]",0.3636363636363636,0.2967319060860559,luminal-b,betweenness_centrality; closeness_centrality; degree_centrality; pathway_reach,4.0
hsa-miR-106a-5p,hsa-miR-106a-5p,MicroRNA,1.0,0,1,0.0386700980881337,0.1974569932685116,0.0276381909547738,0.0181818181818181,"[('RND3', 'KEGG:04068'), ('JAK1', 'KEGG:05200'), ('JAK1', 'KEGG:04380'), ('JAK1', 'KEGG:05218'), ('JAK1', 'KEGG:05202'), ('TMEM167A', 'KEGG:04151'), ('TMEM167A', 'KEGG:05215'), ('TMEM167A', 'KEGG:04725'), ('TMEM167A', 'KEGG:04380'), ('TMEM167A', 'KEGG:05161'), ('TMEM167A', 'KEGG:04713'), ('TMEM167A', 'KEGG:04152'), ('TMEM167A', 'KEGG:04926')]",0.3636363636363636,0.2967319060860559,luminal-b,betweenness_centrality; closeness_centrality; degree_centrality; pathway_reach,4.0
hsa-miR-106a-5p,hsa-miR-106a-5p,MicroRNA,1.0,0,1,0.0386700980881337,0.1974569932685116,0.0276381909547738,0.0181818181818181,"[('RND3', 'KEGG:04068'), ('JAK1', 'KEGG:05200'), ('JAK1', 'KEGG:04380'), ('JAK1', 'KEGG:05218'), ('JAK1', 'KEGG:05202'), ('TMEM167A', 'KEGG:04151'), ('TMEM167A', 'KEGG:05215'), ('TMEM167A', 'KEGG:04725'), ('TMEM167A', 'KEGG:04380'), ('TMEM167A', 'KEGG:05161'), ('TMEM167A', 'KEGG:04713'), ('TMEM167A', 'KEGG:04152'), ('TMEM167A', 'KEGG:04926')]",0.3636363636363636,0.2967319060860559,luminal-b,betweenness_centrality; closeness_centrality; degree_centrality; pathway_reach,4.0
hsa-miR-106a-5p,hsa-miR-106a-5p,MicroRNA,1.0,0,1,0.0386700980881337,0.1974569932685116,0.0276381909547738,0.0181818181818181,"[('RND3', 'KEGG:04068'), ('JAK1', 'KEGG:05200'), ('JAK1', 'KEGG:04380'), ('JAK1', 'KEGG:05218'), ('JAK1', 'KEGG:05202'), ('TMEM167A', 'KEGG:04151'), ('TMEM167A', 'KEGG:05215'), ('TMEM167A', 'KEGG:04725'), ('TMEM167A', 'KEGG:04380'), ('TMEM167A', 'KEGG:05161'), ('TMEM167A', 'KEGG:04713'), ('TMEM167A', 'KEGG:04152'), ('TMEM167A', 'KEGG:04926')]",0.3636363636363636,0.2967319060860559,luminal-b,betweenness_centrality; closeness_centrality; degree_centrality; pathway_reach,4.0
hsa-miR-106a-5p,hsa-miR-106a-5p,MicroRNA,1.0,0,1,0.0386700980881337,0.1974569932685116,0.0276381909547738,0.0181818181818181,"[('RND3', 'KEGG:04068'), ('JAK1', 'KEGG:05200'), ('JAK1', 'KEGG:04380'), ('JAK1', 'KEGG:05218'), ('JAK1', 'KEGG:05202'), ('TMEM167A', 'KEGG:04151'), ('TMEM167A', 'KEGG:05215'), ('TMEM167A', 'KEGG:04725'), ('TMEM167A', 'KEGG:04380'), ('TMEM167A', 'KEGG:05161'), ('TMEM167A', 'KEGG:04713'), ('TMEM167A', 'KEGG:04152'), ('TMEM167A', 'KEGG:04926')]",0.3636363636363636,0.2967319060860559,luminal-b,betweenness_centrality; closeness_centrality; degree_centrality; pathway_reach,4.0
hsa-miR-106a-5p,hsa-miR-106a-5p,MicroRNA,1.0,0,1,0.0386700980881337,0.1974569932685116,0.0276381909547738,0.0181818181818181,"[('RND3', 'KEGG:04068'), ('JAK1', 'KEGG:05200'), ('JAK1', 'KEGG:04380'), ('JAK1', 'KEGG:05218'), ('JAK1', 'KEGG:05202'), ('TMEM167A', 'KEGG:04151'), ('TMEM167A', 'KEGG:05215'), ('TMEM167A', 'KEGG:04725'), ('TMEM167A', 'KEGG:04380'), ('TMEM167A', 'KEGG:05161'), ('TMEM167A', 'KEGG:04713'), ('TMEM167A', 'KEGG:04152'), ('TMEM167A', 'KEGG:04926')]",0.3636363636363636,0.2967319060860559,luminal-b,betweenness_centrality; closeness_centrality; degree_centrality; pathway_reach,4.0
hsa-miR-106a-5p,hsa-miR-106a-5p,MicroRNA,1.0,0,1,0.0386700980881337,0.1974569932685116,0.0276381909547738,0.0181818181818181,"[('RND3', 'KEGG:04068'), ('JAK1', 'KEGG:05200'), ('JAK1', 'KEGG:04380'), ('JAK1', 'KEGG:05218'), ('JAK1', 'KEGG:05202'), ('TMEM167A', 'KEGG:04151'), ('TMEM167A', 'KEGG:05215'), ('TMEM167A', 'KEGG:04725'), ('TMEM167A', 'KEGG:04380'), ('TMEM167A', 'KEGG:05161'), ('TMEM167A', 'KEGG:04713'), ('TMEM167A', 'KEGG:04152'), ('TMEM167A', 'KEGG:04926')]",0.3636363636363636,0.2967319060860559,luminal-b,betweenness_centrality; closeness_centrality; degree_centrality; pathway_reach,4.0
hsa-miR-106a-5p,hsa-miR-106a-5p,MicroRNA,1.0,0,1,0.0386700980881337,0.1974569932685116,0.0276381909547738,0.0181818181818181,"[('RND3', 'KEGG:04068'), ('JAK1', 'KEGG:05200'), ('JAK1', 'KEGG:04380'), ('JAK1', 'KEGG:05218'), ('JAK1', 'KEGG:05202'), ('TMEM167A', 'KEGG:04151'), ('TMEM167A', 'KEGG:05215'), ('TMEM167A', 'KEGG:04725'), ('TMEM167A', 'KEGG:04380'), ('TMEM167A', 'KEGG:05161'), ('TMEM167A', 'KEGG:04713'), ('TMEM167A', 'KEGG:04152'), ('TMEM167A', 'KEGG:04926')]",0.3636363636363636,0.2967319060860559,luminal-b,betweenness_centrality; closeness_centrality; degree_centrality; pathway_reach,4.0
hsa-miR-29b-3p,hsa-miR-29b-3p,MicroRNA,1.0,0,1,0.0370303692007113,0.1958456973293768,0.0251256281407035,0.0222222222222222,"[('TMTC3', 'KEGG:05202'), ('ABHD5', 'KEGG:04140'), ('SLC16A14', 'KEGG:05205'), ('MEST', 'KEGG:05200'), ('MEST', 'KEGG:04510'), ('MEST', 'KEGG:05222')]",0.1818181818181818,0.3335511848975723,luminal-b,betweenness_centrality; closeness_centrality; degree_centrality; functional_impact; pathway_reach,5.0
hsa-miR-29b-3p,hsa-miR-29b-3p,MicroRNA,1.0,0,1,0.0370303692007113,0.1958456973293768,0.0251256281407035,0.0222222222222222,"[('TMTC3', 'KEGG:05202'), ('ABHD5', 'KEGG:04140'), ('SLC16A14', 'KEGG:05205'), ('MEST', 'KEGG:05200'), ('MEST', 'KEGG:04510'), ('MEST', 'KEGG:05222')]",0.1818181818181818,0.3335511848975723,luminal-b,betweenness_centrality; closeness_centrality; degree_centrality; functional_impact; pathway_reach,5.0
hsa-miR-29b-3p,hsa-miR-29b-3p,MicroRNA,1.0,0,1,0.0370303692007113,0.1958456973293768,0.0251256281407035,0.0222222222222222,"[('TMTC3', 'KEGG:05202'), ('ABHD5', 'KEGG:04140'), ('SLC16A14', 'KEGG:05205'), ('MEST', 'KEGG:05200'), ('MEST', 'KEGG:04510'), ('MEST', 'KEGG:05222')]",0.1818181818181818,0.3335511848975723,luminal-b,betweenness_centrality; closeness_centrality; degree_centrality; functional_impact; pathway_reach,5.0
hsa-miR-29b-3p,hsa-miR-29b-3p,MicroRNA,1.0,0,1,0.0370303692007113,0.1958456973293768,0.0251256281407035,0.0222222222222222,"[('TMTC3', 'KEGG:05202'), ('ABHD5', 'KEGG:04140'), ('SLC16A14', 'KEGG:05205'), ('MEST', 'KEGG:05200'), ('MEST', 'KEGG:04510'), ('MEST', 'KEGG:05222')]",0.1818181818181818,0.3335511848975723,luminal-b,betweenness_centrality; closeness_centrality; degree_centrality; functional_impact; pathway_reach,5.0
hsa-miR-29b-3p,hsa-miR-29b-3p,MicroRNA,1.0,0,1,0.0370303692007113,0.1958456973293768,0.0251256281407035,0.0222222222222222,"[('TMTC3', 'KEGG:05202'), ('ABHD5', 'KEGG:04140'), ('SLC16A14', 'KEGG:05205'), ('MEST', 'KEGG:05200'), ('MEST', 'KEGG:04510'), ('MEST', 'KEGG:05222')]",0.1818181818181818,0.3335511848975723,luminal-b,betweenness_centrality; closeness_centrality; degree_centrality; functional_impact; pathway_reach,5.0
hsa-miR-29b-3p,hsa-miR-29b-3p,MicroRNA,1.0,0,1,0.0370303692007113,0.1958456973293768,0.0251256281407035,0.0222222222222222,"[('TMTC3', 'KEGG:05202'), ('ABHD5', 'KEGG:04140'), ('SLC16A14', 'KEGG:05205'), ('MEST', 'KEGG:05200'), ('MEST', 'KEGG:04510'), ('MEST', 'KEGG:05222')]",0.1818181818181818,0.3335511848975723,luminal-b,betweenness_centrality; closeness_centrality; degree_centrality; functional_impact; pathway_reach,5.0
hsa-miR-200c-3p,hsa-miR-200c-3p,MicroRNA,1.0,0,1,0.251333307958526,0.2598425196850393,0.0804020100502512,0.0040322580645161,"[('DZIP1', 'KEGG:05200'), ('DZIP1', 'KEGG:01521'), ('DZIP1', 'KEGG:04151'), ('DZIP1', 'KEGG:04510'), ('DZIP1', 'KEGG:05215'), ('DZIP1', 'KEGG:04150'), ('DZIP1', 'KEGG:05222'), ('DZIP1', 'KEGG:05214'), ('DZIP1', 'KEGG:04218'), ('DZIP1', 'KEGG:05218'), ('DZIP1', 'KEGG:05224'), ('DZIP1', 'KEGG:04068'), ('DZIP1', 'KEGG:04140'), ('DZIP1', 'KEGG:05225'), ('JCAD', 'KEGG:05200'), ('JCAD', 'KEGG:04151'), ('JCAD', 'KEGG:05222'), ('JCAD', 'KEGG:05214'), ('JCAD', 'KEGG:04218'), ('JCAD', 'KEGG:05218'), ('JCAD', 'KEGG:05224'), ('JCAD', 'KEGG:05225'), ('ZSWIM4', 'KEGG:04144'), ('LRRC8A', 'KEGG:05200'), ('LRRC8A', 'KEGG:01522'), ('LRRC8A', 'KEGG:05224'), ('ERG', 'KEGG:05200'), ('ERG', 'KEGG:01521'), ('ERG', 'KEGG:04010'), ('ERG', 'KEGG:04151'), ('ERG', 'KEGG:04510'), ('ERG', 'KEGG:05205'), ('ERG', 'KEGG:04150'), ('ERG', 'KEGG:04725'), ('ERG', 'KEGG:05214'), ('ERG', 'KEGG:04014'), ('ERG', 'KEGG:04310'), ('ERG', 'KEGG:05161'), ('ERG', 'KEGG:04713'), ('ERG', 'KEGG:04926'), ('ERG', 'KEGG:04012'), ('ERG', 'KEGG:04720'), ('ERG', 'KEGG:05225'), ('KLF12', 'KEGG:04218')]",0.7878787878787878,0.3449881056592501,luminal-b,betweenness_centrality; closeness_centrality; degree_centrality; functional_impact; pathway_reach,5.0
hsa-miR-200c-3p,hsa-miR-200c-3p,MicroRNA,1.0,0,1,0.251333307958526,0.2598425196850393,0.0804020100502512,0.0040322580645161,"[('DZIP1', 'KEGG:05200'), ('DZIP1', 'KEGG:01521'), ('DZIP1', 'KEGG:04151'), ('DZIP1', 'KEGG:04510'), ('DZIP1', 'KEGG:05215'), ('DZIP1', 'KEGG:04150'), ('DZIP1', 'KEGG:05222'), ('DZIP1', 'KEGG:05214'), ('DZIP1', 'KEGG:04218'), ('DZIP1', 'KEGG:05218'), ('DZIP1', 'KEGG:05224'), ('DZIP1', 'KEGG:04068'), ('DZIP1', 'KEGG:04140'), ('DZIP1', 'KEGG:05225'), ('JCAD', 'KEGG:05200'), ('JCAD', 'KEGG:04151'), ('JCAD', 'KEGG:05222'), ('JCAD', 'KEGG:05214'), ('JCAD', 'KEGG:04218'), ('JCAD', 'KEGG:05218'), ('JCAD', 'KEGG:05224'), ('JCAD', 'KEGG:05225'), ('ZSWIM4', 'KEGG:04144'), ('LRRC8A', 'KEGG:05200'), ('LRRC8A', 'KEGG:01522'), ('LRRC8A', 'KEGG:05224'), ('ERG', 'KEGG:05200'), ('ERG', 'KEGG:01521'), ('ERG', 'KEGG:04010'), ('ERG', 'KEGG:04151'), ('ERG', 'KEGG:04510'), ('ERG', 'KEGG:05205'), ('ERG', 'KEGG:04150'), ('ERG', 'KEGG:04725'), ('ERG', 'KEGG:05214'), ('ERG', 'KEGG:04014'), ('ERG', 'KEGG:04310'), ('ERG', 'KEGG:05161'), ('ERG', 'KEGG:04713'), ('ERG', 'KEGG:04926'), ('ERG', 'KEGG:04012'), ('ERG', 'KEGG:04720'), ('ERG', 'KEGG:05225'), ('KLF12', 'KEGG:04218')]",0.7878787878787878,0.3449881056592501,luminal-b,betweenness_centrality; closeness_centrality; degree_centrality; functional_impact; pathway_reach,5.0
hsa-miR-200c-3p,hsa-miR-200c-3p,MicroRNA,1.0,0,1,0.251333307958526,0.2598425196850393,0.0804020100502512,0.0040322580645161,"[('DZIP1', 'KEGG:05200'), ('DZIP1', 'KEGG:01521'), ('DZIP1', 'KEGG:04151'), ('DZIP1', 'KEGG:04510'), ('DZIP1', 'KEGG:05215'), ('DZIP1', 'KEGG:04150'), ('DZIP1', 'KEGG:05222'), ('DZIP1', 'KEGG:05214'), ('DZIP1', 'KEGG:04218'), ('DZIP1', 'KEGG:05218'), ('DZIP1', 'KEGG:05224'), ('DZIP1', 'KEGG:04068'), ('DZIP1', 'KEGG:04140'), ('DZIP1', 'KEGG:05225'), ('JCAD', 'KEGG:05200'), ('JCAD', 'KEGG:04151'), ('JCAD', 'KEGG:05222'), ('JCAD', 'KEGG:05214'), ('JCAD', 'KEGG:04218'), ('JCAD', 'KEGG:05218'), ('JCAD', 'KEGG:05224'), ('JCAD', 'KEGG:05225'), ('ZSWIM4', 'KEGG:04144'), ('LRRC8A', 'KEGG:05200'), ('LRRC8A', 'KEGG:01522'), ('LRRC8A', 'KEGG:05224'), ('ERG', 'KEGG:05200'), ('ERG', 'KEGG:01521'), ('ERG', 'KEGG:04010'), ('ERG', 'KEGG:04151'), ('ERG', 'KEGG:04510'), ('ERG', 'KEGG:05205'), ('ERG', 'KEGG:04150'), ('ERG', 'KEGG:04725'), ('ERG', 'KEGG:05214'), ('ERG', 'KEGG:04014'), ('ERG', 'KEGG:04310'), ('ERG', 'KEGG:05161'), ('ERG', 'KEGG:04713'), ('ERG', 'KEGG:04926'), ('ERG', 'KEGG:04012'), ('ERG', 'KEGG:04720'), ('ERG', 'KEGG:05225'), ('KLF12', 'KEGG:04218')]",0.7878787878787878,0.3449881056592501,luminal-b,betweenness_centrality; closeness_centrality; degree_centrality; functional_impact; pathway_reach,5.0
hsa-miR-200c-3p,hsa-miR-200c-3p,MicroRNA,1.0,0,1,0.251333307958526,0.2598425196850393,0.0804020100502512,0.0040322580645161,"[('DZIP1', 'KEGG:05200'), ('DZIP1', 'KEGG:01521'), ('DZIP1', 'KEGG:04151'), ('DZIP1', 'KEGG:04510'), ('DZIP1', 'KEGG:05215'), ('DZIP1', 'KEGG:04150'), ('DZIP1', 'KEGG:05222'), ('DZIP1', 'KEGG:05214'), ('DZIP1', 'KEGG:04218'), ('DZIP1', 'KEGG:05218'), ('DZIP1', 'KEGG:05224'), ('DZIP1', 'KEGG:04068'), ('DZIP1', 'KEGG:04140'), ('DZIP1', 'KEGG:05225'), ('JCAD', 'KEGG:05200'), ('JCAD', 'KEGG:04151'), ('JCAD', 'KEGG:05222'), ('JCAD', 'KEGG:05214'), ('JCAD', 'KEGG:04218'), ('JCAD', 'KEGG:05218'), ('JCAD', 'KEGG:05224'), ('JCAD', 'KEGG:05225'), ('ZSWIM4', 'KEGG:04144'), ('LRRC8A', 'KEGG:05200'), ('LRRC8A', 'KEGG:01522'), ('LRRC8A', 'KEGG:05224'), ('ERG', 'KEGG:05200'), ('ERG', 'KEGG:01521'), ('ERG', 'KEGG:04010'), ('ERG', 'KEGG:04151'), ('ERG', 'KEGG:04510'), ('ERG', 'KEGG:05205'), ('ERG', 'KEGG:04150'), ('ERG', 'KEGG:04725'), ('ERG', 'KEGG:05214'), ('ERG', 'KEGG:04014'), ('ERG', 'KEGG:04310'), ('ERG', 'KEGG:05161'), ('ERG', 'KEGG:04713'), ('ERG', 'KEGG:04926'), ('ERG', 'KEGG:04012'), ('ERG', 'KEGG:04720'), ('ERG', 'KEGG:05225'), ('KLF12', 'KEGG:04218')]",0.7878787878787878,0.3449881056592501,luminal-b,betweenness_centrality; closeness_centrality; degree_centrality; functional_impact; pathway_reach,5.0
hsa-miR-200c-3p,hsa-miR-200c-3p,MicroRNA,1.0,0,1,0.251333307958526,0.2598425196850393,0.0804020100502512,0.0040322580645161,"[('DZIP1', 'KEGG:05200'), ('DZIP1', 'KEGG:01521'), ('DZIP1', 'KEGG:04151'), ('DZIP1', 'KEGG:04510'), ('DZIP1', 'KEGG:05215'), ('DZIP1', 'KEGG:04150'), ('DZIP1', 'KEGG:05222'), ('DZIP1', 'KEGG:05214'), ('DZIP1', 'KEGG:04218'), ('DZIP1', 'KEGG:05218'), ('DZIP1', 'KEGG:05224'), ('DZIP1', 'KEGG:04068'), ('DZIP1', 'KEGG:04140'), ('DZIP1', 'KEGG:05225'), ('JCAD', 'KEGG:05200'), ('JCAD', 'KEGG:04151'), ('JCAD', 'KEGG:05222'), ('JCAD', 'KEGG:05214'), ('JCAD', 'KEGG:04218'), ('JCAD', 'KEGG:05218'), ('JCAD', 'KEGG:05224'), ('JCAD', 'KEGG:05225'), ('ZSWIM4', 'KEGG:04144'), ('LRRC8A', 'KEGG:05200'), ('LRRC8A', 'KEGG:01522'), ('LRRC8A', 'KEGG:05224'), ('ERG', 'KEGG:05200'), ('ERG', 'KEGG:01521'), ('ERG', 'KEGG:04010'), ('ERG', 'KEGG:04151'), ('ERG', 'KEGG:04510'), ('ERG', 'KEGG:05205'), ('ERG', 'KEGG:04150'), ('ERG', 'KEGG:04725'), ('ERG', 'KEGG:05214'), ('ERG', 'KEGG:04014'), ('ERG', 'KEGG:04310'), ('ERG', 'KEGG:05161'), ('ERG', 'KEGG:04713'), ('ERG', 'KEGG:04926'), ('ERG', 'KEGG:04012'), ('ERG', 'KEGG:04720'), ('ERG', 'KEGG:05225'), ('KLF12', 'KEGG:04218')]",0.7878787878787878,0.3449881056592501,luminal-b,betweenness_centrality; closeness_centrality; degree_centrality; functional_impact; pathway_reach,5.0
hsa-miR-200c-3p,hsa-miR-200c-3p,MicroRNA,1.0,0,1,0.251333307958526,0.2598425196850393,0.0804020100502512,0.0040322580645161,"[('DZIP1', 'KEGG:05200'), ('DZIP1', 'KEGG:01521'), ('DZIP1', 'KEGG:04151'), ('DZIP1', 'KEGG:04510'), ('DZIP1', 'KEGG:05215'), ('DZIP1', 'KEGG:04150'), ('DZIP1', 'KEGG:05222'), ('DZIP1', 'KEGG:05214'), ('DZIP1', 'KEGG:04218'), ('DZIP1', 'KEGG:05218'), ('DZIP1', 'KEGG:05224'), ('DZIP1', 'KEGG:04068'), ('DZIP1', 'KEGG:04140'), ('DZIP1', 'KEGG:05225'), ('JCAD', 'KEGG:05200'), ('JCAD', 'KEGG:04151'), ('JCAD', 'KEGG:05222'), ('JCAD', 'KEGG:05214'), ('JCAD', 'KEGG:04218'), ('JCAD', 'KEGG:05218'), ('JCAD', 'KEGG:05224'), ('JCAD', 'KEGG:05225'), ('ZSWIM4', 'KEGG:04144'), ('LRRC8A', 'KEGG:05200'), ('LRRC8A', 'KEGG:01522'), ('LRRC8A', 'KEGG:05224'), ('ERG', 'KEGG:05200'), ('ERG', 'KEGG:01521'), ('ERG', 'KEGG:04010'), ('ERG', 'KEGG:04151'), ('ERG', 'KEGG:04510'), ('ERG', 'KEGG:05205'), ('ERG', 'KEGG:04150'), ('ERG', 'KEGG:04725'), ('ERG', 'KEGG:05214'), ('ERG', 'KEGG:04014'), ('ERG', 'KEGG:04310'), ('ERG', 'KEGG:05161'), ('ERG', 'KEGG:04713'), ('ERG', 'KEGG:04926'), ('ERG', 'KEGG:04012'), ('ERG', 'KEGG:04720'), ('ERG', 'KEGG:05225'), ('KLF12', 'KEGG:04218')]",0.7878787878787878,0.3449881056592501,luminal-b,betweenness_centrality; closeness_centrality; degree_centrality; functional_impact; pathway_reach,5.0
hsa-miR-200c-3p,hsa-miR-200c-3p,MicroRNA,1.0,0,1,0.251333307958526,0.2598425196850393,0.0804020100502512,0.0040322580645161,"[('DZIP1', 'KEGG:05200'), ('DZIP1', 'KEGG:01521'), ('DZIP1', 'KEGG:04151'), ('DZIP1', 'KEGG:04510'), ('DZIP1', 'KEGG:05215'), ('DZIP1', 'KEGG:04150'), ('DZIP1', 'KEGG:05222'), ('DZIP1', 'KEGG:05214'), ('DZIP1', 'KEGG:04218'), ('DZIP1', 'KEGG:05218'), ('DZIP1', 'KEGG:05224'), ('DZIP1', 'KEGG:04068'), ('DZIP1', 'KEGG:04140'), ('DZIP1', 'KEGG:05225'), ('JCAD', 'KEGG:05200'), ('JCAD', 'KEGG:04151'), ('JCAD', 'KEGG:05222'), ('JCAD', 'KEGG:05214'), ('JCAD', 'KEGG:04218'), ('JCAD', 'KEGG:05218'), ('JCAD', 'KEGG:05224'), ('JCAD', 'KEGG:05225'), ('ZSWIM4', 'KEGG:04144'), ('LRRC8A', 'KEGG:05200'), ('LRRC8A', 'KEGG:01522'), ('LRRC8A', 'KEGG:05224'), ('ERG', 'KEGG:05200'), ('ERG', 'KEGG:01521'), ('ERG', 'KEGG:04010'), ('ERG', 'KEGG:04151'), ('ERG', 'KEGG:04510'), ('ERG', 'KEGG:05205'), ('ERG', 'KEGG:04150'), ('ERG', 'KEGG:04725'), ('ERG', 'KEGG:05214'), ('ERG', 'KEGG:04014'), ('ERG', 'KEGG:04310'), ('ERG', 'KEGG:05161'), ('ERG', 'KEGG:04713'), ('ERG', 'KEGG:04926'), ('ERG', 'KEGG:04012'), ('ERG', 'KEGG:04720'), ('ERG', 'KEGG:05225'), ('KLF12', 'KEGG:04218')]",0.7878787878787878,0.3449881056592501,luminal-b,betweenness_centrality; closeness_centrality; degree_centrality; functional_impact; pathway_reach,5.0
hsa-miR-200c-3p,hsa-miR-200c-3p,MicroRNA,1.0,0,1,0.251333307958526,0.2598425196850393,0.0804020100502512,0.0040322580645161,"[('DZIP1', 'KEGG:05200'), ('DZIP1', 'KEGG:01521'), ('DZIP1', 'KEGG:04151'), ('DZIP1', 'KEGG:04510'), ('DZIP1', 'KEGG:05215'), ('DZIP1', 'KEGG:04150'), ('DZIP1', 'KEGG:05222'), ('DZIP1', 'KEGG:05214'), ('DZIP1', 'KEGG:04218'), ('DZIP1', 'KEGG:05218'), ('DZIP1', 'KEGG:05224'), ('DZIP1', 'KEGG:04068'), ('DZIP1', 'KEGG:04140'), ('DZIP1', 'KEGG:05225'), ('JCAD', 'KEGG:05200'), ('JCAD', 'KEGG:04151'), ('JCAD', 'KEGG:05222'), ('JCAD', 'KEGG:05214'), ('JCAD', 'KEGG:04218'), ('JCAD', 'KEGG:05218'), ('JCAD', 'KEGG:05224'), ('JCAD', 'KEGG:05225'), ('ZSWIM4', 'KEGG:04144'), ('LRRC8A', 'KEGG:05200'), ('LRRC8A', 'KEGG:01522'), ('LRRC8A', 'KEGG:05224'), ('ERG', 'KEGG:05200'), ('ERG', 'KEGG:01521'), ('ERG', 'KEGG:04010'), ('ERG', 'KEGG:04151'), ('ERG', 'KEGG:04510'), ('ERG', 'KEGG:05205'), ('ERG', 'KEGG:04150'), ('ERG', 'KEGG:04725'), ('ERG', 'KEGG:05214'), ('ERG', 'KEGG:04014'), ('ERG', 'KEGG:04310'), ('ERG', 'KEGG:05161'), ('ERG', 'KEGG:04713'), ('ERG', 'KEGG:04926'), ('ERG', 'KEGG:04012'), ('ERG', 'KEGG:04720'), ('ERG', 'KEGG:05225'), ('KLF12', 'KEGG:04218')]",0.7878787878787878,0.3449881056592501,luminal-b,betweenness_centrality; closeness_centrality; degree_centrality; functional_impact; pathway_reach,5.0
hsa-miR-200c-3p,hsa-miR-200c-3p,MicroRNA,1.0,0,1,0.251333307958526,0.2598425196850393,0.0804020100502512,0.0040322580645161,"[('DZIP1', 'KEGG:05200'), ('DZIP1', 'KEGG:01521'), ('DZIP1', 'KEGG:04151'), ('DZIP1', 'KEGG:04510'), ('DZIP1', 'KEGG:05215'), ('DZIP1', 'KEGG:04150'), ('DZIP1', 'KEGG:05222'), ('DZIP1', 'KEGG:05214'), ('DZIP1', 'KEGG:04218'), ('DZIP1', 'KEGG:05218'), ('DZIP1', 'KEGG:05224'), ('DZIP1', 'KEGG:04068'), ('DZIP1', 'KEGG:04140'), ('DZIP1', 'KEGG:05225'), ('JCAD', 'KEGG:05200'), ('JCAD', 'KEGG:04151'), ('JCAD', 'KEGG:05222'), ('JCAD', 'KEGG:05214'), ('JCAD', 'KEGG:04218'), ('JCAD', 'KEGG:05218'), ('JCAD', 'KEGG:05224'), ('JCAD', 'KEGG:05225'), ('ZSWIM4', 'KEGG:04144'), ('LRRC8A', 'KEGG:05200'), ('LRRC8A', 'KEGG:01522'), ('LRRC8A', 'KEGG:05224'), ('ERG', 'KEGG:05200'), ('ERG', 'KEGG:01521'), ('ERG', 'KEGG:04010'), ('ERG', 'KEGG:04151'), ('ERG', 'KEGG:04510'), ('ERG', 'KEGG:05205'), ('ERG', 'KEGG:04150'), ('ERG', 'KEGG:04725'), ('ERG', 'KEGG:05214'), ('ERG', 'KEGG:04014'), ('ERG', 'KEGG:04310'), ('ERG', 'KEGG:05161'), ('ERG', 'KEGG:04713'), ('ERG', 'KEGG:04926'), ('ERG', 'KEGG:04012'), ('ERG', 'KEGG:04720'), ('ERG', 'KEGG:05225'), ('KLF12', 'KEGG:04218')]",0.7878787878787878,0.3449881056592501,luminal-b,betweenness_centrality; closeness_centrality; degree_centrality; functional_impact; pathway_reach,5.0
hsa-miR-200c-3p,hsa-miR-200c-3p,MicroRNA,1.0,0,1,0.251333307958526,0.2598425196850393,0.0804020100502512,0.0040322580645161,"[('DZIP1', 'KEGG:05200'), ('DZIP1', 'KEGG:01521'), ('DZIP1', 'KEGG:04151'), ('DZIP1', 'KEGG:04510'), ('DZIP1', 'KEGG:05215'), ('DZIP1', 'KEGG:04150'), ('DZIP1', 'KEGG:05222'), ('DZIP1', 'KEGG:05214'), ('DZIP1', 'KEGG:04218'), ('DZIP1', 'KEGG:05218'), ('DZIP1', 'KEGG:05224'), ('DZIP1', 'KEGG:04068'), ('DZIP1', 'KEGG:04140'), ('DZIP1', 'KEGG:05225'), ('JCAD', 'KEGG:05200'), ('JCAD', 'KEGG:04151'), ('JCAD', 'KEGG:05222'), ('JCAD', 'KEGG:05214'), ('JCAD', 'KEGG:04218'), ('JCAD', 'KEGG:05218'), ('JCAD', 'KEGG:05224'), ('JCAD', 'KEGG:05225'), ('ZSWIM4', 'KEGG:04144'), ('LRRC8A', 'KEGG:05200'), ('LRRC8A', 'KEGG:01522'), ('LRRC8A', 'KEGG:05224'), ('ERG', 'KEGG:05200'), ('ERG', 'KEGG:01521'), ('ERG', 'KEGG:04010'), ('ERG', 'KEGG:04151'), ('ERG', 'KEGG:04510'), ('ERG', 'KEGG:05205'), ('ERG', 'KEGG:04150'), ('ERG', 'KEGG:04725'), ('ERG', 'KEGG:05214'), ('ERG', 'KEGG:04014'), ('ERG', 'KEGG:04310'), ('ERG', 'KEGG:05161'), ('ERG', 'KEGG:04713'), ('ERG', 'KEGG:04926'), ('ERG', 'KEGG:04012'), ('ERG', 'KEGG:04720'), ('ERG', 'KEGG:05225'), ('KLF12', 'KEGG:04218')]",0.7878787878787878,0.3449881056592501,luminal-b,betweenness_centrality; closeness_centrality; degree_centrality; functional_impact; pathway_reach,5.0
hsa-miR-200c-3p,hsa-miR-200c-3p,MicroRNA,1.0,0,1,0.251333307958526,0.2598425196850393,0.0804020100502512,0.0040322580645161,"[('DZIP1', 'KEGG:05200'), ('DZIP1', 'KEGG:01521'), ('DZIP1', 'KEGG:04151'), ('DZIP1', 'KEGG:04510'), ('DZIP1', 'KEGG:05215'), ('DZIP1', 'KEGG:04150'), ('DZIP1', 'KEGG:05222'), ('DZIP1', 'KEGG:05214'), ('DZIP1', 'KEGG:04218'), ('DZIP1', 'KEGG:05218'), ('DZIP1', 'KEGG:05224'), ('DZIP1', 'KEGG:04068'), ('DZIP1', 'KEGG:04140'), ('DZIP1', 'KEGG:05225'), ('JCAD', 'KEGG:05200'), ('JCAD', 'KEGG:04151'), ('JCAD', 'KEGG:05222'), ('JCAD', 'KEGG:05214'), ('JCAD', 'KEGG:04218'), ('JCAD', 'KEGG:05218'), ('JCAD', 'KEGG:05224'), ('JCAD', 'KEGG:05225'), ('ZSWIM4', 'KEGG:04144'), ('LRRC8A', 'KEGG:05200'), ('LRRC8A', 'KEGG:01522'), ('LRRC8A', 'KEGG:05224'), ('ERG', 'KEGG:05200'), ('ERG', 'KEGG:01521'), ('ERG', 'KEGG:04010'), ('ERG', 'KEGG:04151'), ('ERG', 'KEGG:04510'), ('ERG', 'KEGG:05205'), ('ERG', 'KEGG:04150'), ('ERG', 'KEGG:04725'), ('ERG', 'KEGG:05214'), ('ERG', 'KEGG:04014'), ('ERG', 'KEGG:04310'), ('ERG', 'KEGG:05161'), ('ERG', 'KEGG:04713'), ('ERG', 'KEGG:04926'), ('ERG', 'KEGG:04012'), ('ERG', 'KEGG:04720'), ('ERG', 'KEGG:05225'), ('KLF12', 'KEGG:04218')]",0.7878787878787878,0.3449881056592501,luminal-b,betweenness_centrality; closeness_centrality; degree_centrality; functional_impact; pathway_reach,5.0
hsa-miR-200c-3p,hsa-miR-200c-3p,MicroRNA,1.0,0,1,0.251333307958526,0.2598425196850393,0.0804020100502512,0.0040322580645161,"[('DZIP1', 'KEGG:05200'), ('DZIP1', 'KEGG:01521'), ('DZIP1', 'KEGG:04151'), ('DZIP1', 'KEGG:04510'), ('DZIP1', 'KEGG:05215'), ('DZIP1', 'KEGG:04150'), ('DZIP1', 'KEGG:05222'), ('DZIP1', 'KEGG:05214'), ('DZIP1', 'KEGG:04218'), ('DZIP1', 'KEGG:05218'), ('DZIP1', 'KEGG:05224'), ('DZIP1', 'KEGG:04068'), ('DZIP1', 'KEGG:04140'), ('DZIP1', 'KEGG:05225'), ('JCAD', 'KEGG:05200'), ('JCAD', 'KEGG:04151'), ('JCAD', 'KEGG:05222'), ('JCAD', 'KEGG:05214'), ('JCAD', 'KEGG:04218'), ('JCAD', 'KEGG:05218'), ('JCAD', 'KEGG:05224'), ('JCAD', 'KEGG:05225'), ('ZSWIM4', 'KEGG:04144'), ('LRRC8A', 'KEGG:05200'), ('LRRC8A', 'KEGG:01522'), ('LRRC8A', 'KEGG:05224'), ('ERG', 'KEGG:05200'), ('ERG', 'KEGG:01521'), ('ERG', 'KEGG:04010'), ('ERG', 'KEGG:04151'), ('ERG', 'KEGG:04510'), ('ERG', 'KEGG:05205'), ('ERG', 'KEGG:04150'), ('ERG', 'KEGG:04725'), ('ERG', 'KEGG:05214'), ('ERG', 'KEGG:04014'), ('ERG', 'KEGG:04310'), ('ERG', 'KEGG:05161'), ('ERG', 'KEGG:04713'), ('ERG', 'KEGG:04926'), ('ERG', 'KEGG:04012'), ('ERG', 'KEGG:04720'), ('ERG', 'KEGG:05225'), ('KLF12', 'KEGG:04218')]",0.7878787878787878,0.3449881056592501,luminal-b,betweenness_centrality; closeness_centrality; degree_centrality; functional_impact; pathway_reach,5.0
hsa-miR-200c-3p,hsa-miR-200c-3p,MicroRNA,1.0,0,1,0.251333307958526,0.2598425196850393,0.0804020100502512,0.0040322580645161,"[('DZIP1', 'KEGG:05200'), ('DZIP1', 'KEGG:01521'), ('DZIP1', 'KEGG:04151'), ('DZIP1', 'KEGG:04510'), ('DZIP1', 'KEGG:05215'), ('DZIP1', 'KEGG:04150'), ('DZIP1', 'KEGG:05222'), ('DZIP1', 'KEGG:05214'), ('DZIP1', 'KEGG:04218'), ('DZIP1', 'KEGG:05218'), ('DZIP1', 'KEGG:05224'), ('DZIP1', 'KEGG:04068'), ('DZIP1', 'KEGG:04140'), ('DZIP1', 'KEGG:05225'), ('JCAD', 'KEGG:05200'), ('JCAD', 'KEGG:04151'), ('JCAD', 'KEGG:05222'), ('JCAD', 'KEGG:05214'), ('JCAD', 'KEGG:04218'), ('JCAD', 'KEGG:05218'), ('JCAD', 'KEGG:05224'), ('JCAD', 'KEGG:05225'), ('ZSWIM4', 'KEGG:04144'), ('LRRC8A', 'KEGG:05200'), ('LRRC8A', 'KEGG:01522'), ('LRRC8A', 'KEGG:05224'), ('ERG', 'KEGG:05200'), ('ERG', 'KEGG:01521'), ('ERG', 'KEGG:04010'), ('ERG', 'KEGG:04151'), ('ERG', 'KEGG:04510'), ('ERG', 'KEGG:05205'), ('ERG', 'KEGG:04150'), ('ERG', 'KEGG:04725'), ('ERG', 'KEGG:05214'), ('ERG', 'KEGG:04014'), ('ERG', 'KEGG:04310'), ('ERG', 'KEGG:05161'), ('ERG', 'KEGG:04713'), ('ERG', 'KEGG:04926'), ('ERG', 'KEGG:04012'), ('ERG', 'KEGG:04720'), ('ERG', 'KEGG:05225'), ('KLF12', 'KEGG:04218')]",0.7878787878787878,0.3449881056592501,luminal-b,betweenness_centrality; closeness_centrality; degree_centrality; functional_impact; pathway_reach,5.0
hsa-miR-200c-3p,hsa-miR-200c-3p,MicroRNA,1.0,0,1,0.251333307958526,0.2598425196850393,0.0804020100502512,0.0040322580645161,"[('DZIP1', 'KEGG:05200'), ('DZIP1', 'KEGG:01521'), ('DZIP1', 'KEGG:04151'), ('DZIP1', 'KEGG:04510'), ('DZIP1', 'KEGG:05215'), ('DZIP1', 'KEGG:04150'), ('DZIP1', 'KEGG:05222'), ('DZIP1', 'KEGG:05214'), ('DZIP1', 'KEGG:04218'), ('DZIP1', 'KEGG:05218'), ('DZIP1', 'KEGG:05224'), ('DZIP1', 'KEGG:04068'), ('DZIP1', 'KEGG:04140'), ('DZIP1', 'KEGG:05225'), ('JCAD', 'KEGG:05200'), ('JCAD', 'KEGG:04151'), ('JCAD', 'KEGG:05222'), ('JCAD', 'KEGG:05214'), ('JCAD', 'KEGG:04218'), ('JCAD', 'KEGG:05218'), ('JCAD', 'KEGG:05224'), ('JCAD', 'KEGG:05225'), ('ZSWIM4', 'KEGG:04144'), ('LRRC8A', 'KEGG:05200'), ('LRRC8A', 'KEGG:01522'), ('LRRC8A', 'KEGG:05224'), ('ERG', 'KEGG:05200'), ('ERG', 'KEGG:01521'), ('ERG', 'KEGG:04010'), ('ERG', 'KEGG:04151'), ('ERG', 'KEGG:04510'), ('ERG', 'KEGG:05205'), ('ERG', 'KEGG:04150'), ('ERG', 'KEGG:04725'), ('ERG', 'KEGG:05214'), ('ERG', 'KEGG:04014'), ('ERG', 'KEGG:04310'), ('ERG', 'KEGG:05161'), ('ERG', 'KEGG:04713'), ('ERG', 'KEGG:04926'), ('ERG', 'KEGG:04012'), ('ERG', 'KEGG:04720'), ('ERG', 'KEGG:05225'), ('KLF12', 'KEGG:04218')]",0.7878787878787878,0.3449881056592501,luminal-b,betweenness_centrality; closeness_centrality; degree_centrality; functional_impact; pathway_reach,5.0
hsa-miR-200c-3p,hsa-miR-200c-3p,MicroRNA,1.0,0,1,0.251333307958526,0.2598425196850393,0.0804020100502512,0.0040322580645161,"[('DZIP1', 'KEGG:05200'), ('DZIP1', 'KEGG:01521'), ('DZIP1', 'KEGG:04151'), ('DZIP1', 'KEGG:04510'), ('DZIP1', 'KEGG:05215'), ('DZIP1', 'KEGG:04150'), ('DZIP1', 'KEGG:05222'), ('DZIP1', 'KEGG:05214'), ('DZIP1', 'KEGG:04218'), ('DZIP1', 'KEGG:05218'), ('DZIP1', 'KEGG:05224'), ('DZIP1', 'KEGG:04068'), ('DZIP1', 'KEGG:04140'), ('DZIP1', 'KEGG:05225'), ('JCAD', 'KEGG:05200'), ('JCAD', 'KEGG:04151'), ('JCAD', 'KEGG:05222'), ('JCAD', 'KEGG:05214'), ('JCAD', 'KEGG:04218'), ('JCAD', 'KEGG:05218'), ('JCAD', 'KEGG:05224'), ('JCAD', 'KEGG:05225'), ('ZSWIM4', 'KEGG:04144'), ('LRRC8A', 'KEGG:05200'), ('LRRC8A', 'KEGG:01522'), ('LRRC8A', 'KEGG:05224'), ('ERG', 'KEGG:05200'), ('ERG', 'KEGG:01521'), ('ERG', 'KEGG:04010'), ('ERG', 'KEGG:04151'), ('ERG', 'KEGG:04510'), ('ERG', 'KEGG:05205'), ('ERG', 'KEGG:04150'), ('ERG', 'KEGG:04725'), ('ERG', 'KEGG:05214'), ('ERG', 'KEGG:04014'), ('ERG', 'KEGG:04310'), ('ERG', 'KEGG:05161'), ('ERG', 'KEGG:04713'), ('ERG', 'KEGG:04926'), ('ERG', 'KEGG:04012'), ('ERG', 'KEGG:04720'), ('ERG', 'KEGG:05225'), ('KLF12', 'KEGG:04218')]",0.7878787878787878,0.3449881056592501,luminal-b,betweenness_centrality; closeness_centrality; degree_centrality; functional_impact; pathway_reach,5.0
hsa-miR-200c-3p,hsa-miR-200c-3p,MicroRNA,1.0,0,1,0.251333307958526,0.2598425196850393,0.0804020100502512,0.0040322580645161,"[('DZIP1', 'KEGG:05200'), ('DZIP1', 'KEGG:01521'), ('DZIP1', 'KEGG:04151'), ('DZIP1', 'KEGG:04510'), ('DZIP1', 'KEGG:05215'), ('DZIP1', 'KEGG:04150'), ('DZIP1', 'KEGG:05222'), ('DZIP1', 'KEGG:05214'), ('DZIP1', 'KEGG:04218'), ('DZIP1', 'KEGG:05218'), ('DZIP1', 'KEGG:05224'), ('DZIP1', 'KEGG:04068'), ('DZIP1', 'KEGG:04140'), ('DZIP1', 'KEGG:05225'), ('JCAD', 'KEGG:05200'), ('JCAD', 'KEGG:04151'), ('JCAD', 'KEGG:05222'), ('JCAD', 'KEGG:05214'), ('JCAD', 'KEGG:04218'), ('JCAD', 'KEGG:05218'), ('JCAD', 'KEGG:05224'), ('JCAD', 'KEGG:05225'), ('ZSWIM4', 'KEGG:04144'), ('LRRC8A', 'KEGG:05200'), ('LRRC8A', 'KEGG:01522'), ('LRRC8A', 'KEGG:05224'), ('ERG', 'KEGG:05200'), ('ERG', 'KEGG:01521'), ('ERG', 'KEGG:04010'), ('ERG', 'KEGG:04151'), ('ERG', 'KEGG:04510'), ('ERG', 'KEGG:05205'), ('ERG', 'KEGG:04150'), ('ERG', 'KEGG:04725'), ('ERG', 'KEGG:05214'), ('ERG', 'KEGG:04014'), ('ERG', 'KEGG:04310'), ('ERG', 'KEGG:05161'), ('ERG', 'KEGG:04713'), ('ERG', 'KEGG:04926'), ('ERG', 'KEGG:04012'), ('ERG', 'KEGG:04720'), ('ERG', 'KEGG:05225'), ('KLF12', 'KEGG:04218')]",0.7878787878787878,0.3449881056592501,luminal-b,betweenness_centrality; closeness_centrality; degree_centrality; functional_impact; pathway_reach,5.0
hsa-miR-200c-3p,hsa-miR-200c-3p,MicroRNA,1.0,0,1,0.251333307958526,0.2598425196850393,0.0804020100502512,0.0040322580645161,"[('DZIP1', 'KEGG:05200'), ('DZIP1', 'KEGG:01521'), ('DZIP1', 'KEGG:04151'), ('DZIP1', 'KEGG:04510'), ('DZIP1', 'KEGG:05215'), ('DZIP1', 'KEGG:04150'), ('DZIP1', 'KEGG:05222'), ('DZIP1', 'KEGG:05214'), ('DZIP1', 'KEGG:04218'), ('DZIP1', 'KEGG:05218'), ('DZIP1', 'KEGG:05224'), ('DZIP1', 'KEGG:04068'), ('DZIP1', 'KEGG:04140'), ('DZIP1', 'KEGG:05225'), ('JCAD', 'KEGG:05200'), ('JCAD', 'KEGG:04151'), ('JCAD', 'KEGG:05222'), ('JCAD', 'KEGG:05214'), ('JCAD', 'KEGG:04218'), ('JCAD', 'KEGG:05218'), ('JCAD', 'KEGG:05224'), ('JCAD', 'KEGG:05225'), ('ZSWIM4', 'KEGG:04144'), ('LRRC8A', 'KEGG:05200'), ('LRRC8A', 'KEGG:01522'), ('LRRC8A', 'KEGG:05224'), ('ERG', 'KEGG:05200'), ('ERG', 'KEGG:01521'), ('ERG', 'KEGG:04010'), ('ERG', 'KEGG:04151'), ('ERG', 'KEGG:04510'), ('ERG', 'KEGG:05205'), ('ERG', 'KEGG:04150'), ('ERG', 'KEGG:04725'), ('ERG', 'KEGG:05214'), ('ERG', 'KEGG:04014'), ('ERG', 'KEGG:04310'), ('ERG', 'KEGG:05161'), ('ERG', 'KEGG:04713'), ('ERG', 'KEGG:04926'), ('ERG', 'KEGG:04012'), ('ERG', 'KEGG:04720'), ('ERG', 'KEGG:05225'), ('KLF12', 'KEGG:04218')]",0.7878787878787878,0.3449881056592501,luminal-b,betweenness_centrality; closeness_centrality; degree_centrality; functional_impact; pathway_reach,5.0
hsa-miR-200c-3p,hsa-miR-200c-3p,MicroRNA,1.0,0,1,0.251333307958526,0.2598425196850393,0.0804020100502512,0.0040322580645161,"[('DZIP1', 'KEGG:05200'), ('DZIP1', 'KEGG:01521'), ('DZIP1', 'KEGG:04151'), ('DZIP1', 'KEGG:04510'), ('DZIP1', 'KEGG:05215'), ('DZIP1', 'KEGG:04150'), ('DZIP1', 'KEGG:05222'), ('DZIP1', 'KEGG:05214'), ('DZIP1', 'KEGG:04218'), ('DZIP1', 'KEGG:05218'), ('DZIP1', 'KEGG:05224'), ('DZIP1', 'KEGG:04068'), ('DZIP1', 'KEGG:04140'), ('DZIP1', 'KEGG:05225'), ('JCAD', 'KEGG:05200'), ('JCAD', 'KEGG:04151'), ('JCAD', 'KEGG:05222'), ('JCAD', 'KEGG:05214'), ('JCAD', 'KEGG:04218'), ('JCAD', 'KEGG:05218'), ('JCAD', 'KEGG:05224'), ('JCAD', 'KEGG:05225'), ('ZSWIM4', 'KEGG:04144'), ('LRRC8A', 'KEGG:05200'), ('LRRC8A', 'KEGG:01522'), ('LRRC8A', 'KEGG:05224'), ('ERG', 'KEGG:05200'), ('ERG', 'KEGG:01521'), ('ERG', 'KEGG:04010'), ('ERG', 'KEGG:04151'), ('ERG', 'KEGG:04510'), ('ERG', 'KEGG:05205'), ('ERG', 'KEGG:04150'), ('ERG', 'KEGG:04725'), ('ERG', 'KEGG:05214'), ('ERG', 'KEGG:04014'), ('ERG', 'KEGG:04310'), ('ERG', 'KEGG:05161'), ('ERG', 'KEGG:04713'), ('ERG', 'KEGG:04926'), ('ERG', 'KEGG:04012'), ('ERG', 'KEGG:04720'), ('ERG', 'KEGG:05225'), ('KLF12', 'KEGG:04218')]",0.7878787878787878,0.3449881056592501,luminal-b,betweenness_centrality; closeness_centrality; degree_centrality; functional_impact; pathway_reach,5.0
hsa-miR-200c-3p,hsa-miR-200c-3p,MicroRNA,1.0,0,1,0.251333307958526,0.2598425196850393,0.0804020100502512,0.0040322580645161,"[('DZIP1', 'KEGG:05200'), ('DZIP1', 'KEGG:01521'), ('DZIP1', 'KEGG:04151'), ('DZIP1', 'KEGG:04510'), ('DZIP1', 'KEGG:05215'), ('DZIP1', 'KEGG:04150'), ('DZIP1', 'KEGG:05222'), ('DZIP1', 'KEGG:05214'), ('DZIP1', 'KEGG:04218'), ('DZIP1', 'KEGG:05218'), ('DZIP1', 'KEGG:05224'), ('DZIP1', 'KEGG:04068'), ('DZIP1', 'KEGG:04140'), ('DZIP1', 'KEGG:05225'), ('JCAD', 'KEGG:05200'), ('JCAD', 'KEGG:04151'), ('JCAD', 'KEGG:05222'), ('JCAD', 'KEGG:05214'), ('JCAD', 'KEGG:04218'), ('JCAD', 'KEGG:05218'), ('JCAD', 'KEGG:05224'), ('JCAD', 'KEGG:05225'), ('ZSWIM4', 'KEGG:04144'), ('LRRC8A', 'KEGG:05200'), ('LRRC8A', 'KEGG:01522'), ('LRRC8A', 'KEGG:05224'), ('ERG', 'KEGG:05200'), ('ERG', 'KEGG:01521'), ('ERG', 'KEGG:04010'), ('ERG', 'KEGG:04151'), ('ERG', 'KEGG:04510'), ('ERG', 'KEGG:05205'), ('ERG', 'KEGG:04150'), ('ERG', 'KEGG:04725'), ('ERG', 'KEGG:05214'), ('ERG', 'KEGG:04014'), ('ERG', 'KEGG:04310'), ('ERG', 'KEGG:05161'), ('ERG', 'KEGG:04713'), ('ERG', 'KEGG:04926'), ('ERG', 'KEGG:04012'), ('ERG', 'KEGG:04720'), ('ERG', 'KEGG:05225'), ('KLF12', 'KEGG:04218')]",0.7878787878787878,0.3449881056592501,luminal-b,betweenness_centrality; closeness_centrality; degree_centrality; functional_impact; pathway_reach,5.0
hsa-miR-200c-3p,hsa-miR-200c-3p,MicroRNA,1.0,0,1,0.251333307958526,0.2598425196850393,0.0804020100502512,0.0040322580645161,"[('DZIP1', 'KEGG:05200'), ('DZIP1', 'KEGG:01521'), ('DZIP1', 'KEGG:04151'), ('DZIP1', 'KEGG:04510'), ('DZIP1', 'KEGG:05215'), ('DZIP1', 'KEGG:04150'), ('DZIP1', 'KEGG:05222'), ('DZIP1', 'KEGG:05214'), ('DZIP1', 'KEGG:04218'), ('DZIP1', 'KEGG:05218'), ('DZIP1', 'KEGG:05224'), ('DZIP1', 'KEGG:04068'), ('DZIP1', 'KEGG:04140'), ('DZIP1', 'KEGG:05225'), ('JCAD', 'KEGG:05200'), ('JCAD', 'KEGG:04151'), ('JCAD', 'KEGG:05222'), ('JCAD', 'KEGG:05214'), ('JCAD', 'KEGG:04218'), ('JCAD', 'KEGG:05218'), ('JCAD', 'KEGG:05224'), ('JCAD', 'KEGG:05225'), ('ZSWIM4', 'KEGG:04144'), ('LRRC8A', 'KEGG:05200'), ('LRRC8A', 'KEGG:01522'), ('LRRC8A', 'KEGG:05224'), ('ERG', 'KEGG:05200'), ('ERG', 'KEGG:01521'), ('ERG', 'KEGG:04010'), ('ERG', 'KEGG:04151'), ('ERG', 'KEGG:04510'), ('ERG', 'KEGG:05205'), ('ERG', 'KEGG:04150'), ('ERG', 'KEGG:04725'), ('ERG', 'KEGG:05214'), ('ERG', 'KEGG:04014'), ('ERG', 'KEGG:04310'), ('ERG', 'KEGG:05161'), ('ERG', 'KEGG:04713'), ('ERG', 'KEGG:04926'), ('ERG', 'KEGG:04012'), ('ERG', 'KEGG:04720'), ('ERG', 'KEGG:05225'), ('KLF12', 'KEGG:04218')]",0.7878787878787878,0.3449881056592501,luminal-b,betweenness_centrality; closeness_centrality; degree_centrality; functional_impact; pathway_reach,5.0
hsa-miR-200c-3p,hsa-miR-200c-3p,MicroRNA,1.0,0,1,0.251333307958526,0.2598425196850393,0.0804020100502512,0.0040322580645161,"[('DZIP1', 'KEGG:05200'), ('DZIP1', 'KEGG:01521'), ('DZIP1', 'KEGG:04151'), ('DZIP1', 'KEGG:04510'), ('DZIP1', 'KEGG:05215'), ('DZIP1', 'KEGG:04150'), ('DZIP1', 'KEGG:05222'), ('DZIP1', 'KEGG:05214'), ('DZIP1', 'KEGG:04218'), ('DZIP1', 'KEGG:05218'), ('DZIP1', 'KEGG:05224'), ('DZIP1', 'KEGG:04068'), ('DZIP1', 'KEGG:04140'), ('DZIP1', 'KEGG:05225'), ('JCAD', 'KEGG:05200'), ('JCAD', 'KEGG:04151'), ('JCAD', 'KEGG:05222'), ('JCAD', 'KEGG:05214'), ('JCAD', 'KEGG:04218'), ('JCAD', 'KEGG:05218'), ('JCAD', 'KEGG:05224'), ('JCAD', 'KEGG:05225'), ('ZSWIM4', 'KEGG:04144'), ('LRRC8A', 'KEGG:05200'), ('LRRC8A', 'KEGG:01522'), ('LRRC8A', 'KEGG:05224'), ('ERG', 'KEGG:05200'), ('ERG', 'KEGG:01521'), ('ERG', 'KEGG:04010'), ('ERG', 'KEGG:04151'), ('ERG', 'KEGG:04510'), ('ERG', 'KEGG:05205'), ('ERG', 'KEGG:04150'), ('ERG', 'KEGG:04725'), ('ERG', 'KEGG:05214'), ('ERG', 'KEGG:04014'), ('ERG', 'KEGG:04310'), ('ERG', 'KEGG:05161'), ('ERG', 'KEGG:04713'), ('ERG', 'KEGG:04926'), ('ERG', 'KEGG:04012'), ('ERG', 'KEGG:04720'), ('ERG', 'KEGG:05225'), ('KLF12', 'KEGG:04218')]",0.7878787878787878,0.3449881056592501,luminal-b,betweenness_centrality; closeness_centrality; degree_centrality; functional_impact; pathway_reach,5.0
hsa-miR-200c-3p,hsa-miR-200c-3p,MicroRNA,1.0,0,1,0.251333307958526,0.2598425196850393,0.0804020100502512,0.0040322580645161,"[('DZIP1', 'KEGG:05200'), ('DZIP1', 'KEGG:01521'), ('DZIP1', 'KEGG:04151'), ('DZIP1', 'KEGG:04510'), ('DZIP1', 'KEGG:05215'), ('DZIP1', 'KEGG:04150'), ('DZIP1', 'KEGG:05222'), ('DZIP1', 'KEGG:05214'), ('DZIP1', 'KEGG:04218'), ('DZIP1', 'KEGG:05218'), ('DZIP1', 'KEGG:05224'), ('DZIP1', 'KEGG:04068'), ('DZIP1', 'KEGG:04140'), ('DZIP1', 'KEGG:05225'), ('JCAD', 'KEGG:05200'), ('JCAD', 'KEGG:04151'), ('JCAD', 'KEGG:05222'), ('JCAD', 'KEGG:05214'), ('JCAD', 'KEGG:04218'), ('JCAD', 'KEGG:05218'), ('JCAD', 'KEGG:05224'), ('JCAD', 'KEGG:05225'), ('ZSWIM4', 'KEGG:04144'), ('LRRC8A', 'KEGG:05200'), ('LRRC8A', 'KEGG:01522'), ('LRRC8A', 'KEGG:05224'), ('ERG', 'KEGG:05200'), ('ERG', 'KEGG:01521'), ('ERG', 'KEGG:04010'), ('ERG', 'KEGG:04151'), ('ERG', 'KEGG:04510'), ('ERG', 'KEGG:05205'), ('ERG', 'KEGG:04150'), ('ERG', 'KEGG:04725'), ('ERG', 'KEGG:05214'), ('ERG', 'KEGG:04014'), ('ERG', 'KEGG:04310'), ('ERG', 'KEGG:05161'), ('ERG', 'KEGG:04713'), ('ERG', 'KEGG:04926'), ('ERG', 'KEGG:04012'), ('ERG', 'KEGG:04720'), ('ERG', 'KEGG:05225'), ('KLF12', 'KEGG:04218')]",0.7878787878787878,0.3449881056592501,luminal-b,betweenness_centrality; closeness_centrality; degree_centrality; functional_impact; pathway_reach,5.0
hsa-miR-200c-3p,hsa-miR-200c-3p,MicroRNA,1.0,0,1,0.251333307958526,0.2598425196850393,0.0804020100502512,0.0040322580645161,"[('DZIP1', 'KEGG:05200'), ('DZIP1', 'KEGG:01521'), ('DZIP1', 'KEGG:04151'), ('DZIP1', 'KEGG:04510'), ('DZIP1', 'KEGG:05215'), ('DZIP1', 'KEGG:04150'), ('DZIP1', 'KEGG:05222'), ('DZIP1', 'KEGG:05214'), ('DZIP1', 'KEGG:04218'), ('DZIP1', 'KEGG:05218'), ('DZIP1', 'KEGG:05224'), ('DZIP1', 'KEGG:04068'), ('DZIP1', 'KEGG:04140'), ('DZIP1', 'KEGG:05225'), ('JCAD', 'KEGG:05200'), ('JCAD', 'KEGG:04151'), ('JCAD', 'KEGG:05222'), ('JCAD', 'KEGG:05214'), ('JCAD', 'KEGG:04218'), ('JCAD', 'KEGG:05218'), ('JCAD', 'KEGG:05224'), ('JCAD', 'KEGG:05225'), ('ZSWIM4', 'KEGG:04144'), ('LRRC8A', 'KEGG:05200'), ('LRRC8A', 'KEGG:01522'), ('LRRC8A', 'KEGG:05224'), ('ERG', 'KEGG:05200'), ('ERG', 'KEGG:01521'), ('ERG', 'KEGG:04010'), ('ERG', 'KEGG:04151'), ('ERG', 'KEGG:04510'), ('ERG', 'KEGG:05205'), ('ERG', 'KEGG:04150'), ('ERG', 'KEGG:04725'), ('ERG', 'KEGG:05214'), ('ERG', 'KEGG:04014'), ('ERG', 'KEGG:04310'), ('ERG', 'KEGG:05161'), ('ERG', 'KEGG:04713'), ('ERG', 'KEGG:04926'), ('ERG', 'KEGG:04012'), ('ERG', 'KEGG:04720'), ('ERG', 'KEGG:05225'), ('KLF12', 'KEGG:04218')]",0.7878787878787878,0.3449881056592501,luminal-b,betweenness_centrality; closeness_centrality; degree_centrality; functional_impact; pathway_reach,5.0
hsa-miR-200c-3p,hsa-miR-200c-3p,MicroRNA,1.0,0,1,0.251333307958526,0.2598425196850393,0.0804020100502512,0.0040322580645161,"[('DZIP1', 'KEGG:05200'), ('DZIP1', 'KEGG:01521'), ('DZIP1', 'KEGG:04151'), ('DZIP1', 'KEGG:04510'), ('DZIP1', 'KEGG:05215'), ('DZIP1', 'KEGG:04150'), ('DZIP1', 'KEGG:05222'), ('DZIP1', 'KEGG:05214'), ('DZIP1', 'KEGG:04218'), ('DZIP1', 'KEGG:05218'), ('DZIP1', 'KEGG:05224'), ('DZIP1', 'KEGG:04068'), ('DZIP1', 'KEGG:04140'), ('DZIP1', 'KEGG:05225'), ('JCAD', 'KEGG:05200'), ('JCAD', 'KEGG:04151'), ('JCAD', 'KEGG:05222'), ('JCAD', 'KEGG:05214'), ('JCAD', 'KEGG:04218'), ('JCAD', 'KEGG:05218'), ('JCAD', 'KEGG:05224'), ('JCAD', 'KEGG:05225'), ('ZSWIM4', 'KEGG:04144'), ('LRRC8A', 'KEGG:05200'), ('LRRC8A', 'KEGG:01522'), ('LRRC8A', 'KEGG:05224'), ('ERG', 'KEGG:05200'), ('ERG', 'KEGG:01521'), ('ERG', 'KEGG:04010'), ('ERG', 'KEGG:04151'), ('ERG', 'KEGG:04510'), ('ERG', 'KEGG:05205'), ('ERG', 'KEGG:04150'), ('ERG', 'KEGG:04725'), ('ERG', 'KEGG:05214'), ('ERG', 'KEGG:04014'), ('ERG', 'KEGG:04310'), ('ERG', 'KEGG:05161'), ('ERG', 'KEGG:04713'), ('ERG', 'KEGG:04926'), ('ERG', 'KEGG:04012'), ('ERG', 'KEGG:04720'), ('ERG', 'KEGG:05225'), ('KLF12', 'KEGG:04218')]",0.7878787878787878,0.3449881056592501,luminal-b,betweenness_centrality; closeness_centrality; degree_centrality; functional_impact; pathway_reach,5.0
hsa-miR-200c-3p,hsa-miR-200c-3p,MicroRNA,1.0,0,1,0.251333307958526,0.2598425196850393,0.0804020100502512,0.0040322580645161,"[('DZIP1', 'KEGG:05200'), ('DZIP1', 'KEGG:01521'), ('DZIP1', 'KEGG:04151'), ('DZIP1', 'KEGG:04510'), ('DZIP1', 'KEGG:05215'), ('DZIP1', 'KEGG:04150'), ('DZIP1', 'KEGG:05222'), ('DZIP1', 'KEGG:05214'), ('DZIP1', 'KEGG:04218'), ('DZIP1', 'KEGG:05218'), ('DZIP1', 'KEGG:05224'), ('DZIP1', 'KEGG:04068'), ('DZIP1', 'KEGG:04140'), ('DZIP1', 'KEGG:05225'), ('JCAD', 'KEGG:05200'), ('JCAD', 'KEGG:04151'), ('JCAD', 'KEGG:05222'), ('JCAD', 'KEGG:05214'), ('JCAD', 'KEGG:04218'), ('JCAD', 'KEGG:05218'), ('JCAD', 'KEGG:05224'), ('JCAD', 'KEGG:05225'), ('ZSWIM4', 'KEGG:04144'), ('LRRC8A', 'KEGG:05200'), ('LRRC8A', 'KEGG:01522'), ('LRRC8A', 'KEGG:05224'), ('ERG', 'KEGG:05200'), ('ERG', 'KEGG:01521'), ('ERG', 'KEGG:04010'), ('ERG', 'KEGG:04151'), ('ERG', 'KEGG:04510'), ('ERG', 'KEGG:05205'), ('ERG', 'KEGG:04150'), ('ERG', 'KEGG:04725'), ('ERG', 'KEGG:05214'), ('ERG', 'KEGG:04014'), ('ERG', 'KEGG:04310'), ('ERG', 'KEGG:05161'), ('ERG', 'KEGG:04713'), ('ERG', 'KEGG:04926'), ('ERG', 'KEGG:04012'), ('ERG', 'KEGG:04720'), ('ERG', 'KEGG:05225'), ('KLF12', 'KEGG:04218')]",0.7878787878787878,0.3449881056592501,luminal-b,betweenness_centrality; closeness_centrality; degree_centrality; functional_impact; pathway_reach,5.0
hsa-miR-200c-3p,hsa-miR-200c-3p,MicroRNA,1.0,0,1,0.251333307958526,0.2598425196850393,0.0804020100502512,0.0040322580645161,"[('DZIP1', 'KEGG:05200'), ('DZIP1', 'KEGG:01521'), ('DZIP1', 'KEGG:04151'), ('DZIP1', 'KEGG:04510'), ('DZIP1', 'KEGG:05215'), ('DZIP1', 'KEGG:04150'), ('DZIP1', 'KEGG:05222'), ('DZIP1', 'KEGG:05214'), ('DZIP1', 'KEGG:04218'), ('DZIP1', 'KEGG:05218'), ('DZIP1', 'KEGG:05224'), ('DZIP1', 'KEGG:04068'), ('DZIP1', 'KEGG:04140'), ('DZIP1', 'KEGG:05225'), ('JCAD', 'KEGG:05200'), ('JCAD', 'KEGG:04151'), ('JCAD', 'KEGG:05222'), ('JCAD', 'KEGG:05214'), ('JCAD', 'KEGG:04218'), ('JCAD', 'KEGG:05218'), ('JCAD', 'KEGG:05224'), ('JCAD', 'KEGG:05225'), ('ZSWIM4', 'KEGG:04144'), ('LRRC8A', 'KEGG:05200'), ('LRRC8A', 'KEGG:01522'), ('LRRC8A', 'KEGG:05224'), ('ERG', 'KEGG:05200'), ('ERG', 'KEGG:01521'), ('ERG', 'KEGG:04010'), ('ERG', 'KEGG:04151'), ('ERG', 'KEGG:04510'), ('ERG', 'KEGG:05205'), ('ERG', 'KEGG:04150'), ('ERG', 'KEGG:04725'), ('ERG', 'KEGG:05214'), ('ERG', 'KEGG:04014'), ('ERG', 'KEGG:04310'), ('ERG', 'KEGG:05161'), ('ERG', 'KEGG:04713'), ('ERG', 'KEGG:04926'), ('ERG', 'KEGG:04012'), ('ERG', 'KEGG:04720'), ('ERG', 'KEGG:05225'), ('KLF12', 'KEGG:04218')]",0.7878787878787878,0.3449881056592501,luminal-b,betweenness_centrality; closeness_centrality; degree_centrality; functional_impact; pathway_reach,5.0
hsa-miR-200c-3p,hsa-miR-200c-3p,MicroRNA,1.0,0,1,0.251333307958526,0.2598425196850393,0.0804020100502512,0.0040322580645161,"[('DZIP1', 'KEGG:05200'), ('DZIP1', 'KEGG:01521'), ('DZIP1', 'KEGG:04151'), ('DZIP1', 'KEGG:04510'), ('DZIP1', 'KEGG:05215'), ('DZIP1', 'KEGG:04150'), ('DZIP1', 'KEGG:05222'), ('DZIP1', 'KEGG:05214'), ('DZIP1', 'KEGG:04218'), ('DZIP1', 'KEGG:05218'), ('DZIP1', 'KEGG:05224'), ('DZIP1', 'KEGG:04068'), ('DZIP1', 'KEGG:04140'), ('DZIP1', 'KEGG:05225'), ('JCAD', 'KEGG:05200'), ('JCAD', 'KEGG:04151'), ('JCAD', 'KEGG:05222'), ('JCAD', 'KEGG:05214'), ('JCAD', 'KEGG:04218'), ('JCAD', 'KEGG:05218'), ('JCAD', 'KEGG:05224'), ('JCAD', 'KEGG:05225'), ('ZSWIM4', 'KEGG:04144'), ('LRRC8A', 'KEGG:05200'), ('LRRC8A', 'KEGG:01522'), ('LRRC8A', 'KEGG:05224'), ('ERG', 'KEGG:05200'), ('ERG', 'KEGG:01521'), ('ERG', 'KEGG:04010'), ('ERG', 'KEGG:04151'), ('ERG', 'KEGG:04510'), ('ERG', 'KEGG:05205'), ('ERG', 'KEGG:04150'), ('ERG', 'KEGG:04725'), ('ERG', 'KEGG:05214'), ('ERG', 'KEGG:04014'), ('ERG', 'KEGG:04310'), ('ERG', 'KEGG:05161'), ('ERG', 'KEGG:04713'), ('ERG', 'KEGG:04926'), ('ERG', 'KEGG:04012'), ('ERG', 'KEGG:04720'), ('ERG', 'KEGG:05225'), ('KLF12', 'KEGG:04218')]",0.7878787878787878,0.3449881056592501,luminal-b,betweenness_centrality; closeness_centrality; degree_centrality; functional_impact; pathway_reach,5.0
hsa-miR-200c-3p,hsa-miR-200c-3p,MicroRNA,1.0,0,1,0.251333307958526,0.2598425196850393,0.0804020100502512,0.0040322580645161,"[('DZIP1', 'KEGG:05200'), ('DZIP1', 'KEGG:01521'), ('DZIP1', 'KEGG:04151'), ('DZIP1', 'KEGG:04510'), ('DZIP1', 'KEGG:05215'), ('DZIP1', 'KEGG:04150'), ('DZIP1', 'KEGG:05222'), ('DZIP1', 'KEGG:05214'), ('DZIP1', 'KEGG:04218'), ('DZIP1', 'KEGG:05218'), ('DZIP1', 'KEGG:05224'), ('DZIP1', 'KEGG:04068'), ('DZIP1', 'KEGG:04140'), ('DZIP1', 'KEGG:05225'), ('JCAD', 'KEGG:05200'), ('JCAD', 'KEGG:04151'), ('JCAD', 'KEGG:05222'), ('JCAD', 'KEGG:05214'), ('JCAD', 'KEGG:04218'), ('JCAD', 'KEGG:05218'), ('JCAD', 'KEGG:05224'), ('JCAD', 'KEGG:05225'), ('ZSWIM4', 'KEGG:04144'), ('LRRC8A', 'KEGG:05200'), ('LRRC8A', 'KEGG:01522'), ('LRRC8A', 'KEGG:05224'), ('ERG', 'KEGG:05200'), ('ERG', 'KEGG:01521'), ('ERG', 'KEGG:04010'), ('ERG', 'KEGG:04151'), ('ERG', 'KEGG:04510'), ('ERG', 'KEGG:05205'), ('ERG', 'KEGG:04150'), ('ERG', 'KEGG:04725'), ('ERG', 'KEGG:05214'), ('ERG', 'KEGG:04014'), ('ERG', 'KEGG:04310'), ('ERG', 'KEGG:05161'), ('ERG', 'KEGG:04713'), ('ERG', 'KEGG:04926'), ('ERG', 'KEGG:04012'), ('ERG', 'KEGG:04720'), ('ERG', 'KEGG:05225'), ('KLF12', 'KEGG:04218')]",0.7878787878787878,0.3449881056592501,luminal-b,betweenness_centrality; closeness_centrality; degree_centrality; functional_impact; pathway_reach,5.0
hsa-miR-200c-3p,hsa-miR-200c-3p,MicroRNA,1.0,0,1,0.251333307958526,0.2598425196850393,0.0804020100502512,0.0040322580645161,"[('DZIP1', 'KEGG:05200'), ('DZIP1', 'KEGG:01521'), ('DZIP1', 'KEGG:04151'), ('DZIP1', 'KEGG:04510'), ('DZIP1', 'KEGG:05215'), ('DZIP1', 'KEGG:04150'), ('DZIP1', 'KEGG:05222'), ('DZIP1', 'KEGG:05214'), ('DZIP1', 'KEGG:04218'), ('DZIP1', 'KEGG:05218'), ('DZIP1', 'KEGG:05224'), ('DZIP1', 'KEGG:04068'), ('DZIP1', 'KEGG:04140'), ('DZIP1', 'KEGG:05225'), ('JCAD', 'KEGG:05200'), ('JCAD', 'KEGG:04151'), ('JCAD', 'KEGG:05222'), ('JCAD', 'KEGG:05214'), ('JCAD', 'KEGG:04218'), ('JCAD', 'KEGG:05218'), ('JCAD', 'KEGG:05224'), ('JCAD', 'KEGG:05225'), ('ZSWIM4', 'KEGG:04144'), ('LRRC8A', 'KEGG:05200'), ('LRRC8A', 'KEGG:01522'), ('LRRC8A', 'KEGG:05224'), ('ERG', 'KEGG:05200'), ('ERG', 'KEGG:01521'), ('ERG', 'KEGG:04010'), ('ERG', 'KEGG:04151'), ('ERG', 'KEGG:04510'), ('ERG', 'KEGG:05205'), ('ERG', 'KEGG:04150'), ('ERG', 'KEGG:04725'), ('ERG', 'KEGG:05214'), ('ERG', 'KEGG:04014'), ('ERG', 'KEGG:04310'), ('ERG', 'KEGG:05161'), ('ERG', 'KEGG:04713'), ('ERG', 'KEGG:04926'), ('ERG', 'KEGG:04012'), ('ERG', 'KEGG:04720'), ('ERG', 'KEGG:05225'), ('KLF12', 'KEGG:04218')]",0.7878787878787878,0.3449881056592501,luminal-b,betweenness_centrality; closeness_centrality; degree_centrality; functional_impact; pathway_reach,5.0
hsa-miR-200c-3p,hsa-miR-200c-3p,MicroRNA,1.0,0,1,0.251333307958526,0.2598425196850393,0.0804020100502512,0.0040322580645161,"[('DZIP1', 'KEGG:05200'), ('DZIP1', 'KEGG:01521'), ('DZIP1', 'KEGG:04151'), ('DZIP1', 'KEGG:04510'), ('DZIP1', 'KEGG:05215'), ('DZIP1', 'KEGG:04150'), ('DZIP1', 'KEGG:05222'), ('DZIP1', 'KEGG:05214'), ('DZIP1', 'KEGG:04218'), ('DZIP1', 'KEGG:05218'), ('DZIP1', 'KEGG:05224'), ('DZIP1', 'KEGG:04068'), ('DZIP1', 'KEGG:04140'), ('DZIP1', 'KEGG:05225'), ('JCAD', 'KEGG:05200'), ('JCAD', 'KEGG:04151'), ('JCAD', 'KEGG:05222'), ('JCAD', 'KEGG:05214'), ('JCAD', 'KEGG:04218'), ('JCAD', 'KEGG:05218'), ('JCAD', 'KEGG:05224'), ('JCAD', 'KEGG:05225'), ('ZSWIM4', 'KEGG:04144'), ('LRRC8A', 'KEGG:05200'), ('LRRC8A', 'KEGG:01522'), ('LRRC8A', 'KEGG:05224'), ('ERG', 'KEGG:05200'), ('ERG', 'KEGG:01521'), ('ERG', 'KEGG:04010'), ('ERG', 'KEGG:04151'), ('ERG', 'KEGG:04510'), ('ERG', 'KEGG:05205'), ('ERG', 'KEGG:04150'), ('ERG', 'KEGG:04725'), ('ERG', 'KEGG:05214'), ('ERG', 'KEGG:04014'), ('ERG', 'KEGG:04310'), ('ERG', 'KEGG:05161'), ('ERG', 'KEGG:04713'), ('ERG', 'KEGG:04926'), ('ERG', 'KEGG:04012'), ('ERG', 'KEGG:04720'), ('ERG', 'KEGG:05225'), ('KLF12', 'KEGG:04218')]",0.7878787878787878,0.3449881056592501,luminal-b,betweenness_centrality; closeness_centrality; degree_centrality; functional_impact; pathway_reach,5.0
hsa-miR-200c-3p,hsa-miR-200c-3p,MicroRNA,1.0,0,1,0.251333307958526,0.2598425196850393,0.0804020100502512,0.0040322580645161,"[('DZIP1', 'KEGG:05200'), ('DZIP1', 'KEGG:01521'), ('DZIP1', 'KEGG:04151'), ('DZIP1', 'KEGG:04510'), ('DZIP1', 'KEGG:05215'), ('DZIP1', 'KEGG:04150'), ('DZIP1', 'KEGG:05222'), ('DZIP1', 'KEGG:05214'), ('DZIP1', 'KEGG:04218'), ('DZIP1', 'KEGG:05218'), ('DZIP1', 'KEGG:05224'), ('DZIP1', 'KEGG:04068'), ('DZIP1', 'KEGG:04140'), ('DZIP1', 'KEGG:05225'), ('JCAD', 'KEGG:05200'), ('JCAD', 'KEGG:04151'), ('JCAD', 'KEGG:05222'), ('JCAD', 'KEGG:05214'), ('JCAD', 'KEGG:04218'), ('JCAD', 'KEGG:05218'), ('JCAD', 'KEGG:05224'), ('JCAD', 'KEGG:05225'), ('ZSWIM4', 'KEGG:04144'), ('LRRC8A', 'KEGG:05200'), ('LRRC8A', 'KEGG:01522'), ('LRRC8A', 'KEGG:05224'), ('ERG', 'KEGG:05200'), ('ERG', 'KEGG:01521'), ('ERG', 'KEGG:04010'), ('ERG', 'KEGG:04151'), ('ERG', 'KEGG:04510'), ('ERG', 'KEGG:05205'), ('ERG', 'KEGG:04150'), ('ERG', 'KEGG:04725'), ('ERG', 'KEGG:05214'), ('ERG', 'KEGG:04014'), ('ERG', 'KEGG:04310'), ('ERG', 'KEGG:05161'), ('ERG', 'KEGG:04713'), ('ERG', 'KEGG:04926'), ('ERG', 'KEGG:04012'), ('ERG', 'KEGG:04720'), ('ERG', 'KEGG:05225'), ('KLF12', 'KEGG:04218')]",0.7878787878787878,0.3449881056592501,luminal-b,betweenness_centrality; closeness_centrality; degree_centrality; functional_impact; pathway_reach,5.0
hsa-miR-200c-3p,hsa-miR-200c-3p,MicroRNA,1.0,0,1,0.251333307958526,0.2598425196850393,0.0804020100502512,0.0040322580645161,"[('DZIP1', 'KEGG:05200'), ('DZIP1', 'KEGG:01521'), ('DZIP1', 'KEGG:04151'), ('DZIP1', 'KEGG:04510'), ('DZIP1', 'KEGG:05215'), ('DZIP1', 'KEGG:04150'), ('DZIP1', 'KEGG:05222'), ('DZIP1', 'KEGG:05214'), ('DZIP1', 'KEGG:04218'), ('DZIP1', 'KEGG:05218'), ('DZIP1', 'KEGG:05224'), ('DZIP1', 'KEGG:04068'), ('DZIP1', 'KEGG:04140'), ('DZIP1', 'KEGG:05225'), ('JCAD', 'KEGG:05200'), ('JCAD', 'KEGG:04151'), ('JCAD', 'KEGG:05222'), ('JCAD', 'KEGG:05214'), ('JCAD', 'KEGG:04218'), ('JCAD', 'KEGG:05218'), ('JCAD', 'KEGG:05224'), ('JCAD', 'KEGG:05225'), ('ZSWIM4', 'KEGG:04144'), ('LRRC8A', 'KEGG:05200'), ('LRRC8A', 'KEGG:01522'), ('LRRC8A', 'KEGG:05224'), ('ERG', 'KEGG:05200'), ('ERG', 'KEGG:01521'), ('ERG', 'KEGG:04010'), ('ERG', 'KEGG:04151'), ('ERG', 'KEGG:04510'), ('ERG', 'KEGG:05205'), ('ERG', 'KEGG:04150'), ('ERG', 'KEGG:04725'), ('ERG', 'KEGG:05214'), ('ERG', 'KEGG:04014'), ('ERG', 'KEGG:04310'), ('ERG', 'KEGG:05161'), ('ERG', 'KEGG:04713'), ('ERG', 'KEGG:04926'), ('ERG', 'KEGG:04012'), ('ERG', 'KEGG:04720'), ('ERG', 'KEGG:05225'), ('KLF12', 'KEGG:04218')]",0.7878787878787878,0.3449881056592501,luminal-b,betweenness_centrality; closeness_centrality; degree_centrality; functional_impact; pathway_reach,5.0
hsa-miR-200c-3p,hsa-miR-200c-3p,MicroRNA,1.0,0,1,0.251333307958526,0.2598425196850393,0.0804020100502512,0.0040322580645161,"[('DZIP1', 'KEGG:05200'), ('DZIP1', 'KEGG:01521'), ('DZIP1', 'KEGG:04151'), ('DZIP1', 'KEGG:04510'), ('DZIP1', 'KEGG:05215'), ('DZIP1', 'KEGG:04150'), ('DZIP1', 'KEGG:05222'), ('DZIP1', 'KEGG:05214'), ('DZIP1', 'KEGG:04218'), ('DZIP1', 'KEGG:05218'), ('DZIP1', 'KEGG:05224'), ('DZIP1', 'KEGG:04068'), ('DZIP1', 'KEGG:04140'), ('DZIP1', 'KEGG:05225'), ('JCAD', 'KEGG:05200'), ('JCAD', 'KEGG:04151'), ('JCAD', 'KEGG:05222'), ('JCAD', 'KEGG:05214'), ('JCAD', 'KEGG:04218'), ('JCAD', 'KEGG:05218'), ('JCAD', 'KEGG:05224'), ('JCAD', 'KEGG:05225'), ('ZSWIM4', 'KEGG:04144'), ('LRRC8A', 'KEGG:05200'), ('LRRC8A', 'KEGG:01522'), ('LRRC8A', 'KEGG:05224'), ('ERG', 'KEGG:05200'), ('ERG', 'KEGG:01521'), ('ERG', 'KEGG:04010'), ('ERG', 'KEGG:04151'), ('ERG', 'KEGG:04510'), ('ERG', 'KEGG:05205'), ('ERG', 'KEGG:04150'), ('ERG', 'KEGG:04725'), ('ERG', 'KEGG:05214'), ('ERG', 'KEGG:04014'), ('ERG', 'KEGG:04310'), ('ERG', 'KEGG:05161'), ('ERG', 'KEGG:04713'), ('ERG', 'KEGG:04926'), ('ERG', 'KEGG:04012'), ('ERG', 'KEGG:04720'), ('ERG', 'KEGG:05225'), ('KLF12', 'KEGG:04218')]",0.7878787878787878,0.3449881056592501,luminal-b,betweenness_centrality; closeness_centrality; degree_centrality; functional_impact; pathway_reach,5.0
hsa-miR-200c-3p,hsa-miR-200c-3p,MicroRNA,1.0,0,1,0.251333307958526,0.2598425196850393,0.0804020100502512,0.0040322580645161,"[('DZIP1', 'KEGG:05200'), ('DZIP1', 'KEGG:01521'), ('DZIP1', 'KEGG:04151'), ('DZIP1', 'KEGG:04510'), ('DZIP1', 'KEGG:05215'), ('DZIP1', 'KEGG:04150'), ('DZIP1', 'KEGG:05222'), ('DZIP1', 'KEGG:05214'), ('DZIP1', 'KEGG:04218'), ('DZIP1', 'KEGG:05218'), ('DZIP1', 'KEGG:05224'), ('DZIP1', 'KEGG:04068'), ('DZIP1', 'KEGG:04140'), ('DZIP1', 'KEGG:05225'), ('JCAD', 'KEGG:05200'), ('JCAD', 'KEGG:04151'), ('JCAD', 'KEGG:05222'), ('JCAD', 'KEGG:05214'), ('JCAD', 'KEGG:04218'), ('JCAD', 'KEGG:05218'), ('JCAD', 'KEGG:05224'), ('JCAD', 'KEGG:05225'), ('ZSWIM4', 'KEGG:04144'), ('LRRC8A', 'KEGG:05200'), ('LRRC8A', 'KEGG:01522'), ('LRRC8A', 'KEGG:05224'), ('ERG', 'KEGG:05200'), ('ERG', 'KEGG:01521'), ('ERG', 'KEGG:04010'), ('ERG', 'KEGG:04151'), ('ERG', 'KEGG:04510'), ('ERG', 'KEGG:05205'), ('ERG', 'KEGG:04150'), ('ERG', 'KEGG:04725'), ('ERG', 'KEGG:05214'), ('ERG', 'KEGG:04014'), ('ERG', 'KEGG:04310'), ('ERG', 'KEGG:05161'), ('ERG', 'KEGG:04713'), ('ERG', 'KEGG:04926'), ('ERG', 'KEGG:04012'), ('ERG', 'KEGG:04720'), ('ERG', 'KEGG:05225'), ('KLF12', 'KEGG:04218')]",0.7878787878787878,0.3449881056592501,luminal-b,betweenness_centrality; closeness_centrality; degree_centrality; functional_impact; pathway_reach,5.0
hsa-miR-200c-3p,hsa-miR-200c-3p,MicroRNA,1.0,0,1,0.251333307958526,0.2598425196850393,0.0804020100502512,0.0040322580645161,"[('DZIP1', 'KEGG:05200'), ('DZIP1', 'KEGG:01521'), ('DZIP1', 'KEGG:04151'), ('DZIP1', 'KEGG:04510'), ('DZIP1', 'KEGG:05215'), ('DZIP1', 'KEGG:04150'), ('DZIP1', 'KEGG:05222'), ('DZIP1', 'KEGG:05214'), ('DZIP1', 'KEGG:04218'), ('DZIP1', 'KEGG:05218'), ('DZIP1', 'KEGG:05224'), ('DZIP1', 'KEGG:04068'), ('DZIP1', 'KEGG:04140'), ('DZIP1', 'KEGG:05225'), ('JCAD', 'KEGG:05200'), ('JCAD', 'KEGG:04151'), ('JCAD', 'KEGG:05222'), ('JCAD', 'KEGG:05214'), ('JCAD', 'KEGG:04218'), ('JCAD', 'KEGG:05218'), ('JCAD', 'KEGG:05224'), ('JCAD', 'KEGG:05225'), ('ZSWIM4', 'KEGG:04144'), ('LRRC8A', 'KEGG:05200'), ('LRRC8A', 'KEGG:01522'), ('LRRC8A', 'KEGG:05224'), ('ERG', 'KEGG:05200'), ('ERG', 'KEGG:01521'), ('ERG', 'KEGG:04010'), ('ERG', 'KEGG:04151'), ('ERG', 'KEGG:04510'), ('ERG', 'KEGG:05205'), ('ERG', 'KEGG:04150'), ('ERG', 'KEGG:04725'), ('ERG', 'KEGG:05214'), ('ERG', 'KEGG:04014'), ('ERG', 'KEGG:04310'), ('ERG', 'KEGG:05161'), ('ERG', 'KEGG:04713'), ('ERG', 'KEGG:04926'), ('ERG', 'KEGG:04012'), ('ERG', 'KEGG:04720'), ('ERG', 'KEGG:05225'), ('KLF12', 'KEGG:04218')]",0.7878787878787878,0.3449881056592501,luminal-b,betweenness_centrality; closeness_centrality; degree_centrality; functional_impact; pathway_reach,5.0
hsa-miR-200c-3p,hsa-miR-200c-3p,MicroRNA,1.0,0,1,0.251333307958526,0.2598425196850393,0.0804020100502512,0.0040322580645161,"[('DZIP1', 'KEGG:05200'), ('DZIP1', 'KEGG:01521'), ('DZIP1', 'KEGG:04151'), ('DZIP1', 'KEGG:04510'), ('DZIP1', 'KEGG:05215'), ('DZIP1', 'KEGG:04150'), ('DZIP1', 'KEGG:05222'), ('DZIP1', 'KEGG:05214'), ('DZIP1', 'KEGG:04218'), ('DZIP1', 'KEGG:05218'), ('DZIP1', 'KEGG:05224'), ('DZIP1', 'KEGG:04068'), ('DZIP1', 'KEGG:04140'), ('DZIP1', 'KEGG:05225'), ('JCAD', 'KEGG:05200'), ('JCAD', 'KEGG:04151'), ('JCAD', 'KEGG:05222'), ('JCAD', 'KEGG:05214'), ('JCAD', 'KEGG:04218'), ('JCAD', 'KEGG:05218'), ('JCAD', 'KEGG:05224'), ('JCAD', 'KEGG:05225'), ('ZSWIM4', 'KEGG:04144'), ('LRRC8A', 'KEGG:05200'), ('LRRC8A', 'KEGG:01522'), ('LRRC8A', 'KEGG:05224'), ('ERG', 'KEGG:05200'), ('ERG', 'KEGG:01521'), ('ERG', 'KEGG:04010'), ('ERG', 'KEGG:04151'), ('ERG', 'KEGG:04510'), ('ERG', 'KEGG:05205'), ('ERG', 'KEGG:04150'), ('ERG', 'KEGG:04725'), ('ERG', 'KEGG:05214'), ('ERG', 'KEGG:04014'), ('ERG', 'KEGG:04310'), ('ERG', 'KEGG:05161'), ('ERG', 'KEGG:04713'), ('ERG', 'KEGG:04926'), ('ERG', 'KEGG:04012'), ('ERG', 'KEGG:04720'), ('ERG', 'KEGG:05225'), ('KLF12', 'KEGG:04218')]",0.7878787878787878,0.3449881056592501,luminal-b,betweenness_centrality; closeness_centrality; degree_centrality; functional_impact; pathway_reach,5.0
hsa-miR-200c-3p,hsa-miR-200c-3p,MicroRNA,1.0,0,1,0.251333307958526,0.2598425196850393,0.0804020100502512,0.0040322580645161,"[('DZIP1', 'KEGG:05200'), ('DZIP1', 'KEGG:01521'), ('DZIP1', 'KEGG:04151'), ('DZIP1', 'KEGG:04510'), ('DZIP1', 'KEGG:05215'), ('DZIP1', 'KEGG:04150'), ('DZIP1', 'KEGG:05222'), ('DZIP1', 'KEGG:05214'), ('DZIP1', 'KEGG:04218'), ('DZIP1', 'KEGG:05218'), ('DZIP1', 'KEGG:05224'), ('DZIP1', 'KEGG:04068'), ('DZIP1', 'KEGG:04140'), ('DZIP1', 'KEGG:05225'), ('JCAD', 'KEGG:05200'), ('JCAD', 'KEGG:04151'), ('JCAD', 'KEGG:05222'), ('JCAD', 'KEGG:05214'), ('JCAD', 'KEGG:04218'), ('JCAD', 'KEGG:05218'), ('JCAD', 'KEGG:05224'), ('JCAD', 'KEGG:05225'), ('ZSWIM4', 'KEGG:04144'), ('LRRC8A', 'KEGG:05200'), ('LRRC8A', 'KEGG:01522'), ('LRRC8A', 'KEGG:05224'), ('ERG', 'KEGG:05200'), ('ERG', 'KEGG:01521'), ('ERG', 'KEGG:04010'), ('ERG', 'KEGG:04151'), ('ERG', 'KEGG:04510'), ('ERG', 'KEGG:05205'), ('ERG', 'KEGG:04150'), ('ERG', 'KEGG:04725'), ('ERG', 'KEGG:05214'), ('ERG', 'KEGG:04014'), ('ERG', 'KEGG:04310'), ('ERG', 'KEGG:05161'), ('ERG', 'KEGG:04713'), ('ERG', 'KEGG:04926'), ('ERG', 'KEGG:04012'), ('ERG', 'KEGG:04720'), ('ERG', 'KEGG:05225'), ('KLF12', 'KEGG:04218')]",0.7878787878787878,0.3449881056592501,luminal-b,betweenness_centrality; closeness_centrality; degree_centrality; functional_impact; pathway_reach,5.0
hsa-miR-200c-3p,hsa-miR-200c-3p,MicroRNA,1.0,0,1,0.251333307958526,0.2598425196850393,0.0804020100502512,0.0040322580645161,"[('DZIP1', 'KEGG:05200'), ('DZIP1', 'KEGG:01521'), ('DZIP1', 'KEGG:04151'), ('DZIP1', 'KEGG:04510'), ('DZIP1', 'KEGG:05215'), ('DZIP1', 'KEGG:04150'), ('DZIP1', 'KEGG:05222'), ('DZIP1', 'KEGG:05214'), ('DZIP1', 'KEGG:04218'), ('DZIP1', 'KEGG:05218'), ('DZIP1', 'KEGG:05224'), ('DZIP1', 'KEGG:04068'), ('DZIP1', 'KEGG:04140'), ('DZIP1', 'KEGG:05225'), ('JCAD', 'KEGG:05200'), ('JCAD', 'KEGG:04151'), ('JCAD', 'KEGG:05222'), ('JCAD', 'KEGG:05214'), ('JCAD', 'KEGG:04218'), ('JCAD', 'KEGG:05218'), ('JCAD', 'KEGG:05224'), ('JCAD', 'KEGG:05225'), ('ZSWIM4', 'KEGG:04144'), ('LRRC8A', 'KEGG:05200'), ('LRRC8A', 'KEGG:01522'), ('LRRC8A', 'KEGG:05224'), ('ERG', 'KEGG:05200'), ('ERG', 'KEGG:01521'), ('ERG', 'KEGG:04010'), ('ERG', 'KEGG:04151'), ('ERG', 'KEGG:04510'), ('ERG', 'KEGG:05205'), ('ERG', 'KEGG:04150'), ('ERG', 'KEGG:04725'), ('ERG', 'KEGG:05214'), ('ERG', 'KEGG:04014'), ('ERG', 'KEGG:04310'), ('ERG', 'KEGG:05161'), ('ERG', 'KEGG:04713'), ('ERG', 'KEGG:04926'), ('ERG', 'KEGG:04012'), ('ERG', 'KEGG:04720'), ('ERG', 'KEGG:05225'), ('KLF12', 'KEGG:04218')]",0.7878787878787878,0.3449881056592501,luminal-b,betweenness_centrality; closeness_centrality; degree_centrality; functional_impact; pathway_reach,5.0
hsa-miR-200c-3p,hsa-miR-200c-3p,MicroRNA,1.0,0,1,0.251333307958526,0.2598425196850393,0.0804020100502512,0.0040322580645161,"[('DZIP1', 'KEGG:05200'), ('DZIP1', 'KEGG:01521'), ('DZIP1', 'KEGG:04151'), ('DZIP1', 'KEGG:04510'), ('DZIP1', 'KEGG:05215'), ('DZIP1', 'KEGG:04150'), ('DZIP1', 'KEGG:05222'), ('DZIP1', 'KEGG:05214'), ('DZIP1', 'KEGG:04218'), ('DZIP1', 'KEGG:05218'), ('DZIP1', 'KEGG:05224'), ('DZIP1', 'KEGG:04068'), ('DZIP1', 'KEGG:04140'), ('DZIP1', 'KEGG:05225'), ('JCAD', 'KEGG:05200'), ('JCAD', 'KEGG:04151'), ('JCAD', 'KEGG:05222'), ('JCAD', 'KEGG:05214'), ('JCAD', 'KEGG:04218'), ('JCAD', 'KEGG:05218'), ('JCAD', 'KEGG:05224'), ('JCAD', 'KEGG:05225'), ('ZSWIM4', 'KEGG:04144'), ('LRRC8A', 'KEGG:05200'), ('LRRC8A', 'KEGG:01522'), ('LRRC8A', 'KEGG:05224'), ('ERG', 'KEGG:05200'), ('ERG', 'KEGG:01521'), ('ERG', 'KEGG:04010'), ('ERG', 'KEGG:04151'), ('ERG', 'KEGG:04510'), ('ERG', 'KEGG:05205'), ('ERG', 'KEGG:04150'), ('ERG', 'KEGG:04725'), ('ERG', 'KEGG:05214'), ('ERG', 'KEGG:04014'), ('ERG', 'KEGG:04310'), ('ERG', 'KEGG:05161'), ('ERG', 'KEGG:04713'), ('ERG', 'KEGG:04926'), ('ERG', 'KEGG:04012'), ('ERG', 'KEGG:04720'), ('ERG', 'KEGG:05225'), ('KLF12', 'KEGG:04218')]",0.7878787878787878,0.3449881056592501,luminal-b,betweenness_centrality; closeness_centrality; degree_centrality; functional_impact; pathway_reach,5.0
hsa-miR-200c-3p,hsa-miR-200c-3p,MicroRNA,1.0,0,1,0.251333307958526,0.2598425196850393,0.0804020100502512,0.0040322580645161,"[('DZIP1', 'KEGG:05200'), ('DZIP1', 'KEGG:01521'), ('DZIP1', 'KEGG:04151'), ('DZIP1', 'KEGG:04510'), ('DZIP1', 'KEGG:05215'), ('DZIP1', 'KEGG:04150'), ('DZIP1', 'KEGG:05222'), ('DZIP1', 'KEGG:05214'), ('DZIP1', 'KEGG:04218'), ('DZIP1', 'KEGG:05218'), ('DZIP1', 'KEGG:05224'), ('DZIP1', 'KEGG:04068'), ('DZIP1', 'KEGG:04140'), ('DZIP1', 'KEGG:05225'), ('JCAD', 'KEGG:05200'), ('JCAD', 'KEGG:04151'), ('JCAD', 'KEGG:05222'), ('JCAD', 'KEGG:05214'), ('JCAD', 'KEGG:04218'), ('JCAD', 'KEGG:05218'), ('JCAD', 'KEGG:05224'), ('JCAD', 'KEGG:05225'), ('ZSWIM4', 'KEGG:04144'), ('LRRC8A', 'KEGG:05200'), ('LRRC8A', 'KEGG:01522'), ('LRRC8A', 'KEGG:05224'), ('ERG', 'KEGG:05200'), ('ERG', 'KEGG:01521'), ('ERG', 'KEGG:04010'), ('ERG', 'KEGG:04151'), ('ERG', 'KEGG:04510'), ('ERG', 'KEGG:05205'), ('ERG', 'KEGG:04150'), ('ERG', 'KEGG:04725'), ('ERG', 'KEGG:05214'), ('ERG', 'KEGG:04014'), ('ERG', 'KEGG:04310'), ('ERG', 'KEGG:05161'), ('ERG', 'KEGG:04713'), ('ERG', 'KEGG:04926'), ('ERG', 'KEGG:04012'), ('ERG', 'KEGG:04720'), ('ERG', 'KEGG:05225'), ('KLF12', 'KEGG:04218')]",0.7878787878787878,0.3449881056592501,luminal-b,betweenness_centrality; closeness_centrality; degree_centrality; functional_impact; pathway_reach,5.0
hsa-miR-200c-3p,hsa-miR-200c-3p,MicroRNA,1.0,0,1,0.251333307958526,0.2598425196850393,0.0804020100502512,0.0040322580645161,"[('DZIP1', 'KEGG:05200'), ('DZIP1', 'KEGG:01521'), ('DZIP1', 'KEGG:04151'), ('DZIP1', 'KEGG:04510'), ('DZIP1', 'KEGG:05215'), ('DZIP1', 'KEGG:04150'), ('DZIP1', 'KEGG:05222'), ('DZIP1', 'KEGG:05214'), ('DZIP1', 'KEGG:04218'), ('DZIP1', 'KEGG:05218'), ('DZIP1', 'KEGG:05224'), ('DZIP1', 'KEGG:04068'), ('DZIP1', 'KEGG:04140'), ('DZIP1', 'KEGG:05225'), ('JCAD', 'KEGG:05200'), ('JCAD', 'KEGG:04151'), ('JCAD', 'KEGG:05222'), ('JCAD', 'KEGG:05214'), ('JCAD', 'KEGG:04218'), ('JCAD', 'KEGG:05218'), ('JCAD', 'KEGG:05224'), ('JCAD', 'KEGG:05225'), ('ZSWIM4', 'KEGG:04144'), ('LRRC8A', 'KEGG:05200'), ('LRRC8A', 'KEGG:01522'), ('LRRC8A', 'KEGG:05224'), ('ERG', 'KEGG:05200'), ('ERG', 'KEGG:01521'), ('ERG', 'KEGG:04010'), ('ERG', 'KEGG:04151'), ('ERG', 'KEGG:04510'), ('ERG', 'KEGG:05205'), ('ERG', 'KEGG:04150'), ('ERG', 'KEGG:04725'), ('ERG', 'KEGG:05214'), ('ERG', 'KEGG:04014'), ('ERG', 'KEGG:04310'), ('ERG', 'KEGG:05161'), ('ERG', 'KEGG:04713'), ('ERG', 'KEGG:04926'), ('ERG', 'KEGG:04012'), ('ERG', 'KEGG:04720'), ('ERG', 'KEGG:05225'), ('KLF12', 'KEGG:04218')]",0.7878787878787878,0.3449881056592501,luminal-b,betweenness_centrality; closeness_centrality; degree_centrality; functional_impact; pathway_reach,5.0
hsa-miR-200c-3p,hsa-miR-200c-3p,MicroRNA,1.0,0,1,0.251333307958526,0.2598425196850393,0.0804020100502512,0.0040322580645161,"[('DZIP1', 'KEGG:05200'), ('DZIP1', 'KEGG:01521'), ('DZIP1', 'KEGG:04151'), ('DZIP1', 'KEGG:04510'), ('DZIP1', 'KEGG:05215'), ('DZIP1', 'KEGG:04150'), ('DZIP1', 'KEGG:05222'), ('DZIP1', 'KEGG:05214'), ('DZIP1', 'KEGG:04218'), ('DZIP1', 'KEGG:05218'), ('DZIP1', 'KEGG:05224'), ('DZIP1', 'KEGG:04068'), ('DZIP1', 'KEGG:04140'), ('DZIP1', 'KEGG:05225'), ('JCAD', 'KEGG:05200'), ('JCAD', 'KEGG:04151'), ('JCAD', 'KEGG:05222'), ('JCAD', 'KEGG:05214'), ('JCAD', 'KEGG:04218'), ('JCAD', 'KEGG:05218'), ('JCAD', 'KEGG:05224'), ('JCAD', 'KEGG:05225'), ('ZSWIM4', 'KEGG:04144'), ('LRRC8A', 'KEGG:05200'), ('LRRC8A', 'KEGG:01522'), ('LRRC8A', 'KEGG:05224'), ('ERG', 'KEGG:05200'), ('ERG', 'KEGG:01521'), ('ERG', 'KEGG:04010'), ('ERG', 'KEGG:04151'), ('ERG', 'KEGG:04510'), ('ERG', 'KEGG:05205'), ('ERG', 'KEGG:04150'), ('ERG', 'KEGG:04725'), ('ERG', 'KEGG:05214'), ('ERG', 'KEGG:04014'), ('ERG', 'KEGG:04310'), ('ERG', 'KEGG:05161'), ('ERG', 'KEGG:04713'), ('ERG', 'KEGG:04926'), ('ERG', 'KEGG:04012'), ('ERG', 'KEGG:04720'), ('ERG', 'KEGG:05225'), ('KLF12', 'KEGG:04218')]",0.7878787878787878,0.3449881056592501,luminal-b,betweenness_centrality; closeness_centrality; degree_centrality; functional_impact; pathway_reach,5.0
hsa-miR-200c-3p,hsa-miR-200c-3p,MicroRNA,1.0,0,1,0.251333307958526,0.2598425196850393,0.0804020100502512,0.0040322580645161,"[('DZIP1', 'KEGG:05200'), ('DZIP1', 'KEGG:01521'), ('DZIP1', 'KEGG:04151'), ('DZIP1', 'KEGG:04510'), ('DZIP1', 'KEGG:05215'), ('DZIP1', 'KEGG:04150'), ('DZIP1', 'KEGG:05222'), ('DZIP1', 'KEGG:05214'), ('DZIP1', 'KEGG:04218'), ('DZIP1', 'KEGG:05218'), ('DZIP1', 'KEGG:05224'), ('DZIP1', 'KEGG:04068'), ('DZIP1', 'KEGG:04140'), ('DZIP1', 'KEGG:05225'), ('JCAD', 'KEGG:05200'), ('JCAD', 'KEGG:04151'), ('JCAD', 'KEGG:05222'), ('JCAD', 'KEGG:05214'), ('JCAD', 'KEGG:04218'), ('JCAD', 'KEGG:05218'), ('JCAD', 'KEGG:05224'), ('JCAD', 'KEGG:05225'), ('ZSWIM4', 'KEGG:04144'), ('LRRC8A', 'KEGG:05200'), ('LRRC8A', 'KEGG:01522'), ('LRRC8A', 'KEGG:05224'), ('ERG', 'KEGG:05200'), ('ERG', 'KEGG:01521'), ('ERG', 'KEGG:04010'), ('ERG', 'KEGG:04151'), ('ERG', 'KEGG:04510'), ('ERG', 'KEGG:05205'), ('ERG', 'KEGG:04150'), ('ERG', 'KEGG:04725'), ('ERG', 'KEGG:05214'), ('ERG', 'KEGG:04014'), ('ERG', 'KEGG:04310'), ('ERG', 'KEGG:05161'), ('ERG', 'KEGG:04713'), ('ERG', 'KEGG:04926'), ('ERG', 'KEGG:04012'), ('ERG', 'KEGG:04720'), ('ERG', 'KEGG:05225'), ('KLF12', 'KEGG:04218')]",0.7878787878787878,0.3449881056592501,luminal-b,betweenness_centrality; closeness_centrality; degree_centrality; functional_impact; pathway_reach,5.0
hsa-miR-200c-3p,hsa-miR-200c-3p,MicroRNA,1.0,0,1,0.251333307958526,0.2598425196850393,0.0804020100502512,0.0040322580645161,"[('DZIP1', 'KEGG:05200'), ('DZIP1', 'KEGG:01521'), ('DZIP1', 'KEGG:04151'), ('DZIP1', 'KEGG:04510'), ('DZIP1', 'KEGG:05215'), ('DZIP1', 'KEGG:04150'), ('DZIP1', 'KEGG:05222'), ('DZIP1', 'KEGG:05214'), ('DZIP1', 'KEGG:04218'), ('DZIP1', 'KEGG:05218'), ('DZIP1', 'KEGG:05224'), ('DZIP1', 'KEGG:04068'), ('DZIP1', 'KEGG:04140'), ('DZIP1', 'KEGG:05225'), ('JCAD', 'KEGG:05200'), ('JCAD', 'KEGG:04151'), ('JCAD', 'KEGG:05222'), ('JCAD', 'KEGG:05214'), ('JCAD', 'KEGG:04218'), ('JCAD', 'KEGG:05218'), ('JCAD', 'KEGG:05224'), ('JCAD', 'KEGG:05225'), ('ZSWIM4', 'KEGG:04144'), ('LRRC8A', 'KEGG:05200'), ('LRRC8A', 'KEGG:01522'), ('LRRC8A', 'KEGG:05224'), ('ERG', 'KEGG:05200'), ('ERG', 'KEGG:01521'), ('ERG', 'KEGG:04010'), ('ERG', 'KEGG:04151'), ('ERG', 'KEGG:04510'), ('ERG', 'KEGG:05205'), ('ERG', 'KEGG:04150'), ('ERG', 'KEGG:04725'), ('ERG', 'KEGG:05214'), ('ERG', 'KEGG:04014'), ('ERG', 'KEGG:04310'), ('ERG', 'KEGG:05161'), ('ERG', 'KEGG:04713'), ('ERG', 'KEGG:04926'), ('ERG', 'KEGG:04012'), ('ERG', 'KEGG:04720'), ('ERG', 'KEGG:05225'), ('KLF12', 'KEGG:04218')]",0.7878787878787878,0.3449881056592501,luminal-b,betweenness_centrality; closeness_centrality; degree_centrality; functional_impact; pathway_reach,5.0
hsa-miR-25-3p,hsa-miR-25-3p,MicroRNA,1.0,0,1,0.0916485647289863,0.2291666666666666,0.0376884422110552,0.0285714285714285,"[('FNDC3B', 'KEGG:04310'), ('PMEPA1', 'KEGG:05200'), ('PMEPA1', 'KEGG:01521'), ('PMEPA1', 'KEGG:04151'), ('PMEPA1', 'KEGG:04510'), ('PMEPA1', 'KEGG:05215'), ('PMEPA1', 'KEGG:05222'), ('PMEPA1', 'KEGG:04725'), ('PMEPA1', 'KEGG:05161'), ('PMEPA1', 'KEGG:01522'), ('PMEPA1', 'KEGG:04722'), ('PMEPA1', 'KEGG:04630'), ('PMEPA1', 'KEGG:04140')]",0.3939393939393939,0.3049189973352561,luminal-b,betweenness_centrality; closeness_centrality; degree_centrality; functional_impact; pathway_reach,5.0
hsa-miR-25-3p,hsa-miR-25-3p,MicroRNA,1.0,0,1,0.0916485647289863,0.2291666666666666,0.0376884422110552,0.0285714285714285,"[('FNDC3B', 'KEGG:04310'), ('PMEPA1', 'KEGG:05200'), ('PMEPA1', 'KEGG:01521'), ('PMEPA1', 'KEGG:04151'), ('PMEPA1', 'KEGG:04510'), ('PMEPA1', 'KEGG:05215'), ('PMEPA1', 'KEGG:05222'), ('PMEPA1', 'KEGG:04725'), ('PMEPA1', 'KEGG:05161'), ('PMEPA1', 'KEGG:01522'), ('PMEPA1', 'KEGG:04722'), ('PMEPA1', 'KEGG:04630'), ('PMEPA1', 'KEGG:04140')]",0.3939393939393939,0.3049189973352561,luminal-b,betweenness_centrality; closeness_centrality; degree_centrality; functional_impact; pathway_reach,5.0
hsa-miR-25-3p,hsa-miR-25-3p,MicroRNA,1.0,0,1,0.0916485647289863,0.2291666666666666,0.0376884422110552,0.0285714285714285,"[('FNDC3B', 'KEGG:04310'), ('PMEPA1', 'KEGG:05200'), ('PMEPA1', 'KEGG:01521'), ('PMEPA1', 'KEGG:04151'), ('PMEPA1', 'KEGG:04510'), ('PMEPA1', 'KEGG:05215'), ('PMEPA1', 'KEGG:05222'), ('PMEPA1', 'KEGG:04725'), ('PMEPA1', 'KEGG:05161'), ('PMEPA1', 'KEGG:01522'), ('PMEPA1', 'KEGG:04722'), ('PMEPA1', 'KEGG:04630'), ('PMEPA1', 'KEGG:04140')]",0.3939393939393939,0.3049189973352561,luminal-b,betweenness_centrality; closeness_centrality; degree_centrality; functional_impact; pathway_reach,5.0
hsa-miR-25-3p,hsa-miR-25-3p,MicroRNA,1.0,0,1,0.0916485647289863,0.2291666666666666,0.0376884422110552,0.0285714285714285,"[('FNDC3B', 'KEGG:04310'), ('PMEPA1', 'KEGG:05200'), ('PMEPA1', 'KEGG:01521'), ('PMEPA1', 'KEGG:04151'), ('PMEPA1', 'KEGG:04510'), ('PMEPA1', 'KEGG:05215'), ('PMEPA1', 'KEGG:05222'), ('PMEPA1', 'KEGG:04725'), ('PMEPA1', 'KEGG:05161'), ('PMEPA1', 'KEGG:01522'), ('PMEPA1', 'KEGG:04722'), ('PMEPA1', 'KEGG:04630'), ('PMEPA1', 'KEGG:04140')]",0.3939393939393939,0.3049189973352561,luminal-b,betweenness_centrality; closeness_centrality; degree_centrality; functional_impact; pathway_reach,5.0
hsa-miR-25-3p,hsa-miR-25-3p,MicroRNA,1.0,0,1,0.0916485647289863,0.2291666666666666,0.0376884422110552,0.0285714285714285,"[('FNDC3B', 'KEGG:04310'), ('PMEPA1', 'KEGG:05200'), ('PMEPA1', 'KEGG:01521'), ('PMEPA1', 'KEGG:04151'), ('PMEPA1', 'KEGG:04510'), ('PMEPA1', 'KEGG:05215'), ('PMEPA1', 'KEGG:05222'), ('PMEPA1', 'KEGG:04725'), ('PMEPA1', 'KEGG:05161'), ('PMEPA1', 'KEGG:01522'), ('PMEPA1', 'KEGG:04722'), ('PMEPA1', 'KEGG:04630'), ('PMEPA1', 'KEGG:04140')]",0.3939393939393939,0.3049189973352561,luminal-b,betweenness_centrality; closeness_centrality; degree_centrality; functional_impact; pathway_reach,5.0
hsa-miR-25-3p,hsa-miR-25-3p,MicroRNA,1.0,0,1,0.0916485647289863,0.2291666666666666,0.0376884422110552,0.0285714285714285,"[('FNDC3B', 'KEGG:04310'), ('PMEPA1', 'KEGG:05200'), ('PMEPA1', 'KEGG:01521'), ('PMEPA1', 'KEGG:04151'), ('PMEPA1', 'KEGG:04510'), ('PMEPA1', 'KEGG:05215'), ('PMEPA1', 'KEGG:05222'), ('PMEPA1', 'KEGG:04725'), ('PMEPA1', 'KEGG:05161'), ('PMEPA1', 'KEGG:01522'), ('PMEPA1', 'KEGG:04722'), ('PMEPA1', 'KEGG:04630'), ('PMEPA1', 'KEGG:04140')]",0.3939393939393939,0.3049189973352561,luminal-b,betweenness_centrality; closeness_centrality; degree_centrality; functional_impact; pathway_reach,5.0
hsa-miR-25-3p,hsa-miR-25-3p,MicroRNA,1.0,0,1,0.0916485647289863,0.2291666666666666,0.0376884422110552,0.0285714285714285,"[('FNDC3B', 'KEGG:04310'), ('PMEPA1', 'KEGG:05200'), ('PMEPA1', 'KEGG:01521'), ('PMEPA1', 'KEGG:04151'), ('PMEPA1', 'KEGG:04510'), ('PMEPA1', 'KEGG:05215'), ('PMEPA1', 'KEGG:05222'), ('PMEPA1', 'KEGG:04725'), ('PMEPA1', 'KEGG:05161'), ('PMEPA1', 'KEGG:01522'), ('PMEPA1', 'KEGG:04722'), ('PMEPA1', 'KEGG:04630'), ('PMEPA1', 'KEGG:04140')]",0.3939393939393939,0.3049189973352561,luminal-b,betweenness_centrality; closeness_centrality; degree_centrality; functional_impact; pathway_reach,5.0
hsa-miR-25-3p,hsa-miR-25-3p,MicroRNA,1.0,0,1,0.0916485647289863,0.2291666666666666,0.0376884422110552,0.0285714285714285,"[('FNDC3B', 'KEGG:04310'), ('PMEPA1', 'KEGG:05200'), ('PMEPA1', 'KEGG:01521'), ('PMEPA1', 'KEGG:04151'), ('PMEPA1', 'KEGG:04510'), ('PMEPA1', 'KEGG:05215'), ('PMEPA1', 'KEGG:05222'), ('PMEPA1', 'KEGG:04725'), ('PMEPA1', 'KEGG:05161'), ('PMEPA1', 'KEGG:01522'), ('PMEPA1', 'KEGG:04722'), ('PMEPA1', 'KEGG:04630'), ('PMEPA1', 'KEGG:04140')]",0.3939393939393939,0.3049189973352561,luminal-b,betweenness_centrality; closeness_centrality; degree_centrality; functional_impact; pathway_reach,5.0
hsa-miR-25-3p,hsa-miR-25-3p,MicroRNA,1.0,0,1,0.0916485647289863,0.2291666666666666,0.0376884422110552,0.0285714285714285,"[('FNDC3B', 'KEGG:04310'), ('PMEPA1', 'KEGG:05200'), ('PMEPA1', 'KEGG:01521'), ('PMEPA1', 'KEGG:04151'), ('PMEPA1', 'KEGG:04510'), ('PMEPA1', 'KEGG:05215'), ('PMEPA1', 'KEGG:05222'), ('PMEPA1', 'KEGG:04725'), ('PMEPA1', 'KEGG:05161'), ('PMEPA1', 'KEGG:01522'), ('PMEPA1', 'KEGG:04722'), ('PMEPA1', 'KEGG:04630'), ('PMEPA1', 'KEGG:04140')]",0.3939393939393939,0.3049189973352561,luminal-b,betweenness_centrality; closeness_centrality; degree_centrality; functional_impact; pathway_reach,5.0
hsa-miR-25-3p,hsa-miR-25-3p,MicroRNA,1.0,0,1,0.0916485647289863,0.2291666666666666,0.0376884422110552,0.0285714285714285,"[('FNDC3B', 'KEGG:04310'), ('PMEPA1', 'KEGG:05200'), ('PMEPA1', 'KEGG:01521'), ('PMEPA1', 'KEGG:04151'), ('PMEPA1', 'KEGG:04510'), ('PMEPA1', 'KEGG:05215'), ('PMEPA1', 'KEGG:05222'), ('PMEPA1', 'KEGG:04725'), ('PMEPA1', 'KEGG:05161'), ('PMEPA1', 'KEGG:01522'), ('PMEPA1', 'KEGG:04722'), ('PMEPA1', 'KEGG:04630'), ('PMEPA1', 'KEGG:04140')]",0.3939393939393939,0.3049189973352561,luminal-b,betweenness_centrality; closeness_centrality; degree_centrality; functional_impact; pathway_reach,5.0
hsa-miR-25-3p,hsa-miR-25-3p,MicroRNA,1.0,0,1,0.0916485647289863,0.2291666666666666,0.0376884422110552,0.0285714285714285,"[('FNDC3B', 'KEGG:04310'), ('PMEPA1', 'KEGG:05200'), ('PMEPA1', 'KEGG:01521'), ('PMEPA1', 'KEGG:04151'), ('PMEPA1', 'KEGG:04510'), ('PMEPA1', 'KEGG:05215'), ('PMEPA1', 'KEGG:05222'), ('PMEPA1', 'KEGG:04725'), ('PMEPA1', 'KEGG:05161'), ('PMEPA1', 'KEGG:01522'), ('PMEPA1', 'KEGG:04722'), ('PMEPA1', 'KEGG:04630'), ('PMEPA1', 'KEGG:04140')]",0.3939393939393939,0.3049189973352561,luminal-b,betweenness_centrality; closeness_centrality; degree_centrality; functional_impact; pathway_reach,5.0
hsa-miR-25-3p,hsa-miR-25-3p,MicroRNA,1.0,0,1,0.0916485647289863,0.2291666666666666,0.0376884422110552,0.0285714285714285,"[('FNDC3B', 'KEGG:04310'), ('PMEPA1', 'KEGG:05200'), ('PMEPA1', 'KEGG:01521'), ('PMEPA1', 'KEGG:04151'), ('PMEPA1', 'KEGG:04510'), ('PMEPA1', 'KEGG:05215'), ('PMEPA1', 'KEGG:05222'), ('PMEPA1', 'KEGG:04725'), ('PMEPA1', 'KEGG:05161'), ('PMEPA1', 'KEGG:01522'), ('PMEPA1', 'KEGG:04722'), ('PMEPA1', 'KEGG:04630'), ('PMEPA1', 'KEGG:04140')]",0.3939393939393939,0.3049189973352561,luminal-b,betweenness_centrality; closeness_centrality; degree_centrality; functional_impact; pathway_reach,5.0
hsa-miR-25-3p,hsa-miR-25-3p,MicroRNA,1.0,0,1,0.0916485647289863,0.2291666666666666,0.0376884422110552,0.0285714285714285,"[('FNDC3B', 'KEGG:04310'), ('PMEPA1', 'KEGG:05200'), ('PMEPA1', 'KEGG:01521'), ('PMEPA1', 'KEGG:04151'), ('PMEPA1', 'KEGG:04510'), ('PMEPA1', 'KEGG:05215'), ('PMEPA1', 'KEGG:05222'), ('PMEPA1', 'KEGG:04725'), ('PMEPA1', 'KEGG:05161'), ('PMEPA1', 'KEGG:01522'), ('PMEPA1', 'KEGG:04722'), ('PMEPA1', 'KEGG:04630'), ('PMEPA1', 'KEGG:04140')]",0.3939393939393939,0.3049189973352561,luminal-b,betweenness_centrality; closeness_centrality; degree_centrality; functional_impact; pathway_reach,5.0
hsa-miR-200b-3p,hsa-miR-200b-3p,MicroRNA,1.0,0,1,0.0123346106505726,0.2013729977116704,0.0125628140703517,0.0,"[('GRAP2', 'KEGG:04310')]",0.0303030303030303,0.2878092655150942,luminal-b,closeness_centrality,1.0
hsa-miR-182-5p,hsa-miR-182-5p,MicroRNA,1.0,0,1,0.0151046858624548,0.1815680880330124,0.0150753768844221,0.0666666666666666,"[('UBASH3B', 'KEGG:04550')]",0.0303030303030303,0.3119936468489841,luminal-b,degree_centrality,1.0
hsa-miR-30b-5p,hsa-miR-30b-5p,MicroRNA,1.0,0,1,0.1487461382108572,0.2321899736147757,0.0351758793969849,0.0109890109890109,"[('TSPAN2', 'KEGG:05200'), ('TSPAN2', 'KEGG:04151'), ('TSPAN2', 'KEGG:04510'), ('TSPAN2', 'KEGG:05222'), ('FTO', 'KEGG:01522'), ('RAP2B', 'KEGG:04218'), ('KLF12', 'KEGG:04218'), ('TMTC3', 'KEGG:05202')]",0.2121212121212121,0.3247721943047864,luminal-b,pathway_reach,1.0
hsa-miR-30b-5p,hsa-miR-30b-5p,MicroRNA,1.0,0,1,0.1487461382108572,0.2321899736147757,0.0351758793969849,0.0109890109890109,"[('TSPAN2', 'KEGG:05200'), ('TSPAN2', 'KEGG:04151'), ('TSPAN2', 'KEGG:04510'), ('TSPAN2', 'KEGG:05222'), ('FTO', 'KEGG:01522'), ('RAP2B', 'KEGG:04218'), ('KLF12', 'KEGG:04218'), ('TMTC3', 'KEGG:05202')]",0.2121212121212121,0.3247721943047864,luminal-b,pathway_reach,1.0
hsa-miR-30b-5p,hsa-miR-30b-5p,MicroRNA,1.0,0,1,0.1487461382108572,0.2321899736147757,0.0351758793969849,0.0109890109890109,"[('TSPAN2', 'KEGG:05200'), ('TSPAN2', 'KEGG:04151'), ('TSPAN2', 'KEGG:04510'), ('TSPAN2', 'KEGG:05222'), ('FTO', 'KEGG:01522'), ('RAP2B', 'KEGG:04218'), ('KLF12', 'KEGG:04218'), ('TMTC3', 'KEGG:05202')]",0.2121212121212121,0.3247721943047864,luminal-b,pathway_reach,1.0
hsa-miR-30b-5p,hsa-miR-30b-5p,MicroRNA,1.0,0,1,0.1487461382108572,0.2321899736147757,0.0351758793969849,0.0109890109890109,"[('TSPAN2', 'KEGG:05200'), ('TSPAN2', 'KEGG:04151'), ('TSPAN2', 'KEGG:04510'), ('TSPAN2', 'KEGG:05222'), ('FTO', 'KEGG:01522'), ('RAP2B', 'KEGG:04218'), ('KLF12', 'KEGG:04218'), ('TMTC3', 'KEGG:05202')]",0.2121212121212121,0.3247721943047864,luminal-b,pathway_reach,1.0
hsa-miR-30b-5p,hsa-miR-30b-5p,MicroRNA,1.0,0,1,0.1487461382108572,0.2321899736147757,0.0351758793969849,0.0109890109890109,"[('TSPAN2', 'KEGG:05200'), ('TSPAN2', 'KEGG:04151'), ('TSPAN2', 'KEGG:04510'), ('TSPAN2', 'KEGG:05222'), ('FTO', 'KEGG:01522'), ('RAP2B', 'KEGG:04218'), ('KLF12', 'KEGG:04218'), ('TMTC3', 'KEGG:05202')]",0.2121212121212121,0.3247721943047864,luminal-b,pathway_reach,1.0
hsa-miR-30b-5p,hsa-miR-30b-5p,MicroRNA,1.0,0,1,0.1487461382108572,0.2321899736147757,0.0351758793969849,0.0109890109890109,"[('TSPAN2', 'KEGG:05200'), ('TSPAN2', 'KEGG:04151'), ('TSPAN2', 'KEGG:04510'), ('TSPAN2', 'KEGG:05222'), ('FTO', 'KEGG:01522'), ('RAP2B', 'KEGG:04218'), ('KLF12', 'KEGG:04218'), ('TMTC3', 'KEGG:05202')]",0.2121212121212121,0.3247721943047864,luminal-b,pathway_reach,1.0
hsa-miR-30b-5p,hsa-miR-30b-5p,MicroRNA,1.0,0,1,0.1487461382108572,0.2321899736147757,0.0351758793969849,0.0109890109890109,"[('TSPAN2', 'KEGG:05200'), ('TSPAN2', 'KEGG:04151'), ('TSPAN2', 'KEGG:04510'), ('TSPAN2', 'KEGG:05222'), ('FTO', 'KEGG:01522'), ('RAP2B', 'KEGG:04218'), ('KLF12', 'KEGG:04218'), ('TMTC3', 'KEGG:05202')]",0.2121212121212121,0.3247721943047864,luminal-b,pathway_reach,1.0
hsa-miR-30b-5p,hsa-miR-30b-5p,MicroRNA,1.0,0,1,0.1487461382108572,0.2321899736147757,0.0351758793969849,0.0109890109890109,"[('TSPAN2', 'KEGG:05200'), ('TSPAN2', 'KEGG:04151'), ('TSPAN2', 'KEGG:04510'), ('TSPAN2', 'KEGG:05222'), ('FTO', 'KEGG:01522'), ('RAP2B', 'KEGG:04218'), ('KLF12', 'KEGG:04218'), ('TMTC3', 'KEGG:05202')]",0.2121212121212121,0.3247721943047864,luminal-b,pathway_reach,1.0
hsa-miR-221-3p,hsa-miR-221-3p,MicroRNA,1.0,0,1,0.0233609073852024,0.2012195121951219,0.0125628140703517,0.0,"[('MYEF2', 'KEGG:05200'), ('MYEF2', 'KEGG:04151'), ('MYEF2', 'KEGG:04510'), ('MYEF2', 'KEGG:05205'), ('MYEF2', 'KEGG:05222')]",0.1515151515151515,0.3259377197404827,luminal-b,functional_impact; pathway_reach,2.0
hsa-miR-221-3p,hsa-miR-221-3p,MicroRNA,1.0,0,1,0.0233609073852024,0.2012195121951219,0.0125628140703517,0.0,"[('MYEF2', 'KEGG:05200'), ('MYEF2', 'KEGG:04151'), ('MYEF2', 'KEGG:04510'), ('MYEF2', 'KEGG:05205'), ('MYEF2', 'KEGG:05222')]",0.1515151515151515,0.3259377197404827,luminal-b,functional_impact; pathway_reach,2.0
hsa-miR-221-3p,hsa-miR-221-3p,MicroRNA,1.0,0,1,0.0233609073852024,0.2012195121951219,0.0125628140703517,0.0,"[('MYEF2', 'KEGG:05200'), ('MYEF2', 'KEGG:04151'), ('MYEF2', 'KEGG:04510'), ('MYEF2', 'KEGG:05205'), ('MYEF2', 'KEGG:05222')]",0.1515151515151515,0.3259377197404827,luminal-b,functional_impact; pathway_reach,2.0
hsa-miR-221-3p,hsa-miR-221-3p,MicroRNA,1.0,0,1,0.0233609073852024,0.2012195121951219,0.0125628140703517,0.0,"[('MYEF2', 'KEGG:05200'), ('MYEF2', 'KEGG:04151'), ('MYEF2', 'KEGG:04510'), ('MYEF2', 'KEGG:05205'), ('MYEF2', 'KEGG:05222')]",0.1515151515151515,0.3259377197404827,luminal-b,functional_impact; pathway_reach,2.0
hsa-miR-221-3p,hsa-miR-221-3p,MicroRNA,1.0,0,1,0.0233609073852024,0.2012195121951219,0.0125628140703517,0.0,"[('MYEF2', 'KEGG:05200'), ('MYEF2', 'KEGG:04151'), ('MYEF2', 'KEGG:04510'), ('MYEF2', 'KEGG:05205'), ('MYEF2', 'KEGG:05222')]",0.1515151515151515,0.3259377197404827,luminal-b,functional_impact; pathway_reach,2.0
hsa-miR-193b-3p,hsa-miR-193b-3p,MicroRNA,1.0,0,1,0.0709827034414299,0.2406563354603464,0.0201005025125628,0.0357142857142857,"[('ATXN1', 'KEGG:04520'), ('RUNX1T1', 'KEGG:05200'), ('RUNX1T1', 'KEGG:01521'), ('RUNX1T1', 'KEGG:04010'), ('RUNX1T1', 'KEGG:04151'), ('RUNX1T1', 'KEGG:04510'), ('RUNX1T1', 'KEGG:05215'), ('RUNX1T1', 'KEGG:05205'), ('RUNX1T1', 'KEGG:04150'), ('RUNX1T1', 'KEGG:05214'), ('RUNX1T1', 'KEGG:04014'), ('RUNX1T1', 'KEGG:05161'), ('RUNX1T1', 'KEGG:01522'), ('RUNX1T1', 'KEGG:04722'), ('RUNX1T1', 'KEGG:05224'), ('RUNX1T1', 'KEGG:04926'), ('RUNX1T1', 'KEGG:04012'), ('RUNX1T1', 'KEGG:04068'), ('RUNX1T1', 'KEGG:04630'), ('RUNX1T1', 'KEGG:05225'), ('ENTPD1', 'KEGG:01521'), ('KCNJ2', 'KEGG:04520')]",0.6060606060606061,0.3269463061805153,luminal-b,functional_impact; pathway_reach,2.0
hsa-miR-193b-3p,hsa-miR-193b-3p,MicroRNA,1.0,0,1,0.0709827034414299,0.2406563354603464,0.0201005025125628,0.0357142857142857,"[('ATXN1', 'KEGG:04520'), ('RUNX1T1', 'KEGG:05200'), ('RUNX1T1', 'KEGG:01521'), ('RUNX1T1', 'KEGG:04010'), ('RUNX1T1', 'KEGG:04151'), ('RUNX1T1', 'KEGG:04510'), ('RUNX1T1', 'KEGG:05215'), ('RUNX1T1', 'KEGG:05205'), ('RUNX1T1', 'KEGG:04150'), ('RUNX1T1', 'KEGG:05214'), ('RUNX1T1', 'KEGG:04014'), ('RUNX1T1', 'KEGG:05161'), ('RUNX1T1', 'KEGG:01522'), ('RUNX1T1', 'KEGG:04722'), ('RUNX1T1', 'KEGG:05224'), ('RUNX1T1', 'KEGG:04926'), ('RUNX1T1', 'KEGG:04012'), ('RUNX1T1', 'KEGG:04068'), ('RUNX1T1', 'KEGG:04630'), ('RUNX1T1', 'KEGG:05225'), ('ENTPD1', 'KEGG:01521'), ('KCNJ2', 'KEGG:04520')]",0.6060606060606061,0.3269463061805153,luminal-b,functional_impact; pathway_reach,2.0
hsa-miR-193b-3p,hsa-miR-193b-3p,MicroRNA,1.0,0,1,0.0709827034414299,0.2406563354603464,0.0201005025125628,0.0357142857142857,"[('ATXN1', 'KEGG:04520'), ('RUNX1T1', 'KEGG:05200'), ('RUNX1T1', 'KEGG:01521'), ('RUNX1T1', 'KEGG:04010'), ('RUNX1T1', 'KEGG:04151'), ('RUNX1T1', 'KEGG:04510'), ('RUNX1T1', 'KEGG:05215'), ('RUNX1T1', 'KEGG:05205'), ('RUNX1T1', 'KEGG:04150'), ('RUNX1T1', 'KEGG:05214'), ('RUNX1T1', 'KEGG:04014'), ('RUNX1T1', 'KEGG:05161'), ('RUNX1T1', 'KEGG:01522'), ('RUNX1T1', 'KEGG:04722'), ('RUNX1T1', 'KEGG:05224'), ('RUNX1T1', 'KEGG:04926'), ('RUNX1T1', 'KEGG:04012'), ('RUNX1T1', 'KEGG:04068'), ('RUNX1T1', 'KEGG:04630'), ('RUNX1T1', 'KEGG:05225'), ('ENTPD1', 'KEGG:01521'), ('KCNJ2', 'KEGG:04520')]",0.6060606060606061,0.3269463061805153,luminal-b,functional_impact; pathway_reach,2.0
hsa-miR-193b-3p,hsa-miR-193b-3p,MicroRNA,1.0,0,1,0.0709827034414299,0.2406563354603464,0.0201005025125628,0.0357142857142857,"[('ATXN1', 'KEGG:04520'), ('RUNX1T1', 'KEGG:05200'), ('RUNX1T1', 'KEGG:01521'), ('RUNX1T1', 'KEGG:04010'), ('RUNX1T1', 'KEGG:04151'), ('RUNX1T1', 'KEGG:04510'), ('RUNX1T1', 'KEGG:05215'), ('RUNX1T1', 'KEGG:05205'), ('RUNX1T1', 'KEGG:04150'), ('RUNX1T1', 'KEGG:05214'), ('RUNX1T1', 'KEGG:04014'), ('RUNX1T1', 'KEGG:05161'), ('RUNX1T1', 'KEGG:01522'), ('RUNX1T1', 'KEGG:04722'), ('RUNX1T1', 'KEGG:05224'), ('RUNX1T1', 'KEGG:04926'), ('RUNX1T1', 'KEGG:04012'), ('RUNX1T1', 'KEGG:04068'), ('RUNX1T1', 'KEGG:04630'), ('RUNX1T1', 'KEGG:05225'), ('ENTPD1', 'KEGG:01521'), ('KCNJ2', 'KEGG:04520')]",0.6060606060606061,0.3269463061805153,luminal-b,functional_impact; pathway_reach,2.0
hsa-miR-193b-3p,hsa-miR-193b-3p,MicroRNA,1.0,0,1,0.0709827034414299,0.2406563354603464,0.0201005025125628,0.0357142857142857,"[('ATXN1', 'KEGG:04520'), ('RUNX1T1', 'KEGG:05200'), ('RUNX1T1', 'KEGG:01521'), ('RUNX1T1', 'KEGG:04010'), ('RUNX1T1', 'KEGG:04151'), ('RUNX1T1', 'KEGG:04510'), ('RUNX1T1', 'KEGG:05215'), ('RUNX1T1', 'KEGG:05205'), ('RUNX1T1', 'KEGG:04150'), ('RUNX1T1', 'KEGG:05214'), ('RUNX1T1', 'KEGG:04014'), ('RUNX1T1', 'KEGG:05161'), ('RUNX1T1', 'KEGG:01522'), ('RUNX1T1', 'KEGG:04722'), ('RUNX1T1', 'KEGG:05224'), ('RUNX1T1', 'KEGG:04926'), ('RUNX1T1', 'KEGG:04012'), ('RUNX1T1', 'KEGG:04068'), ('RUNX1T1', 'KEGG:04630'), ('RUNX1T1', 'KEGG:05225'), ('ENTPD1', 'KEGG:01521'), ('KCNJ2', 'KEGG:04520')]",0.6060606060606061,0.3269463061805153,luminal-b,functional_impact; pathway_reach,2.0
hsa-miR-193b-3p,hsa-miR-193b-3p,MicroRNA,1.0,0,1,0.0709827034414299,0.2406563354603464,0.0201005025125628,0.0357142857142857,"[('ATXN1', 'KEGG:04520'), ('RUNX1T1', 'KEGG:05200'), ('RUNX1T1', 'KEGG:01521'), ('RUNX1T1', 'KEGG:04010'), ('RUNX1T1', 'KEGG:04151'), ('RUNX1T1', 'KEGG:04510'), ('RUNX1T1', 'KEGG:05215'), ('RUNX1T1', 'KEGG:05205'), ('RUNX1T1', 'KEGG:04150'), ('RUNX1T1', 'KEGG:05214'), ('RUNX1T1', 'KEGG:04014'), ('RUNX1T1', 'KEGG:05161'), ('RUNX1T1', 'KEGG:01522'), ('RUNX1T1', 'KEGG:04722'), ('RUNX1T1', 'KEGG:05224'), ('RUNX1T1', 'KEGG:04926'), ('RUNX1T1', 'KEGG:04012'), ('RUNX1T1', 'KEGG:04068'), ('RUNX1T1', 'KEGG:04630'), ('RUNX1T1', 'KEGG:05225'), ('ENTPD1', 'KEGG:01521'), ('KCNJ2', 'KEGG:04520')]",0.6060606060606061,0.3269463061805153,luminal-b,functional_impact; pathway_reach,2.0
hsa-miR-193b-3p,hsa-miR-193b-3p,MicroRNA,1.0,0,1,0.0709827034414299,0.2406563354603464,0.0201005025125628,0.0357142857142857,"[('ATXN1', 'KEGG:04520'), ('RUNX1T1', 'KEGG:05200'), ('RUNX1T1', 'KEGG:01521'), ('RUNX1T1', 'KEGG:04010'), ('RUNX1T1', 'KEGG:04151'), ('RUNX1T1', 'KEGG:04510'), ('RUNX1T1', 'KEGG:05215'), ('RUNX1T1', 'KEGG:05205'), ('RUNX1T1', 'KEGG:04150'), ('RUNX1T1', 'KEGG:05214'), ('RUNX1T1', 'KEGG:04014'), ('RUNX1T1', 'KEGG:05161'), ('RUNX1T1', 'KEGG:01522'), ('RUNX1T1', 'KEGG:04722'), ('RUNX1T1', 'KEGG:05224'), ('RUNX1T1', 'KEGG:04926'), ('RUNX1T1', 'KEGG:04012'), ('RUNX1T1', 'KEGG:04068'), ('RUNX1T1', 'KEGG:04630'), ('RUNX1T1', 'KEGG:05225'), ('ENTPD1', 'KEGG:01521'), ('KCNJ2', 'KEGG:04520')]",0.6060606060606061,0.3269463061805153,luminal-b,functional_impact; pathway_reach,2.0
hsa-miR-193b-3p,hsa-miR-193b-3p,MicroRNA,1.0,0,1,0.0709827034414299,0.2406563354603464,0.0201005025125628,0.0357142857142857,"[('ATXN1', 'KEGG:04520'), ('RUNX1T1', 'KEGG:05200'), ('RUNX1T1', 'KEGG:01521'), ('RUNX1T1', 'KEGG:04010'), ('RUNX1T1', 'KEGG:04151'), ('RUNX1T1', 'KEGG:04510'), ('RUNX1T1', 'KEGG:05215'), ('RUNX1T1', 'KEGG:05205'), ('RUNX1T1', 'KEGG:04150'), ('RUNX1T1', 'KEGG:05214'), ('RUNX1T1', 'KEGG:04014'), ('RUNX1T1', 'KEGG:05161'), ('RUNX1T1', 'KEGG:01522'), ('RUNX1T1', 'KEGG:04722'), ('RUNX1T1', 'KEGG:05224'), ('RUNX1T1', 'KEGG:04926'), ('RUNX1T1', 'KEGG:04012'), ('RUNX1T1', 'KEGG:04068'), ('RUNX1T1', 'KEGG:04630'), ('RUNX1T1', 'KEGG:05225'), ('ENTPD1', 'KEGG:01521'), ('KCNJ2', 'KEGG:04520')]",0.6060606060606061,0.3269463061805153,luminal-b,functional_impact; pathway_reach,2.0
hsa-miR-193b-3p,hsa-miR-193b-3p,MicroRNA,1.0,0,1,0.0709827034414299,0.2406563354603464,0.0201005025125628,0.0357142857142857,"[('ATXN1', 'KEGG:04520'), ('RUNX1T1', 'KEGG:05200'), ('RUNX1T1', 'KEGG:01521'), ('RUNX1T1', 'KEGG:04010'), ('RUNX1T1', 'KEGG:04151'), ('RUNX1T1', 'KEGG:04510'), ('RUNX1T1', 'KEGG:05215'), ('RUNX1T1', 'KEGG:05205'), ('RUNX1T1', 'KEGG:04150'), ('RUNX1T1', 'KEGG:05214'), ('RUNX1T1', 'KEGG:04014'), ('RUNX1T1', 'KEGG:05161'), ('RUNX1T1', 'KEGG:01522'), ('RUNX1T1', 'KEGG:04722'), ('RUNX1T1', 'KEGG:05224'), ('RUNX1T1', 'KEGG:04926'), ('RUNX1T1', 'KEGG:04012'), ('RUNX1T1', 'KEGG:04068'), ('RUNX1T1', 'KEGG:04630'), ('RUNX1T1', 'KEGG:05225'), ('ENTPD1', 'KEGG:01521'), ('KCNJ2', 'KEGG:04520')]",0.6060606060606061,0.3269463061805153,luminal-b,functional_impact; pathway_reach,2.0
hsa-miR-193b-3p,hsa-miR-193b-3p,MicroRNA,1.0,0,1,0.0709827034414299,0.2406563354603464,0.0201005025125628,0.0357142857142857,"[('ATXN1', 'KEGG:04520'), ('RUNX1T1', 'KEGG:05200'), ('RUNX1T1', 'KEGG:01521'), ('RUNX1T1', 'KEGG:04010'), ('RUNX1T1', 'KEGG:04151'), ('RUNX1T1', 'KEGG:04510'), ('RUNX1T1', 'KEGG:05215'), ('RUNX1T1', 'KEGG:05205'), ('RUNX1T1', 'KEGG:04150'), ('RUNX1T1', 'KEGG:05214'), ('RUNX1T1', 'KEGG:04014'), ('RUNX1T1', 'KEGG:05161'), ('RUNX1T1', 'KEGG:01522'), ('RUNX1T1', 'KEGG:04722'), ('RUNX1T1', 'KEGG:05224'), ('RUNX1T1', 'KEGG:04926'), ('RUNX1T1', 'KEGG:04012'), ('RUNX1T1', 'KEGG:04068'), ('RUNX1T1', 'KEGG:04630'), ('RUNX1T1', 'KEGG:05225'), ('ENTPD1', 'KEGG:01521'), ('KCNJ2', 'KEGG:04520')]",0.6060606060606061,0.3269463061805153,luminal-b,functional_impact; pathway_reach,2.0
hsa-miR-193b-3p,hsa-miR-193b-3p,MicroRNA,1.0,0,1,0.0709827034414299,0.2406563354603464,0.0201005025125628,0.0357142857142857,"[('ATXN1', 'KEGG:04520'), ('RUNX1T1', 'KEGG:05200'), ('RUNX1T1', 'KEGG:01521'), ('RUNX1T1', 'KEGG:04010'), ('RUNX1T1', 'KEGG:04151'), ('RUNX1T1', 'KEGG:04510'), ('RUNX1T1', 'KEGG:05215'), ('RUNX1T1', 'KEGG:05205'), ('RUNX1T1', 'KEGG:04150'), ('RUNX1T1', 'KEGG:05214'), ('RUNX1T1', 'KEGG:04014'), ('RUNX1T1', 'KEGG:05161'), ('RUNX1T1', 'KEGG:01522'), ('RUNX1T1', 'KEGG:04722'), ('RUNX1T1', 'KEGG:05224'), ('RUNX1T1', 'KEGG:04926'), ('RUNX1T1', 'KEGG:04012'), ('RUNX1T1', 'KEGG:04068'), ('RUNX1T1', 'KEGG:04630'), ('RUNX1T1', 'KEGG:05225'), ('ENTPD1', 'KEGG:01521'), ('KCNJ2', 'KEGG:04520')]",0.6060606060606061,0.3269463061805153,luminal-b,functional_impact; pathway_reach,2.0
hsa-miR-193b-3p,hsa-miR-193b-3p,MicroRNA,1.0,0,1,0.0709827034414299,0.2406563354603464,0.0201005025125628,0.0357142857142857,"[('ATXN1', 'KEGG:04520'), ('RUNX1T1', 'KEGG:05200'), ('RUNX1T1', 'KEGG:01521'), ('RUNX1T1', 'KEGG:04010'), ('RUNX1T1', 'KEGG:04151'), ('RUNX1T1', 'KEGG:04510'), ('RUNX1T1', 'KEGG:05215'), ('RUNX1T1', 'KEGG:05205'), ('RUNX1T1', 'KEGG:04150'), ('RUNX1T1', 'KEGG:05214'), ('RUNX1T1', 'KEGG:04014'), ('RUNX1T1', 'KEGG:05161'), ('RUNX1T1', 'KEGG:01522'), ('RUNX1T1', 'KEGG:04722'), ('RUNX1T1', 'KEGG:05224'), ('RUNX1T1', 'KEGG:04926'), ('RUNX1T1', 'KEGG:04012'), ('RUNX1T1', 'KEGG:04068'), ('RUNX1T1', 'KEGG:04630'), ('RUNX1T1', 'KEGG:05225'), ('ENTPD1', 'KEGG:01521'), ('KCNJ2', 'KEGG:04520')]",0.6060606060606061,0.3269463061805153,luminal-b,functional_impact; pathway_reach,2.0
hsa-miR-193b-3p,hsa-miR-193b-3p,MicroRNA,1.0,0,1,0.0709827034414299,0.2406563354603464,0.0201005025125628,0.0357142857142857,"[('ATXN1', 'KEGG:04520'), ('RUNX1T1', 'KEGG:05200'), ('RUNX1T1', 'KEGG:01521'), ('RUNX1T1', 'KEGG:04010'), ('RUNX1T1', 'KEGG:04151'), ('RUNX1T1', 'KEGG:04510'), ('RUNX1T1', 'KEGG:05215'), ('RUNX1T1', 'KEGG:05205'), ('RUNX1T1', 'KEGG:04150'), ('RUNX1T1', 'KEGG:05214'), ('RUNX1T1', 'KEGG:04014'), ('RUNX1T1', 'KEGG:05161'), ('RUNX1T1', 'KEGG:01522'), ('RUNX1T1', 'KEGG:04722'), ('RUNX1T1', 'KEGG:05224'), ('RUNX1T1', 'KEGG:04926'), ('RUNX1T1', 'KEGG:04012'), ('RUNX1T1', 'KEGG:04068'), ('RUNX1T1', 'KEGG:04630'), ('RUNX1T1', 'KEGG:05225'), ('ENTPD1', 'KEGG:01521'), ('KCNJ2', 'KEGG:04520')]",0.6060606060606061,0.3269463061805153,luminal-b,functional_impact; pathway_reach,2.0
hsa-miR-193b-3p,hsa-miR-193b-3p,MicroRNA,1.0,0,1,0.0709827034414299,0.2406563354603464,0.0201005025125628,0.0357142857142857,"[('ATXN1', 'KEGG:04520'), ('RUNX1T1', 'KEGG:05200'), ('RUNX1T1', 'KEGG:01521'), ('RUNX1T1', 'KEGG:04010'), ('RUNX1T1', 'KEGG:04151'), ('RUNX1T1', 'KEGG:04510'), ('RUNX1T1', 'KEGG:05215'), ('RUNX1T1', 'KEGG:05205'), ('RUNX1T1', 'KEGG:04150'), ('RUNX1T1', 'KEGG:05214'), ('RUNX1T1', 'KEGG:04014'), ('RUNX1T1', 'KEGG:05161'), ('RUNX1T1', 'KEGG:01522'), ('RUNX1T1', 'KEGG:04722'), ('RUNX1T1', 'KEGG:05224'), ('RUNX1T1', 'KEGG:04926'), ('RUNX1T1', 'KEGG:04012'), ('RUNX1T1', 'KEGG:04068'), ('RUNX1T1', 'KEGG:04630'), ('RUNX1T1', 'KEGG:05225'), ('ENTPD1', 'KEGG:01521'), ('KCNJ2', 'KEGG:04520')]",0.6060606060606061,0.3269463061805153,luminal-b,functional_impact; pathway_reach,2.0
hsa-miR-193b-3p,hsa-miR-193b-3p,MicroRNA,1.0,0,1,0.0709827034414299,0.2406563354603464,0.0201005025125628,0.0357142857142857,"[('ATXN1', 'KEGG:04520'), ('RUNX1T1', 'KEGG:05200'), ('RUNX1T1', 'KEGG:01521'), ('RUNX1T1', 'KEGG:04010'), ('RUNX1T1', 'KEGG:04151'), ('RUNX1T1', 'KEGG:04510'), ('RUNX1T1', 'KEGG:05215'), ('RUNX1T1', 'KEGG:05205'), ('RUNX1T1', 'KEGG:04150'), ('RUNX1T1', 'KEGG:05214'), ('RUNX1T1', 'KEGG:04014'), ('RUNX1T1', 'KEGG:05161'), ('RUNX1T1', 'KEGG:01522'), ('RUNX1T1', 'KEGG:04722'), ('RUNX1T1', 'KEGG:05224'), ('RUNX1T1', 'KEGG:04926'), ('RUNX1T1', 'KEGG:04012'), ('RUNX1T1', 'KEGG:04068'), ('RUNX1T1', 'KEGG:04630'), ('RUNX1T1', 'KEGG:05225'), ('ENTPD1', 'KEGG:01521'), ('KCNJ2', 'KEGG:04520')]",0.6060606060606061,0.3269463061805153,luminal-b,functional_impact; pathway_reach,2.0
hsa-miR-193b-3p,hsa-miR-193b-3p,MicroRNA,1.0,0,1,0.0709827034414299,0.2406563354603464,0.0201005025125628,0.0357142857142857,"[('ATXN1', 'KEGG:04520'), ('RUNX1T1', 'KEGG:05200'), ('RUNX1T1', 'KEGG:01521'), ('RUNX1T1', 'KEGG:04010'), ('RUNX1T1', 'KEGG:04151'), ('RUNX1T1', 'KEGG:04510'), ('RUNX1T1', 'KEGG:05215'), ('RUNX1T1', 'KEGG:05205'), ('RUNX1T1', 'KEGG:04150'), ('RUNX1T1', 'KEGG:05214'), ('RUNX1T1', 'KEGG:04014'), ('RUNX1T1', 'KEGG:05161'), ('RUNX1T1', 'KEGG:01522'), ('RUNX1T1', 'KEGG:04722'), ('RUNX1T1', 'KEGG:05224'), ('RUNX1T1', 'KEGG:04926'), ('RUNX1T1', 'KEGG:04012'), ('RUNX1T1', 'KEGG:04068'), ('RUNX1T1', 'KEGG:04630'), ('RUNX1T1', 'KEGG:05225'), ('ENTPD1', 'KEGG:01521'), ('KCNJ2', 'KEGG:04520')]",0.6060606060606061,0.3269463061805153,luminal-b,functional_impact; pathway_reach,2.0
hsa-miR-193b-3p,hsa-miR-193b-3p,MicroRNA,1.0,0,1,0.0709827034414299,0.2406563354603464,0.0201005025125628,0.0357142857142857,"[('ATXN1', 'KEGG:04520'), ('RUNX1T1', 'KEGG:05200'), ('RUNX1T1', 'KEGG:01521'), ('RUNX1T1', 'KEGG:04010'), ('RUNX1T1', 'KEGG:04151'), ('RUNX1T1', 'KEGG:04510'), ('RUNX1T1', 'KEGG:05215'), ('RUNX1T1', 'KEGG:05205'), ('RUNX1T1', 'KEGG:04150'), ('RUNX1T1', 'KEGG:05214'), ('RUNX1T1', 'KEGG:04014'), ('RUNX1T1', 'KEGG:05161'), ('RUNX1T1', 'KEGG:01522'), ('RUNX1T1', 'KEGG:04722'), ('RUNX1T1', 'KEGG:05224'), ('RUNX1T1', 'KEGG:04926'), ('RUNX1T1', 'KEGG:04012'), ('RUNX1T1', 'KEGG:04068'), ('RUNX1T1', 'KEGG:04630'), ('RUNX1T1', 'KEGG:05225'), ('ENTPD1', 'KEGG:01521'), ('KCNJ2', 'KEGG:04520')]",0.6060606060606061,0.3269463061805153,luminal-b,functional_impact; pathway_reach,2.0
hsa-miR-193b-3p,hsa-miR-193b-3p,MicroRNA,1.0,0,1,0.0709827034414299,0.2406563354603464,0.0201005025125628,0.0357142857142857,"[('ATXN1', 'KEGG:04520'), ('RUNX1T1', 'KEGG:05200'), ('RUNX1T1', 'KEGG:01521'), ('RUNX1T1', 'KEGG:04010'), ('RUNX1T1', 'KEGG:04151'), ('RUNX1T1', 'KEGG:04510'), ('RUNX1T1', 'KEGG:05215'), ('RUNX1T1', 'KEGG:05205'), ('RUNX1T1', 'KEGG:04150'), ('RUNX1T1', 'KEGG:05214'), ('RUNX1T1', 'KEGG:04014'), ('RUNX1T1', 'KEGG:05161'), ('RUNX1T1', 'KEGG:01522'), ('RUNX1T1', 'KEGG:04722'), ('RUNX1T1', 'KEGG:05224'), ('RUNX1T1', 'KEGG:04926'), ('RUNX1T1', 'KEGG:04012'), ('RUNX1T1', 'KEGG:04068'), ('RUNX1T1', 'KEGG:04630'), ('RUNX1T1', 'KEGG:05225'), ('ENTPD1', 'KEGG:01521'), ('KCNJ2', 'KEGG:04520')]",0.6060606060606061,0.3269463061805153,luminal-b,functional_impact; pathway_reach,2.0
hsa-miR-193b-3p,hsa-miR-193b-3p,MicroRNA,1.0,0,1,0.0709827034414299,0.2406563354603464,0.0201005025125628,0.0357142857142857,"[('ATXN1', 'KEGG:04520'), ('RUNX1T1', 'KEGG:05200'), ('RUNX1T1', 'KEGG:01521'), ('RUNX1T1', 'KEGG:04010'), ('RUNX1T1', 'KEGG:04151'), ('RUNX1T1', 'KEGG:04510'), ('RUNX1T1', 'KEGG:05215'), ('RUNX1T1', 'KEGG:05205'), ('RUNX1T1', 'KEGG:04150'), ('RUNX1T1', 'KEGG:05214'), ('RUNX1T1', 'KEGG:04014'), ('RUNX1T1', 'KEGG:05161'), ('RUNX1T1', 'KEGG:01522'), ('RUNX1T1', 'KEGG:04722'), ('RUNX1T1', 'KEGG:05224'), ('RUNX1T1', 'KEGG:04926'), ('RUNX1T1', 'KEGG:04012'), ('RUNX1T1', 'KEGG:04068'), ('RUNX1T1', 'KEGG:04630'), ('RUNX1T1', 'KEGG:05225'), ('ENTPD1', 'KEGG:01521'), ('KCNJ2', 'KEGG:04520')]",0.6060606060606061,0.3269463061805153,luminal-b,functional_impact; pathway_reach,2.0
hsa-miR-193b-3p,hsa-miR-193b-3p,MicroRNA,1.0,0,1,0.0709827034414299,0.2406563354603464,0.0201005025125628,0.0357142857142857,"[('ATXN1', 'KEGG:04520'), ('RUNX1T1', 'KEGG:05200'), ('RUNX1T1', 'KEGG:01521'), ('RUNX1T1', 'KEGG:04010'), ('RUNX1T1', 'KEGG:04151'), ('RUNX1T1', 'KEGG:04510'), ('RUNX1T1', 'KEGG:05215'), ('RUNX1T1', 'KEGG:05205'), ('RUNX1T1', 'KEGG:04150'), ('RUNX1T1', 'KEGG:05214'), ('RUNX1T1', 'KEGG:04014'), ('RUNX1T1', 'KEGG:05161'), ('RUNX1T1', 'KEGG:01522'), ('RUNX1T1', 'KEGG:04722'), ('RUNX1T1', 'KEGG:05224'), ('RUNX1T1', 'KEGG:04926'), ('RUNX1T1', 'KEGG:04012'), ('RUNX1T1', 'KEGG:04068'), ('RUNX1T1', 'KEGG:04630'), ('RUNX1T1', 'KEGG:05225'), ('ENTPD1', 'KEGG:01521'), ('KCNJ2', 'KEGG:04520')]",0.6060606060606061,0.3269463061805153,luminal-b,functional_impact; pathway_reach,2.0
hsa-miR-193b-3p,hsa-miR-193b-3p,MicroRNA,1.0,0,1,0.0709827034414299,0.2406563354603464,0.0201005025125628,0.0357142857142857,"[('ATXN1', 'KEGG:04520'), ('RUNX1T1', 'KEGG:05200'), ('RUNX1T1', 'KEGG:01521'), ('RUNX1T1', 'KEGG:04010'), ('RUNX1T1', 'KEGG:04151'), ('RUNX1T1', 'KEGG:04510'), ('RUNX1T1', 'KEGG:05215'), ('RUNX1T1', 'KEGG:05205'), ('RUNX1T1', 'KEGG:04150'), ('RUNX1T1', 'KEGG:05214'), ('RUNX1T1', 'KEGG:04014'), ('RUNX1T1', 'KEGG:05161'), ('RUNX1T1', 'KEGG:01522'), ('RUNX1T1', 'KEGG:04722'), ('RUNX1T1', 'KEGG:05224'), ('RUNX1T1', 'KEGG:04926'), ('RUNX1T1', 'KEGG:04012'), ('RUNX1T1', 'KEGG:04068'), ('RUNX1T1', 'KEGG:04630'), ('RUNX1T1', 'KEGG:05225'), ('ENTPD1', 'KEGG:01521'), ('KCNJ2', 'KEGG:04520')]",0.6060606060606061,0.3269463061805153,luminal-b,functional_impact; pathway_reach,2.0
hsa-miR-193b-3p,hsa-miR-193b-3p,MicroRNA,1.0,0,1,0.0709827034414299,0.2406563354603464,0.0201005025125628,0.0357142857142857,"[('ATXN1', 'KEGG:04520'), ('RUNX1T1', 'KEGG:05200'), ('RUNX1T1', 'KEGG:01521'), ('RUNX1T1', 'KEGG:04010'), ('RUNX1T1', 'KEGG:04151'), ('RUNX1T1', 'KEGG:04510'), ('RUNX1T1', 'KEGG:05215'), ('RUNX1T1', 'KEGG:05205'), ('RUNX1T1', 'KEGG:04150'), ('RUNX1T1', 'KEGG:05214'), ('RUNX1T1', 'KEGG:04014'), ('RUNX1T1', 'KEGG:05161'), ('RUNX1T1', 'KEGG:01522'), ('RUNX1T1', 'KEGG:04722'), ('RUNX1T1', 'KEGG:05224'), ('RUNX1T1', 'KEGG:04926'), ('RUNX1T1', 'KEGG:04012'), ('RUNX1T1', 'KEGG:04068'), ('RUNX1T1', 'KEGG:04630'), ('RUNX1T1', 'KEGG:05225'), ('ENTPD1', 'KEGG:01521'), ('KCNJ2', 'KEGG:04520')]",0.6060606060606061,0.3269463061805153,luminal-b,functional_impact; pathway_reach,2.0
hsa-miR-27a-3p,hsa-miR-27a-3p,MicroRNA,1.0,0,1,0.045395213275268,0.1970149253731343,0.0226130653266331,0.0833333333333333,"[('BBX', 'KEGG:05200'), ('BBX', 'KEGG:04010'), ('BBX', 'KEGG:04151'), ('BBX', 'KEGG:04014'), ('BBX', 'KEGG:05218'), ('BBX', 'KEGG:05224'), ('AFF3', 'KEGG:05202')]",0.2121212121212121,0.3301666920629996,luminal-b,functional_impact; pathway_reach,2.0
hsa-miR-27a-3p,hsa-miR-27a-3p,MicroRNA,1.0,0,1,0.045395213275268,0.1970149253731343,0.0226130653266331,0.0833333333333333,"[('BBX', 'KEGG:05200'), ('BBX', 'KEGG:04010'), ('BBX', 'KEGG:04151'), ('BBX', 'KEGG:04014'), ('BBX', 'KEGG:05218'), ('BBX', 'KEGG:05224'), ('AFF3', 'KEGG:05202')]",0.2121212121212121,0.3301666920629996,luminal-b,functional_impact; pathway_reach,2.0
hsa-miR-27a-3p,hsa-miR-27a-3p,MicroRNA,1.0,0,1,0.045395213275268,0.1970149253731343,0.0226130653266331,0.0833333333333333,"[('BBX', 'KEGG:05200'), ('BBX', 'KEGG:04010'), ('BBX', 'KEGG:04151'), ('BBX', 'KEGG:04014'), ('BBX', 'KEGG:05218'), ('BBX', 'KEGG:05224'), ('AFF3', 'KEGG:05202')]",0.2121212121212121,0.3301666920629996,luminal-b,functional_impact; pathway_reach,2.0
hsa-miR-27a-3p,hsa-miR-27a-3p,MicroRNA,1.0,0,1,0.045395213275268,0.1970149253731343,0.0226130653266331,0.0833333333333333,"[('BBX', 'KEGG:05200'), ('BBX', 'KEGG:04010'), ('BBX', 'KEGG:04151'), ('BBX', 'KEGG:04014'), ('BBX', 'KEGG:05218'), ('BBX', 'KEGG:05224'), ('AFF3', 'KEGG:05202')]",0.2121212121212121,0.3301666920629996,luminal-b,functional_impact; pathway_reach,2.0
hsa-miR-27a-3p,hsa-miR-27a-3p,MicroRNA,1.0,0,1,0.045395213275268,0.1970149253731343,0.0226130653266331,0.0833333333333333,"[('BBX', 'KEGG:05200'), ('BBX', 'KEGG:04010'), ('BBX', 'KEGG:04151'), ('BBX', 'KEGG:04014'), ('BBX', 'KEGG:05218'), ('BBX', 'KEGG:05224'), ('AFF3', 'KEGG:05202')]",0.2121212121212121,0.3301666920629996,luminal-b,functional_impact; pathway_reach,2.0
hsa-miR-27a-3p,hsa-miR-27a-3p,MicroRNA,1.0,0,1,0.045395213275268,0.1970149253731343,0.0226130653266331,0.0833333333333333,"[('BBX', 'KEGG:05200'), ('BBX', 'KEGG:04010'), ('BBX', 'KEGG:04151'), ('BBX', 'KEGG:04014'), ('BBX', 'KEGG:05218'), ('BBX', 'KEGG:05224'), ('AFF3', 'KEGG:05202')]",0.2121212121212121,0.3301666920629996,luminal-b,functional_impact; pathway_reach,2.0
hsa-miR-27a-3p,hsa-miR-27a-3p,MicroRNA,1.0,0,1,0.045395213275268,0.1970149253731343,0.0226130653266331,0.0833333333333333,"[('BBX', 'KEGG:05200'), ('BBX', 'KEGG:04010'), ('BBX', 'KEGG:04151'), ('BBX', 'KEGG:04014'), ('BBX', 'KEGG:05218'), ('BBX', 'KEGG:05224'), ('AFF3', 'KEGG:05202')]",0.2121212121212121,0.3301666920629996,luminal-b,functional_impact; pathway_reach,2.0
hsa-miR-130b-3p,hsa-miR-130b-3p,MicroRNA,1.0,0,1,0.0870574470481133,0.2521489971346705,0.0276381909547738,0.0,"[('KIAA1217', 'KEGG:05200'), ('KIAA1217', 'KEGG:05205'), ('KIAA1217', 'KEGG:04550'), ('KIAA1217', 'KEGG:04218'), ('KIAA1217', 'KEGG:04144'), ('KIAA1217', 'KEGG:04926'), ('KIAA1217', 'KEGG:05225')]",0.2121212121212121,0.3163896145152161,luminal-b,pathway_reach,1.0
hsa-miR-130b-3p,hsa-miR-130b-3p,MicroRNA,1.0,0,1,0.0870574470481133,0.2521489971346705,0.0276381909547738,0.0,"[('KIAA1217', 'KEGG:05200'), ('KIAA1217', 'KEGG:05205'), ('KIAA1217', 'KEGG:04550'), ('KIAA1217', 'KEGG:04218'), ('KIAA1217', 'KEGG:04144'), ('KIAA1217', 'KEGG:04926'), ('KIAA1217', 'KEGG:05225')]",0.2121212121212121,0.3163896145152161,luminal-b,pathway_reach,1.0
hsa-miR-130b-3p,hsa-miR-130b-3p,MicroRNA,1.0,0,1,0.0870574470481133,0.2521489971346705,0.0276381909547738,0.0,"[('KIAA1217', 'KEGG:05200'), ('KIAA1217', 'KEGG:05205'), ('KIAA1217', 'KEGG:04550'), ('KIAA1217', 'KEGG:04218'), ('KIAA1217', 'KEGG:04144'), ('KIAA1217', 'KEGG:04926'), ('KIAA1217', 'KEGG:05225')]",0.2121212121212121,0.3163896145152161,luminal-b,pathway_reach,1.0
hsa-miR-130b-3p,hsa-miR-130b-3p,MicroRNA,1.0,0,1,0.0870574470481133,0.2521489971346705,0.0276381909547738,0.0,"[('KIAA1217', 'KEGG:05200'), ('KIAA1217', 'KEGG:05205'), ('KIAA1217', 'KEGG:04550'), ('KIAA1217', 'KEGG:04218'), ('KIAA1217', 'KEGG:04144'), ('KIAA1217', 'KEGG:04926'), ('KIAA1217', 'KEGG:05225')]",0.2121212121212121,0.3163896145152161,luminal-b,pathway_reach,1.0
hsa-miR-130b-3p,hsa-miR-130b-3p,MicroRNA,1.0,0,1,0.0870574470481133,0.2521489971346705,0.0276381909547738,0.0,"[('KIAA1217', 'KEGG:05200'), ('KIAA1217', 'KEGG:05205'), ('KIAA1217', 'KEGG:04550'), ('KIAA1217', 'KEGG:04218'), ('KIAA1217', 'KEGG:04144'), ('KIAA1217', 'KEGG:04926'), ('KIAA1217', 'KEGG:05225')]",0.2121212121212121,0.3163896145152161,luminal-b,pathway_reach,1.0
hsa-miR-130b-3p,hsa-miR-130b-3p,MicroRNA,1.0,0,1,0.0870574470481133,0.2521489971346705,0.0276381909547738,0.0,"[('KIAA1217', 'KEGG:05200'), ('KIAA1217', 'KEGG:05205'), ('KIAA1217', 'KEGG:04550'), ('KIAA1217', 'KEGG:04218'), ('KIAA1217', 'KEGG:04144'), ('KIAA1217', 'KEGG:04926'), ('KIAA1217', 'KEGG:05225')]",0.2121212121212121,0.3163896145152161,luminal-b,pathway_reach,1.0
hsa-miR-130b-3p,hsa-miR-130b-3p,MicroRNA,1.0,0,1,0.0870574470481133,0.2521489971346705,0.0276381909547738,0.0,"[('KIAA1217', 'KEGG:05200'), ('KIAA1217', 'KEGG:05205'), ('KIAA1217', 'KEGG:04550'), ('KIAA1217', 'KEGG:04218'), ('KIAA1217', 'KEGG:04144'), ('KIAA1217', 'KEGG:04926'), ('KIAA1217', 'KEGG:05225')]",0.2121212121212121,0.3163896145152161,luminal-b,pathway_reach,1.0
hsa-miR-148a-3p,hsa-miR-148a-3p,MicroRNA,1.0,0,1,0.1132208654287016,0.2404371584699453,0.0452261306532663,0.0,"[('SPIN1', 'KEGG:04144')]",0.0303030303030303,0.3652037577238127,luminal-b,functional_impact,1.0
hsa-miR-301a-3p,hsa-miR-301a-3p,MicroRNA,1.0,7,0,,,,,"[('PTPN14', 'KEGG:04152'), ('PTPN14', 'KEGG:04144')]",0.0606060606060606,0.2985131760796894,luminal-b,functional_impact,1.0
hsa-miR-301a-3p,hsa-miR-301a-3p,MicroRNA,1.0,7,0,,,,,"[('PTPN14', 'KEGG:04152'), ('PTPN14', 'KEGG:04144')]",0.0606060606060606,0.2985131760796894,luminal-b,functional_impact,1.0
DCUN1D3,DCUN1D3,Messenger RNA,0.0,0,1,0.0,0.3634826711749788,0.0151515151515151,,,,,luminal-b,,
DCUN1D3,DCUN1D3,Messenger RNA,0.0,0,1,0.0,0.4528650646950092,0.0303030303030303,,,,,luminal-b,,
MMP2,MMP2,Messenger RNA,0.0,0,1,0.0,0.3634826711749788,0.0151515151515151,,,,,luminal-b,,
MMP2,MMP2,Messenger RNA,0.0,0,1,0.0,0.4720616570327553,0.0303030303030303,,,,,luminal-b,,
KIRREL1,KIRREL1,Messenger RNA,0.0,0,1,0.0312607568322846,0.3815439219165927,0.0454545454545454,0.6666666666666666,,,,luminal-b,,
KIRREL1,KIRREL1,Messenger RNA,0.0,0,1,0.0007052036327558,0.5408388520971302,0.0909090909090909,1.0,,,,luminal-b,,
KIRREL1,KIRREL1,Messenger RNA,0.0,0,1,0.0312607568322846,0.3815439219165927,0.0454545454545454,0.6666666666666666,,,,luminal-b,,
KIRREL1,KIRREL1,Messenger RNA,0.0,0,1,0.0007052036327558,0.5408388520971302,0.0909090909090909,1.0,,,,luminal-b,,
KIRREL1,KIRREL1,Messenger RNA,0.0,0,1,0.0312607568322846,0.3815439219165927,0.0454545454545454,0.6666666666666666,,,,luminal-b,,
KIRREL1,KIRREL1,Messenger RNA,0.0,0,1,0.0007052036327558,0.5408388520971302,0.0909090909090909,1.0,,,,luminal-b,,
FNDC3B,FNDC3B,Messenger RNA,0.0,0,1,0.0098645797377895,0.370051635111876,0.0303030303030303,1.0,,,,luminal-b,,
FNDC3B,FNDC3B,Messenger RNA,0.0,0,1,0.0,0.4528650646950092,0.0303030303030303,,,,,luminal-b,,
ATXN1,ATXN1,Messenger RNA,0.0,0,1,0.0626687901079392,0.4099142040038132,0.0757575757575757,0.3,,,,luminal-b,,
ATXN1,ATXN1,Messenger RNA,1.0,0,1,0.0,0.4666666666666667,0.0303030303030303,,,,,luminal-b,,
RND3,RND3,Messenger RNA,0.0,0,1,0.0,0.274234693877551,0.0151515151515151,,,,,luminal-b,,
RND3,RND3,Messenger RNA,0.0,0,1,0.0,0.4794520547945205,0.0303030303030303,,,,,luminal-b,,
JAK1,JAK1,Messenger RNA,0.0,0,1,0.0,0.274234693877551,0.0151515151515151,,,,,luminal-b,,
JAK1,JAK1,Messenger RNA,0.0,0,1,0.0032355242200082,0.5710955710955711,0.1212121212121212,1.0,,,,luminal-b,,
JAK1,JAK1,Messenger RNA,0.0,0,1,0.0,0.274234693877551,0.0151515151515151,,,,,luminal-b,,
JAK1,JAK1,Messenger RNA,0.0,0,1,0.0032355242200082,0.5710955710955711,0.1212121212121212,1.0,,,,luminal-b,,
JAK1,JAK1,Messenger RNA,0.0,0,1,0.0,0.274234693877551,0.0151515151515151,,,,,luminal-b,,
JAK1,JAK1,Messenger RNA,0.0,0,1,0.0032355242200082,0.5710955710955711,0.1212121212121212,1.0,,,,luminal-b,,
JAK1,JAK1,Messenger RNA,0.0,0,1,0.0,0.274234693877551,0.0151515151515151,,,,,luminal-b,,
JAK1,JAK1,Messenger RNA,0.0,0,1,0.0032355242200082,0.5710955710955711,0.1212121212121212,1.0,,,,luminal-b,,
TMEM167A,TMEM167A,Messenger RNA,0.0,0,1,0.0,0.274234693877551,0.0151515151515151,,,,,luminal-b,,
TMEM167A,TMEM167A,Messenger RNA,0.0,0,1,0.0122624802122485,0.5903614457831325,0.2424242424242424,0.8928571428571429,,,,luminal-b,,
TMEM167A,TMEM167A,Messenger RNA,0.0,0,1,0.0,0.274234693877551,0.0151515151515151,,,,,luminal-b,,
TMEM167A,TMEM167A,Messenger RNA,0.0,0,1,0.0122624802122485,0.5903614457831325,0.2424242424242424,0.8928571428571429,,,,luminal-b,,
TMEM167A,TMEM167A,Messenger RNA,0.0,0,1,0.0,0.274234693877551,0.0151515151515151,,,,,luminal-b,,
TMEM167A,TMEM167A,Messenger RNA,0.0,0,1,0.0122624802122485,0.5903614457831325,0.2424242424242424,0.8928571428571429,,,,luminal-b,,
TMEM167A,TMEM167A,Messenger RNA,0.0,0,1,0.0,0.274234693877551,0.0151515151515151,,,,,luminal-b,,
TMEM167A,TMEM167A,Messenger RNA,0.0,0,1,0.0122624802122485,0.5903614457831325,0.2424242424242424,0.8928571428571429,,,,luminal-b,,
TMEM167A,TMEM167A,Messenger RNA,0.0,0,1,0.0,0.274234693877551,0.0151515151515151,,,,,luminal-b,,
TMEM167A,TMEM167A,Messenger RNA,0.0,0,1,0.0122624802122485,0.5903614457831325,0.2424242424242424,0.8928571428571429,,,,luminal-b,,
TMEM167A,TMEM167A,Messenger RNA,0.0,0,1,0.0,0.274234693877551,0.0151515151515151,,,,,luminal-b,,
TMEM167A,TMEM167A,Messenger RNA,0.0,0,1,0.0122624802122485,0.5903614457831325,0.2424242424242424,0.8928571428571429,,,,luminal-b,,
TMEM167A,TMEM167A,Messenger RNA,0.0,0,1,0.0,0.274234693877551,0.0151515151515151,,,,,luminal-b,,
TMEM167A,TMEM167A,Messenger RNA,0.0,0,1,0.0122624802122485,0.5903614457831325,0.2424242424242424,0.8928571428571429,,,,luminal-b,,
TMEM167A,TMEM167A,Messenger RNA,0.0,0,1,0.0,0.274234693877551,0.0151515151515151,,,,,luminal-b,,
TMEM167A,TMEM167A,Messenger RNA,0.0,0,1,0.0122624802122485,0.5903614457831325,0.2424242424242424,0.8928571428571429,,,,luminal-b,,
TMTC3,TMTC3,Messenger RNA,0.0,0,1,0.0146340739098944,0.3242835595776772,0.0303030303030303,0.0,,,,luminal-b,,
TMTC3,TMTC3,Messenger RNA,3.0,0,1,0.0,0.4720616570327553,0.0303030303030303,,,,,luminal-b,,
ABHD5,ABHD5,Messenger RNA,0.0,0,1,0.0,0.2723242558581381,0.0151515151515151,,,,,luminal-b,,
ABHD5,ABHD5,Messenger RNA,0.0,0,1,0.0,0.481335952848723,0.0303030303030303,,,,,luminal-b,,
SLC16A14,SLC16A14,Messenger RNA,0.0,0,1,0.0,0.2723242558581381,0.0151515151515151,,,,,luminal-b,,
SLC16A14,SLC16A14,Messenger RNA,0.0,0,1,0.0,0.4969574036511156,0.0303030303030303,,,,,luminal-b,,
MEST,MEST,Messenger RNA,0.0,0,1,0.0,0.2723242558581381,0.0151515151515151,,,,,luminal-b,,
MEST,MEST,Messenger RNA,0.0,0,1,0.000661425063039,0.5580865603644647,0.0909090909090909,1.0,,,,luminal-b,,
MEST,MEST,Messenger RNA,0.0,0,1,0.0,0.2723242558581381,0.0151515151515151,,,,,luminal-b,,
MEST,MEST,Messenger RNA,0.0,0,1,0.000661425063039,0.5580865603644647,0.0909090909090909,1.0,,,,luminal-b,,
MEST,MEST,Messenger RNA,0.0,0,1,0.0,0.2723242558581381,0.0151515151515151,,,,,luminal-b,,
MEST,MEST,Messenger RNA,0.0,0,1,0.000661425063039,0.5580865603644647,0.0909090909090909,1.0,,,,luminal-b,,
DZIP1,DZIP1,Messenger RNA,0.0,0,1,0.0107186267188365,0.3675213675213675,0.0303030303030303,1.0,,,,luminal-b,,
DZIP1,DZIP1,Messenger RNA,0.0,0,1,0.0286232613877153,0.6712328767123288,0.4242424242424242,1.0,,,,luminal-b,,
DZIP1,DZIP1,Messenger RNA,0.0,0,1,0.0107186267188365,0.3675213675213675,0.0303030303030303,1.0,,,,luminal-b,,
DZIP1,DZIP1,Messenger RNA,0.0,0,1,0.0286232613877153,0.6712328767123288,0.4242424242424242,1.0,,,,luminal-b,,
DZIP1,DZIP1,Messenger RNA,0.0,0,1,0.0107186267188365,0.3675213675213675,0.0303030303030303,1.0,,,,luminal-b,,
DZIP1,DZIP1,Messenger RNA,0.0,0,1,0.0286232613877153,0.6712328767123288,0.4242424242424242,1.0,,,,luminal-b,,
DZIP1,DZIP1,Messenger RNA,0.0,0,1,0.0107186267188365,0.3675213675213675,0.0303030303030303,1.0,,,,luminal-b,,
DZIP1,DZIP1,Messenger RNA,0.0,0,1,0.0286232613877153,0.6712328767123288,0.4242424242424242,1.0,,,,luminal-b,,
DZIP1,DZIP1,Messenger RNA,0.0,0,1,0.0107186267188365,0.3675213675213675,0.0303030303030303,1.0,,,,luminal-b,,
DZIP1,DZIP1,Messenger RNA,0.0,0,1,0.0286232613877153,0.6712328767123288,0.4242424242424242,1.0,,,,luminal-b,,
DZIP1,DZIP1,Messenger RNA,0.0,0,1,0.0107186267188365,0.3675213675213675,0.0303030303030303,1.0,,,,luminal-b,,
DZIP1,DZIP1,Messenger RNA,0.0,0,1,0.0286232613877153,0.6712328767123288,0.4242424242424242,1.0,,,,luminal-b,,
DZIP1,DZIP1,Messenger RNA,0.0,0,1,0.0107186267188365,0.3675213675213675,0.0303030303030303,1.0,,,,luminal-b,,
DZIP1,DZIP1,Messenger RNA,0.0,0,1,0.0286232613877153,0.6712328767123288,0.4242424242424242,1.0,,,,luminal-b,,
DZIP1,DZIP1,Messenger RNA,0.0,0,1,0.0107186267188365,0.3675213675213675,0.0303030303030303,1.0,,,,luminal-b,,
DZIP1,DZIP1,Messenger RNA,0.0,0,1,0.0286232613877153,0.6712328767123288,0.4242424242424242,1.0,,,,luminal-b,,
DZIP1,DZIP1,Messenger RNA,0.0,0,1,0.0107186267188365,0.3675213675213675,0.0303030303030303,1.0,,,,luminal-b,,
DZIP1,DZIP1,Messenger RNA,0.0,0,1,0.0286232613877153,0.6712328767123288,0.4242424242424242,1.0,,,,luminal-b,,
DZIP1,DZIP1,Messenger RNA,0.0,0,1,0.0107186267188365,0.3675213675213675,0.0303030303030303,1.0,,,,luminal-b,,
DZIP1,DZIP1,Messenger RNA,0.0,0,1,0.0286232613877153,0.6712328767123288,0.4242424242424242,1.0,,,,luminal-b,,
DZIP1,DZIP1,Messenger RNA,0.0,0,1,0.0107186267188365,0.3675213675213675,0.0303030303030303,1.0,,,,luminal-b,,
DZIP1,DZIP1,Messenger RNA,0.0,0,1,0.0286232613877153,0.6712328767123288,0.4242424242424242,1.0,,,,luminal-b,,
DZIP1,DZIP1,Messenger RNA,0.0,0,1,0.0107186267188365,0.3675213675213675,0.0303030303030303,1.0,,,,luminal-b,,
DZIP1,DZIP1,Messenger RNA,0.0,0,1,0.0286232613877153,0.6712328767123288,0.4242424242424242,1.0,,,,luminal-b,,
DZIP1,DZIP1,Messenger RNA,0.0,0,1,0.0107186267188365,0.3675213675213675,0.0303030303030303,1.0,,,,luminal-b,,
DZIP1,DZIP1,Messenger RNA,0.0,0,1,0.0286232613877153,0.6712328767123288,0.4242424242424242,1.0,,,,luminal-b,,
DZIP1,DZIP1,Messenger RNA,0.0,0,1,0.0107186267188365,0.3675213675213675,0.0303030303030303,1.0,,,,luminal-b,,
DZIP1,DZIP1,Messenger RNA,0.0,0,1,0.0286232613877153,0.6712328767123288,0.4242424242424242,1.0,,,,luminal-b,,
JCAD,JCAD,Messenger RNA,0.0,0,1,0.0313319935486492,0.3527481542247744,0.0454545454545454,0.0,,,,luminal-b,,
JCAD,JCAD,Messenger RNA,0.0,0,1,0.0057205200539642,0.5875299760191847,0.2424242424242424,1.0,,,,luminal-b,,
JCAD,JCAD,Messenger RNA,0.0,0,1,0.0313319935486492,0.3527481542247744,0.0454545454545454,0.0,,,,luminal-b,,
JCAD,JCAD,Messenger RNA,0.0,0,1,0.0057205200539642,0.5875299760191847,0.2424242424242424,1.0,,,,luminal-b,,
JCAD,JCAD,Messenger RNA,0.0,0,1,0.0313319935486492,0.3527481542247744,0.0454545454545454,0.0,,,,luminal-b,,
JCAD,JCAD,Messenger RNA,0.0,0,1,0.0057205200539642,0.5875299760191847,0.2424242424242424,1.0,,,,luminal-b,,
JCAD,JCAD,Messenger RNA,0.0,0,1,0.0313319935486492,0.3527481542247744,0.0454545454545454,0.0,,,,luminal-b,,
JCAD,JCAD,Messenger RNA,0.0,0,1,0.0057205200539642,0.5875299760191847,0.2424242424242424,1.0,,,,luminal-b,,
JCAD,JCAD,Messenger RNA,0.0,0,1,0.0313319935486492,0.3527481542247744,0.0454545454545454,0.0,,,,luminal-b,,
JCAD,JCAD,Messenger RNA,0.0,0,1,0.0057205200539642,0.5875299760191847,0.2424242424242424,1.0,,,,luminal-b,,
JCAD,JCAD,Messenger RNA,0.0,0,1,0.0313319935486492,0.3527481542247744,0.0454545454545454,0.0,,,,luminal-b,,
JCAD,JCAD,Messenger RNA,0.0,0,1,0.0057205200539642,0.5875299760191847,0.2424242424242424,1.0,,,,luminal-b,,
JCAD,JCAD,Messenger RNA,0.0,0,1,0.0313319935486492,0.3527481542247744,0.0454545454545454,0.0,,,,luminal-b,,
JCAD,JCAD,Messenger RNA,0.0,0,1,0.0057205200539642,0.5875299760191847,0.2424242424242424,1.0,,,,luminal-b,,
JCAD,JCAD,Messenger RNA,0.0,0,1,0.0313319935486492,0.3527481542247744,0.0454545454545454,0.0,,,,luminal-b,,
JCAD,JCAD,Messenger RNA,0.0,0,1,0.0057205200539642,0.5875299760191847,0.2424242424242424,1.0,,,,luminal-b,,
ZSWIM4,ZSWIM4,Messenger RNA,0.0,0,1,0.0,0.3448275862068966,0.0151515151515151,,,,,luminal-b,,
ZSWIM4,ZSWIM4,Messenger RNA,0.0,0,1,0.0,0.4702495201535508,0.0303030303030303,,,,,luminal-b,,
LRRC8A,LRRC8A,Messenger RNA,0.0,0,1,0.0,0.3448275862068966,0.0151515151515151,,,,,luminal-b,,
LRRC8A,LRRC8A,Messenger RNA,0.0,0,1,0.0008221910911659,0.5530474040632054,0.0909090909090909,1.0,,,,luminal-b,,
LRRC8A,LRRC8A,Messenger RNA,0.0,0,1,0.0,0.3448275862068966,0.0151515151515151,,,,,luminal-b,,
LRRC8A,LRRC8A,Messenger RNA,0.0,0,1,0.0008221910911659,0.5530474040632054,0.0909090909090909,1.0,,,,luminal-b,,
LRRC8A,LRRC8A,Messenger RNA,0.0,0,1,0.0,0.3448275862068966,0.0151515151515151,,,,,luminal-b,,
LRRC8A,LRRC8A,Messenger RNA,0.0,0,1,0.0008221910911659,0.5530474040632054,0.0909090909090909,1.0,,,,luminal-b,,
ERG,ERG,Messenger RNA,0.0,0,1,0.0,0.3448275862068966,0.0151515151515151,,,,,luminal-b,,
ERG,ERG,Messenger RNA,1.0,0,1,0.0783929834776315,0.7060518731988472,0.5151515151515151,0.8970588235294118,,,,luminal-b,,
ERG,ERG,Messenger RNA,0.0,0,1,0.0,0.3448275862068966,0.0151515151515151,,,,,luminal-b,,
ERG,ERG,Messenger RNA,1.0,0,1,0.0783929834776315,0.7060518731988472,0.5151515151515151,0.8970588235294118,,,,luminal-b,,
ERG,ERG,Messenger RNA,0.0,0,1,0.0,0.3448275862068966,0.0151515151515151,,,,,luminal-b,,
ERG,ERG,Messenger RNA,1.0,0,1,0.0783929834776315,0.7060518731988472,0.5151515151515151,0.8970588235294118,,,,luminal-b,,
ERG,ERG,Messenger RNA,0.0,0,1,0.0,0.3448275862068966,0.0151515151515151,,,,,luminal-b,,
ERG,ERG,Messenger RNA,1.0,0,1,0.0783929834776315,0.7060518731988472,0.5151515151515151,0.8970588235294118,,,,luminal-b,,
ERG,ERG,Messenger RNA,0.0,0,1,0.0,0.3448275862068966,0.0151515151515151,,,,,luminal-b,,
ERG,ERG,Messenger RNA,1.0,0,1,0.0783929834776315,0.7060518731988472,0.5151515151515151,0.8970588235294118,,,,luminal-b,,
ERG,ERG,Messenger RNA,0.0,0,1,0.0,0.3448275862068966,0.0151515151515151,,,,,luminal-b,,
ERG,ERG,Messenger RNA,1.0,0,1,0.0783929834776315,0.7060518731988472,0.5151515151515151,0.8970588235294118,,,,luminal-b,,
ERG,ERG,Messenger RNA,0.0,0,1,0.0,0.3448275862068966,0.0151515151515151,,,,,luminal-b,,
ERG,ERG,Messenger RNA,1.0,0,1,0.0783929834776315,0.7060518731988472,0.5151515151515151,0.8970588235294118,,,,luminal-b,,
ERG,ERG,Messenger RNA,0.0,0,1,0.0,0.3448275862068966,0.0151515151515151,,,,,luminal-b,,
ERG,ERG,Messenger RNA,1.0,0,1,0.0783929834776315,0.7060518731988472,0.5151515151515151,0.8970588235294118,,,,luminal-b,,
ERG,ERG,Messenger RNA,0.0,0,1,0.0,0.3448275862068966,0.0151515151515151,,,,,luminal-b,,
ERG,ERG,Messenger RNA,1.0,0,1,0.0783929834776315,0.7060518731988472,0.5151515151515151,0.8970588235294118,,,,luminal-b,,
ERG,ERG,Messenger RNA,0.0,0,1,0.0,0.3448275862068966,0.0151515151515151,,,,,luminal-b,,
ERG,ERG,Messenger RNA,1.0,0,1,0.0783929834776315,0.7060518731988472,0.5151515151515151,0.8970588235294118,,,,luminal-b,,
ERG,ERG,Messenger RNA,0.0,0,1,0.0,0.3448275862068966,0.0151515151515151,,,,,luminal-b,,
ERG,ERG,Messenger RNA,1.0,0,1,0.0783929834776315,0.7060518731988472,0.5151515151515151,0.8970588235294118,,,,luminal-b,,
ERG,ERG,Messenger RNA,0.0,0,1,0.0,0.3448275862068966,0.0151515151515151,,,,,luminal-b,,
ERG,ERG,Messenger RNA,1.0,0,1,0.0783929834776315,0.7060518731988472,0.5151515151515151,0.8970588235294118,,,,luminal-b,,
ERG,ERG,Messenger RNA,0.0,0,1,0.0,0.3448275862068966,0.0151515151515151,,,,,luminal-b,,
ERG,ERG,Messenger RNA,1.0,0,1,0.0783929834776315,0.7060518731988472,0.5151515151515151,0.8970588235294118,,,,luminal-b,,
ERG,ERG,Messenger RNA,0.0,0,1,0.0,0.3448275862068966,0.0151515151515151,,,,,luminal-b,,
ERG,ERG,Messenger RNA,1.0,0,1,0.0783929834776315,0.7060518731988472,0.5151515151515151,0.8970588235294118,,,,luminal-b,,
ERG,ERG,Messenger RNA,0.0,0,1,0.0,0.3448275862068966,0.0151515151515151,,,,,luminal-b,,
ERG,ERG,Messenger RNA,1.0,0,1,0.0783929834776315,0.7060518731988472,0.5151515151515151,0.8970588235294118,,,,luminal-b,,
ERG,ERG,Messenger RNA,0.0,0,1,0.0,0.3448275862068966,0.0151515151515151,,,,,luminal-b,,
ERG,ERG,Messenger RNA,1.0,0,1,0.0783929834776315,0.7060518731988472,0.5151515151515151,0.8970588235294118,,,,luminal-b,,
ERG,ERG,Messenger RNA,0.0,0,1,0.0,0.3448275862068966,0.0151515151515151,,,,,luminal-b,,
ERG,ERG,Messenger RNA,1.0,0,1,0.0783929834776315,0.7060518731988472,0.5151515151515151,0.8970588235294118,,,,luminal-b,,
KLF12,KLF12,Messenger RNA,0.0,0,1,0.085417852990404,0.3788546255506608,0.0606060606060606,0.3333333333333333,,,,luminal-b,,
KLF12,KLF12,Messenger RNA,0.0,0,1,0.0,0.4832347140039448,0.0303030303030303,,,,,luminal-b,,
FNDC3B,FNDC3B,Messenger RNA,0.0,0,1,0.0098645797377895,0.370051635111876,0.0303030303030303,1.0,,,,luminal-b,,
FNDC3B,FNDC3B,Messenger RNA,0.0,0,1,0.0,0.4528650646950092,0.0303030303030303,,,,,luminal-b,,
PMEPA1,PMEPA1,Messenger RNA,0.0,0,1,0.0,0.3109182935647144,0.0151515151515151,,,,,luminal-b,,
PMEPA1,PMEPA1,Messenger RNA,0.0,0,1,0.0229705015670159,0.6568364611260054,0.3636363636363636,1.0,,,,luminal-b,,
PMEPA1,PMEPA1,Messenger RNA,0.0,0,1,0.0,0.3109182935647144,0.0151515151515151,,,,,luminal-b,,
PMEPA1,PMEPA1,Messenger RNA,0.0,0,1,0.0229705015670159,0.6568364611260054,0.3636363636363636,1.0,,,,luminal-b,,
PMEPA1,PMEPA1,Messenger RNA,0.0,0,1,0.0,0.3109182935647144,0.0151515151515151,,,,,luminal-b,,
PMEPA1,PMEPA1,Messenger RNA,0.0,0,1,0.0229705015670159,0.6568364611260054,0.3636363636363636,1.0,,,,luminal-b,,
PMEPA1,PMEPA1,Messenger RNA,0.0,0,1,0.0,0.3109182935647144,0.0151515151515151,,,,,luminal-b,,
PMEPA1,PMEPA1,Messenger RNA,0.0,0,1,0.0229705015670159,0.6568364611260054,0.3636363636363636,1.0,,,,luminal-b,,
PMEPA1,PMEPA1,Messenger RNA,0.0,0,1,0.0,0.3109182935647144,0.0151515151515151,,,,,luminal-b,,
PMEPA1,PMEPA1,Messenger RNA,0.0,0,1,0.0229705015670159,0.6568364611260054,0.3636363636363636,1.0,,,,luminal-b,,
PMEPA1,PMEPA1,Messenger RNA,0.0,0,1,0.0,0.3109182935647144,0.0151515151515151,,,,,luminal-b,,
PMEPA1,PMEPA1,Messenger RNA,0.0,0,1,0.0229705015670159,0.6568364611260054,0.3636363636363636,1.0,,,,luminal-b,,
PMEPA1,PMEPA1,Messenger RNA,0.0,0,1,0.0,0.3109182935647144,0.0151515151515151,,,,,luminal-b,,
PMEPA1,PMEPA1,Messenger RNA,0.0,0,1,0.0229705015670159,0.6568364611260054,0.3636363636363636,1.0,,,,luminal-b,,
PMEPA1,PMEPA1,Messenger RNA,0.0,0,1,0.0,0.3109182935647144,0.0151515151515151,,,,,luminal-b,,
PMEPA1,PMEPA1,Messenger RNA,0.0,0,1,0.0229705015670159,0.6568364611260054,0.3636363636363636,1.0,,,,luminal-b,,
PMEPA1,PMEPA1,Messenger RNA,0.0,0,1,0.0,0.3109182935647144,0.0151515151515151,,,,,luminal-b,,
PMEPA1,PMEPA1,Messenger RNA,0.0,0,1,0.0229705015670159,0.6568364611260054,0.3636363636363636,1.0,,,,luminal-b,,
PMEPA1,PMEPA1,Messenger RNA,0.0,0,1,0.0,0.3109182935647144,0.0151515151515151,,,,,luminal-b,,
PMEPA1,PMEPA1,Messenger RNA,0.0,0,1,0.0229705015670159,0.6568364611260054,0.3636363636363636,1.0,,,,luminal-b,,
PMEPA1,PMEPA1,Messenger RNA,0.0,0,1,0.0,0.3109182935647144,0.0151515151515151,,,,,luminal-b,,
PMEPA1,PMEPA1,Messenger RNA,0.0,0,1,0.0229705015670159,0.6568364611260054,0.3636363636363636,1.0,,,,luminal-b,,
PMEPA1,PMEPA1,Messenger RNA,0.0,0,1,0.0,0.3109182935647144,0.0151515151515151,,,,,luminal-b,,
PMEPA1,PMEPA1,Messenger RNA,0.0,0,1,0.0229705015670159,0.6568364611260054,0.3636363636363636,1.0,,,,luminal-b,,
GRAP2,GRAP2,Messenger RNA,0.0,0,1,0.0,0.2788586251621271,0.0151515151515151,,,,,luminal-b,,
GRAP2,GRAP2,Messenger RNA,0.0,0,1,0.0,0.4528650646950092,0.0303030303030303,,,,,luminal-b,,
UBASH3B,UBASH3B,Messenger RNA,0.0,0,1,0.0,0.2551928783382789,0.0151515151515151,,,,,luminal-b,,
UBASH3B,UBASH3B,Messenger RNA,0.0,0,1,0.0,0.4720616570327553,0.0303030303030303,,,,,luminal-b,,
TSPAN2,TSPAN2,Messenger RNA,0.0,0,1,0.0,0.3143274853801169,0.0151515151515151,,,,,luminal-b,,
TSPAN2,TSPAN2,Messenger RNA,0.0,0,1,0.0011731107484854,0.5737704918032787,0.1212121212121212,1.0,,,,luminal-b,,
TSPAN2,TSPAN2,Messenger RNA,0.0,0,1,0.0,0.3143274853801169,0.0151515151515151,,,,,luminal-b,,
TSPAN2,TSPAN2,Messenger RNA,0.0,0,1,0.0011731107484854,0.5737704918032787,0.1212121212121212,1.0,,,,luminal-b,,
TSPAN2,TSPAN2,Messenger RNA,0.0,0,1,0.0,0.3143274853801169,0.0151515151515151,,,,,luminal-b,,
TSPAN2,TSPAN2,Messenger RNA,0.0,0,1,0.0011731107484854,0.5737704918032787,0.1212121212121212,1.0,,,,luminal-b,,
TSPAN2,TSPAN2,Messenger RNA,0.0,0,1,0.0,0.3143274853801169,0.0151515151515151,,,,,luminal-b,,
TSPAN2,TSPAN2,Messenger RNA,0.0,0,1,0.0011731107484854,0.5737704918032787,0.1212121212121212,1.0,,,,luminal-b,,
FTO,FTO,Messenger RNA,0.0,0,1,0.0036242979897535,0.3235515425131678,0.0303030303030303,1.0,,,,luminal-b,,
FTO,FTO,Messenger RNA,0.0,0,1,0.0,0.4648956356736243,0.0303030303030303,,,,,luminal-b,,
RAP2B,RAP2B,Messenger RNA,0.0,0,1,0.0,0.3143274853801169,0.0151515151515151,,,,,luminal-b,,
RAP2B,RAP2B,Messenger RNA,0.0,0,1,0.0,0.4832347140039448,0.0303030303030303,,,,,luminal-b,,
KLF12,KLF12,Messenger RNA,0.0,0,1,0.085417852990404,0.3788546255506608,0.0606060606060606,0.3333333333333333,,,,luminal-b,,
KLF12,KLF12,Messenger RNA,0.0,0,1,0.0,0.4832347140039448,0.0303030303030303,,,,,luminal-b,,
TMTC3,TMTC3,Messenger RNA,0.0,0,1,0.0146340739098944,0.3242835595776772,0.0303030303030303,0.0,,,,luminal-b,,
TMTC3,TMTC3,Messenger RNA,3.0,0,1,0.0,0.4720616570327553,0.0303030303030303,,,,,luminal-b,,
MYEF2,MYEF2,Messenger RNA,0.0,0,1,0.0,0.2786779001944264,0.0151515151515151,,,,,luminal-b,,
MYEF2,MYEF2,Messenger RNA,2.0,0,1,0.0020449413756419,0.5791962174940898,0.1515151515151515,1.0,,,,luminal-b,,
MYEF2,MYEF2,Messenger RNA,0.0,0,1,0.0,0.2786779001944264,0.0151515151515151,,,,,luminal-b,,
MYEF2,MYEF2,Messenger RNA,2.0,0,1,0.0020449413756419,0.5791962174940898,0.1515151515151515,1.0,,,,luminal-b,,
MYEF2,MYEF2,Messenger RNA,0.0,0,1,0.0,0.2786779001944264,0.0151515151515151,,,,,luminal-b,,
MYEF2,MYEF2,Messenger RNA,2.0,0,1,0.0020449413756419,0.5791962174940898,0.1515151515151515,1.0,,,,luminal-b,,
MYEF2,MYEF2,Messenger RNA,0.0,0,1,0.0,0.2786779001944264,0.0151515151515151,,,,,luminal-b,,
MYEF2,MYEF2,Messenger RNA,2.0,0,1,0.0020449413756419,0.5791962174940898,0.1515151515151515,1.0,,,,luminal-b,,
MYEF2,MYEF2,Messenger RNA,0.0,0,1,0.0,0.2786779001944264,0.0151515151515151,,,,,luminal-b,,
MYEF2,MYEF2,Messenger RNA,2.0,0,1,0.0020449413756419,0.5791962174940898,0.1515151515151515,1.0,,,,luminal-b,,
ATXN1,ATXN1,Messenger RNA,0.0,0,1,0.0626687901079392,0.4099142040038132,0.0757575757575757,0.3,,,,luminal-b,,
ATXN1,ATXN1,Messenger RNA,1.0,0,1,0.0,0.4666666666666667,0.0303030303030303,,,,,luminal-b,,
RUNX1T1,RUNX1T1,Messenger RNA,0.0,0,1,0.0218790232156209,0.3640982218458933,0.0303030303030303,0.0,,,,luminal-b,,
RUNX1T1,RUNX1T1,Messenger RNA,0.0,0,1,0.0480219339206297,0.7101449275362319,0.5757575757575758,1.0,,,,luminal-b,,
RUNX1T1,RUNX1T1,Messenger RNA,0.0,0,1,0.0218790232156209,0.3640982218458933,0.0303030303030303,0.0,,,,luminal-b,,
RUNX1T1,RUNX1T1,Messenger RNA,0.0,0,1,0.0480219339206297,0.7101449275362319,0.5757575757575758,1.0,,,,luminal-b,,
RUNX1T1,RUNX1T1,Messenger RNA,0.0,0,1,0.0218790232156209,0.3640982218458933,0.0303030303030303,0.0,,,,luminal-b,,
RUNX1T1,RUNX1T1,Messenger RNA,0.0,0,1,0.0480219339206297,0.7101449275362319,0.5757575757575758,1.0,,,,luminal-b,,
RUNX1T1,RUNX1T1,Messenger RNA,0.0,0,1,0.0218790232156209,0.3640982218458933,0.0303030303030303,0.0,,,,luminal-b,,
RUNX1T1,RUNX1T1,Messenger RNA,0.0,0,1,0.0480219339206297,0.7101449275362319,0.5757575757575758,1.0,,,,luminal-b,,
RUNX1T1,RUNX1T1,Messenger RNA,0.0,0,1,0.0218790232156209,0.3640982218458933,0.0303030303030303,0.0,,,,luminal-b,,
RUNX1T1,RUNX1T1,Messenger RNA,0.0,0,1,0.0480219339206297,0.7101449275362319,0.5757575757575758,1.0,,,,luminal-b,,
RUNX1T1,RUNX1T1,Messenger RNA,0.0,0,1,0.0218790232156209,0.3640982218458933,0.0303030303030303,0.0,,,,luminal-b,,
RUNX1T1,RUNX1T1,Messenger RNA,0.0,0,1,0.0480219339206297,0.7101449275362319,0.5757575757575758,1.0,,,,luminal-b,,
RUNX1T1,RUNX1T1,Messenger RNA,0.0,0,1,0.0218790232156209,0.3640982218458933,0.0303030303030303,0.0,,,,luminal-b,,
RUNX1T1,RUNX1T1,Messenger RNA,0.0,0,1,0.0480219339206297,0.7101449275362319,0.5757575757575758,1.0,,,,luminal-b,,
RUNX1T1,RUNX1T1,Messenger RNA,0.0,0,1,0.0218790232156209,0.3640982218458933,0.0303030303030303,0.0,,,,luminal-b,,
RUNX1T1,RUNX1T1,Messenger RNA,0.0,0,1,0.0480219339206297,0.7101449275362319,0.5757575757575758,1.0,,,,luminal-b,,
RUNX1T1,RUNX1T1,Messenger RNA,0.0,0,1,0.0218790232156209,0.3640982218458933,0.0303030303030303,0.0,,,,luminal-b,,
RUNX1T1,RUNX1T1,Messenger RNA,0.0,0,1,0.0480219339206297,0.7101449275362319,0.5757575757575758,1.0,,,,luminal-b,,
RUNX1T1,RUNX1T1,Messenger RNA,0.0,0,1,0.0218790232156209,0.3640982218458933,0.0303030303030303,0.0,,,,luminal-b,,
RUNX1T1,RUNX1T1,Messenger RNA,0.0,0,1,0.0480219339206297,0.7101449275362319,0.5757575757575758,1.0,,,,luminal-b,,
RUNX1T1,RUNX1T1,Messenger RNA,0.0,0,1,0.0218790232156209,0.3640982218458933,0.0303030303030303,0.0,,,,luminal-b,,
RUNX1T1,RUNX1T1,Messenger RNA,0.0,0,1,0.0480219339206297,0.7101449275362319,0.5757575757575758,1.0,,,,luminal-b,,
RUNX1T1,RUNX1T1,Messenger RNA,0.0,0,1,0.0218790232156209,0.3640982218458933,0.0303030303030303,0.0,,,,luminal-b,,
RUNX1T1,RUNX1T1,Messenger RNA,0.0,0,1,0.0480219339206297,0.7101449275362319,0.5757575757575758,1.0,,,,luminal-b,,
RUNX1T1,RUNX1T1,Messenger RNA,0.0,0,1,0.0218790232156209,0.3640982218458933,0.0303030303030303,0.0,,,,luminal-b,,
RUNX1T1,RUNX1T1,Messenger RNA,0.0,0,1,0.0480219339206297,0.7101449275362319,0.5757575757575758,1.0,,,,luminal-b,,
RUNX1T1,RUNX1T1,Messenger RNA,0.0,0,1,0.0218790232156209,0.3640982218458933,0.0303030303030303,0.0,,,,luminal-b,,
RUNX1T1,RUNX1T1,Messenger RNA,0.0,0,1,0.0480219339206297,0.7101449275362319,0.5757575757575758,1.0,,,,luminal-b,,
RUNX1T1,RUNX1T1,Messenger RNA,0.0,0,1,0.0218790232156209,0.3640982218458933,0.0303030303030303,0.0,,,,luminal-b,,
RUNX1T1,RUNX1T1,Messenger RNA,0.0,0,1,0.0480219339206297,0.7101449275362319,0.5757575757575758,1.0,,,,luminal-b,,
RUNX1T1,RUNX1T1,Messenger RNA,0.0,0,1,0.0218790232156209,0.3640982218458933,0.0303030303030303,0.0,,,,luminal-b,,
RUNX1T1,RUNX1T1,Messenger RNA,0.0,0,1,0.0480219339206297,0.7101449275362319,0.5757575757575758,1.0,,,,luminal-b,,
RUNX1T1,RUNX1T1,Messenger RNA,0.0,0,1,0.0218790232156209,0.3640982218458933,0.0303030303030303,0.0,,,,luminal-b,,
RUNX1T1,RUNX1T1,Messenger RNA,0.0,0,1,0.0480219339206297,0.7101449275362319,0.5757575757575758,1.0,,,,luminal-b,,
RUNX1T1,RUNX1T1,Messenger RNA,0.0,0,1,0.0218790232156209,0.3640982218458933,0.0303030303030303,0.0,,,,luminal-b,,
RUNX1T1,RUNX1T1,Messenger RNA,0.0,0,1,0.0480219339206297,0.7101449275362319,0.5757575757575758,1.0,,,,luminal-b,,
RUNX1T1,RUNX1T1,Messenger RNA,0.0,0,1,0.0218790232156209,0.3640982218458933,0.0303030303030303,0.0,,,,luminal-b,,
RUNX1T1,RUNX1T1,Messenger RNA,0.0,0,1,0.0480219339206297,0.7101449275362319,0.5757575757575758,1.0,,,,luminal-b,,
ENTPD1,ENTPD1,Messenger RNA,0.0,0,1,0.0,0.3237951807228915,0.0151515151515151,,,,,luminal-b,,
ENTPD1,ENTPD1,Messenger RNA,0.0,0,1,0.0,0.4929577464788732,0.0303030303030303,,,,,luminal-b,,
KCNJ2,KCNJ2,Messenger RNA,0.0,0,1,0.0132329005285338,0.3429027113237639,0.0303030303030303,0.0,,,,luminal-b,,
KCNJ2,KCNJ2,Messenger RNA,0.0,0,1,0.0,0.4666666666666667,0.0303030303030303,,,,,luminal-b,,
BBX,BBX,Messenger RNA,0.0,0,1,0.0091999299312684,0.3426294820717131,0.0303030303030303,1.0,,,,luminal-b,,
BBX,BBX,Messenger RNA,1.0,0,1,0.0036770691673077,0.6049382716049383,0.1818181818181818,1.0,,,,luminal-b,,
BBX,BBX,Messenger RNA,0.0,0,1,0.0091999299312684,0.3426294820717131,0.0303030303030303,1.0,,,,luminal-b,,
BBX,BBX,Messenger RNA,1.0,0,1,0.0036770691673077,0.6049382716049383,0.1818181818181818,1.0,,,,luminal-b,,
BBX,BBX,Messenger RNA,0.0,0,1,0.0091999299312684,0.3426294820717131,0.0303030303030303,1.0,,,,luminal-b,,
BBX,BBX,Messenger RNA,1.0,0,1,0.0036770691673077,0.6049382716049383,0.1818181818181818,1.0,,,,luminal-b,,
BBX,BBX,Messenger RNA,0.0,0,1,0.0091999299312684,0.3426294820717131,0.0303030303030303,1.0,,,,luminal-b,,
BBX,BBX,Messenger RNA,1.0,0,1,0.0036770691673077,0.6049382716049383,0.1818181818181818,1.0,,,,luminal-b,,
BBX,BBX,Messenger RNA,0.0,0,1,0.0091999299312684,0.3426294820717131,0.0303030303030303,1.0,,,,luminal-b,,
BBX,BBX,Messenger RNA,1.0,0,1,0.0036770691673077,0.6049382716049383,0.1818181818181818,1.0,,,,luminal-b,,
BBX,BBX,Messenger RNA,0.0,0,1,0.0091999299312684,0.3426294820717131,0.0303030303030303,1.0,,,,luminal-b,,
BBX,BBX,Messenger RNA,1.0,0,1,0.0036770691673077,0.6049382716049383,0.1818181818181818,1.0,,,,luminal-b,,
AFF3,AFF3,Messenger RNA,0.0,0,1,0.0091999299312684,0.3426294820717131,0.0303030303030303,1.0,,,,luminal-b,,
AFF3,AFF3,Messenger RNA,1.0,0,1,0.0,0.4720616570327553,0.0303030303030303,,,,,luminal-b,,
KIAA1217,KIAA1217,Messenger RNA,0.0,0,1,0.0,0.3364632237871675,0.0151515151515151,,,,,luminal-b,,
KIAA1217,KIAA1217,Messenger RNA,0.0,0,1,0.0257665036659305,0.6298200514138818,0.2121212121212121,1.0,,,,luminal-b,,
KIAA1217,KIAA1217,Messenger RNA,0.0,0,1,0.0,0.3364632237871675,0.0151515151515151,,,,,luminal-b,,
KIAA1217,KIAA1217,Messenger RNA,0.0,0,1,0.0257665036659305,0.6298200514138818,0.2121212121212121,1.0,,,,luminal-b,,
KIAA1217,KIAA1217,Messenger RNA,0.0,0,1,0.0,0.3364632237871675,0.0151515151515151,,,,,luminal-b,,
KIAA1217,KIAA1217,Messenger RNA,0.0,0,1,0.0257665036659305,0.6298200514138818,0.2121212121212121,1.0,,,,luminal-b,,
KIAA1217,KIAA1217,Messenger RNA,0.0,0,1,0.0,0.3364632237871675,0.0151515151515151,,,,,luminal-b,,
KIAA1217,KIAA1217,Messenger RNA,0.0,0,1,0.0257665036659305,0.6298200514138818,0.2121212121212121,1.0,,,,luminal-b,,
KIAA1217,KIAA1217,Messenger RNA,0.0,0,1,0.0,0.3364632237871675,0.0151515151515151,,,,,luminal-b,,
KIAA1217,KIAA1217,Messenger RNA,0.0,0,1,0.0257665036659305,0.6298200514138818,0.2121212121212121,1.0,,,,luminal-b,,
KIAA1217,KIAA1217,Messenger RNA,0.0,0,1,0.0,0.3364632237871675,0.0151515151515151,,,,,luminal-b,,
KIAA1217,KIAA1217,Messenger RNA,0.0,0,1,0.0257665036659305,0.6298200514138818,0.2121212121212121,1.0,,,,luminal-b,,
KIAA1217,KIAA1217,Messenger RNA,0.0,0,1,0.0,0.3364632237871675,0.0151515151515151,,,,,luminal-b,,
KIAA1217,KIAA1217,Messenger RNA,0.0,0,1,0.0257665036659305,0.6298200514138818,0.2121212121212121,1.0,,,,luminal-b,,
SPIN1,SPIN1,Messenger RNA,0.0,0,1,0.0,0.3235515425131678,0.0151515151515151,,,,,luminal-b,,
SPIN1,SPIN1,Messenger RNA,0.0,0,1,0.0,0.4702495201535508,0.0303030303030303,,,,,luminal-b,,
PTPN14,PTPN14,Messenger RNA,3.0,7,0,,,,,,,,luminal-b,,
PTPN14,PTPN14,Messenger RNA,3.0,0,1,0.0019511780933125,0.5093555093555093,0.0606060606060606,1.0,,,,luminal-b,,
PTPN14,PTPN14,Messenger RNA,3.0,7,0,,,,,,,,luminal-b,,
PTPN14,PTPN14,Messenger RNA,3.0,0,1,0.0019511780933125,0.5093555093555093,0.0606060606060606,1.0,,,,luminal-b,,
KEGG:04310,Wnt signaling pathway,Pathway,0.0,0,1,0.0907291934562737,0.4243176178660049,0.1121495327102803,0.1212121212121212,,,,luminal-b,,
KEGG:04722,Neurotrophin signaling pathway,Pathway,0.0,0,1,0.0242820416598145,0.4488188976377952,0.0841121495327102,0.6944444444444444,,,,luminal-b,,
KEGG:01521,EGFR tyrosine kinase inhibitor resistance,Pathway,0.0,0,1,0.0388164016294253,0.4763231197771588,0.1214953271028037,0.7051282051282052,,,,luminal-b,,
KEGG:04010,MAPK signaling pathway,Pathway,0.0,0,1,0.104584544280392,0.5074183976261127,0.2242990654205607,0.5253623188405797,,,,luminal-b,,
KEGG:04014,Ras signaling pathway,Pathway,0.0,0,1,0.0341252757491934,0.4816901408450704,0.1401869158878504,0.8571428571428571,,,,luminal-b,,
KEGG:04310,Wnt signaling pathway,Pathway,0.0,0,1,0.0907291934562737,0.4243176178660049,0.1121495327102803,0.1212121212121212,,,,luminal-b,,
KEGG:04520,Adherens junction,Pathway,0.0,0,1,0.0459397743505769,0.4418604651162791,0.0654205607476635,0.2857142857142857,,,,luminal-b,,
KEGG:04068,FoxO signaling pathway,Pathway,0.0,0,1,0.0332018828805413,0.4584450402144772,0.0841121495327102,0.5833333333333334,,,,luminal-b,,
KEGG:05200,Pathways in cancer,Pathway,0.0,0,1,0.1790100753317077,0.5463258785942492,0.3364485981308411,0.5746031746031746,,,,luminal-b,,
KEGG:04380,Osteoclast differentiation,Pathway,5.0,0,1,0.0265436765660855,0.4659400544959128,0.0934579439252336,0.6444444444444445,,,,luminal-b,,
KEGG:05218,Melanoma,Pathway,0.0,0,1,0.004483996713777,0.4373401534526854,0.0654205607476635,1.0,,,,luminal-b,,
KEGG:05202,Transcriptional misregulation in cancer,Pathway,0.0,0,1,0.0463209705818769,0.4488188976377952,0.102803738317757,0.4727272727272727,,,,luminal-b,,
KEGG:04151,PI3K-Akt signaling pathway,Pathway,0.0,0,1,0.0713024782351786,0.5104477611940299,0.233644859813084,0.7833333333333333,,,,luminal-b,,
KEGG:05215,Prostate cancer,Pathway,0.0,0,1,0.0235699782895916,0.4488188976377952,0.0934579439252336,0.7333333333333333,,,,luminal-b,,
KEGG:04725,Cholinergic synapse,Pathway,0.0,0,1,0.0254985546987491,0.4395886889460154,0.0934579439252336,0.6888888888888889,,,,luminal-b,,
KEGG:04380,Osteoclast differentiation,Pathway,5.0,0,1,0.0265436765660855,0.4659400544959128,0.0934579439252336,0.6444444444444445,,,,luminal-b,,
KEGG:05161,Hepatitis B,Pathway,0.0,0,1,0.0280742599558254,0.4710743801652892,0.102803738317757,0.7818181818181819,,,,luminal-b,,
KEGG:04713,Circadian entrainment,Pathway,0.0,0,1,0.0193802543097466,0.3808463251670378,0.0747663551401869,0.7142857142857143,,,,luminal-b,,
KEGG:04152,AMPK signaling pathway,Pathway,0.0,0,1,0.0387014501271261,0.4634146341463415,0.0841121495327102,0.4166666666666667,,,,luminal-b,,
KEGG:04926,Relaxin signaling pathway,Pathway,0.0,0,1,0.0095587935483055,0.4659400544959128,0.0841121495327102,0.9444444444444444,,,,luminal-b,,
KEGG:05202,Transcriptional misregulation in cancer,Pathway,0.0,0,1,0.0463209705818769,0.4488188976377952,0.102803738317757,0.4727272727272727,,,,luminal-b,,
KEGG:04140,Autophagy - animal,Pathway,0.0,0,1,0.0466648823156695,0.4609164420485175,0.0934579439252336,0.4444444444444444,,,,luminal-b,,
KEGG:05205,Proteoglycans in cancer,Pathway,5.0,0,1,0.0386618324400408,0.4816901408450704,0.1401869158878504,0.7714285714285715,,,,luminal-b,,
KEGG:05200,Pathways in cancer,Pathway,0.0,0,1,0.1790100753317077,0.5463258785942492,0.3364485981308411,0.5746031746031746,,,,luminal-b,,
KEGG:04510,Focal adhesion,Pathway,0.0,0,1,0.0458939307366006,0.4844192634560906,0.1495327102803738,0.7333333333333333,,,,luminal-b,,
KEGG:05222,Small cell lung cancer,Pathway,0.0,0,1,0.0061888384581424,0.42643391521197,0.0841121495327102,1.0,,,,luminal-b,,
KEGG:05200,Pathways in cancer,Pathway,0.0,0,1,0.1790100753317077,0.5463258785942492,0.3364485981308411,0.5746031746031746,,,,luminal-b,,
KEGG:01521,EGFR tyrosine kinase inhibitor resistance,Pathway,0.0,0,1,0.0388164016294253,0.4763231197771588,0.1214953271028037,0.7051282051282052,,,,luminal-b,,
KEGG:04151,PI3K-Akt signaling pathway,Pathway,0.0,0,1,0.0713024782351786,0.5104477611940299,0.233644859813084,0.7833333333333333,,,,luminal-b,,
KEGG:04510,Focal adhesion,Pathway,0.0,0,1,0.0458939307366006,0.4844192634560906,0.1495327102803738,0.7333333333333333,,,,luminal-b,,
KEGG:05215,Prostate cancer,Pathway,0.0,0,1,0.0235699782895916,0.4488188976377952,0.0934579439252336,0.7333333333333333,,,,luminal-b,,
KEGG:04150,mTOR signaling pathway,Pathway,4.0,0,1,0.0556374991893309,0.4736842105263157,0.1121495327102803,0.4393939393939394,,,,luminal-b,,
KEGG:05222,Small cell lung cancer,Pathway,0.0,0,1,0.0061888384581424,0.42643391521197,0.0841121495327102,1.0,,,,luminal-b,,
KEGG:05214,Glioma,Pathway,0.0,0,1,0.0064630925514977,0.4634146341463415,0.0747663551401869,1.0,,,,luminal-b,,
KEGG:04218,Cellular senescence,Pathway,0.0,0,1,0.0498329353228317,0.4634146341463415,0.102803738317757,0.509090909090909,,,,luminal-b,,
KEGG:05218,Melanoma,Pathway,0.0,0,1,0.004483996713777,0.4373401534526854,0.0654205607476635,1.0,,,,luminal-b,,
KEGG:05224,Breast cancer,Pathway,0.0,0,1,0.0134467214250635,0.4609164420485175,0.0934579439252336,0.9111111111111112,,,,luminal-b,,
KEGG:04068,FoxO signaling pathway,Pathway,0.0,0,1,0.0332018828805413,0.4584450402144772,0.0841121495327102,0.5833333333333334,,,,luminal-b,,
KEGG:04140,Autophagy - animal,Pathway,0.0,0,1,0.0466648823156695,0.4609164420485175,0.0934579439252336,0.4444444444444444,,,,luminal-b,,
KEGG:05225,Hepatocellular carcinoma,Pathway,0.0,0,1,0.0149503443688233,0.4684931506849315,0.0934579439252336,0.9333333333333332,,,,luminal-b,,
KEGG:05200,Pathways in cancer,Pathway,0.0,0,1,0.1790100753317077,0.5463258785942492,0.3364485981308411,0.5746031746031746,,,,luminal-b,,
KEGG:04151,PI3K-Akt signaling pathway,Pathway,0.0,0,1,0.0713024782351786,0.5104477611940299,0.233644859813084,0.7833333333333333,,,,luminal-b,,
KEGG:05222,Small cell lung cancer,Pathway,0.0,0,1,0.0061888384581424,0.42643391521197,0.0841121495327102,1.0,,,,luminal-b,,
KEGG:05214,Glioma,Pathway,0.0,0,1,0.0064630925514977,0.4634146341463415,0.0747663551401869,1.0,,,,luminal-b,,
KEGG:04218,Cellular senescence,Pathway,0.0,0,1,0.0498329353228317,0.4634146341463415,0.102803738317757,0.509090909090909,,,,luminal-b,,
KEGG:05218,Melanoma,Pathway,0.0,0,1,0.004483996713777,0.4373401534526854,0.0654205607476635,1.0,,,,luminal-b,,
KEGG:05224,Breast cancer,Pathway,0.0,0,1,0.0134467214250635,0.4609164420485175,0.0934579439252336,0.9111111111111112,,,,luminal-b,,
KEGG:05225,Hepatocellular carcinoma,Pathway,0.0,0,1,0.0149503443688233,0.4684931506849315,0.0934579439252336,0.9333333333333332,,,,luminal-b,,
KEGG:04144,Endocytosis,Pathway,0.0,0,1,0.1200885726700229,0.4464751958224543,0.1308411214953271,0.1208791208791208,,,,luminal-b,,
KEGG:05200,Pathways in cancer,Pathway,0.0,0,1,0.1790100753317077,0.5463258785942492,0.3364485981308411,0.5746031746031746,,,,luminal-b,,
KEGG:01522,Endocrine resistance,Pathway,0.0,0,1,0.0202942862422261,0.4395886889460154,0.0747663551401869,0.75,,,,luminal-b,,
KEGG:05224,Breast cancer,Pathway,0.0,0,1,0.0134467214250635,0.4609164420485175,0.0934579439252336,0.9111111111111112,,,,luminal-b,,
KEGG:05200,Pathways in cancer,Pathway,0.0,0,1,0.1790100753317077,0.5463258785942492,0.3364485981308411,0.5746031746031746,,,,luminal-b,,
KEGG:01521,EGFR tyrosine kinase inhibitor resistance,Pathway,0.0,0,1,0.0388164016294253,0.4763231197771588,0.1214953271028037,0.7051282051282052,,,,luminal-b,,
KEGG:04010,MAPK signaling pathway,Pathway,0.0,0,1,0.104584544280392,0.5074183976261127,0.2242990654205607,0.5253623188405797,,,,luminal-b,,
KEGG:04151,PI3K-Akt signaling pathway,Pathway,0.0,0,1,0.0713024782351786,0.5104477611940299,0.233644859813084,0.7833333333333333,,,,luminal-b,,
KEGG:04510,Focal adhesion,Pathway,0.0,0,1,0.0458939307366006,0.4844192634560906,0.1495327102803738,0.7333333333333333,,,,luminal-b,,
KEGG:05205,Proteoglycans in cancer,Pathway,5.0,0,1,0.0386618324400408,0.4816901408450704,0.1401869158878504,0.7714285714285715,,,,luminal-b,,
KEGG:04150,mTOR signaling pathway,Pathway,4.0,0,1,0.0556374991893309,0.4736842105263157,0.1121495327102803,0.4393939393939394,,,,luminal-b,,
KEGG:04725,Cholinergic synapse,Pathway,0.0,0,1,0.0254985546987491,0.4395886889460154,0.0934579439252336,0.6888888888888889,,,,luminal-b,,
KEGG:05214,Glioma,Pathway,0.0,0,1,0.0064630925514977,0.4634146341463415,0.0747663551401869,1.0,,,,luminal-b,,
KEGG:04014,Ras signaling pathway,Pathway,0.0,0,1,0.0341252757491934,0.4816901408450704,0.1401869158878504,0.8571428571428571,,,,luminal-b,,
KEGG:04310,Wnt signaling pathway,Pathway,0.0,0,1,0.0907291934562737,0.4243176178660049,0.1121495327102803,0.1212121212121212,,,,luminal-b,,
KEGG:05161,Hepatitis B,Pathway,0.0,0,1,0.0280742599558254,0.4710743801652892,0.102803738317757,0.7818181818181819,,,,luminal-b,,
KEGG:04713,Circadian entrainment,Pathway,0.0,0,1,0.0193802543097466,0.3808463251670378,0.0747663551401869,0.7142857142857143,,,,luminal-b,,
KEGG:04926,Relaxin signaling pathway,Pathway,0.0,0,1,0.0095587935483055,0.4659400544959128,0.0841121495327102,0.9444444444444444,,,,luminal-b,,
KEGG:04012,ErbB signaling pathway,Pathway,0.0,0,1,0.0081125372520914,0.4243176178660049,0.0654205607476635,0.9047619047619048,,,,luminal-b,,
KEGG:04720,Long-term potentiation,Pathway,0.0,0,1,0.0044195241119045,0.3630573248407643,0.0560747663551401,0.8666666666666667,,,,luminal-b,,
KEGG:05225,Hepatocellular carcinoma,Pathway,0.0,0,1,0.0149503443688233,0.4684931506849315,0.0934579439252336,0.9333333333333332,,,,luminal-b,,
KEGG:04218,Cellular senescence,Pathway,0.0,0,1,0.0498329353228317,0.4634146341463415,0.102803738317757,0.509090909090909,,,,luminal-b,,
KEGG:04310,Wnt signaling pathway,Pathway,0.0,0,1,0.0907291934562737,0.4243176178660049,0.1121495327102803,0.1212121212121212,,,,luminal-b,,
KEGG:05200,Pathways in cancer,Pathway,0.0,0,1,0.1790100753317077,0.5463258785942492,0.3364485981308411,0.5746031746031746,,,,luminal-b,,
KEGG:01521,EGFR tyrosine kinase inhibitor resistance,Pathway,0.0,0,1,0.0388164016294253,0.4763231197771588,0.1214953271028037,0.7051282051282052,,,,luminal-b,,
KEGG:04151,PI3K-Akt signaling pathway,Pathway,0.0,0,1,0.0713024782351786,0.5104477611940299,0.233644859813084,0.7833333333333333,,,,luminal-b,,
KEGG:04510,Focal adhesion,Pathway,0.0,0,1,0.0458939307366006,0.4844192634560906,0.1495327102803738,0.7333333333333333,,,,luminal-b,,
KEGG:05215,Prostate cancer,Pathway,0.0,0,1,0.0235699782895916,0.4488188976377952,0.0934579439252336,0.7333333333333333,,,,luminal-b,,
KEGG:05222,Small cell lung cancer,Pathway,0.0,0,1,0.0061888384581424,0.42643391521197,0.0841121495327102,1.0,,,,luminal-b,,
KEGG:04725,Cholinergic synapse,Pathway,0.0,0,1,0.0254985546987491,0.4395886889460154,0.0934579439252336,0.6888888888888889,,,,luminal-b,,
KEGG:05161,Hepatitis B,Pathway,0.0,0,1,0.0280742599558254,0.4710743801652892,0.102803738317757,0.7818181818181819,,,,luminal-b,,
KEGG:01522,Endocrine resistance,Pathway,0.0,0,1,0.0202942862422261,0.4395886889460154,0.0747663551401869,0.75,,,,luminal-b,,
KEGG:04722,Neurotrophin signaling pathway,Pathway,0.0,0,1,0.0242820416598145,0.4488188976377952,0.0841121495327102,0.6944444444444444,,,,luminal-b,,
KEGG:04630,JAK-STAT signaling pathway,Pathway,0.0,0,1,0.0185441287781469,0.4511873350923482,0.0934579439252336,0.8444444444444444,,,,luminal-b,,
KEGG:04140,Autophagy - animal,Pathway,0.0,0,1,0.0466648823156695,0.4609164420485175,0.0934579439252336,0.4444444444444444,,,,luminal-b,,
KEGG:04310,Wnt signaling pathway,Pathway,0.0,0,1,0.0907291934562737,0.4243176178660049,0.1121495327102803,0.1212121212121212,,,,luminal-b,,
KEGG:04550,Signaling pathways regulating pluripotency of stem cells,Pathway,0.0,0,1,0.093956275853344,0.4488188976377952,0.1121495327102803,0.1969696969696969,,,,luminal-b,,
KEGG:05200,Pathways in cancer,Pathway,0.0,0,1,0.1790100753317077,0.5463258785942492,0.3364485981308411,0.5746031746031746,,,,luminal-b,,
KEGG:04151,PI3K-Akt signaling pathway,Pathway,0.0,0,1,0.0713024782351786,0.5104477611940299,0.233644859813084,0.7833333333333333,,,,luminal-b,,
KEGG:04510,Focal adhesion,Pathway,0.0,0,1,0.0458939307366006,0.4844192634560906,0.1495327102803738,0.7333333333333333,,,,luminal-b,,
KEGG:05222,Small cell lung cancer,Pathway,0.0,0,1,0.0061888384581424,0.42643391521197,0.0841121495327102,1.0,,,,luminal-b,,
KEGG:01522,Endocrine resistance,Pathway,0.0,0,1,0.0202942862422261,0.4395886889460154,0.0747663551401869,0.75,,,,luminal-b,,
KEGG:04218,Cellular senescence,Pathway,0.0,0,1,0.0498329353228317,0.4634146341463415,0.102803738317757,0.509090909090909,,,,luminal-b,,
KEGG:04218,Cellular senescence,Pathway,0.0,0,1,0.0498329353228317,0.4634146341463415,0.102803738317757,0.509090909090909,,,,luminal-b,,
KEGG:05202,Transcriptional misregulation in cancer,Pathway,0.0,0,1,0.0463209705818769,0.4488188976377952,0.102803738317757,0.4727272727272727,,,,luminal-b,,
KEGG:05200,Pathways in cancer,Pathway,0.0,0,1,0.1790100753317077,0.5463258785942492,0.3364485981308411,0.5746031746031746,,,,luminal-b,,
KEGG:04151,PI3K-Akt signaling pathway,Pathway,0.0,0,1,0.0713024782351786,0.5104477611940299,0.233644859813084,0.7833333333333333,,,,luminal-b,,
KEGG:04510,Focal adhesion,Pathway,0.0,0,1,0.0458939307366006,0.4844192634560906,0.1495327102803738,0.7333333333333333,,,,luminal-b,,
KEGG:05205,Proteoglycans in cancer,Pathway,5.0,0,1,0.0386618324400408,0.4816901408450704,0.1401869158878504,0.7714285714285715,,,,luminal-b,,
KEGG:05222,Small cell lung cancer,Pathway,0.0,0,1,0.0061888384581424,0.42643391521197,0.0841121495327102,1.0,,,,luminal-b,,
KEGG:04520,Adherens junction,Pathway,0.0,0,1,0.0459397743505769,0.4418604651162791,0.0654205607476635,0.2857142857142857,,,,luminal-b,,
KEGG:05200,Pathways in cancer,Pathway,0.0,0,1,0.1790100753317077,0.5463258785942492,0.3364485981308411,0.5746031746031746,,,,luminal-b,,
KEGG:01521,EGFR tyrosine kinase inhibitor resistance,Pathway,0.0,0,1,0.0388164016294253,0.4763231197771588,0.1214953271028037,0.7051282051282052,,,,luminal-b,,
KEGG:04010,MAPK signaling pathway,Pathway,0.0,0,1,0.104584544280392,0.5074183976261127,0.2242990654205607,0.5253623188405797,,,,luminal-b,,
KEGG:04151,PI3K-Akt signaling pathway,Pathway,0.0,0,1,0.0713024782351786,0.5104477611940299,0.233644859813084,0.7833333333333333,,,,luminal-b,,
KEGG:04510,Focal adhesion,Pathway,0.0,0,1,0.0458939307366006,0.4844192634560906,0.1495327102803738,0.7333333333333333,,,,luminal-b,,
KEGG:05215,Prostate cancer,Pathway,0.0,0,1,0.0235699782895916,0.4488188976377952,0.0934579439252336,0.7333333333333333,,,,luminal-b,,
KEGG:05205,Proteoglycans in cancer,Pathway,5.0,0,1,0.0386618324400408,0.4816901408450704,0.1401869158878504,0.7714285714285715,,,,luminal-b,,
KEGG:04150,mTOR signaling pathway,Pathway,4.0,0,1,0.0556374991893309,0.4736842105263157,0.1121495327102803,0.4393939393939394,,,,luminal-b,,
KEGG:05214,Glioma,Pathway,0.0,0,1,0.0064630925514977,0.4634146341463415,0.0747663551401869,1.0,,,,luminal-b,,
KEGG:04014,Ras signaling pathway,Pathway,0.0,0,1,0.0341252757491934,0.4816901408450704,0.1401869158878504,0.8571428571428571,,,,luminal-b,,
KEGG:05161,Hepatitis B,Pathway,0.0,0,1,0.0280742599558254,0.4710743801652892,0.102803738317757,0.7818181818181819,,,,luminal-b,,
KEGG:01522,Endocrine resistance,Pathway,0.0,0,1,0.0202942862422261,0.4395886889460154,0.0747663551401869,0.75,,,,luminal-b,,
KEGG:04722,Neurotrophin signaling pathway,Pathway,0.0,0,1,0.0242820416598145,0.4488188976377952,0.0841121495327102,0.6944444444444444,,,,luminal-b,,
KEGG:05224,Breast cancer,Pathway,0.0,0,1,0.0134467214250635,0.4609164420485175,0.0934579439252336,0.9111111111111112,,,,luminal-b,,
KEGG:04926,Relaxin signaling pathway,Pathway,0.0,0,1,0.0095587935483055,0.4659400544959128,0.0841121495327102,0.9444444444444444,,,,luminal-b,,
KEGG:04012,ErbB signaling pathway,Pathway,0.0,0,1,0.0081125372520914,0.4243176178660049,0.0654205607476635,0.9047619047619048,,,,luminal-b,,
KEGG:04068,FoxO signaling pathway,Pathway,0.0,0,1,0.0332018828805413,0.4584450402144772,0.0841121495327102,0.5833333333333334,,,,luminal-b,,
KEGG:04630,JAK-STAT signaling pathway,Pathway,0.0,0,1,0.0185441287781469,0.4511873350923482,0.0934579439252336,0.8444444444444444,,,,luminal-b,,
KEGG:05225,Hepatocellular carcinoma,Pathway,0.0,0,1,0.0149503443688233,0.4684931506849315,0.0934579439252336,0.9333333333333332,,,,luminal-b,,
KEGG:01521,EGFR tyrosine kinase inhibitor resistance,Pathway,0.0,0,1,0.0388164016294253,0.4763231197771588,0.1214953271028037,0.7051282051282052,,,,luminal-b,,
KEGG:04520,Adherens junction,Pathway,0.0,0,1,0.0459397743505769,0.4418604651162791,0.0654205607476635,0.2857142857142857,,,,luminal-b,,
KEGG:05200,Pathways in cancer,Pathway,0.0,0,1,0.1790100753317077,0.5463258785942492,0.3364485981308411,0.5746031746031746,,,,luminal-b,,
KEGG:04010,MAPK signaling pathway,Pathway,0.0,0,1,0.104584544280392,0.5074183976261127,0.2242990654205607,0.5253623188405797,,,,luminal-b,,
KEGG:04151,PI3K-Akt signaling pathway,Pathway,0.0,0,1,0.0713024782351786,0.5104477611940299,0.233644859813084,0.7833333333333333,,,,luminal-b,,
KEGG:04014,Ras signaling pathway,Pathway,0.0,0,1,0.0341252757491934,0.4816901408450704,0.1401869158878504,0.8571428571428571,,,,luminal-b,,
KEGG:05218,Melanoma,Pathway,0.0,0,1,0.004483996713777,0.4373401534526854,0.0654205607476635,1.0,,,,luminal-b,,
KEGG:05224,Breast cancer,Pathway,0.0,0,1,0.0134467214250635,0.4609164420485175,0.0934579439252336,0.9111111111111112,,,,luminal-b,,
KEGG:05202,Transcriptional misregulation in cancer,Pathway,0.0,0,1,0.0463209705818769,0.4488188976377952,0.102803738317757,0.4727272727272727,,,,luminal-b,,
KEGG:05200,Pathways in cancer,Pathway,0.0,0,1,0.1790100753317077,0.5463258785942492,0.3364485981308411,0.5746031746031746,,,,luminal-b,,
KEGG:05205,Proteoglycans in cancer,Pathway,5.0,0,1,0.0386618324400408,0.4816901408450704,0.1401869158878504,0.7714285714285715,,,,luminal-b,,
KEGG:04550,Signaling pathways regulating pluripotency of stem cells,Pathway,0.0,0,1,0.093956275853344,0.4488188976377952,0.1121495327102803,0.1969696969696969,,,,luminal-b,,
KEGG:04218,Cellular senescence,Pathway,0.0,0,1,0.0498329353228317,0.4634146341463415,0.102803738317757,0.509090909090909,,,,luminal-b,,
KEGG:04144,Endocytosis,Pathway,0.0,0,1,0.1200885726700229,0.4464751958224543,0.1308411214953271,0.1208791208791208,,,,luminal-b,,
KEGG:04926,Relaxin signaling pathway,Pathway,0.0,0,1,0.0095587935483055,0.4659400544959128,0.0841121495327102,0.9444444444444444,,,,luminal-b,,
KEGG:05225,Hepatocellular carcinoma,Pathway,0.0,0,1,0.0149503443688233,0.4684931506849315,0.0934579439252336,0.9333333333333332,,,,luminal-b,,
KEGG:04144,Endocytosis,Pathway,0.0,0,1,0.1200885726700229,0.4464751958224543,0.1308411214953271,0.1208791208791208,,,,luminal-b,,
KEGG:04152,AMPK signaling pathway,Pathway,0.0,0,1,0.0387014501271261,0.4634146341463415,0.0841121495327102,0.4166666666666667,,,,luminal-b,,
KEGG:04144,Endocytosis,Pathway,0.0,0,1,0.1200885726700229,0.4464751958224543,0.1308411214953271,0.1208791208791208,,,,luminal-b,,
