id,label,type,module_id,connected_component_id,is_in_largest_component,betweenness_centrality,closeness_centrality,degree_centrality,redundancy_coefficient,paths,pathway_reach,functional_impact,group,metrics,total_metrics
hsa-miR-27b-3p,hsa-miR-27b-3p,MicroRNA,1.0,0,1,0.1960479866695596,0.2485875706214689,0.0804020100502512,0.0181451612903225,"[('UHRF1BP1', 'KEGG:04010'), ('UHRF1BP1', 'KEGG:04151'), ('UHRF1BP1', 'KEGG:05205'), ('UHRF1BP1', 'KEGG:04012'), ('HIPK2', 'KEGG:05200'), ('HIPK2', 'KEGG:04310'), ('ARIH1', 'KEGG:05200'), ('ARIH1', 'KEGG:05205'), ('ARIH1', 'KEGG:01522'), ('ARIH1', 'KEGG:04926'), ('NF1', 'KEGG:04150'), ('NF1', 'KEGG:04152'), ('BBX', 'KEGG:05200'), ('BBX', 'KEGG:04010'), ('BBX', 'KEGG:04151'), ('BBX', 'KEGG:04014'), ('BBX', 'KEGG:05218'), ('BBX', 'KEGG:05224'), ('CREB1', 'KEGG:04144'), ('AFF3', 'KEGG:05202')]",0.4545454545454545,0.3143966178326036,luminal-b,betweenness_centrality; closeness_centrality; degree_centrality; pathway_reach,4.0
hsa-miR-27b-3p,hsa-miR-27b-3p,MicroRNA,1.0,0,1,0.1960479866695596,0.2485875706214689,0.0804020100502512,0.0181451612903225,"[('UHRF1BP1', 'KEGG:04010'), ('UHRF1BP1', 'KEGG:04151'), ('UHRF1BP1', 'KEGG:05205'), ('UHRF1BP1', 'KEGG:04012'), ('HIPK2', 'KEGG:05200'), ('HIPK2', 'KEGG:04310'), ('ARIH1', 'KEGG:05200'), ('ARIH1', 'KEGG:05205'), ('ARIH1', 'KEGG:01522'), ('ARIH1', 'KEGG:04926'), ('NF1', 'KEGG:04150'), ('NF1', 'KEGG:04152'), ('BBX', 'KEGG:05200'), ('BBX', 'KEGG:04010'), ('BBX', 'KEGG:04151'), ('BBX', 'KEGG:04014'), ('BBX', 'KEGG:05218'), ('BBX', 'KEGG:05224'), ('CREB1', 'KEGG:04144'), ('AFF3', 'KEGG:05202')]",0.4545454545454545,0.3143966178326036,luminal-b,betweenness_centrality; closeness_centrality; degree_centrality; pathway_reach,4.0
hsa-miR-27b-3p,hsa-miR-27b-3p,MicroRNA,1.0,0,1,0.1960479866695596,0.2485875706214689,0.0804020100502512,0.0181451612903225,"[('UHRF1BP1', 'KEGG:04010'), ('UHRF1BP1', 'KEGG:04151'), ('UHRF1BP1', 'KEGG:05205'), ('UHRF1BP1', 'KEGG:04012'), ('HIPK2', 'KEGG:05200'), ('HIPK2', 'KEGG:04310'), ('ARIH1', 'KEGG:05200'), ('ARIH1', 'KEGG:05205'), ('ARIH1', 'KEGG:01522'), ('ARIH1', 'KEGG:04926'), ('NF1', 'KEGG:04150'), ('NF1', 'KEGG:04152'), ('BBX', 'KEGG:05200'), ('BBX', 'KEGG:04010'), ('BBX', 'KEGG:04151'), ('BBX', 'KEGG:04014'), ('BBX', 'KEGG:05218'), ('BBX', 'KEGG:05224'), ('CREB1', 'KEGG:04144'), ('AFF3', 'KEGG:05202')]",0.4545454545454545,0.3143966178326036,luminal-b,betweenness_centrality; closeness_centrality; degree_centrality; pathway_reach,4.0
hsa-miR-27b-3p,hsa-miR-27b-3p,MicroRNA,1.0,0,1,0.1960479866695596,0.2485875706214689,0.0804020100502512,0.0181451612903225,"[('UHRF1BP1', 'KEGG:04010'), ('UHRF1BP1', 'KEGG:04151'), ('UHRF1BP1', 'KEGG:05205'), ('UHRF1BP1', 'KEGG:04012'), ('HIPK2', 'KEGG:05200'), ('HIPK2', 'KEGG:04310'), ('ARIH1', 'KEGG:05200'), ('ARIH1', 'KEGG:05205'), ('ARIH1', 'KEGG:01522'), ('ARIH1', 'KEGG:04926'), ('NF1', 'KEGG:04150'), ('NF1', 'KEGG:04152'), ('BBX', 'KEGG:05200'), ('BBX', 'KEGG:04010'), ('BBX', 'KEGG:04151'), ('BBX', 'KEGG:04014'), ('BBX', 'KEGG:05218'), ('BBX', 'KEGG:05224'), ('CREB1', 'KEGG:04144'), ('AFF3', 'KEGG:05202')]",0.4545454545454545,0.3143966178326036,luminal-b,betweenness_centrality; closeness_centrality; degree_centrality; pathway_reach,4.0
hsa-miR-27b-3p,hsa-miR-27b-3p,MicroRNA,1.0,0,1,0.1960479866695596,0.2485875706214689,0.0804020100502512,0.0181451612903225,"[('UHRF1BP1', 'KEGG:04010'), ('UHRF1BP1', 'KEGG:04151'), ('UHRF1BP1', 'KEGG:05205'), ('UHRF1BP1', 'KEGG:04012'), ('HIPK2', 'KEGG:05200'), ('HIPK2', 'KEGG:04310'), ('ARIH1', 'KEGG:05200'), ('ARIH1', 'KEGG:05205'), ('ARIH1', 'KEGG:01522'), ('ARIH1', 'KEGG:04926'), ('NF1', 'KEGG:04150'), ('NF1', 'KEGG:04152'), ('BBX', 'KEGG:05200'), ('BBX', 'KEGG:04010'), ('BBX', 'KEGG:04151'), ('BBX', 'KEGG:04014'), ('BBX', 'KEGG:05218'), ('BBX', 'KEGG:05224'), ('CREB1', 'KEGG:04144'), ('AFF3', 'KEGG:05202')]",0.4545454545454545,0.3143966178326036,luminal-b,betweenness_centrality; closeness_centrality; degree_centrality; pathway_reach,4.0
hsa-miR-27b-3p,hsa-miR-27b-3p,MicroRNA,1.0,0,1,0.1960479866695596,0.2485875706214689,0.0804020100502512,0.0181451612903225,"[('UHRF1BP1', 'KEGG:04010'), ('UHRF1BP1', 'KEGG:04151'), ('UHRF1BP1', 'KEGG:05205'), ('UHRF1BP1', 'KEGG:04012'), ('HIPK2', 'KEGG:05200'), ('HIPK2', 'KEGG:04310'), ('ARIH1', 'KEGG:05200'), ('ARIH1', 'KEGG:05205'), ('ARIH1', 'KEGG:01522'), ('ARIH1', 'KEGG:04926'), ('NF1', 'KEGG:04150'), ('NF1', 'KEGG:04152'), ('BBX', 'KEGG:05200'), ('BBX', 'KEGG:04010'), ('BBX', 'KEGG:04151'), ('BBX', 'KEGG:04014'), ('BBX', 'KEGG:05218'), ('BBX', 'KEGG:05224'), ('CREB1', 'KEGG:04144'), ('AFF3', 'KEGG:05202')]",0.4545454545454545,0.3143966178326036,luminal-b,betweenness_centrality; closeness_centrality; degree_centrality; pathway_reach,4.0
hsa-miR-27b-3p,hsa-miR-27b-3p,MicroRNA,1.0,0,1,0.1960479866695596,0.2485875706214689,0.0804020100502512,0.0181451612903225,"[('UHRF1BP1', 'KEGG:04010'), ('UHRF1BP1', 'KEGG:04151'), ('UHRF1BP1', 'KEGG:05205'), ('UHRF1BP1', 'KEGG:04012'), ('HIPK2', 'KEGG:05200'), ('HIPK2', 'KEGG:04310'), ('ARIH1', 'KEGG:05200'), ('ARIH1', 'KEGG:05205'), ('ARIH1', 'KEGG:01522'), ('ARIH1', 'KEGG:04926'), ('NF1', 'KEGG:04150'), ('NF1', 'KEGG:04152'), ('BBX', 'KEGG:05200'), ('BBX', 'KEGG:04010'), ('BBX', 'KEGG:04151'), ('BBX', 'KEGG:04014'), ('BBX', 'KEGG:05218'), ('BBX', 'KEGG:05224'), ('CREB1', 'KEGG:04144'), ('AFF3', 'KEGG:05202')]",0.4545454545454545,0.3143966178326036,luminal-b,betweenness_centrality; closeness_centrality; degree_centrality; pathway_reach,4.0
hsa-miR-27b-3p,hsa-miR-27b-3p,MicroRNA,1.0,0,1,0.1960479866695596,0.2485875706214689,0.0804020100502512,0.0181451612903225,"[('UHRF1BP1', 'KEGG:04010'), ('UHRF1BP1', 'KEGG:04151'), ('UHRF1BP1', 'KEGG:05205'), ('UHRF1BP1', 'KEGG:04012'), ('HIPK2', 'KEGG:05200'), ('HIPK2', 'KEGG:04310'), ('ARIH1', 'KEGG:05200'), ('ARIH1', 'KEGG:05205'), ('ARIH1', 'KEGG:01522'), ('ARIH1', 'KEGG:04926'), ('NF1', 'KEGG:04150'), ('NF1', 'KEGG:04152'), ('BBX', 'KEGG:05200'), ('BBX', 'KEGG:04010'), ('BBX', 'KEGG:04151'), ('BBX', 'KEGG:04014'), ('BBX', 'KEGG:05218'), ('BBX', 'KEGG:05224'), ('CREB1', 'KEGG:04144'), ('AFF3', 'KEGG:05202')]",0.4545454545454545,0.3143966178326036,luminal-b,betweenness_centrality; closeness_centrality; degree_centrality; pathway_reach,4.0
hsa-miR-27b-3p,hsa-miR-27b-3p,MicroRNA,1.0,0,1,0.1960479866695596,0.2485875706214689,0.0804020100502512,0.0181451612903225,"[('UHRF1BP1', 'KEGG:04010'), ('UHRF1BP1', 'KEGG:04151'), ('UHRF1BP1', 'KEGG:05205'), ('UHRF1BP1', 'KEGG:04012'), ('HIPK2', 'KEGG:05200'), ('HIPK2', 'KEGG:04310'), ('ARIH1', 'KEGG:05200'), ('ARIH1', 'KEGG:05205'), ('ARIH1', 'KEGG:01522'), ('ARIH1', 'KEGG:04926'), ('NF1', 'KEGG:04150'), ('NF1', 'KEGG:04152'), ('BBX', 'KEGG:05200'), ('BBX', 'KEGG:04010'), ('BBX', 'KEGG:04151'), ('BBX', 'KEGG:04014'), ('BBX', 'KEGG:05218'), ('BBX', 'KEGG:05224'), ('CREB1', 'KEGG:04144'), ('AFF3', 'KEGG:05202')]",0.4545454545454545,0.3143966178326036,luminal-b,betweenness_centrality; closeness_centrality; degree_centrality; pathway_reach,4.0
hsa-miR-27b-3p,hsa-miR-27b-3p,MicroRNA,1.0,0,1,0.1960479866695596,0.2485875706214689,0.0804020100502512,0.0181451612903225,"[('UHRF1BP1', 'KEGG:04010'), ('UHRF1BP1', 'KEGG:04151'), ('UHRF1BP1', 'KEGG:05205'), ('UHRF1BP1', 'KEGG:04012'), ('HIPK2', 'KEGG:05200'), ('HIPK2', 'KEGG:04310'), ('ARIH1', 'KEGG:05200'), ('ARIH1', 'KEGG:05205'), ('ARIH1', 'KEGG:01522'), ('ARIH1', 'KEGG:04926'), ('NF1', 'KEGG:04150'), ('NF1', 'KEGG:04152'), ('BBX', 'KEGG:05200'), ('BBX', 'KEGG:04010'), ('BBX', 'KEGG:04151'), ('BBX', 'KEGG:04014'), ('BBX', 'KEGG:05218'), ('BBX', 'KEGG:05224'), ('CREB1', 'KEGG:04144'), ('AFF3', 'KEGG:05202')]",0.4545454545454545,0.3143966178326036,luminal-b,betweenness_centrality; closeness_centrality; degree_centrality; pathway_reach,4.0
hsa-miR-27b-3p,hsa-miR-27b-3p,MicroRNA,1.0,0,1,0.1960479866695596,0.2485875706214689,0.0804020100502512,0.0181451612903225,"[('UHRF1BP1', 'KEGG:04010'), ('UHRF1BP1', 'KEGG:04151'), ('UHRF1BP1', 'KEGG:05205'), ('UHRF1BP1', 'KEGG:04012'), ('HIPK2', 'KEGG:05200'), ('HIPK2', 'KEGG:04310'), ('ARIH1', 'KEGG:05200'), ('ARIH1', 'KEGG:05205'), ('ARIH1', 'KEGG:01522'), ('ARIH1', 'KEGG:04926'), ('NF1', 'KEGG:04150'), ('NF1', 'KEGG:04152'), ('BBX', 'KEGG:05200'), ('BBX', 'KEGG:04010'), ('BBX', 'KEGG:04151'), ('BBX', 'KEGG:04014'), ('BBX', 'KEGG:05218'), ('BBX', 'KEGG:05224'), ('CREB1', 'KEGG:04144'), ('AFF3', 'KEGG:05202')]",0.4545454545454545,0.3143966178326036,luminal-b,betweenness_centrality; closeness_centrality; degree_centrality; pathway_reach,4.0
hsa-miR-27b-3p,hsa-miR-27b-3p,MicroRNA,1.0,0,1,0.1960479866695596,0.2485875706214689,0.0804020100502512,0.0181451612903225,"[('UHRF1BP1', 'KEGG:04010'), ('UHRF1BP1', 'KEGG:04151'), ('UHRF1BP1', 'KEGG:05205'), ('UHRF1BP1', 'KEGG:04012'), ('HIPK2', 'KEGG:05200'), ('HIPK2', 'KEGG:04310'), ('ARIH1', 'KEGG:05200'), ('ARIH1', 'KEGG:05205'), ('ARIH1', 'KEGG:01522'), ('ARIH1', 'KEGG:04926'), ('NF1', 'KEGG:04150'), ('NF1', 'KEGG:04152'), ('BBX', 'KEGG:05200'), ('BBX', 'KEGG:04010'), ('BBX', 'KEGG:04151'), ('BBX', 'KEGG:04014'), ('BBX', 'KEGG:05218'), ('BBX', 'KEGG:05224'), ('CREB1', 'KEGG:04144'), ('AFF3', 'KEGG:05202')]",0.4545454545454545,0.3143966178326036,luminal-b,betweenness_centrality; closeness_centrality; degree_centrality; pathway_reach,4.0
hsa-miR-27b-3p,hsa-miR-27b-3p,MicroRNA,1.0,0,1,0.1960479866695596,0.2485875706214689,0.0804020100502512,0.0181451612903225,"[('UHRF1BP1', 'KEGG:04010'), ('UHRF1BP1', 'KEGG:04151'), ('UHRF1BP1', 'KEGG:05205'), ('UHRF1BP1', 'KEGG:04012'), ('HIPK2', 'KEGG:05200'), ('HIPK2', 'KEGG:04310'), ('ARIH1', 'KEGG:05200'), ('ARIH1', 'KEGG:05205'), ('ARIH1', 'KEGG:01522'), ('ARIH1', 'KEGG:04926'), ('NF1', 'KEGG:04150'), ('NF1', 'KEGG:04152'), ('BBX', 'KEGG:05200'), ('BBX', 'KEGG:04010'), ('BBX', 'KEGG:04151'), ('BBX', 'KEGG:04014'), ('BBX', 'KEGG:05218'), ('BBX', 'KEGG:05224'), ('CREB1', 'KEGG:04144'), ('AFF3', 'KEGG:05202')]",0.4545454545454545,0.3143966178326036,luminal-b,betweenness_centrality; closeness_centrality; degree_centrality; pathway_reach,4.0
hsa-miR-27b-3p,hsa-miR-27b-3p,MicroRNA,1.0,0,1,0.1960479866695596,0.2485875706214689,0.0804020100502512,0.0181451612903225,"[('UHRF1BP1', 'KEGG:04010'), ('UHRF1BP1', 'KEGG:04151'), ('UHRF1BP1', 'KEGG:05205'), ('UHRF1BP1', 'KEGG:04012'), ('HIPK2', 'KEGG:05200'), ('HIPK2', 'KEGG:04310'), ('ARIH1', 'KEGG:05200'), ('ARIH1', 'KEGG:05205'), ('ARIH1', 'KEGG:01522'), ('ARIH1', 'KEGG:04926'), ('NF1', 'KEGG:04150'), ('NF1', 'KEGG:04152'), ('BBX', 'KEGG:05200'), ('BBX', 'KEGG:04010'), ('BBX', 'KEGG:04151'), ('BBX', 'KEGG:04014'), ('BBX', 'KEGG:05218'), ('BBX', 'KEGG:05224'), ('CREB1', 'KEGG:04144'), ('AFF3', 'KEGG:05202')]",0.4545454545454545,0.3143966178326036,luminal-b,betweenness_centrality; closeness_centrality; degree_centrality; pathway_reach,4.0
hsa-miR-27b-3p,hsa-miR-27b-3p,MicroRNA,1.0,0,1,0.1960479866695596,0.2485875706214689,0.0804020100502512,0.0181451612903225,"[('UHRF1BP1', 'KEGG:04010'), ('UHRF1BP1', 'KEGG:04151'), ('UHRF1BP1', 'KEGG:05205'), ('UHRF1BP1', 'KEGG:04012'), ('HIPK2', 'KEGG:05200'), ('HIPK2', 'KEGG:04310'), ('ARIH1', 'KEGG:05200'), ('ARIH1', 'KEGG:05205'), ('ARIH1', 'KEGG:01522'), ('ARIH1', 'KEGG:04926'), ('NF1', 'KEGG:04150'), ('NF1', 'KEGG:04152'), ('BBX', 'KEGG:05200'), ('BBX', 'KEGG:04010'), ('BBX', 'KEGG:04151'), ('BBX', 'KEGG:04014'), ('BBX', 'KEGG:05218'), ('BBX', 'KEGG:05224'), ('CREB1', 'KEGG:04144'), ('AFF3', 'KEGG:05202')]",0.4545454545454545,0.3143966178326036,luminal-b,betweenness_centrality; closeness_centrality; degree_centrality; pathway_reach,4.0
hsa-miR-27b-3p,hsa-miR-27b-3p,MicroRNA,1.0,0,1,0.1960479866695596,0.2485875706214689,0.0804020100502512,0.0181451612903225,"[('UHRF1BP1', 'KEGG:04010'), ('UHRF1BP1', 'KEGG:04151'), ('UHRF1BP1', 'KEGG:05205'), ('UHRF1BP1', 'KEGG:04012'), ('HIPK2', 'KEGG:05200'), ('HIPK2', 'KEGG:04310'), ('ARIH1', 'KEGG:05200'), ('ARIH1', 'KEGG:05205'), ('ARIH1', 'KEGG:01522'), ('ARIH1', 'KEGG:04926'), ('NF1', 'KEGG:04150'), ('NF1', 'KEGG:04152'), ('BBX', 'KEGG:05200'), ('BBX', 'KEGG:04010'), ('BBX', 'KEGG:04151'), ('BBX', 'KEGG:04014'), ('BBX', 'KEGG:05218'), ('BBX', 'KEGG:05224'), ('CREB1', 'KEGG:04144'), ('AFF3', 'KEGG:05202')]",0.4545454545454545,0.3143966178326036,luminal-b,betweenness_centrality; closeness_centrality; degree_centrality; pathway_reach,4.0
hsa-miR-27b-3p,hsa-miR-27b-3p,MicroRNA,1.0,0,1,0.1960479866695596,0.2485875706214689,0.0804020100502512,0.0181451612903225,"[('UHRF1BP1', 'KEGG:04010'), ('UHRF1BP1', 'KEGG:04151'), ('UHRF1BP1', 'KEGG:05205'), ('UHRF1BP1', 'KEGG:04012'), ('HIPK2', 'KEGG:05200'), ('HIPK2', 'KEGG:04310'), ('ARIH1', 'KEGG:05200'), ('ARIH1', 'KEGG:05205'), ('ARIH1', 'KEGG:01522'), ('ARIH1', 'KEGG:04926'), ('NF1', 'KEGG:04150'), ('NF1', 'KEGG:04152'), ('BBX', 'KEGG:05200'), ('BBX', 'KEGG:04010'), ('BBX', 'KEGG:04151'), ('BBX', 'KEGG:04014'), ('BBX', 'KEGG:05218'), ('BBX', 'KEGG:05224'), ('CREB1', 'KEGG:04144'), ('AFF3', 'KEGG:05202')]",0.4545454545454545,0.3143966178326036,luminal-b,betweenness_centrality; closeness_centrality; degree_centrality; pathway_reach,4.0
hsa-miR-27b-3p,hsa-miR-27b-3p,MicroRNA,1.0,0,1,0.1960479866695596,0.2485875706214689,0.0804020100502512,0.0181451612903225,"[('UHRF1BP1', 'KEGG:04010'), ('UHRF1BP1', 'KEGG:04151'), ('UHRF1BP1', 'KEGG:05205'), ('UHRF1BP1', 'KEGG:04012'), ('HIPK2', 'KEGG:05200'), ('HIPK2', 'KEGG:04310'), ('ARIH1', 'KEGG:05200'), ('ARIH1', 'KEGG:05205'), ('ARIH1', 'KEGG:01522'), ('ARIH1', 'KEGG:04926'), ('NF1', 'KEGG:04150'), ('NF1', 'KEGG:04152'), ('BBX', 'KEGG:05200'), ('BBX', 'KEGG:04010'), ('BBX', 'KEGG:04151'), ('BBX', 'KEGG:04014'), ('BBX', 'KEGG:05218'), ('BBX', 'KEGG:05224'), ('CREB1', 'KEGG:04144'), ('AFF3', 'KEGG:05202')]",0.4545454545454545,0.3143966178326036,luminal-b,betweenness_centrality; closeness_centrality; degree_centrality; pathway_reach,4.0
hsa-miR-27b-3p,hsa-miR-27b-3p,MicroRNA,1.0,0,1,0.1960479866695596,0.2485875706214689,0.0804020100502512,0.0181451612903225,"[('UHRF1BP1', 'KEGG:04010'), ('UHRF1BP1', 'KEGG:04151'), ('UHRF1BP1', 'KEGG:05205'), ('UHRF1BP1', 'KEGG:04012'), ('HIPK2', 'KEGG:05200'), ('HIPK2', 'KEGG:04310'), ('ARIH1', 'KEGG:05200'), ('ARIH1', 'KEGG:05205'), ('ARIH1', 'KEGG:01522'), ('ARIH1', 'KEGG:04926'), ('NF1', 'KEGG:04150'), ('NF1', 'KEGG:04152'), ('BBX', 'KEGG:05200'), ('BBX', 'KEGG:04010'), ('BBX', 'KEGG:04151'), ('BBX', 'KEGG:04014'), ('BBX', 'KEGG:05218'), ('BBX', 'KEGG:05224'), ('CREB1', 'KEGG:04144'), ('AFF3', 'KEGG:05202')]",0.4545454545454545,0.3143966178326036,luminal-b,betweenness_centrality; closeness_centrality; degree_centrality; pathway_reach,4.0
hsa-miR-27b-3p,hsa-miR-27b-3p,MicroRNA,1.0,0,1,0.1960479866695596,0.2485875706214689,0.0804020100502512,0.0181451612903225,"[('UHRF1BP1', 'KEGG:04010'), ('UHRF1BP1', 'KEGG:04151'), ('UHRF1BP1', 'KEGG:05205'), ('UHRF1BP1', 'KEGG:04012'), ('HIPK2', 'KEGG:05200'), ('HIPK2', 'KEGG:04310'), ('ARIH1', 'KEGG:05200'), ('ARIH1', 'KEGG:05205'), ('ARIH1', 'KEGG:01522'), ('ARIH1', 'KEGG:04926'), ('NF1', 'KEGG:04150'), ('NF1', 'KEGG:04152'), ('BBX', 'KEGG:05200'), ('BBX', 'KEGG:04010'), ('BBX', 'KEGG:04151'), ('BBX', 'KEGG:04014'), ('BBX', 'KEGG:05218'), ('BBX', 'KEGG:05224'), ('CREB1', 'KEGG:04144'), ('AFF3', 'KEGG:05202')]",0.4545454545454545,0.3143966178326036,luminal-b,betweenness_centrality; closeness_centrality; degree_centrality; pathway_reach,4.0
hsa-miR-33a-5p,hsa-miR-33a-5p,MicroRNA,1.0,0,1,0.1670835356545637,0.2458100558659217,0.0703517587939698,0.0026455026455026,"[('CALN1', 'KEGG:05200'), ('CALN1', 'KEGG:04010'), ('CALN1', 'KEGG:04218'), ('CALN1', 'KEGG:04380'), ('CALN1', 'KEGG:05161'), ('CALN1', 'KEGG:04144'), ('CALN1', 'KEGG:04926'), ('CALN1', 'KEGG:04068'), ('CALN1', 'KEGG:05202'), ('CALN1', 'KEGG:05225'), ('CALN1', 'KEGG:04520')]",0.3333333333333333,0.352930987956155,luminal-b,betweenness_centrality,1.0
hsa-miR-33a-5p,hsa-miR-33a-5p,MicroRNA,1.0,0,1,0.1670835356545637,0.2458100558659217,0.0703517587939698,0.0026455026455026,"[('CALN1', 'KEGG:05200'), ('CALN1', 'KEGG:04010'), ('CALN1', 'KEGG:04218'), ('CALN1', 'KEGG:04380'), ('CALN1', 'KEGG:05161'), ('CALN1', 'KEGG:04144'), ('CALN1', 'KEGG:04926'), ('CALN1', 'KEGG:04068'), ('CALN1', 'KEGG:05202'), ('CALN1', 'KEGG:05225'), ('CALN1', 'KEGG:04520')]",0.3333333333333333,0.352930987956155,luminal-b,betweenness_centrality,1.0
hsa-miR-33a-5p,hsa-miR-33a-5p,MicroRNA,1.0,0,1,0.1670835356545637,0.2458100558659217,0.0703517587939698,0.0026455026455026,"[('CALN1', 'KEGG:05200'), ('CALN1', 'KEGG:04010'), ('CALN1', 'KEGG:04218'), ('CALN1', 'KEGG:04380'), ('CALN1', 'KEGG:05161'), ('CALN1', 'KEGG:04144'), ('CALN1', 'KEGG:04926'), ('CALN1', 'KEGG:04068'), ('CALN1', 'KEGG:05202'), ('CALN1', 'KEGG:05225'), ('CALN1', 'KEGG:04520')]",0.3333333333333333,0.352930987956155,luminal-b,betweenness_centrality,1.0
hsa-miR-33a-5p,hsa-miR-33a-5p,MicroRNA,1.0,0,1,0.1670835356545637,0.2458100558659217,0.0703517587939698,0.0026455026455026,"[('CALN1', 'KEGG:05200'), ('CALN1', 'KEGG:04010'), ('CALN1', 'KEGG:04218'), ('CALN1', 'KEGG:04380'), ('CALN1', 'KEGG:05161'), ('CALN1', 'KEGG:04144'), ('CALN1', 'KEGG:04926'), ('CALN1', 'KEGG:04068'), ('CALN1', 'KEGG:05202'), ('CALN1', 'KEGG:05225'), ('CALN1', 'KEGG:04520')]",0.3333333333333333,0.352930987956155,luminal-b,betweenness_centrality,1.0
hsa-miR-33a-5p,hsa-miR-33a-5p,MicroRNA,1.0,0,1,0.1670835356545637,0.2458100558659217,0.0703517587939698,0.0026455026455026,"[('CALN1', 'KEGG:05200'), ('CALN1', 'KEGG:04010'), ('CALN1', 'KEGG:04218'), ('CALN1', 'KEGG:04380'), ('CALN1', 'KEGG:05161'), ('CALN1', 'KEGG:04144'), ('CALN1', 'KEGG:04926'), ('CALN1', 'KEGG:04068'), ('CALN1', 'KEGG:05202'), ('CALN1', 'KEGG:05225'), ('CALN1', 'KEGG:04520')]",0.3333333333333333,0.352930987956155,luminal-b,betweenness_centrality,1.0
hsa-miR-33a-5p,hsa-miR-33a-5p,MicroRNA,1.0,0,1,0.1670835356545637,0.2458100558659217,0.0703517587939698,0.0026455026455026,"[('CALN1', 'KEGG:05200'), ('CALN1', 'KEGG:04010'), ('CALN1', 'KEGG:04218'), ('CALN1', 'KEGG:04380'), ('CALN1', 'KEGG:05161'), ('CALN1', 'KEGG:04144'), ('CALN1', 'KEGG:04926'), ('CALN1', 'KEGG:04068'), ('CALN1', 'KEGG:05202'), ('CALN1', 'KEGG:05225'), ('CALN1', 'KEGG:04520')]",0.3333333333333333,0.352930987956155,luminal-b,betweenness_centrality,1.0
hsa-miR-33a-5p,hsa-miR-33a-5p,MicroRNA,1.0,0,1,0.1670835356545637,0.2458100558659217,0.0703517587939698,0.0026455026455026,"[('CALN1', 'KEGG:05200'), ('CALN1', 'KEGG:04010'), ('CALN1', 'KEGG:04218'), ('CALN1', 'KEGG:04380'), ('CALN1', 'KEGG:05161'), ('CALN1', 'KEGG:04144'), ('CALN1', 'KEGG:04926'), ('CALN1', 'KEGG:04068'), ('CALN1', 'KEGG:05202'), ('CALN1', 'KEGG:05225'), ('CALN1', 'KEGG:04520')]",0.3333333333333333,0.352930987956155,luminal-b,betweenness_centrality,1.0
hsa-miR-33a-5p,hsa-miR-33a-5p,MicroRNA,1.0,0,1,0.1670835356545637,0.2458100558659217,0.0703517587939698,0.0026455026455026,"[('CALN1', 'KEGG:05200'), ('CALN1', 'KEGG:04010'), ('CALN1', 'KEGG:04218'), ('CALN1', 'KEGG:04380'), ('CALN1', 'KEGG:05161'), ('CALN1', 'KEGG:04144'), ('CALN1', 'KEGG:04926'), ('CALN1', 'KEGG:04068'), ('CALN1', 'KEGG:05202'), ('CALN1', 'KEGG:05225'), ('CALN1', 'KEGG:04520')]",0.3333333333333333,0.352930987956155,luminal-b,betweenness_centrality,1.0
hsa-miR-33a-5p,hsa-miR-33a-5p,MicroRNA,1.0,0,1,0.1670835356545637,0.2458100558659217,0.0703517587939698,0.0026455026455026,"[('CALN1', 'KEGG:05200'), ('CALN1', 'KEGG:04010'), ('CALN1', 'KEGG:04218'), ('CALN1', 'KEGG:04380'), ('CALN1', 'KEGG:05161'), ('CALN1', 'KEGG:04144'), ('CALN1', 'KEGG:04926'), ('CALN1', 'KEGG:04068'), ('CALN1', 'KEGG:05202'), ('CALN1', 'KEGG:05225'), ('CALN1', 'KEGG:04520')]",0.3333333333333333,0.352930987956155,luminal-b,betweenness_centrality,1.0
hsa-miR-33a-5p,hsa-miR-33a-5p,MicroRNA,1.0,0,1,0.1670835356545637,0.2458100558659217,0.0703517587939698,0.0026455026455026,"[('CALN1', 'KEGG:05200'), ('CALN1', 'KEGG:04010'), ('CALN1', 'KEGG:04218'), ('CALN1', 'KEGG:04380'), ('CALN1', 'KEGG:05161'), ('CALN1', 'KEGG:04144'), ('CALN1', 'KEGG:04926'), ('CALN1', 'KEGG:04068'), ('CALN1', 'KEGG:05202'), ('CALN1', 'KEGG:05225'), ('CALN1', 'KEGG:04520')]",0.3333333333333333,0.352930987956155,luminal-b,betweenness_centrality,1.0
hsa-miR-33a-5p,hsa-miR-33a-5p,MicroRNA,1.0,0,1,0.1670835356545637,0.2458100558659217,0.0703517587939698,0.0026455026455026,"[('CALN1', 'KEGG:05200'), ('CALN1', 'KEGG:04010'), ('CALN1', 'KEGG:04218'), ('CALN1', 'KEGG:04380'), ('CALN1', 'KEGG:05161'), ('CALN1', 'KEGG:04144'), ('CALN1', 'KEGG:04926'), ('CALN1', 'KEGG:04068'), ('CALN1', 'KEGG:05202'), ('CALN1', 'KEGG:05225'), ('CALN1', 'KEGG:04520')]",0.3333333333333333,0.352930987956155,luminal-b,betweenness_centrality,1.0
hsa-miR-30b-5p,hsa-miR-30b-5p,MicroRNA,1.0,0,1,0.1487461382108572,0.2321899736147757,0.0351758793969849,0.0109890109890109,"[('TSPAN2', 'KEGG:05200'), ('TSPAN2', 'KEGG:04151'), ('TSPAN2', 'KEGG:04510'), ('TSPAN2', 'KEGG:05222'), ('FTO', 'KEGG:01522'), ('RAP2B', 'KEGG:04218'), ('KLF12', 'KEGG:04218'), ('TMTC3', 'KEGG:05202')]",0.2121212121212121,0.3247721943047864,luminal-b,betweenness_centrality; closeness_centrality; degree_centrality; functional_impact,4.0
hsa-miR-30b-5p,hsa-miR-30b-5p,MicroRNA,1.0,0,1,0.1487461382108572,0.2321899736147757,0.0351758793969849,0.0109890109890109,"[('TSPAN2', 'KEGG:05200'), ('TSPAN2', 'KEGG:04151'), ('TSPAN2', 'KEGG:04510'), ('TSPAN2', 'KEGG:05222'), ('FTO', 'KEGG:01522'), ('RAP2B', 'KEGG:04218'), ('KLF12', 'KEGG:04218'), ('TMTC3', 'KEGG:05202')]",0.2121212121212121,0.3247721943047864,luminal-b,betweenness_centrality; closeness_centrality; degree_centrality; functional_impact,4.0
hsa-miR-30b-5p,hsa-miR-30b-5p,MicroRNA,1.0,0,1,0.1487461382108572,0.2321899736147757,0.0351758793969849,0.0109890109890109,"[('TSPAN2', 'KEGG:05200'), ('TSPAN2', 'KEGG:04151'), ('TSPAN2', 'KEGG:04510'), ('TSPAN2', 'KEGG:05222'), ('FTO', 'KEGG:01522'), ('RAP2B', 'KEGG:04218'), ('KLF12', 'KEGG:04218'), ('TMTC3', 'KEGG:05202')]",0.2121212121212121,0.3247721943047864,luminal-b,betweenness_centrality; closeness_centrality; degree_centrality; functional_impact,4.0
hsa-miR-30b-5p,hsa-miR-30b-5p,MicroRNA,1.0,0,1,0.1487461382108572,0.2321899736147757,0.0351758793969849,0.0109890109890109,"[('TSPAN2', 'KEGG:05200'), ('TSPAN2', 'KEGG:04151'), ('TSPAN2', 'KEGG:04510'), ('TSPAN2', 'KEGG:05222'), ('FTO', 'KEGG:01522'), ('RAP2B', 'KEGG:04218'), ('KLF12', 'KEGG:04218'), ('TMTC3', 'KEGG:05202')]",0.2121212121212121,0.3247721943047864,luminal-b,betweenness_centrality; closeness_centrality; degree_centrality; functional_impact,4.0
hsa-miR-30b-5p,hsa-miR-30b-5p,MicroRNA,1.0,0,1,0.1487461382108572,0.2321899736147757,0.0351758793969849,0.0109890109890109,"[('TSPAN2', 'KEGG:05200'), ('TSPAN2', 'KEGG:04151'), ('TSPAN2', 'KEGG:04510'), ('TSPAN2', 'KEGG:05222'), ('FTO', 'KEGG:01522'), ('RAP2B', 'KEGG:04218'), ('KLF12', 'KEGG:04218'), ('TMTC3', 'KEGG:05202')]",0.2121212121212121,0.3247721943047864,luminal-b,betweenness_centrality; closeness_centrality; degree_centrality; functional_impact,4.0
hsa-miR-30b-5p,hsa-miR-30b-5p,MicroRNA,1.0,0,1,0.1487461382108572,0.2321899736147757,0.0351758793969849,0.0109890109890109,"[('TSPAN2', 'KEGG:05200'), ('TSPAN2', 'KEGG:04151'), ('TSPAN2', 'KEGG:04510'), ('TSPAN2', 'KEGG:05222'), ('FTO', 'KEGG:01522'), ('RAP2B', 'KEGG:04218'), ('KLF12', 'KEGG:04218'), ('TMTC3', 'KEGG:05202')]",0.2121212121212121,0.3247721943047864,luminal-b,betweenness_centrality; closeness_centrality; degree_centrality; functional_impact,4.0
hsa-miR-30b-5p,hsa-miR-30b-5p,MicroRNA,1.0,0,1,0.1487461382108572,0.2321899736147757,0.0351758793969849,0.0109890109890109,"[('TSPAN2', 'KEGG:05200'), ('TSPAN2', 'KEGG:04151'), ('TSPAN2', 'KEGG:04510'), ('TSPAN2', 'KEGG:05222'), ('FTO', 'KEGG:01522'), ('RAP2B', 'KEGG:04218'), ('KLF12', 'KEGG:04218'), ('TMTC3', 'KEGG:05202')]",0.2121212121212121,0.3247721943047864,luminal-b,betweenness_centrality; closeness_centrality; degree_centrality; functional_impact,4.0
hsa-miR-30b-5p,hsa-miR-30b-5p,MicroRNA,1.0,0,1,0.1487461382108572,0.2321899736147757,0.0351758793969849,0.0109890109890109,"[('TSPAN2', 'KEGG:05200'), ('TSPAN2', 'KEGG:04151'), ('TSPAN2', 'KEGG:04510'), ('TSPAN2', 'KEGG:05222'), ('FTO', 'KEGG:01522'), ('RAP2B', 'KEGG:04218'), ('KLF12', 'KEGG:04218'), ('TMTC3', 'KEGG:05202')]",0.2121212121212121,0.3247721943047864,luminal-b,betweenness_centrality; closeness_centrality; degree_centrality; functional_impact,4.0
hsa-miR-34a-5p,hsa-miR-34a-5p,MicroRNA,1.0,0,1,0.1138928518882778,0.22,0.050251256281407,0.0052631578947368,"[('WAC', 'KEGG:05200'), ('WAC', 'KEGG:04014'), ('WAC', 'KEGG:04218'), ('TMED8', 'KEGG:05200'), ('TMED8', 'KEGG:04010'), ('TMED8', 'KEGG:05222'), ('TMED8', 'KEGG:04380'), ('TMED8', 'KEGG:05161'), ('TMED8', 'KEGG:04722'), ('TMED8', 'KEGG:04144'), ('TMED8', 'KEGG:04140'), ('YTHDC1', 'KEGG:04010'), ('YTHDC1', 'KEGG:04150'), ('YTHDC1', 'KEGG:04722'), ('YTHDC1', 'KEGG:04720'), ('LIN54', 'KEGG:05200'), ('LIN54', 'KEGG:04010'), ('LIN54', 'KEGG:04014')]",0.3636363636363636,0.3345820147613659,luminal-b,betweenness_centrality; degree_centrality; functional_impact; pathway_reach,4.0
hsa-miR-34a-5p,hsa-miR-34a-5p,MicroRNA,1.0,0,1,0.1138928518882778,0.22,0.050251256281407,0.0052631578947368,"[('WAC', 'KEGG:05200'), ('WAC', 'KEGG:04014'), ('WAC', 'KEGG:04218'), ('TMED8', 'KEGG:05200'), ('TMED8', 'KEGG:04010'), ('TMED8', 'KEGG:05222'), ('TMED8', 'KEGG:04380'), ('TMED8', 'KEGG:05161'), ('TMED8', 'KEGG:04722'), ('TMED8', 'KEGG:04144'), ('TMED8', 'KEGG:04140'), ('YTHDC1', 'KEGG:04010'), ('YTHDC1', 'KEGG:04150'), ('YTHDC1', 'KEGG:04722'), ('YTHDC1', 'KEGG:04720'), ('LIN54', 'KEGG:05200'), ('LIN54', 'KEGG:04010'), ('LIN54', 'KEGG:04014')]",0.3636363636363636,0.3345820147613659,luminal-b,betweenness_centrality; degree_centrality; functional_impact; pathway_reach,4.0
hsa-miR-34a-5p,hsa-miR-34a-5p,MicroRNA,1.0,0,1,0.1138928518882778,0.22,0.050251256281407,0.0052631578947368,"[('WAC', 'KEGG:05200'), ('WAC', 'KEGG:04014'), ('WAC', 'KEGG:04218'), ('TMED8', 'KEGG:05200'), ('TMED8', 'KEGG:04010'), ('TMED8', 'KEGG:05222'), ('TMED8', 'KEGG:04380'), ('TMED8', 'KEGG:05161'), ('TMED8', 'KEGG:04722'), ('TMED8', 'KEGG:04144'), ('TMED8', 'KEGG:04140'), ('YTHDC1', 'KEGG:04010'), ('YTHDC1', 'KEGG:04150'), ('YTHDC1', 'KEGG:04722'), ('YTHDC1', 'KEGG:04720'), ('LIN54', 'KEGG:05200'), ('LIN54', 'KEGG:04010'), ('LIN54', 'KEGG:04014')]",0.3636363636363636,0.3345820147613659,luminal-b,betweenness_centrality; degree_centrality; functional_impact; pathway_reach,4.0
hsa-miR-34a-5p,hsa-miR-34a-5p,MicroRNA,1.0,0,1,0.1138928518882778,0.22,0.050251256281407,0.0052631578947368,"[('WAC', 'KEGG:05200'), ('WAC', 'KEGG:04014'), ('WAC', 'KEGG:04218'), ('TMED8', 'KEGG:05200'), ('TMED8', 'KEGG:04010'), ('TMED8', 'KEGG:05222'), ('TMED8', 'KEGG:04380'), ('TMED8', 'KEGG:05161'), ('TMED8', 'KEGG:04722'), ('TMED8', 'KEGG:04144'), ('TMED8', 'KEGG:04140'), ('YTHDC1', 'KEGG:04010'), ('YTHDC1', 'KEGG:04150'), ('YTHDC1', 'KEGG:04722'), ('YTHDC1', 'KEGG:04720'), ('LIN54', 'KEGG:05200'), ('LIN54', 'KEGG:04010'), ('LIN54', 'KEGG:04014')]",0.3636363636363636,0.3345820147613659,luminal-b,betweenness_centrality; degree_centrality; functional_impact; pathway_reach,4.0
hsa-miR-34a-5p,hsa-miR-34a-5p,MicroRNA,1.0,0,1,0.1138928518882778,0.22,0.050251256281407,0.0052631578947368,"[('WAC', 'KEGG:05200'), ('WAC', 'KEGG:04014'), ('WAC', 'KEGG:04218'), ('TMED8', 'KEGG:05200'), ('TMED8', 'KEGG:04010'), ('TMED8', 'KEGG:05222'), ('TMED8', 'KEGG:04380'), ('TMED8', 'KEGG:05161'), ('TMED8', 'KEGG:04722'), ('TMED8', 'KEGG:04144'), ('TMED8', 'KEGG:04140'), ('YTHDC1', 'KEGG:04010'), ('YTHDC1', 'KEGG:04150'), ('YTHDC1', 'KEGG:04722'), ('YTHDC1', 'KEGG:04720'), ('LIN54', 'KEGG:05200'), ('LIN54', 'KEGG:04010'), ('LIN54', 'KEGG:04014')]",0.3636363636363636,0.3345820147613659,luminal-b,betweenness_centrality; degree_centrality; functional_impact; pathway_reach,4.0
hsa-miR-34a-5p,hsa-miR-34a-5p,MicroRNA,1.0,0,1,0.1138928518882778,0.22,0.050251256281407,0.0052631578947368,"[('WAC', 'KEGG:05200'), ('WAC', 'KEGG:04014'), ('WAC', 'KEGG:04218'), ('TMED8', 'KEGG:05200'), ('TMED8', 'KEGG:04010'), ('TMED8', 'KEGG:05222'), ('TMED8', 'KEGG:04380'), ('TMED8', 'KEGG:05161'), ('TMED8', 'KEGG:04722'), ('TMED8', 'KEGG:04144'), ('TMED8', 'KEGG:04140'), ('YTHDC1', 'KEGG:04010'), ('YTHDC1', 'KEGG:04150'), ('YTHDC1', 'KEGG:04722'), ('YTHDC1', 'KEGG:04720'), ('LIN54', 'KEGG:05200'), ('LIN54', 'KEGG:04010'), ('LIN54', 'KEGG:04014')]",0.3636363636363636,0.3345820147613659,luminal-b,betweenness_centrality; degree_centrality; functional_impact; pathway_reach,4.0
hsa-miR-34a-5p,hsa-miR-34a-5p,MicroRNA,1.0,0,1,0.1138928518882778,0.22,0.050251256281407,0.0052631578947368,"[('WAC', 'KEGG:05200'), ('WAC', 'KEGG:04014'), ('WAC', 'KEGG:04218'), ('TMED8', 'KEGG:05200'), ('TMED8', 'KEGG:04010'), ('TMED8', 'KEGG:05222'), ('TMED8', 'KEGG:04380'), ('TMED8', 'KEGG:05161'), ('TMED8', 'KEGG:04722'), ('TMED8', 'KEGG:04144'), ('TMED8', 'KEGG:04140'), ('YTHDC1', 'KEGG:04010'), ('YTHDC1', 'KEGG:04150'), ('YTHDC1', 'KEGG:04722'), ('YTHDC1', 'KEGG:04720'), ('LIN54', 'KEGG:05200'), ('LIN54', 'KEGG:04010'), ('LIN54', 'KEGG:04014')]",0.3636363636363636,0.3345820147613659,luminal-b,betweenness_centrality; degree_centrality; functional_impact; pathway_reach,4.0
hsa-miR-34a-5p,hsa-miR-34a-5p,MicroRNA,1.0,0,1,0.1138928518882778,0.22,0.050251256281407,0.0052631578947368,"[('WAC', 'KEGG:05200'), ('WAC', 'KEGG:04014'), ('WAC', 'KEGG:04218'), ('TMED8', 'KEGG:05200'), ('TMED8', 'KEGG:04010'), ('TMED8', 'KEGG:05222'), ('TMED8', 'KEGG:04380'), ('TMED8', 'KEGG:05161'), ('TMED8', 'KEGG:04722'), ('TMED8', 'KEGG:04144'), ('TMED8', 'KEGG:04140'), ('YTHDC1', 'KEGG:04010'), ('YTHDC1', 'KEGG:04150'), ('YTHDC1', 'KEGG:04722'), ('YTHDC1', 'KEGG:04720'), ('LIN54', 'KEGG:05200'), ('LIN54', 'KEGG:04010'), ('LIN54', 'KEGG:04014')]",0.3636363636363636,0.3345820147613659,luminal-b,betweenness_centrality; degree_centrality; functional_impact; pathway_reach,4.0
hsa-miR-34a-5p,hsa-miR-34a-5p,MicroRNA,1.0,0,1,0.1138928518882778,0.22,0.050251256281407,0.0052631578947368,"[('WAC', 'KEGG:05200'), ('WAC', 'KEGG:04014'), ('WAC', 'KEGG:04218'), ('TMED8', 'KEGG:05200'), ('TMED8', 'KEGG:04010'), ('TMED8', 'KEGG:05222'), ('TMED8', 'KEGG:04380'), ('TMED8', 'KEGG:05161'), ('TMED8', 'KEGG:04722'), ('TMED8', 'KEGG:04144'), ('TMED8', 'KEGG:04140'), ('YTHDC1', 'KEGG:04010'), ('YTHDC1', 'KEGG:04150'), ('YTHDC1', 'KEGG:04722'), ('YTHDC1', 'KEGG:04720'), ('LIN54', 'KEGG:05200'), ('LIN54', 'KEGG:04010'), ('LIN54', 'KEGG:04014')]",0.3636363636363636,0.3345820147613659,luminal-b,betweenness_centrality; degree_centrality; functional_impact; pathway_reach,4.0
hsa-miR-34a-5p,hsa-miR-34a-5p,MicroRNA,1.0,0,1,0.1138928518882778,0.22,0.050251256281407,0.0052631578947368,"[('WAC', 'KEGG:05200'), ('WAC', 'KEGG:04014'), ('WAC', 'KEGG:04218'), ('TMED8', 'KEGG:05200'), ('TMED8', 'KEGG:04010'), ('TMED8', 'KEGG:05222'), ('TMED8', 'KEGG:04380'), ('TMED8', 'KEGG:05161'), ('TMED8', 'KEGG:04722'), ('TMED8', 'KEGG:04144'), ('TMED8', 'KEGG:04140'), ('YTHDC1', 'KEGG:04010'), ('YTHDC1', 'KEGG:04150'), ('YTHDC1', 'KEGG:04722'), ('YTHDC1', 'KEGG:04720'), ('LIN54', 'KEGG:05200'), ('LIN54', 'KEGG:04010'), ('LIN54', 'KEGG:04014')]",0.3636363636363636,0.3345820147613659,luminal-b,betweenness_centrality; degree_centrality; functional_impact; pathway_reach,4.0
hsa-miR-34a-5p,hsa-miR-34a-5p,MicroRNA,1.0,0,1,0.1138928518882778,0.22,0.050251256281407,0.0052631578947368,"[('WAC', 'KEGG:05200'), ('WAC', 'KEGG:04014'), ('WAC', 'KEGG:04218'), ('TMED8', 'KEGG:05200'), ('TMED8', 'KEGG:04010'), ('TMED8', 'KEGG:05222'), ('TMED8', 'KEGG:04380'), ('TMED8', 'KEGG:05161'), ('TMED8', 'KEGG:04722'), ('TMED8', 'KEGG:04144'), ('TMED8', 'KEGG:04140'), ('YTHDC1', 'KEGG:04010'), ('YTHDC1', 'KEGG:04150'), ('YTHDC1', 'KEGG:04722'), ('YTHDC1', 'KEGG:04720'), ('LIN54', 'KEGG:05200'), ('LIN54', 'KEGG:04010'), ('LIN54', 'KEGG:04014')]",0.3636363636363636,0.3345820147613659,luminal-b,betweenness_centrality; degree_centrality; functional_impact; pathway_reach,4.0
hsa-miR-34a-5p,hsa-miR-34a-5p,MicroRNA,1.0,0,1,0.1138928518882778,0.22,0.050251256281407,0.0052631578947368,"[('WAC', 'KEGG:05200'), ('WAC', 'KEGG:04014'), ('WAC', 'KEGG:04218'), ('TMED8', 'KEGG:05200'), ('TMED8', 'KEGG:04010'), ('TMED8', 'KEGG:05222'), ('TMED8', 'KEGG:04380'), ('TMED8', 'KEGG:05161'), ('TMED8', 'KEGG:04722'), ('TMED8', 'KEGG:04144'), ('TMED8', 'KEGG:04140'), ('YTHDC1', 'KEGG:04010'), ('YTHDC1', 'KEGG:04150'), ('YTHDC1', 'KEGG:04722'), ('YTHDC1', 'KEGG:04720'), ('LIN54', 'KEGG:05200'), ('LIN54', 'KEGG:04010'), ('LIN54', 'KEGG:04014')]",0.3636363636363636,0.3345820147613659,luminal-b,betweenness_centrality; degree_centrality; functional_impact; pathway_reach,4.0
hsa-miR-34a-5p,hsa-miR-34a-5p,MicroRNA,1.0,0,1,0.1138928518882778,0.22,0.050251256281407,0.0052631578947368,"[('WAC', 'KEGG:05200'), ('WAC', 'KEGG:04014'), ('WAC', 'KEGG:04218'), ('TMED8', 'KEGG:05200'), ('TMED8', 'KEGG:04010'), ('TMED8', 'KEGG:05222'), ('TMED8', 'KEGG:04380'), ('TMED8', 'KEGG:05161'), ('TMED8', 'KEGG:04722'), ('TMED8', 'KEGG:04144'), ('TMED8', 'KEGG:04140'), ('YTHDC1', 'KEGG:04010'), ('YTHDC1', 'KEGG:04150'), ('YTHDC1', 'KEGG:04722'), ('YTHDC1', 'KEGG:04720'), ('LIN54', 'KEGG:05200'), ('LIN54', 'KEGG:04010'), ('LIN54', 'KEGG:04014')]",0.3636363636363636,0.3345820147613659,luminal-b,betweenness_centrality; degree_centrality; functional_impact; pathway_reach,4.0
hsa-miR-34a-5p,hsa-miR-34a-5p,MicroRNA,1.0,0,1,0.1138928518882778,0.22,0.050251256281407,0.0052631578947368,"[('WAC', 'KEGG:05200'), ('WAC', 'KEGG:04014'), ('WAC', 'KEGG:04218'), ('TMED8', 'KEGG:05200'), ('TMED8', 'KEGG:04010'), ('TMED8', 'KEGG:05222'), ('TMED8', 'KEGG:04380'), ('TMED8', 'KEGG:05161'), ('TMED8', 'KEGG:04722'), ('TMED8', 'KEGG:04144'), ('TMED8', 'KEGG:04140'), ('YTHDC1', 'KEGG:04010'), ('YTHDC1', 'KEGG:04150'), ('YTHDC1', 'KEGG:04722'), ('YTHDC1', 'KEGG:04720'), ('LIN54', 'KEGG:05200'), ('LIN54', 'KEGG:04010'), ('LIN54', 'KEGG:04014')]",0.3636363636363636,0.3345820147613659,luminal-b,betweenness_centrality; degree_centrality; functional_impact; pathway_reach,4.0
hsa-miR-34a-5p,hsa-miR-34a-5p,MicroRNA,1.0,0,1,0.1138928518882778,0.22,0.050251256281407,0.0052631578947368,"[('WAC', 'KEGG:05200'), ('WAC', 'KEGG:04014'), ('WAC', 'KEGG:04218'), ('TMED8', 'KEGG:05200'), ('TMED8', 'KEGG:04010'), ('TMED8', 'KEGG:05222'), ('TMED8', 'KEGG:04380'), ('TMED8', 'KEGG:05161'), ('TMED8', 'KEGG:04722'), ('TMED8', 'KEGG:04144'), ('TMED8', 'KEGG:04140'), ('YTHDC1', 'KEGG:04010'), ('YTHDC1', 'KEGG:04150'), ('YTHDC1', 'KEGG:04722'), ('YTHDC1', 'KEGG:04720'), ('LIN54', 'KEGG:05200'), ('LIN54', 'KEGG:04010'), ('LIN54', 'KEGG:04014')]",0.3636363636363636,0.3345820147613659,luminal-b,betweenness_centrality; degree_centrality; functional_impact; pathway_reach,4.0
hsa-miR-34a-5p,hsa-miR-34a-5p,MicroRNA,1.0,0,1,0.1138928518882778,0.22,0.050251256281407,0.0052631578947368,"[('WAC', 'KEGG:05200'), ('WAC', 'KEGG:04014'), ('WAC', 'KEGG:04218'), ('TMED8', 'KEGG:05200'), ('TMED8', 'KEGG:04010'), ('TMED8', 'KEGG:05222'), ('TMED8', 'KEGG:04380'), ('TMED8', 'KEGG:05161'), ('TMED8', 'KEGG:04722'), ('TMED8', 'KEGG:04144'), ('TMED8', 'KEGG:04140'), ('YTHDC1', 'KEGG:04010'), ('YTHDC1', 'KEGG:04150'), ('YTHDC1', 'KEGG:04722'), ('YTHDC1', 'KEGG:04720'), ('LIN54', 'KEGG:05200'), ('LIN54', 'KEGG:04010'), ('LIN54', 'KEGG:04014')]",0.3636363636363636,0.3345820147613659,luminal-b,betweenness_centrality; degree_centrality; functional_impact; pathway_reach,4.0
hsa-miR-34a-5p,hsa-miR-34a-5p,MicroRNA,1.0,0,1,0.1138928518882778,0.22,0.050251256281407,0.0052631578947368,"[('WAC', 'KEGG:05200'), ('WAC', 'KEGG:04014'), ('WAC', 'KEGG:04218'), ('TMED8', 'KEGG:05200'), ('TMED8', 'KEGG:04010'), ('TMED8', 'KEGG:05222'), ('TMED8', 'KEGG:04380'), ('TMED8', 'KEGG:05161'), ('TMED8', 'KEGG:04722'), ('TMED8', 'KEGG:04144'), ('TMED8', 'KEGG:04140'), ('YTHDC1', 'KEGG:04010'), ('YTHDC1', 'KEGG:04150'), ('YTHDC1', 'KEGG:04722'), ('YTHDC1', 'KEGG:04720'), ('LIN54', 'KEGG:05200'), ('LIN54', 'KEGG:04010'), ('LIN54', 'KEGG:04014')]",0.3636363636363636,0.3345820147613659,luminal-b,betweenness_centrality; degree_centrality; functional_impact; pathway_reach,4.0
hsa-miR-34a-5p,hsa-miR-34a-5p,MicroRNA,1.0,0,1,0.1138928518882778,0.22,0.050251256281407,0.0052631578947368,"[('WAC', 'KEGG:05200'), ('WAC', 'KEGG:04014'), ('WAC', 'KEGG:04218'), ('TMED8', 'KEGG:05200'), ('TMED8', 'KEGG:04010'), ('TMED8', 'KEGG:05222'), ('TMED8', 'KEGG:04380'), ('TMED8', 'KEGG:05161'), ('TMED8', 'KEGG:04722'), ('TMED8', 'KEGG:04144'), ('TMED8', 'KEGG:04140'), ('YTHDC1', 'KEGG:04010'), ('YTHDC1', 'KEGG:04150'), ('YTHDC1', 'KEGG:04722'), ('YTHDC1', 'KEGG:04720'), ('LIN54', 'KEGG:05200'), ('LIN54', 'KEGG:04010'), ('LIN54', 'KEGG:04014')]",0.3636363636363636,0.3345820147613659,luminal-b,betweenness_centrality; degree_centrality; functional_impact; pathway_reach,4.0
hsa-miR-15b-5p,hsa-miR-15b-5p,MicroRNA,1.0,0,1,0.113728998856375,0.2419798350137488,0.0477386934673366,0.0175438596491228,"[('FGF1', 'KEGG:04010'), ('FGF1', 'KEGG:04510'), ('FGF1', 'KEGG:05205'), ('RUNX1T1', 'KEGG:05200'), ('RUNX1T1', 'KEGG:01521'), ('RUNX1T1', 'KEGG:04010'), ('RUNX1T1', 'KEGG:04151'), ('RUNX1T1', 'KEGG:04510'), ('RUNX1T1', 'KEGG:05215'), ('RUNX1T1', 'KEGG:05205'), ('RUNX1T1', 'KEGG:04150'), ('RUNX1T1', 'KEGG:05214'), ('RUNX1T1', 'KEGG:04014'), ('RUNX1T1', 'KEGG:05161'), ('RUNX1T1', 'KEGG:01522'), ('RUNX1T1', 'KEGG:04722'), ('RUNX1T1', 'KEGG:05224'), ('RUNX1T1', 'KEGG:04926'), ('RUNX1T1', 'KEGG:04012'), ('RUNX1T1', 'KEGG:04068'), ('RUNX1T1', 'KEGG:04630'), ('RUNX1T1', 'KEGG:05225'), ('AKAP12', 'KEGG:04150'), ('DZIP1', 'KEGG:05200'), ('DZIP1', 'KEGG:01521'), ('DZIP1', 'KEGG:04151'), ('DZIP1', 'KEGG:04510'), ('DZIP1', 'KEGG:05215'), ('DZIP1', 'KEGG:04150'), ('DZIP1', 'KEGG:05222'), ('DZIP1', 'KEGG:05214'), ('DZIP1', 'KEGG:04218'), ('DZIP1', 'KEGG:05218'), ('DZIP1', 'KEGG:05224'), ('DZIP1', 'KEGG:04068'), ('DZIP1', 'KEGG:04140'), ('DZIP1', 'KEGG:05225'), ('BACH2', 'KEGG:05200'), ('BACH2', 'KEGG:04151'), ('BACH2', 'KEGG:04510'), ('BACH2', 'KEGG:05205'), ('BACH2', 'KEGG:05222')]",0.696969696969697,0.3168795111709062,luminal-b,betweenness_centrality; closeness_centrality; degree_centrality; pathway_reach,4.0
hsa-miR-15b-5p,hsa-miR-15b-5p,MicroRNA,1.0,0,1,0.113728998856375,0.2419798350137488,0.0477386934673366,0.0175438596491228,"[('FGF1', 'KEGG:04010'), ('FGF1', 'KEGG:04510'), ('FGF1', 'KEGG:05205'), ('RUNX1T1', 'KEGG:05200'), ('RUNX1T1', 'KEGG:01521'), ('RUNX1T1', 'KEGG:04010'), ('RUNX1T1', 'KEGG:04151'), ('RUNX1T1', 'KEGG:04510'), ('RUNX1T1', 'KEGG:05215'), ('RUNX1T1', 'KEGG:05205'), ('RUNX1T1', 'KEGG:04150'), ('RUNX1T1', 'KEGG:05214'), ('RUNX1T1', 'KEGG:04014'), ('RUNX1T1', 'KEGG:05161'), ('RUNX1T1', 'KEGG:01522'), ('RUNX1T1', 'KEGG:04722'), ('RUNX1T1', 'KEGG:05224'), ('RUNX1T1', 'KEGG:04926'), ('RUNX1T1', 'KEGG:04012'), ('RUNX1T1', 'KEGG:04068'), ('RUNX1T1', 'KEGG:04630'), ('RUNX1T1', 'KEGG:05225'), ('AKAP12', 'KEGG:04150'), ('DZIP1', 'KEGG:05200'), ('DZIP1', 'KEGG:01521'), ('DZIP1', 'KEGG:04151'), ('DZIP1', 'KEGG:04510'), ('DZIP1', 'KEGG:05215'), ('DZIP1', 'KEGG:04150'), ('DZIP1', 'KEGG:05222'), ('DZIP1', 'KEGG:05214'), ('DZIP1', 'KEGG:04218'), ('DZIP1', 'KEGG:05218'), ('DZIP1', 'KEGG:05224'), ('DZIP1', 'KEGG:04068'), ('DZIP1', 'KEGG:04140'), ('DZIP1', 'KEGG:05225'), ('BACH2', 'KEGG:05200'), ('BACH2', 'KEGG:04151'), ('BACH2', 'KEGG:04510'), ('BACH2', 'KEGG:05205'), ('BACH2', 'KEGG:05222')]",0.696969696969697,0.3168795111709062,luminal-b,betweenness_centrality; closeness_centrality; degree_centrality; pathway_reach,4.0
hsa-miR-15b-5p,hsa-miR-15b-5p,MicroRNA,1.0,0,1,0.113728998856375,0.2419798350137488,0.0477386934673366,0.0175438596491228,"[('FGF1', 'KEGG:04010'), ('FGF1', 'KEGG:04510'), ('FGF1', 'KEGG:05205'), ('RUNX1T1', 'KEGG:05200'), ('RUNX1T1', 'KEGG:01521'), ('RUNX1T1', 'KEGG:04010'), ('RUNX1T1', 'KEGG:04151'), ('RUNX1T1', 'KEGG:04510'), ('RUNX1T1', 'KEGG:05215'), ('RUNX1T1', 'KEGG:05205'), ('RUNX1T1', 'KEGG:04150'), ('RUNX1T1', 'KEGG:05214'), ('RUNX1T1', 'KEGG:04014'), ('RUNX1T1', 'KEGG:05161'), ('RUNX1T1', 'KEGG:01522'), ('RUNX1T1', 'KEGG:04722'), ('RUNX1T1', 'KEGG:05224'), ('RUNX1T1', 'KEGG:04926'), ('RUNX1T1', 'KEGG:04012'), ('RUNX1T1', 'KEGG:04068'), ('RUNX1T1', 'KEGG:04630'), ('RUNX1T1', 'KEGG:05225'), ('AKAP12', 'KEGG:04150'), ('DZIP1', 'KEGG:05200'), ('DZIP1', 'KEGG:01521'), ('DZIP1', 'KEGG:04151'), ('DZIP1', 'KEGG:04510'), ('DZIP1', 'KEGG:05215'), ('DZIP1', 'KEGG:04150'), ('DZIP1', 'KEGG:05222'), ('DZIP1', 'KEGG:05214'), ('DZIP1', 'KEGG:04218'), ('DZIP1', 'KEGG:05218'), ('DZIP1', 'KEGG:05224'), ('DZIP1', 'KEGG:04068'), ('DZIP1', 'KEGG:04140'), ('DZIP1', 'KEGG:05225'), ('BACH2', 'KEGG:05200'), ('BACH2', 'KEGG:04151'), ('BACH2', 'KEGG:04510'), ('BACH2', 'KEGG:05205'), ('BACH2', 'KEGG:05222')]",0.696969696969697,0.3168795111709062,luminal-b,betweenness_centrality; closeness_centrality; degree_centrality; pathway_reach,4.0
hsa-miR-15b-5p,hsa-miR-15b-5p,MicroRNA,1.0,0,1,0.113728998856375,0.2419798350137488,0.0477386934673366,0.0175438596491228,"[('FGF1', 'KEGG:04010'), ('FGF1', 'KEGG:04510'), ('FGF1', 'KEGG:05205'), ('RUNX1T1', 'KEGG:05200'), ('RUNX1T1', 'KEGG:01521'), ('RUNX1T1', 'KEGG:04010'), ('RUNX1T1', 'KEGG:04151'), ('RUNX1T1', 'KEGG:04510'), ('RUNX1T1', 'KEGG:05215'), ('RUNX1T1', 'KEGG:05205'), ('RUNX1T1', 'KEGG:04150'), ('RUNX1T1', 'KEGG:05214'), ('RUNX1T1', 'KEGG:04014'), ('RUNX1T1', 'KEGG:05161'), ('RUNX1T1', 'KEGG:01522'), ('RUNX1T1', 'KEGG:04722'), ('RUNX1T1', 'KEGG:05224'), ('RUNX1T1', 'KEGG:04926'), ('RUNX1T1', 'KEGG:04012'), ('RUNX1T1', 'KEGG:04068'), ('RUNX1T1', 'KEGG:04630'), ('RUNX1T1', 'KEGG:05225'), ('AKAP12', 'KEGG:04150'), ('DZIP1', 'KEGG:05200'), ('DZIP1', 'KEGG:01521'), ('DZIP1', 'KEGG:04151'), ('DZIP1', 'KEGG:04510'), ('DZIP1', 'KEGG:05215'), ('DZIP1', 'KEGG:04150'), ('DZIP1', 'KEGG:05222'), ('DZIP1', 'KEGG:05214'), ('DZIP1', 'KEGG:04218'), ('DZIP1', 'KEGG:05218'), ('DZIP1', 'KEGG:05224'), ('DZIP1', 'KEGG:04068'), ('DZIP1', 'KEGG:04140'), ('DZIP1', 'KEGG:05225'), ('BACH2', 'KEGG:05200'), ('BACH2', 'KEGG:04151'), ('BACH2', 'KEGG:04510'), ('BACH2', 'KEGG:05205'), ('BACH2', 'KEGG:05222')]",0.696969696969697,0.3168795111709062,luminal-b,betweenness_centrality; closeness_centrality; degree_centrality; pathway_reach,4.0
hsa-miR-15b-5p,hsa-miR-15b-5p,MicroRNA,1.0,0,1,0.113728998856375,0.2419798350137488,0.0477386934673366,0.0175438596491228,"[('FGF1', 'KEGG:04010'), ('FGF1', 'KEGG:04510'), ('FGF1', 'KEGG:05205'), ('RUNX1T1', 'KEGG:05200'), ('RUNX1T1', 'KEGG:01521'), ('RUNX1T1', 'KEGG:04010'), ('RUNX1T1', 'KEGG:04151'), ('RUNX1T1', 'KEGG:04510'), ('RUNX1T1', 'KEGG:05215'), ('RUNX1T1', 'KEGG:05205'), ('RUNX1T1', 'KEGG:04150'), ('RUNX1T1', 'KEGG:05214'), ('RUNX1T1', 'KEGG:04014'), ('RUNX1T1', 'KEGG:05161'), ('RUNX1T1', 'KEGG:01522'), ('RUNX1T1', 'KEGG:04722'), ('RUNX1T1', 'KEGG:05224'), ('RUNX1T1', 'KEGG:04926'), ('RUNX1T1', 'KEGG:04012'), ('RUNX1T1', 'KEGG:04068'), ('RUNX1T1', 'KEGG:04630'), ('RUNX1T1', 'KEGG:05225'), ('AKAP12', 'KEGG:04150'), ('DZIP1', 'KEGG:05200'), ('DZIP1', 'KEGG:01521'), ('DZIP1', 'KEGG:04151'), ('DZIP1', 'KEGG:04510'), ('DZIP1', 'KEGG:05215'), ('DZIP1', 'KEGG:04150'), ('DZIP1', 'KEGG:05222'), ('DZIP1', 'KEGG:05214'), ('DZIP1', 'KEGG:04218'), ('DZIP1', 'KEGG:05218'), ('DZIP1', 'KEGG:05224'), ('DZIP1', 'KEGG:04068'), ('DZIP1', 'KEGG:04140'), ('DZIP1', 'KEGG:05225'), ('BACH2', 'KEGG:05200'), ('BACH2', 'KEGG:04151'), ('BACH2', 'KEGG:04510'), ('BACH2', 'KEGG:05205'), ('BACH2', 'KEGG:05222')]",0.696969696969697,0.3168795111709062,luminal-b,betweenness_centrality; closeness_centrality; degree_centrality; pathway_reach,4.0
hsa-miR-15b-5p,hsa-miR-15b-5p,MicroRNA,1.0,0,1,0.113728998856375,0.2419798350137488,0.0477386934673366,0.0175438596491228,"[('FGF1', 'KEGG:04010'), ('FGF1', 'KEGG:04510'), ('FGF1', 'KEGG:05205'), ('RUNX1T1', 'KEGG:05200'), ('RUNX1T1', 'KEGG:01521'), ('RUNX1T1', 'KEGG:04010'), ('RUNX1T1', 'KEGG:04151'), ('RUNX1T1', 'KEGG:04510'), ('RUNX1T1', 'KEGG:05215'), ('RUNX1T1', 'KEGG:05205'), ('RUNX1T1', 'KEGG:04150'), ('RUNX1T1', 'KEGG:05214'), ('RUNX1T1', 'KEGG:04014'), ('RUNX1T1', 'KEGG:05161'), ('RUNX1T1', 'KEGG:01522'), ('RUNX1T1', 'KEGG:04722'), ('RUNX1T1', 'KEGG:05224'), ('RUNX1T1', 'KEGG:04926'), ('RUNX1T1', 'KEGG:04012'), ('RUNX1T1', 'KEGG:04068'), ('RUNX1T1', 'KEGG:04630'), ('RUNX1T1', 'KEGG:05225'), ('AKAP12', 'KEGG:04150'), ('DZIP1', 'KEGG:05200'), ('DZIP1', 'KEGG:01521'), ('DZIP1', 'KEGG:04151'), ('DZIP1', 'KEGG:04510'), ('DZIP1', 'KEGG:05215'), ('DZIP1', 'KEGG:04150'), ('DZIP1', 'KEGG:05222'), ('DZIP1', 'KEGG:05214'), ('DZIP1', 'KEGG:04218'), ('DZIP1', 'KEGG:05218'), ('DZIP1', 'KEGG:05224'), ('DZIP1', 'KEGG:04068'), ('DZIP1', 'KEGG:04140'), ('DZIP1', 'KEGG:05225'), ('BACH2', 'KEGG:05200'), ('BACH2', 'KEGG:04151'), ('BACH2', 'KEGG:04510'), ('BACH2', 'KEGG:05205'), ('BACH2', 'KEGG:05222')]",0.696969696969697,0.3168795111709062,luminal-b,betweenness_centrality; closeness_centrality; degree_centrality; pathway_reach,4.0
hsa-miR-15b-5p,hsa-miR-15b-5p,MicroRNA,1.0,0,1,0.113728998856375,0.2419798350137488,0.0477386934673366,0.0175438596491228,"[('FGF1', 'KEGG:04010'), ('FGF1', 'KEGG:04510'), ('FGF1', 'KEGG:05205'), ('RUNX1T1', 'KEGG:05200'), ('RUNX1T1', 'KEGG:01521'), ('RUNX1T1', 'KEGG:04010'), ('RUNX1T1', 'KEGG:04151'), ('RUNX1T1', 'KEGG:04510'), ('RUNX1T1', 'KEGG:05215'), ('RUNX1T1', 'KEGG:05205'), ('RUNX1T1', 'KEGG:04150'), ('RUNX1T1', 'KEGG:05214'), ('RUNX1T1', 'KEGG:04014'), ('RUNX1T1', 'KEGG:05161'), ('RUNX1T1', 'KEGG:01522'), ('RUNX1T1', 'KEGG:04722'), ('RUNX1T1', 'KEGG:05224'), ('RUNX1T1', 'KEGG:04926'), ('RUNX1T1', 'KEGG:04012'), ('RUNX1T1', 'KEGG:04068'), ('RUNX1T1', 'KEGG:04630'), ('RUNX1T1', 'KEGG:05225'), ('AKAP12', 'KEGG:04150'), ('DZIP1', 'KEGG:05200'), ('DZIP1', 'KEGG:01521'), ('DZIP1', 'KEGG:04151'), ('DZIP1', 'KEGG:04510'), ('DZIP1', 'KEGG:05215'), ('DZIP1', 'KEGG:04150'), ('DZIP1', 'KEGG:05222'), ('DZIP1', 'KEGG:05214'), ('DZIP1', 'KEGG:04218'), ('DZIP1', 'KEGG:05218'), ('DZIP1', 'KEGG:05224'), ('DZIP1', 'KEGG:04068'), ('DZIP1', 'KEGG:04140'), ('DZIP1', 'KEGG:05225'), ('BACH2', 'KEGG:05200'), ('BACH2', 'KEGG:04151'), ('BACH2', 'KEGG:04510'), ('BACH2', 'KEGG:05205'), ('BACH2', 'KEGG:05222')]",0.696969696969697,0.3168795111709062,luminal-b,betweenness_centrality; closeness_centrality; degree_centrality; pathway_reach,4.0
hsa-miR-15b-5p,hsa-miR-15b-5p,MicroRNA,1.0,0,1,0.113728998856375,0.2419798350137488,0.0477386934673366,0.0175438596491228,"[('FGF1', 'KEGG:04010'), ('FGF1', 'KEGG:04510'), ('FGF1', 'KEGG:05205'), ('RUNX1T1', 'KEGG:05200'), ('RUNX1T1', 'KEGG:01521'), ('RUNX1T1', 'KEGG:04010'), ('RUNX1T1', 'KEGG:04151'), ('RUNX1T1', 'KEGG:04510'), ('RUNX1T1', 'KEGG:05215'), ('RUNX1T1', 'KEGG:05205'), ('RUNX1T1', 'KEGG:04150'), ('RUNX1T1', 'KEGG:05214'), ('RUNX1T1', 'KEGG:04014'), ('RUNX1T1', 'KEGG:05161'), ('RUNX1T1', 'KEGG:01522'), ('RUNX1T1', 'KEGG:04722'), ('RUNX1T1', 'KEGG:05224'), ('RUNX1T1', 'KEGG:04926'), ('RUNX1T1', 'KEGG:04012'), ('RUNX1T1', 'KEGG:04068'), ('RUNX1T1', 'KEGG:04630'), ('RUNX1T1', 'KEGG:05225'), ('AKAP12', 'KEGG:04150'), ('DZIP1', 'KEGG:05200'), ('DZIP1', 'KEGG:01521'), ('DZIP1', 'KEGG:04151'), ('DZIP1', 'KEGG:04510'), ('DZIP1', 'KEGG:05215'), ('DZIP1', 'KEGG:04150'), ('DZIP1', 'KEGG:05222'), ('DZIP1', 'KEGG:05214'), ('DZIP1', 'KEGG:04218'), ('DZIP1', 'KEGG:05218'), ('DZIP1', 'KEGG:05224'), ('DZIP1', 'KEGG:04068'), ('DZIP1', 'KEGG:04140'), ('DZIP1', 'KEGG:05225'), ('BACH2', 'KEGG:05200'), ('BACH2', 'KEGG:04151'), ('BACH2', 'KEGG:04510'), ('BACH2', 'KEGG:05205'), ('BACH2', 'KEGG:05222')]",0.696969696969697,0.3168795111709062,luminal-b,betweenness_centrality; closeness_centrality; degree_centrality; pathway_reach,4.0
hsa-miR-15b-5p,hsa-miR-15b-5p,MicroRNA,1.0,0,1,0.113728998856375,0.2419798350137488,0.0477386934673366,0.0175438596491228,"[('FGF1', 'KEGG:04010'), ('FGF1', 'KEGG:04510'), ('FGF1', 'KEGG:05205'), ('RUNX1T1', 'KEGG:05200'), ('RUNX1T1', 'KEGG:01521'), ('RUNX1T1', 'KEGG:04010'), ('RUNX1T1', 'KEGG:04151'), ('RUNX1T1', 'KEGG:04510'), ('RUNX1T1', 'KEGG:05215'), ('RUNX1T1', 'KEGG:05205'), ('RUNX1T1', 'KEGG:04150'), ('RUNX1T1', 'KEGG:05214'), ('RUNX1T1', 'KEGG:04014'), ('RUNX1T1', 'KEGG:05161'), ('RUNX1T1', 'KEGG:01522'), ('RUNX1T1', 'KEGG:04722'), ('RUNX1T1', 'KEGG:05224'), ('RUNX1T1', 'KEGG:04926'), ('RUNX1T1', 'KEGG:04012'), ('RUNX1T1', 'KEGG:04068'), ('RUNX1T1', 'KEGG:04630'), ('RUNX1T1', 'KEGG:05225'), ('AKAP12', 'KEGG:04150'), ('DZIP1', 'KEGG:05200'), ('DZIP1', 'KEGG:01521'), ('DZIP1', 'KEGG:04151'), ('DZIP1', 'KEGG:04510'), ('DZIP1', 'KEGG:05215'), ('DZIP1', 'KEGG:04150'), ('DZIP1', 'KEGG:05222'), ('DZIP1', 'KEGG:05214'), ('DZIP1', 'KEGG:04218'), ('DZIP1', 'KEGG:05218'), ('DZIP1', 'KEGG:05224'), ('DZIP1', 'KEGG:04068'), ('DZIP1', 'KEGG:04140'), ('DZIP1', 'KEGG:05225'), ('BACH2', 'KEGG:05200'), ('BACH2', 'KEGG:04151'), ('BACH2', 'KEGG:04510'), ('BACH2', 'KEGG:05205'), ('BACH2', 'KEGG:05222')]",0.696969696969697,0.3168795111709062,luminal-b,betweenness_centrality; closeness_centrality; degree_centrality; pathway_reach,4.0
hsa-miR-15b-5p,hsa-miR-15b-5p,MicroRNA,1.0,0,1,0.113728998856375,0.2419798350137488,0.0477386934673366,0.0175438596491228,"[('FGF1', 'KEGG:04010'), ('FGF1', 'KEGG:04510'), ('FGF1', 'KEGG:05205'), ('RUNX1T1', 'KEGG:05200'), ('RUNX1T1', 'KEGG:01521'), ('RUNX1T1', 'KEGG:04010'), ('RUNX1T1', 'KEGG:04151'), ('RUNX1T1', 'KEGG:04510'), ('RUNX1T1', 'KEGG:05215'), ('RUNX1T1', 'KEGG:05205'), ('RUNX1T1', 'KEGG:04150'), ('RUNX1T1', 'KEGG:05214'), ('RUNX1T1', 'KEGG:04014'), ('RUNX1T1', 'KEGG:05161'), ('RUNX1T1', 'KEGG:01522'), ('RUNX1T1', 'KEGG:04722'), ('RUNX1T1', 'KEGG:05224'), ('RUNX1T1', 'KEGG:04926'), ('RUNX1T1', 'KEGG:04012'), ('RUNX1T1', 'KEGG:04068'), ('RUNX1T1', 'KEGG:04630'), ('RUNX1T1', 'KEGG:05225'), ('AKAP12', 'KEGG:04150'), ('DZIP1', 'KEGG:05200'), ('DZIP1', 'KEGG:01521'), ('DZIP1', 'KEGG:04151'), ('DZIP1', 'KEGG:04510'), ('DZIP1', 'KEGG:05215'), ('DZIP1', 'KEGG:04150'), ('DZIP1', 'KEGG:05222'), ('DZIP1', 'KEGG:05214'), ('DZIP1', 'KEGG:04218'), ('DZIP1', 'KEGG:05218'), ('DZIP1', 'KEGG:05224'), ('DZIP1', 'KEGG:04068'), ('DZIP1', 'KEGG:04140'), ('DZIP1', 'KEGG:05225'), ('BACH2', 'KEGG:05200'), ('BACH2', 'KEGG:04151'), ('BACH2', 'KEGG:04510'), ('BACH2', 'KEGG:05205'), ('BACH2', 'KEGG:05222')]",0.696969696969697,0.3168795111709062,luminal-b,betweenness_centrality; closeness_centrality; degree_centrality; pathway_reach,4.0
hsa-miR-15b-5p,hsa-miR-15b-5p,MicroRNA,1.0,0,1,0.113728998856375,0.2419798350137488,0.0477386934673366,0.0175438596491228,"[('FGF1', 'KEGG:04010'), ('FGF1', 'KEGG:04510'), ('FGF1', 'KEGG:05205'), ('RUNX1T1', 'KEGG:05200'), ('RUNX1T1', 'KEGG:01521'), ('RUNX1T1', 'KEGG:04010'), ('RUNX1T1', 'KEGG:04151'), ('RUNX1T1', 'KEGG:04510'), ('RUNX1T1', 'KEGG:05215'), ('RUNX1T1', 'KEGG:05205'), ('RUNX1T1', 'KEGG:04150'), ('RUNX1T1', 'KEGG:05214'), ('RUNX1T1', 'KEGG:04014'), ('RUNX1T1', 'KEGG:05161'), ('RUNX1T1', 'KEGG:01522'), ('RUNX1T1', 'KEGG:04722'), ('RUNX1T1', 'KEGG:05224'), ('RUNX1T1', 'KEGG:04926'), ('RUNX1T1', 'KEGG:04012'), ('RUNX1T1', 'KEGG:04068'), ('RUNX1T1', 'KEGG:04630'), ('RUNX1T1', 'KEGG:05225'), ('AKAP12', 'KEGG:04150'), ('DZIP1', 'KEGG:05200'), ('DZIP1', 'KEGG:01521'), ('DZIP1', 'KEGG:04151'), ('DZIP1', 'KEGG:04510'), ('DZIP1', 'KEGG:05215'), ('DZIP1', 'KEGG:04150'), ('DZIP1', 'KEGG:05222'), ('DZIP1', 'KEGG:05214'), ('DZIP1', 'KEGG:04218'), ('DZIP1', 'KEGG:05218'), ('DZIP1', 'KEGG:05224'), ('DZIP1', 'KEGG:04068'), ('DZIP1', 'KEGG:04140'), ('DZIP1', 'KEGG:05225'), ('BACH2', 'KEGG:05200'), ('BACH2', 'KEGG:04151'), ('BACH2', 'KEGG:04510'), ('BACH2', 'KEGG:05205'), ('BACH2', 'KEGG:05222')]",0.696969696969697,0.3168795111709062,luminal-b,betweenness_centrality; closeness_centrality; degree_centrality; pathway_reach,4.0
hsa-miR-15b-5p,hsa-miR-15b-5p,MicroRNA,1.0,0,1,0.113728998856375,0.2419798350137488,0.0477386934673366,0.0175438596491228,"[('FGF1', 'KEGG:04010'), ('FGF1', 'KEGG:04510'), ('FGF1', 'KEGG:05205'), ('RUNX1T1', 'KEGG:05200'), ('RUNX1T1', 'KEGG:01521'), ('RUNX1T1', 'KEGG:04010'), ('RUNX1T1', 'KEGG:04151'), ('RUNX1T1', 'KEGG:04510'), ('RUNX1T1', 'KEGG:05215'), ('RUNX1T1', 'KEGG:05205'), ('RUNX1T1', 'KEGG:04150'), ('RUNX1T1', 'KEGG:05214'), ('RUNX1T1', 'KEGG:04014'), ('RUNX1T1', 'KEGG:05161'), ('RUNX1T1', 'KEGG:01522'), ('RUNX1T1', 'KEGG:04722'), ('RUNX1T1', 'KEGG:05224'), ('RUNX1T1', 'KEGG:04926'), ('RUNX1T1', 'KEGG:04012'), ('RUNX1T1', 'KEGG:04068'), ('RUNX1T1', 'KEGG:04630'), ('RUNX1T1', 'KEGG:05225'), ('AKAP12', 'KEGG:04150'), ('DZIP1', 'KEGG:05200'), ('DZIP1', 'KEGG:01521'), ('DZIP1', 'KEGG:04151'), ('DZIP1', 'KEGG:04510'), ('DZIP1', 'KEGG:05215'), ('DZIP1', 'KEGG:04150'), ('DZIP1', 'KEGG:05222'), ('DZIP1', 'KEGG:05214'), ('DZIP1', 'KEGG:04218'), ('DZIP1', 'KEGG:05218'), ('DZIP1', 'KEGG:05224'), ('DZIP1', 'KEGG:04068'), ('DZIP1', 'KEGG:04140'), ('DZIP1', 'KEGG:05225'), ('BACH2', 'KEGG:05200'), ('BACH2', 'KEGG:04151'), ('BACH2', 'KEGG:04510'), ('BACH2', 'KEGG:05205'), ('BACH2', 'KEGG:05222')]",0.696969696969697,0.3168795111709062,luminal-b,betweenness_centrality; closeness_centrality; degree_centrality; pathway_reach,4.0
hsa-miR-15b-5p,hsa-miR-15b-5p,MicroRNA,1.0,0,1,0.113728998856375,0.2419798350137488,0.0477386934673366,0.0175438596491228,"[('FGF1', 'KEGG:04010'), ('FGF1', 'KEGG:04510'), ('FGF1', 'KEGG:05205'), ('RUNX1T1', 'KEGG:05200'), ('RUNX1T1', 'KEGG:01521'), ('RUNX1T1', 'KEGG:04010'), ('RUNX1T1', 'KEGG:04151'), ('RUNX1T1', 'KEGG:04510'), ('RUNX1T1', 'KEGG:05215'), ('RUNX1T1', 'KEGG:05205'), ('RUNX1T1', 'KEGG:04150'), ('RUNX1T1', 'KEGG:05214'), ('RUNX1T1', 'KEGG:04014'), ('RUNX1T1', 'KEGG:05161'), ('RUNX1T1', 'KEGG:01522'), ('RUNX1T1', 'KEGG:04722'), ('RUNX1T1', 'KEGG:05224'), ('RUNX1T1', 'KEGG:04926'), ('RUNX1T1', 'KEGG:04012'), ('RUNX1T1', 'KEGG:04068'), ('RUNX1T1', 'KEGG:04630'), ('RUNX1T1', 'KEGG:05225'), ('AKAP12', 'KEGG:04150'), ('DZIP1', 'KEGG:05200'), ('DZIP1', 'KEGG:01521'), ('DZIP1', 'KEGG:04151'), ('DZIP1', 'KEGG:04510'), ('DZIP1', 'KEGG:05215'), ('DZIP1', 'KEGG:04150'), ('DZIP1', 'KEGG:05222'), ('DZIP1', 'KEGG:05214'), ('DZIP1', 'KEGG:04218'), ('DZIP1', 'KEGG:05218'), ('DZIP1', 'KEGG:05224'), ('DZIP1', 'KEGG:04068'), ('DZIP1', 'KEGG:04140'), ('DZIP1', 'KEGG:05225'), ('BACH2', 'KEGG:05200'), ('BACH2', 'KEGG:04151'), ('BACH2', 'KEGG:04510'), ('BACH2', 'KEGG:05205'), ('BACH2', 'KEGG:05222')]",0.696969696969697,0.3168795111709062,luminal-b,betweenness_centrality; closeness_centrality; degree_centrality; pathway_reach,4.0
hsa-miR-15b-5p,hsa-miR-15b-5p,MicroRNA,1.0,0,1,0.113728998856375,0.2419798350137488,0.0477386934673366,0.0175438596491228,"[('FGF1', 'KEGG:04010'), ('FGF1', 'KEGG:04510'), ('FGF1', 'KEGG:05205'), ('RUNX1T1', 'KEGG:05200'), ('RUNX1T1', 'KEGG:01521'), ('RUNX1T1', 'KEGG:04010'), ('RUNX1T1', 'KEGG:04151'), ('RUNX1T1', 'KEGG:04510'), ('RUNX1T1', 'KEGG:05215'), ('RUNX1T1', 'KEGG:05205'), ('RUNX1T1', 'KEGG:04150'), ('RUNX1T1', 'KEGG:05214'), ('RUNX1T1', 'KEGG:04014'), ('RUNX1T1', 'KEGG:05161'), ('RUNX1T1', 'KEGG:01522'), ('RUNX1T1', 'KEGG:04722'), ('RUNX1T1', 'KEGG:05224'), ('RUNX1T1', 'KEGG:04926'), ('RUNX1T1', 'KEGG:04012'), ('RUNX1T1', 'KEGG:04068'), ('RUNX1T1', 'KEGG:04630'), ('RUNX1T1', 'KEGG:05225'), ('AKAP12', 'KEGG:04150'), ('DZIP1', 'KEGG:05200'), ('DZIP1', 'KEGG:01521'), ('DZIP1', 'KEGG:04151'), ('DZIP1', 'KEGG:04510'), ('DZIP1', 'KEGG:05215'), ('DZIP1', 'KEGG:04150'), ('DZIP1', 'KEGG:05222'), ('DZIP1', 'KEGG:05214'), ('DZIP1', 'KEGG:04218'), ('DZIP1', 'KEGG:05218'), ('DZIP1', 'KEGG:05224'), ('DZIP1', 'KEGG:04068'), ('DZIP1', 'KEGG:04140'), ('DZIP1', 'KEGG:05225'), ('BACH2', 'KEGG:05200'), ('BACH2', 'KEGG:04151'), ('BACH2', 'KEGG:04510'), ('BACH2', 'KEGG:05205'), ('BACH2', 'KEGG:05222')]",0.696969696969697,0.3168795111709062,luminal-b,betweenness_centrality; closeness_centrality; degree_centrality; pathway_reach,4.0
hsa-miR-15b-5p,hsa-miR-15b-5p,MicroRNA,1.0,0,1,0.113728998856375,0.2419798350137488,0.0477386934673366,0.0175438596491228,"[('FGF1', 'KEGG:04010'), ('FGF1', 'KEGG:04510'), ('FGF1', 'KEGG:05205'), ('RUNX1T1', 'KEGG:05200'), ('RUNX1T1', 'KEGG:01521'), ('RUNX1T1', 'KEGG:04010'), ('RUNX1T1', 'KEGG:04151'), ('RUNX1T1', 'KEGG:04510'), ('RUNX1T1', 'KEGG:05215'), ('RUNX1T1', 'KEGG:05205'), ('RUNX1T1', 'KEGG:04150'), ('RUNX1T1', 'KEGG:05214'), ('RUNX1T1', 'KEGG:04014'), ('RUNX1T1', 'KEGG:05161'), ('RUNX1T1', 'KEGG:01522'), ('RUNX1T1', 'KEGG:04722'), ('RUNX1T1', 'KEGG:05224'), ('RUNX1T1', 'KEGG:04926'), ('RUNX1T1', 'KEGG:04012'), ('RUNX1T1', 'KEGG:04068'), ('RUNX1T1', 'KEGG:04630'), ('RUNX1T1', 'KEGG:05225'), ('AKAP12', 'KEGG:04150'), ('DZIP1', 'KEGG:05200'), ('DZIP1', 'KEGG:01521'), ('DZIP1', 'KEGG:04151'), ('DZIP1', 'KEGG:04510'), ('DZIP1', 'KEGG:05215'), ('DZIP1', 'KEGG:04150'), ('DZIP1', 'KEGG:05222'), ('DZIP1', 'KEGG:05214'), ('DZIP1', 'KEGG:04218'), ('DZIP1', 'KEGG:05218'), ('DZIP1', 'KEGG:05224'), ('DZIP1', 'KEGG:04068'), ('DZIP1', 'KEGG:04140'), ('DZIP1', 'KEGG:05225'), ('BACH2', 'KEGG:05200'), ('BACH2', 'KEGG:04151'), ('BACH2', 'KEGG:04510'), ('BACH2', 'KEGG:05205'), ('BACH2', 'KEGG:05222')]",0.696969696969697,0.3168795111709062,luminal-b,betweenness_centrality; closeness_centrality; degree_centrality; pathway_reach,4.0
hsa-miR-15b-5p,hsa-miR-15b-5p,MicroRNA,1.0,0,1,0.113728998856375,0.2419798350137488,0.0477386934673366,0.0175438596491228,"[('FGF1', 'KEGG:04010'), ('FGF1', 'KEGG:04510'), ('FGF1', 'KEGG:05205'), ('RUNX1T1', 'KEGG:05200'), ('RUNX1T1', 'KEGG:01521'), ('RUNX1T1', 'KEGG:04010'), ('RUNX1T1', 'KEGG:04151'), ('RUNX1T1', 'KEGG:04510'), ('RUNX1T1', 'KEGG:05215'), ('RUNX1T1', 'KEGG:05205'), ('RUNX1T1', 'KEGG:04150'), ('RUNX1T1', 'KEGG:05214'), ('RUNX1T1', 'KEGG:04014'), ('RUNX1T1', 'KEGG:05161'), ('RUNX1T1', 'KEGG:01522'), ('RUNX1T1', 'KEGG:04722'), ('RUNX1T1', 'KEGG:05224'), ('RUNX1T1', 'KEGG:04926'), ('RUNX1T1', 'KEGG:04012'), ('RUNX1T1', 'KEGG:04068'), ('RUNX1T1', 'KEGG:04630'), ('RUNX1T1', 'KEGG:05225'), ('AKAP12', 'KEGG:04150'), ('DZIP1', 'KEGG:05200'), ('DZIP1', 'KEGG:01521'), ('DZIP1', 'KEGG:04151'), ('DZIP1', 'KEGG:04510'), ('DZIP1', 'KEGG:05215'), ('DZIP1', 'KEGG:04150'), ('DZIP1', 'KEGG:05222'), ('DZIP1', 'KEGG:05214'), ('DZIP1', 'KEGG:04218'), ('DZIP1', 'KEGG:05218'), ('DZIP1', 'KEGG:05224'), ('DZIP1', 'KEGG:04068'), ('DZIP1', 'KEGG:04140'), ('DZIP1', 'KEGG:05225'), ('BACH2', 'KEGG:05200'), ('BACH2', 'KEGG:04151'), ('BACH2', 'KEGG:04510'), ('BACH2', 'KEGG:05205'), ('BACH2', 'KEGG:05222')]",0.696969696969697,0.3168795111709062,luminal-b,betweenness_centrality; closeness_centrality; degree_centrality; pathway_reach,4.0
hsa-miR-15b-5p,hsa-miR-15b-5p,MicroRNA,1.0,0,1,0.113728998856375,0.2419798350137488,0.0477386934673366,0.0175438596491228,"[('FGF1', 'KEGG:04010'), ('FGF1', 'KEGG:04510'), ('FGF1', 'KEGG:05205'), ('RUNX1T1', 'KEGG:05200'), ('RUNX1T1', 'KEGG:01521'), ('RUNX1T1', 'KEGG:04010'), ('RUNX1T1', 'KEGG:04151'), ('RUNX1T1', 'KEGG:04510'), ('RUNX1T1', 'KEGG:05215'), ('RUNX1T1', 'KEGG:05205'), ('RUNX1T1', 'KEGG:04150'), ('RUNX1T1', 'KEGG:05214'), ('RUNX1T1', 'KEGG:04014'), ('RUNX1T1', 'KEGG:05161'), ('RUNX1T1', 'KEGG:01522'), ('RUNX1T1', 'KEGG:04722'), ('RUNX1T1', 'KEGG:05224'), ('RUNX1T1', 'KEGG:04926'), ('RUNX1T1', 'KEGG:04012'), ('RUNX1T1', 'KEGG:04068'), ('RUNX1T1', 'KEGG:04630'), ('RUNX1T1', 'KEGG:05225'), ('AKAP12', 'KEGG:04150'), ('DZIP1', 'KEGG:05200'), ('DZIP1', 'KEGG:01521'), ('DZIP1', 'KEGG:04151'), ('DZIP1', 'KEGG:04510'), ('DZIP1', 'KEGG:05215'), ('DZIP1', 'KEGG:04150'), ('DZIP1', 'KEGG:05222'), ('DZIP1', 'KEGG:05214'), ('DZIP1', 'KEGG:04218'), ('DZIP1', 'KEGG:05218'), ('DZIP1', 'KEGG:05224'), ('DZIP1', 'KEGG:04068'), ('DZIP1', 'KEGG:04140'), ('DZIP1', 'KEGG:05225'), ('BACH2', 'KEGG:05200'), ('BACH2', 'KEGG:04151'), ('BACH2', 'KEGG:04510'), ('BACH2', 'KEGG:05205'), ('BACH2', 'KEGG:05222')]",0.696969696969697,0.3168795111709062,luminal-b,betweenness_centrality; closeness_centrality; degree_centrality; pathway_reach,4.0
hsa-miR-15b-5p,hsa-miR-15b-5p,MicroRNA,1.0,0,1,0.113728998856375,0.2419798350137488,0.0477386934673366,0.0175438596491228,"[('FGF1', 'KEGG:04010'), ('FGF1', 'KEGG:04510'), ('FGF1', 'KEGG:05205'), ('RUNX1T1', 'KEGG:05200'), ('RUNX1T1', 'KEGG:01521'), ('RUNX1T1', 'KEGG:04010'), ('RUNX1T1', 'KEGG:04151'), ('RUNX1T1', 'KEGG:04510'), ('RUNX1T1', 'KEGG:05215'), ('RUNX1T1', 'KEGG:05205'), ('RUNX1T1', 'KEGG:04150'), ('RUNX1T1', 'KEGG:05214'), ('RUNX1T1', 'KEGG:04014'), ('RUNX1T1', 'KEGG:05161'), ('RUNX1T1', 'KEGG:01522'), ('RUNX1T1', 'KEGG:04722'), ('RUNX1T1', 'KEGG:05224'), ('RUNX1T1', 'KEGG:04926'), ('RUNX1T1', 'KEGG:04012'), ('RUNX1T1', 'KEGG:04068'), ('RUNX1T1', 'KEGG:04630'), ('RUNX1T1', 'KEGG:05225'), ('AKAP12', 'KEGG:04150'), ('DZIP1', 'KEGG:05200'), ('DZIP1', 'KEGG:01521'), ('DZIP1', 'KEGG:04151'), ('DZIP1', 'KEGG:04510'), ('DZIP1', 'KEGG:05215'), ('DZIP1', 'KEGG:04150'), ('DZIP1', 'KEGG:05222'), ('DZIP1', 'KEGG:05214'), ('DZIP1', 'KEGG:04218'), ('DZIP1', 'KEGG:05218'), ('DZIP1', 'KEGG:05224'), ('DZIP1', 'KEGG:04068'), ('DZIP1', 'KEGG:04140'), ('DZIP1', 'KEGG:05225'), ('BACH2', 'KEGG:05200'), ('BACH2', 'KEGG:04151'), ('BACH2', 'KEGG:04510'), ('BACH2', 'KEGG:05205'), ('BACH2', 'KEGG:05222')]",0.696969696969697,0.3168795111709062,luminal-b,betweenness_centrality; closeness_centrality; degree_centrality; pathway_reach,4.0
hsa-miR-15b-5p,hsa-miR-15b-5p,MicroRNA,1.0,0,1,0.113728998856375,0.2419798350137488,0.0477386934673366,0.0175438596491228,"[('FGF1', 'KEGG:04010'), ('FGF1', 'KEGG:04510'), ('FGF1', 'KEGG:05205'), ('RUNX1T1', 'KEGG:05200'), ('RUNX1T1', 'KEGG:01521'), ('RUNX1T1', 'KEGG:04010'), ('RUNX1T1', 'KEGG:04151'), ('RUNX1T1', 'KEGG:04510'), ('RUNX1T1', 'KEGG:05215'), ('RUNX1T1', 'KEGG:05205'), ('RUNX1T1', 'KEGG:04150'), ('RUNX1T1', 'KEGG:05214'), ('RUNX1T1', 'KEGG:04014'), ('RUNX1T1', 'KEGG:05161'), ('RUNX1T1', 'KEGG:01522'), ('RUNX1T1', 'KEGG:04722'), ('RUNX1T1', 'KEGG:05224'), ('RUNX1T1', 'KEGG:04926'), ('RUNX1T1', 'KEGG:04012'), ('RUNX1T1', 'KEGG:04068'), ('RUNX1T1', 'KEGG:04630'), ('RUNX1T1', 'KEGG:05225'), ('AKAP12', 'KEGG:04150'), ('DZIP1', 'KEGG:05200'), ('DZIP1', 'KEGG:01521'), ('DZIP1', 'KEGG:04151'), ('DZIP1', 'KEGG:04510'), ('DZIP1', 'KEGG:05215'), ('DZIP1', 'KEGG:04150'), ('DZIP1', 'KEGG:05222'), ('DZIP1', 'KEGG:05214'), ('DZIP1', 'KEGG:04218'), ('DZIP1', 'KEGG:05218'), ('DZIP1', 'KEGG:05224'), ('DZIP1', 'KEGG:04068'), ('DZIP1', 'KEGG:04140'), ('DZIP1', 'KEGG:05225'), ('BACH2', 'KEGG:05200'), ('BACH2', 'KEGG:04151'), ('BACH2', 'KEGG:04510'), ('BACH2', 'KEGG:05205'), ('BACH2', 'KEGG:05222')]",0.696969696969697,0.3168795111709062,luminal-b,betweenness_centrality; closeness_centrality; degree_centrality; pathway_reach,4.0
hsa-miR-15b-5p,hsa-miR-15b-5p,MicroRNA,1.0,0,1,0.113728998856375,0.2419798350137488,0.0477386934673366,0.0175438596491228,"[('FGF1', 'KEGG:04010'), ('FGF1', 'KEGG:04510'), ('FGF1', 'KEGG:05205'), ('RUNX1T1', 'KEGG:05200'), ('RUNX1T1', 'KEGG:01521'), ('RUNX1T1', 'KEGG:04010'), ('RUNX1T1', 'KEGG:04151'), ('RUNX1T1', 'KEGG:04510'), ('RUNX1T1', 'KEGG:05215'), ('RUNX1T1', 'KEGG:05205'), ('RUNX1T1', 'KEGG:04150'), ('RUNX1T1', 'KEGG:05214'), ('RUNX1T1', 'KEGG:04014'), ('RUNX1T1', 'KEGG:05161'), ('RUNX1T1', 'KEGG:01522'), ('RUNX1T1', 'KEGG:04722'), ('RUNX1T1', 'KEGG:05224'), ('RUNX1T1', 'KEGG:04926'), ('RUNX1T1', 'KEGG:04012'), ('RUNX1T1', 'KEGG:04068'), ('RUNX1T1', 'KEGG:04630'), ('RUNX1T1', 'KEGG:05225'), ('AKAP12', 'KEGG:04150'), ('DZIP1', 'KEGG:05200'), ('DZIP1', 'KEGG:01521'), ('DZIP1', 'KEGG:04151'), ('DZIP1', 'KEGG:04510'), ('DZIP1', 'KEGG:05215'), ('DZIP1', 'KEGG:04150'), ('DZIP1', 'KEGG:05222'), ('DZIP1', 'KEGG:05214'), ('DZIP1', 'KEGG:04218'), ('DZIP1', 'KEGG:05218'), ('DZIP1', 'KEGG:05224'), ('DZIP1', 'KEGG:04068'), ('DZIP1', 'KEGG:04140'), ('DZIP1', 'KEGG:05225'), ('BACH2', 'KEGG:05200'), ('BACH2', 'KEGG:04151'), ('BACH2', 'KEGG:04510'), ('BACH2', 'KEGG:05205'), ('BACH2', 'KEGG:05222')]",0.696969696969697,0.3168795111709062,luminal-b,betweenness_centrality; closeness_centrality; degree_centrality; pathway_reach,4.0
hsa-miR-15b-5p,hsa-miR-15b-5p,MicroRNA,1.0,0,1,0.113728998856375,0.2419798350137488,0.0477386934673366,0.0175438596491228,"[('FGF1', 'KEGG:04010'), ('FGF1', 'KEGG:04510'), ('FGF1', 'KEGG:05205'), ('RUNX1T1', 'KEGG:05200'), ('RUNX1T1', 'KEGG:01521'), ('RUNX1T1', 'KEGG:04010'), ('RUNX1T1', 'KEGG:04151'), ('RUNX1T1', 'KEGG:04510'), ('RUNX1T1', 'KEGG:05215'), ('RUNX1T1', 'KEGG:05205'), ('RUNX1T1', 'KEGG:04150'), ('RUNX1T1', 'KEGG:05214'), ('RUNX1T1', 'KEGG:04014'), ('RUNX1T1', 'KEGG:05161'), ('RUNX1T1', 'KEGG:01522'), ('RUNX1T1', 'KEGG:04722'), ('RUNX1T1', 'KEGG:05224'), ('RUNX1T1', 'KEGG:04926'), ('RUNX1T1', 'KEGG:04012'), ('RUNX1T1', 'KEGG:04068'), ('RUNX1T1', 'KEGG:04630'), ('RUNX1T1', 'KEGG:05225'), ('AKAP12', 'KEGG:04150'), ('DZIP1', 'KEGG:05200'), ('DZIP1', 'KEGG:01521'), ('DZIP1', 'KEGG:04151'), ('DZIP1', 'KEGG:04510'), ('DZIP1', 'KEGG:05215'), ('DZIP1', 'KEGG:04150'), ('DZIP1', 'KEGG:05222'), ('DZIP1', 'KEGG:05214'), ('DZIP1', 'KEGG:04218'), ('DZIP1', 'KEGG:05218'), ('DZIP1', 'KEGG:05224'), ('DZIP1', 'KEGG:04068'), ('DZIP1', 'KEGG:04140'), ('DZIP1', 'KEGG:05225'), ('BACH2', 'KEGG:05200'), ('BACH2', 'KEGG:04151'), ('BACH2', 'KEGG:04510'), ('BACH2', 'KEGG:05205'), ('BACH2', 'KEGG:05222')]",0.696969696969697,0.3168795111709062,luminal-b,betweenness_centrality; closeness_centrality; degree_centrality; pathway_reach,4.0
hsa-miR-15b-5p,hsa-miR-15b-5p,MicroRNA,1.0,0,1,0.113728998856375,0.2419798350137488,0.0477386934673366,0.0175438596491228,"[('FGF1', 'KEGG:04010'), ('FGF1', 'KEGG:04510'), ('FGF1', 'KEGG:05205'), ('RUNX1T1', 'KEGG:05200'), ('RUNX1T1', 'KEGG:01521'), ('RUNX1T1', 'KEGG:04010'), ('RUNX1T1', 'KEGG:04151'), ('RUNX1T1', 'KEGG:04510'), ('RUNX1T1', 'KEGG:05215'), ('RUNX1T1', 'KEGG:05205'), ('RUNX1T1', 'KEGG:04150'), ('RUNX1T1', 'KEGG:05214'), ('RUNX1T1', 'KEGG:04014'), ('RUNX1T1', 'KEGG:05161'), ('RUNX1T1', 'KEGG:01522'), ('RUNX1T1', 'KEGG:04722'), ('RUNX1T1', 'KEGG:05224'), ('RUNX1T1', 'KEGG:04926'), ('RUNX1T1', 'KEGG:04012'), ('RUNX1T1', 'KEGG:04068'), ('RUNX1T1', 'KEGG:04630'), ('RUNX1T1', 'KEGG:05225'), ('AKAP12', 'KEGG:04150'), ('DZIP1', 'KEGG:05200'), ('DZIP1', 'KEGG:01521'), ('DZIP1', 'KEGG:04151'), ('DZIP1', 'KEGG:04510'), ('DZIP1', 'KEGG:05215'), ('DZIP1', 'KEGG:04150'), ('DZIP1', 'KEGG:05222'), ('DZIP1', 'KEGG:05214'), ('DZIP1', 'KEGG:04218'), ('DZIP1', 'KEGG:05218'), ('DZIP1', 'KEGG:05224'), ('DZIP1', 'KEGG:04068'), ('DZIP1', 'KEGG:04140'), ('DZIP1', 'KEGG:05225'), ('BACH2', 'KEGG:05200'), ('BACH2', 'KEGG:04151'), ('BACH2', 'KEGG:04510'), ('BACH2', 'KEGG:05205'), ('BACH2', 'KEGG:05222')]",0.696969696969697,0.3168795111709062,luminal-b,betweenness_centrality; closeness_centrality; degree_centrality; pathway_reach,4.0
hsa-miR-15b-5p,hsa-miR-15b-5p,MicroRNA,1.0,0,1,0.113728998856375,0.2419798350137488,0.0477386934673366,0.0175438596491228,"[('FGF1', 'KEGG:04010'), ('FGF1', 'KEGG:04510'), ('FGF1', 'KEGG:05205'), ('RUNX1T1', 'KEGG:05200'), ('RUNX1T1', 'KEGG:01521'), ('RUNX1T1', 'KEGG:04010'), ('RUNX1T1', 'KEGG:04151'), ('RUNX1T1', 'KEGG:04510'), ('RUNX1T1', 'KEGG:05215'), ('RUNX1T1', 'KEGG:05205'), ('RUNX1T1', 'KEGG:04150'), ('RUNX1T1', 'KEGG:05214'), ('RUNX1T1', 'KEGG:04014'), ('RUNX1T1', 'KEGG:05161'), ('RUNX1T1', 'KEGG:01522'), ('RUNX1T1', 'KEGG:04722'), ('RUNX1T1', 'KEGG:05224'), ('RUNX1T1', 'KEGG:04926'), ('RUNX1T1', 'KEGG:04012'), ('RUNX1T1', 'KEGG:04068'), ('RUNX1T1', 'KEGG:04630'), ('RUNX1T1', 'KEGG:05225'), ('AKAP12', 'KEGG:04150'), ('DZIP1', 'KEGG:05200'), ('DZIP1', 'KEGG:01521'), ('DZIP1', 'KEGG:04151'), ('DZIP1', 'KEGG:04510'), ('DZIP1', 'KEGG:05215'), ('DZIP1', 'KEGG:04150'), ('DZIP1', 'KEGG:05222'), ('DZIP1', 'KEGG:05214'), ('DZIP1', 'KEGG:04218'), ('DZIP1', 'KEGG:05218'), ('DZIP1', 'KEGG:05224'), ('DZIP1', 'KEGG:04068'), ('DZIP1', 'KEGG:04140'), ('DZIP1', 'KEGG:05225'), ('BACH2', 'KEGG:05200'), ('BACH2', 'KEGG:04151'), ('BACH2', 'KEGG:04510'), ('BACH2', 'KEGG:05205'), ('BACH2', 'KEGG:05222')]",0.696969696969697,0.3168795111709062,luminal-b,betweenness_centrality; closeness_centrality; degree_centrality; pathway_reach,4.0
hsa-miR-15b-5p,hsa-miR-15b-5p,MicroRNA,1.0,0,1,0.113728998856375,0.2419798350137488,0.0477386934673366,0.0175438596491228,"[('FGF1', 'KEGG:04010'), ('FGF1', 'KEGG:04510'), ('FGF1', 'KEGG:05205'), ('RUNX1T1', 'KEGG:05200'), ('RUNX1T1', 'KEGG:01521'), ('RUNX1T1', 'KEGG:04010'), ('RUNX1T1', 'KEGG:04151'), ('RUNX1T1', 'KEGG:04510'), ('RUNX1T1', 'KEGG:05215'), ('RUNX1T1', 'KEGG:05205'), ('RUNX1T1', 'KEGG:04150'), ('RUNX1T1', 'KEGG:05214'), ('RUNX1T1', 'KEGG:04014'), ('RUNX1T1', 'KEGG:05161'), ('RUNX1T1', 'KEGG:01522'), ('RUNX1T1', 'KEGG:04722'), ('RUNX1T1', 'KEGG:05224'), ('RUNX1T1', 'KEGG:04926'), ('RUNX1T1', 'KEGG:04012'), ('RUNX1T1', 'KEGG:04068'), ('RUNX1T1', 'KEGG:04630'), ('RUNX1T1', 'KEGG:05225'), ('AKAP12', 'KEGG:04150'), ('DZIP1', 'KEGG:05200'), ('DZIP1', 'KEGG:01521'), ('DZIP1', 'KEGG:04151'), ('DZIP1', 'KEGG:04510'), ('DZIP1', 'KEGG:05215'), ('DZIP1', 'KEGG:04150'), ('DZIP1', 'KEGG:05222'), ('DZIP1', 'KEGG:05214'), ('DZIP1', 'KEGG:04218'), ('DZIP1', 'KEGG:05218'), ('DZIP1', 'KEGG:05224'), ('DZIP1', 'KEGG:04068'), ('DZIP1', 'KEGG:04140'), ('DZIP1', 'KEGG:05225'), ('BACH2', 'KEGG:05200'), ('BACH2', 'KEGG:04151'), ('BACH2', 'KEGG:04510'), ('BACH2', 'KEGG:05205'), ('BACH2', 'KEGG:05222')]",0.696969696969697,0.3168795111709062,luminal-b,betweenness_centrality; closeness_centrality; degree_centrality; pathway_reach,4.0
hsa-miR-15b-5p,hsa-miR-15b-5p,MicroRNA,1.0,0,1,0.113728998856375,0.2419798350137488,0.0477386934673366,0.0175438596491228,"[('FGF1', 'KEGG:04010'), ('FGF1', 'KEGG:04510'), ('FGF1', 'KEGG:05205'), ('RUNX1T1', 'KEGG:05200'), ('RUNX1T1', 'KEGG:01521'), ('RUNX1T1', 'KEGG:04010'), ('RUNX1T1', 'KEGG:04151'), ('RUNX1T1', 'KEGG:04510'), ('RUNX1T1', 'KEGG:05215'), ('RUNX1T1', 'KEGG:05205'), ('RUNX1T1', 'KEGG:04150'), ('RUNX1T1', 'KEGG:05214'), ('RUNX1T1', 'KEGG:04014'), ('RUNX1T1', 'KEGG:05161'), ('RUNX1T1', 'KEGG:01522'), ('RUNX1T1', 'KEGG:04722'), ('RUNX1T1', 'KEGG:05224'), ('RUNX1T1', 'KEGG:04926'), ('RUNX1T1', 'KEGG:04012'), ('RUNX1T1', 'KEGG:04068'), ('RUNX1T1', 'KEGG:04630'), ('RUNX1T1', 'KEGG:05225'), ('AKAP12', 'KEGG:04150'), ('DZIP1', 'KEGG:05200'), ('DZIP1', 'KEGG:01521'), ('DZIP1', 'KEGG:04151'), ('DZIP1', 'KEGG:04510'), ('DZIP1', 'KEGG:05215'), ('DZIP1', 'KEGG:04150'), ('DZIP1', 'KEGG:05222'), ('DZIP1', 'KEGG:05214'), ('DZIP1', 'KEGG:04218'), ('DZIP1', 'KEGG:05218'), ('DZIP1', 'KEGG:05224'), ('DZIP1', 'KEGG:04068'), ('DZIP1', 'KEGG:04140'), ('DZIP1', 'KEGG:05225'), ('BACH2', 'KEGG:05200'), ('BACH2', 'KEGG:04151'), ('BACH2', 'KEGG:04510'), ('BACH2', 'KEGG:05205'), ('BACH2', 'KEGG:05222')]",0.696969696969697,0.3168795111709062,luminal-b,betweenness_centrality; closeness_centrality; degree_centrality; pathway_reach,4.0
hsa-miR-15b-5p,hsa-miR-15b-5p,MicroRNA,1.0,0,1,0.113728998856375,0.2419798350137488,0.0477386934673366,0.0175438596491228,"[('FGF1', 'KEGG:04010'), ('FGF1', 'KEGG:04510'), ('FGF1', 'KEGG:05205'), ('RUNX1T1', 'KEGG:05200'), ('RUNX1T1', 'KEGG:01521'), ('RUNX1T1', 'KEGG:04010'), ('RUNX1T1', 'KEGG:04151'), ('RUNX1T1', 'KEGG:04510'), ('RUNX1T1', 'KEGG:05215'), ('RUNX1T1', 'KEGG:05205'), ('RUNX1T1', 'KEGG:04150'), ('RUNX1T1', 'KEGG:05214'), ('RUNX1T1', 'KEGG:04014'), ('RUNX1T1', 'KEGG:05161'), ('RUNX1T1', 'KEGG:01522'), ('RUNX1T1', 'KEGG:04722'), ('RUNX1T1', 'KEGG:05224'), ('RUNX1T1', 'KEGG:04926'), ('RUNX1T1', 'KEGG:04012'), ('RUNX1T1', 'KEGG:04068'), ('RUNX1T1', 'KEGG:04630'), ('RUNX1T1', 'KEGG:05225'), ('AKAP12', 'KEGG:04150'), ('DZIP1', 'KEGG:05200'), ('DZIP1', 'KEGG:01521'), ('DZIP1', 'KEGG:04151'), ('DZIP1', 'KEGG:04510'), ('DZIP1', 'KEGG:05215'), ('DZIP1', 'KEGG:04150'), ('DZIP1', 'KEGG:05222'), ('DZIP1', 'KEGG:05214'), ('DZIP1', 'KEGG:04218'), ('DZIP1', 'KEGG:05218'), ('DZIP1', 'KEGG:05224'), ('DZIP1', 'KEGG:04068'), ('DZIP1', 'KEGG:04140'), ('DZIP1', 'KEGG:05225'), ('BACH2', 'KEGG:05200'), ('BACH2', 'KEGG:04151'), ('BACH2', 'KEGG:04510'), ('BACH2', 'KEGG:05205'), ('BACH2', 'KEGG:05222')]",0.696969696969697,0.3168795111709062,luminal-b,betweenness_centrality; closeness_centrality; degree_centrality; pathway_reach,4.0
hsa-miR-15b-5p,hsa-miR-15b-5p,MicroRNA,1.0,0,1,0.113728998856375,0.2419798350137488,0.0477386934673366,0.0175438596491228,"[('FGF1', 'KEGG:04010'), ('FGF1', 'KEGG:04510'), ('FGF1', 'KEGG:05205'), ('RUNX1T1', 'KEGG:05200'), ('RUNX1T1', 'KEGG:01521'), ('RUNX1T1', 'KEGG:04010'), ('RUNX1T1', 'KEGG:04151'), ('RUNX1T1', 'KEGG:04510'), ('RUNX1T1', 'KEGG:05215'), ('RUNX1T1', 'KEGG:05205'), ('RUNX1T1', 'KEGG:04150'), ('RUNX1T1', 'KEGG:05214'), ('RUNX1T1', 'KEGG:04014'), ('RUNX1T1', 'KEGG:05161'), ('RUNX1T1', 'KEGG:01522'), ('RUNX1T1', 'KEGG:04722'), ('RUNX1T1', 'KEGG:05224'), ('RUNX1T1', 'KEGG:04926'), ('RUNX1T1', 'KEGG:04012'), ('RUNX1T1', 'KEGG:04068'), ('RUNX1T1', 'KEGG:04630'), ('RUNX1T1', 'KEGG:05225'), ('AKAP12', 'KEGG:04150'), ('DZIP1', 'KEGG:05200'), ('DZIP1', 'KEGG:01521'), ('DZIP1', 'KEGG:04151'), ('DZIP1', 'KEGG:04510'), ('DZIP1', 'KEGG:05215'), ('DZIP1', 'KEGG:04150'), ('DZIP1', 'KEGG:05222'), ('DZIP1', 'KEGG:05214'), ('DZIP1', 'KEGG:04218'), ('DZIP1', 'KEGG:05218'), ('DZIP1', 'KEGG:05224'), ('DZIP1', 'KEGG:04068'), ('DZIP1', 'KEGG:04140'), ('DZIP1', 'KEGG:05225'), ('BACH2', 'KEGG:05200'), ('BACH2', 'KEGG:04151'), ('BACH2', 'KEGG:04510'), ('BACH2', 'KEGG:05205'), ('BACH2', 'KEGG:05222')]",0.696969696969697,0.3168795111709062,luminal-b,betweenness_centrality; closeness_centrality; degree_centrality; pathway_reach,4.0
hsa-miR-15b-5p,hsa-miR-15b-5p,MicroRNA,1.0,0,1,0.113728998856375,0.2419798350137488,0.0477386934673366,0.0175438596491228,"[('FGF1', 'KEGG:04010'), ('FGF1', 'KEGG:04510'), ('FGF1', 'KEGG:05205'), ('RUNX1T1', 'KEGG:05200'), ('RUNX1T1', 'KEGG:01521'), ('RUNX1T1', 'KEGG:04010'), ('RUNX1T1', 'KEGG:04151'), ('RUNX1T1', 'KEGG:04510'), ('RUNX1T1', 'KEGG:05215'), ('RUNX1T1', 'KEGG:05205'), ('RUNX1T1', 'KEGG:04150'), ('RUNX1T1', 'KEGG:05214'), ('RUNX1T1', 'KEGG:04014'), ('RUNX1T1', 'KEGG:05161'), ('RUNX1T1', 'KEGG:01522'), ('RUNX1T1', 'KEGG:04722'), ('RUNX1T1', 'KEGG:05224'), ('RUNX1T1', 'KEGG:04926'), ('RUNX1T1', 'KEGG:04012'), ('RUNX1T1', 'KEGG:04068'), ('RUNX1T1', 'KEGG:04630'), ('RUNX1T1', 'KEGG:05225'), ('AKAP12', 'KEGG:04150'), ('DZIP1', 'KEGG:05200'), ('DZIP1', 'KEGG:01521'), ('DZIP1', 'KEGG:04151'), ('DZIP1', 'KEGG:04510'), ('DZIP1', 'KEGG:05215'), ('DZIP1', 'KEGG:04150'), ('DZIP1', 'KEGG:05222'), ('DZIP1', 'KEGG:05214'), ('DZIP1', 'KEGG:04218'), ('DZIP1', 'KEGG:05218'), ('DZIP1', 'KEGG:05224'), ('DZIP1', 'KEGG:04068'), ('DZIP1', 'KEGG:04140'), ('DZIP1', 'KEGG:05225'), ('BACH2', 'KEGG:05200'), ('BACH2', 'KEGG:04151'), ('BACH2', 'KEGG:04510'), ('BACH2', 'KEGG:05205'), ('BACH2', 'KEGG:05222')]",0.696969696969697,0.3168795111709062,luminal-b,betweenness_centrality; closeness_centrality; degree_centrality; pathway_reach,4.0
hsa-miR-15b-5p,hsa-miR-15b-5p,MicroRNA,1.0,0,1,0.113728998856375,0.2419798350137488,0.0477386934673366,0.0175438596491228,"[('FGF1', 'KEGG:04010'), ('FGF1', 'KEGG:04510'), ('FGF1', 'KEGG:05205'), ('RUNX1T1', 'KEGG:05200'), ('RUNX1T1', 'KEGG:01521'), ('RUNX1T1', 'KEGG:04010'), ('RUNX1T1', 'KEGG:04151'), ('RUNX1T1', 'KEGG:04510'), ('RUNX1T1', 'KEGG:05215'), ('RUNX1T1', 'KEGG:05205'), ('RUNX1T1', 'KEGG:04150'), ('RUNX1T1', 'KEGG:05214'), ('RUNX1T1', 'KEGG:04014'), ('RUNX1T1', 'KEGG:05161'), ('RUNX1T1', 'KEGG:01522'), ('RUNX1T1', 'KEGG:04722'), ('RUNX1T1', 'KEGG:05224'), ('RUNX1T1', 'KEGG:04926'), ('RUNX1T1', 'KEGG:04012'), ('RUNX1T1', 'KEGG:04068'), ('RUNX1T1', 'KEGG:04630'), ('RUNX1T1', 'KEGG:05225'), ('AKAP12', 'KEGG:04150'), ('DZIP1', 'KEGG:05200'), ('DZIP1', 'KEGG:01521'), ('DZIP1', 'KEGG:04151'), ('DZIP1', 'KEGG:04510'), ('DZIP1', 'KEGG:05215'), ('DZIP1', 'KEGG:04150'), ('DZIP1', 'KEGG:05222'), ('DZIP1', 'KEGG:05214'), ('DZIP1', 'KEGG:04218'), ('DZIP1', 'KEGG:05218'), ('DZIP1', 'KEGG:05224'), ('DZIP1', 'KEGG:04068'), ('DZIP1', 'KEGG:04140'), ('DZIP1', 'KEGG:05225'), ('BACH2', 'KEGG:05200'), ('BACH2', 'KEGG:04151'), ('BACH2', 'KEGG:04510'), ('BACH2', 'KEGG:05205'), ('BACH2', 'KEGG:05222')]",0.696969696969697,0.3168795111709062,luminal-b,betweenness_centrality; closeness_centrality; degree_centrality; pathway_reach,4.0
hsa-miR-15b-5p,hsa-miR-15b-5p,MicroRNA,1.0,0,1,0.113728998856375,0.2419798350137488,0.0477386934673366,0.0175438596491228,"[('FGF1', 'KEGG:04010'), ('FGF1', 'KEGG:04510'), ('FGF1', 'KEGG:05205'), ('RUNX1T1', 'KEGG:05200'), ('RUNX1T1', 'KEGG:01521'), ('RUNX1T1', 'KEGG:04010'), ('RUNX1T1', 'KEGG:04151'), ('RUNX1T1', 'KEGG:04510'), ('RUNX1T1', 'KEGG:05215'), ('RUNX1T1', 'KEGG:05205'), ('RUNX1T1', 'KEGG:04150'), ('RUNX1T1', 'KEGG:05214'), ('RUNX1T1', 'KEGG:04014'), ('RUNX1T1', 'KEGG:05161'), ('RUNX1T1', 'KEGG:01522'), ('RUNX1T1', 'KEGG:04722'), ('RUNX1T1', 'KEGG:05224'), ('RUNX1T1', 'KEGG:04926'), ('RUNX1T1', 'KEGG:04012'), ('RUNX1T1', 'KEGG:04068'), ('RUNX1T1', 'KEGG:04630'), ('RUNX1T1', 'KEGG:05225'), ('AKAP12', 'KEGG:04150'), ('DZIP1', 'KEGG:05200'), ('DZIP1', 'KEGG:01521'), ('DZIP1', 'KEGG:04151'), ('DZIP1', 'KEGG:04510'), ('DZIP1', 'KEGG:05215'), ('DZIP1', 'KEGG:04150'), ('DZIP1', 'KEGG:05222'), ('DZIP1', 'KEGG:05214'), ('DZIP1', 'KEGG:04218'), ('DZIP1', 'KEGG:05218'), ('DZIP1', 'KEGG:05224'), ('DZIP1', 'KEGG:04068'), ('DZIP1', 'KEGG:04140'), ('DZIP1', 'KEGG:05225'), ('BACH2', 'KEGG:05200'), ('BACH2', 'KEGG:04151'), ('BACH2', 'KEGG:04510'), ('BACH2', 'KEGG:05205'), ('BACH2', 'KEGG:05222')]",0.696969696969697,0.3168795111709062,luminal-b,betweenness_centrality; closeness_centrality; degree_centrality; pathway_reach,4.0
hsa-miR-15b-5p,hsa-miR-15b-5p,MicroRNA,1.0,0,1,0.113728998856375,0.2419798350137488,0.0477386934673366,0.0175438596491228,"[('FGF1', 'KEGG:04010'), ('FGF1', 'KEGG:04510'), ('FGF1', 'KEGG:05205'), ('RUNX1T1', 'KEGG:05200'), ('RUNX1T1', 'KEGG:01521'), ('RUNX1T1', 'KEGG:04010'), ('RUNX1T1', 'KEGG:04151'), ('RUNX1T1', 'KEGG:04510'), ('RUNX1T1', 'KEGG:05215'), ('RUNX1T1', 'KEGG:05205'), ('RUNX1T1', 'KEGG:04150'), ('RUNX1T1', 'KEGG:05214'), ('RUNX1T1', 'KEGG:04014'), ('RUNX1T1', 'KEGG:05161'), ('RUNX1T1', 'KEGG:01522'), ('RUNX1T1', 'KEGG:04722'), ('RUNX1T1', 'KEGG:05224'), ('RUNX1T1', 'KEGG:04926'), ('RUNX1T1', 'KEGG:04012'), ('RUNX1T1', 'KEGG:04068'), ('RUNX1T1', 'KEGG:04630'), ('RUNX1T1', 'KEGG:05225'), ('AKAP12', 'KEGG:04150'), ('DZIP1', 'KEGG:05200'), ('DZIP1', 'KEGG:01521'), ('DZIP1', 'KEGG:04151'), ('DZIP1', 'KEGG:04510'), ('DZIP1', 'KEGG:05215'), ('DZIP1', 'KEGG:04150'), ('DZIP1', 'KEGG:05222'), ('DZIP1', 'KEGG:05214'), ('DZIP1', 'KEGG:04218'), ('DZIP1', 'KEGG:05218'), ('DZIP1', 'KEGG:05224'), ('DZIP1', 'KEGG:04068'), ('DZIP1', 'KEGG:04140'), ('DZIP1', 'KEGG:05225'), ('BACH2', 'KEGG:05200'), ('BACH2', 'KEGG:04151'), ('BACH2', 'KEGG:04510'), ('BACH2', 'KEGG:05205'), ('BACH2', 'KEGG:05222')]",0.696969696969697,0.3168795111709062,luminal-b,betweenness_centrality; closeness_centrality; degree_centrality; pathway_reach,4.0
hsa-miR-15b-5p,hsa-miR-15b-5p,MicroRNA,1.0,0,1,0.113728998856375,0.2419798350137488,0.0477386934673366,0.0175438596491228,"[('FGF1', 'KEGG:04010'), ('FGF1', 'KEGG:04510'), ('FGF1', 'KEGG:05205'), ('RUNX1T1', 'KEGG:05200'), ('RUNX1T1', 'KEGG:01521'), ('RUNX1T1', 'KEGG:04010'), ('RUNX1T1', 'KEGG:04151'), ('RUNX1T1', 'KEGG:04510'), ('RUNX1T1', 'KEGG:05215'), ('RUNX1T1', 'KEGG:05205'), ('RUNX1T1', 'KEGG:04150'), ('RUNX1T1', 'KEGG:05214'), ('RUNX1T1', 'KEGG:04014'), ('RUNX1T1', 'KEGG:05161'), ('RUNX1T1', 'KEGG:01522'), ('RUNX1T1', 'KEGG:04722'), ('RUNX1T1', 'KEGG:05224'), ('RUNX1T1', 'KEGG:04926'), ('RUNX1T1', 'KEGG:04012'), ('RUNX1T1', 'KEGG:04068'), ('RUNX1T1', 'KEGG:04630'), ('RUNX1T1', 'KEGG:05225'), ('AKAP12', 'KEGG:04150'), ('DZIP1', 'KEGG:05200'), ('DZIP1', 'KEGG:01521'), ('DZIP1', 'KEGG:04151'), ('DZIP1', 'KEGG:04510'), ('DZIP1', 'KEGG:05215'), ('DZIP1', 'KEGG:04150'), ('DZIP1', 'KEGG:05222'), ('DZIP1', 'KEGG:05214'), ('DZIP1', 'KEGG:04218'), ('DZIP1', 'KEGG:05218'), ('DZIP1', 'KEGG:05224'), ('DZIP1', 'KEGG:04068'), ('DZIP1', 'KEGG:04140'), ('DZIP1', 'KEGG:05225'), ('BACH2', 'KEGG:05200'), ('BACH2', 'KEGG:04151'), ('BACH2', 'KEGG:04510'), ('BACH2', 'KEGG:05205'), ('BACH2', 'KEGG:05222')]",0.696969696969697,0.3168795111709062,luminal-b,betweenness_centrality; closeness_centrality; degree_centrality; pathway_reach,4.0
hsa-miR-15b-5p,hsa-miR-15b-5p,MicroRNA,1.0,0,1,0.113728998856375,0.2419798350137488,0.0477386934673366,0.0175438596491228,"[('FGF1', 'KEGG:04010'), ('FGF1', 'KEGG:04510'), ('FGF1', 'KEGG:05205'), ('RUNX1T1', 'KEGG:05200'), ('RUNX1T1', 'KEGG:01521'), ('RUNX1T1', 'KEGG:04010'), ('RUNX1T1', 'KEGG:04151'), ('RUNX1T1', 'KEGG:04510'), ('RUNX1T1', 'KEGG:05215'), ('RUNX1T1', 'KEGG:05205'), ('RUNX1T1', 'KEGG:04150'), ('RUNX1T1', 'KEGG:05214'), ('RUNX1T1', 'KEGG:04014'), ('RUNX1T1', 'KEGG:05161'), ('RUNX1T1', 'KEGG:01522'), ('RUNX1T1', 'KEGG:04722'), ('RUNX1T1', 'KEGG:05224'), ('RUNX1T1', 'KEGG:04926'), ('RUNX1T1', 'KEGG:04012'), ('RUNX1T1', 'KEGG:04068'), ('RUNX1T1', 'KEGG:04630'), ('RUNX1T1', 'KEGG:05225'), ('AKAP12', 'KEGG:04150'), ('DZIP1', 'KEGG:05200'), ('DZIP1', 'KEGG:01521'), ('DZIP1', 'KEGG:04151'), ('DZIP1', 'KEGG:04510'), ('DZIP1', 'KEGG:05215'), ('DZIP1', 'KEGG:04150'), ('DZIP1', 'KEGG:05222'), ('DZIP1', 'KEGG:05214'), ('DZIP1', 'KEGG:04218'), ('DZIP1', 'KEGG:05218'), ('DZIP1', 'KEGG:05224'), ('DZIP1', 'KEGG:04068'), ('DZIP1', 'KEGG:04140'), ('DZIP1', 'KEGG:05225'), ('BACH2', 'KEGG:05200'), ('BACH2', 'KEGG:04151'), ('BACH2', 'KEGG:04510'), ('BACH2', 'KEGG:05205'), ('BACH2', 'KEGG:05222')]",0.696969696969697,0.3168795111709062,luminal-b,betweenness_centrality; closeness_centrality; degree_centrality; pathway_reach,4.0
hsa-miR-15b-5p,hsa-miR-15b-5p,MicroRNA,1.0,0,1,0.113728998856375,0.2419798350137488,0.0477386934673366,0.0175438596491228,"[('FGF1', 'KEGG:04010'), ('FGF1', 'KEGG:04510'), ('FGF1', 'KEGG:05205'), ('RUNX1T1', 'KEGG:05200'), ('RUNX1T1', 'KEGG:01521'), ('RUNX1T1', 'KEGG:04010'), ('RUNX1T1', 'KEGG:04151'), ('RUNX1T1', 'KEGG:04510'), ('RUNX1T1', 'KEGG:05215'), ('RUNX1T1', 'KEGG:05205'), ('RUNX1T1', 'KEGG:04150'), ('RUNX1T1', 'KEGG:05214'), ('RUNX1T1', 'KEGG:04014'), ('RUNX1T1', 'KEGG:05161'), ('RUNX1T1', 'KEGG:01522'), ('RUNX1T1', 'KEGG:04722'), ('RUNX1T1', 'KEGG:05224'), ('RUNX1T1', 'KEGG:04926'), ('RUNX1T1', 'KEGG:04012'), ('RUNX1T1', 'KEGG:04068'), ('RUNX1T1', 'KEGG:04630'), ('RUNX1T1', 'KEGG:05225'), ('AKAP12', 'KEGG:04150'), ('DZIP1', 'KEGG:05200'), ('DZIP1', 'KEGG:01521'), ('DZIP1', 'KEGG:04151'), ('DZIP1', 'KEGG:04510'), ('DZIP1', 'KEGG:05215'), ('DZIP1', 'KEGG:04150'), ('DZIP1', 'KEGG:05222'), ('DZIP1', 'KEGG:05214'), ('DZIP1', 'KEGG:04218'), ('DZIP1', 'KEGG:05218'), ('DZIP1', 'KEGG:05224'), ('DZIP1', 'KEGG:04068'), ('DZIP1', 'KEGG:04140'), ('DZIP1', 'KEGG:05225'), ('BACH2', 'KEGG:05200'), ('BACH2', 'KEGG:04151'), ('BACH2', 'KEGG:04510'), ('BACH2', 'KEGG:05205'), ('BACH2', 'KEGG:05222')]",0.696969696969697,0.3168795111709062,luminal-b,betweenness_centrality; closeness_centrality; degree_centrality; pathway_reach,4.0
hsa-miR-15b-5p,hsa-miR-15b-5p,MicroRNA,1.0,0,1,0.113728998856375,0.2419798350137488,0.0477386934673366,0.0175438596491228,"[('FGF1', 'KEGG:04010'), ('FGF1', 'KEGG:04510'), ('FGF1', 'KEGG:05205'), ('RUNX1T1', 'KEGG:05200'), ('RUNX1T1', 'KEGG:01521'), ('RUNX1T1', 'KEGG:04010'), ('RUNX1T1', 'KEGG:04151'), ('RUNX1T1', 'KEGG:04510'), ('RUNX1T1', 'KEGG:05215'), ('RUNX1T1', 'KEGG:05205'), ('RUNX1T1', 'KEGG:04150'), ('RUNX1T1', 'KEGG:05214'), ('RUNX1T1', 'KEGG:04014'), ('RUNX1T1', 'KEGG:05161'), ('RUNX1T1', 'KEGG:01522'), ('RUNX1T1', 'KEGG:04722'), ('RUNX1T1', 'KEGG:05224'), ('RUNX1T1', 'KEGG:04926'), ('RUNX1T1', 'KEGG:04012'), ('RUNX1T1', 'KEGG:04068'), ('RUNX1T1', 'KEGG:04630'), ('RUNX1T1', 'KEGG:05225'), ('AKAP12', 'KEGG:04150'), ('DZIP1', 'KEGG:05200'), ('DZIP1', 'KEGG:01521'), ('DZIP1', 'KEGG:04151'), ('DZIP1', 'KEGG:04510'), ('DZIP1', 'KEGG:05215'), ('DZIP1', 'KEGG:04150'), ('DZIP1', 'KEGG:05222'), ('DZIP1', 'KEGG:05214'), ('DZIP1', 'KEGG:04218'), ('DZIP1', 'KEGG:05218'), ('DZIP1', 'KEGG:05224'), ('DZIP1', 'KEGG:04068'), ('DZIP1', 'KEGG:04140'), ('DZIP1', 'KEGG:05225'), ('BACH2', 'KEGG:05200'), ('BACH2', 'KEGG:04151'), ('BACH2', 'KEGG:04510'), ('BACH2', 'KEGG:05205'), ('BACH2', 'KEGG:05222')]",0.696969696969697,0.3168795111709062,luminal-b,betweenness_centrality; closeness_centrality; degree_centrality; pathway_reach,4.0
hsa-miR-15b-5p,hsa-miR-15b-5p,MicroRNA,1.0,0,1,0.113728998856375,0.2419798350137488,0.0477386934673366,0.0175438596491228,"[('FGF1', 'KEGG:04010'), ('FGF1', 'KEGG:04510'), ('FGF1', 'KEGG:05205'), ('RUNX1T1', 'KEGG:05200'), ('RUNX1T1', 'KEGG:01521'), ('RUNX1T1', 'KEGG:04010'), ('RUNX1T1', 'KEGG:04151'), ('RUNX1T1', 'KEGG:04510'), ('RUNX1T1', 'KEGG:05215'), ('RUNX1T1', 'KEGG:05205'), ('RUNX1T1', 'KEGG:04150'), ('RUNX1T1', 'KEGG:05214'), ('RUNX1T1', 'KEGG:04014'), ('RUNX1T1', 'KEGG:05161'), ('RUNX1T1', 'KEGG:01522'), ('RUNX1T1', 'KEGG:04722'), ('RUNX1T1', 'KEGG:05224'), ('RUNX1T1', 'KEGG:04926'), ('RUNX1T1', 'KEGG:04012'), ('RUNX1T1', 'KEGG:04068'), ('RUNX1T1', 'KEGG:04630'), ('RUNX1T1', 'KEGG:05225'), ('AKAP12', 'KEGG:04150'), ('DZIP1', 'KEGG:05200'), ('DZIP1', 'KEGG:01521'), ('DZIP1', 'KEGG:04151'), ('DZIP1', 'KEGG:04510'), ('DZIP1', 'KEGG:05215'), ('DZIP1', 'KEGG:04150'), ('DZIP1', 'KEGG:05222'), ('DZIP1', 'KEGG:05214'), ('DZIP1', 'KEGG:04218'), ('DZIP1', 'KEGG:05218'), ('DZIP1', 'KEGG:05224'), ('DZIP1', 'KEGG:04068'), ('DZIP1', 'KEGG:04140'), ('DZIP1', 'KEGG:05225'), ('BACH2', 'KEGG:05200'), ('BACH2', 'KEGG:04151'), ('BACH2', 'KEGG:04510'), ('BACH2', 'KEGG:05205'), ('BACH2', 'KEGG:05222')]",0.696969696969697,0.3168795111709062,luminal-b,betweenness_centrality; closeness_centrality; degree_centrality; pathway_reach,4.0
hsa-miR-15b-5p,hsa-miR-15b-5p,MicroRNA,1.0,0,1,0.113728998856375,0.2419798350137488,0.0477386934673366,0.0175438596491228,"[('FGF1', 'KEGG:04010'), ('FGF1', 'KEGG:04510'), ('FGF1', 'KEGG:05205'), ('RUNX1T1', 'KEGG:05200'), ('RUNX1T1', 'KEGG:01521'), ('RUNX1T1', 'KEGG:04010'), ('RUNX1T1', 'KEGG:04151'), ('RUNX1T1', 'KEGG:04510'), ('RUNX1T1', 'KEGG:05215'), ('RUNX1T1', 'KEGG:05205'), ('RUNX1T1', 'KEGG:04150'), ('RUNX1T1', 'KEGG:05214'), ('RUNX1T1', 'KEGG:04014'), ('RUNX1T1', 'KEGG:05161'), ('RUNX1T1', 'KEGG:01522'), ('RUNX1T1', 'KEGG:04722'), ('RUNX1T1', 'KEGG:05224'), ('RUNX1T1', 'KEGG:04926'), ('RUNX1T1', 'KEGG:04012'), ('RUNX1T1', 'KEGG:04068'), ('RUNX1T1', 'KEGG:04630'), ('RUNX1T1', 'KEGG:05225'), ('AKAP12', 'KEGG:04150'), ('DZIP1', 'KEGG:05200'), ('DZIP1', 'KEGG:01521'), ('DZIP1', 'KEGG:04151'), ('DZIP1', 'KEGG:04510'), ('DZIP1', 'KEGG:05215'), ('DZIP1', 'KEGG:04150'), ('DZIP1', 'KEGG:05222'), ('DZIP1', 'KEGG:05214'), ('DZIP1', 'KEGG:04218'), ('DZIP1', 'KEGG:05218'), ('DZIP1', 'KEGG:05224'), ('DZIP1', 'KEGG:04068'), ('DZIP1', 'KEGG:04140'), ('DZIP1', 'KEGG:05225'), ('BACH2', 'KEGG:05200'), ('BACH2', 'KEGG:04151'), ('BACH2', 'KEGG:04510'), ('BACH2', 'KEGG:05205'), ('BACH2', 'KEGG:05222')]",0.696969696969697,0.3168795111709062,luminal-b,betweenness_centrality; closeness_centrality; degree_centrality; pathway_reach,4.0
hsa-miR-15b-5p,hsa-miR-15b-5p,MicroRNA,1.0,0,1,0.113728998856375,0.2419798350137488,0.0477386934673366,0.0175438596491228,"[('FGF1', 'KEGG:04010'), ('FGF1', 'KEGG:04510'), ('FGF1', 'KEGG:05205'), ('RUNX1T1', 'KEGG:05200'), ('RUNX1T1', 'KEGG:01521'), ('RUNX1T1', 'KEGG:04010'), ('RUNX1T1', 'KEGG:04151'), ('RUNX1T1', 'KEGG:04510'), ('RUNX1T1', 'KEGG:05215'), ('RUNX1T1', 'KEGG:05205'), ('RUNX1T1', 'KEGG:04150'), ('RUNX1T1', 'KEGG:05214'), ('RUNX1T1', 'KEGG:04014'), ('RUNX1T1', 'KEGG:05161'), ('RUNX1T1', 'KEGG:01522'), ('RUNX1T1', 'KEGG:04722'), ('RUNX1T1', 'KEGG:05224'), ('RUNX1T1', 'KEGG:04926'), ('RUNX1T1', 'KEGG:04012'), ('RUNX1T1', 'KEGG:04068'), ('RUNX1T1', 'KEGG:04630'), ('RUNX1T1', 'KEGG:05225'), ('AKAP12', 'KEGG:04150'), ('DZIP1', 'KEGG:05200'), ('DZIP1', 'KEGG:01521'), ('DZIP1', 'KEGG:04151'), ('DZIP1', 'KEGG:04510'), ('DZIP1', 'KEGG:05215'), ('DZIP1', 'KEGG:04150'), ('DZIP1', 'KEGG:05222'), ('DZIP1', 'KEGG:05214'), ('DZIP1', 'KEGG:04218'), ('DZIP1', 'KEGG:05218'), ('DZIP1', 'KEGG:05224'), ('DZIP1', 'KEGG:04068'), ('DZIP1', 'KEGG:04140'), ('DZIP1', 'KEGG:05225'), ('BACH2', 'KEGG:05200'), ('BACH2', 'KEGG:04151'), ('BACH2', 'KEGG:04510'), ('BACH2', 'KEGG:05205'), ('BACH2', 'KEGG:05222')]",0.696969696969697,0.3168795111709062,luminal-b,betweenness_centrality; closeness_centrality; degree_centrality; pathway_reach,4.0
hsa-miR-15b-5p,hsa-miR-15b-5p,MicroRNA,1.0,0,1,0.113728998856375,0.2419798350137488,0.0477386934673366,0.0175438596491228,"[('FGF1', 'KEGG:04010'), ('FGF1', 'KEGG:04510'), ('FGF1', 'KEGG:05205'), ('RUNX1T1', 'KEGG:05200'), ('RUNX1T1', 'KEGG:01521'), ('RUNX1T1', 'KEGG:04010'), ('RUNX1T1', 'KEGG:04151'), ('RUNX1T1', 'KEGG:04510'), ('RUNX1T1', 'KEGG:05215'), ('RUNX1T1', 'KEGG:05205'), ('RUNX1T1', 'KEGG:04150'), ('RUNX1T1', 'KEGG:05214'), ('RUNX1T1', 'KEGG:04014'), ('RUNX1T1', 'KEGG:05161'), ('RUNX1T1', 'KEGG:01522'), ('RUNX1T1', 'KEGG:04722'), ('RUNX1T1', 'KEGG:05224'), ('RUNX1T1', 'KEGG:04926'), ('RUNX1T1', 'KEGG:04012'), ('RUNX1T1', 'KEGG:04068'), ('RUNX1T1', 'KEGG:04630'), ('RUNX1T1', 'KEGG:05225'), ('AKAP12', 'KEGG:04150'), ('DZIP1', 'KEGG:05200'), ('DZIP1', 'KEGG:01521'), ('DZIP1', 'KEGG:04151'), ('DZIP1', 'KEGG:04510'), ('DZIP1', 'KEGG:05215'), ('DZIP1', 'KEGG:04150'), ('DZIP1', 'KEGG:05222'), ('DZIP1', 'KEGG:05214'), ('DZIP1', 'KEGG:04218'), ('DZIP1', 'KEGG:05218'), ('DZIP1', 'KEGG:05224'), ('DZIP1', 'KEGG:04068'), ('DZIP1', 'KEGG:04140'), ('DZIP1', 'KEGG:05225'), ('BACH2', 'KEGG:05200'), ('BACH2', 'KEGG:04151'), ('BACH2', 'KEGG:04510'), ('BACH2', 'KEGG:05205'), ('BACH2', 'KEGG:05222')]",0.696969696969697,0.3168795111709062,luminal-b,betweenness_centrality; closeness_centrality; degree_centrality; pathway_reach,4.0
hsa-miR-15b-5p,hsa-miR-15b-5p,MicroRNA,1.0,0,1,0.113728998856375,0.2419798350137488,0.0477386934673366,0.0175438596491228,"[('FGF1', 'KEGG:04010'), ('FGF1', 'KEGG:04510'), ('FGF1', 'KEGG:05205'), ('RUNX1T1', 'KEGG:05200'), ('RUNX1T1', 'KEGG:01521'), ('RUNX1T1', 'KEGG:04010'), ('RUNX1T1', 'KEGG:04151'), ('RUNX1T1', 'KEGG:04510'), ('RUNX1T1', 'KEGG:05215'), ('RUNX1T1', 'KEGG:05205'), ('RUNX1T1', 'KEGG:04150'), ('RUNX1T1', 'KEGG:05214'), ('RUNX1T1', 'KEGG:04014'), ('RUNX1T1', 'KEGG:05161'), ('RUNX1T1', 'KEGG:01522'), ('RUNX1T1', 'KEGG:04722'), ('RUNX1T1', 'KEGG:05224'), ('RUNX1T1', 'KEGG:04926'), ('RUNX1T1', 'KEGG:04012'), ('RUNX1T1', 'KEGG:04068'), ('RUNX1T1', 'KEGG:04630'), ('RUNX1T1', 'KEGG:05225'), ('AKAP12', 'KEGG:04150'), ('DZIP1', 'KEGG:05200'), ('DZIP1', 'KEGG:01521'), ('DZIP1', 'KEGG:04151'), ('DZIP1', 'KEGG:04510'), ('DZIP1', 'KEGG:05215'), ('DZIP1', 'KEGG:04150'), ('DZIP1', 'KEGG:05222'), ('DZIP1', 'KEGG:05214'), ('DZIP1', 'KEGG:04218'), ('DZIP1', 'KEGG:05218'), ('DZIP1', 'KEGG:05224'), ('DZIP1', 'KEGG:04068'), ('DZIP1', 'KEGG:04140'), ('DZIP1', 'KEGG:05225'), ('BACH2', 'KEGG:05200'), ('BACH2', 'KEGG:04151'), ('BACH2', 'KEGG:04510'), ('BACH2', 'KEGG:05205'), ('BACH2', 'KEGG:05222')]",0.696969696969697,0.3168795111709062,luminal-b,betweenness_centrality; closeness_centrality; degree_centrality; pathway_reach,4.0
hsa-miR-15b-5p,hsa-miR-15b-5p,MicroRNA,1.0,0,1,0.113728998856375,0.2419798350137488,0.0477386934673366,0.0175438596491228,"[('FGF1', 'KEGG:04010'), ('FGF1', 'KEGG:04510'), ('FGF1', 'KEGG:05205'), ('RUNX1T1', 'KEGG:05200'), ('RUNX1T1', 'KEGG:01521'), ('RUNX1T1', 'KEGG:04010'), ('RUNX1T1', 'KEGG:04151'), ('RUNX1T1', 'KEGG:04510'), ('RUNX1T1', 'KEGG:05215'), ('RUNX1T1', 'KEGG:05205'), ('RUNX1T1', 'KEGG:04150'), ('RUNX1T1', 'KEGG:05214'), ('RUNX1T1', 'KEGG:04014'), ('RUNX1T1', 'KEGG:05161'), ('RUNX1T1', 'KEGG:01522'), ('RUNX1T1', 'KEGG:04722'), ('RUNX1T1', 'KEGG:05224'), ('RUNX1T1', 'KEGG:04926'), ('RUNX1T1', 'KEGG:04012'), ('RUNX1T1', 'KEGG:04068'), ('RUNX1T1', 'KEGG:04630'), ('RUNX1T1', 'KEGG:05225'), ('AKAP12', 'KEGG:04150'), ('DZIP1', 'KEGG:05200'), ('DZIP1', 'KEGG:01521'), ('DZIP1', 'KEGG:04151'), ('DZIP1', 'KEGG:04510'), ('DZIP1', 'KEGG:05215'), ('DZIP1', 'KEGG:04150'), ('DZIP1', 'KEGG:05222'), ('DZIP1', 'KEGG:05214'), ('DZIP1', 'KEGG:04218'), ('DZIP1', 'KEGG:05218'), ('DZIP1', 'KEGG:05224'), ('DZIP1', 'KEGG:04068'), ('DZIP1', 'KEGG:04140'), ('DZIP1', 'KEGG:05225'), ('BACH2', 'KEGG:05200'), ('BACH2', 'KEGG:04151'), ('BACH2', 'KEGG:04510'), ('BACH2', 'KEGG:05205'), ('BACH2', 'KEGG:05222')]",0.696969696969697,0.3168795111709062,luminal-b,betweenness_centrality; closeness_centrality; degree_centrality; pathway_reach,4.0
hsa-miR-15b-5p,hsa-miR-15b-5p,MicroRNA,1.0,0,1,0.113728998856375,0.2419798350137488,0.0477386934673366,0.0175438596491228,"[('FGF1', 'KEGG:04010'), ('FGF1', 'KEGG:04510'), ('FGF1', 'KEGG:05205'), ('RUNX1T1', 'KEGG:05200'), ('RUNX1T1', 'KEGG:01521'), ('RUNX1T1', 'KEGG:04010'), ('RUNX1T1', 'KEGG:04151'), ('RUNX1T1', 'KEGG:04510'), ('RUNX1T1', 'KEGG:05215'), ('RUNX1T1', 'KEGG:05205'), ('RUNX1T1', 'KEGG:04150'), ('RUNX1T1', 'KEGG:05214'), ('RUNX1T1', 'KEGG:04014'), ('RUNX1T1', 'KEGG:05161'), ('RUNX1T1', 'KEGG:01522'), ('RUNX1T1', 'KEGG:04722'), ('RUNX1T1', 'KEGG:05224'), ('RUNX1T1', 'KEGG:04926'), ('RUNX1T1', 'KEGG:04012'), ('RUNX1T1', 'KEGG:04068'), ('RUNX1T1', 'KEGG:04630'), ('RUNX1T1', 'KEGG:05225'), ('AKAP12', 'KEGG:04150'), ('DZIP1', 'KEGG:05200'), ('DZIP1', 'KEGG:01521'), ('DZIP1', 'KEGG:04151'), ('DZIP1', 'KEGG:04510'), ('DZIP1', 'KEGG:05215'), ('DZIP1', 'KEGG:04150'), ('DZIP1', 'KEGG:05222'), ('DZIP1', 'KEGG:05214'), ('DZIP1', 'KEGG:04218'), ('DZIP1', 'KEGG:05218'), ('DZIP1', 'KEGG:05224'), ('DZIP1', 'KEGG:04068'), ('DZIP1', 'KEGG:04140'), ('DZIP1', 'KEGG:05225'), ('BACH2', 'KEGG:05200'), ('BACH2', 'KEGG:04151'), ('BACH2', 'KEGG:04510'), ('BACH2', 'KEGG:05205'), ('BACH2', 'KEGG:05222')]",0.696969696969697,0.3168795111709062,luminal-b,betweenness_centrality; closeness_centrality; degree_centrality; pathway_reach,4.0
hsa-miR-148a-3p,hsa-miR-148a-3p,MicroRNA,1.0,0,1,0.1132208654287016,0.2404371584699453,0.0452261306532663,0.0,"[('SPIN1', 'KEGG:04144')]",0.0303030303030303,0.3652037577238127,luminal-b,betweenness_centrality; closeness_centrality; degree_centrality,3.0
hsa-miR-29c-3p,hsa-miR-29c-3p,MicroRNA,1.0,0,1,0.0944306734776209,0.2346666666666666,0.0452261306532663,0.0130718954248366,"[('PPIC', 'KEGG:01521'), ('PPIC', 'KEGG:04151'), ('PPIC', 'KEGG:04150'), ('DIO2', 'KEGG:04151'), ('DIO2', 'KEGG:04630'), ('DAAM1', 'KEGG:04550'), ('DAAM1', 'KEGG:04630'), ('COL6A3', 'KEGG:04014'), ('COL6A3', 'KEGG:04713'), ('COL6A3', 'KEGG:04720'), ('KCTD20', 'KEGG:05200'), ('KCTD20', 'KEGG:05205'), ('KCTD20', 'KEGG:04725'), ('KCTD20', 'KEGG:05214'), ('KCTD20', 'KEGG:04310'), ('KCTD20', 'KEGG:04722'), ('KCTD20', 'KEGG:04713'), ('KCTD20', 'KEGG:04012'), ('KCTD20', 'KEGG:04720'), ('KIRREL1', 'KEGG:01521'), ('KIRREL1', 'KEGG:04010'), ('KIRREL1', 'KEGG:04014')]",0.4848484848484848,0.3242590350776344,luminal-b,betweenness_centrality,1.0
hsa-miR-29c-3p,hsa-miR-29c-3p,MicroRNA,1.0,0,1,0.0944306734776209,0.2346666666666666,0.0452261306532663,0.0130718954248366,"[('PPIC', 'KEGG:01521'), ('PPIC', 'KEGG:04151'), ('PPIC', 'KEGG:04150'), ('DIO2', 'KEGG:04151'), ('DIO2', 'KEGG:04630'), ('DAAM1', 'KEGG:04550'), ('DAAM1', 'KEGG:04630'), ('COL6A3', 'KEGG:04014'), ('COL6A3', 'KEGG:04713'), ('COL6A3', 'KEGG:04720'), ('KCTD20', 'KEGG:05200'), ('KCTD20', 'KEGG:05205'), ('KCTD20', 'KEGG:04725'), ('KCTD20', 'KEGG:05214'), ('KCTD20', 'KEGG:04310'), ('KCTD20', 'KEGG:04722'), ('KCTD20', 'KEGG:04713'), ('KCTD20', 'KEGG:04012'), ('KCTD20', 'KEGG:04720'), ('KIRREL1', 'KEGG:01521'), ('KIRREL1', 'KEGG:04010'), ('KIRREL1', 'KEGG:04014')]",0.4848484848484848,0.3242590350776344,luminal-b,betweenness_centrality,1.0
hsa-miR-29c-3p,hsa-miR-29c-3p,MicroRNA,1.0,0,1,0.0944306734776209,0.2346666666666666,0.0452261306532663,0.0130718954248366,"[('PPIC', 'KEGG:01521'), ('PPIC', 'KEGG:04151'), ('PPIC', 'KEGG:04150'), ('DIO2', 'KEGG:04151'), ('DIO2', 'KEGG:04630'), ('DAAM1', 'KEGG:04550'), ('DAAM1', 'KEGG:04630'), ('COL6A3', 'KEGG:04014'), ('COL6A3', 'KEGG:04713'), ('COL6A3', 'KEGG:04720'), ('KCTD20', 'KEGG:05200'), ('KCTD20', 'KEGG:05205'), ('KCTD20', 'KEGG:04725'), ('KCTD20', 'KEGG:05214'), ('KCTD20', 'KEGG:04310'), ('KCTD20', 'KEGG:04722'), ('KCTD20', 'KEGG:04713'), ('KCTD20', 'KEGG:04012'), ('KCTD20', 'KEGG:04720'), ('KIRREL1', 'KEGG:01521'), ('KIRREL1', 'KEGG:04010'), ('KIRREL1', 'KEGG:04014')]",0.4848484848484848,0.3242590350776344,luminal-b,betweenness_centrality,1.0
hsa-miR-29c-3p,hsa-miR-29c-3p,MicroRNA,1.0,0,1,0.0944306734776209,0.2346666666666666,0.0452261306532663,0.0130718954248366,"[('PPIC', 'KEGG:01521'), ('PPIC', 'KEGG:04151'), ('PPIC', 'KEGG:04150'), ('DIO2', 'KEGG:04151'), ('DIO2', 'KEGG:04630'), ('DAAM1', 'KEGG:04550'), ('DAAM1', 'KEGG:04630'), ('COL6A3', 'KEGG:04014'), ('COL6A3', 'KEGG:04713'), ('COL6A3', 'KEGG:04720'), ('KCTD20', 'KEGG:05200'), ('KCTD20', 'KEGG:05205'), ('KCTD20', 'KEGG:04725'), ('KCTD20', 'KEGG:05214'), ('KCTD20', 'KEGG:04310'), ('KCTD20', 'KEGG:04722'), ('KCTD20', 'KEGG:04713'), ('KCTD20', 'KEGG:04012'), ('KCTD20', 'KEGG:04720'), ('KIRREL1', 'KEGG:01521'), ('KIRREL1', 'KEGG:04010'), ('KIRREL1', 'KEGG:04014')]",0.4848484848484848,0.3242590350776344,luminal-b,betweenness_centrality,1.0
hsa-miR-29c-3p,hsa-miR-29c-3p,MicroRNA,1.0,0,1,0.0944306734776209,0.2346666666666666,0.0452261306532663,0.0130718954248366,"[('PPIC', 'KEGG:01521'), ('PPIC', 'KEGG:04151'), ('PPIC', 'KEGG:04150'), ('DIO2', 'KEGG:04151'), ('DIO2', 'KEGG:04630'), ('DAAM1', 'KEGG:04550'), ('DAAM1', 'KEGG:04630'), ('COL6A3', 'KEGG:04014'), ('COL6A3', 'KEGG:04713'), ('COL6A3', 'KEGG:04720'), ('KCTD20', 'KEGG:05200'), ('KCTD20', 'KEGG:05205'), ('KCTD20', 'KEGG:04725'), ('KCTD20', 'KEGG:05214'), ('KCTD20', 'KEGG:04310'), ('KCTD20', 'KEGG:04722'), ('KCTD20', 'KEGG:04713'), ('KCTD20', 'KEGG:04012'), ('KCTD20', 'KEGG:04720'), ('KIRREL1', 'KEGG:01521'), ('KIRREL1', 'KEGG:04010'), ('KIRREL1', 'KEGG:04014')]",0.4848484848484848,0.3242590350776344,luminal-b,betweenness_centrality,1.0
hsa-miR-29c-3p,hsa-miR-29c-3p,MicroRNA,1.0,0,1,0.0944306734776209,0.2346666666666666,0.0452261306532663,0.0130718954248366,"[('PPIC', 'KEGG:01521'), ('PPIC', 'KEGG:04151'), ('PPIC', 'KEGG:04150'), ('DIO2', 'KEGG:04151'), ('DIO2', 'KEGG:04630'), ('DAAM1', 'KEGG:04550'), ('DAAM1', 'KEGG:04630'), ('COL6A3', 'KEGG:04014'), ('COL6A3', 'KEGG:04713'), ('COL6A3', 'KEGG:04720'), ('KCTD20', 'KEGG:05200'), ('KCTD20', 'KEGG:05205'), ('KCTD20', 'KEGG:04725'), ('KCTD20', 'KEGG:05214'), ('KCTD20', 'KEGG:04310'), ('KCTD20', 'KEGG:04722'), ('KCTD20', 'KEGG:04713'), ('KCTD20', 'KEGG:04012'), ('KCTD20', 'KEGG:04720'), ('KIRREL1', 'KEGG:01521'), ('KIRREL1', 'KEGG:04010'), ('KIRREL1', 'KEGG:04014')]",0.4848484848484848,0.3242590350776344,luminal-b,betweenness_centrality,1.0
hsa-miR-29c-3p,hsa-miR-29c-3p,MicroRNA,1.0,0,1,0.0944306734776209,0.2346666666666666,0.0452261306532663,0.0130718954248366,"[('PPIC', 'KEGG:01521'), ('PPIC', 'KEGG:04151'), ('PPIC', 'KEGG:04150'), ('DIO2', 'KEGG:04151'), ('DIO2', 'KEGG:04630'), ('DAAM1', 'KEGG:04550'), ('DAAM1', 'KEGG:04630'), ('COL6A3', 'KEGG:04014'), ('COL6A3', 'KEGG:04713'), ('COL6A3', 'KEGG:04720'), ('KCTD20', 'KEGG:05200'), ('KCTD20', 'KEGG:05205'), ('KCTD20', 'KEGG:04725'), ('KCTD20', 'KEGG:05214'), ('KCTD20', 'KEGG:04310'), ('KCTD20', 'KEGG:04722'), ('KCTD20', 'KEGG:04713'), ('KCTD20', 'KEGG:04012'), ('KCTD20', 'KEGG:04720'), ('KIRREL1', 'KEGG:01521'), ('KIRREL1', 'KEGG:04010'), ('KIRREL1', 'KEGG:04014')]",0.4848484848484848,0.3242590350776344,luminal-b,betweenness_centrality,1.0
hsa-miR-29c-3p,hsa-miR-29c-3p,MicroRNA,1.0,0,1,0.0944306734776209,0.2346666666666666,0.0452261306532663,0.0130718954248366,"[('PPIC', 'KEGG:01521'), ('PPIC', 'KEGG:04151'), ('PPIC', 'KEGG:04150'), ('DIO2', 'KEGG:04151'), ('DIO2', 'KEGG:04630'), ('DAAM1', 'KEGG:04550'), ('DAAM1', 'KEGG:04630'), ('COL6A3', 'KEGG:04014'), ('COL6A3', 'KEGG:04713'), ('COL6A3', 'KEGG:04720'), ('KCTD20', 'KEGG:05200'), ('KCTD20', 'KEGG:05205'), ('KCTD20', 'KEGG:04725'), ('KCTD20', 'KEGG:05214'), ('KCTD20', 'KEGG:04310'), ('KCTD20', 'KEGG:04722'), ('KCTD20', 'KEGG:04713'), ('KCTD20', 'KEGG:04012'), ('KCTD20', 'KEGG:04720'), ('KIRREL1', 'KEGG:01521'), ('KIRREL1', 'KEGG:04010'), ('KIRREL1', 'KEGG:04014')]",0.4848484848484848,0.3242590350776344,luminal-b,betweenness_centrality,1.0
hsa-miR-29c-3p,hsa-miR-29c-3p,MicroRNA,1.0,0,1,0.0944306734776209,0.2346666666666666,0.0452261306532663,0.0130718954248366,"[('PPIC', 'KEGG:01521'), ('PPIC', 'KEGG:04151'), ('PPIC', 'KEGG:04150'), ('DIO2', 'KEGG:04151'), ('DIO2', 'KEGG:04630'), ('DAAM1', 'KEGG:04550'), ('DAAM1', 'KEGG:04630'), ('COL6A3', 'KEGG:04014'), ('COL6A3', 'KEGG:04713'), ('COL6A3', 'KEGG:04720'), ('KCTD20', 'KEGG:05200'), ('KCTD20', 'KEGG:05205'), ('KCTD20', 'KEGG:04725'), ('KCTD20', 'KEGG:05214'), ('KCTD20', 'KEGG:04310'), ('KCTD20', 'KEGG:04722'), ('KCTD20', 'KEGG:04713'), ('KCTD20', 'KEGG:04012'), ('KCTD20', 'KEGG:04720'), ('KIRREL1', 'KEGG:01521'), ('KIRREL1', 'KEGG:04010'), ('KIRREL1', 'KEGG:04014')]",0.4848484848484848,0.3242590350776344,luminal-b,betweenness_centrality,1.0
hsa-miR-29c-3p,hsa-miR-29c-3p,MicroRNA,1.0,0,1,0.0944306734776209,0.2346666666666666,0.0452261306532663,0.0130718954248366,"[('PPIC', 'KEGG:01521'), ('PPIC', 'KEGG:04151'), ('PPIC', 'KEGG:04150'), ('DIO2', 'KEGG:04151'), ('DIO2', 'KEGG:04630'), ('DAAM1', 'KEGG:04550'), ('DAAM1', 'KEGG:04630'), ('COL6A3', 'KEGG:04014'), ('COL6A3', 'KEGG:04713'), ('COL6A3', 'KEGG:04720'), ('KCTD20', 'KEGG:05200'), ('KCTD20', 'KEGG:05205'), ('KCTD20', 'KEGG:04725'), ('KCTD20', 'KEGG:05214'), ('KCTD20', 'KEGG:04310'), ('KCTD20', 'KEGG:04722'), ('KCTD20', 'KEGG:04713'), ('KCTD20', 'KEGG:04012'), ('KCTD20', 'KEGG:04720'), ('KIRREL1', 'KEGG:01521'), ('KIRREL1', 'KEGG:04010'), ('KIRREL1', 'KEGG:04014')]",0.4848484848484848,0.3242590350776344,luminal-b,betweenness_centrality,1.0
hsa-miR-29c-3p,hsa-miR-29c-3p,MicroRNA,1.0,0,1,0.0944306734776209,0.2346666666666666,0.0452261306532663,0.0130718954248366,"[('PPIC', 'KEGG:01521'), ('PPIC', 'KEGG:04151'), ('PPIC', 'KEGG:04150'), ('DIO2', 'KEGG:04151'), ('DIO2', 'KEGG:04630'), ('DAAM1', 'KEGG:04550'), ('DAAM1', 'KEGG:04630'), ('COL6A3', 'KEGG:04014'), ('COL6A3', 'KEGG:04713'), ('COL6A3', 'KEGG:04720'), ('KCTD20', 'KEGG:05200'), ('KCTD20', 'KEGG:05205'), ('KCTD20', 'KEGG:04725'), ('KCTD20', 'KEGG:05214'), ('KCTD20', 'KEGG:04310'), ('KCTD20', 'KEGG:04722'), ('KCTD20', 'KEGG:04713'), ('KCTD20', 'KEGG:04012'), ('KCTD20', 'KEGG:04720'), ('KIRREL1', 'KEGG:01521'), ('KIRREL1', 'KEGG:04010'), ('KIRREL1', 'KEGG:04014')]",0.4848484848484848,0.3242590350776344,luminal-b,betweenness_centrality,1.0
hsa-miR-29c-3p,hsa-miR-29c-3p,MicroRNA,1.0,0,1,0.0944306734776209,0.2346666666666666,0.0452261306532663,0.0130718954248366,"[('PPIC', 'KEGG:01521'), ('PPIC', 'KEGG:04151'), ('PPIC', 'KEGG:04150'), ('DIO2', 'KEGG:04151'), ('DIO2', 'KEGG:04630'), ('DAAM1', 'KEGG:04550'), ('DAAM1', 'KEGG:04630'), ('COL6A3', 'KEGG:04014'), ('COL6A3', 'KEGG:04713'), ('COL6A3', 'KEGG:04720'), ('KCTD20', 'KEGG:05200'), ('KCTD20', 'KEGG:05205'), ('KCTD20', 'KEGG:04725'), ('KCTD20', 'KEGG:05214'), ('KCTD20', 'KEGG:04310'), ('KCTD20', 'KEGG:04722'), ('KCTD20', 'KEGG:04713'), ('KCTD20', 'KEGG:04012'), ('KCTD20', 'KEGG:04720'), ('KIRREL1', 'KEGG:01521'), ('KIRREL1', 'KEGG:04010'), ('KIRREL1', 'KEGG:04014')]",0.4848484848484848,0.3242590350776344,luminal-b,betweenness_centrality,1.0
hsa-miR-29c-3p,hsa-miR-29c-3p,MicroRNA,1.0,0,1,0.0944306734776209,0.2346666666666666,0.0452261306532663,0.0130718954248366,"[('PPIC', 'KEGG:01521'), ('PPIC', 'KEGG:04151'), ('PPIC', 'KEGG:04150'), ('DIO2', 'KEGG:04151'), ('DIO2', 'KEGG:04630'), ('DAAM1', 'KEGG:04550'), ('DAAM1', 'KEGG:04630'), ('COL6A3', 'KEGG:04014'), ('COL6A3', 'KEGG:04713'), ('COL6A3', 'KEGG:04720'), ('KCTD20', 'KEGG:05200'), ('KCTD20', 'KEGG:05205'), ('KCTD20', 'KEGG:04725'), ('KCTD20', 'KEGG:05214'), ('KCTD20', 'KEGG:04310'), ('KCTD20', 'KEGG:04722'), ('KCTD20', 'KEGG:04713'), ('KCTD20', 'KEGG:04012'), ('KCTD20', 'KEGG:04720'), ('KIRREL1', 'KEGG:01521'), ('KIRREL1', 'KEGG:04010'), ('KIRREL1', 'KEGG:04014')]",0.4848484848484848,0.3242590350776344,luminal-b,betweenness_centrality,1.0
hsa-miR-29c-3p,hsa-miR-29c-3p,MicroRNA,1.0,0,1,0.0944306734776209,0.2346666666666666,0.0452261306532663,0.0130718954248366,"[('PPIC', 'KEGG:01521'), ('PPIC', 'KEGG:04151'), ('PPIC', 'KEGG:04150'), ('DIO2', 'KEGG:04151'), ('DIO2', 'KEGG:04630'), ('DAAM1', 'KEGG:04550'), ('DAAM1', 'KEGG:04630'), ('COL6A3', 'KEGG:04014'), ('COL6A3', 'KEGG:04713'), ('COL6A3', 'KEGG:04720'), ('KCTD20', 'KEGG:05200'), ('KCTD20', 'KEGG:05205'), ('KCTD20', 'KEGG:04725'), ('KCTD20', 'KEGG:05214'), ('KCTD20', 'KEGG:04310'), ('KCTD20', 'KEGG:04722'), ('KCTD20', 'KEGG:04713'), ('KCTD20', 'KEGG:04012'), ('KCTD20', 'KEGG:04720'), ('KIRREL1', 'KEGG:01521'), ('KIRREL1', 'KEGG:04010'), ('KIRREL1', 'KEGG:04014')]",0.4848484848484848,0.3242590350776344,luminal-b,betweenness_centrality,1.0
hsa-miR-29c-3p,hsa-miR-29c-3p,MicroRNA,1.0,0,1,0.0944306734776209,0.2346666666666666,0.0452261306532663,0.0130718954248366,"[('PPIC', 'KEGG:01521'), ('PPIC', 'KEGG:04151'), ('PPIC', 'KEGG:04150'), ('DIO2', 'KEGG:04151'), ('DIO2', 'KEGG:04630'), ('DAAM1', 'KEGG:04550'), ('DAAM1', 'KEGG:04630'), ('COL6A3', 'KEGG:04014'), ('COL6A3', 'KEGG:04713'), ('COL6A3', 'KEGG:04720'), ('KCTD20', 'KEGG:05200'), ('KCTD20', 'KEGG:05205'), ('KCTD20', 'KEGG:04725'), ('KCTD20', 'KEGG:05214'), ('KCTD20', 'KEGG:04310'), ('KCTD20', 'KEGG:04722'), ('KCTD20', 'KEGG:04713'), ('KCTD20', 'KEGG:04012'), ('KCTD20', 'KEGG:04720'), ('KIRREL1', 'KEGG:01521'), ('KIRREL1', 'KEGG:04010'), ('KIRREL1', 'KEGG:04014')]",0.4848484848484848,0.3242590350776344,luminal-b,betweenness_centrality,1.0
hsa-miR-29c-3p,hsa-miR-29c-3p,MicroRNA,1.0,0,1,0.0944306734776209,0.2346666666666666,0.0452261306532663,0.0130718954248366,"[('PPIC', 'KEGG:01521'), ('PPIC', 'KEGG:04151'), ('PPIC', 'KEGG:04150'), ('DIO2', 'KEGG:04151'), ('DIO2', 'KEGG:04630'), ('DAAM1', 'KEGG:04550'), ('DAAM1', 'KEGG:04630'), ('COL6A3', 'KEGG:04014'), ('COL6A3', 'KEGG:04713'), ('COL6A3', 'KEGG:04720'), ('KCTD20', 'KEGG:05200'), ('KCTD20', 'KEGG:05205'), ('KCTD20', 'KEGG:04725'), ('KCTD20', 'KEGG:05214'), ('KCTD20', 'KEGG:04310'), ('KCTD20', 'KEGG:04722'), ('KCTD20', 'KEGG:04713'), ('KCTD20', 'KEGG:04012'), ('KCTD20', 'KEGG:04720'), ('KIRREL1', 'KEGG:01521'), ('KIRREL1', 'KEGG:04010'), ('KIRREL1', 'KEGG:04014')]",0.4848484848484848,0.3242590350776344,luminal-b,betweenness_centrality,1.0
hsa-miR-29c-3p,hsa-miR-29c-3p,MicroRNA,1.0,0,1,0.0944306734776209,0.2346666666666666,0.0452261306532663,0.0130718954248366,"[('PPIC', 'KEGG:01521'), ('PPIC', 'KEGG:04151'), ('PPIC', 'KEGG:04150'), ('DIO2', 'KEGG:04151'), ('DIO2', 'KEGG:04630'), ('DAAM1', 'KEGG:04550'), ('DAAM1', 'KEGG:04630'), ('COL6A3', 'KEGG:04014'), ('COL6A3', 'KEGG:04713'), ('COL6A3', 'KEGG:04720'), ('KCTD20', 'KEGG:05200'), ('KCTD20', 'KEGG:05205'), ('KCTD20', 'KEGG:04725'), ('KCTD20', 'KEGG:05214'), ('KCTD20', 'KEGG:04310'), ('KCTD20', 'KEGG:04722'), ('KCTD20', 'KEGG:04713'), ('KCTD20', 'KEGG:04012'), ('KCTD20', 'KEGG:04720'), ('KIRREL1', 'KEGG:01521'), ('KIRREL1', 'KEGG:04010'), ('KIRREL1', 'KEGG:04014')]",0.4848484848484848,0.3242590350776344,luminal-b,betweenness_centrality,1.0
hsa-miR-29c-3p,hsa-miR-29c-3p,MicroRNA,1.0,0,1,0.0944306734776209,0.2346666666666666,0.0452261306532663,0.0130718954248366,"[('PPIC', 'KEGG:01521'), ('PPIC', 'KEGG:04151'), ('PPIC', 'KEGG:04150'), ('DIO2', 'KEGG:04151'), ('DIO2', 'KEGG:04630'), ('DAAM1', 'KEGG:04550'), ('DAAM1', 'KEGG:04630'), ('COL6A3', 'KEGG:04014'), ('COL6A3', 'KEGG:04713'), ('COL6A3', 'KEGG:04720'), ('KCTD20', 'KEGG:05200'), ('KCTD20', 'KEGG:05205'), ('KCTD20', 'KEGG:04725'), ('KCTD20', 'KEGG:05214'), ('KCTD20', 'KEGG:04310'), ('KCTD20', 'KEGG:04722'), ('KCTD20', 'KEGG:04713'), ('KCTD20', 'KEGG:04012'), ('KCTD20', 'KEGG:04720'), ('KIRREL1', 'KEGG:01521'), ('KIRREL1', 'KEGG:04010'), ('KIRREL1', 'KEGG:04014')]",0.4848484848484848,0.3242590350776344,luminal-b,betweenness_centrality,1.0
hsa-miR-29c-3p,hsa-miR-29c-3p,MicroRNA,1.0,0,1,0.0944306734776209,0.2346666666666666,0.0452261306532663,0.0130718954248366,"[('PPIC', 'KEGG:01521'), ('PPIC', 'KEGG:04151'), ('PPIC', 'KEGG:04150'), ('DIO2', 'KEGG:04151'), ('DIO2', 'KEGG:04630'), ('DAAM1', 'KEGG:04550'), ('DAAM1', 'KEGG:04630'), ('COL6A3', 'KEGG:04014'), ('COL6A3', 'KEGG:04713'), ('COL6A3', 'KEGG:04720'), ('KCTD20', 'KEGG:05200'), ('KCTD20', 'KEGG:05205'), ('KCTD20', 'KEGG:04725'), ('KCTD20', 'KEGG:05214'), ('KCTD20', 'KEGG:04310'), ('KCTD20', 'KEGG:04722'), ('KCTD20', 'KEGG:04713'), ('KCTD20', 'KEGG:04012'), ('KCTD20', 'KEGG:04720'), ('KIRREL1', 'KEGG:01521'), ('KIRREL1', 'KEGG:04010'), ('KIRREL1', 'KEGG:04014')]",0.4848484848484848,0.3242590350776344,luminal-b,betweenness_centrality,1.0
hsa-miR-29c-3p,hsa-miR-29c-3p,MicroRNA,1.0,0,1,0.0944306734776209,0.2346666666666666,0.0452261306532663,0.0130718954248366,"[('PPIC', 'KEGG:01521'), ('PPIC', 'KEGG:04151'), ('PPIC', 'KEGG:04150'), ('DIO2', 'KEGG:04151'), ('DIO2', 'KEGG:04630'), ('DAAM1', 'KEGG:04550'), ('DAAM1', 'KEGG:04630'), ('COL6A3', 'KEGG:04014'), ('COL6A3', 'KEGG:04713'), ('COL6A3', 'KEGG:04720'), ('KCTD20', 'KEGG:05200'), ('KCTD20', 'KEGG:05205'), ('KCTD20', 'KEGG:04725'), ('KCTD20', 'KEGG:05214'), ('KCTD20', 'KEGG:04310'), ('KCTD20', 'KEGG:04722'), ('KCTD20', 'KEGG:04713'), ('KCTD20', 'KEGG:04012'), ('KCTD20', 'KEGG:04720'), ('KIRREL1', 'KEGG:01521'), ('KIRREL1', 'KEGG:04010'), ('KIRREL1', 'KEGG:04014')]",0.4848484848484848,0.3242590350776344,luminal-b,betweenness_centrality,1.0
hsa-miR-29c-3p,hsa-miR-29c-3p,MicroRNA,1.0,0,1,0.0944306734776209,0.2346666666666666,0.0452261306532663,0.0130718954248366,"[('PPIC', 'KEGG:01521'), ('PPIC', 'KEGG:04151'), ('PPIC', 'KEGG:04150'), ('DIO2', 'KEGG:04151'), ('DIO2', 'KEGG:04630'), ('DAAM1', 'KEGG:04550'), ('DAAM1', 'KEGG:04630'), ('COL6A3', 'KEGG:04014'), ('COL6A3', 'KEGG:04713'), ('COL6A3', 'KEGG:04720'), ('KCTD20', 'KEGG:05200'), ('KCTD20', 'KEGG:05205'), ('KCTD20', 'KEGG:04725'), ('KCTD20', 'KEGG:05214'), ('KCTD20', 'KEGG:04310'), ('KCTD20', 'KEGG:04722'), ('KCTD20', 'KEGG:04713'), ('KCTD20', 'KEGG:04012'), ('KCTD20', 'KEGG:04720'), ('KIRREL1', 'KEGG:01521'), ('KIRREL1', 'KEGG:04010'), ('KIRREL1', 'KEGG:04014')]",0.4848484848484848,0.3242590350776344,luminal-b,betweenness_centrality,1.0
hsa-miR-29c-3p,hsa-miR-29c-3p,MicroRNA,1.0,0,1,0.0944306734776209,0.2346666666666666,0.0452261306532663,0.0130718954248366,"[('PPIC', 'KEGG:01521'), ('PPIC', 'KEGG:04151'), ('PPIC', 'KEGG:04150'), ('DIO2', 'KEGG:04151'), ('DIO2', 'KEGG:04630'), ('DAAM1', 'KEGG:04550'), ('DAAM1', 'KEGG:04630'), ('COL6A3', 'KEGG:04014'), ('COL6A3', 'KEGG:04713'), ('COL6A3', 'KEGG:04720'), ('KCTD20', 'KEGG:05200'), ('KCTD20', 'KEGG:05205'), ('KCTD20', 'KEGG:04725'), ('KCTD20', 'KEGG:05214'), ('KCTD20', 'KEGG:04310'), ('KCTD20', 'KEGG:04722'), ('KCTD20', 'KEGG:04713'), ('KCTD20', 'KEGG:04012'), ('KCTD20', 'KEGG:04720'), ('KIRREL1', 'KEGG:01521'), ('KIRREL1', 'KEGG:04010'), ('KIRREL1', 'KEGG:04014')]",0.4848484848484848,0.3242590350776344,luminal-b,betweenness_centrality,1.0
hsa-miR-24-3p,hsa-miR-24-3p,MicroRNA,1.0,0,1,0.0910399942649789,0.1896551724137931,0.0376884422110552,0.0,"[('GBA2', 'KEGG:04550'), ('CREBL2', 'KEGG:04010'), ('ACVR1B', 'KEGG:05200'), ('ACVR1B', 'KEGG:05202'), ('NEK4', 'KEGG:05200'), ('NEK4', 'KEGG:04151'), ('NEK4', 'KEGG:04510'), ('NEK4', 'KEGG:04310'), ('NEK4', 'KEGG:04218'), ('NEK4', 'KEGG:04068'), ('NEK4', 'KEGG:04630'), ('NEK4', 'KEGG:05202'), ('TMED8', 'KEGG:05200'), ('TMED8', 'KEGG:04010'), ('TMED8', 'KEGG:05222'), ('TMED8', 'KEGG:04380'), ('TMED8', 'KEGG:05161'), ('TMED8', 'KEGG:04722'), ('TMED8', 'KEGG:04144'), ('TMED8', 'KEGG:04140'), ('NEDD4L', 'KEGG:01521'), ('NEDD4L', 'KEGG:04010'), ('NEDD4L', 'KEGG:04151'), ('NEDD4L', 'KEGG:05205'), ('NEDD4L', 'KEGG:04012'), ('STRADB', 'KEGG:04140')]",0.5757575757575758,0.312514585222953,luminal-b,betweenness_centrality; degree_centrality; pathway_reach; redundancy_coefficient,4.0
hsa-miR-24-3p,hsa-miR-24-3p,MicroRNA,1.0,0,1,0.0910399942649789,0.1896551724137931,0.0376884422110552,0.0,"[('GBA2', 'KEGG:04550'), ('CREBL2', 'KEGG:04010'), ('ACVR1B', 'KEGG:05200'), ('ACVR1B', 'KEGG:05202'), ('NEK4', 'KEGG:05200'), ('NEK4', 'KEGG:04151'), ('NEK4', 'KEGG:04510'), ('NEK4', 'KEGG:04310'), ('NEK4', 'KEGG:04218'), ('NEK4', 'KEGG:04068'), ('NEK4', 'KEGG:04630'), ('NEK4', 'KEGG:05202'), ('TMED8', 'KEGG:05200'), ('TMED8', 'KEGG:04010'), ('TMED8', 'KEGG:05222'), ('TMED8', 'KEGG:04380'), ('TMED8', 'KEGG:05161'), ('TMED8', 'KEGG:04722'), ('TMED8', 'KEGG:04144'), ('TMED8', 'KEGG:04140'), ('NEDD4L', 'KEGG:01521'), ('NEDD4L', 'KEGG:04010'), ('NEDD4L', 'KEGG:04151'), ('NEDD4L', 'KEGG:05205'), ('NEDD4L', 'KEGG:04012'), ('STRADB', 'KEGG:04140')]",0.5757575757575758,0.312514585222953,luminal-b,betweenness_centrality; degree_centrality; pathway_reach; redundancy_coefficient,4.0
hsa-miR-24-3p,hsa-miR-24-3p,MicroRNA,1.0,0,1,0.0910399942649789,0.1896551724137931,0.0376884422110552,0.0,"[('GBA2', 'KEGG:04550'), ('CREBL2', 'KEGG:04010'), ('ACVR1B', 'KEGG:05200'), ('ACVR1B', 'KEGG:05202'), ('NEK4', 'KEGG:05200'), ('NEK4', 'KEGG:04151'), ('NEK4', 'KEGG:04510'), ('NEK4', 'KEGG:04310'), ('NEK4', 'KEGG:04218'), ('NEK4', 'KEGG:04068'), ('NEK4', 'KEGG:04630'), ('NEK4', 'KEGG:05202'), ('TMED8', 'KEGG:05200'), ('TMED8', 'KEGG:04010'), ('TMED8', 'KEGG:05222'), ('TMED8', 'KEGG:04380'), ('TMED8', 'KEGG:05161'), ('TMED8', 'KEGG:04722'), ('TMED8', 'KEGG:04144'), ('TMED8', 'KEGG:04140'), ('NEDD4L', 'KEGG:01521'), ('NEDD4L', 'KEGG:04010'), ('NEDD4L', 'KEGG:04151'), ('NEDD4L', 'KEGG:05205'), ('NEDD4L', 'KEGG:04012'), ('STRADB', 'KEGG:04140')]",0.5757575757575758,0.312514585222953,luminal-b,betweenness_centrality; degree_centrality; pathway_reach; redundancy_coefficient,4.0
hsa-miR-24-3p,hsa-miR-24-3p,MicroRNA,1.0,0,1,0.0910399942649789,0.1896551724137931,0.0376884422110552,0.0,"[('GBA2', 'KEGG:04550'), ('CREBL2', 'KEGG:04010'), ('ACVR1B', 'KEGG:05200'), ('ACVR1B', 'KEGG:05202'), ('NEK4', 'KEGG:05200'), ('NEK4', 'KEGG:04151'), ('NEK4', 'KEGG:04510'), ('NEK4', 'KEGG:04310'), ('NEK4', 'KEGG:04218'), ('NEK4', 'KEGG:04068'), ('NEK4', 'KEGG:04630'), ('NEK4', 'KEGG:05202'), ('TMED8', 'KEGG:05200'), ('TMED8', 'KEGG:04010'), ('TMED8', 'KEGG:05222'), ('TMED8', 'KEGG:04380'), ('TMED8', 'KEGG:05161'), ('TMED8', 'KEGG:04722'), ('TMED8', 'KEGG:04144'), ('TMED8', 'KEGG:04140'), ('NEDD4L', 'KEGG:01521'), ('NEDD4L', 'KEGG:04010'), ('NEDD4L', 'KEGG:04151'), ('NEDD4L', 'KEGG:05205'), ('NEDD4L', 'KEGG:04012'), ('STRADB', 'KEGG:04140')]",0.5757575757575758,0.312514585222953,luminal-b,betweenness_centrality; degree_centrality; pathway_reach; redundancy_coefficient,4.0
hsa-miR-24-3p,hsa-miR-24-3p,MicroRNA,1.0,0,1,0.0910399942649789,0.1896551724137931,0.0376884422110552,0.0,"[('GBA2', 'KEGG:04550'), ('CREBL2', 'KEGG:04010'), ('ACVR1B', 'KEGG:05200'), ('ACVR1B', 'KEGG:05202'), ('NEK4', 'KEGG:05200'), ('NEK4', 'KEGG:04151'), ('NEK4', 'KEGG:04510'), ('NEK4', 'KEGG:04310'), ('NEK4', 'KEGG:04218'), ('NEK4', 'KEGG:04068'), ('NEK4', 'KEGG:04630'), ('NEK4', 'KEGG:05202'), ('TMED8', 'KEGG:05200'), ('TMED8', 'KEGG:04010'), ('TMED8', 'KEGG:05222'), ('TMED8', 'KEGG:04380'), ('TMED8', 'KEGG:05161'), ('TMED8', 'KEGG:04722'), ('TMED8', 'KEGG:04144'), ('TMED8', 'KEGG:04140'), ('NEDD4L', 'KEGG:01521'), ('NEDD4L', 'KEGG:04010'), ('NEDD4L', 'KEGG:04151'), ('NEDD4L', 'KEGG:05205'), ('NEDD4L', 'KEGG:04012'), ('STRADB', 'KEGG:04140')]",0.5757575757575758,0.312514585222953,luminal-b,betweenness_centrality; degree_centrality; pathway_reach; redundancy_coefficient,4.0
hsa-miR-24-3p,hsa-miR-24-3p,MicroRNA,1.0,0,1,0.0910399942649789,0.1896551724137931,0.0376884422110552,0.0,"[('GBA2', 'KEGG:04550'), ('CREBL2', 'KEGG:04010'), ('ACVR1B', 'KEGG:05200'), ('ACVR1B', 'KEGG:05202'), ('NEK4', 'KEGG:05200'), ('NEK4', 'KEGG:04151'), ('NEK4', 'KEGG:04510'), ('NEK4', 'KEGG:04310'), ('NEK4', 'KEGG:04218'), ('NEK4', 'KEGG:04068'), ('NEK4', 'KEGG:04630'), ('NEK4', 'KEGG:05202'), ('TMED8', 'KEGG:05200'), ('TMED8', 'KEGG:04010'), ('TMED8', 'KEGG:05222'), ('TMED8', 'KEGG:04380'), ('TMED8', 'KEGG:05161'), ('TMED8', 'KEGG:04722'), ('TMED8', 'KEGG:04144'), ('TMED8', 'KEGG:04140'), ('NEDD4L', 'KEGG:01521'), ('NEDD4L', 'KEGG:04010'), ('NEDD4L', 'KEGG:04151'), ('NEDD4L', 'KEGG:05205'), ('NEDD4L', 'KEGG:04012'), ('STRADB', 'KEGG:04140')]",0.5757575757575758,0.312514585222953,luminal-b,betweenness_centrality; degree_centrality; pathway_reach; redundancy_coefficient,4.0
hsa-miR-24-3p,hsa-miR-24-3p,MicroRNA,1.0,0,1,0.0910399942649789,0.1896551724137931,0.0376884422110552,0.0,"[('GBA2', 'KEGG:04550'), ('CREBL2', 'KEGG:04010'), ('ACVR1B', 'KEGG:05200'), ('ACVR1B', 'KEGG:05202'), ('NEK4', 'KEGG:05200'), ('NEK4', 'KEGG:04151'), ('NEK4', 'KEGG:04510'), ('NEK4', 'KEGG:04310'), ('NEK4', 'KEGG:04218'), ('NEK4', 'KEGG:04068'), ('NEK4', 'KEGG:04630'), ('NEK4', 'KEGG:05202'), ('TMED8', 'KEGG:05200'), ('TMED8', 'KEGG:04010'), ('TMED8', 'KEGG:05222'), ('TMED8', 'KEGG:04380'), ('TMED8', 'KEGG:05161'), ('TMED8', 'KEGG:04722'), ('TMED8', 'KEGG:04144'), ('TMED8', 'KEGG:04140'), ('NEDD4L', 'KEGG:01521'), ('NEDD4L', 'KEGG:04010'), ('NEDD4L', 'KEGG:04151'), ('NEDD4L', 'KEGG:05205'), ('NEDD4L', 'KEGG:04012'), ('STRADB', 'KEGG:04140')]",0.5757575757575758,0.312514585222953,luminal-b,betweenness_centrality; degree_centrality; pathway_reach; redundancy_coefficient,4.0
hsa-miR-24-3p,hsa-miR-24-3p,MicroRNA,1.0,0,1,0.0910399942649789,0.1896551724137931,0.0376884422110552,0.0,"[('GBA2', 'KEGG:04550'), ('CREBL2', 'KEGG:04010'), ('ACVR1B', 'KEGG:05200'), ('ACVR1B', 'KEGG:05202'), ('NEK4', 'KEGG:05200'), ('NEK4', 'KEGG:04151'), ('NEK4', 'KEGG:04510'), ('NEK4', 'KEGG:04310'), ('NEK4', 'KEGG:04218'), ('NEK4', 'KEGG:04068'), ('NEK4', 'KEGG:04630'), ('NEK4', 'KEGG:05202'), ('TMED8', 'KEGG:05200'), ('TMED8', 'KEGG:04010'), ('TMED8', 'KEGG:05222'), ('TMED8', 'KEGG:04380'), ('TMED8', 'KEGG:05161'), ('TMED8', 'KEGG:04722'), ('TMED8', 'KEGG:04144'), ('TMED8', 'KEGG:04140'), ('NEDD4L', 'KEGG:01521'), ('NEDD4L', 'KEGG:04010'), ('NEDD4L', 'KEGG:04151'), ('NEDD4L', 'KEGG:05205'), ('NEDD4L', 'KEGG:04012'), ('STRADB', 'KEGG:04140')]",0.5757575757575758,0.312514585222953,luminal-b,betweenness_centrality; degree_centrality; pathway_reach; redundancy_coefficient,4.0
hsa-miR-24-3p,hsa-miR-24-3p,MicroRNA,1.0,0,1,0.0910399942649789,0.1896551724137931,0.0376884422110552,0.0,"[('GBA2', 'KEGG:04550'), ('CREBL2', 'KEGG:04010'), ('ACVR1B', 'KEGG:05200'), ('ACVR1B', 'KEGG:05202'), ('NEK4', 'KEGG:05200'), ('NEK4', 'KEGG:04151'), ('NEK4', 'KEGG:04510'), ('NEK4', 'KEGG:04310'), ('NEK4', 'KEGG:04218'), ('NEK4', 'KEGG:04068'), ('NEK4', 'KEGG:04630'), ('NEK4', 'KEGG:05202'), ('TMED8', 'KEGG:05200'), ('TMED8', 'KEGG:04010'), ('TMED8', 'KEGG:05222'), ('TMED8', 'KEGG:04380'), ('TMED8', 'KEGG:05161'), ('TMED8', 'KEGG:04722'), ('TMED8', 'KEGG:04144'), ('TMED8', 'KEGG:04140'), ('NEDD4L', 'KEGG:01521'), ('NEDD4L', 'KEGG:04010'), ('NEDD4L', 'KEGG:04151'), ('NEDD4L', 'KEGG:05205'), ('NEDD4L', 'KEGG:04012'), ('STRADB', 'KEGG:04140')]",0.5757575757575758,0.312514585222953,luminal-b,betweenness_centrality; degree_centrality; pathway_reach; redundancy_coefficient,4.0
hsa-miR-24-3p,hsa-miR-24-3p,MicroRNA,1.0,0,1,0.0910399942649789,0.1896551724137931,0.0376884422110552,0.0,"[('GBA2', 'KEGG:04550'), ('CREBL2', 'KEGG:04010'), ('ACVR1B', 'KEGG:05200'), ('ACVR1B', 'KEGG:05202'), ('NEK4', 'KEGG:05200'), ('NEK4', 'KEGG:04151'), ('NEK4', 'KEGG:04510'), ('NEK4', 'KEGG:04310'), ('NEK4', 'KEGG:04218'), ('NEK4', 'KEGG:04068'), ('NEK4', 'KEGG:04630'), ('NEK4', 'KEGG:05202'), ('TMED8', 'KEGG:05200'), ('TMED8', 'KEGG:04010'), ('TMED8', 'KEGG:05222'), ('TMED8', 'KEGG:04380'), ('TMED8', 'KEGG:05161'), ('TMED8', 'KEGG:04722'), ('TMED8', 'KEGG:04144'), ('TMED8', 'KEGG:04140'), ('NEDD4L', 'KEGG:01521'), ('NEDD4L', 'KEGG:04010'), ('NEDD4L', 'KEGG:04151'), ('NEDD4L', 'KEGG:05205'), ('NEDD4L', 'KEGG:04012'), ('STRADB', 'KEGG:04140')]",0.5757575757575758,0.312514585222953,luminal-b,betweenness_centrality; degree_centrality; pathway_reach; redundancy_coefficient,4.0
hsa-miR-24-3p,hsa-miR-24-3p,MicroRNA,1.0,0,1,0.0910399942649789,0.1896551724137931,0.0376884422110552,0.0,"[('GBA2', 'KEGG:04550'), ('CREBL2', 'KEGG:04010'), ('ACVR1B', 'KEGG:05200'), ('ACVR1B', 'KEGG:05202'), ('NEK4', 'KEGG:05200'), ('NEK4', 'KEGG:04151'), ('NEK4', 'KEGG:04510'), ('NEK4', 'KEGG:04310'), ('NEK4', 'KEGG:04218'), ('NEK4', 'KEGG:04068'), ('NEK4', 'KEGG:04630'), ('NEK4', 'KEGG:05202'), ('TMED8', 'KEGG:05200'), ('TMED8', 'KEGG:04010'), ('TMED8', 'KEGG:05222'), ('TMED8', 'KEGG:04380'), ('TMED8', 'KEGG:05161'), ('TMED8', 'KEGG:04722'), ('TMED8', 'KEGG:04144'), ('TMED8', 'KEGG:04140'), ('NEDD4L', 'KEGG:01521'), ('NEDD4L', 'KEGG:04010'), ('NEDD4L', 'KEGG:04151'), ('NEDD4L', 'KEGG:05205'), ('NEDD4L', 'KEGG:04012'), ('STRADB', 'KEGG:04140')]",0.5757575757575758,0.312514585222953,luminal-b,betweenness_centrality; degree_centrality; pathway_reach; redundancy_coefficient,4.0
hsa-miR-24-3p,hsa-miR-24-3p,MicroRNA,1.0,0,1,0.0910399942649789,0.1896551724137931,0.0376884422110552,0.0,"[('GBA2', 'KEGG:04550'), ('CREBL2', 'KEGG:04010'), ('ACVR1B', 'KEGG:05200'), ('ACVR1B', 'KEGG:05202'), ('NEK4', 'KEGG:05200'), ('NEK4', 'KEGG:04151'), ('NEK4', 'KEGG:04510'), ('NEK4', 'KEGG:04310'), ('NEK4', 'KEGG:04218'), ('NEK4', 'KEGG:04068'), ('NEK4', 'KEGG:04630'), ('NEK4', 'KEGG:05202'), ('TMED8', 'KEGG:05200'), ('TMED8', 'KEGG:04010'), ('TMED8', 'KEGG:05222'), ('TMED8', 'KEGG:04380'), ('TMED8', 'KEGG:05161'), ('TMED8', 'KEGG:04722'), ('TMED8', 'KEGG:04144'), ('TMED8', 'KEGG:04140'), ('NEDD4L', 'KEGG:01521'), ('NEDD4L', 'KEGG:04010'), ('NEDD4L', 'KEGG:04151'), ('NEDD4L', 'KEGG:05205'), ('NEDD4L', 'KEGG:04012'), ('STRADB', 'KEGG:04140')]",0.5757575757575758,0.312514585222953,luminal-b,betweenness_centrality; degree_centrality; pathway_reach; redundancy_coefficient,4.0
hsa-miR-24-3p,hsa-miR-24-3p,MicroRNA,1.0,0,1,0.0910399942649789,0.1896551724137931,0.0376884422110552,0.0,"[('GBA2', 'KEGG:04550'), ('CREBL2', 'KEGG:04010'), ('ACVR1B', 'KEGG:05200'), ('ACVR1B', 'KEGG:05202'), ('NEK4', 'KEGG:05200'), ('NEK4', 'KEGG:04151'), ('NEK4', 'KEGG:04510'), ('NEK4', 'KEGG:04310'), ('NEK4', 'KEGG:04218'), ('NEK4', 'KEGG:04068'), ('NEK4', 'KEGG:04630'), ('NEK4', 'KEGG:05202'), ('TMED8', 'KEGG:05200'), ('TMED8', 'KEGG:04010'), ('TMED8', 'KEGG:05222'), ('TMED8', 'KEGG:04380'), ('TMED8', 'KEGG:05161'), ('TMED8', 'KEGG:04722'), ('TMED8', 'KEGG:04144'), ('TMED8', 'KEGG:04140'), ('NEDD4L', 'KEGG:01521'), ('NEDD4L', 'KEGG:04010'), ('NEDD4L', 'KEGG:04151'), ('NEDD4L', 'KEGG:05205'), ('NEDD4L', 'KEGG:04012'), ('STRADB', 'KEGG:04140')]",0.5757575757575758,0.312514585222953,luminal-b,betweenness_centrality; degree_centrality; pathway_reach; redundancy_coefficient,4.0
hsa-miR-24-3p,hsa-miR-24-3p,MicroRNA,1.0,0,1,0.0910399942649789,0.1896551724137931,0.0376884422110552,0.0,"[('GBA2', 'KEGG:04550'), ('CREBL2', 'KEGG:04010'), ('ACVR1B', 'KEGG:05200'), ('ACVR1B', 'KEGG:05202'), ('NEK4', 'KEGG:05200'), ('NEK4', 'KEGG:04151'), ('NEK4', 'KEGG:04510'), ('NEK4', 'KEGG:04310'), ('NEK4', 'KEGG:04218'), ('NEK4', 'KEGG:04068'), ('NEK4', 'KEGG:04630'), ('NEK4', 'KEGG:05202'), ('TMED8', 'KEGG:05200'), ('TMED8', 'KEGG:04010'), ('TMED8', 'KEGG:05222'), ('TMED8', 'KEGG:04380'), ('TMED8', 'KEGG:05161'), ('TMED8', 'KEGG:04722'), ('TMED8', 'KEGG:04144'), ('TMED8', 'KEGG:04140'), ('NEDD4L', 'KEGG:01521'), ('NEDD4L', 'KEGG:04010'), ('NEDD4L', 'KEGG:04151'), ('NEDD4L', 'KEGG:05205'), ('NEDD4L', 'KEGG:04012'), ('STRADB', 'KEGG:04140')]",0.5757575757575758,0.312514585222953,luminal-b,betweenness_centrality; degree_centrality; pathway_reach; redundancy_coefficient,4.0
hsa-miR-24-3p,hsa-miR-24-3p,MicroRNA,1.0,0,1,0.0910399942649789,0.1896551724137931,0.0376884422110552,0.0,"[('GBA2', 'KEGG:04550'), ('CREBL2', 'KEGG:04010'), ('ACVR1B', 'KEGG:05200'), ('ACVR1B', 'KEGG:05202'), ('NEK4', 'KEGG:05200'), ('NEK4', 'KEGG:04151'), ('NEK4', 'KEGG:04510'), ('NEK4', 'KEGG:04310'), ('NEK4', 'KEGG:04218'), ('NEK4', 'KEGG:04068'), ('NEK4', 'KEGG:04630'), ('NEK4', 'KEGG:05202'), ('TMED8', 'KEGG:05200'), ('TMED8', 'KEGG:04010'), ('TMED8', 'KEGG:05222'), ('TMED8', 'KEGG:04380'), ('TMED8', 'KEGG:05161'), ('TMED8', 'KEGG:04722'), ('TMED8', 'KEGG:04144'), ('TMED8', 'KEGG:04140'), ('NEDD4L', 'KEGG:01521'), ('NEDD4L', 'KEGG:04010'), ('NEDD4L', 'KEGG:04151'), ('NEDD4L', 'KEGG:05205'), ('NEDD4L', 'KEGG:04012'), ('STRADB', 'KEGG:04140')]",0.5757575757575758,0.312514585222953,luminal-b,betweenness_centrality; degree_centrality; pathway_reach; redundancy_coefficient,4.0
hsa-miR-24-3p,hsa-miR-24-3p,MicroRNA,1.0,0,1,0.0910399942649789,0.1896551724137931,0.0376884422110552,0.0,"[('GBA2', 'KEGG:04550'), ('CREBL2', 'KEGG:04010'), ('ACVR1B', 'KEGG:05200'), ('ACVR1B', 'KEGG:05202'), ('NEK4', 'KEGG:05200'), ('NEK4', 'KEGG:04151'), ('NEK4', 'KEGG:04510'), ('NEK4', 'KEGG:04310'), ('NEK4', 'KEGG:04218'), ('NEK4', 'KEGG:04068'), ('NEK4', 'KEGG:04630'), ('NEK4', 'KEGG:05202'), ('TMED8', 'KEGG:05200'), ('TMED8', 'KEGG:04010'), ('TMED8', 'KEGG:05222'), ('TMED8', 'KEGG:04380'), ('TMED8', 'KEGG:05161'), ('TMED8', 'KEGG:04722'), ('TMED8', 'KEGG:04144'), ('TMED8', 'KEGG:04140'), ('NEDD4L', 'KEGG:01521'), ('NEDD4L', 'KEGG:04010'), ('NEDD4L', 'KEGG:04151'), ('NEDD4L', 'KEGG:05205'), ('NEDD4L', 'KEGG:04012'), ('STRADB', 'KEGG:04140')]",0.5757575757575758,0.312514585222953,luminal-b,betweenness_centrality; degree_centrality; pathway_reach; redundancy_coefficient,4.0
hsa-miR-24-3p,hsa-miR-24-3p,MicroRNA,1.0,0,1,0.0910399942649789,0.1896551724137931,0.0376884422110552,0.0,"[('GBA2', 'KEGG:04550'), ('CREBL2', 'KEGG:04010'), ('ACVR1B', 'KEGG:05200'), ('ACVR1B', 'KEGG:05202'), ('NEK4', 'KEGG:05200'), ('NEK4', 'KEGG:04151'), ('NEK4', 'KEGG:04510'), ('NEK4', 'KEGG:04310'), ('NEK4', 'KEGG:04218'), ('NEK4', 'KEGG:04068'), ('NEK4', 'KEGG:04630'), ('NEK4', 'KEGG:05202'), ('TMED8', 'KEGG:05200'), ('TMED8', 'KEGG:04010'), ('TMED8', 'KEGG:05222'), ('TMED8', 'KEGG:04380'), ('TMED8', 'KEGG:05161'), ('TMED8', 'KEGG:04722'), ('TMED8', 'KEGG:04144'), ('TMED8', 'KEGG:04140'), ('NEDD4L', 'KEGG:01521'), ('NEDD4L', 'KEGG:04010'), ('NEDD4L', 'KEGG:04151'), ('NEDD4L', 'KEGG:05205'), ('NEDD4L', 'KEGG:04012'), ('STRADB', 'KEGG:04140')]",0.5757575757575758,0.312514585222953,luminal-b,betweenness_centrality; degree_centrality; pathway_reach; redundancy_coefficient,4.0
hsa-miR-24-3p,hsa-miR-24-3p,MicroRNA,1.0,0,1,0.0910399942649789,0.1896551724137931,0.0376884422110552,0.0,"[('GBA2', 'KEGG:04550'), ('CREBL2', 'KEGG:04010'), ('ACVR1B', 'KEGG:05200'), ('ACVR1B', 'KEGG:05202'), ('NEK4', 'KEGG:05200'), ('NEK4', 'KEGG:04151'), ('NEK4', 'KEGG:04510'), ('NEK4', 'KEGG:04310'), ('NEK4', 'KEGG:04218'), ('NEK4', 'KEGG:04068'), ('NEK4', 'KEGG:04630'), ('NEK4', 'KEGG:05202'), ('TMED8', 'KEGG:05200'), ('TMED8', 'KEGG:04010'), ('TMED8', 'KEGG:05222'), ('TMED8', 'KEGG:04380'), ('TMED8', 'KEGG:05161'), ('TMED8', 'KEGG:04722'), ('TMED8', 'KEGG:04144'), ('TMED8', 'KEGG:04140'), ('NEDD4L', 'KEGG:01521'), ('NEDD4L', 'KEGG:04010'), ('NEDD4L', 'KEGG:04151'), ('NEDD4L', 'KEGG:05205'), ('NEDD4L', 'KEGG:04012'), ('STRADB', 'KEGG:04140')]",0.5757575757575758,0.312514585222953,luminal-b,betweenness_centrality; degree_centrality; pathway_reach; redundancy_coefficient,4.0
hsa-miR-24-3p,hsa-miR-24-3p,MicroRNA,1.0,0,1,0.0910399942649789,0.1896551724137931,0.0376884422110552,0.0,"[('GBA2', 'KEGG:04550'), ('CREBL2', 'KEGG:04010'), ('ACVR1B', 'KEGG:05200'), ('ACVR1B', 'KEGG:05202'), ('NEK4', 'KEGG:05200'), ('NEK4', 'KEGG:04151'), ('NEK4', 'KEGG:04510'), ('NEK4', 'KEGG:04310'), ('NEK4', 'KEGG:04218'), ('NEK4', 'KEGG:04068'), ('NEK4', 'KEGG:04630'), ('NEK4', 'KEGG:05202'), ('TMED8', 'KEGG:05200'), ('TMED8', 'KEGG:04010'), ('TMED8', 'KEGG:05222'), ('TMED8', 'KEGG:04380'), ('TMED8', 'KEGG:05161'), ('TMED8', 'KEGG:04722'), ('TMED8', 'KEGG:04144'), ('TMED8', 'KEGG:04140'), ('NEDD4L', 'KEGG:01521'), ('NEDD4L', 'KEGG:04010'), ('NEDD4L', 'KEGG:04151'), ('NEDD4L', 'KEGG:05205'), ('NEDD4L', 'KEGG:04012'), ('STRADB', 'KEGG:04140')]",0.5757575757575758,0.312514585222953,luminal-b,betweenness_centrality; degree_centrality; pathway_reach; redundancy_coefficient,4.0
hsa-miR-24-3p,hsa-miR-24-3p,MicroRNA,1.0,0,1,0.0910399942649789,0.1896551724137931,0.0376884422110552,0.0,"[('GBA2', 'KEGG:04550'), ('CREBL2', 'KEGG:04010'), ('ACVR1B', 'KEGG:05200'), ('ACVR1B', 'KEGG:05202'), ('NEK4', 'KEGG:05200'), ('NEK4', 'KEGG:04151'), ('NEK4', 'KEGG:04510'), ('NEK4', 'KEGG:04310'), ('NEK4', 'KEGG:04218'), ('NEK4', 'KEGG:04068'), ('NEK4', 'KEGG:04630'), ('NEK4', 'KEGG:05202'), ('TMED8', 'KEGG:05200'), ('TMED8', 'KEGG:04010'), ('TMED8', 'KEGG:05222'), ('TMED8', 'KEGG:04380'), ('TMED8', 'KEGG:05161'), ('TMED8', 'KEGG:04722'), ('TMED8', 'KEGG:04144'), ('TMED8', 'KEGG:04140'), ('NEDD4L', 'KEGG:01521'), ('NEDD4L', 'KEGG:04010'), ('NEDD4L', 'KEGG:04151'), ('NEDD4L', 'KEGG:05205'), ('NEDD4L', 'KEGG:04012'), ('STRADB', 'KEGG:04140')]",0.5757575757575758,0.312514585222953,luminal-b,betweenness_centrality; degree_centrality; pathway_reach; redundancy_coefficient,4.0
hsa-miR-24-3p,hsa-miR-24-3p,MicroRNA,1.0,0,1,0.0910399942649789,0.1896551724137931,0.0376884422110552,0.0,"[('GBA2', 'KEGG:04550'), ('CREBL2', 'KEGG:04010'), ('ACVR1B', 'KEGG:05200'), ('ACVR1B', 'KEGG:05202'), ('NEK4', 'KEGG:05200'), ('NEK4', 'KEGG:04151'), ('NEK4', 'KEGG:04510'), ('NEK4', 'KEGG:04310'), ('NEK4', 'KEGG:04218'), ('NEK4', 'KEGG:04068'), ('NEK4', 'KEGG:04630'), ('NEK4', 'KEGG:05202'), ('TMED8', 'KEGG:05200'), ('TMED8', 'KEGG:04010'), ('TMED8', 'KEGG:05222'), ('TMED8', 'KEGG:04380'), ('TMED8', 'KEGG:05161'), ('TMED8', 'KEGG:04722'), ('TMED8', 'KEGG:04144'), ('TMED8', 'KEGG:04140'), ('NEDD4L', 'KEGG:01521'), ('NEDD4L', 'KEGG:04010'), ('NEDD4L', 'KEGG:04151'), ('NEDD4L', 'KEGG:05205'), ('NEDD4L', 'KEGG:04012'), ('STRADB', 'KEGG:04140')]",0.5757575757575758,0.312514585222953,luminal-b,betweenness_centrality; degree_centrality; pathway_reach; redundancy_coefficient,4.0
hsa-miR-24-3p,hsa-miR-24-3p,MicroRNA,1.0,0,1,0.0910399942649789,0.1896551724137931,0.0376884422110552,0.0,"[('GBA2', 'KEGG:04550'), ('CREBL2', 'KEGG:04010'), ('ACVR1B', 'KEGG:05200'), ('ACVR1B', 'KEGG:05202'), ('NEK4', 'KEGG:05200'), ('NEK4', 'KEGG:04151'), ('NEK4', 'KEGG:04510'), ('NEK4', 'KEGG:04310'), ('NEK4', 'KEGG:04218'), ('NEK4', 'KEGG:04068'), ('NEK4', 'KEGG:04630'), ('NEK4', 'KEGG:05202'), ('TMED8', 'KEGG:05200'), ('TMED8', 'KEGG:04010'), ('TMED8', 'KEGG:05222'), ('TMED8', 'KEGG:04380'), ('TMED8', 'KEGG:05161'), ('TMED8', 'KEGG:04722'), ('TMED8', 'KEGG:04144'), ('TMED8', 'KEGG:04140'), ('NEDD4L', 'KEGG:01521'), ('NEDD4L', 'KEGG:04010'), ('NEDD4L', 'KEGG:04151'), ('NEDD4L', 'KEGG:05205'), ('NEDD4L', 'KEGG:04012'), ('STRADB', 'KEGG:04140')]",0.5757575757575758,0.312514585222953,luminal-b,betweenness_centrality; degree_centrality; pathway_reach; redundancy_coefficient,4.0
hsa-miR-24-3p,hsa-miR-24-3p,MicroRNA,1.0,0,1,0.0910399942649789,0.1896551724137931,0.0376884422110552,0.0,"[('GBA2', 'KEGG:04550'), ('CREBL2', 'KEGG:04010'), ('ACVR1B', 'KEGG:05200'), ('ACVR1B', 'KEGG:05202'), ('NEK4', 'KEGG:05200'), ('NEK4', 'KEGG:04151'), ('NEK4', 'KEGG:04510'), ('NEK4', 'KEGG:04310'), ('NEK4', 'KEGG:04218'), ('NEK4', 'KEGG:04068'), ('NEK4', 'KEGG:04630'), ('NEK4', 'KEGG:05202'), ('TMED8', 'KEGG:05200'), ('TMED8', 'KEGG:04010'), ('TMED8', 'KEGG:05222'), ('TMED8', 'KEGG:04380'), ('TMED8', 'KEGG:05161'), ('TMED8', 'KEGG:04722'), ('TMED8', 'KEGG:04144'), ('TMED8', 'KEGG:04140'), ('NEDD4L', 'KEGG:01521'), ('NEDD4L', 'KEGG:04010'), ('NEDD4L', 'KEGG:04151'), ('NEDD4L', 'KEGG:05205'), ('NEDD4L', 'KEGG:04012'), ('STRADB', 'KEGG:04140')]",0.5757575757575758,0.312514585222953,luminal-b,betweenness_centrality; degree_centrality; pathway_reach; redundancy_coefficient,4.0
hsa-miR-24-3p,hsa-miR-24-3p,MicroRNA,1.0,0,1,0.0910399942649789,0.1896551724137931,0.0376884422110552,0.0,"[('GBA2', 'KEGG:04550'), ('CREBL2', 'KEGG:04010'), ('ACVR1B', 'KEGG:05200'), ('ACVR1B', 'KEGG:05202'), ('NEK4', 'KEGG:05200'), ('NEK4', 'KEGG:04151'), ('NEK4', 'KEGG:04510'), ('NEK4', 'KEGG:04310'), ('NEK4', 'KEGG:04218'), ('NEK4', 'KEGG:04068'), ('NEK4', 'KEGG:04630'), ('NEK4', 'KEGG:05202'), ('TMED8', 'KEGG:05200'), ('TMED8', 'KEGG:04010'), ('TMED8', 'KEGG:05222'), ('TMED8', 'KEGG:04380'), ('TMED8', 'KEGG:05161'), ('TMED8', 'KEGG:04722'), ('TMED8', 'KEGG:04144'), ('TMED8', 'KEGG:04140'), ('NEDD4L', 'KEGG:01521'), ('NEDD4L', 'KEGG:04010'), ('NEDD4L', 'KEGG:04151'), ('NEDD4L', 'KEGG:05205'), ('NEDD4L', 'KEGG:04012'), ('STRADB', 'KEGG:04140')]",0.5757575757575758,0.312514585222953,luminal-b,betweenness_centrality; degree_centrality; pathway_reach; redundancy_coefficient,4.0
hsa-miR-24-3p,hsa-miR-24-3p,MicroRNA,1.0,0,1,0.0910399942649789,0.1896551724137931,0.0376884422110552,0.0,"[('GBA2', 'KEGG:04550'), ('CREBL2', 'KEGG:04010'), ('ACVR1B', 'KEGG:05200'), ('ACVR1B', 'KEGG:05202'), ('NEK4', 'KEGG:05200'), ('NEK4', 'KEGG:04151'), ('NEK4', 'KEGG:04510'), ('NEK4', 'KEGG:04310'), ('NEK4', 'KEGG:04218'), ('NEK4', 'KEGG:04068'), ('NEK4', 'KEGG:04630'), ('NEK4', 'KEGG:05202'), ('TMED8', 'KEGG:05200'), ('TMED8', 'KEGG:04010'), ('TMED8', 'KEGG:05222'), ('TMED8', 'KEGG:04380'), ('TMED8', 'KEGG:05161'), ('TMED8', 'KEGG:04722'), ('TMED8', 'KEGG:04144'), ('TMED8', 'KEGG:04140'), ('NEDD4L', 'KEGG:01521'), ('NEDD4L', 'KEGG:04010'), ('NEDD4L', 'KEGG:04151'), ('NEDD4L', 'KEGG:05205'), ('NEDD4L', 'KEGG:04012'), ('STRADB', 'KEGG:04140')]",0.5757575757575758,0.312514585222953,luminal-b,betweenness_centrality; degree_centrality; pathway_reach; redundancy_coefficient,4.0
hsa-miR-24-3p,hsa-miR-24-3p,MicroRNA,1.0,0,1,0.0910399942649789,0.1896551724137931,0.0376884422110552,0.0,"[('GBA2', 'KEGG:04550'), ('CREBL2', 'KEGG:04010'), ('ACVR1B', 'KEGG:05200'), ('ACVR1B', 'KEGG:05202'), ('NEK4', 'KEGG:05200'), ('NEK4', 'KEGG:04151'), ('NEK4', 'KEGG:04510'), ('NEK4', 'KEGG:04310'), ('NEK4', 'KEGG:04218'), ('NEK4', 'KEGG:04068'), ('NEK4', 'KEGG:04630'), ('NEK4', 'KEGG:05202'), ('TMED8', 'KEGG:05200'), ('TMED8', 'KEGG:04010'), ('TMED8', 'KEGG:05222'), ('TMED8', 'KEGG:04380'), ('TMED8', 'KEGG:05161'), ('TMED8', 'KEGG:04722'), ('TMED8', 'KEGG:04144'), ('TMED8', 'KEGG:04140'), ('NEDD4L', 'KEGG:01521'), ('NEDD4L', 'KEGG:04010'), ('NEDD4L', 'KEGG:04151'), ('NEDD4L', 'KEGG:05205'), ('NEDD4L', 'KEGG:04012'), ('STRADB', 'KEGG:04140')]",0.5757575757575758,0.312514585222953,luminal-b,betweenness_centrality; degree_centrality; pathway_reach; redundancy_coefficient,4.0
hsa-miR-130b-3p,hsa-miR-130b-3p,MicroRNA,1.0,0,1,0.0870574470481133,0.2521489971346705,0.0276381909547738,0.0,"[('KIAA1217', 'KEGG:05200'), ('KIAA1217', 'KEGG:05205'), ('KIAA1217', 'KEGG:04550'), ('KIAA1217', 'KEGG:04218'), ('KIAA1217', 'KEGG:04144'), ('KIAA1217', 'KEGG:04926'), ('KIAA1217', 'KEGG:05225')]",0.2121212121212121,0.3163896145152161,luminal-b,betweenness_centrality; closeness_centrality; redundancy_coefficient,3.0
hsa-miR-130b-3p,hsa-miR-130b-3p,MicroRNA,1.0,0,1,0.0870574470481133,0.2521489971346705,0.0276381909547738,0.0,"[('KIAA1217', 'KEGG:05200'), ('KIAA1217', 'KEGG:05205'), ('KIAA1217', 'KEGG:04550'), ('KIAA1217', 'KEGG:04218'), ('KIAA1217', 'KEGG:04144'), ('KIAA1217', 'KEGG:04926'), ('KIAA1217', 'KEGG:05225')]",0.2121212121212121,0.3163896145152161,luminal-b,betweenness_centrality; closeness_centrality; redundancy_coefficient,3.0
hsa-miR-130b-3p,hsa-miR-130b-3p,MicroRNA,1.0,0,1,0.0870574470481133,0.2521489971346705,0.0276381909547738,0.0,"[('KIAA1217', 'KEGG:05200'), ('KIAA1217', 'KEGG:05205'), ('KIAA1217', 'KEGG:04550'), ('KIAA1217', 'KEGG:04218'), ('KIAA1217', 'KEGG:04144'), ('KIAA1217', 'KEGG:04926'), ('KIAA1217', 'KEGG:05225')]",0.2121212121212121,0.3163896145152161,luminal-b,betweenness_centrality; closeness_centrality; redundancy_coefficient,3.0
hsa-miR-130b-3p,hsa-miR-130b-3p,MicroRNA,1.0,0,1,0.0870574470481133,0.2521489971346705,0.0276381909547738,0.0,"[('KIAA1217', 'KEGG:05200'), ('KIAA1217', 'KEGG:05205'), ('KIAA1217', 'KEGG:04550'), ('KIAA1217', 'KEGG:04218'), ('KIAA1217', 'KEGG:04144'), ('KIAA1217', 'KEGG:04926'), ('KIAA1217', 'KEGG:05225')]",0.2121212121212121,0.3163896145152161,luminal-b,betweenness_centrality; closeness_centrality; redundancy_coefficient,3.0
hsa-miR-130b-3p,hsa-miR-130b-3p,MicroRNA,1.0,0,1,0.0870574470481133,0.2521489971346705,0.0276381909547738,0.0,"[('KIAA1217', 'KEGG:05200'), ('KIAA1217', 'KEGG:05205'), ('KIAA1217', 'KEGG:04550'), ('KIAA1217', 'KEGG:04218'), ('KIAA1217', 'KEGG:04144'), ('KIAA1217', 'KEGG:04926'), ('KIAA1217', 'KEGG:05225')]",0.2121212121212121,0.3163896145152161,luminal-b,betweenness_centrality; closeness_centrality; redundancy_coefficient,3.0
hsa-miR-130b-3p,hsa-miR-130b-3p,MicroRNA,1.0,0,1,0.0870574470481133,0.2521489971346705,0.0276381909547738,0.0,"[('KIAA1217', 'KEGG:05200'), ('KIAA1217', 'KEGG:05205'), ('KIAA1217', 'KEGG:04550'), ('KIAA1217', 'KEGG:04218'), ('KIAA1217', 'KEGG:04144'), ('KIAA1217', 'KEGG:04926'), ('KIAA1217', 'KEGG:05225')]",0.2121212121212121,0.3163896145152161,luminal-b,betweenness_centrality; closeness_centrality; redundancy_coefficient,3.0
hsa-miR-130b-3p,hsa-miR-130b-3p,MicroRNA,1.0,0,1,0.0870574470481133,0.2521489971346705,0.0276381909547738,0.0,"[('KIAA1217', 'KEGG:05200'), ('KIAA1217', 'KEGG:05205'), ('KIAA1217', 'KEGG:04550'), ('KIAA1217', 'KEGG:04218'), ('KIAA1217', 'KEGG:04144'), ('KIAA1217', 'KEGG:04926'), ('KIAA1217', 'KEGG:05225')]",0.2121212121212121,0.3163896145152161,luminal-b,betweenness_centrality; closeness_centrality; redundancy_coefficient,3.0
hsa-miR-193b-3p,hsa-miR-193b-3p,MicroRNA,1.0,0,1,0.0709827034414299,0.2406563354603464,0.0201005025125628,0.0357142857142857,"[('ATXN1', 'KEGG:04520'), ('RUNX1T1', 'KEGG:05200'), ('RUNX1T1', 'KEGG:01521'), ('RUNX1T1', 'KEGG:04010'), ('RUNX1T1', 'KEGG:04151'), ('RUNX1T1', 'KEGG:04510'), ('RUNX1T1', 'KEGG:05215'), ('RUNX1T1', 'KEGG:05205'), ('RUNX1T1', 'KEGG:04150'), ('RUNX1T1', 'KEGG:05214'), ('RUNX1T1', 'KEGG:04014'), ('RUNX1T1', 'KEGG:05161'), ('RUNX1T1', 'KEGG:01522'), ('RUNX1T1', 'KEGG:04722'), ('RUNX1T1', 'KEGG:05224'), ('RUNX1T1', 'KEGG:04926'), ('RUNX1T1', 'KEGG:04012'), ('RUNX1T1', 'KEGG:04068'), ('RUNX1T1', 'KEGG:04630'), ('RUNX1T1', 'KEGG:05225'), ('ENTPD1', 'KEGG:01521'), ('KCNJ2', 'KEGG:04520')]",0.6060606060606061,0.3269463061805153,luminal-b,betweenness_centrality; closeness_centrality,2.0
hsa-miR-193b-3p,hsa-miR-193b-3p,MicroRNA,1.0,0,1,0.0709827034414299,0.2406563354603464,0.0201005025125628,0.0357142857142857,"[('ATXN1', 'KEGG:04520'), ('RUNX1T1', 'KEGG:05200'), ('RUNX1T1', 'KEGG:01521'), ('RUNX1T1', 'KEGG:04010'), ('RUNX1T1', 'KEGG:04151'), ('RUNX1T1', 'KEGG:04510'), ('RUNX1T1', 'KEGG:05215'), ('RUNX1T1', 'KEGG:05205'), ('RUNX1T1', 'KEGG:04150'), ('RUNX1T1', 'KEGG:05214'), ('RUNX1T1', 'KEGG:04014'), ('RUNX1T1', 'KEGG:05161'), ('RUNX1T1', 'KEGG:01522'), ('RUNX1T1', 'KEGG:04722'), ('RUNX1T1', 'KEGG:05224'), ('RUNX1T1', 'KEGG:04926'), ('RUNX1T1', 'KEGG:04012'), ('RUNX1T1', 'KEGG:04068'), ('RUNX1T1', 'KEGG:04630'), ('RUNX1T1', 'KEGG:05225'), ('ENTPD1', 'KEGG:01521'), ('KCNJ2', 'KEGG:04520')]",0.6060606060606061,0.3269463061805153,luminal-b,betweenness_centrality; closeness_centrality,2.0
hsa-miR-193b-3p,hsa-miR-193b-3p,MicroRNA,1.0,0,1,0.0709827034414299,0.2406563354603464,0.0201005025125628,0.0357142857142857,"[('ATXN1', 'KEGG:04520'), ('RUNX1T1', 'KEGG:05200'), ('RUNX1T1', 'KEGG:01521'), ('RUNX1T1', 'KEGG:04010'), ('RUNX1T1', 'KEGG:04151'), ('RUNX1T1', 'KEGG:04510'), ('RUNX1T1', 'KEGG:05215'), ('RUNX1T1', 'KEGG:05205'), ('RUNX1T1', 'KEGG:04150'), ('RUNX1T1', 'KEGG:05214'), ('RUNX1T1', 'KEGG:04014'), ('RUNX1T1', 'KEGG:05161'), ('RUNX1T1', 'KEGG:01522'), ('RUNX1T1', 'KEGG:04722'), ('RUNX1T1', 'KEGG:05224'), ('RUNX1T1', 'KEGG:04926'), ('RUNX1T1', 'KEGG:04012'), ('RUNX1T1', 'KEGG:04068'), ('RUNX1T1', 'KEGG:04630'), ('RUNX1T1', 'KEGG:05225'), ('ENTPD1', 'KEGG:01521'), ('KCNJ2', 'KEGG:04520')]",0.6060606060606061,0.3269463061805153,luminal-b,betweenness_centrality; closeness_centrality,2.0
hsa-miR-193b-3p,hsa-miR-193b-3p,MicroRNA,1.0,0,1,0.0709827034414299,0.2406563354603464,0.0201005025125628,0.0357142857142857,"[('ATXN1', 'KEGG:04520'), ('RUNX1T1', 'KEGG:05200'), ('RUNX1T1', 'KEGG:01521'), ('RUNX1T1', 'KEGG:04010'), ('RUNX1T1', 'KEGG:04151'), ('RUNX1T1', 'KEGG:04510'), ('RUNX1T1', 'KEGG:05215'), ('RUNX1T1', 'KEGG:05205'), ('RUNX1T1', 'KEGG:04150'), ('RUNX1T1', 'KEGG:05214'), ('RUNX1T1', 'KEGG:04014'), ('RUNX1T1', 'KEGG:05161'), ('RUNX1T1', 'KEGG:01522'), ('RUNX1T1', 'KEGG:04722'), ('RUNX1T1', 'KEGG:05224'), ('RUNX1T1', 'KEGG:04926'), ('RUNX1T1', 'KEGG:04012'), ('RUNX1T1', 'KEGG:04068'), ('RUNX1T1', 'KEGG:04630'), ('RUNX1T1', 'KEGG:05225'), ('ENTPD1', 'KEGG:01521'), ('KCNJ2', 'KEGG:04520')]",0.6060606060606061,0.3269463061805153,luminal-b,betweenness_centrality; closeness_centrality,2.0
hsa-miR-193b-3p,hsa-miR-193b-3p,MicroRNA,1.0,0,1,0.0709827034414299,0.2406563354603464,0.0201005025125628,0.0357142857142857,"[('ATXN1', 'KEGG:04520'), ('RUNX1T1', 'KEGG:05200'), ('RUNX1T1', 'KEGG:01521'), ('RUNX1T1', 'KEGG:04010'), ('RUNX1T1', 'KEGG:04151'), ('RUNX1T1', 'KEGG:04510'), ('RUNX1T1', 'KEGG:05215'), ('RUNX1T1', 'KEGG:05205'), ('RUNX1T1', 'KEGG:04150'), ('RUNX1T1', 'KEGG:05214'), ('RUNX1T1', 'KEGG:04014'), ('RUNX1T1', 'KEGG:05161'), ('RUNX1T1', 'KEGG:01522'), ('RUNX1T1', 'KEGG:04722'), ('RUNX1T1', 'KEGG:05224'), ('RUNX1T1', 'KEGG:04926'), ('RUNX1T1', 'KEGG:04012'), ('RUNX1T1', 'KEGG:04068'), ('RUNX1T1', 'KEGG:04630'), ('RUNX1T1', 'KEGG:05225'), ('ENTPD1', 'KEGG:01521'), ('KCNJ2', 'KEGG:04520')]",0.6060606060606061,0.3269463061805153,luminal-b,betweenness_centrality; closeness_centrality,2.0
hsa-miR-193b-3p,hsa-miR-193b-3p,MicroRNA,1.0,0,1,0.0709827034414299,0.2406563354603464,0.0201005025125628,0.0357142857142857,"[('ATXN1', 'KEGG:04520'), ('RUNX1T1', 'KEGG:05200'), ('RUNX1T1', 'KEGG:01521'), ('RUNX1T1', 'KEGG:04010'), ('RUNX1T1', 'KEGG:04151'), ('RUNX1T1', 'KEGG:04510'), ('RUNX1T1', 'KEGG:05215'), ('RUNX1T1', 'KEGG:05205'), ('RUNX1T1', 'KEGG:04150'), ('RUNX1T1', 'KEGG:05214'), ('RUNX1T1', 'KEGG:04014'), ('RUNX1T1', 'KEGG:05161'), ('RUNX1T1', 'KEGG:01522'), ('RUNX1T1', 'KEGG:04722'), ('RUNX1T1', 'KEGG:05224'), ('RUNX1T1', 'KEGG:04926'), ('RUNX1T1', 'KEGG:04012'), ('RUNX1T1', 'KEGG:04068'), ('RUNX1T1', 'KEGG:04630'), ('RUNX1T1', 'KEGG:05225'), ('ENTPD1', 'KEGG:01521'), ('KCNJ2', 'KEGG:04520')]",0.6060606060606061,0.3269463061805153,luminal-b,betweenness_centrality; closeness_centrality,2.0
hsa-miR-193b-3p,hsa-miR-193b-3p,MicroRNA,1.0,0,1,0.0709827034414299,0.2406563354603464,0.0201005025125628,0.0357142857142857,"[('ATXN1', 'KEGG:04520'), ('RUNX1T1', 'KEGG:05200'), ('RUNX1T1', 'KEGG:01521'), ('RUNX1T1', 'KEGG:04010'), ('RUNX1T1', 'KEGG:04151'), ('RUNX1T1', 'KEGG:04510'), ('RUNX1T1', 'KEGG:05215'), ('RUNX1T1', 'KEGG:05205'), ('RUNX1T1', 'KEGG:04150'), ('RUNX1T1', 'KEGG:05214'), ('RUNX1T1', 'KEGG:04014'), ('RUNX1T1', 'KEGG:05161'), ('RUNX1T1', 'KEGG:01522'), ('RUNX1T1', 'KEGG:04722'), ('RUNX1T1', 'KEGG:05224'), ('RUNX1T1', 'KEGG:04926'), ('RUNX1T1', 'KEGG:04012'), ('RUNX1T1', 'KEGG:04068'), ('RUNX1T1', 'KEGG:04630'), ('RUNX1T1', 'KEGG:05225'), ('ENTPD1', 'KEGG:01521'), ('KCNJ2', 'KEGG:04520')]",0.6060606060606061,0.3269463061805153,luminal-b,betweenness_centrality; closeness_centrality,2.0
hsa-miR-193b-3p,hsa-miR-193b-3p,MicroRNA,1.0,0,1,0.0709827034414299,0.2406563354603464,0.0201005025125628,0.0357142857142857,"[('ATXN1', 'KEGG:04520'), ('RUNX1T1', 'KEGG:05200'), ('RUNX1T1', 'KEGG:01521'), ('RUNX1T1', 'KEGG:04010'), ('RUNX1T1', 'KEGG:04151'), ('RUNX1T1', 'KEGG:04510'), ('RUNX1T1', 'KEGG:05215'), ('RUNX1T1', 'KEGG:05205'), ('RUNX1T1', 'KEGG:04150'), ('RUNX1T1', 'KEGG:05214'), ('RUNX1T1', 'KEGG:04014'), ('RUNX1T1', 'KEGG:05161'), ('RUNX1T1', 'KEGG:01522'), ('RUNX1T1', 'KEGG:04722'), ('RUNX1T1', 'KEGG:05224'), ('RUNX1T1', 'KEGG:04926'), ('RUNX1T1', 'KEGG:04012'), ('RUNX1T1', 'KEGG:04068'), ('RUNX1T1', 'KEGG:04630'), ('RUNX1T1', 'KEGG:05225'), ('ENTPD1', 'KEGG:01521'), ('KCNJ2', 'KEGG:04520')]",0.6060606060606061,0.3269463061805153,luminal-b,betweenness_centrality; closeness_centrality,2.0
hsa-miR-193b-3p,hsa-miR-193b-3p,MicroRNA,1.0,0,1,0.0709827034414299,0.2406563354603464,0.0201005025125628,0.0357142857142857,"[('ATXN1', 'KEGG:04520'), ('RUNX1T1', 'KEGG:05200'), ('RUNX1T1', 'KEGG:01521'), ('RUNX1T1', 'KEGG:04010'), ('RUNX1T1', 'KEGG:04151'), ('RUNX1T1', 'KEGG:04510'), ('RUNX1T1', 'KEGG:05215'), ('RUNX1T1', 'KEGG:05205'), ('RUNX1T1', 'KEGG:04150'), ('RUNX1T1', 'KEGG:05214'), ('RUNX1T1', 'KEGG:04014'), ('RUNX1T1', 'KEGG:05161'), ('RUNX1T1', 'KEGG:01522'), ('RUNX1T1', 'KEGG:04722'), ('RUNX1T1', 'KEGG:05224'), ('RUNX1T1', 'KEGG:04926'), ('RUNX1T1', 'KEGG:04012'), ('RUNX1T1', 'KEGG:04068'), ('RUNX1T1', 'KEGG:04630'), ('RUNX1T1', 'KEGG:05225'), ('ENTPD1', 'KEGG:01521'), ('KCNJ2', 'KEGG:04520')]",0.6060606060606061,0.3269463061805153,luminal-b,betweenness_centrality; closeness_centrality,2.0
hsa-miR-193b-3p,hsa-miR-193b-3p,MicroRNA,1.0,0,1,0.0709827034414299,0.2406563354603464,0.0201005025125628,0.0357142857142857,"[('ATXN1', 'KEGG:04520'), ('RUNX1T1', 'KEGG:05200'), ('RUNX1T1', 'KEGG:01521'), ('RUNX1T1', 'KEGG:04010'), ('RUNX1T1', 'KEGG:04151'), ('RUNX1T1', 'KEGG:04510'), ('RUNX1T1', 'KEGG:05215'), ('RUNX1T1', 'KEGG:05205'), ('RUNX1T1', 'KEGG:04150'), ('RUNX1T1', 'KEGG:05214'), ('RUNX1T1', 'KEGG:04014'), ('RUNX1T1', 'KEGG:05161'), ('RUNX1T1', 'KEGG:01522'), ('RUNX1T1', 'KEGG:04722'), ('RUNX1T1', 'KEGG:05224'), ('RUNX1T1', 'KEGG:04926'), ('RUNX1T1', 'KEGG:04012'), ('RUNX1T1', 'KEGG:04068'), ('RUNX1T1', 'KEGG:04630'), ('RUNX1T1', 'KEGG:05225'), ('ENTPD1', 'KEGG:01521'), ('KCNJ2', 'KEGG:04520')]",0.6060606060606061,0.3269463061805153,luminal-b,betweenness_centrality; closeness_centrality,2.0
hsa-miR-193b-3p,hsa-miR-193b-3p,MicroRNA,1.0,0,1,0.0709827034414299,0.2406563354603464,0.0201005025125628,0.0357142857142857,"[('ATXN1', 'KEGG:04520'), ('RUNX1T1', 'KEGG:05200'), ('RUNX1T1', 'KEGG:01521'), ('RUNX1T1', 'KEGG:04010'), ('RUNX1T1', 'KEGG:04151'), ('RUNX1T1', 'KEGG:04510'), ('RUNX1T1', 'KEGG:05215'), ('RUNX1T1', 'KEGG:05205'), ('RUNX1T1', 'KEGG:04150'), ('RUNX1T1', 'KEGG:05214'), ('RUNX1T1', 'KEGG:04014'), ('RUNX1T1', 'KEGG:05161'), ('RUNX1T1', 'KEGG:01522'), ('RUNX1T1', 'KEGG:04722'), ('RUNX1T1', 'KEGG:05224'), ('RUNX1T1', 'KEGG:04926'), ('RUNX1T1', 'KEGG:04012'), ('RUNX1T1', 'KEGG:04068'), ('RUNX1T1', 'KEGG:04630'), ('RUNX1T1', 'KEGG:05225'), ('ENTPD1', 'KEGG:01521'), ('KCNJ2', 'KEGG:04520')]",0.6060606060606061,0.3269463061805153,luminal-b,betweenness_centrality; closeness_centrality,2.0
hsa-miR-193b-3p,hsa-miR-193b-3p,MicroRNA,1.0,0,1,0.0709827034414299,0.2406563354603464,0.0201005025125628,0.0357142857142857,"[('ATXN1', 'KEGG:04520'), ('RUNX1T1', 'KEGG:05200'), ('RUNX1T1', 'KEGG:01521'), ('RUNX1T1', 'KEGG:04010'), ('RUNX1T1', 'KEGG:04151'), ('RUNX1T1', 'KEGG:04510'), ('RUNX1T1', 'KEGG:05215'), ('RUNX1T1', 'KEGG:05205'), ('RUNX1T1', 'KEGG:04150'), ('RUNX1T1', 'KEGG:05214'), ('RUNX1T1', 'KEGG:04014'), ('RUNX1T1', 'KEGG:05161'), ('RUNX1T1', 'KEGG:01522'), ('RUNX1T1', 'KEGG:04722'), ('RUNX1T1', 'KEGG:05224'), ('RUNX1T1', 'KEGG:04926'), ('RUNX1T1', 'KEGG:04012'), ('RUNX1T1', 'KEGG:04068'), ('RUNX1T1', 'KEGG:04630'), ('RUNX1T1', 'KEGG:05225'), ('ENTPD1', 'KEGG:01521'), ('KCNJ2', 'KEGG:04520')]",0.6060606060606061,0.3269463061805153,luminal-b,betweenness_centrality; closeness_centrality,2.0
hsa-miR-193b-3p,hsa-miR-193b-3p,MicroRNA,1.0,0,1,0.0709827034414299,0.2406563354603464,0.0201005025125628,0.0357142857142857,"[('ATXN1', 'KEGG:04520'), ('RUNX1T1', 'KEGG:05200'), ('RUNX1T1', 'KEGG:01521'), ('RUNX1T1', 'KEGG:04010'), ('RUNX1T1', 'KEGG:04151'), ('RUNX1T1', 'KEGG:04510'), ('RUNX1T1', 'KEGG:05215'), ('RUNX1T1', 'KEGG:05205'), ('RUNX1T1', 'KEGG:04150'), ('RUNX1T1', 'KEGG:05214'), ('RUNX1T1', 'KEGG:04014'), ('RUNX1T1', 'KEGG:05161'), ('RUNX1T1', 'KEGG:01522'), ('RUNX1T1', 'KEGG:04722'), ('RUNX1T1', 'KEGG:05224'), ('RUNX1T1', 'KEGG:04926'), ('RUNX1T1', 'KEGG:04012'), ('RUNX1T1', 'KEGG:04068'), ('RUNX1T1', 'KEGG:04630'), ('RUNX1T1', 'KEGG:05225'), ('ENTPD1', 'KEGG:01521'), ('KCNJ2', 'KEGG:04520')]",0.6060606060606061,0.3269463061805153,luminal-b,betweenness_centrality; closeness_centrality,2.0
hsa-miR-193b-3p,hsa-miR-193b-3p,MicroRNA,1.0,0,1,0.0709827034414299,0.2406563354603464,0.0201005025125628,0.0357142857142857,"[('ATXN1', 'KEGG:04520'), ('RUNX1T1', 'KEGG:05200'), ('RUNX1T1', 'KEGG:01521'), ('RUNX1T1', 'KEGG:04010'), ('RUNX1T1', 'KEGG:04151'), ('RUNX1T1', 'KEGG:04510'), ('RUNX1T1', 'KEGG:05215'), ('RUNX1T1', 'KEGG:05205'), ('RUNX1T1', 'KEGG:04150'), ('RUNX1T1', 'KEGG:05214'), ('RUNX1T1', 'KEGG:04014'), ('RUNX1T1', 'KEGG:05161'), ('RUNX1T1', 'KEGG:01522'), ('RUNX1T1', 'KEGG:04722'), ('RUNX1T1', 'KEGG:05224'), ('RUNX1T1', 'KEGG:04926'), ('RUNX1T1', 'KEGG:04012'), ('RUNX1T1', 'KEGG:04068'), ('RUNX1T1', 'KEGG:04630'), ('RUNX1T1', 'KEGG:05225'), ('ENTPD1', 'KEGG:01521'), ('KCNJ2', 'KEGG:04520')]",0.6060606060606061,0.3269463061805153,luminal-b,betweenness_centrality; closeness_centrality,2.0
hsa-miR-193b-3p,hsa-miR-193b-3p,MicroRNA,1.0,0,1,0.0709827034414299,0.2406563354603464,0.0201005025125628,0.0357142857142857,"[('ATXN1', 'KEGG:04520'), ('RUNX1T1', 'KEGG:05200'), ('RUNX1T1', 'KEGG:01521'), ('RUNX1T1', 'KEGG:04010'), ('RUNX1T1', 'KEGG:04151'), ('RUNX1T1', 'KEGG:04510'), ('RUNX1T1', 'KEGG:05215'), ('RUNX1T1', 'KEGG:05205'), ('RUNX1T1', 'KEGG:04150'), ('RUNX1T1', 'KEGG:05214'), ('RUNX1T1', 'KEGG:04014'), ('RUNX1T1', 'KEGG:05161'), ('RUNX1T1', 'KEGG:01522'), ('RUNX1T1', 'KEGG:04722'), ('RUNX1T1', 'KEGG:05224'), ('RUNX1T1', 'KEGG:04926'), ('RUNX1T1', 'KEGG:04012'), ('RUNX1T1', 'KEGG:04068'), ('RUNX1T1', 'KEGG:04630'), ('RUNX1T1', 'KEGG:05225'), ('ENTPD1', 'KEGG:01521'), ('KCNJ2', 'KEGG:04520')]",0.6060606060606061,0.3269463061805153,luminal-b,betweenness_centrality; closeness_centrality,2.0
hsa-miR-193b-3p,hsa-miR-193b-3p,MicroRNA,1.0,0,1,0.0709827034414299,0.2406563354603464,0.0201005025125628,0.0357142857142857,"[('ATXN1', 'KEGG:04520'), ('RUNX1T1', 'KEGG:05200'), ('RUNX1T1', 'KEGG:01521'), ('RUNX1T1', 'KEGG:04010'), ('RUNX1T1', 'KEGG:04151'), ('RUNX1T1', 'KEGG:04510'), ('RUNX1T1', 'KEGG:05215'), ('RUNX1T1', 'KEGG:05205'), ('RUNX1T1', 'KEGG:04150'), ('RUNX1T1', 'KEGG:05214'), ('RUNX1T1', 'KEGG:04014'), ('RUNX1T1', 'KEGG:05161'), ('RUNX1T1', 'KEGG:01522'), ('RUNX1T1', 'KEGG:04722'), ('RUNX1T1', 'KEGG:05224'), ('RUNX1T1', 'KEGG:04926'), ('RUNX1T1', 'KEGG:04012'), ('RUNX1T1', 'KEGG:04068'), ('RUNX1T1', 'KEGG:04630'), ('RUNX1T1', 'KEGG:05225'), ('ENTPD1', 'KEGG:01521'), ('KCNJ2', 'KEGG:04520')]",0.6060606060606061,0.3269463061805153,luminal-b,betweenness_centrality; closeness_centrality,2.0
hsa-miR-193b-3p,hsa-miR-193b-3p,MicroRNA,1.0,0,1,0.0709827034414299,0.2406563354603464,0.0201005025125628,0.0357142857142857,"[('ATXN1', 'KEGG:04520'), ('RUNX1T1', 'KEGG:05200'), ('RUNX1T1', 'KEGG:01521'), ('RUNX1T1', 'KEGG:04010'), ('RUNX1T1', 'KEGG:04151'), ('RUNX1T1', 'KEGG:04510'), ('RUNX1T1', 'KEGG:05215'), ('RUNX1T1', 'KEGG:05205'), ('RUNX1T1', 'KEGG:04150'), ('RUNX1T1', 'KEGG:05214'), ('RUNX1T1', 'KEGG:04014'), ('RUNX1T1', 'KEGG:05161'), ('RUNX1T1', 'KEGG:01522'), ('RUNX1T1', 'KEGG:04722'), ('RUNX1T1', 'KEGG:05224'), ('RUNX1T1', 'KEGG:04926'), ('RUNX1T1', 'KEGG:04012'), ('RUNX1T1', 'KEGG:04068'), ('RUNX1T1', 'KEGG:04630'), ('RUNX1T1', 'KEGG:05225'), ('ENTPD1', 'KEGG:01521'), ('KCNJ2', 'KEGG:04520')]",0.6060606060606061,0.3269463061805153,luminal-b,betweenness_centrality; closeness_centrality,2.0
hsa-miR-193b-3p,hsa-miR-193b-3p,MicroRNA,1.0,0,1,0.0709827034414299,0.2406563354603464,0.0201005025125628,0.0357142857142857,"[('ATXN1', 'KEGG:04520'), ('RUNX1T1', 'KEGG:05200'), ('RUNX1T1', 'KEGG:01521'), ('RUNX1T1', 'KEGG:04010'), ('RUNX1T1', 'KEGG:04151'), ('RUNX1T1', 'KEGG:04510'), ('RUNX1T1', 'KEGG:05215'), ('RUNX1T1', 'KEGG:05205'), ('RUNX1T1', 'KEGG:04150'), ('RUNX1T1', 'KEGG:05214'), ('RUNX1T1', 'KEGG:04014'), ('RUNX1T1', 'KEGG:05161'), ('RUNX1T1', 'KEGG:01522'), ('RUNX1T1', 'KEGG:04722'), ('RUNX1T1', 'KEGG:05224'), ('RUNX1T1', 'KEGG:04926'), ('RUNX1T1', 'KEGG:04012'), ('RUNX1T1', 'KEGG:04068'), ('RUNX1T1', 'KEGG:04630'), ('RUNX1T1', 'KEGG:05225'), ('ENTPD1', 'KEGG:01521'), ('KCNJ2', 'KEGG:04520')]",0.6060606060606061,0.3269463061805153,luminal-b,betweenness_centrality; closeness_centrality,2.0
hsa-miR-193b-3p,hsa-miR-193b-3p,MicroRNA,1.0,0,1,0.0709827034414299,0.2406563354603464,0.0201005025125628,0.0357142857142857,"[('ATXN1', 'KEGG:04520'), ('RUNX1T1', 'KEGG:05200'), ('RUNX1T1', 'KEGG:01521'), ('RUNX1T1', 'KEGG:04010'), ('RUNX1T1', 'KEGG:04151'), ('RUNX1T1', 'KEGG:04510'), ('RUNX1T1', 'KEGG:05215'), ('RUNX1T1', 'KEGG:05205'), ('RUNX1T1', 'KEGG:04150'), ('RUNX1T1', 'KEGG:05214'), ('RUNX1T1', 'KEGG:04014'), ('RUNX1T1', 'KEGG:05161'), ('RUNX1T1', 'KEGG:01522'), ('RUNX1T1', 'KEGG:04722'), ('RUNX1T1', 'KEGG:05224'), ('RUNX1T1', 'KEGG:04926'), ('RUNX1T1', 'KEGG:04012'), ('RUNX1T1', 'KEGG:04068'), ('RUNX1T1', 'KEGG:04630'), ('RUNX1T1', 'KEGG:05225'), ('ENTPD1', 'KEGG:01521'), ('KCNJ2', 'KEGG:04520')]",0.6060606060606061,0.3269463061805153,luminal-b,betweenness_centrality; closeness_centrality,2.0
hsa-miR-193b-3p,hsa-miR-193b-3p,MicroRNA,1.0,0,1,0.0709827034414299,0.2406563354603464,0.0201005025125628,0.0357142857142857,"[('ATXN1', 'KEGG:04520'), ('RUNX1T1', 'KEGG:05200'), ('RUNX1T1', 'KEGG:01521'), ('RUNX1T1', 'KEGG:04010'), ('RUNX1T1', 'KEGG:04151'), ('RUNX1T1', 'KEGG:04510'), ('RUNX1T1', 'KEGG:05215'), ('RUNX1T1', 'KEGG:05205'), ('RUNX1T1', 'KEGG:04150'), ('RUNX1T1', 'KEGG:05214'), ('RUNX1T1', 'KEGG:04014'), ('RUNX1T1', 'KEGG:05161'), ('RUNX1T1', 'KEGG:01522'), ('RUNX1T1', 'KEGG:04722'), ('RUNX1T1', 'KEGG:05224'), ('RUNX1T1', 'KEGG:04926'), ('RUNX1T1', 'KEGG:04012'), ('RUNX1T1', 'KEGG:04068'), ('RUNX1T1', 'KEGG:04630'), ('RUNX1T1', 'KEGG:05225'), ('ENTPD1', 'KEGG:01521'), ('KCNJ2', 'KEGG:04520')]",0.6060606060606061,0.3269463061805153,luminal-b,betweenness_centrality; closeness_centrality,2.0
hsa-miR-193b-3p,hsa-miR-193b-3p,MicroRNA,1.0,0,1,0.0709827034414299,0.2406563354603464,0.0201005025125628,0.0357142857142857,"[('ATXN1', 'KEGG:04520'), ('RUNX1T1', 'KEGG:05200'), ('RUNX1T1', 'KEGG:01521'), ('RUNX1T1', 'KEGG:04010'), ('RUNX1T1', 'KEGG:04151'), ('RUNX1T1', 'KEGG:04510'), ('RUNX1T1', 'KEGG:05215'), ('RUNX1T1', 'KEGG:05205'), ('RUNX1T1', 'KEGG:04150'), ('RUNX1T1', 'KEGG:05214'), ('RUNX1T1', 'KEGG:04014'), ('RUNX1T1', 'KEGG:05161'), ('RUNX1T1', 'KEGG:01522'), ('RUNX1T1', 'KEGG:04722'), ('RUNX1T1', 'KEGG:05224'), ('RUNX1T1', 'KEGG:04926'), ('RUNX1T1', 'KEGG:04012'), ('RUNX1T1', 'KEGG:04068'), ('RUNX1T1', 'KEGG:04630'), ('RUNX1T1', 'KEGG:05225'), ('ENTPD1', 'KEGG:01521'), ('KCNJ2', 'KEGG:04520')]",0.6060606060606061,0.3269463061805153,luminal-b,betweenness_centrality; closeness_centrality,2.0
hsa-miR-193b-3p,hsa-miR-193b-3p,MicroRNA,1.0,0,1,0.0709827034414299,0.2406563354603464,0.0201005025125628,0.0357142857142857,"[('ATXN1', 'KEGG:04520'), ('RUNX1T1', 'KEGG:05200'), ('RUNX1T1', 'KEGG:01521'), ('RUNX1T1', 'KEGG:04010'), ('RUNX1T1', 'KEGG:04151'), ('RUNX1T1', 'KEGG:04510'), ('RUNX1T1', 'KEGG:05215'), ('RUNX1T1', 'KEGG:05205'), ('RUNX1T1', 'KEGG:04150'), ('RUNX1T1', 'KEGG:05214'), ('RUNX1T1', 'KEGG:04014'), ('RUNX1T1', 'KEGG:05161'), ('RUNX1T1', 'KEGG:01522'), ('RUNX1T1', 'KEGG:04722'), ('RUNX1T1', 'KEGG:05224'), ('RUNX1T1', 'KEGG:04926'), ('RUNX1T1', 'KEGG:04012'), ('RUNX1T1', 'KEGG:04068'), ('RUNX1T1', 'KEGG:04630'), ('RUNX1T1', 'KEGG:05225'), ('ENTPD1', 'KEGG:01521'), ('KCNJ2', 'KEGG:04520')]",0.6060606060606061,0.3269463061805153,luminal-b,betweenness_centrality; closeness_centrality,2.0
hsa-miR-29a-3p,hsa-miR-29a-3p,MicroRNA,1.0,0,1,0.0526090068425677,0.211031175059952,0.0326633165829145,0.0,"[('DAAM1', 'KEGG:04550'), ('DAAM1', 'KEGG:04630'), ('DCP2', 'KEGG:05200')]",0.0909090909090909,0.3949679718500814,luminal-b,betweenness_centrality; degree_centrality; functional_impact,3.0
hsa-miR-29a-3p,hsa-miR-29a-3p,MicroRNA,1.0,0,1,0.0526090068425677,0.211031175059952,0.0326633165829145,0.0,"[('DAAM1', 'KEGG:04550'), ('DAAM1', 'KEGG:04630'), ('DCP2', 'KEGG:05200')]",0.0909090909090909,0.3949679718500814,luminal-b,betweenness_centrality; degree_centrality; functional_impact,3.0
hsa-miR-29a-3p,hsa-miR-29a-3p,MicroRNA,1.0,0,1,0.0526090068425677,0.211031175059952,0.0326633165829145,0.0,"[('DAAM1', 'KEGG:04550'), ('DAAM1', 'KEGG:04630'), ('DCP2', 'KEGG:05200')]",0.0909090909090909,0.3949679718500814,luminal-b,betweenness_centrality; degree_centrality; functional_impact,3.0
hsa-miR-502-3p,hsa-miR-502-3p,MicroRNA,1.0,0,1,0.0262116196452434,0.2391304347826087,0.0150753768844221,0.2666666666666666,"[('CSNK1A1', 'KEGG:04150'), ('CSNK1A1', 'KEGG:04140'), ('ATXN1', 'KEGG:04520')]",0.0909090909090909,0.3093077239887242,luminal-b,closeness_centrality,1.0
hsa-miR-502-3p,hsa-miR-502-3p,MicroRNA,1.0,0,1,0.0262116196452434,0.2391304347826087,0.0150753768844221,0.2666666666666666,"[('CSNK1A1', 'KEGG:04150'), ('CSNK1A1', 'KEGG:04140'), ('ATXN1', 'KEGG:04520')]",0.0909090909090909,0.3093077239887242,luminal-b,closeness_centrality,1.0
hsa-miR-502-3p,hsa-miR-502-3p,MicroRNA,1.0,0,1,0.0262116196452434,0.2391304347826087,0.0150753768844221,0.2666666666666666,"[('CSNK1A1', 'KEGG:04150'), ('CSNK1A1', 'KEGG:04140'), ('ATXN1', 'KEGG:04520')]",0.0909090909090909,0.3093077239887242,luminal-b,closeness_centrality,1.0
hsa-miR-128-3p,hsa-miR-128-3p,MicroRNA,1.0,0,1,0.0322951002930957,0.2305676855895196,0.0150753768844221,0.2,"[('HIPK2', 'KEGG:05200'), ('HIPK2', 'KEGG:04310'), ('KIRREL1', 'KEGG:01521'), ('KIRREL1', 'KEGG:04010'), ('KIRREL1', 'KEGG:04014')]",0.1515151515151515,0.3026337194482674,luminal-b,closeness_centrality,1.0
hsa-miR-128-3p,hsa-miR-128-3p,MicroRNA,1.0,0,1,0.0322951002930957,0.2305676855895196,0.0150753768844221,0.2,"[('HIPK2', 'KEGG:05200'), ('HIPK2', 'KEGG:04310'), ('KIRREL1', 'KEGG:01521'), ('KIRREL1', 'KEGG:04010'), ('KIRREL1', 'KEGG:04014')]",0.1515151515151515,0.3026337194482674,luminal-b,closeness_centrality,1.0
hsa-miR-128-3p,hsa-miR-128-3p,MicroRNA,1.0,0,1,0.0322951002930957,0.2305676855895196,0.0150753768844221,0.2,"[('HIPK2', 'KEGG:05200'), ('HIPK2', 'KEGG:04310'), ('KIRREL1', 'KEGG:01521'), ('KIRREL1', 'KEGG:04010'), ('KIRREL1', 'KEGG:04014')]",0.1515151515151515,0.3026337194482674,luminal-b,closeness_centrality,1.0
hsa-miR-128-3p,hsa-miR-128-3p,MicroRNA,1.0,0,1,0.0322951002930957,0.2305676855895196,0.0150753768844221,0.2,"[('HIPK2', 'KEGG:05200'), ('HIPK2', 'KEGG:04310'), ('KIRREL1', 'KEGG:01521'), ('KIRREL1', 'KEGG:04010'), ('KIRREL1', 'KEGG:04014')]",0.1515151515151515,0.3026337194482674,luminal-b,closeness_centrality,1.0
hsa-miR-128-3p,hsa-miR-128-3p,MicroRNA,1.0,0,1,0.0322951002930957,0.2305676855895196,0.0150753768844221,0.2,"[('HIPK2', 'KEGG:05200'), ('HIPK2', 'KEGG:04310'), ('KIRREL1', 'KEGG:01521'), ('KIRREL1', 'KEGG:04010'), ('KIRREL1', 'KEGG:04014')]",0.1515151515151515,0.3026337194482674,luminal-b,closeness_centrality,1.0
hsa-miR-330-3p,hsa-miR-330-3p,MicroRNA,1.0,0,1,0.0502611037054471,0.2268041237113402,0.0276381909547738,0.0,"[('JCAD', 'KEGG:05200'), ('JCAD', 'KEGG:04151'), ('JCAD', 'KEGG:05222'), ('JCAD', 'KEGG:05214'), ('JCAD', 'KEGG:04218'), ('JCAD', 'KEGG:05218'), ('JCAD', 'KEGG:05224'), ('JCAD', 'KEGG:05225'), ('DKK3', 'KEGG:04550'), ('CYTH3', 'KEGG:04510'), ('ADAMTS2', 'KEGG:04151'), ('ADAMTS2', 'KEGG:04510')]",0.303030303030303,0.3393401205172823,luminal-b,closeness_centrality; degree_centrality; functional_impact; pathway_reach,4.0
hsa-miR-330-3p,hsa-miR-330-3p,MicroRNA,1.0,0,1,0.0502611037054471,0.2268041237113402,0.0276381909547738,0.0,"[('JCAD', 'KEGG:05200'), ('JCAD', 'KEGG:04151'), ('JCAD', 'KEGG:05222'), ('JCAD', 'KEGG:05214'), ('JCAD', 'KEGG:04218'), ('JCAD', 'KEGG:05218'), ('JCAD', 'KEGG:05224'), ('JCAD', 'KEGG:05225'), ('DKK3', 'KEGG:04550'), ('CYTH3', 'KEGG:04510'), ('ADAMTS2', 'KEGG:04151'), ('ADAMTS2', 'KEGG:04510')]",0.303030303030303,0.3393401205172823,luminal-b,closeness_centrality; degree_centrality; functional_impact; pathway_reach,4.0
hsa-miR-330-3p,hsa-miR-330-3p,MicroRNA,1.0,0,1,0.0502611037054471,0.2268041237113402,0.0276381909547738,0.0,"[('JCAD', 'KEGG:05200'), ('JCAD', 'KEGG:04151'), ('JCAD', 'KEGG:05222'), ('JCAD', 'KEGG:05214'), ('JCAD', 'KEGG:04218'), ('JCAD', 'KEGG:05218'), ('JCAD', 'KEGG:05224'), ('JCAD', 'KEGG:05225'), ('DKK3', 'KEGG:04550'), ('CYTH3', 'KEGG:04510'), ('ADAMTS2', 'KEGG:04151'), ('ADAMTS2', 'KEGG:04510')]",0.303030303030303,0.3393401205172823,luminal-b,closeness_centrality; degree_centrality; functional_impact; pathway_reach,4.0
hsa-miR-330-3p,hsa-miR-330-3p,MicroRNA,1.0,0,1,0.0502611037054471,0.2268041237113402,0.0276381909547738,0.0,"[('JCAD', 'KEGG:05200'), ('JCAD', 'KEGG:04151'), ('JCAD', 'KEGG:05222'), ('JCAD', 'KEGG:05214'), ('JCAD', 'KEGG:04218'), ('JCAD', 'KEGG:05218'), ('JCAD', 'KEGG:05224'), ('JCAD', 'KEGG:05225'), ('DKK3', 'KEGG:04550'), ('CYTH3', 'KEGG:04510'), ('ADAMTS2', 'KEGG:04151'), ('ADAMTS2', 'KEGG:04510')]",0.303030303030303,0.3393401205172823,luminal-b,closeness_centrality; degree_centrality; functional_impact; pathway_reach,4.0
hsa-miR-330-3p,hsa-miR-330-3p,MicroRNA,1.0,0,1,0.0502611037054471,0.2268041237113402,0.0276381909547738,0.0,"[('JCAD', 'KEGG:05200'), ('JCAD', 'KEGG:04151'), ('JCAD', 'KEGG:05222'), ('JCAD', 'KEGG:05214'), ('JCAD', 'KEGG:04218'), ('JCAD', 'KEGG:05218'), ('JCAD', 'KEGG:05224'), ('JCAD', 'KEGG:05225'), ('DKK3', 'KEGG:04550'), ('CYTH3', 'KEGG:04510'), ('ADAMTS2', 'KEGG:04151'), ('ADAMTS2', 'KEGG:04510')]",0.303030303030303,0.3393401205172823,luminal-b,closeness_centrality; degree_centrality; functional_impact; pathway_reach,4.0
hsa-miR-330-3p,hsa-miR-330-3p,MicroRNA,1.0,0,1,0.0502611037054471,0.2268041237113402,0.0276381909547738,0.0,"[('JCAD', 'KEGG:05200'), ('JCAD', 'KEGG:04151'), ('JCAD', 'KEGG:05222'), ('JCAD', 'KEGG:05214'), ('JCAD', 'KEGG:04218'), ('JCAD', 'KEGG:05218'), ('JCAD', 'KEGG:05224'), ('JCAD', 'KEGG:05225'), ('DKK3', 'KEGG:04550'), ('CYTH3', 'KEGG:04510'), ('ADAMTS2', 'KEGG:04151'), ('ADAMTS2', 'KEGG:04510')]",0.303030303030303,0.3393401205172823,luminal-b,closeness_centrality; degree_centrality; functional_impact; pathway_reach,4.0
hsa-miR-330-3p,hsa-miR-330-3p,MicroRNA,1.0,0,1,0.0502611037054471,0.2268041237113402,0.0276381909547738,0.0,"[('JCAD', 'KEGG:05200'), ('JCAD', 'KEGG:04151'), ('JCAD', 'KEGG:05222'), ('JCAD', 'KEGG:05214'), ('JCAD', 'KEGG:04218'), ('JCAD', 'KEGG:05218'), ('JCAD', 'KEGG:05224'), ('JCAD', 'KEGG:05225'), ('DKK3', 'KEGG:04550'), ('CYTH3', 'KEGG:04510'), ('ADAMTS2', 'KEGG:04151'), ('ADAMTS2', 'KEGG:04510')]",0.303030303030303,0.3393401205172823,luminal-b,closeness_centrality; degree_centrality; functional_impact; pathway_reach,4.0
hsa-miR-330-3p,hsa-miR-330-3p,MicroRNA,1.0,0,1,0.0502611037054471,0.2268041237113402,0.0276381909547738,0.0,"[('JCAD', 'KEGG:05200'), ('JCAD', 'KEGG:04151'), ('JCAD', 'KEGG:05222'), ('JCAD', 'KEGG:05214'), ('JCAD', 'KEGG:04218'), ('JCAD', 'KEGG:05218'), ('JCAD', 'KEGG:05224'), ('JCAD', 'KEGG:05225'), ('DKK3', 'KEGG:04550'), ('CYTH3', 'KEGG:04510'), ('ADAMTS2', 'KEGG:04151'), ('ADAMTS2', 'KEGG:04510')]",0.303030303030303,0.3393401205172823,luminal-b,closeness_centrality; degree_centrality; functional_impact; pathway_reach,4.0
hsa-miR-330-3p,hsa-miR-330-3p,MicroRNA,1.0,0,1,0.0502611037054471,0.2268041237113402,0.0276381909547738,0.0,"[('JCAD', 'KEGG:05200'), ('JCAD', 'KEGG:04151'), ('JCAD', 'KEGG:05222'), ('JCAD', 'KEGG:05214'), ('JCAD', 'KEGG:04218'), ('JCAD', 'KEGG:05218'), ('JCAD', 'KEGG:05224'), ('JCAD', 'KEGG:05225'), ('DKK3', 'KEGG:04550'), ('CYTH3', 'KEGG:04510'), ('ADAMTS2', 'KEGG:04151'), ('ADAMTS2', 'KEGG:04510')]",0.303030303030303,0.3393401205172823,luminal-b,closeness_centrality; degree_centrality; functional_impact; pathway_reach,4.0
hsa-miR-330-3p,hsa-miR-330-3p,MicroRNA,1.0,0,1,0.0502611037054471,0.2268041237113402,0.0276381909547738,0.0,"[('JCAD', 'KEGG:05200'), ('JCAD', 'KEGG:04151'), ('JCAD', 'KEGG:05222'), ('JCAD', 'KEGG:05214'), ('JCAD', 'KEGG:04218'), ('JCAD', 'KEGG:05218'), ('JCAD', 'KEGG:05224'), ('JCAD', 'KEGG:05225'), ('DKK3', 'KEGG:04550'), ('CYTH3', 'KEGG:04510'), ('ADAMTS2', 'KEGG:04151'), ('ADAMTS2', 'KEGG:04510')]",0.303030303030303,0.3393401205172823,luminal-b,closeness_centrality; degree_centrality; functional_impact; pathway_reach,4.0
hsa-miR-330-3p,hsa-miR-330-3p,MicroRNA,1.0,0,1,0.0502611037054471,0.2268041237113402,0.0276381909547738,0.0,"[('JCAD', 'KEGG:05200'), ('JCAD', 'KEGG:04151'), ('JCAD', 'KEGG:05222'), ('JCAD', 'KEGG:05214'), ('JCAD', 'KEGG:04218'), ('JCAD', 'KEGG:05218'), ('JCAD', 'KEGG:05224'), ('JCAD', 'KEGG:05225'), ('DKK3', 'KEGG:04550'), ('CYTH3', 'KEGG:04510'), ('ADAMTS2', 'KEGG:04151'), ('ADAMTS2', 'KEGG:04510')]",0.303030303030303,0.3393401205172823,luminal-b,closeness_centrality; degree_centrality; functional_impact; pathway_reach,4.0
hsa-miR-330-3p,hsa-miR-330-3p,MicroRNA,1.0,0,1,0.0502611037054471,0.2268041237113402,0.0276381909547738,0.0,"[('JCAD', 'KEGG:05200'), ('JCAD', 'KEGG:04151'), ('JCAD', 'KEGG:05222'), ('JCAD', 'KEGG:05214'), ('JCAD', 'KEGG:04218'), ('JCAD', 'KEGG:05218'), ('JCAD', 'KEGG:05224'), ('JCAD', 'KEGG:05225'), ('DKK3', 'KEGG:04550'), ('CYTH3', 'KEGG:04510'), ('ADAMTS2', 'KEGG:04151'), ('ADAMTS2', 'KEGG:04510')]",0.303030303030303,0.3393401205172823,luminal-b,closeness_centrality; degree_centrality; functional_impact; pathway_reach,4.0
hsa-miR-16-5p,hsa-miR-16-5p,MicroRNA,1.0,0,1,0.0399972580584188,0.1942604856512141,0.0301507537688442,0.0151515151515151,"[('PPP6R3', 'KEGG:04010'), ('PPP6R3', 'KEGG:04014'), ('CCNJL', 'KEGG:04144')]",0.0909090909090909,0.3120679081304379,luminal-b,degree_centrality,1.0
hsa-miR-16-5p,hsa-miR-16-5p,MicroRNA,1.0,0,1,0.0399972580584188,0.1942604856512141,0.0301507537688442,0.0151515151515151,"[('PPP6R3', 'KEGG:04010'), ('PPP6R3', 'KEGG:04014'), ('CCNJL', 'KEGG:04144')]",0.0909090909090909,0.3120679081304379,luminal-b,degree_centrality,1.0
hsa-miR-16-5p,hsa-miR-16-5p,MicroRNA,1.0,0,1,0.0399972580584188,0.1942604856512141,0.0301507537688442,0.0151515151515151,"[('PPP6R3', 'KEGG:04010'), ('PPP6R3', 'KEGG:04014'), ('CCNJL', 'KEGG:04144')]",0.0909090909090909,0.3120679081304379,luminal-b,degree_centrality,1.0
hsa-miR-125b-5p,hsa-miR-125b-5p,MicroRNA,1.0,0,1,0.0043222812663722,0.159132007233273,0.0050251256281407,0.0,"[('CCDC85C', 'KEGG:05200'), ('CCDC85C', 'KEGG:01521'), ('CCDC85C', 'KEGG:04151'), ('CCDC85C', 'KEGG:04550'), ('CCDC85C', 'KEGG:04380'), ('CCDC85C', 'KEGG:05161'), ('CCDC85C', 'KEGG:04630')]",0.2121212121212121,0.3095815351128587,luminal-b,pathway_reach; redundancy_coefficient,2.0
hsa-miR-125b-5p,hsa-miR-125b-5p,MicroRNA,1.0,0,1,0.0043222812663722,0.159132007233273,0.0050251256281407,0.0,"[('CCDC85C', 'KEGG:05200'), ('CCDC85C', 'KEGG:01521'), ('CCDC85C', 'KEGG:04151'), ('CCDC85C', 'KEGG:04550'), ('CCDC85C', 'KEGG:04380'), ('CCDC85C', 'KEGG:05161'), ('CCDC85C', 'KEGG:04630')]",0.2121212121212121,0.3095815351128587,luminal-b,pathway_reach; redundancy_coefficient,2.0
hsa-miR-125b-5p,hsa-miR-125b-5p,MicroRNA,1.0,0,1,0.0043222812663722,0.159132007233273,0.0050251256281407,0.0,"[('CCDC85C', 'KEGG:05200'), ('CCDC85C', 'KEGG:01521'), ('CCDC85C', 'KEGG:04151'), ('CCDC85C', 'KEGG:04550'), ('CCDC85C', 'KEGG:04380'), ('CCDC85C', 'KEGG:05161'), ('CCDC85C', 'KEGG:04630')]",0.2121212121212121,0.3095815351128587,luminal-b,pathway_reach; redundancy_coefficient,2.0
hsa-miR-125b-5p,hsa-miR-125b-5p,MicroRNA,1.0,0,1,0.0043222812663722,0.159132007233273,0.0050251256281407,0.0,"[('CCDC85C', 'KEGG:05200'), ('CCDC85C', 'KEGG:01521'), ('CCDC85C', 'KEGG:04151'), ('CCDC85C', 'KEGG:04550'), ('CCDC85C', 'KEGG:04380'), ('CCDC85C', 'KEGG:05161'), ('CCDC85C', 'KEGG:04630')]",0.2121212121212121,0.3095815351128587,luminal-b,pathway_reach; redundancy_coefficient,2.0
hsa-miR-125b-5p,hsa-miR-125b-5p,MicroRNA,1.0,0,1,0.0043222812663722,0.159132007233273,0.0050251256281407,0.0,"[('CCDC85C', 'KEGG:05200'), ('CCDC85C', 'KEGG:01521'), ('CCDC85C', 'KEGG:04151'), ('CCDC85C', 'KEGG:04550'), ('CCDC85C', 'KEGG:04380'), ('CCDC85C', 'KEGG:05161'), ('CCDC85C', 'KEGG:04630')]",0.2121212121212121,0.3095815351128587,luminal-b,pathway_reach; redundancy_coefficient,2.0
hsa-miR-125b-5p,hsa-miR-125b-5p,MicroRNA,1.0,0,1,0.0043222812663722,0.159132007233273,0.0050251256281407,0.0,"[('CCDC85C', 'KEGG:05200'), ('CCDC85C', 'KEGG:01521'), ('CCDC85C', 'KEGG:04151'), ('CCDC85C', 'KEGG:04550'), ('CCDC85C', 'KEGG:04380'), ('CCDC85C', 'KEGG:05161'), ('CCDC85C', 'KEGG:04630')]",0.2121212121212121,0.3095815351128587,luminal-b,pathway_reach; redundancy_coefficient,2.0
hsa-miR-125b-5p,hsa-miR-125b-5p,MicroRNA,1.0,0,1,0.0043222812663722,0.159132007233273,0.0050251256281407,0.0,"[('CCDC85C', 'KEGG:05200'), ('CCDC85C', 'KEGG:01521'), ('CCDC85C', 'KEGG:04151'), ('CCDC85C', 'KEGG:04550'), ('CCDC85C', 'KEGG:04380'), ('CCDC85C', 'KEGG:05161'), ('CCDC85C', 'KEGG:04630')]",0.2121212121212121,0.3095815351128587,luminal-b,pathway_reach; redundancy_coefficient,2.0
hsa-miR-200b-3p,hsa-miR-200b-3p,MicroRNA,1.0,0,1,0.0123346106505726,0.2013729977116704,0.0125628140703517,0.0,"[('GRAP2', 'KEGG:04310')]",0.0303030303030303,0.2878092655150942,luminal-b,redundancy_coefficient,1.0
hsa-miR-33b-5p,hsa-miR-33b-5p,MicroRNA,1.0,0,1,0.0086352069455879,0.1724363161332462,0.007537688442211,0.0,"[('RIC1', 'KEGG:04144')]",0.0303030303030303,0.285298335605713,luminal-b,redundancy_coefficient,1.0
hsa-miR-26a-5p,hsa-miR-26a-5p,MicroRNA,1.0,0,1,0.0129294214504902,0.1767068273092369,0.007537688442211,0.0,"[('NAV1', 'KEGG:05200'), ('NAV1', 'KEGG:01521'), ('NAV1', 'KEGG:04010'), ('NAV1', 'KEGG:04151'), ('NAV1', 'KEGG:04510'), ('NAV1', 'KEGG:05215'), ('NAV1', 'KEGG:05205'), ('NAV1', 'KEGG:04550'), ('NAV1', 'KEGG:04150'), ('NAV1', 'KEGG:05214'), ('NAV1', 'KEGG:04014'), ('NAV1', 'KEGG:05218'), ('NAV1', 'KEGG:01522'), ('NAV1', 'KEGG:04152'), ('NAV1', 'KEGG:04144'), ('NAV1', 'KEGG:05224'), ('NAV1', 'KEGG:04068'), ('NAV1', 'KEGG:05202'), ('NAV1', 'KEGG:04140'), ('NAV1', 'KEGG:05225'), ('NAV1', 'KEGG:04520'), ('ELAVL2', 'KEGG:05200'), ('ELAVL2', 'KEGG:04010'), ('ELAVL2', 'KEGG:04151'), ('ELAVL2', 'KEGG:04725'), ('ELAVL2', 'KEGG:04014'), ('ELAVL2', 'KEGG:04713'), ('ELAVL2', 'KEGG:04926'), ('MTPN', 'KEGG:04725')]",0.7272727272727273,0.3417150770513907,luminal-b,functional_impact; pathway_reach; redundancy_coefficient,3.0
hsa-miR-26a-5p,hsa-miR-26a-5p,MicroRNA,1.0,0,1,0.0129294214504902,0.1767068273092369,0.007537688442211,0.0,"[('NAV1', 'KEGG:05200'), ('NAV1', 'KEGG:01521'), ('NAV1', 'KEGG:04010'), ('NAV1', 'KEGG:04151'), ('NAV1', 'KEGG:04510'), ('NAV1', 'KEGG:05215'), ('NAV1', 'KEGG:05205'), ('NAV1', 'KEGG:04550'), ('NAV1', 'KEGG:04150'), ('NAV1', 'KEGG:05214'), ('NAV1', 'KEGG:04014'), ('NAV1', 'KEGG:05218'), ('NAV1', 'KEGG:01522'), ('NAV1', 'KEGG:04152'), ('NAV1', 'KEGG:04144'), ('NAV1', 'KEGG:05224'), ('NAV1', 'KEGG:04068'), ('NAV1', 'KEGG:05202'), ('NAV1', 'KEGG:04140'), ('NAV1', 'KEGG:05225'), ('NAV1', 'KEGG:04520'), ('ELAVL2', 'KEGG:05200'), ('ELAVL2', 'KEGG:04010'), ('ELAVL2', 'KEGG:04151'), ('ELAVL2', 'KEGG:04725'), ('ELAVL2', 'KEGG:04014'), ('ELAVL2', 'KEGG:04713'), ('ELAVL2', 'KEGG:04926'), ('MTPN', 'KEGG:04725')]",0.7272727272727273,0.3417150770513907,luminal-b,functional_impact; pathway_reach; redundancy_coefficient,3.0
hsa-miR-26a-5p,hsa-miR-26a-5p,MicroRNA,1.0,0,1,0.0129294214504902,0.1767068273092369,0.007537688442211,0.0,"[('NAV1', 'KEGG:05200'), ('NAV1', 'KEGG:01521'), ('NAV1', 'KEGG:04010'), ('NAV1', 'KEGG:04151'), ('NAV1', 'KEGG:04510'), ('NAV1', 'KEGG:05215'), ('NAV1', 'KEGG:05205'), ('NAV1', 'KEGG:04550'), ('NAV1', 'KEGG:04150'), ('NAV1', 'KEGG:05214'), ('NAV1', 'KEGG:04014'), ('NAV1', 'KEGG:05218'), ('NAV1', 'KEGG:01522'), ('NAV1', 'KEGG:04152'), ('NAV1', 'KEGG:04144'), ('NAV1', 'KEGG:05224'), ('NAV1', 'KEGG:04068'), ('NAV1', 'KEGG:05202'), ('NAV1', 'KEGG:04140'), ('NAV1', 'KEGG:05225'), ('NAV1', 'KEGG:04520'), ('ELAVL2', 'KEGG:05200'), ('ELAVL2', 'KEGG:04010'), ('ELAVL2', 'KEGG:04151'), ('ELAVL2', 'KEGG:04725'), ('ELAVL2', 'KEGG:04014'), ('ELAVL2', 'KEGG:04713'), ('ELAVL2', 'KEGG:04926'), ('MTPN', 'KEGG:04725')]",0.7272727272727273,0.3417150770513907,luminal-b,functional_impact; pathway_reach; redundancy_coefficient,3.0
hsa-miR-26a-5p,hsa-miR-26a-5p,MicroRNA,1.0,0,1,0.0129294214504902,0.1767068273092369,0.007537688442211,0.0,"[('NAV1', 'KEGG:05200'), ('NAV1', 'KEGG:01521'), ('NAV1', 'KEGG:04010'), ('NAV1', 'KEGG:04151'), ('NAV1', 'KEGG:04510'), ('NAV1', 'KEGG:05215'), ('NAV1', 'KEGG:05205'), ('NAV1', 'KEGG:04550'), ('NAV1', 'KEGG:04150'), ('NAV1', 'KEGG:05214'), ('NAV1', 'KEGG:04014'), ('NAV1', 'KEGG:05218'), ('NAV1', 'KEGG:01522'), ('NAV1', 'KEGG:04152'), ('NAV1', 'KEGG:04144'), ('NAV1', 'KEGG:05224'), ('NAV1', 'KEGG:04068'), ('NAV1', 'KEGG:05202'), ('NAV1', 'KEGG:04140'), ('NAV1', 'KEGG:05225'), ('NAV1', 'KEGG:04520'), ('ELAVL2', 'KEGG:05200'), ('ELAVL2', 'KEGG:04010'), ('ELAVL2', 'KEGG:04151'), ('ELAVL2', 'KEGG:04725'), ('ELAVL2', 'KEGG:04014'), ('ELAVL2', 'KEGG:04713'), ('ELAVL2', 'KEGG:04926'), ('MTPN', 'KEGG:04725')]",0.7272727272727273,0.3417150770513907,luminal-b,functional_impact; pathway_reach; redundancy_coefficient,3.0
hsa-miR-26a-5p,hsa-miR-26a-5p,MicroRNA,1.0,0,1,0.0129294214504902,0.1767068273092369,0.007537688442211,0.0,"[('NAV1', 'KEGG:05200'), ('NAV1', 'KEGG:01521'), ('NAV1', 'KEGG:04010'), ('NAV1', 'KEGG:04151'), ('NAV1', 'KEGG:04510'), ('NAV1', 'KEGG:05215'), ('NAV1', 'KEGG:05205'), ('NAV1', 'KEGG:04550'), ('NAV1', 'KEGG:04150'), ('NAV1', 'KEGG:05214'), ('NAV1', 'KEGG:04014'), ('NAV1', 'KEGG:05218'), ('NAV1', 'KEGG:01522'), ('NAV1', 'KEGG:04152'), ('NAV1', 'KEGG:04144'), ('NAV1', 'KEGG:05224'), ('NAV1', 'KEGG:04068'), ('NAV1', 'KEGG:05202'), ('NAV1', 'KEGG:04140'), ('NAV1', 'KEGG:05225'), ('NAV1', 'KEGG:04520'), ('ELAVL2', 'KEGG:05200'), ('ELAVL2', 'KEGG:04010'), ('ELAVL2', 'KEGG:04151'), ('ELAVL2', 'KEGG:04725'), ('ELAVL2', 'KEGG:04014'), ('ELAVL2', 'KEGG:04713'), ('ELAVL2', 'KEGG:04926'), ('MTPN', 'KEGG:04725')]",0.7272727272727273,0.3417150770513907,luminal-b,functional_impact; pathway_reach; redundancy_coefficient,3.0
hsa-miR-26a-5p,hsa-miR-26a-5p,MicroRNA,1.0,0,1,0.0129294214504902,0.1767068273092369,0.007537688442211,0.0,"[('NAV1', 'KEGG:05200'), ('NAV1', 'KEGG:01521'), ('NAV1', 'KEGG:04010'), ('NAV1', 'KEGG:04151'), ('NAV1', 'KEGG:04510'), ('NAV1', 'KEGG:05215'), ('NAV1', 'KEGG:05205'), ('NAV1', 'KEGG:04550'), ('NAV1', 'KEGG:04150'), ('NAV1', 'KEGG:05214'), ('NAV1', 'KEGG:04014'), ('NAV1', 'KEGG:05218'), ('NAV1', 'KEGG:01522'), ('NAV1', 'KEGG:04152'), ('NAV1', 'KEGG:04144'), ('NAV1', 'KEGG:05224'), ('NAV1', 'KEGG:04068'), ('NAV1', 'KEGG:05202'), ('NAV1', 'KEGG:04140'), ('NAV1', 'KEGG:05225'), ('NAV1', 'KEGG:04520'), ('ELAVL2', 'KEGG:05200'), ('ELAVL2', 'KEGG:04010'), ('ELAVL2', 'KEGG:04151'), ('ELAVL2', 'KEGG:04725'), ('ELAVL2', 'KEGG:04014'), ('ELAVL2', 'KEGG:04713'), ('ELAVL2', 'KEGG:04926'), ('MTPN', 'KEGG:04725')]",0.7272727272727273,0.3417150770513907,luminal-b,functional_impact; pathway_reach; redundancy_coefficient,3.0
hsa-miR-26a-5p,hsa-miR-26a-5p,MicroRNA,1.0,0,1,0.0129294214504902,0.1767068273092369,0.007537688442211,0.0,"[('NAV1', 'KEGG:05200'), ('NAV1', 'KEGG:01521'), ('NAV1', 'KEGG:04010'), ('NAV1', 'KEGG:04151'), ('NAV1', 'KEGG:04510'), ('NAV1', 'KEGG:05215'), ('NAV1', 'KEGG:05205'), ('NAV1', 'KEGG:04550'), ('NAV1', 'KEGG:04150'), ('NAV1', 'KEGG:05214'), ('NAV1', 'KEGG:04014'), ('NAV1', 'KEGG:05218'), ('NAV1', 'KEGG:01522'), ('NAV1', 'KEGG:04152'), ('NAV1', 'KEGG:04144'), ('NAV1', 'KEGG:05224'), ('NAV1', 'KEGG:04068'), ('NAV1', 'KEGG:05202'), ('NAV1', 'KEGG:04140'), ('NAV1', 'KEGG:05225'), ('NAV1', 'KEGG:04520'), ('ELAVL2', 'KEGG:05200'), ('ELAVL2', 'KEGG:04010'), ('ELAVL2', 'KEGG:04151'), ('ELAVL2', 'KEGG:04725'), ('ELAVL2', 'KEGG:04014'), ('ELAVL2', 'KEGG:04713'), ('ELAVL2', 'KEGG:04926'), ('MTPN', 'KEGG:04725')]",0.7272727272727273,0.3417150770513907,luminal-b,functional_impact; pathway_reach; redundancy_coefficient,3.0
hsa-miR-26a-5p,hsa-miR-26a-5p,MicroRNA,1.0,0,1,0.0129294214504902,0.1767068273092369,0.007537688442211,0.0,"[('NAV1', 'KEGG:05200'), ('NAV1', 'KEGG:01521'), ('NAV1', 'KEGG:04010'), ('NAV1', 'KEGG:04151'), ('NAV1', 'KEGG:04510'), ('NAV1', 'KEGG:05215'), ('NAV1', 'KEGG:05205'), ('NAV1', 'KEGG:04550'), ('NAV1', 'KEGG:04150'), ('NAV1', 'KEGG:05214'), ('NAV1', 'KEGG:04014'), ('NAV1', 'KEGG:05218'), ('NAV1', 'KEGG:01522'), ('NAV1', 'KEGG:04152'), ('NAV1', 'KEGG:04144'), ('NAV1', 'KEGG:05224'), ('NAV1', 'KEGG:04068'), ('NAV1', 'KEGG:05202'), ('NAV1', 'KEGG:04140'), ('NAV1', 'KEGG:05225'), ('NAV1', 'KEGG:04520'), ('ELAVL2', 'KEGG:05200'), ('ELAVL2', 'KEGG:04010'), ('ELAVL2', 'KEGG:04151'), ('ELAVL2', 'KEGG:04725'), ('ELAVL2', 'KEGG:04014'), ('ELAVL2', 'KEGG:04713'), ('ELAVL2', 'KEGG:04926'), ('MTPN', 'KEGG:04725')]",0.7272727272727273,0.3417150770513907,luminal-b,functional_impact; pathway_reach; redundancy_coefficient,3.0
hsa-miR-26a-5p,hsa-miR-26a-5p,MicroRNA,1.0,0,1,0.0129294214504902,0.1767068273092369,0.007537688442211,0.0,"[('NAV1', 'KEGG:05200'), ('NAV1', 'KEGG:01521'), ('NAV1', 'KEGG:04010'), ('NAV1', 'KEGG:04151'), ('NAV1', 'KEGG:04510'), ('NAV1', 'KEGG:05215'), ('NAV1', 'KEGG:05205'), ('NAV1', 'KEGG:04550'), ('NAV1', 'KEGG:04150'), ('NAV1', 'KEGG:05214'), ('NAV1', 'KEGG:04014'), ('NAV1', 'KEGG:05218'), ('NAV1', 'KEGG:01522'), ('NAV1', 'KEGG:04152'), ('NAV1', 'KEGG:04144'), ('NAV1', 'KEGG:05224'), ('NAV1', 'KEGG:04068'), ('NAV1', 'KEGG:05202'), ('NAV1', 'KEGG:04140'), ('NAV1', 'KEGG:05225'), ('NAV1', 'KEGG:04520'), ('ELAVL2', 'KEGG:05200'), ('ELAVL2', 'KEGG:04010'), ('ELAVL2', 'KEGG:04151'), ('ELAVL2', 'KEGG:04725'), ('ELAVL2', 'KEGG:04014'), ('ELAVL2', 'KEGG:04713'), ('ELAVL2', 'KEGG:04926'), ('MTPN', 'KEGG:04725')]",0.7272727272727273,0.3417150770513907,luminal-b,functional_impact; pathway_reach; redundancy_coefficient,3.0
hsa-miR-26a-5p,hsa-miR-26a-5p,MicroRNA,1.0,0,1,0.0129294214504902,0.1767068273092369,0.007537688442211,0.0,"[('NAV1', 'KEGG:05200'), ('NAV1', 'KEGG:01521'), ('NAV1', 'KEGG:04010'), ('NAV1', 'KEGG:04151'), ('NAV1', 'KEGG:04510'), ('NAV1', 'KEGG:05215'), ('NAV1', 'KEGG:05205'), ('NAV1', 'KEGG:04550'), ('NAV1', 'KEGG:04150'), ('NAV1', 'KEGG:05214'), ('NAV1', 'KEGG:04014'), ('NAV1', 'KEGG:05218'), ('NAV1', 'KEGG:01522'), ('NAV1', 'KEGG:04152'), ('NAV1', 'KEGG:04144'), ('NAV1', 'KEGG:05224'), ('NAV1', 'KEGG:04068'), ('NAV1', 'KEGG:05202'), ('NAV1', 'KEGG:04140'), ('NAV1', 'KEGG:05225'), ('NAV1', 'KEGG:04520'), ('ELAVL2', 'KEGG:05200'), ('ELAVL2', 'KEGG:04010'), ('ELAVL2', 'KEGG:04151'), ('ELAVL2', 'KEGG:04725'), ('ELAVL2', 'KEGG:04014'), ('ELAVL2', 'KEGG:04713'), ('ELAVL2', 'KEGG:04926'), ('MTPN', 'KEGG:04725')]",0.7272727272727273,0.3417150770513907,luminal-b,functional_impact; pathway_reach; redundancy_coefficient,3.0
hsa-miR-26a-5p,hsa-miR-26a-5p,MicroRNA,1.0,0,1,0.0129294214504902,0.1767068273092369,0.007537688442211,0.0,"[('NAV1', 'KEGG:05200'), ('NAV1', 'KEGG:01521'), ('NAV1', 'KEGG:04010'), ('NAV1', 'KEGG:04151'), ('NAV1', 'KEGG:04510'), ('NAV1', 'KEGG:05215'), ('NAV1', 'KEGG:05205'), ('NAV1', 'KEGG:04550'), ('NAV1', 'KEGG:04150'), ('NAV1', 'KEGG:05214'), ('NAV1', 'KEGG:04014'), ('NAV1', 'KEGG:05218'), ('NAV1', 'KEGG:01522'), ('NAV1', 'KEGG:04152'), ('NAV1', 'KEGG:04144'), ('NAV1', 'KEGG:05224'), ('NAV1', 'KEGG:04068'), ('NAV1', 'KEGG:05202'), ('NAV1', 'KEGG:04140'), ('NAV1', 'KEGG:05225'), ('NAV1', 'KEGG:04520'), ('ELAVL2', 'KEGG:05200'), ('ELAVL2', 'KEGG:04010'), ('ELAVL2', 'KEGG:04151'), ('ELAVL2', 'KEGG:04725'), ('ELAVL2', 'KEGG:04014'), ('ELAVL2', 'KEGG:04713'), ('ELAVL2', 'KEGG:04926'), ('MTPN', 'KEGG:04725')]",0.7272727272727273,0.3417150770513907,luminal-b,functional_impact; pathway_reach; redundancy_coefficient,3.0
hsa-miR-26a-5p,hsa-miR-26a-5p,MicroRNA,1.0,0,1,0.0129294214504902,0.1767068273092369,0.007537688442211,0.0,"[('NAV1', 'KEGG:05200'), ('NAV1', 'KEGG:01521'), ('NAV1', 'KEGG:04010'), ('NAV1', 'KEGG:04151'), ('NAV1', 'KEGG:04510'), ('NAV1', 'KEGG:05215'), ('NAV1', 'KEGG:05205'), ('NAV1', 'KEGG:04550'), ('NAV1', 'KEGG:04150'), ('NAV1', 'KEGG:05214'), ('NAV1', 'KEGG:04014'), ('NAV1', 'KEGG:05218'), ('NAV1', 'KEGG:01522'), ('NAV1', 'KEGG:04152'), ('NAV1', 'KEGG:04144'), ('NAV1', 'KEGG:05224'), ('NAV1', 'KEGG:04068'), ('NAV1', 'KEGG:05202'), ('NAV1', 'KEGG:04140'), ('NAV1', 'KEGG:05225'), ('NAV1', 'KEGG:04520'), ('ELAVL2', 'KEGG:05200'), ('ELAVL2', 'KEGG:04010'), ('ELAVL2', 'KEGG:04151'), ('ELAVL2', 'KEGG:04725'), ('ELAVL2', 'KEGG:04014'), ('ELAVL2', 'KEGG:04713'), ('ELAVL2', 'KEGG:04926'), ('MTPN', 'KEGG:04725')]",0.7272727272727273,0.3417150770513907,luminal-b,functional_impact; pathway_reach; redundancy_coefficient,3.0
hsa-miR-26a-5p,hsa-miR-26a-5p,MicroRNA,1.0,0,1,0.0129294214504902,0.1767068273092369,0.007537688442211,0.0,"[('NAV1', 'KEGG:05200'), ('NAV1', 'KEGG:01521'), ('NAV1', 'KEGG:04010'), ('NAV1', 'KEGG:04151'), ('NAV1', 'KEGG:04510'), ('NAV1', 'KEGG:05215'), ('NAV1', 'KEGG:05205'), ('NAV1', 'KEGG:04550'), ('NAV1', 'KEGG:04150'), ('NAV1', 'KEGG:05214'), ('NAV1', 'KEGG:04014'), ('NAV1', 'KEGG:05218'), ('NAV1', 'KEGG:01522'), ('NAV1', 'KEGG:04152'), ('NAV1', 'KEGG:04144'), ('NAV1', 'KEGG:05224'), ('NAV1', 'KEGG:04068'), ('NAV1', 'KEGG:05202'), ('NAV1', 'KEGG:04140'), ('NAV1', 'KEGG:05225'), ('NAV1', 'KEGG:04520'), ('ELAVL2', 'KEGG:05200'), ('ELAVL2', 'KEGG:04010'), ('ELAVL2', 'KEGG:04151'), ('ELAVL2', 'KEGG:04725'), ('ELAVL2', 'KEGG:04014'), ('ELAVL2', 'KEGG:04713'), ('ELAVL2', 'KEGG:04926'), ('MTPN', 'KEGG:04725')]",0.7272727272727273,0.3417150770513907,luminal-b,functional_impact; pathway_reach; redundancy_coefficient,3.0
hsa-miR-26a-5p,hsa-miR-26a-5p,MicroRNA,1.0,0,1,0.0129294214504902,0.1767068273092369,0.007537688442211,0.0,"[('NAV1', 'KEGG:05200'), ('NAV1', 'KEGG:01521'), ('NAV1', 'KEGG:04010'), ('NAV1', 'KEGG:04151'), ('NAV1', 'KEGG:04510'), ('NAV1', 'KEGG:05215'), ('NAV1', 'KEGG:05205'), ('NAV1', 'KEGG:04550'), ('NAV1', 'KEGG:04150'), ('NAV1', 'KEGG:05214'), ('NAV1', 'KEGG:04014'), ('NAV1', 'KEGG:05218'), ('NAV1', 'KEGG:01522'), ('NAV1', 'KEGG:04152'), ('NAV1', 'KEGG:04144'), ('NAV1', 'KEGG:05224'), ('NAV1', 'KEGG:04068'), ('NAV1', 'KEGG:05202'), ('NAV1', 'KEGG:04140'), ('NAV1', 'KEGG:05225'), ('NAV1', 'KEGG:04520'), ('ELAVL2', 'KEGG:05200'), ('ELAVL2', 'KEGG:04010'), ('ELAVL2', 'KEGG:04151'), ('ELAVL2', 'KEGG:04725'), ('ELAVL2', 'KEGG:04014'), ('ELAVL2', 'KEGG:04713'), ('ELAVL2', 'KEGG:04926'), ('MTPN', 'KEGG:04725')]",0.7272727272727273,0.3417150770513907,luminal-b,functional_impact; pathway_reach; redundancy_coefficient,3.0
hsa-miR-26a-5p,hsa-miR-26a-5p,MicroRNA,1.0,0,1,0.0129294214504902,0.1767068273092369,0.007537688442211,0.0,"[('NAV1', 'KEGG:05200'), ('NAV1', 'KEGG:01521'), ('NAV1', 'KEGG:04010'), ('NAV1', 'KEGG:04151'), ('NAV1', 'KEGG:04510'), ('NAV1', 'KEGG:05215'), ('NAV1', 'KEGG:05205'), ('NAV1', 'KEGG:04550'), ('NAV1', 'KEGG:04150'), ('NAV1', 'KEGG:05214'), ('NAV1', 'KEGG:04014'), ('NAV1', 'KEGG:05218'), ('NAV1', 'KEGG:01522'), ('NAV1', 'KEGG:04152'), ('NAV1', 'KEGG:04144'), ('NAV1', 'KEGG:05224'), ('NAV1', 'KEGG:04068'), ('NAV1', 'KEGG:05202'), ('NAV1', 'KEGG:04140'), ('NAV1', 'KEGG:05225'), ('NAV1', 'KEGG:04520'), ('ELAVL2', 'KEGG:05200'), ('ELAVL2', 'KEGG:04010'), ('ELAVL2', 'KEGG:04151'), ('ELAVL2', 'KEGG:04725'), ('ELAVL2', 'KEGG:04014'), ('ELAVL2', 'KEGG:04713'), ('ELAVL2', 'KEGG:04926'), ('MTPN', 'KEGG:04725')]",0.7272727272727273,0.3417150770513907,luminal-b,functional_impact; pathway_reach; redundancy_coefficient,3.0
hsa-miR-26a-5p,hsa-miR-26a-5p,MicroRNA,1.0,0,1,0.0129294214504902,0.1767068273092369,0.007537688442211,0.0,"[('NAV1', 'KEGG:05200'), ('NAV1', 'KEGG:01521'), ('NAV1', 'KEGG:04010'), ('NAV1', 'KEGG:04151'), ('NAV1', 'KEGG:04510'), ('NAV1', 'KEGG:05215'), ('NAV1', 'KEGG:05205'), ('NAV1', 'KEGG:04550'), ('NAV1', 'KEGG:04150'), ('NAV1', 'KEGG:05214'), ('NAV1', 'KEGG:04014'), ('NAV1', 'KEGG:05218'), ('NAV1', 'KEGG:01522'), ('NAV1', 'KEGG:04152'), ('NAV1', 'KEGG:04144'), ('NAV1', 'KEGG:05224'), ('NAV1', 'KEGG:04068'), ('NAV1', 'KEGG:05202'), ('NAV1', 'KEGG:04140'), ('NAV1', 'KEGG:05225'), ('NAV1', 'KEGG:04520'), ('ELAVL2', 'KEGG:05200'), ('ELAVL2', 'KEGG:04010'), ('ELAVL2', 'KEGG:04151'), ('ELAVL2', 'KEGG:04725'), ('ELAVL2', 'KEGG:04014'), ('ELAVL2', 'KEGG:04713'), ('ELAVL2', 'KEGG:04926'), ('MTPN', 'KEGG:04725')]",0.7272727272727273,0.3417150770513907,luminal-b,functional_impact; pathway_reach; redundancy_coefficient,3.0
hsa-miR-26a-5p,hsa-miR-26a-5p,MicroRNA,1.0,0,1,0.0129294214504902,0.1767068273092369,0.007537688442211,0.0,"[('NAV1', 'KEGG:05200'), ('NAV1', 'KEGG:01521'), ('NAV1', 'KEGG:04010'), ('NAV1', 'KEGG:04151'), ('NAV1', 'KEGG:04510'), ('NAV1', 'KEGG:05215'), ('NAV1', 'KEGG:05205'), ('NAV1', 'KEGG:04550'), ('NAV1', 'KEGG:04150'), ('NAV1', 'KEGG:05214'), ('NAV1', 'KEGG:04014'), ('NAV1', 'KEGG:05218'), ('NAV1', 'KEGG:01522'), ('NAV1', 'KEGG:04152'), ('NAV1', 'KEGG:04144'), ('NAV1', 'KEGG:05224'), ('NAV1', 'KEGG:04068'), ('NAV1', 'KEGG:05202'), ('NAV1', 'KEGG:04140'), ('NAV1', 'KEGG:05225'), ('NAV1', 'KEGG:04520'), ('ELAVL2', 'KEGG:05200'), ('ELAVL2', 'KEGG:04010'), ('ELAVL2', 'KEGG:04151'), ('ELAVL2', 'KEGG:04725'), ('ELAVL2', 'KEGG:04014'), ('ELAVL2', 'KEGG:04713'), ('ELAVL2', 'KEGG:04926'), ('MTPN', 'KEGG:04725')]",0.7272727272727273,0.3417150770513907,luminal-b,functional_impact; pathway_reach; redundancy_coefficient,3.0
hsa-miR-26a-5p,hsa-miR-26a-5p,MicroRNA,1.0,0,1,0.0129294214504902,0.1767068273092369,0.007537688442211,0.0,"[('NAV1', 'KEGG:05200'), ('NAV1', 'KEGG:01521'), ('NAV1', 'KEGG:04010'), ('NAV1', 'KEGG:04151'), ('NAV1', 'KEGG:04510'), ('NAV1', 'KEGG:05215'), ('NAV1', 'KEGG:05205'), ('NAV1', 'KEGG:04550'), ('NAV1', 'KEGG:04150'), ('NAV1', 'KEGG:05214'), ('NAV1', 'KEGG:04014'), ('NAV1', 'KEGG:05218'), ('NAV1', 'KEGG:01522'), ('NAV1', 'KEGG:04152'), ('NAV1', 'KEGG:04144'), ('NAV1', 'KEGG:05224'), ('NAV1', 'KEGG:04068'), ('NAV1', 'KEGG:05202'), ('NAV1', 'KEGG:04140'), ('NAV1', 'KEGG:05225'), ('NAV1', 'KEGG:04520'), ('ELAVL2', 'KEGG:05200'), ('ELAVL2', 'KEGG:04010'), ('ELAVL2', 'KEGG:04151'), ('ELAVL2', 'KEGG:04725'), ('ELAVL2', 'KEGG:04014'), ('ELAVL2', 'KEGG:04713'), ('ELAVL2', 'KEGG:04926'), ('MTPN', 'KEGG:04725')]",0.7272727272727273,0.3417150770513907,luminal-b,functional_impact; pathway_reach; redundancy_coefficient,3.0
hsa-miR-26a-5p,hsa-miR-26a-5p,MicroRNA,1.0,0,1,0.0129294214504902,0.1767068273092369,0.007537688442211,0.0,"[('NAV1', 'KEGG:05200'), ('NAV1', 'KEGG:01521'), ('NAV1', 'KEGG:04010'), ('NAV1', 'KEGG:04151'), ('NAV1', 'KEGG:04510'), ('NAV1', 'KEGG:05215'), ('NAV1', 'KEGG:05205'), ('NAV1', 'KEGG:04550'), ('NAV1', 'KEGG:04150'), ('NAV1', 'KEGG:05214'), ('NAV1', 'KEGG:04014'), ('NAV1', 'KEGG:05218'), ('NAV1', 'KEGG:01522'), ('NAV1', 'KEGG:04152'), ('NAV1', 'KEGG:04144'), ('NAV1', 'KEGG:05224'), ('NAV1', 'KEGG:04068'), ('NAV1', 'KEGG:05202'), ('NAV1', 'KEGG:04140'), ('NAV1', 'KEGG:05225'), ('NAV1', 'KEGG:04520'), ('ELAVL2', 'KEGG:05200'), ('ELAVL2', 'KEGG:04010'), ('ELAVL2', 'KEGG:04151'), ('ELAVL2', 'KEGG:04725'), ('ELAVL2', 'KEGG:04014'), ('ELAVL2', 'KEGG:04713'), ('ELAVL2', 'KEGG:04926'), ('MTPN', 'KEGG:04725')]",0.7272727272727273,0.3417150770513907,luminal-b,functional_impact; pathway_reach; redundancy_coefficient,3.0
hsa-miR-26a-5p,hsa-miR-26a-5p,MicroRNA,1.0,0,1,0.0129294214504902,0.1767068273092369,0.007537688442211,0.0,"[('NAV1', 'KEGG:05200'), ('NAV1', 'KEGG:01521'), ('NAV1', 'KEGG:04010'), ('NAV1', 'KEGG:04151'), ('NAV1', 'KEGG:04510'), ('NAV1', 'KEGG:05215'), ('NAV1', 'KEGG:05205'), ('NAV1', 'KEGG:04550'), ('NAV1', 'KEGG:04150'), ('NAV1', 'KEGG:05214'), ('NAV1', 'KEGG:04014'), ('NAV1', 'KEGG:05218'), ('NAV1', 'KEGG:01522'), ('NAV1', 'KEGG:04152'), ('NAV1', 'KEGG:04144'), ('NAV1', 'KEGG:05224'), ('NAV1', 'KEGG:04068'), ('NAV1', 'KEGG:05202'), ('NAV1', 'KEGG:04140'), ('NAV1', 'KEGG:05225'), ('NAV1', 'KEGG:04520'), ('ELAVL2', 'KEGG:05200'), ('ELAVL2', 'KEGG:04010'), ('ELAVL2', 'KEGG:04151'), ('ELAVL2', 'KEGG:04725'), ('ELAVL2', 'KEGG:04014'), ('ELAVL2', 'KEGG:04713'), ('ELAVL2', 'KEGG:04926'), ('MTPN', 'KEGG:04725')]",0.7272727272727273,0.3417150770513907,luminal-b,functional_impact; pathway_reach; redundancy_coefficient,3.0
hsa-miR-26a-5p,hsa-miR-26a-5p,MicroRNA,1.0,0,1,0.0129294214504902,0.1767068273092369,0.007537688442211,0.0,"[('NAV1', 'KEGG:05200'), ('NAV1', 'KEGG:01521'), ('NAV1', 'KEGG:04010'), ('NAV1', 'KEGG:04151'), ('NAV1', 'KEGG:04510'), ('NAV1', 'KEGG:05215'), ('NAV1', 'KEGG:05205'), ('NAV1', 'KEGG:04550'), ('NAV1', 'KEGG:04150'), ('NAV1', 'KEGG:05214'), ('NAV1', 'KEGG:04014'), ('NAV1', 'KEGG:05218'), ('NAV1', 'KEGG:01522'), ('NAV1', 'KEGG:04152'), ('NAV1', 'KEGG:04144'), ('NAV1', 'KEGG:05224'), ('NAV1', 'KEGG:04068'), ('NAV1', 'KEGG:05202'), ('NAV1', 'KEGG:04140'), ('NAV1', 'KEGG:05225'), ('NAV1', 'KEGG:04520'), ('ELAVL2', 'KEGG:05200'), ('ELAVL2', 'KEGG:04010'), ('ELAVL2', 'KEGG:04151'), ('ELAVL2', 'KEGG:04725'), ('ELAVL2', 'KEGG:04014'), ('ELAVL2', 'KEGG:04713'), ('ELAVL2', 'KEGG:04926'), ('MTPN', 'KEGG:04725')]",0.7272727272727273,0.3417150770513907,luminal-b,functional_impact; pathway_reach; redundancy_coefficient,3.0
hsa-miR-26a-5p,hsa-miR-26a-5p,MicroRNA,1.0,0,1,0.0129294214504902,0.1767068273092369,0.007537688442211,0.0,"[('NAV1', 'KEGG:05200'), ('NAV1', 'KEGG:01521'), ('NAV1', 'KEGG:04010'), ('NAV1', 'KEGG:04151'), ('NAV1', 'KEGG:04510'), ('NAV1', 'KEGG:05215'), ('NAV1', 'KEGG:05205'), ('NAV1', 'KEGG:04550'), ('NAV1', 'KEGG:04150'), ('NAV1', 'KEGG:05214'), ('NAV1', 'KEGG:04014'), ('NAV1', 'KEGG:05218'), ('NAV1', 'KEGG:01522'), ('NAV1', 'KEGG:04152'), ('NAV1', 'KEGG:04144'), ('NAV1', 'KEGG:05224'), ('NAV1', 'KEGG:04068'), ('NAV1', 'KEGG:05202'), ('NAV1', 'KEGG:04140'), ('NAV1', 'KEGG:05225'), ('NAV1', 'KEGG:04520'), ('ELAVL2', 'KEGG:05200'), ('ELAVL2', 'KEGG:04010'), ('ELAVL2', 'KEGG:04151'), ('ELAVL2', 'KEGG:04725'), ('ELAVL2', 'KEGG:04014'), ('ELAVL2', 'KEGG:04713'), ('ELAVL2', 'KEGG:04926'), ('MTPN', 'KEGG:04725')]",0.7272727272727273,0.3417150770513907,luminal-b,functional_impact; pathway_reach; redundancy_coefficient,3.0
hsa-miR-26a-5p,hsa-miR-26a-5p,MicroRNA,1.0,0,1,0.0129294214504902,0.1767068273092369,0.007537688442211,0.0,"[('NAV1', 'KEGG:05200'), ('NAV1', 'KEGG:01521'), ('NAV1', 'KEGG:04010'), ('NAV1', 'KEGG:04151'), ('NAV1', 'KEGG:04510'), ('NAV1', 'KEGG:05215'), ('NAV1', 'KEGG:05205'), ('NAV1', 'KEGG:04550'), ('NAV1', 'KEGG:04150'), ('NAV1', 'KEGG:05214'), ('NAV1', 'KEGG:04014'), ('NAV1', 'KEGG:05218'), ('NAV1', 'KEGG:01522'), ('NAV1', 'KEGG:04152'), ('NAV1', 'KEGG:04144'), ('NAV1', 'KEGG:05224'), ('NAV1', 'KEGG:04068'), ('NAV1', 'KEGG:05202'), ('NAV1', 'KEGG:04140'), ('NAV1', 'KEGG:05225'), ('NAV1', 'KEGG:04520'), ('ELAVL2', 'KEGG:05200'), ('ELAVL2', 'KEGG:04010'), ('ELAVL2', 'KEGG:04151'), ('ELAVL2', 'KEGG:04725'), ('ELAVL2', 'KEGG:04014'), ('ELAVL2', 'KEGG:04713'), ('ELAVL2', 'KEGG:04926'), ('MTPN', 'KEGG:04725')]",0.7272727272727273,0.3417150770513907,luminal-b,functional_impact; pathway_reach; redundancy_coefficient,3.0
hsa-miR-26a-5p,hsa-miR-26a-5p,MicroRNA,1.0,0,1,0.0129294214504902,0.1767068273092369,0.007537688442211,0.0,"[('NAV1', 'KEGG:05200'), ('NAV1', 'KEGG:01521'), ('NAV1', 'KEGG:04010'), ('NAV1', 'KEGG:04151'), ('NAV1', 'KEGG:04510'), ('NAV1', 'KEGG:05215'), ('NAV1', 'KEGG:05205'), ('NAV1', 'KEGG:04550'), ('NAV1', 'KEGG:04150'), ('NAV1', 'KEGG:05214'), ('NAV1', 'KEGG:04014'), ('NAV1', 'KEGG:05218'), ('NAV1', 'KEGG:01522'), ('NAV1', 'KEGG:04152'), ('NAV1', 'KEGG:04144'), ('NAV1', 'KEGG:05224'), ('NAV1', 'KEGG:04068'), ('NAV1', 'KEGG:05202'), ('NAV1', 'KEGG:04140'), ('NAV1', 'KEGG:05225'), ('NAV1', 'KEGG:04520'), ('ELAVL2', 'KEGG:05200'), ('ELAVL2', 'KEGG:04010'), ('ELAVL2', 'KEGG:04151'), ('ELAVL2', 'KEGG:04725'), ('ELAVL2', 'KEGG:04014'), ('ELAVL2', 'KEGG:04713'), ('ELAVL2', 'KEGG:04926'), ('MTPN', 'KEGG:04725')]",0.7272727272727273,0.3417150770513907,luminal-b,functional_impact; pathway_reach; redundancy_coefficient,3.0
hsa-miR-26a-5p,hsa-miR-26a-5p,MicroRNA,1.0,0,1,0.0129294214504902,0.1767068273092369,0.007537688442211,0.0,"[('NAV1', 'KEGG:05200'), ('NAV1', 'KEGG:01521'), ('NAV1', 'KEGG:04010'), ('NAV1', 'KEGG:04151'), ('NAV1', 'KEGG:04510'), ('NAV1', 'KEGG:05215'), ('NAV1', 'KEGG:05205'), ('NAV1', 'KEGG:04550'), ('NAV1', 'KEGG:04150'), ('NAV1', 'KEGG:05214'), ('NAV1', 'KEGG:04014'), ('NAV1', 'KEGG:05218'), ('NAV1', 'KEGG:01522'), ('NAV1', 'KEGG:04152'), ('NAV1', 'KEGG:04144'), ('NAV1', 'KEGG:05224'), ('NAV1', 'KEGG:04068'), ('NAV1', 'KEGG:05202'), ('NAV1', 'KEGG:04140'), ('NAV1', 'KEGG:05225'), ('NAV1', 'KEGG:04520'), ('ELAVL2', 'KEGG:05200'), ('ELAVL2', 'KEGG:04010'), ('ELAVL2', 'KEGG:04151'), ('ELAVL2', 'KEGG:04725'), ('ELAVL2', 'KEGG:04014'), ('ELAVL2', 'KEGG:04713'), ('ELAVL2', 'KEGG:04926'), ('MTPN', 'KEGG:04725')]",0.7272727272727273,0.3417150770513907,luminal-b,functional_impact; pathway_reach; redundancy_coefficient,3.0
hsa-miR-26a-5p,hsa-miR-26a-5p,MicroRNA,1.0,0,1,0.0129294214504902,0.1767068273092369,0.007537688442211,0.0,"[('NAV1', 'KEGG:05200'), ('NAV1', 'KEGG:01521'), ('NAV1', 'KEGG:04010'), ('NAV1', 'KEGG:04151'), ('NAV1', 'KEGG:04510'), ('NAV1', 'KEGG:05215'), ('NAV1', 'KEGG:05205'), ('NAV1', 'KEGG:04550'), ('NAV1', 'KEGG:04150'), ('NAV1', 'KEGG:05214'), ('NAV1', 'KEGG:04014'), ('NAV1', 'KEGG:05218'), ('NAV1', 'KEGG:01522'), ('NAV1', 'KEGG:04152'), ('NAV1', 'KEGG:04144'), ('NAV1', 'KEGG:05224'), ('NAV1', 'KEGG:04068'), ('NAV1', 'KEGG:05202'), ('NAV1', 'KEGG:04140'), ('NAV1', 'KEGG:05225'), ('NAV1', 'KEGG:04520'), ('ELAVL2', 'KEGG:05200'), ('ELAVL2', 'KEGG:04010'), ('ELAVL2', 'KEGG:04151'), ('ELAVL2', 'KEGG:04725'), ('ELAVL2', 'KEGG:04014'), ('ELAVL2', 'KEGG:04713'), ('ELAVL2', 'KEGG:04926'), ('MTPN', 'KEGG:04725')]",0.7272727272727273,0.3417150770513907,luminal-b,functional_impact; pathway_reach; redundancy_coefficient,3.0
hsa-miR-26a-5p,hsa-miR-26a-5p,MicroRNA,1.0,0,1,0.0129294214504902,0.1767068273092369,0.007537688442211,0.0,"[('NAV1', 'KEGG:05200'), ('NAV1', 'KEGG:01521'), ('NAV1', 'KEGG:04010'), ('NAV1', 'KEGG:04151'), ('NAV1', 'KEGG:04510'), ('NAV1', 'KEGG:05215'), ('NAV1', 'KEGG:05205'), ('NAV1', 'KEGG:04550'), ('NAV1', 'KEGG:04150'), ('NAV1', 'KEGG:05214'), ('NAV1', 'KEGG:04014'), ('NAV1', 'KEGG:05218'), ('NAV1', 'KEGG:01522'), ('NAV1', 'KEGG:04152'), ('NAV1', 'KEGG:04144'), ('NAV1', 'KEGG:05224'), ('NAV1', 'KEGG:04068'), ('NAV1', 'KEGG:05202'), ('NAV1', 'KEGG:04140'), ('NAV1', 'KEGG:05225'), ('NAV1', 'KEGG:04520'), ('ELAVL2', 'KEGG:05200'), ('ELAVL2', 'KEGG:04010'), ('ELAVL2', 'KEGG:04151'), ('ELAVL2', 'KEGG:04725'), ('ELAVL2', 'KEGG:04014'), ('ELAVL2', 'KEGG:04713'), ('ELAVL2', 'KEGG:04926'), ('MTPN', 'KEGG:04725')]",0.7272727272727273,0.3417150770513907,luminal-b,functional_impact; pathway_reach; redundancy_coefficient,3.0
hsa-miR-26a-5p,hsa-miR-26a-5p,MicroRNA,1.0,0,1,0.0129294214504902,0.1767068273092369,0.007537688442211,0.0,"[('NAV1', 'KEGG:05200'), ('NAV1', 'KEGG:01521'), ('NAV1', 'KEGG:04010'), ('NAV1', 'KEGG:04151'), ('NAV1', 'KEGG:04510'), ('NAV1', 'KEGG:05215'), ('NAV1', 'KEGG:05205'), ('NAV1', 'KEGG:04550'), ('NAV1', 'KEGG:04150'), ('NAV1', 'KEGG:05214'), ('NAV1', 'KEGG:04014'), ('NAV1', 'KEGG:05218'), ('NAV1', 'KEGG:01522'), ('NAV1', 'KEGG:04152'), ('NAV1', 'KEGG:04144'), ('NAV1', 'KEGG:05224'), ('NAV1', 'KEGG:04068'), ('NAV1', 'KEGG:05202'), ('NAV1', 'KEGG:04140'), ('NAV1', 'KEGG:05225'), ('NAV1', 'KEGG:04520'), ('ELAVL2', 'KEGG:05200'), ('ELAVL2', 'KEGG:04010'), ('ELAVL2', 'KEGG:04151'), ('ELAVL2', 'KEGG:04725'), ('ELAVL2', 'KEGG:04014'), ('ELAVL2', 'KEGG:04713'), ('ELAVL2', 'KEGG:04926'), ('MTPN', 'KEGG:04725')]",0.7272727272727273,0.3417150770513907,luminal-b,functional_impact; pathway_reach; redundancy_coefficient,3.0
hsa-miR-26a-5p,hsa-miR-26a-5p,MicroRNA,1.0,0,1,0.0129294214504902,0.1767068273092369,0.007537688442211,0.0,"[('NAV1', 'KEGG:05200'), ('NAV1', 'KEGG:01521'), ('NAV1', 'KEGG:04010'), ('NAV1', 'KEGG:04151'), ('NAV1', 'KEGG:04510'), ('NAV1', 'KEGG:05215'), ('NAV1', 'KEGG:05205'), ('NAV1', 'KEGG:04550'), ('NAV1', 'KEGG:04150'), ('NAV1', 'KEGG:05214'), ('NAV1', 'KEGG:04014'), ('NAV1', 'KEGG:05218'), ('NAV1', 'KEGG:01522'), ('NAV1', 'KEGG:04152'), ('NAV1', 'KEGG:04144'), ('NAV1', 'KEGG:05224'), ('NAV1', 'KEGG:04068'), ('NAV1', 'KEGG:05202'), ('NAV1', 'KEGG:04140'), ('NAV1', 'KEGG:05225'), ('NAV1', 'KEGG:04520'), ('ELAVL2', 'KEGG:05200'), ('ELAVL2', 'KEGG:04010'), ('ELAVL2', 'KEGG:04151'), ('ELAVL2', 'KEGG:04725'), ('ELAVL2', 'KEGG:04014'), ('ELAVL2', 'KEGG:04713'), ('ELAVL2', 'KEGG:04926'), ('MTPN', 'KEGG:04725')]",0.7272727272727273,0.3417150770513907,luminal-b,functional_impact; pathway_reach; redundancy_coefficient,3.0
hsa-let-7d-5p,hsa-let-7d-5p,MicroRNA,1.0,0,1,0.0420898481645029,0.2160392798690671,0.0100502512562814,0.0,"[('PDE12', 'KEGG:05161')]",0.0303030303030303,0.2868951980545038,luminal-b,redundancy_coefficient,1.0
hsa-let-7i-5p,hsa-let-7i-5p,MicroRNA,1.0,0,1,0.0117652871775386,0.1795918367346938,0.007537688442211,0.0,"[('MSI2', 'KEGG:04010'), ('MSI2', 'KEGG:04725'), ('MSI2', 'KEGG:04713'), ('MSI2', 'KEGG:04720')]",0.1212121212121212,0.3370791240031621,luminal-b,functional_impact; redundancy_coefficient,2.0
hsa-let-7i-5p,hsa-let-7i-5p,MicroRNA,1.0,0,1,0.0117652871775386,0.1795918367346938,0.007537688442211,0.0,"[('MSI2', 'KEGG:04010'), ('MSI2', 'KEGG:04725'), ('MSI2', 'KEGG:04713'), ('MSI2', 'KEGG:04720')]",0.1212121212121212,0.3370791240031621,luminal-b,functional_impact; redundancy_coefficient,2.0
hsa-let-7i-5p,hsa-let-7i-5p,MicroRNA,1.0,0,1,0.0117652871775386,0.1795918367346938,0.007537688442211,0.0,"[('MSI2', 'KEGG:04010'), ('MSI2', 'KEGG:04725'), ('MSI2', 'KEGG:04713'), ('MSI2', 'KEGG:04720')]",0.1212121212121212,0.3370791240031621,luminal-b,functional_impact; redundancy_coefficient,2.0
hsa-let-7i-5p,hsa-let-7i-5p,MicroRNA,1.0,0,1,0.0117652871775386,0.1795918367346938,0.007537688442211,0.0,"[('MSI2', 'KEGG:04010'), ('MSI2', 'KEGG:04725'), ('MSI2', 'KEGG:04713'), ('MSI2', 'KEGG:04720')]",0.1212121212121212,0.3370791240031621,luminal-b,functional_impact; redundancy_coefficient,2.0
hsa-miR-23b-3p,hsa-miR-23b-3p,MicroRNA,1.0,0,1,0.0172329915425492,0.1742574257425742,0.0125628140703517,0.0,"[('FBXO28', 'KEGG:04150')]",0.0303030303030303,0.3110660773065726,luminal-b,redundancy_coefficient,1.0
hsa-miR-185-5p,hsa-miR-185-5p,MicroRNA,1.0,22,0,,,,,"[('NFIX', 'KEGG:05200'), ('NFIX', 'KEGG:01521'), ('NFIX', 'KEGG:04010'), ('NFIX', 'KEGG:04151'), ('NFIX', 'KEGG:04510'), ('NFIX', 'KEGG:05215'), ('NFIX', 'KEGG:05205'), ('NFIX', 'KEGG:04550'), ('NFIX', 'KEGG:04150'), ('NFIX', 'KEGG:05222'), ('NFIX', 'KEGG:04725'), ('NFIX', 'KEGG:05214'), ('NFIX', 'KEGG:04014'), ('NFIX', 'KEGG:04218'), ('NFIX', 'KEGG:04380'), ('NFIX', 'KEGG:05218'), ('NFIX', 'KEGG:05161'), ('NFIX', 'KEGG:01522'), ('NFIX', 'KEGG:04722'), ('NFIX', 'KEGG:04152'), ('NFIX', 'KEGG:05224'), ('NFIX', 'KEGG:04926'), ('NFIX', 'KEGG:04012'), ('NFIX', 'KEGG:04068'), ('NFIX', 'KEGG:04630'), ('NFIX', 'KEGG:04140'), ('NFIX', 'KEGG:05225')]",0.8181818181818182,0.3384997123678613,luminal-b,functional_impact; pathway_reach,2.0
hsa-miR-185-5p,hsa-miR-185-5p,MicroRNA,1.0,22,0,,,,,"[('NFIX', 'KEGG:05200'), ('NFIX', 'KEGG:01521'), ('NFIX', 'KEGG:04010'), ('NFIX', 'KEGG:04151'), ('NFIX', 'KEGG:04510'), ('NFIX', 'KEGG:05215'), ('NFIX', 'KEGG:05205'), ('NFIX', 'KEGG:04550'), ('NFIX', 'KEGG:04150'), ('NFIX', 'KEGG:05222'), ('NFIX', 'KEGG:04725'), ('NFIX', 'KEGG:05214'), ('NFIX', 'KEGG:04014'), ('NFIX', 'KEGG:04218'), ('NFIX', 'KEGG:04380'), ('NFIX', 'KEGG:05218'), ('NFIX', 'KEGG:05161'), ('NFIX', 'KEGG:01522'), ('NFIX', 'KEGG:04722'), ('NFIX', 'KEGG:04152'), ('NFIX', 'KEGG:05224'), ('NFIX', 'KEGG:04926'), ('NFIX', 'KEGG:04012'), ('NFIX', 'KEGG:04068'), ('NFIX', 'KEGG:04630'), ('NFIX', 'KEGG:04140'), ('NFIX', 'KEGG:05225')]",0.8181818181818182,0.3384997123678613,luminal-b,functional_impact; pathway_reach,2.0
hsa-miR-185-5p,hsa-miR-185-5p,MicroRNA,1.0,22,0,,,,,"[('NFIX', 'KEGG:05200'), ('NFIX', 'KEGG:01521'), ('NFIX', 'KEGG:04010'), ('NFIX', 'KEGG:04151'), ('NFIX', 'KEGG:04510'), ('NFIX', 'KEGG:05215'), ('NFIX', 'KEGG:05205'), ('NFIX', 'KEGG:04550'), ('NFIX', 'KEGG:04150'), ('NFIX', 'KEGG:05222'), ('NFIX', 'KEGG:04725'), ('NFIX', 'KEGG:05214'), ('NFIX', 'KEGG:04014'), ('NFIX', 'KEGG:04218'), ('NFIX', 'KEGG:04380'), ('NFIX', 'KEGG:05218'), ('NFIX', 'KEGG:05161'), ('NFIX', 'KEGG:01522'), ('NFIX', 'KEGG:04722'), ('NFIX', 'KEGG:04152'), ('NFIX', 'KEGG:05224'), ('NFIX', 'KEGG:04926'), ('NFIX', 'KEGG:04012'), ('NFIX', 'KEGG:04068'), ('NFIX', 'KEGG:04630'), ('NFIX', 'KEGG:04140'), ('NFIX', 'KEGG:05225')]",0.8181818181818182,0.3384997123678613,luminal-b,functional_impact; pathway_reach,2.0
hsa-miR-185-5p,hsa-miR-185-5p,MicroRNA,1.0,22,0,,,,,"[('NFIX', 'KEGG:05200'), ('NFIX', 'KEGG:01521'), ('NFIX', 'KEGG:04010'), ('NFIX', 'KEGG:04151'), ('NFIX', 'KEGG:04510'), ('NFIX', 'KEGG:05215'), ('NFIX', 'KEGG:05205'), ('NFIX', 'KEGG:04550'), ('NFIX', 'KEGG:04150'), ('NFIX', 'KEGG:05222'), ('NFIX', 'KEGG:04725'), ('NFIX', 'KEGG:05214'), ('NFIX', 'KEGG:04014'), ('NFIX', 'KEGG:04218'), ('NFIX', 'KEGG:04380'), ('NFIX', 'KEGG:05218'), ('NFIX', 'KEGG:05161'), ('NFIX', 'KEGG:01522'), ('NFIX', 'KEGG:04722'), ('NFIX', 'KEGG:04152'), ('NFIX', 'KEGG:05224'), ('NFIX', 'KEGG:04926'), ('NFIX', 'KEGG:04012'), ('NFIX', 'KEGG:04068'), ('NFIX', 'KEGG:04630'), ('NFIX', 'KEGG:04140'), ('NFIX', 'KEGG:05225')]",0.8181818181818182,0.3384997123678613,luminal-b,functional_impact; pathway_reach,2.0
hsa-miR-185-5p,hsa-miR-185-5p,MicroRNA,1.0,22,0,,,,,"[('NFIX', 'KEGG:05200'), ('NFIX', 'KEGG:01521'), ('NFIX', 'KEGG:04010'), ('NFIX', 'KEGG:04151'), ('NFIX', 'KEGG:04510'), ('NFIX', 'KEGG:05215'), ('NFIX', 'KEGG:05205'), ('NFIX', 'KEGG:04550'), ('NFIX', 'KEGG:04150'), ('NFIX', 'KEGG:05222'), ('NFIX', 'KEGG:04725'), ('NFIX', 'KEGG:05214'), ('NFIX', 'KEGG:04014'), ('NFIX', 'KEGG:04218'), ('NFIX', 'KEGG:04380'), ('NFIX', 'KEGG:05218'), ('NFIX', 'KEGG:05161'), ('NFIX', 'KEGG:01522'), ('NFIX', 'KEGG:04722'), ('NFIX', 'KEGG:04152'), ('NFIX', 'KEGG:05224'), ('NFIX', 'KEGG:04926'), ('NFIX', 'KEGG:04012'), ('NFIX', 'KEGG:04068'), ('NFIX', 'KEGG:04630'), ('NFIX', 'KEGG:04140'), ('NFIX', 'KEGG:05225')]",0.8181818181818182,0.3384997123678613,luminal-b,functional_impact; pathway_reach,2.0
hsa-miR-185-5p,hsa-miR-185-5p,MicroRNA,1.0,22,0,,,,,"[('NFIX', 'KEGG:05200'), ('NFIX', 'KEGG:01521'), ('NFIX', 'KEGG:04010'), ('NFIX', 'KEGG:04151'), ('NFIX', 'KEGG:04510'), ('NFIX', 'KEGG:05215'), ('NFIX', 'KEGG:05205'), ('NFIX', 'KEGG:04550'), ('NFIX', 'KEGG:04150'), ('NFIX', 'KEGG:05222'), ('NFIX', 'KEGG:04725'), ('NFIX', 'KEGG:05214'), ('NFIX', 'KEGG:04014'), ('NFIX', 'KEGG:04218'), ('NFIX', 'KEGG:04380'), ('NFIX', 'KEGG:05218'), ('NFIX', 'KEGG:05161'), ('NFIX', 'KEGG:01522'), ('NFIX', 'KEGG:04722'), ('NFIX', 'KEGG:04152'), ('NFIX', 'KEGG:05224'), ('NFIX', 'KEGG:04926'), ('NFIX', 'KEGG:04012'), ('NFIX', 'KEGG:04068'), ('NFIX', 'KEGG:04630'), ('NFIX', 'KEGG:04140'), ('NFIX', 'KEGG:05225')]",0.8181818181818182,0.3384997123678613,luminal-b,functional_impact; pathway_reach,2.0
hsa-miR-185-5p,hsa-miR-185-5p,MicroRNA,1.0,22,0,,,,,"[('NFIX', 'KEGG:05200'), ('NFIX', 'KEGG:01521'), ('NFIX', 'KEGG:04010'), ('NFIX', 'KEGG:04151'), ('NFIX', 'KEGG:04510'), ('NFIX', 'KEGG:05215'), ('NFIX', 'KEGG:05205'), ('NFIX', 'KEGG:04550'), ('NFIX', 'KEGG:04150'), ('NFIX', 'KEGG:05222'), ('NFIX', 'KEGG:04725'), ('NFIX', 'KEGG:05214'), ('NFIX', 'KEGG:04014'), ('NFIX', 'KEGG:04218'), ('NFIX', 'KEGG:04380'), ('NFIX', 'KEGG:05218'), ('NFIX', 'KEGG:05161'), ('NFIX', 'KEGG:01522'), ('NFIX', 'KEGG:04722'), ('NFIX', 'KEGG:04152'), ('NFIX', 'KEGG:05224'), ('NFIX', 'KEGG:04926'), ('NFIX', 'KEGG:04012'), ('NFIX', 'KEGG:04068'), ('NFIX', 'KEGG:04630'), ('NFIX', 'KEGG:04140'), ('NFIX', 'KEGG:05225')]",0.8181818181818182,0.3384997123678613,luminal-b,functional_impact; pathway_reach,2.0
hsa-miR-185-5p,hsa-miR-185-5p,MicroRNA,1.0,22,0,,,,,"[('NFIX', 'KEGG:05200'), ('NFIX', 'KEGG:01521'), ('NFIX', 'KEGG:04010'), ('NFIX', 'KEGG:04151'), ('NFIX', 'KEGG:04510'), ('NFIX', 'KEGG:05215'), ('NFIX', 'KEGG:05205'), ('NFIX', 'KEGG:04550'), ('NFIX', 'KEGG:04150'), ('NFIX', 'KEGG:05222'), ('NFIX', 'KEGG:04725'), ('NFIX', 'KEGG:05214'), ('NFIX', 'KEGG:04014'), ('NFIX', 'KEGG:04218'), ('NFIX', 'KEGG:04380'), ('NFIX', 'KEGG:05218'), ('NFIX', 'KEGG:05161'), ('NFIX', 'KEGG:01522'), ('NFIX', 'KEGG:04722'), ('NFIX', 'KEGG:04152'), ('NFIX', 'KEGG:05224'), ('NFIX', 'KEGG:04926'), ('NFIX', 'KEGG:04012'), ('NFIX', 'KEGG:04068'), ('NFIX', 'KEGG:04630'), ('NFIX', 'KEGG:04140'), ('NFIX', 'KEGG:05225')]",0.8181818181818182,0.3384997123678613,luminal-b,functional_impact; pathway_reach,2.0
hsa-miR-185-5p,hsa-miR-185-5p,MicroRNA,1.0,22,0,,,,,"[('NFIX', 'KEGG:05200'), ('NFIX', 'KEGG:01521'), ('NFIX', 'KEGG:04010'), ('NFIX', 'KEGG:04151'), ('NFIX', 'KEGG:04510'), ('NFIX', 'KEGG:05215'), ('NFIX', 'KEGG:05205'), ('NFIX', 'KEGG:04550'), ('NFIX', 'KEGG:04150'), ('NFIX', 'KEGG:05222'), ('NFIX', 'KEGG:04725'), ('NFIX', 'KEGG:05214'), ('NFIX', 'KEGG:04014'), ('NFIX', 'KEGG:04218'), ('NFIX', 'KEGG:04380'), ('NFIX', 'KEGG:05218'), ('NFIX', 'KEGG:05161'), ('NFIX', 'KEGG:01522'), ('NFIX', 'KEGG:04722'), ('NFIX', 'KEGG:04152'), ('NFIX', 'KEGG:05224'), ('NFIX', 'KEGG:04926'), ('NFIX', 'KEGG:04012'), ('NFIX', 'KEGG:04068'), ('NFIX', 'KEGG:04630'), ('NFIX', 'KEGG:04140'), ('NFIX', 'KEGG:05225')]",0.8181818181818182,0.3384997123678613,luminal-b,functional_impact; pathway_reach,2.0
hsa-miR-185-5p,hsa-miR-185-5p,MicroRNA,1.0,22,0,,,,,"[('NFIX', 'KEGG:05200'), ('NFIX', 'KEGG:01521'), ('NFIX', 'KEGG:04010'), ('NFIX', 'KEGG:04151'), ('NFIX', 'KEGG:04510'), ('NFIX', 'KEGG:05215'), ('NFIX', 'KEGG:05205'), ('NFIX', 'KEGG:04550'), ('NFIX', 'KEGG:04150'), ('NFIX', 'KEGG:05222'), ('NFIX', 'KEGG:04725'), ('NFIX', 'KEGG:05214'), ('NFIX', 'KEGG:04014'), ('NFIX', 'KEGG:04218'), ('NFIX', 'KEGG:04380'), ('NFIX', 'KEGG:05218'), ('NFIX', 'KEGG:05161'), ('NFIX', 'KEGG:01522'), ('NFIX', 'KEGG:04722'), ('NFIX', 'KEGG:04152'), ('NFIX', 'KEGG:05224'), ('NFIX', 'KEGG:04926'), ('NFIX', 'KEGG:04012'), ('NFIX', 'KEGG:04068'), ('NFIX', 'KEGG:04630'), ('NFIX', 'KEGG:04140'), ('NFIX', 'KEGG:05225')]",0.8181818181818182,0.3384997123678613,luminal-b,functional_impact; pathway_reach,2.0
hsa-miR-185-5p,hsa-miR-185-5p,MicroRNA,1.0,22,0,,,,,"[('NFIX', 'KEGG:05200'), ('NFIX', 'KEGG:01521'), ('NFIX', 'KEGG:04010'), ('NFIX', 'KEGG:04151'), ('NFIX', 'KEGG:04510'), ('NFIX', 'KEGG:05215'), ('NFIX', 'KEGG:05205'), ('NFIX', 'KEGG:04550'), ('NFIX', 'KEGG:04150'), ('NFIX', 'KEGG:05222'), ('NFIX', 'KEGG:04725'), ('NFIX', 'KEGG:05214'), ('NFIX', 'KEGG:04014'), ('NFIX', 'KEGG:04218'), ('NFIX', 'KEGG:04380'), ('NFIX', 'KEGG:05218'), ('NFIX', 'KEGG:05161'), ('NFIX', 'KEGG:01522'), ('NFIX', 'KEGG:04722'), ('NFIX', 'KEGG:04152'), ('NFIX', 'KEGG:05224'), ('NFIX', 'KEGG:04926'), ('NFIX', 'KEGG:04012'), ('NFIX', 'KEGG:04068'), ('NFIX', 'KEGG:04630'), ('NFIX', 'KEGG:04140'), ('NFIX', 'KEGG:05225')]",0.8181818181818182,0.3384997123678613,luminal-b,functional_impact; pathway_reach,2.0
hsa-miR-185-5p,hsa-miR-185-5p,MicroRNA,1.0,22,0,,,,,"[('NFIX', 'KEGG:05200'), ('NFIX', 'KEGG:01521'), ('NFIX', 'KEGG:04010'), ('NFIX', 'KEGG:04151'), ('NFIX', 'KEGG:04510'), ('NFIX', 'KEGG:05215'), ('NFIX', 'KEGG:05205'), ('NFIX', 'KEGG:04550'), ('NFIX', 'KEGG:04150'), ('NFIX', 'KEGG:05222'), ('NFIX', 'KEGG:04725'), ('NFIX', 'KEGG:05214'), ('NFIX', 'KEGG:04014'), ('NFIX', 'KEGG:04218'), ('NFIX', 'KEGG:04380'), ('NFIX', 'KEGG:05218'), ('NFIX', 'KEGG:05161'), ('NFIX', 'KEGG:01522'), ('NFIX', 'KEGG:04722'), ('NFIX', 'KEGG:04152'), ('NFIX', 'KEGG:05224'), ('NFIX', 'KEGG:04926'), ('NFIX', 'KEGG:04012'), ('NFIX', 'KEGG:04068'), ('NFIX', 'KEGG:04630'), ('NFIX', 'KEGG:04140'), ('NFIX', 'KEGG:05225')]",0.8181818181818182,0.3384997123678613,luminal-b,functional_impact; pathway_reach,2.0
hsa-miR-185-5p,hsa-miR-185-5p,MicroRNA,1.0,22,0,,,,,"[('NFIX', 'KEGG:05200'), ('NFIX', 'KEGG:01521'), ('NFIX', 'KEGG:04010'), ('NFIX', 'KEGG:04151'), ('NFIX', 'KEGG:04510'), ('NFIX', 'KEGG:05215'), ('NFIX', 'KEGG:05205'), ('NFIX', 'KEGG:04550'), ('NFIX', 'KEGG:04150'), ('NFIX', 'KEGG:05222'), ('NFIX', 'KEGG:04725'), ('NFIX', 'KEGG:05214'), ('NFIX', 'KEGG:04014'), ('NFIX', 'KEGG:04218'), ('NFIX', 'KEGG:04380'), ('NFIX', 'KEGG:05218'), ('NFIX', 'KEGG:05161'), ('NFIX', 'KEGG:01522'), ('NFIX', 'KEGG:04722'), ('NFIX', 'KEGG:04152'), ('NFIX', 'KEGG:05224'), ('NFIX', 'KEGG:04926'), ('NFIX', 'KEGG:04012'), ('NFIX', 'KEGG:04068'), ('NFIX', 'KEGG:04630'), ('NFIX', 'KEGG:04140'), ('NFIX', 'KEGG:05225')]",0.8181818181818182,0.3384997123678613,luminal-b,functional_impact; pathway_reach,2.0
hsa-miR-185-5p,hsa-miR-185-5p,MicroRNA,1.0,22,0,,,,,"[('NFIX', 'KEGG:05200'), ('NFIX', 'KEGG:01521'), ('NFIX', 'KEGG:04010'), ('NFIX', 'KEGG:04151'), ('NFIX', 'KEGG:04510'), ('NFIX', 'KEGG:05215'), ('NFIX', 'KEGG:05205'), ('NFIX', 'KEGG:04550'), ('NFIX', 'KEGG:04150'), ('NFIX', 'KEGG:05222'), ('NFIX', 'KEGG:04725'), ('NFIX', 'KEGG:05214'), ('NFIX', 'KEGG:04014'), ('NFIX', 'KEGG:04218'), ('NFIX', 'KEGG:04380'), ('NFIX', 'KEGG:05218'), ('NFIX', 'KEGG:05161'), ('NFIX', 'KEGG:01522'), ('NFIX', 'KEGG:04722'), ('NFIX', 'KEGG:04152'), ('NFIX', 'KEGG:05224'), ('NFIX', 'KEGG:04926'), ('NFIX', 'KEGG:04012'), ('NFIX', 'KEGG:04068'), ('NFIX', 'KEGG:04630'), ('NFIX', 'KEGG:04140'), ('NFIX', 'KEGG:05225')]",0.8181818181818182,0.3384997123678613,luminal-b,functional_impact; pathway_reach,2.0
hsa-miR-185-5p,hsa-miR-185-5p,MicroRNA,1.0,22,0,,,,,"[('NFIX', 'KEGG:05200'), ('NFIX', 'KEGG:01521'), ('NFIX', 'KEGG:04010'), ('NFIX', 'KEGG:04151'), ('NFIX', 'KEGG:04510'), ('NFIX', 'KEGG:05215'), ('NFIX', 'KEGG:05205'), ('NFIX', 'KEGG:04550'), ('NFIX', 'KEGG:04150'), ('NFIX', 'KEGG:05222'), ('NFIX', 'KEGG:04725'), ('NFIX', 'KEGG:05214'), ('NFIX', 'KEGG:04014'), ('NFIX', 'KEGG:04218'), ('NFIX', 'KEGG:04380'), ('NFIX', 'KEGG:05218'), ('NFIX', 'KEGG:05161'), ('NFIX', 'KEGG:01522'), ('NFIX', 'KEGG:04722'), ('NFIX', 'KEGG:04152'), ('NFIX', 'KEGG:05224'), ('NFIX', 'KEGG:04926'), ('NFIX', 'KEGG:04012'), ('NFIX', 'KEGG:04068'), ('NFIX', 'KEGG:04630'), ('NFIX', 'KEGG:04140'), ('NFIX', 'KEGG:05225')]",0.8181818181818182,0.3384997123678613,luminal-b,functional_impact; pathway_reach,2.0
hsa-miR-185-5p,hsa-miR-185-5p,MicroRNA,1.0,22,0,,,,,"[('NFIX', 'KEGG:05200'), ('NFIX', 'KEGG:01521'), ('NFIX', 'KEGG:04010'), ('NFIX', 'KEGG:04151'), ('NFIX', 'KEGG:04510'), ('NFIX', 'KEGG:05215'), ('NFIX', 'KEGG:05205'), ('NFIX', 'KEGG:04550'), ('NFIX', 'KEGG:04150'), ('NFIX', 'KEGG:05222'), ('NFIX', 'KEGG:04725'), ('NFIX', 'KEGG:05214'), ('NFIX', 'KEGG:04014'), ('NFIX', 'KEGG:04218'), ('NFIX', 'KEGG:04380'), ('NFIX', 'KEGG:05218'), ('NFIX', 'KEGG:05161'), ('NFIX', 'KEGG:01522'), ('NFIX', 'KEGG:04722'), ('NFIX', 'KEGG:04152'), ('NFIX', 'KEGG:05224'), ('NFIX', 'KEGG:04926'), ('NFIX', 'KEGG:04012'), ('NFIX', 'KEGG:04068'), ('NFIX', 'KEGG:04630'), ('NFIX', 'KEGG:04140'), ('NFIX', 'KEGG:05225')]",0.8181818181818182,0.3384997123678613,luminal-b,functional_impact; pathway_reach,2.0
hsa-miR-185-5p,hsa-miR-185-5p,MicroRNA,1.0,22,0,,,,,"[('NFIX', 'KEGG:05200'), ('NFIX', 'KEGG:01521'), ('NFIX', 'KEGG:04010'), ('NFIX', 'KEGG:04151'), ('NFIX', 'KEGG:04510'), ('NFIX', 'KEGG:05215'), ('NFIX', 'KEGG:05205'), ('NFIX', 'KEGG:04550'), ('NFIX', 'KEGG:04150'), ('NFIX', 'KEGG:05222'), ('NFIX', 'KEGG:04725'), ('NFIX', 'KEGG:05214'), ('NFIX', 'KEGG:04014'), ('NFIX', 'KEGG:04218'), ('NFIX', 'KEGG:04380'), ('NFIX', 'KEGG:05218'), ('NFIX', 'KEGG:05161'), ('NFIX', 'KEGG:01522'), ('NFIX', 'KEGG:04722'), ('NFIX', 'KEGG:04152'), ('NFIX', 'KEGG:05224'), ('NFIX', 'KEGG:04926'), ('NFIX', 'KEGG:04012'), ('NFIX', 'KEGG:04068'), ('NFIX', 'KEGG:04630'), ('NFIX', 'KEGG:04140'), ('NFIX', 'KEGG:05225')]",0.8181818181818182,0.3384997123678613,luminal-b,functional_impact; pathway_reach,2.0
hsa-miR-185-5p,hsa-miR-185-5p,MicroRNA,1.0,22,0,,,,,"[('NFIX', 'KEGG:05200'), ('NFIX', 'KEGG:01521'), ('NFIX', 'KEGG:04010'), ('NFIX', 'KEGG:04151'), ('NFIX', 'KEGG:04510'), ('NFIX', 'KEGG:05215'), ('NFIX', 'KEGG:05205'), ('NFIX', 'KEGG:04550'), ('NFIX', 'KEGG:04150'), ('NFIX', 'KEGG:05222'), ('NFIX', 'KEGG:04725'), ('NFIX', 'KEGG:05214'), ('NFIX', 'KEGG:04014'), ('NFIX', 'KEGG:04218'), ('NFIX', 'KEGG:04380'), ('NFIX', 'KEGG:05218'), ('NFIX', 'KEGG:05161'), ('NFIX', 'KEGG:01522'), ('NFIX', 'KEGG:04722'), ('NFIX', 'KEGG:04152'), ('NFIX', 'KEGG:05224'), ('NFIX', 'KEGG:04926'), ('NFIX', 'KEGG:04012'), ('NFIX', 'KEGG:04068'), ('NFIX', 'KEGG:04630'), ('NFIX', 'KEGG:04140'), ('NFIX', 'KEGG:05225')]",0.8181818181818182,0.3384997123678613,luminal-b,functional_impact; pathway_reach,2.0
hsa-miR-185-5p,hsa-miR-185-5p,MicroRNA,1.0,22,0,,,,,"[('NFIX', 'KEGG:05200'), ('NFIX', 'KEGG:01521'), ('NFIX', 'KEGG:04010'), ('NFIX', 'KEGG:04151'), ('NFIX', 'KEGG:04510'), ('NFIX', 'KEGG:05215'), ('NFIX', 'KEGG:05205'), ('NFIX', 'KEGG:04550'), ('NFIX', 'KEGG:04150'), ('NFIX', 'KEGG:05222'), ('NFIX', 'KEGG:04725'), ('NFIX', 'KEGG:05214'), ('NFIX', 'KEGG:04014'), ('NFIX', 'KEGG:04218'), ('NFIX', 'KEGG:04380'), ('NFIX', 'KEGG:05218'), ('NFIX', 'KEGG:05161'), ('NFIX', 'KEGG:01522'), ('NFIX', 'KEGG:04722'), ('NFIX', 'KEGG:04152'), ('NFIX', 'KEGG:05224'), ('NFIX', 'KEGG:04926'), ('NFIX', 'KEGG:04012'), ('NFIX', 'KEGG:04068'), ('NFIX', 'KEGG:04630'), ('NFIX', 'KEGG:04140'), ('NFIX', 'KEGG:05225')]",0.8181818181818182,0.3384997123678613,luminal-b,functional_impact; pathway_reach,2.0
hsa-miR-185-5p,hsa-miR-185-5p,MicroRNA,1.0,22,0,,,,,"[('NFIX', 'KEGG:05200'), ('NFIX', 'KEGG:01521'), ('NFIX', 'KEGG:04010'), ('NFIX', 'KEGG:04151'), ('NFIX', 'KEGG:04510'), ('NFIX', 'KEGG:05215'), ('NFIX', 'KEGG:05205'), ('NFIX', 'KEGG:04550'), ('NFIX', 'KEGG:04150'), ('NFIX', 'KEGG:05222'), ('NFIX', 'KEGG:04725'), ('NFIX', 'KEGG:05214'), ('NFIX', 'KEGG:04014'), ('NFIX', 'KEGG:04218'), ('NFIX', 'KEGG:04380'), ('NFIX', 'KEGG:05218'), ('NFIX', 'KEGG:05161'), ('NFIX', 'KEGG:01522'), ('NFIX', 'KEGG:04722'), ('NFIX', 'KEGG:04152'), ('NFIX', 'KEGG:05224'), ('NFIX', 'KEGG:04926'), ('NFIX', 'KEGG:04012'), ('NFIX', 'KEGG:04068'), ('NFIX', 'KEGG:04630'), ('NFIX', 'KEGG:04140'), ('NFIX', 'KEGG:05225')]",0.8181818181818182,0.3384997123678613,luminal-b,functional_impact; pathway_reach,2.0
hsa-miR-185-5p,hsa-miR-185-5p,MicroRNA,1.0,22,0,,,,,"[('NFIX', 'KEGG:05200'), ('NFIX', 'KEGG:01521'), ('NFIX', 'KEGG:04010'), ('NFIX', 'KEGG:04151'), ('NFIX', 'KEGG:04510'), ('NFIX', 'KEGG:05215'), ('NFIX', 'KEGG:05205'), ('NFIX', 'KEGG:04550'), ('NFIX', 'KEGG:04150'), ('NFIX', 'KEGG:05222'), ('NFIX', 'KEGG:04725'), ('NFIX', 'KEGG:05214'), ('NFIX', 'KEGG:04014'), ('NFIX', 'KEGG:04218'), ('NFIX', 'KEGG:04380'), ('NFIX', 'KEGG:05218'), ('NFIX', 'KEGG:05161'), ('NFIX', 'KEGG:01522'), ('NFIX', 'KEGG:04722'), ('NFIX', 'KEGG:04152'), ('NFIX', 'KEGG:05224'), ('NFIX', 'KEGG:04926'), ('NFIX', 'KEGG:04012'), ('NFIX', 'KEGG:04068'), ('NFIX', 'KEGG:04630'), ('NFIX', 'KEGG:04140'), ('NFIX', 'KEGG:05225')]",0.8181818181818182,0.3384997123678613,luminal-b,functional_impact; pathway_reach,2.0
hsa-miR-185-5p,hsa-miR-185-5p,MicroRNA,1.0,22,0,,,,,"[('NFIX', 'KEGG:05200'), ('NFIX', 'KEGG:01521'), ('NFIX', 'KEGG:04010'), ('NFIX', 'KEGG:04151'), ('NFIX', 'KEGG:04510'), ('NFIX', 'KEGG:05215'), ('NFIX', 'KEGG:05205'), ('NFIX', 'KEGG:04550'), ('NFIX', 'KEGG:04150'), ('NFIX', 'KEGG:05222'), ('NFIX', 'KEGG:04725'), ('NFIX', 'KEGG:05214'), ('NFIX', 'KEGG:04014'), ('NFIX', 'KEGG:04218'), ('NFIX', 'KEGG:04380'), ('NFIX', 'KEGG:05218'), ('NFIX', 'KEGG:05161'), ('NFIX', 'KEGG:01522'), ('NFIX', 'KEGG:04722'), ('NFIX', 'KEGG:04152'), ('NFIX', 'KEGG:05224'), ('NFIX', 'KEGG:04926'), ('NFIX', 'KEGG:04012'), ('NFIX', 'KEGG:04068'), ('NFIX', 'KEGG:04630'), ('NFIX', 'KEGG:04140'), ('NFIX', 'KEGG:05225')]",0.8181818181818182,0.3384997123678613,luminal-b,functional_impact; pathway_reach,2.0
hsa-miR-185-5p,hsa-miR-185-5p,MicroRNA,1.0,22,0,,,,,"[('NFIX', 'KEGG:05200'), ('NFIX', 'KEGG:01521'), ('NFIX', 'KEGG:04010'), ('NFIX', 'KEGG:04151'), ('NFIX', 'KEGG:04510'), ('NFIX', 'KEGG:05215'), ('NFIX', 'KEGG:05205'), ('NFIX', 'KEGG:04550'), ('NFIX', 'KEGG:04150'), ('NFIX', 'KEGG:05222'), ('NFIX', 'KEGG:04725'), ('NFIX', 'KEGG:05214'), ('NFIX', 'KEGG:04014'), ('NFIX', 'KEGG:04218'), ('NFIX', 'KEGG:04380'), ('NFIX', 'KEGG:05218'), ('NFIX', 'KEGG:05161'), ('NFIX', 'KEGG:01522'), ('NFIX', 'KEGG:04722'), ('NFIX', 'KEGG:04152'), ('NFIX', 'KEGG:05224'), ('NFIX', 'KEGG:04926'), ('NFIX', 'KEGG:04012'), ('NFIX', 'KEGG:04068'), ('NFIX', 'KEGG:04630'), ('NFIX', 'KEGG:04140'), ('NFIX', 'KEGG:05225')]",0.8181818181818182,0.3384997123678613,luminal-b,functional_impact; pathway_reach,2.0
hsa-miR-185-5p,hsa-miR-185-5p,MicroRNA,1.0,22,0,,,,,"[('NFIX', 'KEGG:05200'), ('NFIX', 'KEGG:01521'), ('NFIX', 'KEGG:04010'), ('NFIX', 'KEGG:04151'), ('NFIX', 'KEGG:04510'), ('NFIX', 'KEGG:05215'), ('NFIX', 'KEGG:05205'), ('NFIX', 'KEGG:04550'), ('NFIX', 'KEGG:04150'), ('NFIX', 'KEGG:05222'), ('NFIX', 'KEGG:04725'), ('NFIX', 'KEGG:05214'), ('NFIX', 'KEGG:04014'), ('NFIX', 'KEGG:04218'), ('NFIX', 'KEGG:04380'), ('NFIX', 'KEGG:05218'), ('NFIX', 'KEGG:05161'), ('NFIX', 'KEGG:01522'), ('NFIX', 'KEGG:04722'), ('NFIX', 'KEGG:04152'), ('NFIX', 'KEGG:05224'), ('NFIX', 'KEGG:04926'), ('NFIX', 'KEGG:04012'), ('NFIX', 'KEGG:04068'), ('NFIX', 'KEGG:04630'), ('NFIX', 'KEGG:04140'), ('NFIX', 'KEGG:05225')]",0.8181818181818182,0.3384997123678613,luminal-b,functional_impact; pathway_reach,2.0
hsa-miR-185-5p,hsa-miR-185-5p,MicroRNA,1.0,22,0,,,,,"[('NFIX', 'KEGG:05200'), ('NFIX', 'KEGG:01521'), ('NFIX', 'KEGG:04010'), ('NFIX', 'KEGG:04151'), ('NFIX', 'KEGG:04510'), ('NFIX', 'KEGG:05215'), ('NFIX', 'KEGG:05205'), ('NFIX', 'KEGG:04550'), ('NFIX', 'KEGG:04150'), ('NFIX', 'KEGG:05222'), ('NFIX', 'KEGG:04725'), ('NFIX', 'KEGG:05214'), ('NFIX', 'KEGG:04014'), ('NFIX', 'KEGG:04218'), ('NFIX', 'KEGG:04380'), ('NFIX', 'KEGG:05218'), ('NFIX', 'KEGG:05161'), ('NFIX', 'KEGG:01522'), ('NFIX', 'KEGG:04722'), ('NFIX', 'KEGG:04152'), ('NFIX', 'KEGG:05224'), ('NFIX', 'KEGG:04926'), ('NFIX', 'KEGG:04012'), ('NFIX', 'KEGG:04068'), ('NFIX', 'KEGG:04630'), ('NFIX', 'KEGG:04140'), ('NFIX', 'KEGG:05225')]",0.8181818181818182,0.3384997123678613,luminal-b,functional_impact; pathway_reach,2.0
hsa-miR-185-5p,hsa-miR-185-5p,MicroRNA,1.0,22,0,,,,,"[('NFIX', 'KEGG:05200'), ('NFIX', 'KEGG:01521'), ('NFIX', 'KEGG:04010'), ('NFIX', 'KEGG:04151'), ('NFIX', 'KEGG:04510'), ('NFIX', 'KEGG:05215'), ('NFIX', 'KEGG:05205'), ('NFIX', 'KEGG:04550'), ('NFIX', 'KEGG:04150'), ('NFIX', 'KEGG:05222'), ('NFIX', 'KEGG:04725'), ('NFIX', 'KEGG:05214'), ('NFIX', 'KEGG:04014'), ('NFIX', 'KEGG:04218'), ('NFIX', 'KEGG:04380'), ('NFIX', 'KEGG:05218'), ('NFIX', 'KEGG:05161'), ('NFIX', 'KEGG:01522'), ('NFIX', 'KEGG:04722'), ('NFIX', 'KEGG:04152'), ('NFIX', 'KEGG:05224'), ('NFIX', 'KEGG:04926'), ('NFIX', 'KEGG:04012'), ('NFIX', 'KEGG:04068'), ('NFIX', 'KEGG:04630'), ('NFIX', 'KEGG:04140'), ('NFIX', 'KEGG:05225')]",0.8181818181818182,0.3384997123678613,luminal-b,functional_impact; pathway_reach,2.0
hsa-miR-185-5p,hsa-miR-185-5p,MicroRNA,1.0,22,0,,,,,"[('NFIX', 'KEGG:05200'), ('NFIX', 'KEGG:01521'), ('NFIX', 'KEGG:04010'), ('NFIX', 'KEGG:04151'), ('NFIX', 'KEGG:04510'), ('NFIX', 'KEGG:05215'), ('NFIX', 'KEGG:05205'), ('NFIX', 'KEGG:04550'), ('NFIX', 'KEGG:04150'), ('NFIX', 'KEGG:05222'), ('NFIX', 'KEGG:04725'), ('NFIX', 'KEGG:05214'), ('NFIX', 'KEGG:04014'), ('NFIX', 'KEGG:04218'), ('NFIX', 'KEGG:04380'), ('NFIX', 'KEGG:05218'), ('NFIX', 'KEGG:05161'), ('NFIX', 'KEGG:01522'), ('NFIX', 'KEGG:04722'), ('NFIX', 'KEGG:04152'), ('NFIX', 'KEGG:05224'), ('NFIX', 'KEGG:04926'), ('NFIX', 'KEGG:04012'), ('NFIX', 'KEGG:04068'), ('NFIX', 'KEGG:04630'), ('NFIX', 'KEGG:04140'), ('NFIX', 'KEGG:05225')]",0.8181818181818182,0.3384997123678613,luminal-b,functional_impact; pathway_reach,2.0
hsa-miR-205-5p,hsa-miR-205-5p,MicroRNA,1.0,1,0,,,,,"[('SATB2', 'KEGG:05200'), ('SATB2', 'KEGG:01521'), ('SATB2', 'KEGG:04010'), ('SATB2', 'KEGG:04151'), ('SATB2', 'KEGG:04510'), ('SATB2', 'KEGG:05215'), ('SATB2', 'KEGG:05214'), ('SATB2', 'KEGG:04014'), ('SATB2', 'KEGG:05218'), ('SATB2', 'KEGG:04144'), ('SATB2', 'KEGG:04630'), ('BMF', 'KEGG:05200'), ('BMF', 'KEGG:04151'), ('BMF', 'KEGG:04725'), ('BMF', 'KEGG:04014'), ('BMF', 'KEGG:04713'), ('BMF', 'KEGG:04926'), ('SRGAP1', 'KEGG:04380')]",0.4545454545454545,0.3629200952343646,luminal-b,functional_impact; pathway_reach,2.0
hsa-miR-205-5p,hsa-miR-205-5p,MicroRNA,1.0,1,0,,,,,"[('SATB2', 'KEGG:05200'), ('SATB2', 'KEGG:01521'), ('SATB2', 'KEGG:04010'), ('SATB2', 'KEGG:04151'), ('SATB2', 'KEGG:04510'), ('SATB2', 'KEGG:05215'), ('SATB2', 'KEGG:05214'), ('SATB2', 'KEGG:04014'), ('SATB2', 'KEGG:05218'), ('SATB2', 'KEGG:04144'), ('SATB2', 'KEGG:04630'), ('BMF', 'KEGG:05200'), ('BMF', 'KEGG:04151'), ('BMF', 'KEGG:04725'), ('BMF', 'KEGG:04014'), ('BMF', 'KEGG:04713'), ('BMF', 'KEGG:04926'), ('SRGAP1', 'KEGG:04380')]",0.4545454545454545,0.3629200952343646,luminal-b,functional_impact; pathway_reach,2.0
hsa-miR-205-5p,hsa-miR-205-5p,MicroRNA,1.0,1,0,,,,,"[('SATB2', 'KEGG:05200'), ('SATB2', 'KEGG:01521'), ('SATB2', 'KEGG:04010'), ('SATB2', 'KEGG:04151'), ('SATB2', 'KEGG:04510'), ('SATB2', 'KEGG:05215'), ('SATB2', 'KEGG:05214'), ('SATB2', 'KEGG:04014'), ('SATB2', 'KEGG:05218'), ('SATB2', 'KEGG:04144'), ('SATB2', 'KEGG:04630'), ('BMF', 'KEGG:05200'), ('BMF', 'KEGG:04151'), ('BMF', 'KEGG:04725'), ('BMF', 'KEGG:04014'), ('BMF', 'KEGG:04713'), ('BMF', 'KEGG:04926'), ('SRGAP1', 'KEGG:04380')]",0.4545454545454545,0.3629200952343646,luminal-b,functional_impact; pathway_reach,2.0
hsa-miR-205-5p,hsa-miR-205-5p,MicroRNA,1.0,1,0,,,,,"[('SATB2', 'KEGG:05200'), ('SATB2', 'KEGG:01521'), ('SATB2', 'KEGG:04010'), ('SATB2', 'KEGG:04151'), ('SATB2', 'KEGG:04510'), ('SATB2', 'KEGG:05215'), ('SATB2', 'KEGG:05214'), ('SATB2', 'KEGG:04014'), ('SATB2', 'KEGG:05218'), ('SATB2', 'KEGG:04144'), ('SATB2', 'KEGG:04630'), ('BMF', 'KEGG:05200'), ('BMF', 'KEGG:04151'), ('BMF', 'KEGG:04725'), ('BMF', 'KEGG:04014'), ('BMF', 'KEGG:04713'), ('BMF', 'KEGG:04926'), ('SRGAP1', 'KEGG:04380')]",0.4545454545454545,0.3629200952343646,luminal-b,functional_impact; pathway_reach,2.0
hsa-miR-205-5p,hsa-miR-205-5p,MicroRNA,1.0,1,0,,,,,"[('SATB2', 'KEGG:05200'), ('SATB2', 'KEGG:01521'), ('SATB2', 'KEGG:04010'), ('SATB2', 'KEGG:04151'), ('SATB2', 'KEGG:04510'), ('SATB2', 'KEGG:05215'), ('SATB2', 'KEGG:05214'), ('SATB2', 'KEGG:04014'), ('SATB2', 'KEGG:05218'), ('SATB2', 'KEGG:04144'), ('SATB2', 'KEGG:04630'), ('BMF', 'KEGG:05200'), ('BMF', 'KEGG:04151'), ('BMF', 'KEGG:04725'), ('BMF', 'KEGG:04014'), ('BMF', 'KEGG:04713'), ('BMF', 'KEGG:04926'), ('SRGAP1', 'KEGG:04380')]",0.4545454545454545,0.3629200952343646,luminal-b,functional_impact; pathway_reach,2.0
hsa-miR-205-5p,hsa-miR-205-5p,MicroRNA,1.0,1,0,,,,,"[('SATB2', 'KEGG:05200'), ('SATB2', 'KEGG:01521'), ('SATB2', 'KEGG:04010'), ('SATB2', 'KEGG:04151'), ('SATB2', 'KEGG:04510'), ('SATB2', 'KEGG:05215'), ('SATB2', 'KEGG:05214'), ('SATB2', 'KEGG:04014'), ('SATB2', 'KEGG:05218'), ('SATB2', 'KEGG:04144'), ('SATB2', 'KEGG:04630'), ('BMF', 'KEGG:05200'), ('BMF', 'KEGG:04151'), ('BMF', 'KEGG:04725'), ('BMF', 'KEGG:04014'), ('BMF', 'KEGG:04713'), ('BMF', 'KEGG:04926'), ('SRGAP1', 'KEGG:04380')]",0.4545454545454545,0.3629200952343646,luminal-b,functional_impact; pathway_reach,2.0
hsa-miR-205-5p,hsa-miR-205-5p,MicroRNA,1.0,1,0,,,,,"[('SATB2', 'KEGG:05200'), ('SATB2', 'KEGG:01521'), ('SATB2', 'KEGG:04010'), ('SATB2', 'KEGG:04151'), ('SATB2', 'KEGG:04510'), ('SATB2', 'KEGG:05215'), ('SATB2', 'KEGG:05214'), ('SATB2', 'KEGG:04014'), ('SATB2', 'KEGG:05218'), ('SATB2', 'KEGG:04144'), ('SATB2', 'KEGG:04630'), ('BMF', 'KEGG:05200'), ('BMF', 'KEGG:04151'), ('BMF', 'KEGG:04725'), ('BMF', 'KEGG:04014'), ('BMF', 'KEGG:04713'), ('BMF', 'KEGG:04926'), ('SRGAP1', 'KEGG:04380')]",0.4545454545454545,0.3629200952343646,luminal-b,functional_impact; pathway_reach,2.0
hsa-miR-205-5p,hsa-miR-205-5p,MicroRNA,1.0,1,0,,,,,"[('SATB2', 'KEGG:05200'), ('SATB2', 'KEGG:01521'), ('SATB2', 'KEGG:04010'), ('SATB2', 'KEGG:04151'), ('SATB2', 'KEGG:04510'), ('SATB2', 'KEGG:05215'), ('SATB2', 'KEGG:05214'), ('SATB2', 'KEGG:04014'), ('SATB2', 'KEGG:05218'), ('SATB2', 'KEGG:04144'), ('SATB2', 'KEGG:04630'), ('BMF', 'KEGG:05200'), ('BMF', 'KEGG:04151'), ('BMF', 'KEGG:04725'), ('BMF', 'KEGG:04014'), ('BMF', 'KEGG:04713'), ('BMF', 'KEGG:04926'), ('SRGAP1', 'KEGG:04380')]",0.4545454545454545,0.3629200952343646,luminal-b,functional_impact; pathway_reach,2.0
hsa-miR-205-5p,hsa-miR-205-5p,MicroRNA,1.0,1,0,,,,,"[('SATB2', 'KEGG:05200'), ('SATB2', 'KEGG:01521'), ('SATB2', 'KEGG:04010'), ('SATB2', 'KEGG:04151'), ('SATB2', 'KEGG:04510'), ('SATB2', 'KEGG:05215'), ('SATB2', 'KEGG:05214'), ('SATB2', 'KEGG:04014'), ('SATB2', 'KEGG:05218'), ('SATB2', 'KEGG:04144'), ('SATB2', 'KEGG:04630'), ('BMF', 'KEGG:05200'), ('BMF', 'KEGG:04151'), ('BMF', 'KEGG:04725'), ('BMF', 'KEGG:04014'), ('BMF', 'KEGG:04713'), ('BMF', 'KEGG:04926'), ('SRGAP1', 'KEGG:04380')]",0.4545454545454545,0.3629200952343646,luminal-b,functional_impact; pathway_reach,2.0
hsa-miR-205-5p,hsa-miR-205-5p,MicroRNA,1.0,1,0,,,,,"[('SATB2', 'KEGG:05200'), ('SATB2', 'KEGG:01521'), ('SATB2', 'KEGG:04010'), ('SATB2', 'KEGG:04151'), ('SATB2', 'KEGG:04510'), ('SATB2', 'KEGG:05215'), ('SATB2', 'KEGG:05214'), ('SATB2', 'KEGG:04014'), ('SATB2', 'KEGG:05218'), ('SATB2', 'KEGG:04144'), ('SATB2', 'KEGG:04630'), ('BMF', 'KEGG:05200'), ('BMF', 'KEGG:04151'), ('BMF', 'KEGG:04725'), ('BMF', 'KEGG:04014'), ('BMF', 'KEGG:04713'), ('BMF', 'KEGG:04926'), ('SRGAP1', 'KEGG:04380')]",0.4545454545454545,0.3629200952343646,luminal-b,functional_impact; pathway_reach,2.0
hsa-miR-205-5p,hsa-miR-205-5p,MicroRNA,1.0,1,0,,,,,"[('SATB2', 'KEGG:05200'), ('SATB2', 'KEGG:01521'), ('SATB2', 'KEGG:04010'), ('SATB2', 'KEGG:04151'), ('SATB2', 'KEGG:04510'), ('SATB2', 'KEGG:05215'), ('SATB2', 'KEGG:05214'), ('SATB2', 'KEGG:04014'), ('SATB2', 'KEGG:05218'), ('SATB2', 'KEGG:04144'), ('SATB2', 'KEGG:04630'), ('BMF', 'KEGG:05200'), ('BMF', 'KEGG:04151'), ('BMF', 'KEGG:04725'), ('BMF', 'KEGG:04014'), ('BMF', 'KEGG:04713'), ('BMF', 'KEGG:04926'), ('SRGAP1', 'KEGG:04380')]",0.4545454545454545,0.3629200952343646,luminal-b,functional_impact; pathway_reach,2.0
hsa-miR-205-5p,hsa-miR-205-5p,MicroRNA,1.0,1,0,,,,,"[('SATB2', 'KEGG:05200'), ('SATB2', 'KEGG:01521'), ('SATB2', 'KEGG:04010'), ('SATB2', 'KEGG:04151'), ('SATB2', 'KEGG:04510'), ('SATB2', 'KEGG:05215'), ('SATB2', 'KEGG:05214'), ('SATB2', 'KEGG:04014'), ('SATB2', 'KEGG:05218'), ('SATB2', 'KEGG:04144'), ('SATB2', 'KEGG:04630'), ('BMF', 'KEGG:05200'), ('BMF', 'KEGG:04151'), ('BMF', 'KEGG:04725'), ('BMF', 'KEGG:04014'), ('BMF', 'KEGG:04713'), ('BMF', 'KEGG:04926'), ('SRGAP1', 'KEGG:04380')]",0.4545454545454545,0.3629200952343646,luminal-b,functional_impact; pathway_reach,2.0
hsa-miR-205-5p,hsa-miR-205-5p,MicroRNA,1.0,1,0,,,,,"[('SATB2', 'KEGG:05200'), ('SATB2', 'KEGG:01521'), ('SATB2', 'KEGG:04010'), ('SATB2', 'KEGG:04151'), ('SATB2', 'KEGG:04510'), ('SATB2', 'KEGG:05215'), ('SATB2', 'KEGG:05214'), ('SATB2', 'KEGG:04014'), ('SATB2', 'KEGG:05218'), ('SATB2', 'KEGG:04144'), ('SATB2', 'KEGG:04630'), ('BMF', 'KEGG:05200'), ('BMF', 'KEGG:04151'), ('BMF', 'KEGG:04725'), ('BMF', 'KEGG:04014'), ('BMF', 'KEGG:04713'), ('BMF', 'KEGG:04926'), ('SRGAP1', 'KEGG:04380')]",0.4545454545454545,0.3629200952343646,luminal-b,functional_impact; pathway_reach,2.0
hsa-miR-205-5p,hsa-miR-205-5p,MicroRNA,1.0,1,0,,,,,"[('SATB2', 'KEGG:05200'), ('SATB2', 'KEGG:01521'), ('SATB2', 'KEGG:04010'), ('SATB2', 'KEGG:04151'), ('SATB2', 'KEGG:04510'), ('SATB2', 'KEGG:05215'), ('SATB2', 'KEGG:05214'), ('SATB2', 'KEGG:04014'), ('SATB2', 'KEGG:05218'), ('SATB2', 'KEGG:04144'), ('SATB2', 'KEGG:04630'), ('BMF', 'KEGG:05200'), ('BMF', 'KEGG:04151'), ('BMF', 'KEGG:04725'), ('BMF', 'KEGG:04014'), ('BMF', 'KEGG:04713'), ('BMF', 'KEGG:04926'), ('SRGAP1', 'KEGG:04380')]",0.4545454545454545,0.3629200952343646,luminal-b,functional_impact; pathway_reach,2.0
hsa-miR-205-5p,hsa-miR-205-5p,MicroRNA,1.0,1,0,,,,,"[('SATB2', 'KEGG:05200'), ('SATB2', 'KEGG:01521'), ('SATB2', 'KEGG:04010'), ('SATB2', 'KEGG:04151'), ('SATB2', 'KEGG:04510'), ('SATB2', 'KEGG:05215'), ('SATB2', 'KEGG:05214'), ('SATB2', 'KEGG:04014'), ('SATB2', 'KEGG:05218'), ('SATB2', 'KEGG:04144'), ('SATB2', 'KEGG:04630'), ('BMF', 'KEGG:05200'), ('BMF', 'KEGG:04151'), ('BMF', 'KEGG:04725'), ('BMF', 'KEGG:04014'), ('BMF', 'KEGG:04713'), ('BMF', 'KEGG:04926'), ('SRGAP1', 'KEGG:04380')]",0.4545454545454545,0.3629200952343646,luminal-b,functional_impact; pathway_reach,2.0
hsa-miR-205-5p,hsa-miR-205-5p,MicroRNA,1.0,1,0,,,,,"[('SATB2', 'KEGG:05200'), ('SATB2', 'KEGG:01521'), ('SATB2', 'KEGG:04010'), ('SATB2', 'KEGG:04151'), ('SATB2', 'KEGG:04510'), ('SATB2', 'KEGG:05215'), ('SATB2', 'KEGG:05214'), ('SATB2', 'KEGG:04014'), ('SATB2', 'KEGG:05218'), ('SATB2', 'KEGG:04144'), ('SATB2', 'KEGG:04630'), ('BMF', 'KEGG:05200'), ('BMF', 'KEGG:04151'), ('BMF', 'KEGG:04725'), ('BMF', 'KEGG:04014'), ('BMF', 'KEGG:04713'), ('BMF', 'KEGG:04926'), ('SRGAP1', 'KEGG:04380')]",0.4545454545454545,0.3629200952343646,luminal-b,functional_impact; pathway_reach,2.0
hsa-miR-205-5p,hsa-miR-205-5p,MicroRNA,1.0,1,0,,,,,"[('SATB2', 'KEGG:05200'), ('SATB2', 'KEGG:01521'), ('SATB2', 'KEGG:04010'), ('SATB2', 'KEGG:04151'), ('SATB2', 'KEGG:04510'), ('SATB2', 'KEGG:05215'), ('SATB2', 'KEGG:05214'), ('SATB2', 'KEGG:04014'), ('SATB2', 'KEGG:05218'), ('SATB2', 'KEGG:04144'), ('SATB2', 'KEGG:04630'), ('BMF', 'KEGG:05200'), ('BMF', 'KEGG:04151'), ('BMF', 'KEGG:04725'), ('BMF', 'KEGG:04014'), ('BMF', 'KEGG:04713'), ('BMF', 'KEGG:04926'), ('SRGAP1', 'KEGG:04380')]",0.4545454545454545,0.3629200952343646,luminal-b,functional_impact; pathway_reach,2.0
hsa-miR-205-5p,hsa-miR-205-5p,MicroRNA,1.0,1,0,,,,,"[('SATB2', 'KEGG:05200'), ('SATB2', 'KEGG:01521'), ('SATB2', 'KEGG:04010'), ('SATB2', 'KEGG:04151'), ('SATB2', 'KEGG:04510'), ('SATB2', 'KEGG:05215'), ('SATB2', 'KEGG:05214'), ('SATB2', 'KEGG:04014'), ('SATB2', 'KEGG:05218'), ('SATB2', 'KEGG:04144'), ('SATB2', 'KEGG:04630'), ('BMF', 'KEGG:05200'), ('BMF', 'KEGG:04151'), ('BMF', 'KEGG:04725'), ('BMF', 'KEGG:04014'), ('BMF', 'KEGG:04713'), ('BMF', 'KEGG:04926'), ('SRGAP1', 'KEGG:04380')]",0.4545454545454545,0.3629200952343646,luminal-b,functional_impact; pathway_reach,2.0
hsa-miR-186-5p,hsa-miR-186-5p,MicroRNA,1.0,14,0,,,,,"[('RILPL1', 'KEGG:04144'), ('CEP41', 'KEGG:04010'), ('CEP41', 'KEGG:04310'), ('CEP41', 'KEGG:04380'), ('CEP41', 'KEGG:05161'), ('CEP41', 'KEGG:04152'), ('CEP41', 'KEGG:04140'), ('CEP41', 'KEGG:04520')]",0.2424242424242424,0.2899016200267441,luminal-b,pathway_reach,1.0
hsa-miR-186-5p,hsa-miR-186-5p,MicroRNA,1.0,14,0,,,,,"[('RILPL1', 'KEGG:04144'), ('CEP41', 'KEGG:04010'), ('CEP41', 'KEGG:04310'), ('CEP41', 'KEGG:04380'), ('CEP41', 'KEGG:05161'), ('CEP41', 'KEGG:04152'), ('CEP41', 'KEGG:04140'), ('CEP41', 'KEGG:04520')]",0.2424242424242424,0.2899016200267441,luminal-b,pathway_reach,1.0
hsa-miR-186-5p,hsa-miR-186-5p,MicroRNA,1.0,14,0,,,,,"[('RILPL1', 'KEGG:04144'), ('CEP41', 'KEGG:04010'), ('CEP41', 'KEGG:04310'), ('CEP41', 'KEGG:04380'), ('CEP41', 'KEGG:05161'), ('CEP41', 'KEGG:04152'), ('CEP41', 'KEGG:04140'), ('CEP41', 'KEGG:04520')]",0.2424242424242424,0.2899016200267441,luminal-b,pathway_reach,1.0
hsa-miR-186-5p,hsa-miR-186-5p,MicroRNA,1.0,14,0,,,,,"[('RILPL1', 'KEGG:04144'), ('CEP41', 'KEGG:04010'), ('CEP41', 'KEGG:04310'), ('CEP41', 'KEGG:04380'), ('CEP41', 'KEGG:05161'), ('CEP41', 'KEGG:04152'), ('CEP41', 'KEGG:04140'), ('CEP41', 'KEGG:04520')]",0.2424242424242424,0.2899016200267441,luminal-b,pathway_reach,1.0
hsa-miR-186-5p,hsa-miR-186-5p,MicroRNA,1.0,14,0,,,,,"[('RILPL1', 'KEGG:04144'), ('CEP41', 'KEGG:04010'), ('CEP41', 'KEGG:04310'), ('CEP41', 'KEGG:04380'), ('CEP41', 'KEGG:05161'), ('CEP41', 'KEGG:04152'), ('CEP41', 'KEGG:04140'), ('CEP41', 'KEGG:04520')]",0.2424242424242424,0.2899016200267441,luminal-b,pathway_reach,1.0
hsa-miR-186-5p,hsa-miR-186-5p,MicroRNA,1.0,14,0,,,,,"[('RILPL1', 'KEGG:04144'), ('CEP41', 'KEGG:04010'), ('CEP41', 'KEGG:04310'), ('CEP41', 'KEGG:04380'), ('CEP41', 'KEGG:05161'), ('CEP41', 'KEGG:04152'), ('CEP41', 'KEGG:04140'), ('CEP41', 'KEGG:04520')]",0.2424242424242424,0.2899016200267441,luminal-b,pathway_reach,1.0
hsa-miR-186-5p,hsa-miR-186-5p,MicroRNA,1.0,14,0,,,,,"[('RILPL1', 'KEGG:04144'), ('CEP41', 'KEGG:04010'), ('CEP41', 'KEGG:04310'), ('CEP41', 'KEGG:04380'), ('CEP41', 'KEGG:05161'), ('CEP41', 'KEGG:04152'), ('CEP41', 'KEGG:04140'), ('CEP41', 'KEGG:04520')]",0.2424242424242424,0.2899016200267441,luminal-b,pathway_reach,1.0
hsa-miR-186-5p,hsa-miR-186-5p,MicroRNA,1.0,14,0,,,,,"[('RILPL1', 'KEGG:04144'), ('CEP41', 'KEGG:04010'), ('CEP41', 'KEGG:04310'), ('CEP41', 'KEGG:04380'), ('CEP41', 'KEGG:05161'), ('CEP41', 'KEGG:04152'), ('CEP41', 'KEGG:04140'), ('CEP41', 'KEGG:04520')]",0.2424242424242424,0.2899016200267441,luminal-b,pathway_reach,1.0
hsa-miR-181b-5p,hsa-miR-181b-5p,MicroRNA,1.0,0,1,0.0124243542640719,0.2018348623853211,0.0100502512562814,0.1666666666666666,"[('CBX7', 'KEGG:05200'), ('CBX7', 'KEGG:04010'), ('CBX7', 'KEGG:04151'), ('CBX7', 'KEGG:04014'), ('CBX7', 'KEGG:05224'), ('ZBTB4', 'KEGG:05200'), ('ZBTB4', 'KEGG:05205'), ('ZBTB4', 'KEGG:01522'), ('ZBTB4', 'KEGG:05224')]",0.2121212121212121,0.3613133641910075,luminal-b,functional_impact; pathway_reach,2.0
hsa-miR-181b-5p,hsa-miR-181b-5p,MicroRNA,1.0,0,1,0.0124243542640719,0.2018348623853211,0.0100502512562814,0.1666666666666666,"[('CBX7', 'KEGG:05200'), ('CBX7', 'KEGG:04010'), ('CBX7', 'KEGG:04151'), ('CBX7', 'KEGG:04014'), ('CBX7', 'KEGG:05224'), ('ZBTB4', 'KEGG:05200'), ('ZBTB4', 'KEGG:05205'), ('ZBTB4', 'KEGG:01522'), ('ZBTB4', 'KEGG:05224')]",0.2121212121212121,0.3613133641910075,luminal-b,functional_impact; pathway_reach,2.0
hsa-miR-181b-5p,hsa-miR-181b-5p,MicroRNA,1.0,0,1,0.0124243542640719,0.2018348623853211,0.0100502512562814,0.1666666666666666,"[('CBX7', 'KEGG:05200'), ('CBX7', 'KEGG:04010'), ('CBX7', 'KEGG:04151'), ('CBX7', 'KEGG:04014'), ('CBX7', 'KEGG:05224'), ('ZBTB4', 'KEGG:05200'), ('ZBTB4', 'KEGG:05205'), ('ZBTB4', 'KEGG:01522'), ('ZBTB4', 'KEGG:05224')]",0.2121212121212121,0.3613133641910075,luminal-b,functional_impact; pathway_reach,2.0
hsa-miR-181b-5p,hsa-miR-181b-5p,MicroRNA,1.0,0,1,0.0124243542640719,0.2018348623853211,0.0100502512562814,0.1666666666666666,"[('CBX7', 'KEGG:05200'), ('CBX7', 'KEGG:04010'), ('CBX7', 'KEGG:04151'), ('CBX7', 'KEGG:04014'), ('CBX7', 'KEGG:05224'), ('ZBTB4', 'KEGG:05200'), ('ZBTB4', 'KEGG:05205'), ('ZBTB4', 'KEGG:01522'), ('ZBTB4', 'KEGG:05224')]",0.2121212121212121,0.3613133641910075,luminal-b,functional_impact; pathway_reach,2.0
hsa-miR-181b-5p,hsa-miR-181b-5p,MicroRNA,1.0,0,1,0.0124243542640719,0.2018348623853211,0.0100502512562814,0.1666666666666666,"[('CBX7', 'KEGG:05200'), ('CBX7', 'KEGG:04010'), ('CBX7', 'KEGG:04151'), ('CBX7', 'KEGG:04014'), ('CBX7', 'KEGG:05224'), ('ZBTB4', 'KEGG:05200'), ('ZBTB4', 'KEGG:05205'), ('ZBTB4', 'KEGG:01522'), ('ZBTB4', 'KEGG:05224')]",0.2121212121212121,0.3613133641910075,luminal-b,functional_impact; pathway_reach,2.0
hsa-miR-181b-5p,hsa-miR-181b-5p,MicroRNA,1.0,0,1,0.0124243542640719,0.2018348623853211,0.0100502512562814,0.1666666666666666,"[('CBX7', 'KEGG:05200'), ('CBX7', 'KEGG:04010'), ('CBX7', 'KEGG:04151'), ('CBX7', 'KEGG:04014'), ('CBX7', 'KEGG:05224'), ('ZBTB4', 'KEGG:05200'), ('ZBTB4', 'KEGG:05205'), ('ZBTB4', 'KEGG:01522'), ('ZBTB4', 'KEGG:05224')]",0.2121212121212121,0.3613133641910075,luminal-b,functional_impact; pathway_reach,2.0
hsa-miR-181b-5p,hsa-miR-181b-5p,MicroRNA,1.0,0,1,0.0124243542640719,0.2018348623853211,0.0100502512562814,0.1666666666666666,"[('CBX7', 'KEGG:05200'), ('CBX7', 'KEGG:04010'), ('CBX7', 'KEGG:04151'), ('CBX7', 'KEGG:04014'), ('CBX7', 'KEGG:05224'), ('ZBTB4', 'KEGG:05200'), ('ZBTB4', 'KEGG:05205'), ('ZBTB4', 'KEGG:01522'), ('ZBTB4', 'KEGG:05224')]",0.2121212121212121,0.3613133641910075,luminal-b,functional_impact; pathway_reach,2.0
hsa-miR-181b-5p,hsa-miR-181b-5p,MicroRNA,1.0,0,1,0.0124243542640719,0.2018348623853211,0.0100502512562814,0.1666666666666666,"[('CBX7', 'KEGG:05200'), ('CBX7', 'KEGG:04010'), ('CBX7', 'KEGG:04151'), ('CBX7', 'KEGG:04014'), ('CBX7', 'KEGG:05224'), ('ZBTB4', 'KEGG:05200'), ('ZBTB4', 'KEGG:05205'), ('ZBTB4', 'KEGG:01522'), ('ZBTB4', 'KEGG:05224')]",0.2121212121212121,0.3613133641910075,luminal-b,functional_impact; pathway_reach,2.0
hsa-miR-181b-5p,hsa-miR-181b-5p,MicroRNA,1.0,0,1,0.0124243542640719,0.2018348623853211,0.0100502512562814,0.1666666666666666,"[('CBX7', 'KEGG:05200'), ('CBX7', 'KEGG:04010'), ('CBX7', 'KEGG:04151'), ('CBX7', 'KEGG:04014'), ('CBX7', 'KEGG:05224'), ('ZBTB4', 'KEGG:05200'), ('ZBTB4', 'KEGG:05205'), ('ZBTB4', 'KEGG:01522'), ('ZBTB4', 'KEGG:05224')]",0.2121212121212121,0.3613133641910075,luminal-b,functional_impact; pathway_reach,2.0
hsa-miR-378a-3p,hsa-miR-378a-3p,MicroRNA,1.0,0,1,0.0172049247810792,0.1794697484704283,0.0125628140703517,0.1,"[('ABI2', 'KEGG:05200'), ('ABI2', 'KEGG:05215'), ('ABI2', 'KEGG:04218'), ('ABI2', 'KEGG:04152'), ('ABI2', 'KEGG:04068'), ('ABI2', 'KEGG:05202'), ('CAMKK2', 'KEGG:04144')]",0.2121212121212121,0.34592909791458,luminal-b,functional_impact; pathway_reach,2.0
hsa-miR-378a-3p,hsa-miR-378a-3p,MicroRNA,1.0,0,1,0.0172049247810792,0.1794697484704283,0.0125628140703517,0.1,"[('ABI2', 'KEGG:05200'), ('ABI2', 'KEGG:05215'), ('ABI2', 'KEGG:04218'), ('ABI2', 'KEGG:04152'), ('ABI2', 'KEGG:04068'), ('ABI2', 'KEGG:05202'), ('CAMKK2', 'KEGG:04144')]",0.2121212121212121,0.34592909791458,luminal-b,functional_impact; pathway_reach,2.0
hsa-miR-378a-3p,hsa-miR-378a-3p,MicroRNA,1.0,0,1,0.0172049247810792,0.1794697484704283,0.0125628140703517,0.1,"[('ABI2', 'KEGG:05200'), ('ABI2', 'KEGG:05215'), ('ABI2', 'KEGG:04218'), ('ABI2', 'KEGG:04152'), ('ABI2', 'KEGG:04068'), ('ABI2', 'KEGG:05202'), ('CAMKK2', 'KEGG:04144')]",0.2121212121212121,0.34592909791458,luminal-b,functional_impact; pathway_reach,2.0
hsa-miR-378a-3p,hsa-miR-378a-3p,MicroRNA,1.0,0,1,0.0172049247810792,0.1794697484704283,0.0125628140703517,0.1,"[('ABI2', 'KEGG:05200'), ('ABI2', 'KEGG:05215'), ('ABI2', 'KEGG:04218'), ('ABI2', 'KEGG:04152'), ('ABI2', 'KEGG:04068'), ('ABI2', 'KEGG:05202'), ('CAMKK2', 'KEGG:04144')]",0.2121212121212121,0.34592909791458,luminal-b,functional_impact; pathway_reach,2.0
hsa-miR-378a-3p,hsa-miR-378a-3p,MicroRNA,1.0,0,1,0.0172049247810792,0.1794697484704283,0.0125628140703517,0.1,"[('ABI2', 'KEGG:05200'), ('ABI2', 'KEGG:05215'), ('ABI2', 'KEGG:04218'), ('ABI2', 'KEGG:04152'), ('ABI2', 'KEGG:04068'), ('ABI2', 'KEGG:05202'), ('CAMKK2', 'KEGG:04144')]",0.2121212121212121,0.34592909791458,luminal-b,functional_impact; pathway_reach,2.0
hsa-miR-378a-3p,hsa-miR-378a-3p,MicroRNA,1.0,0,1,0.0172049247810792,0.1794697484704283,0.0125628140703517,0.1,"[('ABI2', 'KEGG:05200'), ('ABI2', 'KEGG:05215'), ('ABI2', 'KEGG:04218'), ('ABI2', 'KEGG:04152'), ('ABI2', 'KEGG:04068'), ('ABI2', 'KEGG:05202'), ('CAMKK2', 'KEGG:04144')]",0.2121212121212121,0.34592909791458,luminal-b,functional_impact; pathway_reach,2.0
hsa-miR-378a-3p,hsa-miR-378a-3p,MicroRNA,1.0,0,1,0.0172049247810792,0.1794697484704283,0.0125628140703517,0.1,"[('ABI2', 'KEGG:05200'), ('ABI2', 'KEGG:05215'), ('ABI2', 'KEGG:04218'), ('ABI2', 'KEGG:04152'), ('ABI2', 'KEGG:04068'), ('ABI2', 'KEGG:05202'), ('CAMKK2', 'KEGG:04144')]",0.2121212121212121,0.34592909791458,luminal-b,functional_impact; pathway_reach,2.0
hsa-miR-150-5p,hsa-miR-150-5p,MicroRNA,1.0,0,1,0.0,0.1367875647668393,0.0025125628140703,,"[('ABI2', 'KEGG:05200'), ('ABI2', 'KEGG:05215'), ('ABI2', 'KEGG:04218'), ('ABI2', 'KEGG:04152'), ('ABI2', 'KEGG:04068'), ('ABI2', 'KEGG:05202')]",0.1818181818181818,0.3191504390015069,luminal-b,pathway_reach,1.0
hsa-miR-150-5p,hsa-miR-150-5p,MicroRNA,1.0,0,1,0.0,0.1367875647668393,0.0025125628140703,,"[('ABI2', 'KEGG:05200'), ('ABI2', 'KEGG:05215'), ('ABI2', 'KEGG:04218'), ('ABI2', 'KEGG:04152'), ('ABI2', 'KEGG:04068'), ('ABI2', 'KEGG:05202')]",0.1818181818181818,0.3191504390015069,luminal-b,pathway_reach,1.0
hsa-miR-150-5p,hsa-miR-150-5p,MicroRNA,1.0,0,1,0.0,0.1367875647668393,0.0025125628140703,,"[('ABI2', 'KEGG:05200'), ('ABI2', 'KEGG:05215'), ('ABI2', 'KEGG:04218'), ('ABI2', 'KEGG:04152'), ('ABI2', 'KEGG:04068'), ('ABI2', 'KEGG:05202')]",0.1818181818181818,0.3191504390015069,luminal-b,pathway_reach,1.0
hsa-miR-150-5p,hsa-miR-150-5p,MicroRNA,1.0,0,1,0.0,0.1367875647668393,0.0025125628140703,,"[('ABI2', 'KEGG:05200'), ('ABI2', 'KEGG:05215'), ('ABI2', 'KEGG:04218'), ('ABI2', 'KEGG:04152'), ('ABI2', 'KEGG:04068'), ('ABI2', 'KEGG:05202')]",0.1818181818181818,0.3191504390015069,luminal-b,pathway_reach,1.0
hsa-miR-150-5p,hsa-miR-150-5p,MicroRNA,1.0,0,1,0.0,0.1367875647668393,0.0025125628140703,,"[('ABI2', 'KEGG:05200'), ('ABI2', 'KEGG:05215'), ('ABI2', 'KEGG:04218'), ('ABI2', 'KEGG:04152'), ('ABI2', 'KEGG:04068'), ('ABI2', 'KEGG:05202')]",0.1818181818181818,0.3191504390015069,luminal-b,pathway_reach,1.0
hsa-miR-150-5p,hsa-miR-150-5p,MicroRNA,1.0,0,1,0.0,0.1367875647668393,0.0025125628140703,,"[('ABI2', 'KEGG:05200'), ('ABI2', 'KEGG:05215'), ('ABI2', 'KEGG:04218'), ('ABI2', 'KEGG:04152'), ('ABI2', 'KEGG:04068'), ('ABI2', 'KEGG:05202')]",0.1818181818181818,0.3191504390015069,luminal-b,pathway_reach,1.0
hsa-miR-381-3p,hsa-miR-381-3p,MicroRNA,1.0,3,0,,,,,"[('ESR1', 'KEGG:01521'), ('ESR1', 'KEGG:04012')]",0.0606060606060606,0.4200049976633476,luminal-b,functional_impact,1.0
hsa-miR-381-3p,hsa-miR-381-3p,MicroRNA,1.0,3,0,,,,,"[('ESR1', 'KEGG:01521'), ('ESR1', 'KEGG:04012')]",0.0606060606060606,0.4200049976633476,luminal-b,functional_impact,1.0
hsa-miR-151a-3p,hsa-miR-151a-3p,MicroRNA,1.0,0,1,0.0129294214504902,0.1936903888481291,0.007537688442211,0.0,"[('FRK', 'KEGG:04144'), ('KLF12', 'KEGG:04218')]",0.0606060606060606,0.4140554430094539,luminal-b,functional_impact,1.0
hsa-miR-151a-3p,hsa-miR-151a-3p,MicroRNA,1.0,0,1,0.0129294214504902,0.1936903888481291,0.007537688442211,0.0,"[('FRK', 'KEGG:04144'), ('KLF12', 'KEGG:04218')]",0.0606060606060606,0.4140554430094539,luminal-b,functional_impact,1.0
hsa-miR-30a-5p,hsa-miR-30a-5p,MicroRNA,1.0,2,0,,,,,"[('GPR157', 'KEGG:04010')]",0.0303030303030303,0.3654197088147469,luminal-b,functional_impact,1.0
hsa-miR-155-5p,hsa-miR-155-5p,MicroRNA,1.0,0,1,0.0195928488708242,0.1848739495798319,0.0150753768844221,0.0,"[('AHCYL2', 'KEGG:05215'), ('AHCYL2', 'KEGG:05202'), ('VEZF1', 'KEGG:04713'), ('BCORL1', 'KEGG:04310')]",0.1212121212121212,0.3557133684570754,luminal-b,functional_impact,1.0
hsa-miR-155-5p,hsa-miR-155-5p,MicroRNA,1.0,0,1,0.0195928488708242,0.1848739495798319,0.0150753768844221,0.0,"[('AHCYL2', 'KEGG:05215'), ('AHCYL2', 'KEGG:05202'), ('VEZF1', 'KEGG:04713'), ('BCORL1', 'KEGG:04310')]",0.1212121212121212,0.3557133684570754,luminal-b,functional_impact,1.0
hsa-miR-155-5p,hsa-miR-155-5p,MicroRNA,1.0,0,1,0.0195928488708242,0.1848739495798319,0.0150753768844221,0.0,"[('AHCYL2', 'KEGG:05215'), ('AHCYL2', 'KEGG:05202'), ('VEZF1', 'KEGG:04713'), ('BCORL1', 'KEGG:04310')]",0.1212121212121212,0.3557133684570754,luminal-b,functional_impact,1.0
hsa-miR-155-5p,hsa-miR-155-5p,MicroRNA,1.0,0,1,0.0195928488708242,0.1848739495798319,0.0150753768844221,0.0,"[('AHCYL2', 'KEGG:05215'), ('AHCYL2', 'KEGG:05202'), ('VEZF1', 'KEGG:04713'), ('BCORL1', 'KEGG:04310')]",0.1212121212121212,0.3557133684570754,luminal-b,functional_impact,1.0
hsa-miR-7-5p,hsa-miR-7-5p,MicroRNA,1.0,0,1,0.0300595015343162,0.1651031894934334,0.0201005025125628,0.0,"[('BMPR2', 'KEGG:04010'), ('BMPR2', 'KEGG:05161'), ('BMPR2', 'KEGG:04722'), ('SEMA6D', 'KEGG:04218')]",0.1212121212121212,0.3291533463690707,luminal-b,functional_impact,1.0
hsa-miR-7-5p,hsa-miR-7-5p,MicroRNA,1.0,0,1,0.0300595015343162,0.1651031894934334,0.0201005025125628,0.0,"[('BMPR2', 'KEGG:04010'), ('BMPR2', 'KEGG:05161'), ('BMPR2', 'KEGG:04722'), ('SEMA6D', 'KEGG:04218')]",0.1212121212121212,0.3291533463690707,luminal-b,functional_impact,1.0
hsa-miR-7-5p,hsa-miR-7-5p,MicroRNA,1.0,0,1,0.0300595015343162,0.1651031894934334,0.0201005025125628,0.0,"[('BMPR2', 'KEGG:04010'), ('BMPR2', 'KEGG:05161'), ('BMPR2', 'KEGG:04722'), ('SEMA6D', 'KEGG:04218')]",0.1212121212121212,0.3291533463690707,luminal-b,functional_impact,1.0
hsa-miR-7-5p,hsa-miR-7-5p,MicroRNA,1.0,0,1,0.0300595015343162,0.1651031894934334,0.0201005025125628,0.0,"[('BMPR2', 'KEGG:04010'), ('BMPR2', 'KEGG:05161'), ('BMPR2', 'KEGG:04722'), ('SEMA6D', 'KEGG:04218')]",0.1212121212121212,0.3291533463690707,luminal-b,functional_impact,1.0
UHRF1BP1,UHRF1BP1,Messenger RNA,4.0,0,1,0.0,0.3325599381283836,0.0151515151515151,,,,,luminal-b,,
UHRF1BP1,UHRF1BP1,Messenger RNA,4.0,0,1,0.0015064366265468,0.5710955710955711,0.1212121212121212,1.0,,,,luminal-b,,
UHRF1BP1,UHRF1BP1,Messenger RNA,4.0,0,1,0.0,0.3325599381283836,0.0151515151515151,,,,,luminal-b,,
UHRF1BP1,UHRF1BP1,Messenger RNA,4.0,0,1,0.0015064366265468,0.5710955710955711,0.1212121212121212,1.0,,,,luminal-b,,
UHRF1BP1,UHRF1BP1,Messenger RNA,4.0,0,1,0.0,0.3325599381283836,0.0151515151515151,,,,,luminal-b,,
UHRF1BP1,UHRF1BP1,Messenger RNA,4.0,0,1,0.0015064366265468,0.5710955710955711,0.1212121212121212,1.0,,,,luminal-b,,
UHRF1BP1,UHRF1BP1,Messenger RNA,4.0,0,1,0.0,0.3325599381283836,0.0151515151515151,,,,,luminal-b,,
UHRF1BP1,UHRF1BP1,Messenger RNA,4.0,0,1,0.0015064366265468,0.5710955710955711,0.1212121212121212,1.0,,,,luminal-b,,
HIPK2,HIPK2,Messenger RNA,0.0,0,1,0.0049859939655469,0.340729001584786,0.0303030303030303,1.0,,,,luminal-b,,
HIPK2,HIPK2,Messenger RNA,0.0,0,1,0.0039807730759936,0.5658198614318707,0.0606060606060606,1.0,,,,luminal-b,,
HIPK2,HIPK2,Messenger RNA,0.0,0,1,0.0049859939655469,0.340729001584786,0.0303030303030303,1.0,,,,luminal-b,,
HIPK2,HIPK2,Messenger RNA,0.0,0,1,0.0039807730759936,0.5658198614318707,0.0606060606060606,1.0,,,,luminal-b,,
ARIH1,ARIH1,Messenger RNA,0.0,0,1,0.0,0.3325599381283836,0.0151515151515151,,,,,luminal-b,,
ARIH1,ARIH1,Messenger RNA,1.0,0,1,0.0015054002996529,0.5658198614318707,0.1212121212121212,1.0,,,,luminal-b,,
ARIH1,ARIH1,Messenger RNA,0.0,0,1,0.0,0.3325599381283836,0.0151515151515151,,,,,luminal-b,,
ARIH1,ARIH1,Messenger RNA,1.0,0,1,0.0015054002996529,0.5658198614318707,0.1212121212121212,1.0,,,,luminal-b,,
ARIH1,ARIH1,Messenger RNA,0.0,0,1,0.0,0.3325599381283836,0.0151515151515151,,,,,luminal-b,,
ARIH1,ARIH1,Messenger RNA,1.0,0,1,0.0015054002996529,0.5658198614318707,0.1212121212121212,1.0,,,,luminal-b,,
ARIH1,ARIH1,Messenger RNA,0.0,0,1,0.0,0.3325599381283836,0.0151515151515151,,,,,luminal-b,,
ARIH1,ARIH1,Messenger RNA,1.0,0,1,0.0015054002996529,0.5658198614318707,0.1212121212121212,1.0,,,,luminal-b,,
NF1,NF1,Messenger RNA,0.0,0,1,0.0,0.3325599381283836,0.0151515151515151,,,,,luminal-b,,
NF1,NF1,Messenger RNA,0.0,0,1,0.0006097299704811,0.5051546391752577,0.0606060606060606,1.0,,,,luminal-b,,
NF1,NF1,Messenger RNA,0.0,0,1,0.0,0.3325599381283836,0.0151515151515151,,,,,luminal-b,,
NF1,NF1,Messenger RNA,0.0,0,1,0.0006097299704811,0.5051546391752577,0.0606060606060606,1.0,,,,luminal-b,,
BBX,BBX,Messenger RNA,0.0,0,1,0.0091999299312684,0.3426294820717131,0.0303030303030303,1.0,,,,luminal-b,,
BBX,BBX,Messenger RNA,1.0,0,1,0.0036770691673077,0.6049382716049383,0.1818181818181818,1.0,,,,luminal-b,,
BBX,BBX,Messenger RNA,0.0,0,1,0.0091999299312684,0.3426294820717131,0.0303030303030303,1.0,,,,luminal-b,,
BBX,BBX,Messenger RNA,1.0,0,1,0.0036770691673077,0.6049382716049383,0.1818181818181818,1.0,,,,luminal-b,,
BBX,BBX,Messenger RNA,0.0,0,1,0.0091999299312684,0.3426294820717131,0.0303030303030303,1.0,,,,luminal-b,,
BBX,BBX,Messenger RNA,1.0,0,1,0.0036770691673077,0.6049382716049383,0.1818181818181818,1.0,,,,luminal-b,,
BBX,BBX,Messenger RNA,0.0,0,1,0.0091999299312684,0.3426294820717131,0.0303030303030303,1.0,,,,luminal-b,,
BBX,BBX,Messenger RNA,1.0,0,1,0.0036770691673077,0.6049382716049383,0.1818181818181818,1.0,,,,luminal-b,,
BBX,BBX,Messenger RNA,0.0,0,1,0.0091999299312684,0.3426294820717131,0.0303030303030303,1.0,,,,luminal-b,,
BBX,BBX,Messenger RNA,1.0,0,1,0.0036770691673077,0.6049382716049383,0.1818181818181818,1.0,,,,luminal-b,,
BBX,BBX,Messenger RNA,0.0,0,1,0.0091999299312684,0.3426294820717131,0.0303030303030303,1.0,,,,luminal-b,,
BBX,BBX,Messenger RNA,1.0,0,1,0.0036770691673077,0.6049382716049383,0.1818181818181818,1.0,,,,luminal-b,,
CREB1,CREB1,Messenger RNA,0.0,0,1,0.0,0.3325599381283836,0.0151515151515151,,,,,luminal-b,,
CREB1,CREB1,Messenger RNA,0.0,0,1,0.0,0.4702495201535508,0.0303030303030303,,,,,luminal-b,,
AFF3,AFF3,Messenger RNA,0.0,0,1,0.0091999299312684,0.3426294820717131,0.0303030303030303,1.0,,,,luminal-b,,
AFF3,AFF3,Messenger RNA,1.0,0,1,0.0,0.4720616570327553,0.0303030303030303,,,,,luminal-b,,
CALN1,CALN1,Messenger RNA,0.0,0,1,0.0,0.3295019157088122,0.0151515151515151,,,,,luminal-b,,
CALN1,CALN1,Messenger RNA,1.0,0,1,0.0537815485210925,0.6901408450704225,0.3333333333333333,0.9272727272727272,,,,luminal-b,,
CALN1,CALN1,Messenger RNA,0.0,0,1,0.0,0.3295019157088122,0.0151515151515151,,,,,luminal-b,,
CALN1,CALN1,Messenger RNA,1.0,0,1,0.0537815485210925,0.6901408450704225,0.3333333333333333,0.9272727272727272,,,,luminal-b,,
CALN1,CALN1,Messenger RNA,0.0,0,1,0.0,0.3295019157088122,0.0151515151515151,,,,,luminal-b,,
CALN1,CALN1,Messenger RNA,1.0,0,1,0.0537815485210925,0.6901408450704225,0.3333333333333333,0.9272727272727272,,,,luminal-b,,
CALN1,CALN1,Messenger RNA,0.0,0,1,0.0,0.3295019157088122,0.0151515151515151,,,,,luminal-b,,
CALN1,CALN1,Messenger RNA,1.0,0,1,0.0537815485210925,0.6901408450704225,0.3333333333333333,0.9272727272727272,,,,luminal-b,,
CALN1,CALN1,Messenger RNA,0.0,0,1,0.0,0.3295019157088122,0.0151515151515151,,,,,luminal-b,,
CALN1,CALN1,Messenger RNA,1.0,0,1,0.0537815485210925,0.6901408450704225,0.3333333333333333,0.9272727272727272,,,,luminal-b,,
CALN1,CALN1,Messenger RNA,0.0,0,1,0.0,0.3295019157088122,0.0151515151515151,,,,,luminal-b,,
CALN1,CALN1,Messenger RNA,1.0,0,1,0.0537815485210925,0.6901408450704225,0.3333333333333333,0.9272727272727272,,,,luminal-b,,
CALN1,CALN1,Messenger RNA,0.0,0,1,0.0,0.3295019157088122,0.0151515151515151,,,,,luminal-b,,
CALN1,CALN1,Messenger RNA,1.0,0,1,0.0537815485210925,0.6901408450704225,0.3333333333333333,0.9272727272727272,,,,luminal-b,,
CALN1,CALN1,Messenger RNA,0.0,0,1,0.0,0.3295019157088122,0.0151515151515151,,,,,luminal-b,,
CALN1,CALN1,Messenger RNA,1.0,0,1,0.0537815485210925,0.6901408450704225,0.3333333333333333,0.9272727272727272,,,,luminal-b,,
CALN1,CALN1,Messenger RNA,0.0,0,1,0.0,0.3295019157088122,0.0151515151515151,,,,,luminal-b,,
CALN1,CALN1,Messenger RNA,1.0,0,1,0.0537815485210925,0.6901408450704225,0.3333333333333333,0.9272727272727272,,,,luminal-b,,
CALN1,CALN1,Messenger RNA,0.0,0,1,0.0,0.3295019157088122,0.0151515151515151,,,,,luminal-b,,
CALN1,CALN1,Messenger RNA,1.0,0,1,0.0537815485210925,0.6901408450704225,0.3333333333333333,0.9272727272727272,,,,luminal-b,,
CALN1,CALN1,Messenger RNA,0.0,0,1,0.0,0.3295019157088122,0.0151515151515151,,,,,luminal-b,,
CALN1,CALN1,Messenger RNA,1.0,0,1,0.0537815485210925,0.6901408450704225,0.3333333333333333,0.9272727272727272,,,,luminal-b,,
TSPAN2,TSPAN2,Messenger RNA,0.0,0,1,0.0,0.3143274853801169,0.0151515151515151,,,,,luminal-b,,
TSPAN2,TSPAN2,Messenger RNA,0.0,0,1,0.0011731107484854,0.5737704918032787,0.1212121212121212,1.0,,,,luminal-b,,
TSPAN2,TSPAN2,Messenger RNA,0.0,0,1,0.0,0.3143274853801169,0.0151515151515151,,,,,luminal-b,,
TSPAN2,TSPAN2,Messenger RNA,0.0,0,1,0.0011731107484854,0.5737704918032787,0.1212121212121212,1.0,,,,luminal-b,,
TSPAN2,TSPAN2,Messenger RNA,0.0,0,1,0.0,0.3143274853801169,0.0151515151515151,,,,,luminal-b,,
TSPAN2,TSPAN2,Messenger RNA,0.0,0,1,0.0011731107484854,0.5737704918032787,0.1212121212121212,1.0,,,,luminal-b,,
TSPAN2,TSPAN2,Messenger RNA,0.0,0,1,0.0,0.3143274853801169,0.0151515151515151,,,,,luminal-b,,
TSPAN2,TSPAN2,Messenger RNA,0.0,0,1,0.0011731107484854,0.5737704918032787,0.1212121212121212,1.0,,,,luminal-b,,
FTO,FTO,Messenger RNA,0.0,0,1,0.0036242979897535,0.3235515425131678,0.0303030303030303,1.0,,,,luminal-b,,
FTO,FTO,Messenger RNA,0.0,0,1,0.0,0.4648956356736243,0.0303030303030303,,,,,luminal-b,,
RAP2B,RAP2B,Messenger RNA,0.0,0,1,0.0,0.3143274853801169,0.0151515151515151,,,,,luminal-b,,
RAP2B,RAP2B,Messenger RNA,0.0,0,1,0.0,0.4832347140039448,0.0303030303030303,,,,,luminal-b,,
KLF12,KLF12,Messenger RNA,0.0,0,1,0.085417852990404,0.3788546255506608,0.0606060606060606,0.3333333333333333,,,,luminal-b,,
KLF12,KLF12,Messenger RNA,0.0,0,1,0.0,0.4832347140039448,0.0303030303030303,,,,,luminal-b,,
TMTC3,TMTC3,Messenger RNA,0.0,0,1,0.0146340739098944,0.3242835595776772,0.0303030303030303,0.0,,,,luminal-b,,
TMTC3,TMTC3,Messenger RNA,3.0,0,1,0.0,0.4720616570327553,0.0303030303030303,,,,,luminal-b,,
WAC,WAC,Messenger RNA,0.0,0,1,0.0,0.3004891684136967,0.0151515151515151,,,,,luminal-b,,
WAC,WAC,Messenger RNA,0.0,0,1,0.001958853127842,0.5632183908045977,0.0909090909090909,1.0,,,,luminal-b,,
WAC,WAC,Messenger RNA,0.0,0,1,0.0,0.3004891684136967,0.0151515151515151,,,,,luminal-b,,
WAC,WAC,Messenger RNA,0.0,0,1,0.001958853127842,0.5632183908045977,0.0909090909090909,1.0,,,,luminal-b,,
WAC,WAC,Messenger RNA,0.0,0,1,0.0,0.3004891684136967,0.0151515151515151,,,,,luminal-b,,
WAC,WAC,Messenger RNA,0.0,0,1,0.001958853127842,0.5632183908045977,0.0909090909090909,1.0,,,,luminal-b,,
TMED8,TMED8,Messenger RNA,0.0,0,1,0.0251199986710672,0.3168754605747974,0.0303030303030303,0.0,,,,luminal-b,,
TMED8,TMED8,Messenger RNA,0.0,0,1,0.0270893827725021,0.649867374005305,0.2424242424242424,0.9285714285714286,,,,luminal-b,,
TMED8,TMED8,Messenger RNA,0.0,0,1,0.0251199986710672,0.3168754605747974,0.0303030303030303,0.0,,,,luminal-b,,
TMED8,TMED8,Messenger RNA,0.0,0,1,0.0270893827725021,0.649867374005305,0.2424242424242424,0.9285714285714286,,,,luminal-b,,
TMED8,TMED8,Messenger RNA,0.0,0,1,0.0251199986710672,0.3168754605747974,0.0303030303030303,0.0,,,,luminal-b,,
TMED8,TMED8,Messenger RNA,0.0,0,1,0.0270893827725021,0.649867374005305,0.2424242424242424,0.9285714285714286,,,,luminal-b,,
TMED8,TMED8,Messenger RNA,0.0,0,1,0.0251199986710672,0.3168754605747974,0.0303030303030303,0.0,,,,luminal-b,,
TMED8,TMED8,Messenger RNA,0.0,0,1,0.0270893827725021,0.649867374005305,0.2424242424242424,0.9285714285714286,,,,luminal-b,,
TMED8,TMED8,Messenger RNA,0.0,0,1,0.0251199986710672,0.3168754605747974,0.0303030303030303,0.0,,,,luminal-b,,
TMED8,TMED8,Messenger RNA,0.0,0,1,0.0270893827725021,0.649867374005305,0.2424242424242424,0.9285714285714286,,,,luminal-b,,
TMED8,TMED8,Messenger RNA,0.0,0,1,0.0251199986710672,0.3168754605747974,0.0303030303030303,0.0,,,,luminal-b,,
TMED8,TMED8,Messenger RNA,0.0,0,1,0.0270893827725021,0.649867374005305,0.2424242424242424,0.9285714285714286,,,,luminal-b,,
TMED8,TMED8,Messenger RNA,0.0,0,1,0.0251199986710672,0.3168754605747974,0.0303030303030303,0.0,,,,luminal-b,,
TMED8,TMED8,Messenger RNA,0.0,0,1,0.0270893827725021,0.649867374005305,0.2424242424242424,0.9285714285714286,,,,luminal-b,,
TMED8,TMED8,Messenger RNA,0.0,0,1,0.0251199986710672,0.3168754605747974,0.0303030303030303,0.0,,,,luminal-b,,
TMED8,TMED8,Messenger RNA,0.0,0,1,0.0270893827725021,0.649867374005305,0.2424242424242424,0.9285714285714286,,,,luminal-b,,
YTHDC1,YTHDC1,Messenger RNA,0.0,0,1,0.0,0.3004891684136967,0.0151515151515151,,,,,luminal-b,,
YTHDC1,YTHDC1,Messenger RNA,0.0,0,1,0.0026730969667955,0.5456570155902004,0.1212121212121212,1.0,,,,luminal-b,,
YTHDC1,YTHDC1,Messenger RNA,0.0,0,1,0.0,0.3004891684136967,0.0151515151515151,,,,,luminal-b,,
YTHDC1,YTHDC1,Messenger RNA,0.0,0,1,0.0026730969667955,0.5456570155902004,0.1212121212121212,1.0,,,,luminal-b,,
YTHDC1,YTHDC1,Messenger RNA,0.0,0,1,0.0,0.3004891684136967,0.0151515151515151,,,,,luminal-b,,
YTHDC1,YTHDC1,Messenger RNA,0.0,0,1,0.0026730969667955,0.5456570155902004,0.1212121212121212,1.0,,,,luminal-b,,
YTHDC1,YTHDC1,Messenger RNA,0.0,0,1,0.0,0.3004891684136967,0.0151515151515151,,,,,luminal-b,,
YTHDC1,YTHDC1,Messenger RNA,0.0,0,1,0.0026730969667955,0.5456570155902004,0.1212121212121212,1.0,,,,luminal-b,,
LIN54,LIN54,Messenger RNA,0.0,0,1,0.0,0.3004891684136967,0.0151515151515151,,,,,luminal-b,,
LIN54,LIN54,Messenger RNA,2.0,0,1,0.0011237801410389,0.5819477434679335,0.0909090909090909,1.0,,,,luminal-b,,
LIN54,LIN54,Messenger RNA,0.0,0,1,0.0,0.3004891684136967,0.0151515151515151,,,,,luminal-b,,
LIN54,LIN54,Messenger RNA,2.0,0,1,0.0011237801410389,0.5819477434679335,0.0909090909090909,1.0,,,,luminal-b,,
LIN54,LIN54,Messenger RNA,0.0,0,1,0.0,0.3004891684136967,0.0151515151515151,,,,,luminal-b,,
LIN54,LIN54,Messenger RNA,2.0,0,1,0.0011237801410389,0.5819477434679335,0.0909090909090909,1.0,,,,luminal-b,,
FGF1,FGF1,Messenger RNA,0.0,0,1,0.0,0.3252647503782148,0.0151515151515151,,,,,luminal-b,,
FGF1,FGF1,Messenger RNA,0.0,0,1,0.000973567824513,0.5555555555555556,0.0909090909090909,1.0,,,,luminal-b,,
FGF1,FGF1,Messenger RNA,0.0,0,1,0.0,0.3252647503782148,0.0151515151515151,,,,,luminal-b,,
FGF1,FGF1,Messenger RNA,0.0,0,1,0.000973567824513,0.5555555555555556,0.0909090909090909,1.0,,,,luminal-b,,
FGF1,FGF1,Messenger RNA,0.0,0,1,0.0,0.3252647503782148,0.0151515151515151,,,,,luminal-b,,
FGF1,FGF1,Messenger RNA,0.0,0,1,0.000973567824513,0.5555555555555556,0.0909090909090909,1.0,,,,luminal-b,,
RUNX1T1,RUNX1T1,Messenger RNA,0.0,0,1,0.0218790232156209,0.3640982218458933,0.0303030303030303,0.0,,,,luminal-b,,
RUNX1T1,RUNX1T1,Messenger RNA,0.0,0,1,0.0480219339206297,0.7101449275362319,0.5757575757575758,1.0,,,,luminal-b,,
RUNX1T1,RUNX1T1,Messenger RNA,0.0,0,1,0.0218790232156209,0.3640982218458933,0.0303030303030303,0.0,,,,luminal-b,,
RUNX1T1,RUNX1T1,Messenger RNA,0.0,0,1,0.0480219339206297,0.7101449275362319,0.5757575757575758,1.0,,,,luminal-b,,
RUNX1T1,RUNX1T1,Messenger RNA,0.0,0,1,0.0218790232156209,0.3640982218458933,0.0303030303030303,0.0,,,,luminal-b,,
RUNX1T1,RUNX1T1,Messenger RNA,0.0,0,1,0.0480219339206297,0.7101449275362319,0.5757575757575758,1.0,,,,luminal-b,,
RUNX1T1,RUNX1T1,Messenger RNA,0.0,0,1,0.0218790232156209,0.3640982218458933,0.0303030303030303,0.0,,,,luminal-b,,
RUNX1T1,RUNX1T1,Messenger RNA,0.0,0,1,0.0480219339206297,0.7101449275362319,0.5757575757575758,1.0,,,,luminal-b,,
RUNX1T1,RUNX1T1,Messenger RNA,0.0,0,1,0.0218790232156209,0.3640982218458933,0.0303030303030303,0.0,,,,luminal-b,,
RUNX1T1,RUNX1T1,Messenger RNA,0.0,0,1,0.0480219339206297,0.7101449275362319,0.5757575757575758,1.0,,,,luminal-b,,
RUNX1T1,RUNX1T1,Messenger RNA,0.0,0,1,0.0218790232156209,0.3640982218458933,0.0303030303030303,0.0,,,,luminal-b,,
RUNX1T1,RUNX1T1,Messenger RNA,0.0,0,1,0.0480219339206297,0.7101449275362319,0.5757575757575758,1.0,,,,luminal-b,,
RUNX1T1,RUNX1T1,Messenger RNA,0.0,0,1,0.0218790232156209,0.3640982218458933,0.0303030303030303,0.0,,,,luminal-b,,
RUNX1T1,RUNX1T1,Messenger RNA,0.0,0,1,0.0480219339206297,0.7101449275362319,0.5757575757575758,1.0,,,,luminal-b,,
RUNX1T1,RUNX1T1,Messenger RNA,0.0,0,1,0.0218790232156209,0.3640982218458933,0.0303030303030303,0.0,,,,luminal-b,,
RUNX1T1,RUNX1T1,Messenger RNA,0.0,0,1,0.0480219339206297,0.7101449275362319,0.5757575757575758,1.0,,,,luminal-b,,
RUNX1T1,RUNX1T1,Messenger RNA,0.0,0,1,0.0218790232156209,0.3640982218458933,0.0303030303030303,0.0,,,,luminal-b,,
RUNX1T1,RUNX1T1,Messenger RNA,0.0,0,1,0.0480219339206297,0.7101449275362319,0.5757575757575758,1.0,,,,luminal-b,,
RUNX1T1,RUNX1T1,Messenger RNA,0.0,0,1,0.0218790232156209,0.3640982218458933,0.0303030303030303,0.0,,,,luminal-b,,
RUNX1T1,RUNX1T1,Messenger RNA,0.0,0,1,0.0480219339206297,0.7101449275362319,0.5757575757575758,1.0,,,,luminal-b,,
RUNX1T1,RUNX1T1,Messenger RNA,0.0,0,1,0.0218790232156209,0.3640982218458933,0.0303030303030303,0.0,,,,luminal-b,,
RUNX1T1,RUNX1T1,Messenger RNA,0.0,0,1,0.0480219339206297,0.7101449275362319,0.5757575757575758,1.0,,,,luminal-b,,
RUNX1T1,RUNX1T1,Messenger RNA,0.0,0,1,0.0218790232156209,0.3640982218458933,0.0303030303030303,0.0,,,,luminal-b,,
RUNX1T1,RUNX1T1,Messenger RNA,0.0,0,1,0.0480219339206297,0.7101449275362319,0.5757575757575758,1.0,,,,luminal-b,,
RUNX1T1,RUNX1T1,Messenger RNA,0.0,0,1,0.0218790232156209,0.3640982218458933,0.0303030303030303,0.0,,,,luminal-b,,
RUNX1T1,RUNX1T1,Messenger RNA,0.0,0,1,0.0480219339206297,0.7101449275362319,0.5757575757575758,1.0,,,,luminal-b,,
RUNX1T1,RUNX1T1,Messenger RNA,0.0,0,1,0.0218790232156209,0.3640982218458933,0.0303030303030303,0.0,,,,luminal-b,,
RUNX1T1,RUNX1T1,Messenger RNA,0.0,0,1,0.0480219339206297,0.7101449275362319,0.5757575757575758,1.0,,,,luminal-b,,
RUNX1T1,RUNX1T1,Messenger RNA,0.0,0,1,0.0218790232156209,0.3640982218458933,0.0303030303030303,0.0,,,,luminal-b,,
RUNX1T1,RUNX1T1,Messenger RNA,0.0,0,1,0.0480219339206297,0.7101449275362319,0.5757575757575758,1.0,,,,luminal-b,,
RUNX1T1,RUNX1T1,Messenger RNA,0.0,0,1,0.0218790232156209,0.3640982218458933,0.0303030303030303,0.0,,,,luminal-b,,
RUNX1T1,RUNX1T1,Messenger RNA,0.0,0,1,0.0480219339206297,0.7101449275362319,0.5757575757575758,1.0,,,,luminal-b,,
RUNX1T1,RUNX1T1,Messenger RNA,0.0,0,1,0.0218790232156209,0.3640982218458933,0.0303030303030303,0.0,,,,luminal-b,,
RUNX1T1,RUNX1T1,Messenger RNA,0.0,0,1,0.0480219339206297,0.7101449275362319,0.5757575757575758,1.0,,,,luminal-b,,
RUNX1T1,RUNX1T1,Messenger RNA,0.0,0,1,0.0218790232156209,0.3640982218458933,0.0303030303030303,0.0,,,,luminal-b,,
RUNX1T1,RUNX1T1,Messenger RNA,0.0,0,1,0.0480219339206297,0.7101449275362319,0.5757575757575758,1.0,,,,luminal-b,,
RUNX1T1,RUNX1T1,Messenger RNA,0.0,0,1,0.0218790232156209,0.3640982218458933,0.0303030303030303,0.0,,,,luminal-b,,
RUNX1T1,RUNX1T1,Messenger RNA,0.0,0,1,0.0480219339206297,0.7101449275362319,0.5757575757575758,1.0,,,,luminal-b,,
AKAP12,AKAP12,Messenger RNA,0.0,0,1,0.0,0.3252647503782148,0.0151515151515151,,,,,luminal-b,,
AKAP12,AKAP12,Messenger RNA,1.0,0,1,0.0,0.4909819639278557,0.0303030303030303,,,,,luminal-b,,
DZIP1,DZIP1,Messenger RNA,0.0,0,1,0.0107186267188365,0.3675213675213675,0.0303030303030303,1.0,,,,luminal-b,,
DZIP1,DZIP1,Messenger RNA,0.0,0,1,0.0286232613877153,0.6712328767123288,0.4242424242424242,1.0,,,,luminal-b,,
DZIP1,DZIP1,Messenger RNA,0.0,0,1,0.0107186267188365,0.3675213675213675,0.0303030303030303,1.0,,,,luminal-b,,
DZIP1,DZIP1,Messenger RNA,0.0,0,1,0.0286232613877153,0.6712328767123288,0.4242424242424242,1.0,,,,luminal-b,,
DZIP1,DZIP1,Messenger RNA,0.0,0,1,0.0107186267188365,0.3675213675213675,0.0303030303030303,1.0,,,,luminal-b,,
DZIP1,DZIP1,Messenger RNA,0.0,0,1,0.0286232613877153,0.6712328767123288,0.4242424242424242,1.0,,,,luminal-b,,
DZIP1,DZIP1,Messenger RNA,0.0,0,1,0.0107186267188365,0.3675213675213675,0.0303030303030303,1.0,,,,luminal-b,,
DZIP1,DZIP1,Messenger RNA,0.0,0,1,0.0286232613877153,0.6712328767123288,0.4242424242424242,1.0,,,,luminal-b,,
DZIP1,DZIP1,Messenger RNA,0.0,0,1,0.0107186267188365,0.3675213675213675,0.0303030303030303,1.0,,,,luminal-b,,
DZIP1,DZIP1,Messenger RNA,0.0,0,1,0.0286232613877153,0.6712328767123288,0.4242424242424242,1.0,,,,luminal-b,,
DZIP1,DZIP1,Messenger RNA,0.0,0,1,0.0107186267188365,0.3675213675213675,0.0303030303030303,1.0,,,,luminal-b,,
DZIP1,DZIP1,Messenger RNA,0.0,0,1,0.0286232613877153,0.6712328767123288,0.4242424242424242,1.0,,,,luminal-b,,
DZIP1,DZIP1,Messenger RNA,0.0,0,1,0.0107186267188365,0.3675213675213675,0.0303030303030303,1.0,,,,luminal-b,,
DZIP1,DZIP1,Messenger RNA,0.0,0,1,0.0286232613877153,0.6712328767123288,0.4242424242424242,1.0,,,,luminal-b,,
DZIP1,DZIP1,Messenger RNA,0.0,0,1,0.0107186267188365,0.3675213675213675,0.0303030303030303,1.0,,,,luminal-b,,
DZIP1,DZIP1,Messenger RNA,0.0,0,1,0.0286232613877153,0.6712328767123288,0.4242424242424242,1.0,,,,luminal-b,,
DZIP1,DZIP1,Messenger RNA,0.0,0,1,0.0107186267188365,0.3675213675213675,0.0303030303030303,1.0,,,,luminal-b,,
DZIP1,DZIP1,Messenger RNA,0.0,0,1,0.0286232613877153,0.6712328767123288,0.4242424242424242,1.0,,,,luminal-b,,
DZIP1,DZIP1,Messenger RNA,0.0,0,1,0.0107186267188365,0.3675213675213675,0.0303030303030303,1.0,,,,luminal-b,,
DZIP1,DZIP1,Messenger RNA,0.0,0,1,0.0286232613877153,0.6712328767123288,0.4242424242424242,1.0,,,,luminal-b,,
DZIP1,DZIP1,Messenger RNA,0.0,0,1,0.0107186267188365,0.3675213675213675,0.0303030303030303,1.0,,,,luminal-b,,
DZIP1,DZIP1,Messenger RNA,0.0,0,1,0.0286232613877153,0.6712328767123288,0.4242424242424242,1.0,,,,luminal-b,,
DZIP1,DZIP1,Messenger RNA,0.0,0,1,0.0107186267188365,0.3675213675213675,0.0303030303030303,1.0,,,,luminal-b,,
DZIP1,DZIP1,Messenger RNA,0.0,0,1,0.0286232613877153,0.6712328767123288,0.4242424242424242,1.0,,,,luminal-b,,
DZIP1,DZIP1,Messenger RNA,0.0,0,1,0.0107186267188365,0.3675213675213675,0.0303030303030303,1.0,,,,luminal-b,,
DZIP1,DZIP1,Messenger RNA,0.0,0,1,0.0286232613877153,0.6712328767123288,0.4242424242424242,1.0,,,,luminal-b,,
DZIP1,DZIP1,Messenger RNA,0.0,0,1,0.0107186267188365,0.3675213675213675,0.0303030303030303,1.0,,,,luminal-b,,
DZIP1,DZIP1,Messenger RNA,0.0,0,1,0.0286232613877153,0.6712328767123288,0.4242424242424242,1.0,,,,luminal-b,,
BACH2,BACH2,Messenger RNA,0.0,0,1,0.0123536066066763,0.3323029366306028,0.0303030303030303,1.0,,,,luminal-b,,
BACH2,BACH2,Messenger RNA,1.0,0,1,0.0020449413756419,0.5791962174940898,0.1515151515151515,1.0,,,,luminal-b,,
BACH2,BACH2,Messenger RNA,0.0,0,1,0.0123536066066763,0.3323029366306028,0.0303030303030303,1.0,,,,luminal-b,,
BACH2,BACH2,Messenger RNA,1.0,0,1,0.0020449413756419,0.5791962174940898,0.1515151515151515,1.0,,,,luminal-b,,
BACH2,BACH2,Messenger RNA,0.0,0,1,0.0123536066066763,0.3323029366306028,0.0303030303030303,1.0,,,,luminal-b,,
BACH2,BACH2,Messenger RNA,1.0,0,1,0.0020449413756419,0.5791962174940898,0.1515151515151515,1.0,,,,luminal-b,,
BACH2,BACH2,Messenger RNA,0.0,0,1,0.0123536066066763,0.3323029366306028,0.0303030303030303,1.0,,,,luminal-b,,
BACH2,BACH2,Messenger RNA,1.0,0,1,0.0020449413756419,0.5791962174940898,0.1515151515151515,1.0,,,,luminal-b,,
BACH2,BACH2,Messenger RNA,0.0,0,1,0.0123536066066763,0.3323029366306028,0.0303030303030303,1.0,,,,luminal-b,,
BACH2,BACH2,Messenger RNA,1.0,0,1,0.0020449413756419,0.5791962174940898,0.1515151515151515,1.0,,,,luminal-b,,
SPIN1,SPIN1,Messenger RNA,0.0,0,1,0.0,0.3235515425131678,0.0151515151515151,,,,,luminal-b,,
SPIN1,SPIN1,Messenger RNA,0.0,0,1,0.0,0.4702495201535508,0.0303030303030303,,,,,luminal-b,,
PPIC,PPIC,Messenger RNA,0.0,0,1,0.0,0.3171091445427728,0.0151515151515151,,,,,luminal-b,,
PPIC,PPIC,Messenger RNA,0.0,0,1,0.0010420776340686,0.5432372505543237,0.0909090909090909,1.0,,,,luminal-b,,
PPIC,PPIC,Messenger RNA,0.0,0,1,0.0,0.3171091445427728,0.0151515151515151,,,,,luminal-b,,
PPIC,PPIC,Messenger RNA,0.0,0,1,0.0010420776340686,0.5432372505543237,0.0909090909090909,1.0,,,,luminal-b,,
PPIC,PPIC,Messenger RNA,0.0,0,1,0.0,0.3171091445427728,0.0151515151515151,,,,,luminal-b,,
PPIC,PPIC,Messenger RNA,0.0,0,1,0.0010420776340686,0.5432372505543237,0.0909090909090909,1.0,,,,luminal-b,,
DIO2,DIO2,Messenger RNA,0.0,0,1,0.0,0.3171091445427728,0.0151515151515151,,,,,luminal-b,,
DIO2,DIO2,Messenger RNA,0.0,0,1,0.0001732604824015,0.5246252676659529,0.0606060606060606,1.0,,,,luminal-b,,
DIO2,DIO2,Messenger RNA,0.0,0,1,0.0,0.3171091445427728,0.0151515151515151,,,,,luminal-b,,
DIO2,DIO2,Messenger RNA,0.0,0,1,0.0001732604824015,0.5246252676659529,0.0606060606060606,1.0,,,,luminal-b,,
DAAM1,DAAM1,Messenger RNA,1.0,0,1,0.023989076379534,0.3448275862068966,0.0303030303030303,0.0,,,,luminal-b,,
DAAM1,DAAM1,Messenger RNA,0.0,0,1,0.0005282050132666,0.4989816700610998,0.0606060606060606,1.0,,,,luminal-b,,
DAAM1,DAAM1,Messenger RNA,1.0,0,1,0.023989076379534,0.3448275862068966,0.0303030303030303,0.0,,,,luminal-b,,
DAAM1,DAAM1,Messenger RNA,0.0,0,1,0.0005282050132666,0.4989816700610998,0.0606060606060606,1.0,,,,luminal-b,,
COL6A3,COL6A3,Messenger RNA,0.0,0,1,0.0,0.3171091445427728,0.0151515151515151,,,,,luminal-b,,
COL6A3,COL6A3,Messenger RNA,0.0,0,1,0.0009378905177055,0.5136268343815513,0.0909090909090909,1.0,,,,luminal-b,,
COL6A3,COL6A3,Messenger RNA,0.0,0,1,0.0,0.3171091445427728,0.0151515151515151,,,,,luminal-b,,
COL6A3,COL6A3,Messenger RNA,0.0,0,1,0.0009378905177055,0.5136268343815513,0.0909090909090909,1.0,,,,luminal-b,,
COL6A3,COL6A3,Messenger RNA,0.0,0,1,0.0,0.3171091445427728,0.0151515151515151,,,,,luminal-b,,
COL6A3,COL6A3,Messenger RNA,0.0,0,1,0.0009378905177055,0.5136268343815513,0.0909090909090909,1.0,,,,luminal-b,,
KCTD20,KCTD20,Messenger RNA,0.0,0,1,0.0,0.3171091445427728,0.0151515151515151,,,,,luminal-b,,
KCTD20,KCTD20,Messenger RNA,0.0,0,1,0.0263101810002301,0.6298200514138818,0.2727272727272727,0.9444444444444444,,,,luminal-b,,
KCTD20,KCTD20,Messenger RNA,0.0,0,1,0.0,0.3171091445427728,0.0151515151515151,,,,,luminal-b,,
KCTD20,KCTD20,Messenger RNA,0.0,0,1,0.0263101810002301,0.6298200514138818,0.2727272727272727,0.9444444444444444,,,,luminal-b,,
KCTD20,KCTD20,Messenger RNA,0.0,0,1,0.0,0.3171091445427728,0.0151515151515151,,,,,luminal-b,,
KCTD20,KCTD20,Messenger RNA,0.0,0,1,0.0263101810002301,0.6298200514138818,0.2727272727272727,0.9444444444444444,,,,luminal-b,,
KCTD20,KCTD20,Messenger RNA,0.0,0,1,0.0,0.3171091445427728,0.0151515151515151,,,,,luminal-b,,
KCTD20,KCTD20,Messenger RNA,0.0,0,1,0.0263101810002301,0.6298200514138818,0.2727272727272727,0.9444444444444444,,,,luminal-b,,
KCTD20,KCTD20,Messenger RNA,0.0,0,1,0.0,0.3171091445427728,0.0151515151515151,,,,,luminal-b,,
KCTD20,KCTD20,Messenger RNA,0.0,0,1,0.0263101810002301,0.6298200514138818,0.2727272727272727,0.9444444444444444,,,,luminal-b,,
KCTD20,KCTD20,Messenger RNA,0.0,0,1,0.0,0.3171091445427728,0.0151515151515151,,,,,luminal-b,,
KCTD20,KCTD20,Messenger RNA,0.0,0,1,0.0263101810002301,0.6298200514138818,0.2727272727272727,0.9444444444444444,,,,luminal-b,,
KCTD20,KCTD20,Messenger RNA,0.0,0,1,0.0,0.3171091445427728,0.0151515151515151,,,,,luminal-b,,
KCTD20,KCTD20,Messenger RNA,0.0,0,1,0.0263101810002301,0.6298200514138818,0.2727272727272727,0.9444444444444444,,,,luminal-b,,
KCTD20,KCTD20,Messenger RNA,0.0,0,1,0.0,0.3171091445427728,0.0151515151515151,,,,,luminal-b,,
KCTD20,KCTD20,Messenger RNA,0.0,0,1,0.0263101810002301,0.6298200514138818,0.2727272727272727,0.9444444444444444,,,,luminal-b,,
KCTD20,KCTD20,Messenger RNA,0.0,0,1,0.0,0.3171091445427728,0.0151515151515151,,,,,luminal-b,,
KCTD20,KCTD20,Messenger RNA,0.0,0,1,0.0263101810002301,0.6298200514138818,0.2727272727272727,0.9444444444444444,,,,luminal-b,,
KIRREL1,KIRREL1,Messenger RNA,0.0,0,1,0.0312607568322846,0.3815439219165927,0.0454545454545454,0.6666666666666666,,,,luminal-b,,
KIRREL1,KIRREL1,Messenger RNA,0.0,0,1,0.0007052036327558,0.5408388520971302,0.0909090909090909,1.0,,,,luminal-b,,
KIRREL1,KIRREL1,Messenger RNA,0.0,0,1,0.0312607568322846,0.3815439219165927,0.0454545454545454,0.6666666666666666,,,,luminal-b,,
KIRREL1,KIRREL1,Messenger RNA,0.0,0,1,0.0007052036327558,0.5408388520971302,0.0909090909090909,1.0,,,,luminal-b,,
KIRREL1,KIRREL1,Messenger RNA,0.0,0,1,0.0312607568322846,0.3815439219165927,0.0454545454545454,0.6666666666666666,,,,luminal-b,,
KIRREL1,KIRREL1,Messenger RNA,0.0,0,1,0.0007052036327558,0.5408388520971302,0.0909090909090909,1.0,,,,luminal-b,,
GBA2,GBA2,Messenger RNA,0.0,0,1,0.0,0.2649414664202095,0.0151515151515151,,,,,luminal-b,,
GBA2,GBA2,Messenger RNA,0.0,0,1,0.0,0.4720616570327553,0.0303030303030303,,,,,luminal-b,,
CREBL2,CREBL2,Messenger RNA,0.0,0,1,0.06872750528384,0.3507340946166394,0.0303030303030303,0.0,,,,luminal-b,,
CREBL2,CREBL2,Messenger RNA,0.0,0,1,0.0,0.5157894736842106,0.0303030303030303,,,,,luminal-b,,
ACVR1B,ACVR1B,Messenger RNA,0.0,0,1,0.0,0.2649414664202095,0.0151515151515151,,,,,luminal-b,,
ACVR1B,ACVR1B,Messenger RNA,1.0,0,1,0.0010898570640134,0.5555555555555556,0.0606060606060606,1.0,,,,luminal-b,,
ACVR1B,ACVR1B,Messenger RNA,0.0,0,1,0.0,0.2649414664202095,0.0151515151515151,,,,,luminal-b,,
ACVR1B,ACVR1B,Messenger RNA,1.0,0,1,0.0010898570640134,0.5555555555555556,0.0606060606060606,1.0,,,,luminal-b,,
NEK4,NEK4,Messenger RNA,0.0,0,1,0.0,0.2649414664202095,0.0151515151515151,,,,,luminal-b,,
NEK4,NEK4,Messenger RNA,0.0,0,1,0.0354780086847977,0.639686684073107,0.2424242424242424,0.8214285714285714,,,,luminal-b,,
NEK4,NEK4,Messenger RNA,0.0,0,1,0.0,0.2649414664202095,0.0151515151515151,,,,,luminal-b,,
NEK4,NEK4,Messenger RNA,0.0,0,1,0.0354780086847977,0.639686684073107,0.2424242424242424,0.8214285714285714,,,,luminal-b,,
NEK4,NEK4,Messenger RNA,0.0,0,1,0.0,0.2649414664202095,0.0151515151515151,,,,,luminal-b,,
NEK4,NEK4,Messenger RNA,0.0,0,1,0.0354780086847977,0.639686684073107,0.2424242424242424,0.8214285714285714,,,,luminal-b,,
NEK4,NEK4,Messenger RNA,0.0,0,1,0.0,0.2649414664202095,0.0151515151515151,,,,,luminal-b,,
NEK4,NEK4,Messenger RNA,0.0,0,1,0.0354780086847977,0.639686684073107,0.2424242424242424,0.8214285714285714,,,,luminal-b,,
NEK4,NEK4,Messenger RNA,0.0,0,1,0.0,0.2649414664202095,0.0151515151515151,,,,,luminal-b,,
NEK4,NEK4,Messenger RNA,0.0,0,1,0.0354780086847977,0.639686684073107,0.2424242424242424,0.8214285714285714,,,,luminal-b,,
NEK4,NEK4,Messenger RNA,0.0,0,1,0.0,0.2649414664202095,0.0151515151515151,,,,,luminal-b,,
NEK4,NEK4,Messenger RNA,0.0,0,1,0.0354780086847977,0.639686684073107,0.2424242424242424,0.8214285714285714,,,,luminal-b,,
NEK4,NEK4,Messenger RNA,0.0,0,1,0.0,0.2649414664202095,0.0151515151515151,,,,,luminal-b,,
NEK4,NEK4,Messenger RNA,0.0,0,1,0.0354780086847977,0.639686684073107,0.2424242424242424,0.8214285714285714,,,,luminal-b,,
NEK4,NEK4,Messenger RNA,0.0,0,1,0.0,0.2649414664202095,0.0151515151515151,,,,,luminal-b,,
NEK4,NEK4,Messenger RNA,0.0,0,1,0.0354780086847977,0.639686684073107,0.2424242424242424,0.8214285714285714,,,,luminal-b,,
TMED8,TMED8,Messenger RNA,0.0,0,1,0.0251199986710672,0.3168754605747974,0.0303030303030303,0.0,,,,luminal-b,,
TMED8,TMED8,Messenger RNA,0.0,0,1,0.0270893827725021,0.649867374005305,0.2424242424242424,0.9285714285714286,,,,luminal-b,,
TMED8,TMED8,Messenger RNA,0.0,0,1,0.0251199986710672,0.3168754605747974,0.0303030303030303,0.0,,,,luminal-b,,
TMED8,TMED8,Messenger RNA,0.0,0,1,0.0270893827725021,0.649867374005305,0.2424242424242424,0.9285714285714286,,,,luminal-b,,
TMED8,TMED8,Messenger RNA,0.0,0,1,0.0251199986710672,0.3168754605747974,0.0303030303030303,0.0,,,,luminal-b,,
TMED8,TMED8,Messenger RNA,0.0,0,1,0.0270893827725021,0.649867374005305,0.2424242424242424,0.9285714285714286,,,,luminal-b,,
TMED8,TMED8,Messenger RNA,0.0,0,1,0.0251199986710672,0.3168754605747974,0.0303030303030303,0.0,,,,luminal-b,,
TMED8,TMED8,Messenger RNA,0.0,0,1,0.0270893827725021,0.649867374005305,0.2424242424242424,0.9285714285714286,,,,luminal-b,,
TMED8,TMED8,Messenger RNA,0.0,0,1,0.0251199986710672,0.3168754605747974,0.0303030303030303,0.0,,,,luminal-b,,
TMED8,TMED8,Messenger RNA,0.0,0,1,0.0270893827725021,0.649867374005305,0.2424242424242424,0.9285714285714286,,,,luminal-b,,
TMED8,TMED8,Messenger RNA,0.0,0,1,0.0251199986710672,0.3168754605747974,0.0303030303030303,0.0,,,,luminal-b,,
TMED8,TMED8,Messenger RNA,0.0,0,1,0.0270893827725021,0.649867374005305,0.2424242424242424,0.9285714285714286,,,,luminal-b,,
TMED8,TMED8,Messenger RNA,0.0,0,1,0.0251199986710672,0.3168754605747974,0.0303030303030303,0.0,,,,luminal-b,,
TMED8,TMED8,Messenger RNA,0.0,0,1,0.0270893827725021,0.649867374005305,0.2424242424242424,0.9285714285714286,,,,luminal-b,,
TMED8,TMED8,Messenger RNA,0.0,0,1,0.0251199986710672,0.3168754605747974,0.0303030303030303,0.0,,,,luminal-b,,
TMED8,TMED8,Messenger RNA,0.0,0,1,0.0270893827725021,0.649867374005305,0.2424242424242424,0.9285714285714286,,,,luminal-b,,
NEDD4L,NEDD4L,Messenger RNA,0.0,0,1,0.0,0.2649414664202095,0.0151515151515151,,,,,luminal-b,,
NEDD4L,NEDD4L,Messenger RNA,0.0,0,1,0.0024123705874335,0.5764705882352941,0.1515151515151515,1.0,,,,luminal-b,,
NEDD4L,NEDD4L,Messenger RNA,0.0,0,1,0.0,0.2649414664202095,0.0151515151515151,,,,,luminal-b,,
NEDD4L,NEDD4L,Messenger RNA,0.0,0,1,0.0024123705874335,0.5764705882352941,0.1515151515151515,1.0,,,,luminal-b,,
NEDD4L,NEDD4L,Messenger RNA,0.0,0,1,0.0,0.2649414664202095,0.0151515151515151,,,,,luminal-b,,
NEDD4L,NEDD4L,Messenger RNA,0.0,0,1,0.0024123705874335,0.5764705882352941,0.1515151515151515,1.0,,,,luminal-b,,
NEDD4L,NEDD4L,Messenger RNA,0.0,0,1,0.0,0.2649414664202095,0.0151515151515151,,,,,luminal-b,,
NEDD4L,NEDD4L,Messenger RNA,0.0,0,1,0.0024123705874335,0.5764705882352941,0.1515151515151515,1.0,,,,luminal-b,,
NEDD4L,NEDD4L,Messenger RNA,0.0,0,1,0.0,0.2649414664202095,0.0151515151515151,,,,,luminal-b,,
NEDD4L,NEDD4L,Messenger RNA,0.0,0,1,0.0024123705874335,0.5764705882352941,0.1515151515151515,1.0,,,,luminal-b,,
STRADB,STRADB,Messenger RNA,0.0,0,1,0.0,0.2649414664202095,0.0151515151515151,,,,,luminal-b,,
STRADB,STRADB,Messenger RNA,0.0,0,1,0.0,0.481335952848723,0.0303030303030303,,,,,luminal-b,,
KIAA1217,KIAA1217,Messenger RNA,0.0,0,1,0.0,0.3364632237871675,0.0151515151515151,,,,,luminal-b,,
KIAA1217,KIAA1217,Messenger RNA,0.0,0,1,0.0257665036659305,0.6298200514138818,0.2121212121212121,1.0,,,,luminal-b,,
KIAA1217,KIAA1217,Messenger RNA,0.0,0,1,0.0,0.3364632237871675,0.0151515151515151,,,,,luminal-b,,
KIAA1217,KIAA1217,Messenger RNA,0.0,0,1,0.0257665036659305,0.6298200514138818,0.2121212121212121,1.0,,,,luminal-b,,
KIAA1217,KIAA1217,Messenger RNA,0.0,0,1,0.0,0.3364632237871675,0.0151515151515151,,,,,luminal-b,,
KIAA1217,KIAA1217,Messenger RNA,0.0,0,1,0.0257665036659305,0.6298200514138818,0.2121212121212121,1.0,,,,luminal-b,,
KIAA1217,KIAA1217,Messenger RNA,0.0,0,1,0.0,0.3364632237871675,0.0151515151515151,,,,,luminal-b,,
KIAA1217,KIAA1217,Messenger RNA,0.0,0,1,0.0257665036659305,0.6298200514138818,0.2121212121212121,1.0,,,,luminal-b,,
KIAA1217,KIAA1217,Messenger RNA,0.0,0,1,0.0,0.3364632237871675,0.0151515151515151,,,,,luminal-b,,
KIAA1217,KIAA1217,Messenger RNA,0.0,0,1,0.0257665036659305,0.6298200514138818,0.2121212121212121,1.0,,,,luminal-b,,
KIAA1217,KIAA1217,Messenger RNA,0.0,0,1,0.0,0.3364632237871675,0.0151515151515151,,,,,luminal-b,,
KIAA1217,KIAA1217,Messenger RNA,0.0,0,1,0.0257665036659305,0.6298200514138818,0.2121212121212121,1.0,,,,luminal-b,,
KIAA1217,KIAA1217,Messenger RNA,0.0,0,1,0.0,0.3364632237871675,0.0151515151515151,,,,,luminal-b,,
KIAA1217,KIAA1217,Messenger RNA,0.0,0,1,0.0257665036659305,0.6298200514138818,0.2121212121212121,1.0,,,,luminal-b,,
ATXN1,ATXN1,Messenger RNA,0.0,0,1,0.0626687901079392,0.4099142040038132,0.0757575757575757,0.3,,,,luminal-b,,
ATXN1,ATXN1,Messenger RNA,1.0,0,1,0.0,0.4666666666666667,0.0303030303030303,,,,,luminal-b,,
RUNX1T1,RUNX1T1,Messenger RNA,0.0,0,1,0.0218790232156209,0.3640982218458933,0.0303030303030303,0.0,,,,luminal-b,,
RUNX1T1,RUNX1T1,Messenger RNA,0.0,0,1,0.0480219339206297,0.7101449275362319,0.5757575757575758,1.0,,,,luminal-b,,
RUNX1T1,RUNX1T1,Messenger RNA,0.0,0,1,0.0218790232156209,0.3640982218458933,0.0303030303030303,0.0,,,,luminal-b,,
RUNX1T1,RUNX1T1,Messenger RNA,0.0,0,1,0.0480219339206297,0.7101449275362319,0.5757575757575758,1.0,,,,luminal-b,,
RUNX1T1,RUNX1T1,Messenger RNA,0.0,0,1,0.0218790232156209,0.3640982218458933,0.0303030303030303,0.0,,,,luminal-b,,
RUNX1T1,RUNX1T1,Messenger RNA,0.0,0,1,0.0480219339206297,0.7101449275362319,0.5757575757575758,1.0,,,,luminal-b,,
RUNX1T1,RUNX1T1,Messenger RNA,0.0,0,1,0.0218790232156209,0.3640982218458933,0.0303030303030303,0.0,,,,luminal-b,,
RUNX1T1,RUNX1T1,Messenger RNA,0.0,0,1,0.0480219339206297,0.7101449275362319,0.5757575757575758,1.0,,,,luminal-b,,
RUNX1T1,RUNX1T1,Messenger RNA,0.0,0,1,0.0218790232156209,0.3640982218458933,0.0303030303030303,0.0,,,,luminal-b,,
RUNX1T1,RUNX1T1,Messenger RNA,0.0,0,1,0.0480219339206297,0.7101449275362319,0.5757575757575758,1.0,,,,luminal-b,,
RUNX1T1,RUNX1T1,Messenger RNA,0.0,0,1,0.0218790232156209,0.3640982218458933,0.0303030303030303,0.0,,,,luminal-b,,
RUNX1T1,RUNX1T1,Messenger RNA,0.0,0,1,0.0480219339206297,0.7101449275362319,0.5757575757575758,1.0,,,,luminal-b,,
RUNX1T1,RUNX1T1,Messenger RNA,0.0,0,1,0.0218790232156209,0.3640982218458933,0.0303030303030303,0.0,,,,luminal-b,,
RUNX1T1,RUNX1T1,Messenger RNA,0.0,0,1,0.0480219339206297,0.7101449275362319,0.5757575757575758,1.0,,,,luminal-b,,
RUNX1T1,RUNX1T1,Messenger RNA,0.0,0,1,0.0218790232156209,0.3640982218458933,0.0303030303030303,0.0,,,,luminal-b,,
RUNX1T1,RUNX1T1,Messenger RNA,0.0,0,1,0.0480219339206297,0.7101449275362319,0.5757575757575758,1.0,,,,luminal-b,,
RUNX1T1,RUNX1T1,Messenger RNA,0.0,0,1,0.0218790232156209,0.3640982218458933,0.0303030303030303,0.0,,,,luminal-b,,
RUNX1T1,RUNX1T1,Messenger RNA,0.0,0,1,0.0480219339206297,0.7101449275362319,0.5757575757575758,1.0,,,,luminal-b,,
RUNX1T1,RUNX1T1,Messenger RNA,0.0,0,1,0.0218790232156209,0.3640982218458933,0.0303030303030303,0.0,,,,luminal-b,,
RUNX1T1,RUNX1T1,Messenger RNA,0.0,0,1,0.0480219339206297,0.7101449275362319,0.5757575757575758,1.0,,,,luminal-b,,
RUNX1T1,RUNX1T1,Messenger RNA,0.0,0,1,0.0218790232156209,0.3640982218458933,0.0303030303030303,0.0,,,,luminal-b,,
RUNX1T1,RUNX1T1,Messenger RNA,0.0,0,1,0.0480219339206297,0.7101449275362319,0.5757575757575758,1.0,,,,luminal-b,,
RUNX1T1,RUNX1T1,Messenger RNA,0.0,0,1,0.0218790232156209,0.3640982218458933,0.0303030303030303,0.0,,,,luminal-b,,
RUNX1T1,RUNX1T1,Messenger RNA,0.0,0,1,0.0480219339206297,0.7101449275362319,0.5757575757575758,1.0,,,,luminal-b,,
RUNX1T1,RUNX1T1,Messenger RNA,0.0,0,1,0.0218790232156209,0.3640982218458933,0.0303030303030303,0.0,,,,luminal-b,,
RUNX1T1,RUNX1T1,Messenger RNA,0.0,0,1,0.0480219339206297,0.7101449275362319,0.5757575757575758,1.0,,,,luminal-b,,
RUNX1T1,RUNX1T1,Messenger RNA,0.0,0,1,0.0218790232156209,0.3640982218458933,0.0303030303030303,0.0,,,,luminal-b,,
RUNX1T1,RUNX1T1,Messenger RNA,0.0,0,1,0.0480219339206297,0.7101449275362319,0.5757575757575758,1.0,,,,luminal-b,,
RUNX1T1,RUNX1T1,Messenger RNA,0.0,0,1,0.0218790232156209,0.3640982218458933,0.0303030303030303,0.0,,,,luminal-b,,
RUNX1T1,RUNX1T1,Messenger RNA,0.0,0,1,0.0480219339206297,0.7101449275362319,0.5757575757575758,1.0,,,,luminal-b,,
RUNX1T1,RUNX1T1,Messenger RNA,0.0,0,1,0.0218790232156209,0.3640982218458933,0.0303030303030303,0.0,,,,luminal-b,,
RUNX1T1,RUNX1T1,Messenger RNA,0.0,0,1,0.0480219339206297,0.7101449275362319,0.5757575757575758,1.0,,,,luminal-b,,
RUNX1T1,RUNX1T1,Messenger RNA,0.0,0,1,0.0218790232156209,0.3640982218458933,0.0303030303030303,0.0,,,,luminal-b,,
RUNX1T1,RUNX1T1,Messenger RNA,0.0,0,1,0.0480219339206297,0.7101449275362319,0.5757575757575758,1.0,,,,luminal-b,,
RUNX1T1,RUNX1T1,Messenger RNA,0.0,0,1,0.0218790232156209,0.3640982218458933,0.0303030303030303,0.0,,,,luminal-b,,
RUNX1T1,RUNX1T1,Messenger RNA,0.0,0,1,0.0480219339206297,0.7101449275362319,0.5757575757575758,1.0,,,,luminal-b,,
RUNX1T1,RUNX1T1,Messenger RNA,0.0,0,1,0.0218790232156209,0.3640982218458933,0.0303030303030303,0.0,,,,luminal-b,,
RUNX1T1,RUNX1T1,Messenger RNA,0.0,0,1,0.0480219339206297,0.7101449275362319,0.5757575757575758,1.0,,,,luminal-b,,
ENTPD1,ENTPD1,Messenger RNA,0.0,0,1,0.0,0.3237951807228915,0.0151515151515151,,,,,luminal-b,,
ENTPD1,ENTPD1,Messenger RNA,0.0,0,1,0.0,0.4929577464788732,0.0303030303030303,,,,,luminal-b,,
KCNJ2,KCNJ2,Messenger RNA,0.0,0,1,0.0132329005285338,0.3429027113237639,0.0303030303030303,0.0,,,,luminal-b,,
KCNJ2,KCNJ2,Messenger RNA,0.0,0,1,0.0,0.4666666666666667,0.0303030303030303,,,,,luminal-b,,
DAAM1,DAAM1,Messenger RNA,1.0,0,1,0.023989076379534,0.3448275862068966,0.0303030303030303,0.0,,,,luminal-b,,
DAAM1,DAAM1,Messenger RNA,0.0,0,1,0.0005282050132666,0.4989816700610998,0.0606060606060606,1.0,,,,luminal-b,,
DAAM1,DAAM1,Messenger RNA,1.0,0,1,0.023989076379534,0.3448275862068966,0.0303030303030303,0.0,,,,luminal-b,,
DAAM1,DAAM1,Messenger RNA,0.0,0,1,0.0005282050132666,0.4989816700610998,0.0606060606060606,1.0,,,,luminal-b,,
DCP2,DCP2,Messenger RNA,0.0,0,1,0.0,0.2901484480431849,0.0151515151515151,,,,,luminal-b,,
DCP2,DCP2,Messenger RNA,0.0,0,1,0.0,0.5432372505543237,0.0303030303030303,,,,,luminal-b,,
CSNK1A1,CSNK1A1,Messenger RNA,0.0,0,1,0.0,0.3220973782771535,0.0151515151515151,,,,,luminal-b,,
CSNK1A1,CSNK1A1,Messenger RNA,0.0,0,1,0.0005034025508208,0.5051546391752577,0.0606060606060606,1.0,,,,luminal-b,,
CSNK1A1,CSNK1A1,Messenger RNA,0.0,0,1,0.0,0.3220973782771535,0.0151515151515151,,,,,luminal-b,,
CSNK1A1,CSNK1A1,Messenger RNA,0.0,0,1,0.0005034025508208,0.5051546391752577,0.0606060606060606,1.0,,,,luminal-b,,
ATXN1,ATXN1,Messenger RNA,0.0,0,1,0.0626687901079392,0.4099142040038132,0.0757575757575757,0.3,,,,luminal-b,,
ATXN1,ATXN1,Messenger RNA,1.0,0,1,0.0,0.4666666666666667,0.0303030303030303,,,,,luminal-b,,
HIPK2,HIPK2,Messenger RNA,0.0,0,1,0.0049859939655469,0.340729001584786,0.0303030303030303,1.0,,,,luminal-b,,
HIPK2,HIPK2,Messenger RNA,0.0,0,1,0.0039807730759936,0.5658198614318707,0.0606060606060606,1.0,,,,luminal-b,,
HIPK2,HIPK2,Messenger RNA,0.0,0,1,0.0049859939655469,0.340729001584786,0.0303030303030303,1.0,,,,luminal-b,,
HIPK2,HIPK2,Messenger RNA,0.0,0,1,0.0039807730759936,0.5658198614318707,0.0606060606060606,1.0,,,,luminal-b,,
KIRREL1,KIRREL1,Messenger RNA,0.0,0,1,0.0312607568322846,0.3815439219165927,0.0454545454545454,0.6666666666666666,,,,luminal-b,,
KIRREL1,KIRREL1,Messenger RNA,0.0,0,1,0.0007052036327558,0.5408388520971302,0.0909090909090909,1.0,,,,luminal-b,,
KIRREL1,KIRREL1,Messenger RNA,0.0,0,1,0.0312607568322846,0.3815439219165927,0.0454545454545454,0.6666666666666666,,,,luminal-b,,
KIRREL1,KIRREL1,Messenger RNA,0.0,0,1,0.0007052036327558,0.5408388520971302,0.0909090909090909,1.0,,,,luminal-b,,
KIRREL1,KIRREL1,Messenger RNA,0.0,0,1,0.0312607568322846,0.3815439219165927,0.0454545454545454,0.6666666666666666,,,,luminal-b,,
KIRREL1,KIRREL1,Messenger RNA,0.0,0,1,0.0007052036327558,0.5408388520971302,0.0909090909090909,1.0,,,,luminal-b,,
JCAD,JCAD,Messenger RNA,0.0,0,1,0.0313319935486492,0.3527481542247744,0.0454545454545454,0.0,,,,luminal-b,,
JCAD,JCAD,Messenger RNA,0.0,0,1,0.0057205200539642,0.5875299760191847,0.2424242424242424,1.0,,,,luminal-b,,
JCAD,JCAD,Messenger RNA,0.0,0,1,0.0313319935486492,0.3527481542247744,0.0454545454545454,0.0,,,,luminal-b,,
JCAD,JCAD,Messenger RNA,0.0,0,1,0.0057205200539642,0.5875299760191847,0.2424242424242424,1.0,,,,luminal-b,,
JCAD,JCAD,Messenger RNA,0.0,0,1,0.0313319935486492,0.3527481542247744,0.0454545454545454,0.0,,,,luminal-b,,
JCAD,JCAD,Messenger RNA,0.0,0,1,0.0057205200539642,0.5875299760191847,0.2424242424242424,1.0,,,,luminal-b,,
JCAD,JCAD,Messenger RNA,0.0,0,1,0.0313319935486492,0.3527481542247744,0.0454545454545454,0.0,,,,luminal-b,,
JCAD,JCAD,Messenger RNA,0.0,0,1,0.0057205200539642,0.5875299760191847,0.2424242424242424,1.0,,,,luminal-b,,
JCAD,JCAD,Messenger RNA,0.0,0,1,0.0313319935486492,0.3527481542247744,0.0454545454545454,0.0,,,,luminal-b,,
JCAD,JCAD,Messenger RNA,0.0,0,1,0.0057205200539642,0.5875299760191847,0.2424242424242424,1.0,,,,luminal-b,,
JCAD,JCAD,Messenger RNA,0.0,0,1,0.0313319935486492,0.3527481542247744,0.0454545454545454,0.0,,,,luminal-b,,
JCAD,JCAD,Messenger RNA,0.0,0,1,0.0057205200539642,0.5875299760191847,0.2424242424242424,1.0,,,,luminal-b,,
JCAD,JCAD,Messenger RNA,0.0,0,1,0.0313319935486492,0.3527481542247744,0.0454545454545454,0.0,,,,luminal-b,,
JCAD,JCAD,Messenger RNA,0.0,0,1,0.0057205200539642,0.5875299760191847,0.2424242424242424,1.0,,,,luminal-b,,
JCAD,JCAD,Messenger RNA,0.0,0,1,0.0313319935486492,0.3527481542247744,0.0454545454545454,0.0,,,,luminal-b,,
JCAD,JCAD,Messenger RNA,0.0,0,1,0.0057205200539642,0.5875299760191847,0.2424242424242424,1.0,,,,luminal-b,,
DKK3,DKK3,Messenger RNA,0.0,0,1,0.0075809954582609,0.3333333333333333,0.0303030303030303,0.0,,,,luminal-b,,
DKK3,DKK3,Messenger RNA,0.0,0,1,0.0,0.4720616570327553,0.0303030303030303,,,,,luminal-b,,
CYTH3,CYTH3,Messenger RNA,1.0,0,1,0.0,0.3082437275985663,0.0151515151515151,,,,,luminal-b,,
CYTH3,CYTH3,Messenger RNA,0.0,0,1,0.0,0.4989816700610998,0.0303030303030303,,,,,luminal-b,,
ADAMTS2,ADAMTS2,Messenger RNA,0.0,0,1,0.0,0.3082437275985663,0.0151515151515151,,,,,luminal-b,,
ADAMTS2,ADAMTS2,Messenger RNA,1.0,0,1,0.0001407351036361,0.5291576673866091,0.0606060606060606,1.0,,,,luminal-b,,
ADAMTS2,ADAMTS2,Messenger RNA,0.0,0,1,0.0,0.3082437275985663,0.0151515151515151,,,,,luminal-b,,
ADAMTS2,ADAMTS2,Messenger RNA,1.0,0,1,0.0001407351036361,0.5291576673866091,0.0606060606060606,1.0,,,,luminal-b,,
PPP6R3,PPP6R3,Messenger RNA,0.0,0,1,0.0,0.270440251572327,0.0151515151515151,,,,,luminal-b,,
PPP6R3,PPP6R3,Messenger RNA,0.0,0,1,0.0001421216228524,0.5246252676659529,0.0606060606060606,1.0,,,,luminal-b,,
PPP6R3,PPP6R3,Messenger RNA,0.0,0,1,0.0,0.270440251572327,0.0151515151515151,,,,,luminal-b,,
PPP6R3,PPP6R3,Messenger RNA,0.0,0,1,0.0001421216228524,0.5246252676659529,0.0606060606060606,1.0,,,,luminal-b,,
CCNJL,CCNJL,Messenger RNA,0.0,0,1,0.0,0.270440251572327,0.0151515151515151,,,,,luminal-b,,
CCNJL,CCNJL,Messenger RNA,0.0,0,1,0.0,0.4702495201535508,0.0303030303030303,,,,,luminal-b,,
CCDC85C,CCDC85C,Messenger RNA,0.0,0,1,0.0,0.2275132275132275,0.0151515151515151,,,,,luminal-b,,
CCDC85C,CCDC85C,Messenger RNA,1.0,0,1,0.0136377105536195,0.6171284634760705,0.2121212121212121,1.0,,,,luminal-b,,
CCDC85C,CCDC85C,Messenger RNA,0.0,0,1,0.0,0.2275132275132275,0.0151515151515151,,,,,luminal-b,,
CCDC85C,CCDC85C,Messenger RNA,1.0,0,1,0.0136377105536195,0.6171284634760705,0.2121212121212121,1.0,,,,luminal-b,,
CCDC85C,CCDC85C,Messenger RNA,0.0,0,1,0.0,0.2275132275132275,0.0151515151515151,,,,,luminal-b,,
CCDC85C,CCDC85C,Messenger RNA,1.0,0,1,0.0136377105536195,0.6171284634760705,0.2121212121212121,1.0,,,,luminal-b,,
CCDC85C,CCDC85C,Messenger RNA,0.0,0,1,0.0,0.2275132275132275,0.0151515151515151,,,,,luminal-b,,
CCDC85C,CCDC85C,Messenger RNA,1.0,0,1,0.0136377105536195,0.6171284634760705,0.2121212121212121,1.0,,,,luminal-b,,
CCDC85C,CCDC85C,Messenger RNA,0.0,0,1,0.0,0.2275132275132275,0.0151515151515151,,,,,luminal-b,,
CCDC85C,CCDC85C,Messenger RNA,1.0,0,1,0.0136377105536195,0.6171284634760705,0.2121212121212121,1.0,,,,luminal-b,,
CCDC85C,CCDC85C,Messenger RNA,0.0,0,1,0.0,0.2275132275132275,0.0151515151515151,,,,,luminal-b,,
CCDC85C,CCDC85C,Messenger RNA,1.0,0,1,0.0136377105536195,0.6171284634760705,0.2121212121212121,1.0,,,,luminal-b,,
CCDC85C,CCDC85C,Messenger RNA,0.0,0,1,0.0,0.2275132275132275,0.0151515151515151,,,,,luminal-b,,
CCDC85C,CCDC85C,Messenger RNA,1.0,0,1,0.0136377105536195,0.6171284634760705,0.2121212121212121,1.0,,,,luminal-b,,
GRAP2,GRAP2,Messenger RNA,0.0,0,1,0.0,0.2788586251621271,0.0151515151515151,,,,,luminal-b,,
GRAP2,GRAP2,Messenger RNA,0.0,0,1,0.0,0.4528650646950092,0.0303030303030303,,,,,luminal-b,,
RIC1,RIC1,Messenger RNA,0.0,0,1,0.0,0.2440408626560726,0.0151515151515151,,,,,luminal-b,,
RIC1,RIC1,Messenger RNA,0.0,0,1,0.0,0.4702495201535508,0.0303030303030303,,,,,luminal-b,,
NAV1,NAV1,Messenger RNA,0.0,0,1,0.0173929518757104,0.3396524486571879,0.0303030303030303,0.0,,,,luminal-b,,
NAV1,NAV1,Messenger RNA,0.0,0,1,0.1737732446932956,0.8249158249158249,0.6363636363636364,0.8904761904761904,,,,luminal-b,,
NAV1,NAV1,Messenger RNA,0.0,0,1,0.0173929518757104,0.3396524486571879,0.0303030303030303,0.0,,,,luminal-b,,
NAV1,NAV1,Messenger RNA,0.0,0,1,0.1737732446932956,0.8249158249158249,0.6363636363636364,0.8904761904761904,,,,luminal-b,,
NAV1,NAV1,Messenger RNA,0.0,0,1,0.0173929518757104,0.3396524486571879,0.0303030303030303,0.0,,,,luminal-b,,
NAV1,NAV1,Messenger RNA,0.0,0,1,0.1737732446932956,0.8249158249158249,0.6363636363636364,0.8904761904761904,,,,luminal-b,,
NAV1,NAV1,Messenger RNA,0.0,0,1,0.0173929518757104,0.3396524486571879,0.0303030303030303,0.0,,,,luminal-b,,
NAV1,NAV1,Messenger RNA,0.0,0,1,0.1737732446932956,0.8249158249158249,0.6363636363636364,0.8904761904761904,,,,luminal-b,,
NAV1,NAV1,Messenger RNA,0.0,0,1,0.0173929518757104,0.3396524486571879,0.0303030303030303,0.0,,,,luminal-b,,
NAV1,NAV1,Messenger RNA,0.0,0,1,0.1737732446932956,0.8249158249158249,0.6363636363636364,0.8904761904761904,,,,luminal-b,,
NAV1,NAV1,Messenger RNA,0.0,0,1,0.0173929518757104,0.3396524486571879,0.0303030303030303,0.0,,,,luminal-b,,
NAV1,NAV1,Messenger RNA,0.0,0,1,0.1737732446932956,0.8249158249158249,0.6363636363636364,0.8904761904761904,,,,luminal-b,,
NAV1,NAV1,Messenger RNA,0.0,0,1,0.0173929518757104,0.3396524486571879,0.0303030303030303,0.0,,,,luminal-b,,
NAV1,NAV1,Messenger RNA,0.0,0,1,0.1737732446932956,0.8249158249158249,0.6363636363636364,0.8904761904761904,,,,luminal-b,,
NAV1,NAV1,Messenger RNA,0.0,0,1,0.0173929518757104,0.3396524486571879,0.0303030303030303,0.0,,,,luminal-b,,
NAV1,NAV1,Messenger RNA,0.0,0,1,0.1737732446932956,0.8249158249158249,0.6363636363636364,0.8904761904761904,,,,luminal-b,,
NAV1,NAV1,Messenger RNA,0.0,0,1,0.0173929518757104,0.3396524486571879,0.0303030303030303,0.0,,,,luminal-b,,
NAV1,NAV1,Messenger RNA,0.0,0,1,0.1737732446932956,0.8249158249158249,0.6363636363636364,0.8904761904761904,,,,luminal-b,,
NAV1,NAV1,Messenger RNA,0.0,0,1,0.0173929518757104,0.3396524486571879,0.0303030303030303,0.0,,,,luminal-b,,
NAV1,NAV1,Messenger RNA,0.0,0,1,0.1737732446932956,0.8249158249158249,0.6363636363636364,0.8904761904761904,,,,luminal-b,,
NAV1,NAV1,Messenger RNA,0.0,0,1,0.0173929518757104,0.3396524486571879,0.0303030303030303,0.0,,,,luminal-b,,
NAV1,NAV1,Messenger RNA,0.0,0,1,0.1737732446932956,0.8249158249158249,0.6363636363636364,0.8904761904761904,,,,luminal-b,,
NAV1,NAV1,Messenger RNA,0.0,0,1,0.0173929518757104,0.3396524486571879,0.0303030303030303,0.0,,,,luminal-b,,
NAV1,NAV1,Messenger RNA,0.0,0,1,0.1737732446932956,0.8249158249158249,0.6363636363636364,0.8904761904761904,,,,luminal-b,,
NAV1,NAV1,Messenger RNA,0.0,0,1,0.0173929518757104,0.3396524486571879,0.0303030303030303,0.0,,,,luminal-b,,
NAV1,NAV1,Messenger RNA,0.0,0,1,0.1737732446932956,0.8249158249158249,0.6363636363636364,0.8904761904761904,,,,luminal-b,,
NAV1,NAV1,Messenger RNA,0.0,0,1,0.0173929518757104,0.3396524486571879,0.0303030303030303,0.0,,,,luminal-b,,
NAV1,NAV1,Messenger RNA,0.0,0,1,0.1737732446932956,0.8249158249158249,0.6363636363636364,0.8904761904761904,,,,luminal-b,,
NAV1,NAV1,Messenger RNA,0.0,0,1,0.0173929518757104,0.3396524486571879,0.0303030303030303,0.0,,,,luminal-b,,
NAV1,NAV1,Messenger RNA,0.0,0,1,0.1737732446932956,0.8249158249158249,0.6363636363636364,0.8904761904761904,,,,luminal-b,,
NAV1,NAV1,Messenger RNA,0.0,0,1,0.0173929518757104,0.3396524486571879,0.0303030303030303,0.0,,,,luminal-b,,
NAV1,NAV1,Messenger RNA,0.0,0,1,0.1737732446932956,0.8249158249158249,0.6363636363636364,0.8904761904761904,,,,luminal-b,,
NAV1,NAV1,Messenger RNA,0.0,0,1,0.0173929518757104,0.3396524486571879,0.0303030303030303,0.0,,,,luminal-b,,
NAV1,NAV1,Messenger RNA,0.0,0,1,0.1737732446932956,0.8249158249158249,0.6363636363636364,0.8904761904761904,,,,luminal-b,,
NAV1,NAV1,Messenger RNA,0.0,0,1,0.0173929518757104,0.3396524486571879,0.0303030303030303,0.0,,,,luminal-b,,
NAV1,NAV1,Messenger RNA,0.0,0,1,0.1737732446932956,0.8249158249158249,0.6363636363636364,0.8904761904761904,,,,luminal-b,,
NAV1,NAV1,Messenger RNA,0.0,0,1,0.0173929518757104,0.3396524486571879,0.0303030303030303,0.0,,,,luminal-b,,
NAV1,NAV1,Messenger RNA,0.0,0,1,0.1737732446932956,0.8249158249158249,0.6363636363636364,0.8904761904761904,,,,luminal-b,,
NAV1,NAV1,Messenger RNA,0.0,0,1,0.0173929518757104,0.3396524486571879,0.0303030303030303,0.0,,,,luminal-b,,
NAV1,NAV1,Messenger RNA,0.0,0,1,0.1737732446932956,0.8249158249158249,0.6363636363636364,0.8904761904761904,,,,luminal-b,,
NAV1,NAV1,Messenger RNA,0.0,0,1,0.0173929518757104,0.3396524486571879,0.0303030303030303,0.0,,,,luminal-b,,
NAV1,NAV1,Messenger RNA,0.0,0,1,0.1737732446932956,0.8249158249158249,0.6363636363636364,0.8904761904761904,,,,luminal-b,,
ELAVL2,ELAVL2,Messenger RNA,0.0,0,1,0.0,0.2492753623188406,0.0151515151515151,,,,,luminal-b,,
ELAVL2,ELAVL2,Messenger RNA,0.0,0,1,0.0086518107366094,0.6140350877192983,0.2121212121212121,1.0,,,,luminal-b,,
ELAVL2,ELAVL2,Messenger RNA,0.0,0,1,0.0,0.2492753623188406,0.0151515151515151,,,,,luminal-b,,
ELAVL2,ELAVL2,Messenger RNA,0.0,0,1,0.0086518107366094,0.6140350877192983,0.2121212121212121,1.0,,,,luminal-b,,
ELAVL2,ELAVL2,Messenger RNA,0.0,0,1,0.0,0.2492753623188406,0.0151515151515151,,,,,luminal-b,,
ELAVL2,ELAVL2,Messenger RNA,0.0,0,1,0.0086518107366094,0.6140350877192983,0.2121212121212121,1.0,,,,luminal-b,,
ELAVL2,ELAVL2,Messenger RNA,0.0,0,1,0.0,0.2492753623188406,0.0151515151515151,,,,,luminal-b,,
ELAVL2,ELAVL2,Messenger RNA,0.0,0,1,0.0086518107366094,0.6140350877192983,0.2121212121212121,1.0,,,,luminal-b,,
ELAVL2,ELAVL2,Messenger RNA,0.0,0,1,0.0,0.2492753623188406,0.0151515151515151,,,,,luminal-b,,
ELAVL2,ELAVL2,Messenger RNA,0.0,0,1,0.0086518107366094,0.6140350877192983,0.2121212121212121,1.0,,,,luminal-b,,
ELAVL2,ELAVL2,Messenger RNA,0.0,0,1,0.0,0.2492753623188406,0.0151515151515151,,,,,luminal-b,,
ELAVL2,ELAVL2,Messenger RNA,0.0,0,1,0.0086518107366094,0.6140350877192983,0.2121212121212121,1.0,,,,luminal-b,,
ELAVL2,ELAVL2,Messenger RNA,0.0,0,1,0.0,0.2492753623188406,0.0151515151515151,,,,,luminal-b,,
ELAVL2,ELAVL2,Messenger RNA,0.0,0,1,0.0086518107366094,0.6140350877192983,0.2121212121212121,1.0,,,,luminal-b,,
MTPN,MTPN,Messenger RNA,0.0,0,1,0.0043766578249336,0.2494199535962877,0.0303030303030303,0.0,,,,luminal-b,,
MTPN,MTPN,Messenger RNA,0.0,0,1,0.0,0.4648956356736243,0.0303030303030303,,,,,luminal-b,,
PDE12,PDE12,Messenger RNA,0.0,0,1,0.0,0.2959394356503785,0.0151515151515151,,,,,luminal-b,,
PDE12,PDE12,Messenger RNA,0.0,0,1,0.0,0.4890219560878243,0.0303030303030303,,,,,luminal-b,,
MSI2,MSI2,Messenger RNA,0.0,0,1,0.0041628061707261,0.256563245823389,0.0303030303030303,0.0,,,,luminal-b,,
MSI2,MSI2,Messenger RNA,0.0,0,1,0.0026401659852105,0.5408388520971302,0.1212121212121212,1.0,,,,luminal-b,,
MSI2,MSI2,Messenger RNA,0.0,0,1,0.0041628061707261,0.256563245823389,0.0303030303030303,0.0,,,,luminal-b,,
MSI2,MSI2,Messenger RNA,0.0,0,1,0.0026401659852105,0.5408388520971302,0.1212121212121212,1.0,,,,luminal-b,,
MSI2,MSI2,Messenger RNA,0.0,0,1,0.0041628061707261,0.256563245823389,0.0303030303030303,0.0,,,,luminal-b,,
MSI2,MSI2,Messenger RNA,0.0,0,1,0.0026401659852105,0.5408388520971302,0.1212121212121212,1.0,,,,luminal-b,,
MSI2,MSI2,Messenger RNA,0.0,0,1,0.0041628061707261,0.256563245823389,0.0303030303030303,0.0,,,,luminal-b,,
MSI2,MSI2,Messenger RNA,0.0,0,1,0.0026401659852105,0.5408388520971302,0.1212121212121212,1.0,,,,luminal-b,,
FBXO28,FBXO28,Messenger RNA,0.0,0,1,0.0,0.2462772050400916,0.0151515151515151,,,,,luminal-b,,
FBXO28,FBXO28,Messenger RNA,0.0,0,1,0.0,0.4909819639278557,0.0303030303030303,,,,,luminal-b,,
NFIX,NFIX,Messenger RNA,0.0,22,0,,,,,,,,luminal-b,,
NFIX,NFIX,Messenger RNA,0.0,0,1,0.1609891368760108,0.8249158249158249,0.8181818181818182,0.9116809116809116,,,,luminal-b,,
NFIX,NFIX,Messenger RNA,0.0,22,0,,,,,,,,luminal-b,,
NFIX,NFIX,Messenger RNA,0.0,0,1,0.1609891368760108,0.8249158249158249,0.8181818181818182,0.9116809116809116,,,,luminal-b,,
NFIX,NFIX,Messenger RNA,0.0,22,0,,,,,,,,luminal-b,,
NFIX,NFIX,Messenger RNA,0.0,0,1,0.1609891368760108,0.8249158249158249,0.8181818181818182,0.9116809116809116,,,,luminal-b,,
NFIX,NFIX,Messenger RNA,0.0,22,0,,,,,,,,luminal-b,,
NFIX,NFIX,Messenger RNA,0.0,0,1,0.1609891368760108,0.8249158249158249,0.8181818181818182,0.9116809116809116,,,,luminal-b,,
NFIX,NFIX,Messenger RNA,0.0,22,0,,,,,,,,luminal-b,,
NFIX,NFIX,Messenger RNA,0.0,0,1,0.1609891368760108,0.8249158249158249,0.8181818181818182,0.9116809116809116,,,,luminal-b,,
NFIX,NFIX,Messenger RNA,0.0,22,0,,,,,,,,luminal-b,,
NFIX,NFIX,Messenger RNA,0.0,0,1,0.1609891368760108,0.8249158249158249,0.8181818181818182,0.9116809116809116,,,,luminal-b,,
NFIX,NFIX,Messenger RNA,0.0,22,0,,,,,,,,luminal-b,,
NFIX,NFIX,Messenger RNA,0.0,0,1,0.1609891368760108,0.8249158249158249,0.8181818181818182,0.9116809116809116,,,,luminal-b,,
NFIX,NFIX,Messenger RNA,0.0,22,0,,,,,,,,luminal-b,,
NFIX,NFIX,Messenger RNA,0.0,0,1,0.1609891368760108,0.8249158249158249,0.8181818181818182,0.9116809116809116,,,,luminal-b,,
NFIX,NFIX,Messenger RNA,0.0,22,0,,,,,,,,luminal-b,,
NFIX,NFIX,Messenger RNA,0.0,0,1,0.1609891368760108,0.8249158249158249,0.8181818181818182,0.9116809116809116,,,,luminal-b,,
NFIX,NFIX,Messenger RNA,0.0,22,0,,,,,,,,luminal-b,,
NFIX,NFIX,Messenger RNA,0.0,0,1,0.1609891368760108,0.8249158249158249,0.8181818181818182,0.9116809116809116,,,,luminal-b,,
NFIX,NFIX,Messenger RNA,0.0,22,0,,,,,,,,luminal-b,,
NFIX,NFIX,Messenger RNA,0.0,0,1,0.1609891368760108,0.8249158249158249,0.8181818181818182,0.9116809116809116,,,,luminal-b,,
NFIX,NFIX,Messenger RNA,0.0,22,0,,,,,,,,luminal-b,,
NFIX,NFIX,Messenger RNA,0.0,0,1,0.1609891368760108,0.8249158249158249,0.8181818181818182,0.9116809116809116,,,,luminal-b,,
NFIX,NFIX,Messenger RNA,0.0,22,0,,,,,,,,luminal-b,,
NFIX,NFIX,Messenger RNA,0.0,0,1,0.1609891368760108,0.8249158249158249,0.8181818181818182,0.9116809116809116,,,,luminal-b,,
NFIX,NFIX,Messenger RNA,0.0,22,0,,,,,,,,luminal-b,,
NFIX,NFIX,Messenger RNA,0.0,0,1,0.1609891368760108,0.8249158249158249,0.8181818181818182,0.9116809116809116,,,,luminal-b,,
NFIX,NFIX,Messenger RNA,0.0,22,0,,,,,,,,luminal-b,,
NFIX,NFIX,Messenger RNA,0.0,0,1,0.1609891368760108,0.8249158249158249,0.8181818181818182,0.9116809116809116,,,,luminal-b,,
NFIX,NFIX,Messenger RNA,0.0,22,0,,,,,,,,luminal-b,,
NFIX,NFIX,Messenger RNA,0.0,0,1,0.1609891368760108,0.8249158249158249,0.8181818181818182,0.9116809116809116,,,,luminal-b,,
NFIX,NFIX,Messenger RNA,0.0,22,0,,,,,,,,luminal-b,,
NFIX,NFIX,Messenger RNA,0.0,0,1,0.1609891368760108,0.8249158249158249,0.8181818181818182,0.9116809116809116,,,,luminal-b,,
NFIX,NFIX,Messenger RNA,0.0,22,0,,,,,,,,luminal-b,,
NFIX,NFIX,Messenger RNA,0.0,0,1,0.1609891368760108,0.8249158249158249,0.8181818181818182,0.9116809116809116,,,,luminal-b,,
NFIX,NFIX,Messenger RNA,0.0,22,0,,,,,,,,luminal-b,,
NFIX,NFIX,Messenger RNA,0.0,0,1,0.1609891368760108,0.8249158249158249,0.8181818181818182,0.9116809116809116,,,,luminal-b,,
NFIX,NFIX,Messenger RNA,0.0,22,0,,,,,,,,luminal-b,,
NFIX,NFIX,Messenger RNA,0.0,0,1,0.1609891368760108,0.8249158249158249,0.8181818181818182,0.9116809116809116,,,,luminal-b,,
NFIX,NFIX,Messenger RNA,0.0,22,0,,,,,,,,luminal-b,,
NFIX,NFIX,Messenger RNA,0.0,0,1,0.1609891368760108,0.8249158249158249,0.8181818181818182,0.9116809116809116,,,,luminal-b,,
NFIX,NFIX,Messenger RNA,0.0,22,0,,,,,,,,luminal-b,,
NFIX,NFIX,Messenger RNA,0.0,0,1,0.1609891368760108,0.8249158249158249,0.8181818181818182,0.9116809116809116,,,,luminal-b,,
NFIX,NFIX,Messenger RNA,0.0,22,0,,,,,,,,luminal-b,,
NFIX,NFIX,Messenger RNA,0.0,0,1,0.1609891368760108,0.8249158249158249,0.8181818181818182,0.9116809116809116,,,,luminal-b,,
NFIX,NFIX,Messenger RNA,0.0,22,0,,,,,,,,luminal-b,,
NFIX,NFIX,Messenger RNA,0.0,0,1,0.1609891368760108,0.8249158249158249,0.8181818181818182,0.9116809116809116,,,,luminal-b,,
NFIX,NFIX,Messenger RNA,0.0,22,0,,,,,,,,luminal-b,,
NFIX,NFIX,Messenger RNA,0.0,0,1,0.1609891368760108,0.8249158249158249,0.8181818181818182,0.9116809116809116,,,,luminal-b,,
NFIX,NFIX,Messenger RNA,0.0,22,0,,,,,,,,luminal-b,,
NFIX,NFIX,Messenger RNA,0.0,0,1,0.1609891368760108,0.8249158249158249,0.8181818181818182,0.9116809116809116,,,,luminal-b,,
NFIX,NFIX,Messenger RNA,0.0,22,0,,,,,,,,luminal-b,,
NFIX,NFIX,Messenger RNA,0.0,0,1,0.1609891368760108,0.8249158249158249,0.8181818181818182,0.9116809116809116,,,,luminal-b,,
SATB2,SATB2,Messenger RNA,0.0,1,0,,,,,,,,luminal-b,,
SATB2,SATB2,Messenger RNA,0.0,0,1,0.0335614471956714,0.6712328767123288,0.3333333333333333,0.9818181818181818,,,,luminal-b,,
SATB2,SATB2,Messenger RNA,0.0,1,0,,,,,,,,luminal-b,,
SATB2,SATB2,Messenger RNA,0.0,0,1,0.0335614471956714,0.6712328767123288,0.3333333333333333,0.9818181818181818,,,,luminal-b,,
SATB2,SATB2,Messenger RNA,0.0,1,0,,,,,,,,luminal-b,,
SATB2,SATB2,Messenger RNA,0.0,0,1,0.0335614471956714,0.6712328767123288,0.3333333333333333,0.9818181818181818,,,,luminal-b,,
SATB2,SATB2,Messenger RNA,0.0,1,0,,,,,,,,luminal-b,,
SATB2,SATB2,Messenger RNA,0.0,0,1,0.0335614471956714,0.6712328767123288,0.3333333333333333,0.9818181818181818,,,,luminal-b,,
SATB2,SATB2,Messenger RNA,0.0,1,0,,,,,,,,luminal-b,,
SATB2,SATB2,Messenger RNA,0.0,0,1,0.0335614471956714,0.6712328767123288,0.3333333333333333,0.9818181818181818,,,,luminal-b,,
SATB2,SATB2,Messenger RNA,0.0,1,0,,,,,,,,luminal-b,,
SATB2,SATB2,Messenger RNA,0.0,0,1,0.0335614471956714,0.6712328767123288,0.3333333333333333,0.9818181818181818,,,,luminal-b,,
SATB2,SATB2,Messenger RNA,0.0,1,0,,,,,,,,luminal-b,,
SATB2,SATB2,Messenger RNA,0.0,0,1,0.0335614471956714,0.6712328767123288,0.3333333333333333,0.9818181818181818,,,,luminal-b,,
SATB2,SATB2,Messenger RNA,0.0,1,0,,,,,,,,luminal-b,,
SATB2,SATB2,Messenger RNA,0.0,0,1,0.0335614471956714,0.6712328767123288,0.3333333333333333,0.9818181818181818,,,,luminal-b,,
SATB2,SATB2,Messenger RNA,0.0,1,0,,,,,,,,luminal-b,,
SATB2,SATB2,Messenger RNA,0.0,0,1,0.0335614471956714,0.6712328767123288,0.3333333333333333,0.9818181818181818,,,,luminal-b,,
SATB2,SATB2,Messenger RNA,0.0,1,0,,,,,,,,luminal-b,,
SATB2,SATB2,Messenger RNA,0.0,0,1,0.0335614471956714,0.6712328767123288,0.3333333333333333,0.9818181818181818,,,,luminal-b,,
SATB2,SATB2,Messenger RNA,0.0,1,0,,,,,,,,luminal-b,,
SATB2,SATB2,Messenger RNA,0.0,0,1,0.0335614471956714,0.6712328767123288,0.3333333333333333,0.9818181818181818,,,,luminal-b,,
BMF,BMF,Messenger RNA,0.0,1,0,,,,,,,,luminal-b,,
BMF,BMF,Messenger RNA,1.0,0,1,0.0057768837866745,0.5903614457831325,0.1818181818181818,1.0,,,,luminal-b,,
BMF,BMF,Messenger RNA,0.0,1,0,,,,,,,,luminal-b,,
BMF,BMF,Messenger RNA,1.0,0,1,0.0057768837866745,0.5903614457831325,0.1818181818181818,1.0,,,,luminal-b,,
BMF,BMF,Messenger RNA,0.0,1,0,,,,,,,,luminal-b,,
BMF,BMF,Messenger RNA,1.0,0,1,0.0057768837866745,0.5903614457831325,0.1818181818181818,1.0,,,,luminal-b,,
BMF,BMF,Messenger RNA,0.0,1,0,,,,,,,,luminal-b,,
BMF,BMF,Messenger RNA,1.0,0,1,0.0057768837866745,0.5903614457831325,0.1818181818181818,1.0,,,,luminal-b,,
BMF,BMF,Messenger RNA,0.0,1,0,,,,,,,,luminal-b,,
BMF,BMF,Messenger RNA,1.0,0,1,0.0057768837866745,0.5903614457831325,0.1818181818181818,1.0,,,,luminal-b,,
BMF,BMF,Messenger RNA,0.0,1,0,,,,,,,,luminal-b,,
BMF,BMF,Messenger RNA,1.0,0,1,0.0057768837866745,0.5903614457831325,0.1818181818181818,1.0,,,,luminal-b,,
SRGAP1,SRGAP1,Messenger RNA,0.0,1,0,,,,,,,,luminal-b,,
SRGAP1,SRGAP1,Messenger RNA,0.0,0,1,0.0,0.4851485148514851,0.0303030303030303,,,,,luminal-b,,
RILPL1,RILPL1,Messenger RNA,0.0,14,0,,,,,,,,luminal-b,,
RILPL1,RILPL1,Messenger RNA,0.0,0,1,0.0,0.4702495201535508,0.0303030303030303,,,,,luminal-b,,
CEP41,CEP41,Messenger RNA,0.0,14,0,,,,,,,,luminal-b,,
CEP41,CEP41,Messenger RNA,0.0,0,1,0.0298650281488368,0.607940446650124,0.2121212121212121,0.8095238095238095,,,,luminal-b,,
CEP41,CEP41,Messenger RNA,0.0,14,0,,,,,,,,luminal-b,,
CEP41,CEP41,Messenger RNA,0.0,0,1,0.0298650281488368,0.607940446650124,0.2121212121212121,0.8095238095238095,,,,luminal-b,,
CEP41,CEP41,Messenger RNA,0.0,14,0,,,,,,,,luminal-b,,
CEP41,CEP41,Messenger RNA,0.0,0,1,0.0298650281488368,0.607940446650124,0.2121212121212121,0.8095238095238095,,,,luminal-b,,
CEP41,CEP41,Messenger RNA,0.0,14,0,,,,,,,,luminal-b,,
CEP41,CEP41,Messenger RNA,0.0,0,1,0.0298650281488368,0.607940446650124,0.2121212121212121,0.8095238095238095,,,,luminal-b,,
CEP41,CEP41,Messenger RNA,0.0,14,0,,,,,,,,luminal-b,,
CEP41,CEP41,Messenger RNA,0.0,0,1,0.0298650281488368,0.607940446650124,0.2121212121212121,0.8095238095238095,,,,luminal-b,,
CEP41,CEP41,Messenger RNA,0.0,14,0,,,,,,,,luminal-b,,
CEP41,CEP41,Messenger RNA,0.0,0,1,0.0298650281488368,0.607940446650124,0.2121212121212121,0.8095238095238095,,,,luminal-b,,
CEP41,CEP41,Messenger RNA,0.0,14,0,,,,,,,,luminal-b,,
CEP41,CEP41,Messenger RNA,0.0,0,1,0.0298650281488368,0.607940446650124,0.2121212121212121,0.8095238095238095,,,,luminal-b,,
CBX7,CBX7,Messenger RNA,0.0,0,1,0.0,0.2794022092267706,0.0151515151515151,,,,,luminal-b,,
CBX7,CBX7,Messenger RNA,1.0,0,1,0.0027462789604613,0.601965601965602,0.1515151515151515,1.0,,,,luminal-b,,
CBX7,CBX7,Messenger RNA,0.0,0,1,0.0,0.2794022092267706,0.0151515151515151,,,,,luminal-b,,
CBX7,CBX7,Messenger RNA,1.0,0,1,0.0027462789604613,0.601965601965602,0.1515151515151515,1.0,,,,luminal-b,,
CBX7,CBX7,Messenger RNA,0.0,0,1,0.0,0.2794022092267706,0.0151515151515151,,,,,luminal-b,,
CBX7,CBX7,Messenger RNA,1.0,0,1,0.0027462789604613,0.601965601965602,0.1515151515151515,1.0,,,,luminal-b,,
CBX7,CBX7,Messenger RNA,0.0,0,1,0.0,0.2794022092267706,0.0151515151515151,,,,,luminal-b,,
CBX7,CBX7,Messenger RNA,1.0,0,1,0.0027462789604613,0.601965601965602,0.1515151515151515,1.0,,,,luminal-b,,
CBX7,CBX7,Messenger RNA,0.0,0,1,0.0,0.2794022092267706,0.0151515151515151,,,,,luminal-b,,
CBX7,CBX7,Messenger RNA,1.0,0,1,0.0027462789604613,0.601965601965602,0.1515151515151515,1.0,,,,luminal-b,,
ZBTB4,ZBTB4,Messenger RNA,0.0,0,1,0.0047642681913457,0.3451043338683788,0.0303030303030303,1.0,,,,luminal-b,,
ZBTB4,ZBTB4,Messenger RNA,0.0,0,1,0.0015353549571122,0.5658198614318707,0.1212121212121212,1.0,,,,luminal-b,,
ZBTB4,ZBTB4,Messenger RNA,0.0,0,1,0.0047642681913457,0.3451043338683788,0.0303030303030303,1.0,,,,luminal-b,,
ZBTB4,ZBTB4,Messenger RNA,0.0,0,1,0.0015353549571122,0.5658198614318707,0.1212121212121212,1.0,,,,luminal-b,,
ZBTB4,ZBTB4,Messenger RNA,0.0,0,1,0.0047642681913457,0.3451043338683788,0.0303030303030303,1.0,,,,luminal-b,,
ZBTB4,ZBTB4,Messenger RNA,0.0,0,1,0.0015353549571122,0.5658198614318707,0.1212121212121212,1.0,,,,luminal-b,,
ZBTB4,ZBTB4,Messenger RNA,0.0,0,1,0.0047642681913457,0.3451043338683788,0.0303030303030303,1.0,,,,luminal-b,,
ZBTB4,ZBTB4,Messenger RNA,0.0,0,1,0.0015353549571122,0.5658198614318707,0.1212121212121212,1.0,,,,luminal-b,,
ABI2,ABI2,Messenger RNA,0.0,0,1,0.0044145509662751,0.2530900529723366,0.0454545454545454,0.3333333333333333,,,,luminal-b,,
ABI2,ABI2,Messenger RNA,1.0,0,1,0.0093655029224709,0.5961070559610706,0.1818181818181818,1.0,,,,luminal-b,,
ABI2,ABI2,Messenger RNA,0.0,0,1,0.0044145509662751,0.2530900529723366,0.0454545454545454,0.3333333333333333,,,,luminal-b,,
ABI2,ABI2,Messenger RNA,1.0,0,1,0.0093655029224709,0.5961070559610706,0.1818181818181818,1.0,,,,luminal-b,,
ABI2,ABI2,Messenger RNA,0.0,0,1,0.0044145509662751,0.2530900529723366,0.0454545454545454,0.3333333333333333,,,,luminal-b,,
ABI2,ABI2,Messenger RNA,1.0,0,1,0.0093655029224709,0.5961070559610706,0.1818181818181818,1.0,,,,luminal-b,,
ABI2,ABI2,Messenger RNA,0.0,0,1,0.0044145509662751,0.2530900529723366,0.0454545454545454,0.3333333333333333,,,,luminal-b,,
ABI2,ABI2,Messenger RNA,1.0,0,1,0.0093655029224709,0.5961070559610706,0.1818181818181818,1.0,,,,luminal-b,,
ABI2,ABI2,Messenger RNA,0.0,0,1,0.0044145509662751,0.2530900529723366,0.0454545454545454,0.3333333333333333,,,,luminal-b,,
ABI2,ABI2,Messenger RNA,1.0,0,1,0.0093655029224709,0.5961070559610706,0.1818181818181818,1.0,,,,luminal-b,,
ABI2,ABI2,Messenger RNA,0.0,0,1,0.0044145509662751,0.2530900529723366,0.0454545454545454,0.3333333333333333,,,,luminal-b,,
ABI2,ABI2,Messenger RNA,1.0,0,1,0.0093655029224709,0.5961070559610706,0.1818181818181818,1.0,,,,luminal-b,,
CAMKK2,CAMKK2,Messenger RNA,0.0,0,1,0.0,0.2526439482961222,0.0151515151515151,,,,,luminal-b,,
CAMKK2,CAMKK2,Messenger RNA,1.0,0,1,0.0,0.4702495201535508,0.0303030303030303,,,,,luminal-b,,
ABI2,ABI2,Messenger RNA,0.0,0,1,0.0044145509662751,0.2530900529723366,0.0454545454545454,0.3333333333333333,,,,luminal-b,,
ABI2,ABI2,Messenger RNA,1.0,0,1,0.0093655029224709,0.5961070559610706,0.1818181818181818,1.0,,,,luminal-b,,
ABI2,ABI2,Messenger RNA,0.0,0,1,0.0044145509662751,0.2530900529723366,0.0454545454545454,0.3333333333333333,,,,luminal-b,,
ABI2,ABI2,Messenger RNA,1.0,0,1,0.0093655029224709,0.5961070559610706,0.1818181818181818,1.0,,,,luminal-b,,
ABI2,ABI2,Messenger RNA,0.0,0,1,0.0044145509662751,0.2530900529723366,0.0454545454545454,0.3333333333333333,,,,luminal-b,,
ABI2,ABI2,Messenger RNA,1.0,0,1,0.0093655029224709,0.5961070559610706,0.1818181818181818,1.0,,,,luminal-b,,
ABI2,ABI2,Messenger RNA,0.0,0,1,0.0044145509662751,0.2530900529723366,0.0454545454545454,0.3333333333333333,,,,luminal-b,,
ABI2,ABI2,Messenger RNA,1.0,0,1,0.0093655029224709,0.5961070559610706,0.1818181818181818,1.0,,,,luminal-b,,
ABI2,ABI2,Messenger RNA,0.0,0,1,0.0044145509662751,0.2530900529723366,0.0454545454545454,0.3333333333333333,,,,luminal-b,,
ABI2,ABI2,Messenger RNA,1.0,0,1,0.0093655029224709,0.5961070559610706,0.1818181818181818,1.0,,,,luminal-b,,
ABI2,ABI2,Messenger RNA,0.0,0,1,0.0044145509662751,0.2530900529723366,0.0454545454545454,0.3333333333333333,,,,luminal-b,,
ABI2,ABI2,Messenger RNA,1.0,0,1,0.0093655029224709,0.5961070559610706,0.1818181818181818,1.0,,,,luminal-b,,
ESR1,ESR1,Messenger RNA,0.0,3,0,,,,,,,,luminal-b,,
ESR1,ESR1,Messenger RNA,1.0,0,1,0.000111876909484,0.4989816700610998,0.0606060606060606,1.0,,,,luminal-b,,
ESR1,ESR1,Messenger RNA,0.0,3,0,,,,,,,,luminal-b,,
ESR1,ESR1,Messenger RNA,1.0,0,1,0.000111876909484,0.4989816700610998,0.0606060606060606,1.0,,,,luminal-b,,
FRK,FRK,Messenger RNA,0.0,0,1,0.0043766578249336,0.2699309478970496,0.0303030303030303,0.0,,,,luminal-b,,
FRK,FRK,Messenger RNA,1.0,0,1,0.0,0.4702495201535508,0.0303030303030303,,,,,luminal-b,,
KLF12,KLF12,Messenger RNA,0.0,0,1,0.085417852990404,0.3788546255506608,0.0606060606060606,0.3333333333333333,,,,luminal-b,,
KLF12,KLF12,Messenger RNA,0.0,0,1,0.0,0.4832347140039448,0.0303030303030303,,,,,luminal-b,,
GPR157,GPR157,Messenger RNA,0.0,2,0,,,,,,,,luminal-b,,
GPR157,GPR157,Messenger RNA,0.0,0,1,0.0,0.5157894736842106,0.0303030303030303,,,,,luminal-b,,
AHCYL2,AHCYL2,Messenger RNA,0.0,0,1,0.0,0.2591922845087402,0.0151515151515151,,,,,luminal-b,,
AHCYL2,AHCYL2,Messenger RNA,1.0,0,1,0.0002501006705333,0.5010224948875256,0.0606060606060606,1.0,,,,luminal-b,,
AHCYL2,AHCYL2,Messenger RNA,0.0,0,1,0.0,0.2591922845087402,0.0151515151515151,,,,,luminal-b,,
AHCYL2,AHCYL2,Messenger RNA,1.0,0,1,0.0002501006705333,0.5010224948875256,0.0606060606060606,1.0,,,,luminal-b,,
VEZF1,VEZF1,Messenger RNA,0.0,0,1,0.0,0.2591922845087402,0.0151515151515151,,,,,luminal-b,,
VEZF1,VEZF1,Messenger RNA,0.0,0,1,0.0,0.4173764906303236,0.0303030303030303,,,,,luminal-b,,
BCORL1,BCORL1,Messenger RNA,0.0,0,1,0.0,0.2591922845087402,0.0151515151515151,,,,,luminal-b,,
BCORL1,BCORL1,Messenger RNA,1.0,0,1,0.0,0.4528650646950092,0.0303030303030303,,,,,luminal-b,,
BMPR2,BMPR2,Messenger RNA,0.0,0,1,0.0,0.2349726775956284,0.0151515151515151,,,,,luminal-b,,
BMPR2,BMPR2,Messenger RNA,1.0,0,1,0.0008331959383164,0.5337690631808278,0.0909090909090909,1.0,,,,luminal-b,,
BMPR2,BMPR2,Messenger RNA,0.0,0,1,0.0,0.2349726775956284,0.0151515151515151,,,,,luminal-b,,
BMPR2,BMPR2,Messenger RNA,1.0,0,1,0.0008331959383164,0.5337690631808278,0.0909090909090909,1.0,,,,luminal-b,,
BMPR2,BMPR2,Messenger RNA,0.0,0,1,0.0,0.2349726775956284,0.0151515151515151,,,,,luminal-b,,
BMPR2,BMPR2,Messenger RNA,1.0,0,1,0.0008331959383164,0.5337690631808278,0.0909090909090909,1.0,,,,luminal-b,,
SEMA6D,SEMA6D,Messenger RNA,0.0,0,1,0.0,0.2349726775956284,0.0151515151515151,,,,,luminal-b,,
SEMA6D,SEMA6D,Messenger RNA,0.0,0,1,0.0,0.4832347140039448,0.0303030303030303,,,,,luminal-b,,
KEGG:04010,MAPK signaling pathway,Pathway,0.0,0,1,0.104584544280392,0.5074183976261127,0.2242990654205607,0.5253623188405797,,,,luminal-b,,
KEGG:04151,PI3K-Akt signaling pathway,Pathway,0.0,0,1,0.0713024782351786,0.5104477611940299,0.233644859813084,0.7833333333333333,,,,luminal-b,,
KEGG:05205,Proteoglycans in cancer,Pathway,5.0,0,1,0.0386618324400408,0.4816901408450704,0.1401869158878504,0.7714285714285715,,,,luminal-b,,
KEGG:04012,ErbB signaling pathway,Pathway,0.0,0,1,0.0081125372520914,0.4243176178660049,0.0654205607476635,0.9047619047619048,,,,luminal-b,,
KEGG:05200,Pathways in cancer,Pathway,0.0,0,1,0.1790100753317077,0.5463258785942492,0.3364485981308411,0.5746031746031746,,,,luminal-b,,
KEGG:04310,Wnt signaling pathway,Pathway,0.0,0,1,0.0907291934562737,0.4243176178660049,0.1121495327102803,0.1212121212121212,,,,luminal-b,,
KEGG:05200,Pathways in cancer,Pathway,0.0,0,1,0.1790100753317077,0.5463258785942492,0.3364485981308411,0.5746031746031746,,,,luminal-b,,
KEGG:05205,Proteoglycans in cancer,Pathway,5.0,0,1,0.0386618324400408,0.4816901408450704,0.1401869158878504,0.7714285714285715,,,,luminal-b,,
KEGG:01522,Endocrine resistance,Pathway,0.0,0,1,0.0202942862422261,0.4395886889460154,0.0747663551401869,0.75,,,,luminal-b,,
KEGG:04926,Relaxin signaling pathway,Pathway,0.0,0,1,0.0095587935483055,0.4659400544959128,0.0841121495327102,0.9444444444444444,,,,luminal-b,,
KEGG:04150,mTOR signaling pathway,Pathway,4.0,0,1,0.0556374991893309,0.4736842105263157,0.1121495327102803,0.4393939393939394,,,,luminal-b,,
KEGG:04152,AMPK signaling pathway,Pathway,0.0,0,1,0.0387014501271261,0.4634146341463415,0.0841121495327102,0.4166666666666667,,,,luminal-b,,
KEGG:05200,Pathways in cancer,Pathway,0.0,0,1,0.1790100753317077,0.5463258785942492,0.3364485981308411,0.5746031746031746,,,,luminal-b,,
KEGG:04010,MAPK signaling pathway,Pathway,0.0,0,1,0.104584544280392,0.5074183976261127,0.2242990654205607,0.5253623188405797,,,,luminal-b,,
KEGG:04151,PI3K-Akt signaling pathway,Pathway,0.0,0,1,0.0713024782351786,0.5104477611940299,0.233644859813084,0.7833333333333333,,,,luminal-b,,
KEGG:04014,Ras signaling pathway,Pathway,0.0,0,1,0.0341252757491934,0.4816901408450704,0.1401869158878504,0.8571428571428571,,,,luminal-b,,
KEGG:05218,Melanoma,Pathway,0.0,0,1,0.004483996713777,0.4373401534526854,0.0654205607476635,1.0,,,,luminal-b,,
KEGG:05224,Breast cancer,Pathway,0.0,0,1,0.0134467214250635,0.4609164420485175,0.0934579439252336,0.9111111111111112,,,,luminal-b,,
KEGG:04144,Endocytosis,Pathway,0.0,0,1,0.1200885726700229,0.4464751958224543,0.1308411214953271,0.1208791208791208,,,,luminal-b,,
KEGG:05202,Transcriptional misregulation in cancer,Pathway,0.0,0,1,0.0463209705818769,0.4488188976377952,0.102803738317757,0.4727272727272727,,,,luminal-b,,
KEGG:05200,Pathways in cancer,Pathway,0.0,0,1,0.1790100753317077,0.5463258785942492,0.3364485981308411,0.5746031746031746,,,,luminal-b,,
KEGG:04010,MAPK signaling pathway,Pathway,0.0,0,1,0.104584544280392,0.5074183976261127,0.2242990654205607,0.5253623188405797,,,,luminal-b,,
KEGG:04218,Cellular senescence,Pathway,0.0,0,1,0.0498329353228317,0.4634146341463415,0.102803738317757,0.509090909090909,,,,luminal-b,,
KEGG:04380,Osteoclast differentiation,Pathway,5.0,0,1,0.0265436765660855,0.4659400544959128,0.0934579439252336,0.6444444444444445,,,,luminal-b,,
KEGG:05161,Hepatitis B,Pathway,0.0,0,1,0.0280742599558254,0.4710743801652892,0.102803738317757,0.7818181818181819,,,,luminal-b,,
KEGG:04144,Endocytosis,Pathway,0.0,0,1,0.1200885726700229,0.4464751958224543,0.1308411214953271,0.1208791208791208,,,,luminal-b,,
KEGG:04926,Relaxin signaling pathway,Pathway,0.0,0,1,0.0095587935483055,0.4659400544959128,0.0841121495327102,0.9444444444444444,,,,luminal-b,,
KEGG:04068,FoxO signaling pathway,Pathway,0.0,0,1,0.0332018828805413,0.4584450402144772,0.0841121495327102,0.5833333333333334,,,,luminal-b,,
KEGG:05202,Transcriptional misregulation in cancer,Pathway,0.0,0,1,0.0463209705818769,0.4488188976377952,0.102803738317757,0.4727272727272727,,,,luminal-b,,
KEGG:05225,Hepatocellular carcinoma,Pathway,0.0,0,1,0.0149503443688233,0.4684931506849315,0.0934579439252336,0.9333333333333332,,,,luminal-b,,
KEGG:04520,Adherens junction,Pathway,0.0,0,1,0.0459397743505769,0.4418604651162791,0.0654205607476635,0.2857142857142857,,,,luminal-b,,
KEGG:05200,Pathways in cancer,Pathway,0.0,0,1,0.1790100753317077,0.5463258785942492,0.3364485981308411,0.5746031746031746,,,,luminal-b,,
KEGG:04151,PI3K-Akt signaling pathway,Pathway,0.0,0,1,0.0713024782351786,0.5104477611940299,0.233644859813084,0.7833333333333333,,,,luminal-b,,
KEGG:04510,Focal adhesion,Pathway,0.0,0,1,0.0458939307366006,0.4844192634560906,0.1495327102803738,0.7333333333333333,,,,luminal-b,,
KEGG:05222,Small cell lung cancer,Pathway,0.0,0,1,0.0061888384581424,0.42643391521197,0.0841121495327102,1.0,,,,luminal-b,,
KEGG:01522,Endocrine resistance,Pathway,0.0,0,1,0.0202942862422261,0.4395886889460154,0.0747663551401869,0.75,,,,luminal-b,,
KEGG:04218,Cellular senescence,Pathway,0.0,0,1,0.0498329353228317,0.4634146341463415,0.102803738317757,0.509090909090909,,,,luminal-b,,
KEGG:04218,Cellular senescence,Pathway,0.0,0,1,0.0498329353228317,0.4634146341463415,0.102803738317757,0.509090909090909,,,,luminal-b,,
KEGG:05202,Transcriptional misregulation in cancer,Pathway,0.0,0,1,0.0463209705818769,0.4488188976377952,0.102803738317757,0.4727272727272727,,,,luminal-b,,
KEGG:05200,Pathways in cancer,Pathway,0.0,0,1,0.1790100753317077,0.5463258785942492,0.3364485981308411,0.5746031746031746,,,,luminal-b,,
KEGG:04014,Ras signaling pathway,Pathway,0.0,0,1,0.0341252757491934,0.4816901408450704,0.1401869158878504,0.8571428571428571,,,,luminal-b,,
KEGG:04218,Cellular senescence,Pathway,0.0,0,1,0.0498329353228317,0.4634146341463415,0.102803738317757,0.509090909090909,,,,luminal-b,,
KEGG:05200,Pathways in cancer,Pathway,0.0,0,1,0.1790100753317077,0.5463258785942492,0.3364485981308411,0.5746031746031746,,,,luminal-b,,
KEGG:04010,MAPK signaling pathway,Pathway,0.0,0,1,0.104584544280392,0.5074183976261127,0.2242990654205607,0.5253623188405797,,,,luminal-b,,
KEGG:05222,Small cell lung cancer,Pathway,0.0,0,1,0.0061888384581424,0.42643391521197,0.0841121495327102,1.0,,,,luminal-b,,
KEGG:04380,Osteoclast differentiation,Pathway,5.0,0,1,0.0265436765660855,0.4659400544959128,0.0934579439252336,0.6444444444444445,,,,luminal-b,,
KEGG:05161,Hepatitis B,Pathway,0.0,0,1,0.0280742599558254,0.4710743801652892,0.102803738317757,0.7818181818181819,,,,luminal-b,,
KEGG:04722,Neurotrophin signaling pathway,Pathway,0.0,0,1,0.0242820416598145,0.4488188976377952,0.0841121495327102,0.6944444444444444,,,,luminal-b,,
KEGG:04144,Endocytosis,Pathway,0.0,0,1,0.1200885726700229,0.4464751958224543,0.1308411214953271,0.1208791208791208,,,,luminal-b,,
KEGG:04140,Autophagy - animal,Pathway,0.0,0,1,0.0466648823156695,0.4609164420485175,0.0934579439252336,0.4444444444444444,,,,luminal-b,,
KEGG:04010,MAPK signaling pathway,Pathway,0.0,0,1,0.104584544280392,0.5074183976261127,0.2242990654205607,0.5253623188405797,,,,luminal-b,,
KEGG:04150,mTOR signaling pathway,Pathway,4.0,0,1,0.0556374991893309,0.4736842105263157,0.1121495327102803,0.4393939393939394,,,,luminal-b,,
KEGG:04722,Neurotrophin signaling pathway,Pathway,0.0,0,1,0.0242820416598145,0.4488188976377952,0.0841121495327102,0.6944444444444444,,,,luminal-b,,
KEGG:04720,Long-term potentiation,Pathway,0.0,0,1,0.0044195241119045,0.3630573248407643,0.0560747663551401,0.8666666666666667,,,,luminal-b,,
KEGG:05200,Pathways in cancer,Pathway,0.0,0,1,0.1790100753317077,0.5463258785942492,0.3364485981308411,0.5746031746031746,,,,luminal-b,,
KEGG:04010,MAPK signaling pathway,Pathway,0.0,0,1,0.104584544280392,0.5074183976261127,0.2242990654205607,0.5253623188405797,,,,luminal-b,,
KEGG:04014,Ras signaling pathway,Pathway,0.0,0,1,0.0341252757491934,0.4816901408450704,0.1401869158878504,0.8571428571428571,,,,luminal-b,,
KEGG:04010,MAPK signaling pathway,Pathway,0.0,0,1,0.104584544280392,0.5074183976261127,0.2242990654205607,0.5253623188405797,,,,luminal-b,,
KEGG:04510,Focal adhesion,Pathway,0.0,0,1,0.0458939307366006,0.4844192634560906,0.1495327102803738,0.7333333333333333,,,,luminal-b,,
KEGG:05205,Proteoglycans in cancer,Pathway,5.0,0,1,0.0386618324400408,0.4816901408450704,0.1401869158878504,0.7714285714285715,,,,luminal-b,,
KEGG:05200,Pathways in cancer,Pathway,0.0,0,1,0.1790100753317077,0.5463258785942492,0.3364485981308411,0.5746031746031746,,,,luminal-b,,
KEGG:01521,EGFR tyrosine kinase inhibitor resistance,Pathway,0.0,0,1,0.0388164016294253,0.4763231197771588,0.1214953271028037,0.7051282051282052,,,,luminal-b,,
KEGG:04010,MAPK signaling pathway,Pathway,0.0,0,1,0.104584544280392,0.5074183976261127,0.2242990654205607,0.5253623188405797,,,,luminal-b,,
KEGG:04151,PI3K-Akt signaling pathway,Pathway,0.0,0,1,0.0713024782351786,0.5104477611940299,0.233644859813084,0.7833333333333333,,,,luminal-b,,
KEGG:04510,Focal adhesion,Pathway,0.0,0,1,0.0458939307366006,0.4844192634560906,0.1495327102803738,0.7333333333333333,,,,luminal-b,,
KEGG:05215,Prostate cancer,Pathway,0.0,0,1,0.0235699782895916,0.4488188976377952,0.0934579439252336,0.7333333333333333,,,,luminal-b,,
KEGG:05205,Proteoglycans in cancer,Pathway,5.0,0,1,0.0386618324400408,0.4816901408450704,0.1401869158878504,0.7714285714285715,,,,luminal-b,,
KEGG:04150,mTOR signaling pathway,Pathway,4.0,0,1,0.0556374991893309,0.4736842105263157,0.1121495327102803,0.4393939393939394,,,,luminal-b,,
KEGG:05214,Glioma,Pathway,0.0,0,1,0.0064630925514977,0.4634146341463415,0.0747663551401869,1.0,,,,luminal-b,,
KEGG:04014,Ras signaling pathway,Pathway,0.0,0,1,0.0341252757491934,0.4816901408450704,0.1401869158878504,0.8571428571428571,,,,luminal-b,,
KEGG:05161,Hepatitis B,Pathway,0.0,0,1,0.0280742599558254,0.4710743801652892,0.102803738317757,0.7818181818181819,,,,luminal-b,,
KEGG:01522,Endocrine resistance,Pathway,0.0,0,1,0.0202942862422261,0.4395886889460154,0.0747663551401869,0.75,,,,luminal-b,,
KEGG:04722,Neurotrophin signaling pathway,Pathway,0.0,0,1,0.0242820416598145,0.4488188976377952,0.0841121495327102,0.6944444444444444,,,,luminal-b,,
KEGG:05224,Breast cancer,Pathway,0.0,0,1,0.0134467214250635,0.4609164420485175,0.0934579439252336,0.9111111111111112,,,,luminal-b,,
KEGG:04926,Relaxin signaling pathway,Pathway,0.0,0,1,0.0095587935483055,0.4659400544959128,0.0841121495327102,0.9444444444444444,,,,luminal-b,,
KEGG:04012,ErbB signaling pathway,Pathway,0.0,0,1,0.0081125372520914,0.4243176178660049,0.0654205607476635,0.9047619047619048,,,,luminal-b,,
KEGG:04068,FoxO signaling pathway,Pathway,0.0,0,1,0.0332018828805413,0.4584450402144772,0.0841121495327102,0.5833333333333334,,,,luminal-b,,
KEGG:04630,JAK-STAT signaling pathway,Pathway,0.0,0,1,0.0185441287781469,0.4511873350923482,0.0934579439252336,0.8444444444444444,,,,luminal-b,,
KEGG:05225,Hepatocellular carcinoma,Pathway,0.0,0,1,0.0149503443688233,0.4684931506849315,0.0934579439252336,0.9333333333333332,,,,luminal-b,,
KEGG:04150,mTOR signaling pathway,Pathway,4.0,0,1,0.0556374991893309,0.4736842105263157,0.1121495327102803,0.4393939393939394,,,,luminal-b,,
KEGG:05200,Pathways in cancer,Pathway,0.0,0,1,0.1790100753317077,0.5463258785942492,0.3364485981308411,0.5746031746031746,,,,luminal-b,,
KEGG:01521,EGFR tyrosine kinase inhibitor resistance,Pathway,0.0,0,1,0.0388164016294253,0.4763231197771588,0.1214953271028037,0.7051282051282052,,,,luminal-b,,
KEGG:04151,PI3K-Akt signaling pathway,Pathway,0.0,0,1,0.0713024782351786,0.5104477611940299,0.233644859813084,0.7833333333333333,,,,luminal-b,,
KEGG:04510,Focal adhesion,Pathway,0.0,0,1,0.0458939307366006,0.4844192634560906,0.1495327102803738,0.7333333333333333,,,,luminal-b,,
KEGG:05215,Prostate cancer,Pathway,0.0,0,1,0.0235699782895916,0.4488188976377952,0.0934579439252336,0.7333333333333333,,,,luminal-b,,
KEGG:04150,mTOR signaling pathway,Pathway,4.0,0,1,0.0556374991893309,0.4736842105263157,0.1121495327102803,0.4393939393939394,,,,luminal-b,,
KEGG:05222,Small cell lung cancer,Pathway,0.0,0,1,0.0061888384581424,0.42643391521197,0.0841121495327102,1.0,,,,luminal-b,,
KEGG:05214,Glioma,Pathway,0.0,0,1,0.0064630925514977,0.4634146341463415,0.0747663551401869,1.0,,,,luminal-b,,
KEGG:04218,Cellular senescence,Pathway,0.0,0,1,0.0498329353228317,0.4634146341463415,0.102803738317757,0.509090909090909,,,,luminal-b,,
KEGG:05218,Melanoma,Pathway,0.0,0,1,0.004483996713777,0.4373401534526854,0.0654205607476635,1.0,,,,luminal-b,,
KEGG:05224,Breast cancer,Pathway,0.0,0,1,0.0134467214250635,0.4609164420485175,0.0934579439252336,0.9111111111111112,,,,luminal-b,,
KEGG:04068,FoxO signaling pathway,Pathway,0.0,0,1,0.0332018828805413,0.4584450402144772,0.0841121495327102,0.5833333333333334,,,,luminal-b,,
KEGG:04140,Autophagy - animal,Pathway,0.0,0,1,0.0466648823156695,0.4609164420485175,0.0934579439252336,0.4444444444444444,,,,luminal-b,,
KEGG:05225,Hepatocellular carcinoma,Pathway,0.0,0,1,0.0149503443688233,0.4684931506849315,0.0934579439252336,0.9333333333333332,,,,luminal-b,,
KEGG:05200,Pathways in cancer,Pathway,0.0,0,1,0.1790100753317077,0.5463258785942492,0.3364485981308411,0.5746031746031746,,,,luminal-b,,
KEGG:04151,PI3K-Akt signaling pathway,Pathway,0.0,0,1,0.0713024782351786,0.5104477611940299,0.233644859813084,0.7833333333333333,,,,luminal-b,,
KEGG:04510,Focal adhesion,Pathway,0.0,0,1,0.0458939307366006,0.4844192634560906,0.1495327102803738,0.7333333333333333,,,,luminal-b,,
KEGG:05205,Proteoglycans in cancer,Pathway,5.0,0,1,0.0386618324400408,0.4816901408450704,0.1401869158878504,0.7714285714285715,,,,luminal-b,,
KEGG:05222,Small cell lung cancer,Pathway,0.0,0,1,0.0061888384581424,0.42643391521197,0.0841121495327102,1.0,,,,luminal-b,,
KEGG:04144,Endocytosis,Pathway,0.0,0,1,0.1200885726700229,0.4464751958224543,0.1308411214953271,0.1208791208791208,,,,luminal-b,,
KEGG:01521,EGFR tyrosine kinase inhibitor resistance,Pathway,0.0,0,1,0.0388164016294253,0.4763231197771588,0.1214953271028037,0.7051282051282052,,,,luminal-b,,
KEGG:04151,PI3K-Akt signaling pathway,Pathway,0.0,0,1,0.0713024782351786,0.5104477611940299,0.233644859813084,0.7833333333333333,,,,luminal-b,,
KEGG:04150,mTOR signaling pathway,Pathway,4.0,0,1,0.0556374991893309,0.4736842105263157,0.1121495327102803,0.4393939393939394,,,,luminal-b,,
KEGG:04151,PI3K-Akt signaling pathway,Pathway,0.0,0,1,0.0713024782351786,0.5104477611940299,0.233644859813084,0.7833333333333333,,,,luminal-b,,
KEGG:04630,JAK-STAT signaling pathway,Pathway,0.0,0,1,0.0185441287781469,0.4511873350923482,0.0934579439252336,0.8444444444444444,,,,luminal-b,,
KEGG:04550,Signaling pathways regulating pluripotency of stem cells,Pathway,0.0,0,1,0.093956275853344,0.4488188976377952,0.1121495327102803,0.1969696969696969,,,,luminal-b,,
KEGG:04630,JAK-STAT signaling pathway,Pathway,0.0,0,1,0.0185441287781469,0.4511873350923482,0.0934579439252336,0.8444444444444444,,,,luminal-b,,
KEGG:04014,Ras signaling pathway,Pathway,0.0,0,1,0.0341252757491934,0.4816901408450704,0.1401869158878504,0.8571428571428571,,,,luminal-b,,
KEGG:04713,Circadian entrainment,Pathway,0.0,0,1,0.0193802543097466,0.3808463251670378,0.0747663551401869,0.7142857142857143,,,,luminal-b,,
KEGG:04720,Long-term potentiation,Pathway,0.0,0,1,0.0044195241119045,0.3630573248407643,0.0560747663551401,0.8666666666666667,,,,luminal-b,,
KEGG:05200,Pathways in cancer,Pathway,0.0,0,1,0.1790100753317077,0.5463258785942492,0.3364485981308411,0.5746031746031746,,,,luminal-b,,
KEGG:05205,Proteoglycans in cancer,Pathway,5.0,0,1,0.0386618324400408,0.4816901408450704,0.1401869158878504,0.7714285714285715,,,,luminal-b,,
KEGG:04725,Cholinergic synapse,Pathway,0.0,0,1,0.0254985546987491,0.4395886889460154,0.0934579439252336,0.6888888888888889,,,,luminal-b,,
KEGG:05214,Glioma,Pathway,0.0,0,1,0.0064630925514977,0.4634146341463415,0.0747663551401869,1.0,,,,luminal-b,,
KEGG:04310,Wnt signaling pathway,Pathway,0.0,0,1,0.0907291934562737,0.4243176178660049,0.1121495327102803,0.1212121212121212,,,,luminal-b,,
KEGG:04722,Neurotrophin signaling pathway,Pathway,0.0,0,1,0.0242820416598145,0.4488188976377952,0.0841121495327102,0.6944444444444444,,,,luminal-b,,
KEGG:04713,Circadian entrainment,Pathway,0.0,0,1,0.0193802543097466,0.3808463251670378,0.0747663551401869,0.7142857142857143,,,,luminal-b,,
KEGG:04012,ErbB signaling pathway,Pathway,0.0,0,1,0.0081125372520914,0.4243176178660049,0.0654205607476635,0.9047619047619048,,,,luminal-b,,
KEGG:04720,Long-term potentiation,Pathway,0.0,0,1,0.0044195241119045,0.3630573248407643,0.0560747663551401,0.8666666666666667,,,,luminal-b,,
KEGG:01521,EGFR tyrosine kinase inhibitor resistance,Pathway,0.0,0,1,0.0388164016294253,0.4763231197771588,0.1214953271028037,0.7051282051282052,,,,luminal-b,,
KEGG:04010,MAPK signaling pathway,Pathway,0.0,0,1,0.104584544280392,0.5074183976261127,0.2242990654205607,0.5253623188405797,,,,luminal-b,,
KEGG:04014,Ras signaling pathway,Pathway,0.0,0,1,0.0341252757491934,0.4816901408450704,0.1401869158878504,0.8571428571428571,,,,luminal-b,,
KEGG:04550,Signaling pathways regulating pluripotency of stem cells,Pathway,0.0,0,1,0.093956275853344,0.4488188976377952,0.1121495327102803,0.1969696969696969,,,,luminal-b,,
KEGG:04010,MAPK signaling pathway,Pathway,0.0,0,1,0.104584544280392,0.5074183976261127,0.2242990654205607,0.5253623188405797,,,,luminal-b,,
KEGG:05200,Pathways in cancer,Pathway,0.0,0,1,0.1790100753317077,0.5463258785942492,0.3364485981308411,0.5746031746031746,,,,luminal-b,,
KEGG:05202,Transcriptional misregulation in cancer,Pathway,0.0,0,1,0.0463209705818769,0.4488188976377952,0.102803738317757,0.4727272727272727,,,,luminal-b,,
KEGG:05200,Pathways in cancer,Pathway,0.0,0,1,0.1790100753317077,0.5463258785942492,0.3364485981308411,0.5746031746031746,,,,luminal-b,,
KEGG:04151,PI3K-Akt signaling pathway,Pathway,0.0,0,1,0.0713024782351786,0.5104477611940299,0.233644859813084,0.7833333333333333,,,,luminal-b,,
KEGG:04510,Focal adhesion,Pathway,0.0,0,1,0.0458939307366006,0.4844192634560906,0.1495327102803738,0.7333333333333333,,,,luminal-b,,
KEGG:04310,Wnt signaling pathway,Pathway,0.0,0,1,0.0907291934562737,0.4243176178660049,0.1121495327102803,0.1212121212121212,,,,luminal-b,,
KEGG:04218,Cellular senescence,Pathway,0.0,0,1,0.0498329353228317,0.4634146341463415,0.102803738317757,0.509090909090909,,,,luminal-b,,
KEGG:04068,FoxO signaling pathway,Pathway,0.0,0,1,0.0332018828805413,0.4584450402144772,0.0841121495327102,0.5833333333333334,,,,luminal-b,,
KEGG:04630,JAK-STAT signaling pathway,Pathway,0.0,0,1,0.0185441287781469,0.4511873350923482,0.0934579439252336,0.8444444444444444,,,,luminal-b,,
KEGG:05202,Transcriptional misregulation in cancer,Pathway,0.0,0,1,0.0463209705818769,0.4488188976377952,0.102803738317757,0.4727272727272727,,,,luminal-b,,
KEGG:05200,Pathways in cancer,Pathway,0.0,0,1,0.1790100753317077,0.5463258785942492,0.3364485981308411,0.5746031746031746,,,,luminal-b,,
KEGG:04010,MAPK signaling pathway,Pathway,0.0,0,1,0.104584544280392,0.5074183976261127,0.2242990654205607,0.5253623188405797,,,,luminal-b,,
KEGG:05222,Small cell lung cancer,Pathway,0.0,0,1,0.0061888384581424,0.42643391521197,0.0841121495327102,1.0,,,,luminal-b,,
KEGG:04380,Osteoclast differentiation,Pathway,5.0,0,1,0.0265436765660855,0.4659400544959128,0.0934579439252336,0.6444444444444445,,,,luminal-b,,
KEGG:05161,Hepatitis B,Pathway,0.0,0,1,0.0280742599558254,0.4710743801652892,0.102803738317757,0.7818181818181819,,,,luminal-b,,
KEGG:04722,Neurotrophin signaling pathway,Pathway,0.0,0,1,0.0242820416598145,0.4488188976377952,0.0841121495327102,0.6944444444444444,,,,luminal-b,,
KEGG:04144,Endocytosis,Pathway,0.0,0,1,0.1200885726700229,0.4464751958224543,0.1308411214953271,0.1208791208791208,,,,luminal-b,,
KEGG:04140,Autophagy - animal,Pathway,0.0,0,1,0.0466648823156695,0.4609164420485175,0.0934579439252336,0.4444444444444444,,,,luminal-b,,
KEGG:01521,EGFR tyrosine kinase inhibitor resistance,Pathway,0.0,0,1,0.0388164016294253,0.4763231197771588,0.1214953271028037,0.7051282051282052,,,,luminal-b,,
KEGG:04010,MAPK signaling pathway,Pathway,0.0,0,1,0.104584544280392,0.5074183976261127,0.2242990654205607,0.5253623188405797,,,,luminal-b,,
KEGG:04151,PI3K-Akt signaling pathway,Pathway,0.0,0,1,0.0713024782351786,0.5104477611940299,0.233644859813084,0.7833333333333333,,,,luminal-b,,
KEGG:05205,Proteoglycans in cancer,Pathway,5.0,0,1,0.0386618324400408,0.4816901408450704,0.1401869158878504,0.7714285714285715,,,,luminal-b,,
KEGG:04012,ErbB signaling pathway,Pathway,0.0,0,1,0.0081125372520914,0.4243176178660049,0.0654205607476635,0.9047619047619048,,,,luminal-b,,
KEGG:04140,Autophagy - animal,Pathway,0.0,0,1,0.0466648823156695,0.4609164420485175,0.0934579439252336,0.4444444444444444,,,,luminal-b,,
KEGG:05200,Pathways in cancer,Pathway,0.0,0,1,0.1790100753317077,0.5463258785942492,0.3364485981308411,0.5746031746031746,,,,luminal-b,,
KEGG:05205,Proteoglycans in cancer,Pathway,5.0,0,1,0.0386618324400408,0.4816901408450704,0.1401869158878504,0.7714285714285715,,,,luminal-b,,
KEGG:04550,Signaling pathways regulating pluripotency of stem cells,Pathway,0.0,0,1,0.093956275853344,0.4488188976377952,0.1121495327102803,0.1969696969696969,,,,luminal-b,,
KEGG:04218,Cellular senescence,Pathway,0.0,0,1,0.0498329353228317,0.4634146341463415,0.102803738317757,0.509090909090909,,,,luminal-b,,
KEGG:04144,Endocytosis,Pathway,0.0,0,1,0.1200885726700229,0.4464751958224543,0.1308411214953271,0.1208791208791208,,,,luminal-b,,
KEGG:04926,Relaxin signaling pathway,Pathway,0.0,0,1,0.0095587935483055,0.4659400544959128,0.0841121495327102,0.9444444444444444,,,,luminal-b,,
KEGG:05225,Hepatocellular carcinoma,Pathway,0.0,0,1,0.0149503443688233,0.4684931506849315,0.0934579439252336,0.9333333333333332,,,,luminal-b,,
KEGG:04520,Adherens junction,Pathway,0.0,0,1,0.0459397743505769,0.4418604651162791,0.0654205607476635,0.2857142857142857,,,,luminal-b,,
KEGG:05200,Pathways in cancer,Pathway,0.0,0,1,0.1790100753317077,0.5463258785942492,0.3364485981308411,0.5746031746031746,,,,luminal-b,,
KEGG:01521,EGFR tyrosine kinase inhibitor resistance,Pathway,0.0,0,1,0.0388164016294253,0.4763231197771588,0.1214953271028037,0.7051282051282052,,,,luminal-b,,
KEGG:04010,MAPK signaling pathway,Pathway,0.0,0,1,0.104584544280392,0.5074183976261127,0.2242990654205607,0.5253623188405797,,,,luminal-b,,
KEGG:04151,PI3K-Akt signaling pathway,Pathway,0.0,0,1,0.0713024782351786,0.5104477611940299,0.233644859813084,0.7833333333333333,,,,luminal-b,,
KEGG:04510,Focal adhesion,Pathway,0.0,0,1,0.0458939307366006,0.4844192634560906,0.1495327102803738,0.7333333333333333,,,,luminal-b,,
KEGG:05215,Prostate cancer,Pathway,0.0,0,1,0.0235699782895916,0.4488188976377952,0.0934579439252336,0.7333333333333333,,,,luminal-b,,
KEGG:05205,Proteoglycans in cancer,Pathway,5.0,0,1,0.0386618324400408,0.4816901408450704,0.1401869158878504,0.7714285714285715,,,,luminal-b,,
KEGG:04150,mTOR signaling pathway,Pathway,4.0,0,1,0.0556374991893309,0.4736842105263157,0.1121495327102803,0.4393939393939394,,,,luminal-b,,
KEGG:05214,Glioma,Pathway,0.0,0,1,0.0064630925514977,0.4634146341463415,0.0747663551401869,1.0,,,,luminal-b,,
KEGG:04014,Ras signaling pathway,Pathway,0.0,0,1,0.0341252757491934,0.4816901408450704,0.1401869158878504,0.8571428571428571,,,,luminal-b,,
KEGG:05161,Hepatitis B,Pathway,0.0,0,1,0.0280742599558254,0.4710743801652892,0.102803738317757,0.7818181818181819,,,,luminal-b,,
KEGG:01522,Endocrine resistance,Pathway,0.0,0,1,0.0202942862422261,0.4395886889460154,0.0747663551401869,0.75,,,,luminal-b,,
KEGG:04722,Neurotrophin signaling pathway,Pathway,0.0,0,1,0.0242820416598145,0.4488188976377952,0.0841121495327102,0.6944444444444444,,,,luminal-b,,
KEGG:05224,Breast cancer,Pathway,0.0,0,1,0.0134467214250635,0.4609164420485175,0.0934579439252336,0.9111111111111112,,,,luminal-b,,
KEGG:04926,Relaxin signaling pathway,Pathway,0.0,0,1,0.0095587935483055,0.4659400544959128,0.0841121495327102,0.9444444444444444,,,,luminal-b,,
KEGG:04012,ErbB signaling pathway,Pathway,0.0,0,1,0.0081125372520914,0.4243176178660049,0.0654205607476635,0.9047619047619048,,,,luminal-b,,
KEGG:04068,FoxO signaling pathway,Pathway,0.0,0,1,0.0332018828805413,0.4584450402144772,0.0841121495327102,0.5833333333333334,,,,luminal-b,,
KEGG:04630,JAK-STAT signaling pathway,Pathway,0.0,0,1,0.0185441287781469,0.4511873350923482,0.0934579439252336,0.8444444444444444,,,,luminal-b,,
KEGG:05225,Hepatocellular carcinoma,Pathway,0.0,0,1,0.0149503443688233,0.4684931506849315,0.0934579439252336,0.9333333333333332,,,,luminal-b,,
KEGG:01521,EGFR tyrosine kinase inhibitor resistance,Pathway,0.0,0,1,0.0388164016294253,0.4763231197771588,0.1214953271028037,0.7051282051282052,,,,luminal-b,,
KEGG:04520,Adherens junction,Pathway,0.0,0,1,0.0459397743505769,0.4418604651162791,0.0654205607476635,0.2857142857142857,,,,luminal-b,,
KEGG:04550,Signaling pathways regulating pluripotency of stem cells,Pathway,0.0,0,1,0.093956275853344,0.4488188976377952,0.1121495327102803,0.1969696969696969,,,,luminal-b,,
KEGG:04630,JAK-STAT signaling pathway,Pathway,0.0,0,1,0.0185441287781469,0.4511873350923482,0.0934579439252336,0.8444444444444444,,,,luminal-b,,
KEGG:05200,Pathways in cancer,Pathway,0.0,0,1,0.1790100753317077,0.5463258785942492,0.3364485981308411,0.5746031746031746,,,,luminal-b,,
KEGG:04150,mTOR signaling pathway,Pathway,4.0,0,1,0.0556374991893309,0.4736842105263157,0.1121495327102803,0.4393939393939394,,,,luminal-b,,
KEGG:04140,Autophagy - animal,Pathway,0.0,0,1,0.0466648823156695,0.4609164420485175,0.0934579439252336,0.4444444444444444,,,,luminal-b,,
KEGG:04520,Adherens junction,Pathway,0.0,0,1,0.0459397743505769,0.4418604651162791,0.0654205607476635,0.2857142857142857,,,,luminal-b,,
KEGG:05200,Pathways in cancer,Pathway,0.0,0,1,0.1790100753317077,0.5463258785942492,0.3364485981308411,0.5746031746031746,,,,luminal-b,,
KEGG:04310,Wnt signaling pathway,Pathway,0.0,0,1,0.0907291934562737,0.4243176178660049,0.1121495327102803,0.1212121212121212,,,,luminal-b,,
KEGG:01521,EGFR tyrosine kinase inhibitor resistance,Pathway,0.0,0,1,0.0388164016294253,0.4763231197771588,0.1214953271028037,0.7051282051282052,,,,luminal-b,,
KEGG:04010,MAPK signaling pathway,Pathway,0.0,0,1,0.104584544280392,0.5074183976261127,0.2242990654205607,0.5253623188405797,,,,luminal-b,,
KEGG:04014,Ras signaling pathway,Pathway,0.0,0,1,0.0341252757491934,0.4816901408450704,0.1401869158878504,0.8571428571428571,,,,luminal-b,,
KEGG:05200,Pathways in cancer,Pathway,0.0,0,1,0.1790100753317077,0.5463258785942492,0.3364485981308411,0.5746031746031746,,,,luminal-b,,
KEGG:04151,PI3K-Akt signaling pathway,Pathway,0.0,0,1,0.0713024782351786,0.5104477611940299,0.233644859813084,0.7833333333333333,,,,luminal-b,,
KEGG:05222,Small cell lung cancer,Pathway,0.0,0,1,0.0061888384581424,0.42643391521197,0.0841121495327102,1.0,,,,luminal-b,,
KEGG:05214,Glioma,Pathway,0.0,0,1,0.0064630925514977,0.4634146341463415,0.0747663551401869,1.0,,,,luminal-b,,
KEGG:04218,Cellular senescence,Pathway,0.0,0,1,0.0498329353228317,0.4634146341463415,0.102803738317757,0.509090909090909,,,,luminal-b,,
KEGG:05218,Melanoma,Pathway,0.0,0,1,0.004483996713777,0.4373401534526854,0.0654205607476635,1.0,,,,luminal-b,,
KEGG:05224,Breast cancer,Pathway,0.0,0,1,0.0134467214250635,0.4609164420485175,0.0934579439252336,0.9111111111111112,,,,luminal-b,,
KEGG:05225,Hepatocellular carcinoma,Pathway,0.0,0,1,0.0149503443688233,0.4684931506849315,0.0934579439252336,0.9333333333333332,,,,luminal-b,,
KEGG:04550,Signaling pathways regulating pluripotency of stem cells,Pathway,0.0,0,1,0.093956275853344,0.4488188976377952,0.1121495327102803,0.1969696969696969,,,,luminal-b,,
KEGG:04510,Focal adhesion,Pathway,0.0,0,1,0.0458939307366006,0.4844192634560906,0.1495327102803738,0.7333333333333333,,,,luminal-b,,
KEGG:04151,PI3K-Akt signaling pathway,Pathway,0.0,0,1,0.0713024782351786,0.5104477611940299,0.233644859813084,0.7833333333333333,,,,luminal-b,,
KEGG:04510,Focal adhesion,Pathway,0.0,0,1,0.0458939307366006,0.4844192634560906,0.1495327102803738,0.7333333333333333,,,,luminal-b,,
KEGG:04010,MAPK signaling pathway,Pathway,0.0,0,1,0.104584544280392,0.5074183976261127,0.2242990654205607,0.5253623188405797,,,,luminal-b,,
KEGG:04014,Ras signaling pathway,Pathway,0.0,0,1,0.0341252757491934,0.4816901408450704,0.1401869158878504,0.8571428571428571,,,,luminal-b,,
KEGG:04144,Endocytosis,Pathway,0.0,0,1,0.1200885726700229,0.4464751958224543,0.1308411214953271,0.1208791208791208,,,,luminal-b,,
KEGG:05200,Pathways in cancer,Pathway,0.0,0,1,0.1790100753317077,0.5463258785942492,0.3364485981308411,0.5746031746031746,,,,luminal-b,,
KEGG:01521,EGFR tyrosine kinase inhibitor resistance,Pathway,0.0,0,1,0.0388164016294253,0.4763231197771588,0.1214953271028037,0.7051282051282052,,,,luminal-b,,
KEGG:04151,PI3K-Akt signaling pathway,Pathway,0.0,0,1,0.0713024782351786,0.5104477611940299,0.233644859813084,0.7833333333333333,,,,luminal-b,,
KEGG:04550,Signaling pathways regulating pluripotency of stem cells,Pathway,0.0,0,1,0.093956275853344,0.4488188976377952,0.1121495327102803,0.1969696969696969,,,,luminal-b,,
KEGG:04380,Osteoclast differentiation,Pathway,5.0,0,1,0.0265436765660855,0.4659400544959128,0.0934579439252336,0.6444444444444445,,,,luminal-b,,
KEGG:05161,Hepatitis B,Pathway,0.0,0,1,0.0280742599558254,0.4710743801652892,0.102803738317757,0.7818181818181819,,,,luminal-b,,
KEGG:04630,JAK-STAT signaling pathway,Pathway,0.0,0,1,0.0185441287781469,0.4511873350923482,0.0934579439252336,0.8444444444444444,,,,luminal-b,,
KEGG:04310,Wnt signaling pathway,Pathway,0.0,0,1,0.0907291934562737,0.4243176178660049,0.1121495327102803,0.1212121212121212,,,,luminal-b,,
KEGG:04144,Endocytosis,Pathway,0.0,0,1,0.1200885726700229,0.4464751958224543,0.1308411214953271,0.1208791208791208,,,,luminal-b,,
KEGG:05200,Pathways in cancer,Pathway,0.0,0,1,0.1790100753317077,0.5463258785942492,0.3364485981308411,0.5746031746031746,,,,luminal-b,,
KEGG:01521,EGFR tyrosine kinase inhibitor resistance,Pathway,0.0,0,1,0.0388164016294253,0.4763231197771588,0.1214953271028037,0.7051282051282052,,,,luminal-b,,
KEGG:04010,MAPK signaling pathway,Pathway,0.0,0,1,0.104584544280392,0.5074183976261127,0.2242990654205607,0.5253623188405797,,,,luminal-b,,
KEGG:04151,PI3K-Akt signaling pathway,Pathway,0.0,0,1,0.0713024782351786,0.5104477611940299,0.233644859813084,0.7833333333333333,,,,luminal-b,,
KEGG:04510,Focal adhesion,Pathway,0.0,0,1,0.0458939307366006,0.4844192634560906,0.1495327102803738,0.7333333333333333,,,,luminal-b,,
KEGG:05215,Prostate cancer,Pathway,0.0,0,1,0.0235699782895916,0.4488188976377952,0.0934579439252336,0.7333333333333333,,,,luminal-b,,
KEGG:05205,Proteoglycans in cancer,Pathway,5.0,0,1,0.0386618324400408,0.4816901408450704,0.1401869158878504,0.7714285714285715,,,,luminal-b,,
KEGG:04550,Signaling pathways regulating pluripotency of stem cells,Pathway,0.0,0,1,0.093956275853344,0.4488188976377952,0.1121495327102803,0.1969696969696969,,,,luminal-b,,
KEGG:04150,mTOR signaling pathway,Pathway,4.0,0,1,0.0556374991893309,0.4736842105263157,0.1121495327102803,0.4393939393939394,,,,luminal-b,,
KEGG:05214,Glioma,Pathway,0.0,0,1,0.0064630925514977,0.4634146341463415,0.0747663551401869,1.0,,,,luminal-b,,
KEGG:04014,Ras signaling pathway,Pathway,0.0,0,1,0.0341252757491934,0.4816901408450704,0.1401869158878504,0.8571428571428571,,,,luminal-b,,
KEGG:05218,Melanoma,Pathway,0.0,0,1,0.004483996713777,0.4373401534526854,0.0654205607476635,1.0,,,,luminal-b,,
KEGG:01522,Endocrine resistance,Pathway,0.0,0,1,0.0202942862422261,0.4395886889460154,0.0747663551401869,0.75,,,,luminal-b,,
KEGG:04152,AMPK signaling pathway,Pathway,0.0,0,1,0.0387014501271261,0.4634146341463415,0.0841121495327102,0.4166666666666667,,,,luminal-b,,
KEGG:04144,Endocytosis,Pathway,0.0,0,1,0.1200885726700229,0.4464751958224543,0.1308411214953271,0.1208791208791208,,,,luminal-b,,
KEGG:05224,Breast cancer,Pathway,0.0,0,1,0.0134467214250635,0.4609164420485175,0.0934579439252336,0.9111111111111112,,,,luminal-b,,
KEGG:04068,FoxO signaling pathway,Pathway,0.0,0,1,0.0332018828805413,0.4584450402144772,0.0841121495327102,0.5833333333333334,,,,luminal-b,,
KEGG:05202,Transcriptional misregulation in cancer,Pathway,0.0,0,1,0.0463209705818769,0.4488188976377952,0.102803738317757,0.4727272727272727,,,,luminal-b,,
KEGG:04140,Autophagy - animal,Pathway,0.0,0,1,0.0466648823156695,0.4609164420485175,0.0934579439252336,0.4444444444444444,,,,luminal-b,,
KEGG:05225,Hepatocellular carcinoma,Pathway,0.0,0,1,0.0149503443688233,0.4684931506849315,0.0934579439252336,0.9333333333333332,,,,luminal-b,,
KEGG:04520,Adherens junction,Pathway,0.0,0,1,0.0459397743505769,0.4418604651162791,0.0654205607476635,0.2857142857142857,,,,luminal-b,,
KEGG:05200,Pathways in cancer,Pathway,0.0,0,1,0.1790100753317077,0.5463258785942492,0.3364485981308411,0.5746031746031746,,,,luminal-b,,
KEGG:04010,MAPK signaling pathway,Pathway,0.0,0,1,0.104584544280392,0.5074183976261127,0.2242990654205607,0.5253623188405797,,,,luminal-b,,
KEGG:04151,PI3K-Akt signaling pathway,Pathway,0.0,0,1,0.0713024782351786,0.5104477611940299,0.233644859813084,0.7833333333333333,,,,luminal-b,,
KEGG:04725,Cholinergic synapse,Pathway,0.0,0,1,0.0254985546987491,0.4395886889460154,0.0934579439252336,0.6888888888888889,,,,luminal-b,,
KEGG:04014,Ras signaling pathway,Pathway,0.0,0,1,0.0341252757491934,0.4816901408450704,0.1401869158878504,0.8571428571428571,,,,luminal-b,,
KEGG:04713,Circadian entrainment,Pathway,0.0,0,1,0.0193802543097466,0.3808463251670378,0.0747663551401869,0.7142857142857143,,,,luminal-b,,
KEGG:04926,Relaxin signaling pathway,Pathway,0.0,0,1,0.0095587935483055,0.4659400544959128,0.0841121495327102,0.9444444444444444,,,,luminal-b,,
KEGG:04725,Cholinergic synapse,Pathway,0.0,0,1,0.0254985546987491,0.4395886889460154,0.0934579439252336,0.6888888888888889,,,,luminal-b,,
KEGG:05161,Hepatitis B,Pathway,0.0,0,1,0.0280742599558254,0.4710743801652892,0.102803738317757,0.7818181818181819,,,,luminal-b,,
KEGG:04010,MAPK signaling pathway,Pathway,0.0,0,1,0.104584544280392,0.5074183976261127,0.2242990654205607,0.5253623188405797,,,,luminal-b,,
KEGG:04725,Cholinergic synapse,Pathway,0.0,0,1,0.0254985546987491,0.4395886889460154,0.0934579439252336,0.6888888888888889,,,,luminal-b,,
KEGG:04713,Circadian entrainment,Pathway,0.0,0,1,0.0193802543097466,0.3808463251670378,0.0747663551401869,0.7142857142857143,,,,luminal-b,,
KEGG:04720,Long-term potentiation,Pathway,0.0,0,1,0.0044195241119045,0.3630573248407643,0.0560747663551401,0.8666666666666667,,,,luminal-b,,
KEGG:04150,mTOR signaling pathway,Pathway,4.0,0,1,0.0556374991893309,0.4736842105263157,0.1121495327102803,0.4393939393939394,,,,luminal-b,,
KEGG:05200,Pathways in cancer,Pathway,0.0,0,1,0.1790100753317077,0.5463258785942492,0.3364485981308411,0.5746031746031746,,,,luminal-b,,
KEGG:01521,EGFR tyrosine kinase inhibitor resistance,Pathway,0.0,0,1,0.0388164016294253,0.4763231197771588,0.1214953271028037,0.7051282051282052,,,,luminal-b,,
KEGG:04010,MAPK signaling pathway,Pathway,0.0,0,1,0.104584544280392,0.5074183976261127,0.2242990654205607,0.5253623188405797,,,,luminal-b,,
KEGG:04151,PI3K-Akt signaling pathway,Pathway,0.0,0,1,0.0713024782351786,0.5104477611940299,0.233644859813084,0.7833333333333333,,,,luminal-b,,
KEGG:04510,Focal adhesion,Pathway,0.0,0,1,0.0458939307366006,0.4844192634560906,0.1495327102803738,0.7333333333333333,,,,luminal-b,,
KEGG:05215,Prostate cancer,Pathway,0.0,0,1,0.0235699782895916,0.4488188976377952,0.0934579439252336,0.7333333333333333,,,,luminal-b,,
KEGG:05205,Proteoglycans in cancer,Pathway,5.0,0,1,0.0386618324400408,0.4816901408450704,0.1401869158878504,0.7714285714285715,,,,luminal-b,,
KEGG:04550,Signaling pathways regulating pluripotency of stem cells,Pathway,0.0,0,1,0.093956275853344,0.4488188976377952,0.1121495327102803,0.1969696969696969,,,,luminal-b,,
KEGG:04150,mTOR signaling pathway,Pathway,4.0,0,1,0.0556374991893309,0.4736842105263157,0.1121495327102803,0.4393939393939394,,,,luminal-b,,
KEGG:05222,Small cell lung cancer,Pathway,0.0,0,1,0.0061888384581424,0.42643391521197,0.0841121495327102,1.0,,,,luminal-b,,
KEGG:04725,Cholinergic synapse,Pathway,0.0,0,1,0.0254985546987491,0.4395886889460154,0.0934579439252336,0.6888888888888889,,,,luminal-b,,
KEGG:05214,Glioma,Pathway,0.0,0,1,0.0064630925514977,0.4634146341463415,0.0747663551401869,1.0,,,,luminal-b,,
KEGG:04014,Ras signaling pathway,Pathway,0.0,0,1,0.0341252757491934,0.4816901408450704,0.1401869158878504,0.8571428571428571,,,,luminal-b,,
KEGG:04218,Cellular senescence,Pathway,0.0,0,1,0.0498329353228317,0.4634146341463415,0.102803738317757,0.509090909090909,,,,luminal-b,,
KEGG:04380,Osteoclast differentiation,Pathway,5.0,0,1,0.0265436765660855,0.4659400544959128,0.0934579439252336,0.6444444444444445,,,,luminal-b,,
KEGG:05218,Melanoma,Pathway,0.0,0,1,0.004483996713777,0.4373401534526854,0.0654205607476635,1.0,,,,luminal-b,,
KEGG:05161,Hepatitis B,Pathway,0.0,0,1,0.0280742599558254,0.4710743801652892,0.102803738317757,0.7818181818181819,,,,luminal-b,,
KEGG:01522,Endocrine resistance,Pathway,0.0,0,1,0.0202942862422261,0.4395886889460154,0.0747663551401869,0.75,,,,luminal-b,,
KEGG:04722,Neurotrophin signaling pathway,Pathway,0.0,0,1,0.0242820416598145,0.4488188976377952,0.0841121495327102,0.6944444444444444,,,,luminal-b,,
KEGG:04152,AMPK signaling pathway,Pathway,0.0,0,1,0.0387014501271261,0.4634146341463415,0.0841121495327102,0.4166666666666667,,,,luminal-b,,
KEGG:05224,Breast cancer,Pathway,0.0,0,1,0.0134467214250635,0.4609164420485175,0.0934579439252336,0.9111111111111112,,,,luminal-b,,
KEGG:04926,Relaxin signaling pathway,Pathway,0.0,0,1,0.0095587935483055,0.4659400544959128,0.0841121495327102,0.9444444444444444,,,,luminal-b,,
KEGG:04012,ErbB signaling pathway,Pathway,0.0,0,1,0.0081125372520914,0.4243176178660049,0.0654205607476635,0.9047619047619048,,,,luminal-b,,
KEGG:04068,FoxO signaling pathway,Pathway,0.0,0,1,0.0332018828805413,0.4584450402144772,0.0841121495327102,0.5833333333333334,,,,luminal-b,,
KEGG:04630,JAK-STAT signaling pathway,Pathway,0.0,0,1,0.0185441287781469,0.4511873350923482,0.0934579439252336,0.8444444444444444,,,,luminal-b,,
KEGG:04140,Autophagy - animal,Pathway,0.0,0,1,0.0466648823156695,0.4609164420485175,0.0934579439252336,0.4444444444444444,,,,luminal-b,,
KEGG:05225,Hepatocellular carcinoma,Pathway,0.0,0,1,0.0149503443688233,0.4684931506849315,0.0934579439252336,0.9333333333333332,,,,luminal-b,,
KEGG:05200,Pathways in cancer,Pathway,0.0,0,1,0.1790100753317077,0.5463258785942492,0.3364485981308411,0.5746031746031746,,,,luminal-b,,
KEGG:01521,EGFR tyrosine kinase inhibitor resistance,Pathway,0.0,0,1,0.0388164016294253,0.4763231197771588,0.1214953271028037,0.7051282051282052,,,,luminal-b,,
KEGG:04010,MAPK signaling pathway,Pathway,0.0,0,1,0.104584544280392,0.5074183976261127,0.2242990654205607,0.5253623188405797,,,,luminal-b,,
KEGG:04151,PI3K-Akt signaling pathway,Pathway,0.0,0,1,0.0713024782351786,0.5104477611940299,0.233644859813084,0.7833333333333333,,,,luminal-b,,
KEGG:04510,Focal adhesion,Pathway,0.0,0,1,0.0458939307366006,0.4844192634560906,0.1495327102803738,0.7333333333333333,,,,luminal-b,,
KEGG:05215,Prostate cancer,Pathway,0.0,0,1,0.0235699782895916,0.4488188976377952,0.0934579439252336,0.7333333333333333,,,,luminal-b,,
KEGG:05214,Glioma,Pathway,0.0,0,1,0.0064630925514977,0.4634146341463415,0.0747663551401869,1.0,,,,luminal-b,,
KEGG:04014,Ras signaling pathway,Pathway,0.0,0,1,0.0341252757491934,0.4816901408450704,0.1401869158878504,0.8571428571428571,,,,luminal-b,,
KEGG:05218,Melanoma,Pathway,0.0,0,1,0.004483996713777,0.4373401534526854,0.0654205607476635,1.0,,,,luminal-b,,
KEGG:04144,Endocytosis,Pathway,0.0,0,1,0.1200885726700229,0.4464751958224543,0.1308411214953271,0.1208791208791208,,,,luminal-b,,
KEGG:04630,JAK-STAT signaling pathway,Pathway,0.0,0,1,0.0185441287781469,0.4511873350923482,0.0934579439252336,0.8444444444444444,,,,luminal-b,,
KEGG:05200,Pathways in cancer,Pathway,0.0,0,1,0.1790100753317077,0.5463258785942492,0.3364485981308411,0.5746031746031746,,,,luminal-b,,
KEGG:04151,PI3K-Akt signaling pathway,Pathway,0.0,0,1,0.0713024782351786,0.5104477611940299,0.233644859813084,0.7833333333333333,,,,luminal-b,,
KEGG:04725,Cholinergic synapse,Pathway,0.0,0,1,0.0254985546987491,0.4395886889460154,0.0934579439252336,0.6888888888888889,,,,luminal-b,,
KEGG:04014,Ras signaling pathway,Pathway,0.0,0,1,0.0341252757491934,0.4816901408450704,0.1401869158878504,0.8571428571428571,,,,luminal-b,,
KEGG:04713,Circadian entrainment,Pathway,0.0,0,1,0.0193802543097466,0.3808463251670378,0.0747663551401869,0.7142857142857143,,,,luminal-b,,
KEGG:04926,Relaxin signaling pathway,Pathway,0.0,0,1,0.0095587935483055,0.4659400544959128,0.0841121495327102,0.9444444444444444,,,,luminal-b,,
KEGG:04380,Osteoclast differentiation,Pathway,5.0,0,1,0.0265436765660855,0.4659400544959128,0.0934579439252336,0.6444444444444445,,,,luminal-b,,
KEGG:04144,Endocytosis,Pathway,0.0,0,1,0.1200885726700229,0.4464751958224543,0.1308411214953271,0.1208791208791208,,,,luminal-b,,
KEGG:04010,MAPK signaling pathway,Pathway,0.0,0,1,0.104584544280392,0.5074183976261127,0.2242990654205607,0.5253623188405797,,,,luminal-b,,
KEGG:04310,Wnt signaling pathway,Pathway,0.0,0,1,0.0907291934562737,0.4243176178660049,0.1121495327102803,0.1212121212121212,,,,luminal-b,,
KEGG:04380,Osteoclast differentiation,Pathway,5.0,0,1,0.0265436765660855,0.4659400544959128,0.0934579439252336,0.6444444444444445,,,,luminal-b,,
KEGG:05161,Hepatitis B,Pathway,0.0,0,1,0.0280742599558254,0.4710743801652892,0.102803738317757,0.7818181818181819,,,,luminal-b,,
KEGG:04152,AMPK signaling pathway,Pathway,0.0,0,1,0.0387014501271261,0.4634146341463415,0.0841121495327102,0.4166666666666667,,,,luminal-b,,
KEGG:04140,Autophagy - animal,Pathway,0.0,0,1,0.0466648823156695,0.4609164420485175,0.0934579439252336,0.4444444444444444,,,,luminal-b,,
KEGG:04520,Adherens junction,Pathway,0.0,0,1,0.0459397743505769,0.4418604651162791,0.0654205607476635,0.2857142857142857,,,,luminal-b,,
KEGG:05200,Pathways in cancer,Pathway,0.0,0,1,0.1790100753317077,0.5463258785942492,0.3364485981308411,0.5746031746031746,,,,luminal-b,,
KEGG:04010,MAPK signaling pathway,Pathway,0.0,0,1,0.104584544280392,0.5074183976261127,0.2242990654205607,0.5253623188405797,,,,luminal-b,,
KEGG:04151,PI3K-Akt signaling pathway,Pathway,0.0,0,1,0.0713024782351786,0.5104477611940299,0.233644859813084,0.7833333333333333,,,,luminal-b,,
KEGG:04014,Ras signaling pathway,Pathway,0.0,0,1,0.0341252757491934,0.4816901408450704,0.1401869158878504,0.8571428571428571,,,,luminal-b,,
KEGG:05224,Breast cancer,Pathway,0.0,0,1,0.0134467214250635,0.4609164420485175,0.0934579439252336,0.9111111111111112,,,,luminal-b,,
KEGG:05200,Pathways in cancer,Pathway,0.0,0,1,0.1790100753317077,0.5463258785942492,0.3364485981308411,0.5746031746031746,,,,luminal-b,,
KEGG:05205,Proteoglycans in cancer,Pathway,5.0,0,1,0.0386618324400408,0.4816901408450704,0.1401869158878504,0.7714285714285715,,,,luminal-b,,
KEGG:01522,Endocrine resistance,Pathway,0.0,0,1,0.0202942862422261,0.4395886889460154,0.0747663551401869,0.75,,,,luminal-b,,
KEGG:05224,Breast cancer,Pathway,0.0,0,1,0.0134467214250635,0.4609164420485175,0.0934579439252336,0.9111111111111112,,,,luminal-b,,
KEGG:05200,Pathways in cancer,Pathway,0.0,0,1,0.1790100753317077,0.5463258785942492,0.3364485981308411,0.5746031746031746,,,,luminal-b,,
KEGG:05215,Prostate cancer,Pathway,0.0,0,1,0.0235699782895916,0.4488188976377952,0.0934579439252336,0.7333333333333333,,,,luminal-b,,
KEGG:04218,Cellular senescence,Pathway,0.0,0,1,0.0498329353228317,0.4634146341463415,0.102803738317757,0.509090909090909,,,,luminal-b,,
KEGG:04152,AMPK signaling pathway,Pathway,0.0,0,1,0.0387014501271261,0.4634146341463415,0.0841121495327102,0.4166666666666667,,,,luminal-b,,
KEGG:04068,FoxO signaling pathway,Pathway,0.0,0,1,0.0332018828805413,0.4584450402144772,0.0841121495327102,0.5833333333333334,,,,luminal-b,,
KEGG:05202,Transcriptional misregulation in cancer,Pathway,0.0,0,1,0.0463209705818769,0.4488188976377952,0.102803738317757,0.4727272727272727,,,,luminal-b,,
KEGG:04144,Endocytosis,Pathway,0.0,0,1,0.1200885726700229,0.4464751958224543,0.1308411214953271,0.1208791208791208,,,,luminal-b,,
KEGG:05200,Pathways in cancer,Pathway,0.0,0,1,0.1790100753317077,0.5463258785942492,0.3364485981308411,0.5746031746031746,,,,luminal-b,,
KEGG:05215,Prostate cancer,Pathway,0.0,0,1,0.0235699782895916,0.4488188976377952,0.0934579439252336,0.7333333333333333,,,,luminal-b,,
KEGG:04218,Cellular senescence,Pathway,0.0,0,1,0.0498329353228317,0.4634146341463415,0.102803738317757,0.509090909090909,,,,luminal-b,,
KEGG:04152,AMPK signaling pathway,Pathway,0.0,0,1,0.0387014501271261,0.4634146341463415,0.0841121495327102,0.4166666666666667,,,,luminal-b,,
KEGG:04068,FoxO signaling pathway,Pathway,0.0,0,1,0.0332018828805413,0.4584450402144772,0.0841121495327102,0.5833333333333334,,,,luminal-b,,
KEGG:05202,Transcriptional misregulation in cancer,Pathway,0.0,0,1,0.0463209705818769,0.4488188976377952,0.102803738317757,0.4727272727272727,,,,luminal-b,,
KEGG:01521,EGFR tyrosine kinase inhibitor resistance,Pathway,0.0,0,1,0.0388164016294253,0.4763231197771588,0.1214953271028037,0.7051282051282052,,,,luminal-b,,
KEGG:04012,ErbB signaling pathway,Pathway,0.0,0,1,0.0081125372520914,0.4243176178660049,0.0654205607476635,0.9047619047619048,,,,luminal-b,,
KEGG:04144,Endocytosis,Pathway,0.0,0,1,0.1200885726700229,0.4464751958224543,0.1308411214953271,0.1208791208791208,,,,luminal-b,,
KEGG:04218,Cellular senescence,Pathway,0.0,0,1,0.0498329353228317,0.4634146341463415,0.102803738317757,0.509090909090909,,,,luminal-b,,
KEGG:04010,MAPK signaling pathway,Pathway,0.0,0,1,0.104584544280392,0.5074183976261127,0.2242990654205607,0.5253623188405797,,,,luminal-b,,
KEGG:05215,Prostate cancer,Pathway,0.0,0,1,0.0235699782895916,0.4488188976377952,0.0934579439252336,0.7333333333333333,,,,luminal-b,,
KEGG:05202,Transcriptional misregulation in cancer,Pathway,0.0,0,1,0.0463209705818769,0.4488188976377952,0.102803738317757,0.4727272727272727,,,,luminal-b,,
KEGG:04713,Circadian entrainment,Pathway,0.0,0,1,0.0193802543097466,0.3808463251670378,0.0747663551401869,0.7142857142857143,,,,luminal-b,,
KEGG:04310,Wnt signaling pathway,Pathway,0.0,0,1,0.0907291934562737,0.4243176178660049,0.1121495327102803,0.1212121212121212,,,,luminal-b,,
KEGG:04010,MAPK signaling pathway,Pathway,0.0,0,1,0.104584544280392,0.5074183976261127,0.2242990654205607,0.5253623188405797,,,,luminal-b,,
KEGG:05161,Hepatitis B,Pathway,0.0,0,1,0.0280742599558254,0.4710743801652892,0.102803738317757,0.7818181818181819,,,,luminal-b,,
KEGG:04722,Neurotrophin signaling pathway,Pathway,0.0,0,1,0.0242820416598145,0.4488188976377952,0.0841121495327102,0.6944444444444444,,,,luminal-b,,
KEGG:04218,Cellular senescence,Pathway,0.0,0,1,0.0498329353228317,0.4634146341463415,0.102803738317757,0.509090909090909,,,,luminal-b,,
