source,target,mirtarbase,correlation,qvalue
hsa-miR-22-3p,RPS3,,-0.816,0.0
hsa-miR-452-5p,RPA1,,-0.81,0.0
hsa-miR-141-3p,TRHDE,,-0.807,0.0
hsa-miR-22-3p,RPL14,,-0.804,0.0
hsa-miR-22-3p,LRRC1,MIRT030660,-0.8,0.0
hsa-miR-141-3p,FZD4,,-0.799,0.0
hsa-miR-22-3p,RAB5B,MIRT030657,-0.795,0.0
hsa-miR-200a-3p,FZD4,,-0.793,0.0
hsa-miR-22-3p,KAT7,,-0.791,0.0
hsa-miR-224-5p,SLC35C2,,-0.784,0.0
hsa-miR-22-3p,CADM1,,-0.782,0.0
hsa-miR-200a-3p,TRHDE,,-0.78,0.0
hsa-miR-452-5p,ZBTB7C,,-0.778,0.0
hsa-miR-141-3p,NRP1,,-0.776,0.0
hsa-miR-486-5p,CCDC85C,,-0.772,0.0
hsa-miR-141-3p,HCAR2,,-0.77,0.0
hsa-miR-22-3p,EDC3,MIRT030653,-0.769,0.0
hsa-miR-200a-3p,NRP1,,-0.767,0.0
hsa-miR-378a-3p,LAS1L,,-0.766,0.0
hsa-miR-141-3p,GNAI1,,-0.763,0.0
hsa-miR-181c-5p,EMX2,,-0.762,0.0
hsa-miR-141-3p,ITSN1,,-0.761,0.0
hsa-miR-378a-3p,RCC2,MIRT712249,-0.759,0.0
hsa-miR-378a-3p,HNRNPA1,,-0.759,0.0
hsa-miR-452-5p,DAG1,,-0.759,0.0
hsa-miR-22-3p,PRPF38A,,-0.757,0.0
hsa-miR-224-5p,PAK4,,-0.756,0.0
hsa-miR-141-3p,ACO1,,-0.756,0.0
hsa-miR-200b-3p,NOVA2,,-0.756,0.0
hsa-miR-452-5p,IL20RA,,-0.755,0.0
hsa-miR-200b-3p,DMRT2,,-0.753,0.0
hsa-miR-22-3p,ZNF740,,-0.752,0.0
hsa-miR-22-3p,AK2,,-0.751,0.0
hsa-miR-139-5p,STRBP,,-0.751,0.0
hsa-miR-141-3p,PLXNA4,,-0.75,0.0
hsa-miR-378a-3p,PITPNA,,-0.75,0.0
hsa-miR-22-3p,WRNIP1,,-0.747,0.0
hsa-miR-135b-5p,GHR,,-0.747,0.0
hsa-miR-200c-3p,CRTAP,,-0.746,0.0
hsa-miR-200b-3p,ZFPM2,MIRT004623,-0.745,0.0
hsa-miR-378a-3p,GOLT1A,MIRT734396,-0.743,0.0
hsa-miR-22-3p,ASB6,,-0.739,0.0
hsa-miR-22-3p,RAPGEFL1,,-0.738,0.0
hsa-miR-22-3p,TP53,,-0.737,0.0
hsa-miR-486-5p,RAPGEFL1,,-0.731,0.0
hsa-miR-139-5p,PITPNA,,-0.73,0.0
hsa-miR-200b-3p,CELF2,,-0.73,0.0
hsa-miR-200c-3p,JCAD,,-0.729,0.0
hsa-miR-145-5p,ABRACL,MIRT021534,-0.727,0.0
hsa-miR-200a-3p,ZEB2,MIRT001035,-0.727,0.0
hsa-miR-22-3p,PADI2,,-0.727,0.0
hsa-miR-224-5p,GPN1,,-0.724,0.0
hsa-miR-200b-3p,ZEB1,MIRT002483,-0.724,0.0
hsa-miR-200c-3p,NEGR1,,-0.723,0.0
hsa-miR-200a-3p,ITSN1,,-0.723,0.0
hsa-miR-141-3p,YWHAG,MIRT006730,-0.722,0.0
hsa-miR-224-5p,SPPL3,,-0.722,0.0
hsa-miR-378a-3p,UMPS,,-0.722,0.0
hsa-miR-139-5p,NOL7,,-0.721,0.0
hsa-miR-200b-3p,NEGR1,,-0.721,0.0
hsa-miR-224-5p,TMEM108,,-0.72,0.0
hsa-miR-200a-3p,GNAI1,,-0.72,0.0
hsa-miR-22-3p,NHP2,,-0.72,0.0
hsa-miR-22-3p,WARS2,,-0.717,0.0
hsa-miR-224-5p,TMEM201,,-0.717,0.0
hsa-miR-22-3p,SCYL3,,-0.716,0.0
hsa-miR-200c-3p,NOVA2,,-0.716,0.0
hsa-miR-22-3p,ETV1,,-0.715,0.0
hsa-miR-486-5p,CAPRIN1,,-0.715,0.0
hsa-miR-486-5p,ZNF207,,-0.715,0.0
hsa-miR-378a-3p,XPO5,,-0.713,0.0
hsa-miR-200c-3p,CELF2,,-0.711,0.0
hsa-miR-452-5p,HMGB3,,-0.711,0.0
hsa-miR-185-5p,NCOA2,,-0.711,0.0
hsa-miR-224-5p,GABRP,,-0.71,0.0
hsa-miR-224-5p,PSPC1,,-0.709,0.0
hsa-miR-185-5p,MDM4,,-0.708,0.0
hsa-miR-200c-3p,CFL2,MIRT054101,-0.707,0.0
hsa-miR-185-5p,CFAP44,,-0.707,0.0
hsa-miR-200c-3p,ZEB1,MIRT002286,-0.706,0.0
hsa-miR-224-5p,F2RL1,,-0.705,0.0
hsa-miR-365a-3p,PPP5C,,-0.703,0.0
hsa-miR-365b-3p,PPP5C,,-0.703,0.0
hsa-miR-139-5p,SMARCA4,MIRT731821,-0.703,0.0
hsa-miR-22-3p,IL17RD,,-0.701,0.0
hsa-miR-224-5p,CHEK1,,-0.701,0.0
hsa-miR-224-5p,CCDC71,,-0.698,0.0
hsa-miR-22-3p,ZNF652,,-0.698,0.0
hsa-miR-378a-3p,FAM83F,,-0.697,0.0
hsa-miR-22-3p,SRRD,,-0.697,0.0
hsa-miR-378a-3p,UCK2,,-0.697,0.0
hsa-miR-452-5p,TMEM229B,,-0.697,0.0
hsa-miR-22-3p,HNRNPUL2,,-0.697,0.0
hsa-miR-185-5p,LZIC,,-0.696,0.0
hsa-miR-22-3p,CCDC47,,-0.695,0.0
hsa-miR-185-5p,PPIP5K2,,-0.694,0.0
hsa-miR-20b-5p,LRATD2,,-0.694,0.0
hsa-miR-429,ZFPM2,MIRT004625,-0.694,0.0
hsa-miR-200b-3p,SLC4A4,,-0.693,0.0
hsa-miR-486-5p,TET3,,-0.693,0.0
hsa-miR-224-5p,PCYT1B,,-0.692,0.0
hsa-miR-22-3p,UNK,,-0.69,0.0
hsa-miR-20b-5p,MYCL,,-0.69,0.0
hsa-miR-185-5p,ZNF280C,,-0.69,0.0
hsa-miR-185-5p,HP1BP3,,-0.69,0.0
hsa-miR-365a-3p,SNX12,,-0.69,0.0
hsa-miR-378a-3p,DENND2B,,-0.69,0.0
hsa-miR-365b-3p,SNX12,,-0.69,0.0
hsa-miR-452-5p,TMBIM6,,-0.689,0.0
hsa-miR-200c-3p,SLC4A4,,-0.689,0.0
hsa-miR-22-3p,CUL3,,-0.687,0.0
hsa-miR-185-5p,SPIN3,,-0.687,0.0
hsa-miR-378a-3p,TMCO1,,-0.686,0.0
hsa-miR-193b-3p,CLSTN1,MIRT016329,-0.685,0.0
hsa-miR-22-3p,SMG7,,-0.684,0.0
hsa-miR-20b-5p,TRIM32,MIRT227331,-0.684,0.0
hsa-miR-22-3p,EMILIN3,,-0.683,0.0
hsa-miR-22-3p,NOP9,,-0.683,0.0
hsa-miR-22-3p,RCC2,MIRT700249,-0.682,0.0
hsa-miR-486-5p,DNAJC21,,-0.682,0.0
hsa-miR-452-5p,PRMT7,,-0.681,0.0
hsa-miR-486-5p,BTBD3,,-0.681,0.0
hsa-miR-185-5p,CREBRF,,-0.68,0.0
hsa-miR-200b-3p,YWHAG,,-0.679,0.0
hsa-miR-139-5p,HMGCR,,-0.678,0.0
hsa-miR-22-3p,MYCL,,-0.678,0.0
hsa-miR-185-5p,LCOR,,-0.677,0.0
hsa-miR-200b-3p,GPC6,,-0.677,0.0
hsa-miR-22-3p,VEZF1,,-0.676,0.0
hsa-miR-135b-5p,FOXN3,,-0.676,0.0
hsa-miR-486-5p,ZNF740,,-0.675,0.0
hsa-miR-224-5p,NAP1L1,,-0.675,0.0
hsa-miR-486-5p,CTDSPL2,,-0.675,0.0
hsa-miR-139-5p,GDI2,,-0.675,0.0
hsa-miR-200a-3p,YWHAG,,-0.674,0.0
hsa-miR-139-5p,MEX3A,,-0.673,0.0
hsa-miR-429,CHRDL1,,-0.673,0.0
hsa-miR-200c-3p,ZNF423,,-0.673,0.0
hsa-miR-141-3p,ANO6,,-0.672,0.0
hsa-miR-224-5p,TPD52,MIRT437894,-0.672,0.0
hsa-miR-139-5p,LARP4B,,-0.672,0.0
hsa-miR-22-3p,STK26,,-0.672,0.0
hsa-miR-224-5p,MARCHF9,,-0.671,0.0
hsa-miR-141-3p,TMEM170B,,-0.67,0.0
hsa-miR-135b-5p,C2CD2,,-0.67,0.0
hsa-miR-486-5p,FAM83G,,-0.669,0.0
hsa-miR-135b-5p,EBF1,,-0.669,0.0
hsa-miR-429,PLXNA4,,-0.668,0.0
hsa-miR-378a-3p,GRSF1,,-0.667,0.0
hsa-miR-200b-3p,ZNF423,,-0.666,0.0
hsa-miR-141-3p,GPC6,,-0.664,0.0
hsa-miR-185-5p,PLEKHA1,,-0.664,0.0
hsa-miR-139-5p,RUNX1,,-0.664,0.0
hsa-miR-486-5p,COPS7B,,-0.664,0.0
hsa-miR-193b-3p,SKP1,,-0.664,0.0
hsa-miR-141-3p,SOX5,,-0.663,0.0
hsa-miR-185-5p,LRCH3,,-0.663,0.0
hsa-miR-224-5p,SMARCD1,,-0.662,0.0
hsa-miR-652-3p,SLC35C2,,-0.662,0.0
hsa-miR-22-3p,CSRNP3,,-0.662,0.0
hsa-miR-185-5p,MRRF,,-0.662,0.0
hsa-miR-185-5p,TTC5,,-0.662,0.0
hsa-miR-22-3p,GPR107,,-0.662,0.0
hsa-miR-22-3p,CCDC149,,-0.662,0.0
hsa-miR-486-5p,MTA3,,-0.661,0.0
hsa-miR-22-3p,WDTC1,,-0.661,0.0
hsa-let-7b-5p,FZD4,,-0.66,0.0
hsa-miR-486-5p,ARID4B,,-0.66,0.0
hsa-miR-20b-5p,USP3,MIRT072575,-0.659,0.0
hsa-miR-22-3p,NFYA,,-0.658,0.0
hsa-miR-200b-3p,SIK2,,-0.658,0.0
hsa-miR-224-5p,ZNF710,,-0.658,0.0
hsa-miR-200c-3p,ERG,,-0.658,0.0
hsa-miR-93-5p,TMEM50B,,-0.658,0.0
hsa-miR-139-5p,HNRNPF,MIRT475568,-0.657,0.0
hsa-miR-378a-3p,SARM1,,-0.657,0.0
hsa-miR-22-3p,TTC9,,-0.657,0.0
hsa-miR-652-3p,UBE2I,MIRT753413,-0.656,0.0
hsa-miR-20b-5p,CRIPT,,-0.656,0.0
hsa-miR-22-3p,MSL2,,-0.656,0.0
hsa-miR-200c-3p,OSTM1,MIRT763673,-0.656,0.0
hsa-miR-193b-3p,ANAPC15,,-0.654,0.0
hsa-miR-139-5p,DYNLL2,,-0.654,0.0
hsa-miR-139-5p,TGIF1,,-0.654,0.0
hsa-miR-452-5p,ST8SIA2,,-0.654,0.0
hsa-miR-196a-5p,HOXC8,MIRT002942,-0.653,0.0
hsa-miR-139-5p,MYBL1,,-0.653,0.0
hsa-miR-141-3p,EIF4EBP2,,-0.653,0.0
hsa-miR-224-5p,OCLN,,-0.652,0.0
hsa-miR-185-5p,KCNAB3,,-0.652,0.0
hsa-miR-141-3p,CYP26B1,,-0.652,0.0
hsa-miR-22-3p,AGO1,,-0.652,0.0
hsa-miR-193b-3p,FAM83F,,-0.651,0.0
hsa-miR-193b-3p,PAK4,,-0.651,0.0
hsa-miR-224-5p,USP3,,-0.651,0.0
hsa-miR-22-3p,H3-3B,MIRT030659,-0.651,0.0
hsa-miR-20b-5p,TMEM50B,,-0.65,0.0
hsa-miR-21-5p,PDZD2,,-0.65,0.0
hsa-miR-378a-3p,PRIM2,,-0.65,0.0
hsa-miR-193b-3p,ETV6,,-0.65,0.0
hsa-miR-200c-3p,NR5A2,,-0.65,0.0
hsa-miR-22-3p,ITGA10,,-0.65,0.0
hsa-miR-378a-3p,PLAGL2,,-0.649,0.0
hsa-let-7b-5p,ACER3,,-0.649,0.0
hsa-miR-429,GJC1,,-0.649,0.0
hsa-miR-21-5p,SOX5,MIRT000960,-0.649,0.0
hsa-miR-22-3p,QSOX1,,-0.649,0.0
hsa-miR-22-3p,RSBN1,,-0.649,0.0
hsa-miR-223-3p,AKAP1,,-0.646,0.0
hsa-miR-145-5p,TPM3,MIRT021512,-0.646,0.0
hsa-miR-452-5p,TRIM24,,-0.645,0.0
hsa-miR-200a-3p,CYP26B1,,-0.645,0.0
hsa-miR-20b-5p,RIMKLA,,-0.645,0.0
hsa-miR-185-5p,SYNGAP1,,-0.644,0.0
hsa-miR-486-5p,HAT1,MIRT735253,-0.644,0.0
hsa-miR-200b-3p,ABCA1,,-0.644,0.0
hsa-miR-22-3p,STAG2,,-0.644,0.0
hsa-miR-224-5p,GPR173,,-0.643,0.0
hsa-miR-200b-3p,IAH1,,-0.643,0.0
hsa-miR-365a-3p,SMARCC1,,-0.643,0.0
hsa-miR-365b-3p,SMARCC1,,-0.643,0.0
hsa-let-7b-5p,ACVR1C,,-0.643,0.0
hsa-miR-378a-3p,RAB15,,-0.642,0.0
hsa-miR-139-5p,CADM1,,-0.642,0.0
hsa-miR-486-5p,CADM1,MIRT438847,-0.642,0.0
hsa-miR-185-5p,BSN,,-0.642,0.0
hsa-miR-141-3p,FOXN3,,-0.641,0.0
hsa-miR-200a-3p,GPC6,,-0.641,0.0
hsa-miR-429,SOX5,,-0.641,0.0
hsa-miR-486-5p,POU2F1,,-0.64,0.0
hsa-miR-200b-3p,FLI1,,-0.64,0.0
hsa-miR-378a-3p,AGO1,MIRT043875,-0.64,0.0
hsa-miR-378a-3p,CSNK1G2,,-0.64,0.0
hsa-miR-223-3p,TBC1D4,,-0.639,0.0
hsa-miR-22-3p,MAX,MIRT030633,-0.639,0.0
hsa-miR-378a-3p,SYT12,,-0.639,0.0
hsa-miR-378a-3p,ZNF652,,-0.639,0.0
hsa-miR-20b-5p,RETREG2,,-0.638,0.0
hsa-miR-196a-5p,GYG2,,-0.638,0.0
hsa-miR-139-5p,IGF1R,MIRT006942,-0.638,0.0
hsa-miR-139-5p,TM9SF4,,-0.638,0.0
hsa-miR-141-3p,QKI,MIRT099339,-0.638,0.0
hsa-miR-486-5p,RUBCNL,,-0.637,0.0
hsa-miR-20b-5p,ZBTB43,,-0.637,0.0
hsa-miR-148a-3p,TEK,,-0.637,0.0
hsa-miR-22-3p,ENO1,,-0.636,0.0
hsa-miR-145-5p,GINS2,,-0.636,0.0
hsa-miR-200c-3p,FSTL1,,-0.636,0.0
hsa-miR-139-5p,DTX3,,-0.636,0.0
hsa-miR-215-5p,SLC11A2,,-0.636,0.0
hsa-miR-185-5p,HOOK3,,-0.635,0.0
hsa-miR-22-3p,PHF12,,-0.635,0.0
hsa-miR-20b-5p,PAFAH2,,-0.635,0.0
hsa-miR-200a-3p,TMEM170B,,-0.635,0.0
hsa-miR-429,GPC6,,-0.635,0.0
hsa-let-7b-5p,KLHL31,,-0.635,0.0
hsa-miR-200b-3p,FSTL1,,-0.635,0.0
hsa-miR-15a-5p,VMA21,,-0.634,0.0
hsa-miR-22-3p,PCNP,,-0.634,0.0
hsa-miR-20b-5p,CAPRIN1,,-0.634,0.0
hsa-miR-22-3p,TMEM50B,,-0.634,0.0
hsa-miR-139-5p,CUL3,,-0.634,0.0
hsa-miR-181c-5p,NMT2,MIRT727076,-0.634,0.0
hsa-miR-452-5p,SKP1,,-0.634,0.0
hsa-miR-193a-5p,SLC7A1,,-0.633,0.0
hsa-miR-135b-5p,PHLDB2,,-0.633,0.0
hsa-miR-486-5p,CD47,,-0.633,0.0
hsa-miR-20b-5p,MTMR3,MIRT157601,-0.632,0.0
hsa-miR-22-3p,TLK2,,-0.632,0.0
hsa-miR-452-5p,XKR6,,-0.632,0.0
hsa-miR-139-5p,KCTD15,,-0.632,0.0
hsa-miR-20b-5p,ERBB3,,-0.631,0.0
hsa-miR-20b-5p,FBXO21,MIRT727673,-0.631,0.0
hsa-miR-139-5p,KIAA1549,,-0.631,0.0
hsa-miR-20b-5p,RUNDC1,MIRT146081,-0.631,0.0
hsa-miR-15a-5p,PDIK1L,MIRT248550,-0.63,0.0
hsa-miR-20b-5p,SOWAHC,,-0.63,0.0
hsa-miR-20b-5p,E2F5,MIRT173123,-0.63,0.0
hsa-miR-20b-5p,REPS2,,-0.63,0.0
hsa-miR-22-3p,RFXANK,,-0.63,0.0
hsa-miR-139-5p,MAPK8,,-0.629,0.0
hsa-miR-378a-3p,CBX5,,-0.629,0.0
hsa-miR-224-5p,SDC4,,-0.629,0.0
hsa-miR-200b-3p,GJC1,,-0.629,0.0
hsa-miR-185-5p,PDE7A,,-0.629,0.0
hsa-miR-452-5p,COL23A1,,-0.629,0.0
hsa-miR-139-5p,YWHAQ,,-0.628,0.0
hsa-miR-378a-3p,ABI2,,-0.628,0.0
hsa-miR-22-3p,NPAS3,,-0.628,0.0
hsa-miR-22-3p,FBXO46,,-0.628,0.0
hsa-miR-20b-5p,LDLRAP1,,-0.627,0.0
hsa-miR-196a-5p,EBF1,,-0.627,0.0
hsa-miR-185-5p,FAM76A,,-0.627,0.0
hsa-miR-185-5p,AGO1,MIRT045361,-0.627,0.0
hsa-miR-452-5p,ATP2B1,,-0.627,0.0
hsa-miR-193a-5p,SEC61A1,,-0.626,0.0
hsa-miR-20b-5p,GOSR1,,-0.626,0.0
hsa-miR-20b-5p,ARL4A,,-0.625,0.0
hsa-miR-486-5p,SRSF3,,-0.625,0.0
hsa-miR-200a-3p,SOX5,,-0.625,0.0
hsa-miR-20b-5p,FAM102A,MIRT727732,-0.625,0.0
hsa-miR-148a-3p,EPAS1,,-0.625,0.0
hsa-miR-135b-5p,YWHAG,,-0.624,0.0
hsa-miR-22-3p,TMEM229B,,-0.624,0.0
hsa-miR-378a-3p,NFX1,,-0.623,0.0
hsa-miR-141-3p,TLN2,,-0.623,0.0
hsa-miR-20b-5p,SOCS6,,-0.623,0.0
hsa-miR-15a-5p,LAMTOR3,,-0.623,0.0
hsa-miR-93-5p,COX7A2L,,-0.623,0.0
hsa-miR-326,MAPK4,,-0.622,0.0
hsa-miR-365a-3p,EHF,,-0.622,0.0
hsa-miR-365b-3p,EHF,,-0.622,0.0
hsa-miR-20b-5p,C15orf61,,-0.622,0.0
hsa-miR-378a-3p,BMP8A,,-0.621,0.0
hsa-miR-181c-5p,ACVR1C,,-0.621,0.0
hsa-miR-185-5p,IKZF3,,-0.621,0.0
hsa-miR-139-5p,ESRRG,,-0.621,0.0
hsa-miR-20b-5p,ERMP1,,-0.621,0.0
hsa-miR-139-5p,PRDM15,,-0.62,0.0
hsa-miR-185-5p,ZNF81,,-0.62,0.0
hsa-miR-181c-5p,TBC1D2B,,-0.619,0.0
hsa-miR-224-5p,FUT9,,-0.619,0.0
hsa-miR-20b-5p,ZNF70,MIRT484867,-0.619,0.0
hsa-miR-185-5p,CBX5,,-0.619,0.0
hsa-miR-20b-5p,RAPGEFL1,,-0.619,0.0
hsa-miR-20b-5p,ZNF652,MIRT484884,-0.618,0.0
hsa-miR-22-3p,DEUP1,,-0.618,0.0
hsa-miR-20b-5p,CDC23,,-0.618,0.0
hsa-miR-20b-5p,GNB5,MIRT696201,-0.618,0.0
hsa-miR-224-5p,RBM18,,-0.618,0.0
hsa-miR-18a-5p,FRS2,,-0.617,0.0
hsa-miR-224-5p,CBX5,,-0.617,0.0
hsa-miR-20b-5p,SNX12,,-0.616,0.0
hsa-miR-200a-3p,GJC1,,-0.616,0.0
hsa-miR-200b-3p,BNC2,,-0.615,0.0
hsa-miR-185-5p,SNX30,,-0.615,0.0
hsa-miR-182-5p,FOXN2,,-0.615,0.0
hsa-miR-223-3p,SCN2A,,-0.615,0.0
hsa-miR-185-5p,KDM2A,MIRT738248,-0.615,0.0
hsa-miR-20b-5p,SAMD12,MIRT554486,-0.615,0.0
hsa-miR-378a-3p,ACP6,,-0.614,0.0
hsa-miR-486-5p,RFFL,,-0.614,0.0
hsa-miR-486-5p,PLAGL2,,-0.614,0.0
hsa-miR-20b-5p,GPR157,MIRT476126,-0.614,0.0
hsa-miR-185-5p,BAZ2A,,-0.613,0.0
hsa-miR-141-3p,PGRMC2,,-0.613,0.0
hsa-miR-193a-5p,TCF3,,-0.612,0.0
hsa-miR-22-3p,PAIP2B,,-0.612,0.0
hsa-miR-20b-5p,RAB11FIP4,,-0.612,0.0
hsa-miR-224-5p,C9orf85,,-0.611,0.0
hsa-miR-22-3p,VPS53,,-0.61,0.0
hsa-miR-200b-3p,NR5A2,,-0.61,0.0
hsa-miR-185-5p,SMG7,MIRT045344,-0.61,0.0
hsa-miR-22-3p,CSNK1A1,,-0.609,0.0
hsa-miR-200c-3p,HAS2,,-0.609,0.0
hsa-miR-200c-3p,ANO6,,-0.609,0.0
hsa-miR-20b-5p,PSEN1,,-0.609,0.0
hsa-miR-20b-5p,FAM83F,,-0.608,0.0
hsa-miR-378a-3p,PTPRT,,-0.608,0.0
hsa-miR-200b-3p,PLCXD3,,-0.608,0.0
hsa-miR-20b-5p,FOXJ3,MIRT069701,-0.608,0.0
hsa-miR-362-5p,TWNK,,-0.608,0.0
hsa-miR-185-5p,SSBP2,,-0.608,0.0
hsa-miR-378a-3p,PDPK1,,-0.608,0.0
hsa-miR-20b-5p,IRF2BP2,,-0.607,0.0
hsa-miR-20b-5p,WDR37,MIRT055660,-0.607,0.0
hsa-miR-224-5p,RSPO1,,-0.607,0.0
hsa-miR-22-3p,POGK,,-0.607,0.0
hsa-miR-200c-3p,PLCXD3,,-0.607,0.0
hsa-miR-185-5p,STXBP4,,-0.607,0.0
hsa-miR-200c-3p,PLXNA2,,-0.607,0.0
hsa-miR-532-3p,ARL3,,-0.607,0.0
hsa-miR-20b-5p,RSBN1,,-0.606,0.0
hsa-miR-185-5p,CNNM3,,-0.606,0.0
hsa-miR-486-5p,AFF3,,-0.606,0.0
hsa-miR-20b-5p,CUL3,,-0.606,0.0
hsa-miR-22-3p,RUNX1,,-0.606,0.0
hsa-miR-365a-3p,IFNLR1,MIRT710801,-0.606,0.0
hsa-miR-365b-3p,IFNLR1,MIRT710800,-0.606,0.0
hsa-miR-185-5p,NR6A1,,-0.606,0.0
hsa-miR-181c-5p,BNC2,,-0.606,0.0
hsa-miR-22-3p,GATAD2B,,-0.606,0.0
hsa-let-7b-5p,ATP8B4,,-0.605,0.0
hsa-miR-20b-5p,PRRG4,MIRT230972,-0.605,0.0
hsa-miR-20b-5p,CMTR2,MIRT727639,-0.605,0.0
hsa-miR-200b-3p,TMEM170B,,-0.605,0.0
hsa-miR-20b-5p,NRIP3,MIRT442769,-0.605,0.0
hsa-miR-224-5p,TRA2B,,-0.604,0.0
hsa-miR-139-5p,STXBP5L,,-0.604,0.0
hsa-miR-139-5p,PRDM10,,-0.604,0.0
hsa-miR-429,PALM2AKAP2,,-0.604,0.0
hsa-let-7b-5p,ITSN1,,-0.604,0.0
hsa-miR-30e-5p,ABHD6,,-0.604,0.0
hsa-miR-185-5p,MIEF1,MIRT473232,-0.603,0.0
hsa-miR-145-5p,TPM4,,-0.603,0.0
hsa-miR-185-5p,PKIA,,-0.603,0.0
hsa-miR-378a-3p,YY1,MIRT742742,-0.603,0.0
hsa-miR-30a-5p,ABHD6,,-0.603,0.0
hsa-miR-185-5p,GATAD2B,,-0.603,0.0
hsa-miR-20b-5p,CCDC25,,-0.602,0.0
hsa-miR-20b-5p,LDLRAD3,,-0.602,0.0
hsa-miR-185-5p,EIF4B,,-0.602,0.0
hsa-miR-378a-3p,MAPK1,MIRT437887,-0.602,0.0
hsa-miR-31-5p,ARHGEF15,,-0.601,0.0
hsa-let-7b-5p,FAM214B,,-0.601,0.0
hsa-miR-200b-3p,SDC2,,-0.601,0.0
hsa-miR-185-5p,KAT7,MIRT567093,-0.601,0.0
hsa-miR-20b-5p,DNAJC16,,-0.601,0.0
hsa-miR-193b-3p,FAF1,MIRT041238,-0.601,0.0
hsa-miR-139-5p,CHD7,,-0.601,0.0
hsa-miR-378a-3p,ANKRD52,,-0.601,0.0
hsa-miR-148a-3p,NEURL1B,,-0.6,0.0
hsa-miR-223-3p,HLF,,-0.6,0.0
hsa-miR-145-5p,ESCO2,,-0.6,0.0
hsa-miR-20b-5p,ZNF597,MIRT726029,-0.6,0.0
hsa-miR-139-5p,TMEM200C,,-0.6,0.0
hsa-miR-20b-5p,TMEM231,,-0.6,0.0
hsa-miR-378a-3p,DYRK1A,,-0.6,0.0
hsa-miR-9-5p,LMX1A,,-0.599,0.0
hsa-miR-20b-5p,ZBTB6,MIRT726081,-0.599,0.0
hsa-miR-181c-5p,VKORC1L1,,-0.599,0.0
hsa-miR-31-5p,FZD4,,-0.598,0.0
hsa-let-7b-5p,GJC1,,-0.598,0.0
hsa-miR-20b-5p,COX7A2L,,-0.598,0.0
hsa-miR-196a-5p,HABP4,,-0.598,0.0
hsa-miR-185-5p,USP3,,-0.598,0.0
hsa-miR-452-5p,NRG1,,-0.598,0.0
hsa-miR-135b-5p,PALM2AKAP2,,-0.598,0.0
hsa-miR-20b-5p,RAB5B,MIRT065891,-0.598,0.0
hsa-miR-20b-5p,ARL1,MIRT728312,-0.597,0.0
hsa-miR-20b-5p,MAP3K9,,-0.597,0.0
hsa-miR-22-3p,MEX3A,,-0.597,0.0
hsa-miR-200b-3p,SLC24A4,,-0.597,0.0
hsa-miR-22-3p,TRUB1,,-0.596,0.0
hsa-miR-378a-3p,SLC38A1,,-0.596,0.0
hsa-miR-141-3p,HOXB5,MIRT021658,-0.596,0.0
hsa-miR-486-5p,ARHGAP5,MIRT053295,-0.595,0.0
hsa-miR-200a-3p,FOXN3,,-0.595,0.0
hsa-miR-141-3p,MARK1,,-0.595,0.0
hsa-miR-20b-5p,DYRK1A,,-0.595,0.0
hsa-miR-20b-5p,DNAJB6,MIRT538041,-0.594,0.0
hsa-miR-193a-5p,SYT12,,-0.594,0.0
hsa-miR-139-5p,PHF6,,-0.594,0.0
hsa-miR-20b-5p,TVP23B,,-0.594,0.0
hsa-miR-135b-5p,FOXN2,,-0.594,0.0
hsa-miR-20b-5p,SERP1,,-0.594,0.0
hsa-miR-140-5p,FKBP4,,-0.594,0.0
hsa-miR-185-5p,MLLT3,,-0.593,0.0
hsa-miR-185-5p,TPD52,,-0.593,0.0
hsa-miR-224-5p,ZNF207,MIRT286675,-0.593,0.0
hsa-miR-181c-5p,LAMC1,,-0.593,0.0
hsa-miR-20b-5p,CTDSPL2,,-0.592,0.0
hsa-miR-20b-5p,GPD2,,-0.592,0.0
hsa-miR-452-5p,CHD2,,-0.592,0.0
hsa-miR-182-5p,SOX5,,-0.592,0.0
hsa-miR-486-5p,TWF1,,-0.591,0.0
hsa-miR-22-3p,ANGEL2,,-0.591,0.0
hsa-miR-452-5p,DYRK1A,,-0.591,0.0
hsa-miR-22-3p,PPM1K,MIRT735244,-0.591,0.0
hsa-miR-139-5p,MFSD6,,-0.591,0.0
hsa-miR-193a-5p,METTL1,,-0.591,0.0
hsa-miR-139-5p,FAM168A,,-0.591,0.0
hsa-miR-185-5p,PRKAR2A,,-0.591,0.0
hsa-miR-381-3p,NPR3,,-0.591,0.0
hsa-miR-15a-5p,UBE2K,,-0.591,0.0
hsa-miR-365a-3p,VGLL4,MIRT464227,-0.591,0.0
hsa-miR-20b-5p,ZXDA,,-0.591,0.0
hsa-miR-365b-3p,VGLL4,MIRT464226,-0.591,0.0
hsa-let-7b-5p,COL4A1,,-0.59,0.0
hsa-miR-20b-5p,TRIM3,,-0.59,0.0
hsa-miR-185-5p,VAMP2,,-0.59,0.0
hsa-miR-185-5p,TCF12,,-0.59,0.0
hsa-miR-15a-5p,SCOC,,-0.59,0.0
hsa-miR-200b-3p,TIMP2,,-0.59,0.0
hsa-miR-20b-5p,WNK3,MIRT448317,-0.59,0.0
hsa-miR-20b-5p,ZFP3,,-0.59,0.0
hsa-miR-200b-3p,QKI,MIRT218291,-0.59,0.0
hsa-miR-185-5p,ZNF704,,-0.589,0.0
hsa-miR-185-5p,KIF1B,,-0.589,0.0
hsa-miR-378a-3p,AP1AR,,-0.589,0.0
hsa-miR-20b-5p,WIPF2,MIRT552867,-0.589,0.0
hsa-miR-193b-3p,C6orf132,,-0.589,0.0
hsa-let-7b-5p,MGLL,,-0.588,0.0
hsa-miR-193b-3p,CADM1,,-0.588,0.0
hsa-miR-181b-5p,NEGR1,,-0.587,0.0
hsa-miR-224-5p,SLC25A12,,-0.587,0.0
hsa-miR-20b-5p,HP1BP3,,-0.587,0.0
hsa-miR-20b-5p,SEMA4G,,-0.587,0.0
hsa-miR-185-5p,WDR55,,-0.587,0.0
hsa-miR-15a-5p,SLITRK6,,-0.587,0.0
hsa-miR-20b-5p,MFAP3L,,-0.587,0.0
hsa-miR-20b-5p,ENPP5,MIRT548394,-0.587,0.0
hsa-miR-224-5p,ORC4,,-0.587,0.0
hsa-miR-452-5p,ZNF644,,-0.587,0.0
hsa-miR-193b-3p,IGSF3,,-0.586,0.0
hsa-miR-224-5p,SORD,,-0.586,0.0
hsa-miR-224-5p,RNF144B,,-0.586,0.0
hsa-miR-20b-5p,PKNOX1,MIRT513748,-0.586,0.0
hsa-miR-22-3p,FOXP1,MIRT030641,-0.585,0.0
hsa-miR-140-5p,SLC2A1,,-0.585,0.0
hsa-miR-20b-5p,MAP7,MIRT502009,-0.584,0.0
hsa-miR-185-5p,TAF3,,-0.584,0.0
hsa-miR-20b-5p,G3BP1,,-0.584,0.0
hsa-miR-93-5p,MED6,,-0.584,0.0
hsa-miR-15a-5p,CRKL,MIRT006177,-0.583,0.0
hsa-miR-20b-5p,IL17RD,,-0.583,0.0
hsa-miR-196a-5p,EYA4,,-0.583,0.0
hsa-miR-224-5p,PDE1C,,-0.583,0.0
hsa-miR-20b-5p,RPS6KA5,MIRT534575,-0.583,0.0
hsa-miR-224-5p,RALGPS1,,-0.583,0.0
hsa-miR-20b-5p,UBFD1,MIRT194857,-0.582,0.0
hsa-miR-186-5p,SEC61A1,,-0.582,0.0
hsa-miR-486-5p,GXYLT1,,-0.582,0.0
hsa-miR-15a-5p,GALNT7,,-0.582,0.0
hsa-miR-20b-5p,CRAMP1,,-0.582,0.0
hsa-miR-486-5p,SMAD2,MIRT732557,-0.582,0.0
hsa-miR-139-5p,EYA3,,-0.582,0.0
hsa-miR-181d-5p,NMNAT2,,-0.582,0.0
hsa-miR-20b-5p,AGO1,MIRT137255,-0.582,0.0
hsa-let-7b-5p,CADM2,,-0.581,0.0
hsa-miR-195-5p,ANO3,,-0.581,0.0
hsa-miR-223-3p,ACVR2A,,-0.581,0.0
hsa-miR-135b-5p,SAMD8,,-0.581,0.0
hsa-miR-224-5p,ZZZ3,,-0.58,0.0
hsa-miR-181c-5p,PARM1,,-0.58,0.0
hsa-miR-24-3p,PSD4,,-0.58,0.0
hsa-miR-215-5p,ACVR2A,,-0.58,0.0
hsa-let-7b-5p,DIAPH2,,-0.58,0.0
hsa-miR-182-5p,ACER3,,-0.58,0.0
hsa-miR-182-5p,HDAC9,,-0.579,0.0
hsa-miR-224-5p,RAB10,,-0.579,0.0
hsa-miR-139-5p,HOXA9,,-0.579,0.0
hsa-miR-181c-5p,NEURL1B,,-0.579,0.0
hsa-miR-378a-3p,PTCHD1,,-0.579,0.0
hsa-miR-378a-3p,SRSF10,,-0.578,0.0
hsa-miR-139-5p,NFIB,,-0.578,0.0
hsa-miR-185-5p,SAP30L,,-0.578,0.0
hsa-miR-200a-3p,TLN2,,-0.578,0.0
hsa-miR-93-5p,MAT2B,,-0.578,0.0
hsa-miR-20b-5p,TMEM168,,-0.578,0.0
hsa-miR-9-5p,PCDH9,,-0.578,0.0
hsa-miR-193b-3p,IL17RD,MIRT041267,-0.578,0.0
hsa-miR-185-5p,SORL1,,-0.577,0.0
hsa-miR-185-5p,GPRIN3,,-0.577,0.0
hsa-miR-223-3p,GPM6B,,-0.577,0.0
hsa-miR-182-5p,GJC1,,-0.577,0.0
hsa-miR-20b-5p,NUFIP2,MIRT506376,-0.577,0.0
hsa-miR-146b-5p,VTI1B,,-0.577,0.0
hsa-miR-21-5p,TNS1,,-0.577,0.0
hsa-miR-200c-3p,BNC2,,-0.577,0.0
hsa-miR-20b-5p,PDS5A,,-0.577,0.0
hsa-miR-193b-3p,KIAA1549L,,-0.576,0.0
hsa-miR-365a-3p,CACNA1C,,-0.576,0.0
hsa-miR-365b-3p,CACNA1C,,-0.576,0.0
hsa-miR-181c-5p,CYP26B1,,-0.576,0.0
hsa-miR-215-5p,CDC6,,-0.576,0.0
hsa-miR-378a-3p,IPO9,,-0.576,0.0
hsa-miR-145-5p,CDCA3,,-0.576,0.0
hsa-miR-20b-5p,IP6K1,,-0.576,0.0
hsa-miR-22-3p,OTUD7A,,-0.575,0.0
hsa-let-7b-5p,GHR,,-0.575,0.0
hsa-miR-15a-5p,PTPN3,,-0.575,0.0
hsa-miR-185-5p,RAB14,,-0.574,0.0
hsa-miR-93-5p,CRIPT,,-0.574,0.0
hsa-miR-20b-5p,BCL2L11,MIRT494536,-0.574,0.0
hsa-miR-20b-5p,ETV1,,-0.573,0.0
hsa-miR-22-3p,N4BP3,,-0.573,0.0
hsa-miR-452-5p,UBE3A,,-0.573,0.0
hsa-let-7b-5p,PPP1R16B,MIRT052173,-0.573,0.0
hsa-miR-20b-5p,BMT2,MIRT728073,-0.573,0.0
hsa-miR-200b-3p,KCNB1,,-0.573,0.0
hsa-miR-20b-5p,SHANK2,,-0.573,0.0
hsa-miR-20b-5p,SUCO,MIRT500873,-0.573,0.0
hsa-miR-452-5p,SF3B1,,-0.573,0.0
hsa-miR-20b-5p,BAHD1,,-0.573,0.0
hsa-miR-20b-5p,TRPV6,,-0.573,0.0
hsa-miR-15a-5p,FAM133B,,-0.573,0.0
hsa-miR-20b-5p,MIER3,,-0.572,0.0
hsa-let-7b-5p,PDP2,MIRT052354,-0.572,0.0
hsa-miR-378a-3p,ZDHHC9,,-0.572,0.0
hsa-miR-378c,SLC38A1,,-0.572,0.0
hsa-miR-378a-3p,TFCP2L1,,-0.572,0.0
hsa-let-7b-5p,CPM,,-0.572,0.0
hsa-miR-193b-3p,ALKBH5,MIRT728354,-0.571,0.0
hsa-miR-193b-3p,LAMP2,,-0.571,0.0
hsa-miR-135b-5p,NEGR1,,-0.571,0.0
hsa-miR-20b-5p,CACUL1,,-0.571,0.0
hsa-miR-193b-3p,PPP2R5C,MIRT726879,-0.571,0.0
hsa-miR-24-3p,NIPSNAP1,,-0.571,0.0
hsa-miR-20b-5p,RNF4,,-0.571,0.0
hsa-miR-193b-3p,NOP9,,-0.571,0.0
hsa-miR-196a-5p,GTDC1,,-0.571,0.0
hsa-miR-20b-5p,USP28,MIRT726168,-0.571,0.0
hsa-miR-20b-5p,WDR82,,-0.57,0.0
hsa-miR-429,BNC2,,-0.57,0.0
hsa-miR-139-5p,SPCS3,,-0.57,0.0
hsa-miR-139-5p,TMPO,,-0.57,0.0
hsa-miR-185-5p,RERE,,-0.57,0.0
hsa-miR-378a-3p,MAP2K6,,-0.569,0.0
hsa-miR-15a-5p,RSBN1,,-0.569,0.0
hsa-miR-452-5p,ZKSCAN1,,-0.569,0.0
hsa-miR-20b-5p,CPEB3,,-0.569,0.0
hsa-miR-363-3p,PLEKHG3,,-0.569,0.0
hsa-miR-139-5p,SRSF10,,-0.569,0.0
hsa-let-7b-5p,GRK3,,-0.568,0.0
hsa-miR-185-5p,UHMK1,MIRT045366,-0.568,0.0
hsa-miR-20b-5p,PURB,MIRT700444,-0.568,0.0
hsa-miR-193b-3p,FARP1,,-0.568,0.0
hsa-miR-182-5p,MTARC1,,-0.568,0.0
hsa-miR-22-3p,EYA3,,-0.568,0.0
hsa-miR-148a-3p,ANK2,,-0.568,0.0
hsa-miR-15a-5p,EIF3M,,-0.568,0.0
hsa-miR-224-5p,ATG13,,-0.568,0.0
hsa-miR-20b-5p,ZNF805,MIRT201031,-0.568,0.0
hsa-miR-200c-3p,GRK5,,-0.568,0.0
hsa-miR-139-5p,KIF3A,,-0.568,0.0
hsa-let-7d-5p,BZW1,MIRT300036,-0.568,0.0
hsa-miR-15a-5p,MIPOL1,,-0.568,0.0
hsa-miR-181d-5p,MTURN,,-0.568,0.0
hsa-miR-15a-5p,SNIP1,,-0.568,0.0
hsa-miR-193a-5p,CHST14,,-0.568,0.0
hsa-miR-181c-5p,CNR1,,-0.567,0.0
hsa-miR-20b-5p,PFN2,,-0.567,0.0
hsa-miR-31-5p,ITIH5,,-0.567,0.0
hsa-miR-326,TOMM34,,-0.567,0.0
hsa-miR-20b-5p,FZD3,,-0.567,0.0
hsa-miR-362-5p,VTA1,,-0.567,0.0
hsa-miR-7-5p,TRMT13,MIRT025862,-0.566,0.0
hsa-miR-139-5p,APLP2,,-0.566,0.0
hsa-miR-185-5p,RALGPS2,,-0.566,0.0
hsa-miR-20b-5p,SLC38A1,,-0.566,0.0
hsa-miR-20b-5p,GATAD2B,,-0.566,0.0
hsa-miR-15a-5p,AMMECR1,,-0.566,0.0
hsa-miR-378a-3p,TLK2,,-0.566,0.0
hsa-miR-20b-5p,CREB1,MIRT205053,-0.566,0.0
hsa-miR-20b-5p,FBXW11,,-0.566,0.0
hsa-miR-22-3p,CARMIL1,,-0.566,0.0
hsa-miR-139-5p,TMEM107,,-0.565,0.0
hsa-miR-181d-5p,ITSN1,,-0.565,0.0
hsa-miR-20b-5p,AP2B1,,-0.565,0.0
hsa-miR-15a-5p,SMS,,-0.565,0.0
hsa-miR-145-5p,SKP1,,-0.564,0.0
hsa-miR-486-5p,STK4,,-0.564,0.0
hsa-miR-148a-3p,LAMA4,,-0.564,0.0
hsa-miR-139-5p,PTPRJ,,-0.564,0.0
hsa-miR-148a-3p,RTN4,,-0.563,0.0
hsa-miR-20b-5p,RPS6KA6,,-0.563,0.0
hsa-miR-135b-5p,SLC9A9,,-0.563,0.0
hsa-miR-196a-5p,CELF2,,-0.563,0.0
hsa-miR-135b-5p,KCNB1,,-0.563,0.0
hsa-miR-20b-5p,RABEP1,MIRT726804,-0.562,0.0
hsa-miR-22-3p,CCNJL,,-0.562,0.0
hsa-miR-20b-5p,APP,,-0.562,0.0
hsa-miR-181d-5p,GNG2,,-0.561,0.0
hsa-miR-20b-5p,IPO9,,-0.561,0.0
hsa-miR-22-3p,PNISR,,-0.561,0.0
hsa-miR-429,KLF4,,-0.561,0.0
hsa-miR-15a-5p,TOMM20,,-0.561,0.0
hsa-miR-362-5p,PRIM2,,-0.561,0.0
hsa-miR-365a-3p,QTRT2,,-0.561,0.0
hsa-miR-365b-3p,QTRT2,,-0.561,0.0
hsa-miR-20b-5p,EXPH5,,-0.561,0.0
hsa-miR-30a-5p,CDH20,,-0.561,0.0
hsa-miR-362-5p,CEP20,,-0.561,0.0
hsa-miR-185-5p,MTMR9,,-0.56,0.0
hsa-miR-145-5p,MPZL1,,-0.56,0.0
hsa-miR-140-5p,PAK4,,-0.56,0.0
hsa-miR-429,ZNF423,,-0.56,0.0
hsa-miR-30a-5p,MARK1,,-0.559,0.0
hsa-miR-486-5p,H3-3B,MIRT438848,-0.559,0.0
hsa-miR-22-3p,NCOA1,MIRT006106,-0.559,0.0
hsa-miR-139-5p,RLIM,,-0.559,0.0
hsa-miR-196a-5p,TSPAN18,,-0.559,0.0
hsa-miR-139-5p,PGGT1B,,-0.559,0.0
hsa-miR-22-3p,PPP1R9A,,-0.559,0.0
hsa-miR-15a-5p,TLK1,MIRT570464,-0.559,0.0
hsa-miR-15a-5p,LCOR,,-0.559,0.0
hsa-miR-363-3p,PIP4K2C,,-0.559,0.0
hsa-miR-20b-5p,C9orf64,,-0.558,0.0
hsa-miR-15a-5p,ATXN7L3B,MIRT248765,-0.558,0.0
hsa-miR-16-5p,P2RY2,,-0.558,0.0
hsa-miR-18a-5p,PSD3,,-0.558,0.0
hsa-miR-24-3p,DAZAP1,,-0.558,0.0
hsa-miR-542-3p,POU6F2,,-0.558,0.0
hsa-miR-224-5p,PHF12,,-0.558,0.0
hsa-miR-193a-5p,GRIK3,,-0.558,0.0
hsa-miR-15a-5p,SBNO1,MIRT521207,-0.557,0.0
hsa-miR-20b-5p,CEP57,MIRT247083,-0.557,0.0
hsa-miR-223-3p,MSI2,,-0.557,0.0
hsa-miR-378a-3p,MAPK1IP1L,,-0.557,0.0
hsa-miR-145-5p,HS6ST1,,-0.557,0.0
hsa-miR-424-5p,CYGB,,-0.557,0.0
hsa-miR-185-5p,SEC22A,,-0.557,0.0
hsa-miR-193b-3p,ETV1,,-0.557,0.0
hsa-miR-20b-5p,NAPEPLD,,-0.557,0.0
hsa-miR-452-5p,PTPRJ,,-0.557,0.0
hsa-miR-141-3p,SIX1,,-0.557,0.0
hsa-miR-20b-5p,RGMB,MIRT122374,-0.556,0.0
hsa-miR-224-5p,TCERG1,,-0.556,0.0
hsa-miR-15a-5p,SPTLC1,MIRT726462,-0.556,0.0
hsa-miR-15a-5p,ARIH1,MIRT072822,-0.556,0.0
hsa-miR-22-3p,NPNT,,-0.555,0.0
hsa-miR-20b-5p,SRPK2,,-0.555,0.0
hsa-miR-15a-5p,RAB10,,-0.555,0.0
hsa-let-7b-5p,CCDC141,,-0.555,0.0
hsa-miR-193b-3p,ZBTB5,MIRT016435,-0.555,0.0
hsa-miR-363-3p,CASK,,-0.555,0.0
hsa-miR-21-5p,EIF4EBP2,MIRT030777,-0.555,0.0
hsa-miR-15a-5p,DNAJC16,,-0.554,0.0
hsa-let-7b-5p,PARM1,,-0.554,0.0
hsa-miR-181a-5p,NEGR1,,-0.554,0.0
hsa-miR-20b-5p,SSX2IP,MIRT726444,-0.554,0.0
hsa-miR-452-5p,TLK1,,-0.554,0.0
hsa-miR-24-3p,GMPPB,,-0.554,0.0
hsa-let-7b-5p,SCD,MIRT032312,-0.554,0.0
hsa-miR-20b-5p,ZNF800,MIRT726010,-0.554,0.0
hsa-miR-20b-5p,UBN2,,-0.554,0.0
hsa-miR-139-5p,LCOR,MIRT057685,-0.554,0.0
hsa-miR-193b-3p,PSEN1,,-0.554,0.0
hsa-miR-181d-5p,ACVR1C,,-0.554,0.0
hsa-miR-20b-5p,MXI1,MIRT727128,-0.554,0.0
hsa-miR-378a-3p,CSNK1G1,,-0.554,0.0
hsa-miR-132-3p,CFL2,,-0.554,0.0
hsa-miR-139-5p,MGAT4A,,-0.554,0.0
hsa-miR-139-5p,H2AZ2,,-0.553,0.0
hsa-miR-139-5p,CBFA2T2,,-0.553,0.0
hsa-miR-193b-3p,PSD4,,-0.553,0.0
hsa-miR-363-3p,SCN8A,,-0.553,0.0
hsa-miR-30a-5p,ZCCHC24,,-0.553,0.0
hsa-miR-20b-5p,RPA2,MIRT726696,-0.553,0.0
hsa-miR-452-5p,MIPOL1,,-0.553,0.0
hsa-miR-135a-5p,SLC9A9,,-0.553,0.0
hsa-miR-185-5p,SLC38A1,MIRT709313,-0.553,0.0
hsa-miR-452-5p,FAM126A,,-0.552,0.0
hsa-miR-93-5p,RPA2,MIRT027975,-0.552,0.0
hsa-miR-378a-3p,OTUB2,,-0.552,0.0
hsa-miR-139-5p,AFF3,,-0.551,0.0
hsa-miR-223-3p,FNBP1L,,-0.551,0.0
hsa-miR-326,LDOC1,,-0.551,0.0
hsa-miR-196a-5p,CPM,,-0.551,0.0
hsa-miR-20b-5p,PCDHA11,,-0.551,0.0
hsa-miR-363-3p,PDXDC1,,-0.551,0.0
hsa-miR-20b-5p,FBXO41,,-0.551,0.0
hsa-miR-15a-5p,PDCD4,MIRT000810,-0.551,0.0
hsa-miR-20b-5p,MSMO1,MIRT164532,-0.551,0.0
hsa-miR-139-5p,PURB,,-0.551,0.0
hsa-miR-224-5p,TSPYL5,,-0.55,0.0
hsa-miR-378a-3p,CD3G,,-0.55,0.0
hsa-let-7d-5p,OSMR,,-0.55,0.0
hsa-miR-31-5p,HBEGF,,-0.55,0.0
hsa-miR-20b-5p,VPS26A,MIRT127166,-0.55,0.0
hsa-miR-20b-5p,CCNT2,,-0.55,0.0
hsa-miR-15a-5p,PHF20,,-0.55,0.0
hsa-miR-365a-3p,TASP1,,-0.55,0.0
hsa-miR-365b-3p,TASP1,,-0.55,0.0
hsa-miR-335-5p,CHFR,,-0.549,0.0
hsa-miR-20b-5p,GINS1,,-0.549,0.0
hsa-miR-144-3p,MYBL1,,-0.549,0.0
hsa-miR-20b-5p,RYBP,,-0.549,0.0
hsa-miR-181d-5p,JCAD,,-0.549,0.0
hsa-miR-363-3p,USP36,,-0.549,0.0
hsa-miR-486-5p,GOLGA3,,-0.549,0.0
hsa-miR-378a-3p,TOLLIP,,-0.549,0.0
hsa-miR-452-5p,RGP1,,-0.549,0.0
hsa-miR-185-5p,IKZF4,,-0.548,0.0
hsa-miR-20b-5p,SCN2B,,-0.548,0.0
hsa-miR-452-5p,FRK,,-0.548,0.0
hsa-miR-184,PLPP3,MIRT732747,-0.548,0.0
hsa-miR-20b-5p,XIAP,MIRT108724,-0.548,0.0
hsa-miR-22-3p,NUS1,,-0.548,0.0
hsa-miR-15a-5p,LRIG2,MIRT502038,-0.548,0.0
hsa-miR-363-3p,ENTPD5,,-0.547,0.0
hsa-miR-20b-5p,RPP14,,-0.547,0.0
hsa-miR-20b-5p,NEDD4L,,-0.547,0.0
hsa-miR-20b-5p,USP46,,-0.547,0.0
hsa-let-7b-5p,ALPK3,,-0.547,0.0
hsa-miR-224-5p,DUSP16,,-0.547,0.0
hsa-miR-362-5p,HNRNPA3,,-0.547,0.0
hsa-miR-20b-5p,WAC,MIRT056305,-0.547,0.0
hsa-miR-20b-5p,TMEM25,,-0.546,0.0
hsa-miR-22-3p,UNC5D,,-0.546,0.0
hsa-miR-24-3p,RAB8A,,-0.546,0.0
hsa-miR-93-5p,SERP1,,-0.546,0.0
hsa-miR-15a-5p,WAPL,,-0.546,0.0
hsa-miR-182-5p,SH3KBP1,,-0.546,0.0
hsa-miR-424-5p,MN1,,-0.546,0.0
hsa-miR-145-5p,CA12,,-0.546,0.0
hsa-miR-365a-3p,B4GALNT3,,-0.546,0.0
hsa-miR-365b-3p,B4GALNT3,,-0.546,0.0
hsa-miR-193b-3p,B4GALNT3,,-0.546,0.0
hsa-miR-193a-5p,UPF1,,-0.546,0.0
hsa-miR-15a-5p,CLDN12,,-0.546,0.0
hsa-miR-452-5p,RIMKLA,,-0.546,0.0
hsa-miR-378a-3p,KPNA6,MIRT043939,-0.545,0.0
hsa-let-7b-5p,IGF1,,-0.545,0.0
hsa-miR-185-5p,TOM1L2,,-0.545,0.0
hsa-miR-378a-3p,CD226,,-0.545,0.0
hsa-miR-139-5p,U2SURP,,-0.545,0.0
hsa-let-7b-5p,NAT8L,MIRT309843,-0.545,0.0
hsa-miR-181d-5p,TIMP3,,-0.544,0.0
hsa-miR-16-5p,ETNK1,MIRT063395,-0.544,0.0
hsa-miR-15a-5p,RBBP6,MIRT194903,-0.544,0.0
hsa-miR-181d-5p,CYP26B1,,-0.544,0.0
hsa-miR-22-3p,ITGB8,,-0.544,0.0
hsa-miR-193b-3p,KIT,MIRT734593,-0.544,0.0
hsa-let-7b-5p,CFL2,,-0.544,0.0
hsa-miR-20b-5p,SMIM14,,-0.544,0.0
hsa-miR-15a-5p,PRPF38A,,-0.544,0.0
hsa-miR-20b-5p,TRPS1,,-0.543,0.0
hsa-miR-20b-5p,SINHCAF,,-0.543,0.0
hsa-miR-24-3p,CAMK2B,,-0.543,0.0
hsa-miR-193b-3p,WDR82,MIRT726103,-0.543,0.0
hsa-miR-185-5p,GPR61,,-0.543,0.0
hsa-miR-223-3p,MBOAT2,,-0.543,0.0
hsa-miR-193b-3p,ABI2,MIRT016520,-0.543,0.0
hsa-miR-20b-5p,FAM222B,,-0.543,0.0
hsa-miR-15a-5p,MAP3K21,,-0.542,0.0
hsa-let-7e-5p,SOST,,-0.542,0.0
hsa-miR-20b-5p,LYPD6,,-0.542,0.0
hsa-miR-193b-3p,SLC30A9,,-0.542,0.0
hsa-miR-18a-5p,SON,MIRT031319,-0.542,0.0
hsa-miR-181c-5p,JAZF1,,-0.542,0.0
hsa-miR-378a-3p,DSCAM,,-0.542,0.0
hsa-miR-363-3p,SLC9A7,,-0.542,0.0
hsa-miR-15a-5p,PPIG,MIRT506112,-0.541,0.0
hsa-miR-362-5p,SYS1,,-0.541,0.0
hsa-miR-20b-5p,TMED8,,-0.541,0.0
hsa-miR-186-5p,RAB3IP,,-0.541,0.0
hsa-miR-363-3p,ZDHHC5,MIRT059925,-0.541,0.0
hsa-miR-139-5p,ELP4,,-0.541,0.0
hsa-miR-20b-5p,UEVLD,,-0.541,0.0
hsa-miR-193a-5p,SLC35F2,,-0.541,0.0
hsa-miR-107,SEC22C,,-0.541,0.0
hsa-miR-139-5p,NME7,,-0.541,0.0
hsa-miR-20b-5p,ATE1,,-0.541,0.0
hsa-miR-486-5p,SLC4A8,,-0.541,0.0
hsa-miR-7-5p,POLH,,-0.54,0.0
hsa-miR-22-3p,USP37,,-0.54,0.0
hsa-miR-363-3p,TBC1D30,,-0.54,0.0
hsa-miR-224-5p,TMEM168,,-0.54,0.0
hsa-miR-486-5p,PIK3R1,MIRT735338,-0.54,0.0
hsa-miR-7-5p,MIOS,,-0.54,0.0
hsa-miR-15a-5p,NAA15,,-0.54,0.0
hsa-miR-365a-3p,TIAM2,,-0.54,0.0
hsa-miR-378a-3p,NUP155,,-0.54,0.0
hsa-miR-365b-3p,TIAM2,,-0.54,0.0
hsa-miR-16-5p,PHLPP2,MIRT547133,-0.54,0.0
hsa-miR-30a-5p,ELMO1,,-0.54,0.0
hsa-miR-20b-5p,HECTD2,,-0.54,0.0
hsa-miR-135b-5p,SV2B,,-0.54,0.0
hsa-miR-20b-5p,PRDM10,,-0.539,0.0
hsa-miR-181d-5p,NEK7,,-0.539,0.0
hsa-miR-501-3p,RNF38,,-0.539,0.0
hsa-miR-452-5p,TFAP2B,,-0.539,0.0
hsa-miR-15a-5p,NUFIP2,MIRT522098,-0.539,0.0
hsa-miR-15a-5p,RLIM,,-0.539,0.0
hsa-miR-16-5p,SRSF10,,-0.539,0.0
hsa-miR-486-5p,ARHGAP44,,-0.539,0.0
hsa-miR-22-3p,C1orf21,,-0.539,0.0
hsa-miR-196a-5p,HOXB8,MIRT002266,-0.539,0.0
hsa-miR-24-3p,POLR3H,,-0.539,0.0
hsa-miR-20b-5p,PLCB1,,-0.539,0.0
hsa-miR-20b-5p,PTPRJ,,-0.539,0.0
hsa-miR-7-5p,PURB,MIRT555107,-0.538,0.0
hsa-miR-193b-3p,TSPAN31,,-0.538,0.0
hsa-miR-378a-3p,JADE2,,-0.538,0.0
hsa-miR-362-5p,TMEM26,,-0.538,0.0
hsa-let-7b-5p,SLC9A9,,-0.538,0.0
hsa-miR-193b-3p,CNOT6,MIRT016605,-0.538,0.0
hsa-let-7e-5p,ERP29,,-0.538,0.0
hsa-miR-20b-5p,CNOT6L,MIRT479062,-0.538,0.0
hsa-miR-185-5p,ANKFY1,,-0.538,0.0
hsa-miR-195-5p,PLXNA4,,-0.538,0.0
hsa-miR-185-5p,SUPT6H,,-0.538,0.0
hsa-miR-30e-5p,TRDN,,-0.537,0.0
hsa-miR-139-5p,CTDSPL2,,-0.537,0.0
hsa-miR-20b-5p,DSTYK,MIRT763770,-0.537,0.0
hsa-miR-20b-5p,CDC40,,-0.536,0.0
hsa-miR-20b-5p,ZRANB1,MIRT126355,-0.536,0.0
hsa-miR-425-5p,IFFO2,,-0.536,0.0
hsa-miR-193a-5p,SYNGR1,,-0.536,0.0
hsa-miR-20b-5p,FBXO28,,-0.536,0.0
hsa-miR-532-3p,DYNLL2,,-0.535,0.0
hsa-miR-224-5p,UBE2G1,,-0.535,0.0
hsa-miR-20b-5p,ZNF148,,-0.535,0.0
hsa-let-7c-5p,SLC9A9,,-0.535,0.0
hsa-miR-145-5p,TMEM63B,,-0.535,0.0
hsa-miR-139-5p,FBXO28,,-0.535,0.0
hsa-miR-20b-5p,DAZAP2,,-0.535,0.0
hsa-miR-20b-5p,RUNX3,MIRT561649,-0.535,0.0
hsa-miR-20b-5p,IL1RAP,,-0.535,0.0
hsa-miR-224-5p,SENP2,,-0.535,0.0
hsa-miR-181a-5p,HOXC8,,-0.535,0.001
hsa-miR-181c-5p,LOX,,-0.535,0.001
hsa-miR-145-5p,ATP6V0B,,-0.535,0.001
hsa-miR-452-5p,ARIH1,,-0.534,0.001
hsa-miR-193b-3p,CD47,,-0.534,0.001
hsa-miR-16-5p,SLC4A8,,-0.534,0.001
hsa-miR-22-3p,AGMAT,,-0.534,0.001
hsa-miR-378a-3p,KIF26B,,-0.534,0.001
hsa-miR-16-5p,MINDY2,,-0.534,0.001
hsa-miR-30a-5p,TMEM170B,,-0.534,0.001
hsa-miR-107,ST13,,-0.534,0.001
hsa-miR-185-5p,PRRT2,MIRT490078,-0.534,0.001
hsa-miR-145-5p,CISD2,,-0.534,0.001
hsa-miR-20b-5p,DNAJC27,MIRT727874,-0.534,0.001
hsa-miR-363-3p,KCNC4,MIRT741805,-0.534,0.001
hsa-miR-93-5p,SLC33A1,,-0.533,0.001
hsa-miR-15a-5p,ZMYM2,,-0.533,0.001
hsa-miR-15a-5p,THUMPD1,,-0.533,0.001
hsa-miR-140-5p,PAX9,,-0.533,0.001
hsa-miR-195-5p,SEPTIN11,,-0.533,0.001
hsa-miR-193b-3p,MRPL43,,-0.533,0.001
hsa-miR-15a-5p,AREL1,,-0.533,0.001
hsa-miR-185-5p,FAXC,,-0.533,0.001
hsa-let-7b-5p,ATP2B4,,-0.533,0.001
hsa-miR-15a-5p,ABI2,,-0.533,0.001
hsa-miR-106a-5p,PGM2L1,,-0.533,0.001
hsa-miR-181d-5p,CNR1,,-0.532,0.001
hsa-miR-20b-5p,GAN,,-0.532,0.001
hsa-miR-93-5p,MTERF4,,-0.532,0.001
hsa-miR-20b-5p,OTUD4,MIRT566574,-0.532,0.001
hsa-miR-139-5p,STK24,,-0.532,0.001
hsa-miR-20b-5p,KDM2A,,-0.532,0.001
hsa-miR-20b-5p,EMSY,MIRT503079,-0.532,0.001
hsa-miR-363-3p,SPRYD4,MIRT135567,-0.532,0.001
hsa-miR-362-5p,LYRM2,,-0.532,0.001
hsa-miR-106a-5p,TVP23B,,-0.532,0.001
hsa-miR-30a-5p,AIDA,,-0.532,0.001
hsa-miR-363-3p,NUP43,MIRT555941,-0.531,0.001
hsa-miR-7-5p,FAM168B,,-0.531,0.001
hsa-miR-20b-5p,PHF6,MIRT175658,-0.531,0.001
hsa-miR-22-3p,CIAO2A,,-0.531,0.001
hsa-miR-185-5p,CADM1,MIRT494393,-0.531,0.001
hsa-miR-20b-5p,RAB21,,-0.531,0.001
hsa-miR-20b-5p,SLC4A7,MIRT726525,-0.531,0.001
hsa-miR-93-5p,PCNP,,-0.531,0.001
hsa-miR-30e-5p,ERG,,-0.531,0.001
hsa-miR-24-3p,TBC1D30,,-0.53,0.001
hsa-miR-452-5p,BZW1,,-0.53,0.001
hsa-miR-15a-5p,CYB561,,-0.53,0.001
hsa-miR-20b-5p,SLC39A6,,-0.53,0.001
hsa-miR-20b-5p,SYAP1,,-0.53,0.001
hsa-miR-185-5p,ST8SIA2,,-0.53,0.001
hsa-miR-139-5p,CSRNP3,,-0.53,0.001
hsa-miR-24-3p,RAB11FIP1,MIRT627784,-0.53,0.001
hsa-miR-182-5p,RRAGD,,-0.53,0.001
hsa-miR-20b-5p,MYO5B,,-0.53,0.001
hsa-let-7b-5p,PLCXD3,,-0.529,0.001
hsa-miR-20b-5p,BTBD7,MIRT728185,-0.529,0.001
hsa-miR-15a-5p,PDK3,,-0.529,0.001
hsa-miR-16-5p,FAM133B,,-0.529,0.001
hsa-miR-20b-5p,INO80,,-0.529,0.001
hsa-miR-486-5p,C1orf21,,-0.529,0.001
hsa-miR-139-5p,ENAH,,-0.529,0.001
hsa-miR-378a-3p,DCX,,-0.529,0.001
hsa-miR-15a-5p,PCM1,,-0.529,0.001
hsa-miR-22-3p,TET2,MIRT053224,-0.529,0.001
hsa-miR-93-5p,FBXL3,MIRT028091,-0.529,0.001
hsa-miR-195-5p,PLXNA2,,-0.529,0.001
hsa-miR-363-3p,PPM1H,,-0.529,0.001
hsa-miR-24-3p,CCDC85C,,-0.529,0.001
hsa-miR-20b-5p,MASTL,MIRT126562,-0.529,0.001
hsa-miR-195-5p,AKAP12,,-0.528,0.001
hsa-miR-141-3p,HNMT,,-0.528,0.001
hsa-miR-22-3p,DNAJC27,,-0.528,0.001
hsa-miR-20b-5p,LHX4,,-0.528,0.001
hsa-miR-15a-5p,WDR82,,-0.528,0.001
hsa-miR-135b-5p,ZCCHC24,,-0.528,0.001
hsa-miR-16-5p,USP15,MIRT031860,-0.528,0.001
hsa-miR-145-5p,AREL1,,-0.527,0.001
hsa-miR-20b-5p,EIF2S1,MIRT070850,-0.527,0.001
hsa-miR-20b-5p,MFN1,MIRT522511,-0.527,0.001
hsa-miR-532-3p,ZNF428,,-0.527,0.001
hsa-miR-193a-5p,FANCD2,,-0.527,0.001
hsa-miR-378c,KIF26B,,-0.527,0.001
hsa-miR-20b-5p,SYNCRIP,,-0.527,0.001
hsa-miR-20b-5p,YES1,,-0.527,0.001
hsa-miR-18a-5p,ANK3,,-0.527,0.001
hsa-miR-20b-5p,PHIP,,-0.527,0.001
hsa-miR-326,GRIN1,,-0.526,0.001
hsa-miR-378a-3p,FAHD2A,,-0.526,0.001
hsa-miR-15a-5p,CCNT2,MIRT085215,-0.526,0.001
hsa-miR-200b-3p,DCUN1D3,,-0.526,0.001
hsa-miR-15a-5p,KIAA0319L,,-0.526,0.001
hsa-miR-182-5p,MRAS,,-0.526,0.001
hsa-miR-15a-5p,WBP11,,-0.526,0.001
hsa-miR-22-3p,USP47,,-0.526,0.001
hsa-miR-429,SHROOM4,,-0.526,0.001
hsa-let-7d-5p,STAT3,,-0.526,0.001
hsa-miR-378c,MEF2D,,-0.525,0.001
hsa-miR-185-5p,PTCHD1,,-0.525,0.001
hsa-miR-20b-5p,FBXL3,,-0.525,0.001
hsa-miR-21-5p,ANKRD46,MIRT005773,-0.525,0.001
hsa-miR-378c,RASGRF1,,-0.525,0.001
hsa-miR-195-5p,CALM1,,-0.525,0.001
hsa-miR-22-3p,FBXW7,,-0.525,0.001
hsa-miR-148a-3p,BEST1,,-0.525,0.001
hsa-miR-106a-5p,ZBTB21,,-0.525,0.001
hsa-miR-22-3p,DOK7,,-0.524,0.001
hsa-miR-15a-5p,CDC42SE2,MIRT256305,-0.524,0.001
hsa-miR-15a-5p,HMGXB4,,-0.524,0.001
hsa-miR-452-5p,AP5M1,,-0.524,0.001
hsa-miR-15a-5p,STRBP,,-0.524,0.001
hsa-miR-193a-5p,SPRED3,,-0.524,0.001
hsa-miR-185-5p,SAMD12,,-0.524,0.001
hsa-miR-9-5p,ANK2,,-0.524,0.001
hsa-miR-145-5p,IPPK,,-0.524,0.001
hsa-miR-20b-5p,INO80D,,-0.524,0.001
hsa-miR-20b-5p,ABI1,,-0.523,0.001
hsa-miR-7-5p,XPO7,,-0.523,0.001
hsa-miR-15a-5p,TBP,,-0.523,0.001
hsa-miR-22-3p,LRRC73,,-0.523,0.001
hsa-miR-20b-5p,RAB11FIP1,MIRT505980,-0.523,0.001
hsa-miR-486-5p,GAPVD1,,-0.523,0.001
hsa-miR-20b-5p,ARID4B,MIRT004072,-0.523,0.001
hsa-miR-452-5p,SCOC,,-0.523,0.001
hsa-miR-1306-5p,CYP4F11,,-0.523,0.001
hsa-miR-185-5p,AAK1,,-0.523,0.001
hsa-miR-22-3p,FNBP4,,-0.523,0.001
hsa-miR-20b-5p,KIAA1671,,-0.523,0.001
hsa-miR-24-3p,CHMP7,,-0.522,0.001
hsa-miR-145-5p,MFSD6,,-0.522,0.001
hsa-miR-135b-5p,TGFBR2,,-0.522,0.001
hsa-miR-193a-5p,BCL7C,,-0.522,0.001
hsa-miR-378a-3p,C1orf21,,-0.522,0.001
hsa-miR-15a-5p,GDI2,MIRT051332,-0.522,0.001
hsa-miR-93-5p,GMCL1,,-0.522,0.001
hsa-miR-451a,ATF2,,-0.522,0.001
hsa-miR-532-3p,ETNK2,,-0.522,0.001
hsa-let-7b-5p,ANGPTL2,,-0.522,0.001
hsa-miR-30e-5p,PCDH19,,-0.522,0.001
hsa-miR-193a-5p,CUL3,,-0.522,0.001
hsa-miR-363-3p,CXXC5,,-0.522,0.001
hsa-miR-365a-3p,LUC7L2,MIRT319744,-0.522,0.001
hsa-miR-365b-3p,LUC7L2,MIRT319745,-0.522,0.001
hsa-miR-182-5p,C2CD2,,-0.522,0.001
hsa-miR-195-5p,ESR2,,-0.522,0.001
hsa-miR-20b-5p,TENT5C,MIRT058916,-0.521,0.001
hsa-miR-16-5p,ENAH,,-0.521,0.001
hsa-miR-93-5p,TADA2B,MIRT726402,-0.521,0.001
hsa-miR-205-5p,MID1IP1,,-0.521,0.001
hsa-miR-193b-3p,ZNF207,,-0.521,0.001
hsa-miR-181d-5p,ANK1,,-0.521,0.001
hsa-miR-18a-5p,TRAPPC8,,-0.52,0.001
hsa-miR-24-3p,DUSP16,,-0.52,0.001
hsa-miR-24-3p,GRAMD1B,,-0.52,0.001
hsa-miR-486-5p,TBL1X,,-0.52,0.001
hsa-miR-363-3p,PRKCE,,-0.52,0.001
hsa-miR-486-5p,UNC5C,,-0.52,0.001
hsa-miR-362-5p,CCSER1,,-0.52,0.001
hsa-miR-182-5p,MTURN,,-0.52,0.001
hsa-miR-532-3p,GFRA1,,-0.52,0.001
hsa-miR-185-5p,TSN,,-0.519,0.001
hsa-miR-339-5p,DLG3,,-0.519,0.001
hsa-miR-223-3p,CLSTN1,,-0.519,0.001
hsa-miR-193b-3p,BAK1,,-0.519,0.001
hsa-miR-31-5p,FITM2,,-0.519,0.001
hsa-miR-16-5p,DICER1,MIRT051245,-0.518,0.001
hsa-miR-193b-3p,MSI2,,-0.518,0.001
hsa-miR-339-5p,CDC25A,,-0.518,0.001
hsa-miR-362-5p,CDK5R1,,-0.518,0.001
hsa-miR-181b-5p,LRRC32,,-0.518,0.001
hsa-miR-20b-5p,NBEA,,-0.518,0.001
hsa-miR-15a-5p,C1orf21,MIRT061005,-0.517,0.001
hsa-miR-20b-5p,CCNJ,,-0.517,0.001
hsa-miR-18a-5p,STAM2,,-0.517,0.001
hsa-miR-22-3p,CREB1,,-0.517,0.001
hsa-miR-223-3p,ZNF395,,-0.517,0.001
hsa-miR-363-3p,PRKAA2,,-0.517,0.001
hsa-miR-195-5p,SEMA3A,,-0.517,0.001
hsa-miR-429,TCF4,,-0.517,0.001
hsa-miR-378a-3p,RAB11A,,-0.517,0.001
hsa-miR-139-5p,ZNF470,,-0.517,0.001
hsa-miR-195-5p,NRP2,,-0.517,0.001
hsa-miR-186-5p,CLDN1,,-0.517,0.001
hsa-miR-15a-5p,SETD6,,-0.517,0.001
hsa-miR-193a-5p,TNFRSF19,,-0.517,0.001
hsa-miR-7-5p,ODF2L,,-0.516,0.001
hsa-miR-18a-5p,SMAD2,MIRT387526,-0.516,0.001
hsa-let-7b-5p,SNN,,-0.516,0.001
hsa-miR-532-3p,PADI1,,-0.516,0.001
hsa-miR-16-5p,KIF5C,,-0.516,0.001
hsa-miR-200b-3p,ETS1,MIRT003783,-0.516,0.001
hsa-miR-145-5p,TAGLN2,,-0.516,0.001
hsa-miR-193a-5p,DNTTIP2,,-0.516,0.001
hsa-miR-24-3p,MYO18A,,-0.515,0.001
hsa-miR-378c,KPNA6,,-0.515,0.001
hsa-miR-195-5p,CCNYL1,,-0.515,0.001
hsa-miR-135a-5p,GLYCTK,,-0.515,0.001
hsa-miR-30c-5p,KCNJ15,,-0.515,0.001
hsa-miR-16-5p,SKIL,,-0.515,0.001
hsa-miR-16-5p,RORA,,-0.515,0.001
hsa-miR-106a-5p,C2orf69,,-0.515,0.001
hsa-miR-185-5p,ZBTB20,,-0.515,0.001
hsa-miR-20b-5p,PDLIM5,,-0.514,0.001
hsa-miR-20b-5p,CSNK1A1,MIRT478723,-0.514,0.001
hsa-miR-15a-5p,PDCD6IP,MIRT000888,-0.514,0.001
hsa-miR-135b-5p,PLCL2,,-0.514,0.001
hsa-miR-16-5p,MACC1,,-0.514,0.001
hsa-miR-20b-5p,HIVEP3,,-0.514,0.001
hsa-miR-182-5p,ST6GALNAC3,,-0.514,0.001
hsa-miR-365a-3p,LAMP2,,-0.514,0.001
hsa-miR-365b-3p,LAMP2,,-0.514,0.001
hsa-miR-20b-5p,ERO1B,,-0.514,0.001
hsa-miR-93-5p,CNOT7,MIRT727967,-0.514,0.001
hsa-miR-15a-5p,MAPK8,,-0.514,0.001
hsa-miR-486-5p,BZW1,,-0.514,0.001
hsa-miR-193a-5p,NETO2,,-0.514,0.001
hsa-miR-22-3p,TUB,,-0.513,0.001
hsa-miR-93-5p,DERL2,,-0.513,0.001
hsa-miR-20b-5p,ARHGEF28,,-0.513,0.001
hsa-miR-7-5p,LUC7L2,MIRT025632,-0.513,0.001
hsa-miR-185-5p,SF1,MIRT738265,-0.513,0.001
hsa-miR-200c-3p,LOX,,-0.513,0.001
hsa-miR-181d-5p,SHE,,-0.513,0.001
hsa-miR-223-3p,ITPR3,,-0.513,0.001
hsa-miR-24-3p,GGA1,,-0.513,0.001
hsa-miR-7-5p,A1CF,,-0.513,0.001
hsa-miR-339-5p,COPZ1,,-0.513,0.001
hsa-miR-185-5p,TRIM5,,-0.513,0.001
hsa-miR-24-3p,NAIF1,,-0.513,0.001
hsa-miR-20b-5p,SAR1B,,-0.513,0.001
hsa-let-7c-5p,PXDN,,-0.513,0.001
hsa-miR-20b-5p,EPHA7,,-0.512,0.001
hsa-miR-223-3p,TSPAN5,,-0.512,0.001
hsa-miR-20b-5p,RUFY2,MIRT554532,-0.512,0.001
hsa-miR-20b-5p,RACGAP1,MIRT566152,-0.512,0.001
hsa-miR-93-5p,RAB5B,MIRT027977,-0.512,0.001
hsa-miR-20b-5p,ATG14,MIRT727370,-0.512,0.001
hsa-let-7b-5p,DIPK2B,,-0.512,0.001
hsa-miR-93-5p,TENT5C,MIRT058913,-0.512,0.001
hsa-miR-15a-5p,NPAS3,,-0.512,0.001
hsa-miR-20b-5p,TRIM66,,-0.512,0.001
hsa-let-7d-5p,ERO1A,MIRT735647,-0.512,0.001
hsa-miR-24-3p,TCF7,,-0.512,0.001
hsa-miR-7-5p,ARIH1,,-0.511,0.001
hsa-miR-15a-5p,EIF4B,,-0.511,0.001
hsa-miR-15a-5p,SYS1,,-0.511,0.001
hsa-miR-15a-5p,DCAF10,,-0.511,0.001
hsa-miR-16-5p,TMEM87B,,-0.511,0.001
hsa-miR-451a,VAPA,,-0.511,0.001
hsa-miR-185-5p,GPR107,MIRT738244,-0.511,0.001
hsa-miR-185-5p,TRIM44,,-0.511,0.001
hsa-miR-20b-5p,ATAD2,MIRT450957,-0.511,0.001
hsa-miR-7-5p,YOD1,MIRT463785,-0.511,0.001
hsa-miR-335-5p,RCC2,,-0.511,0.001
hsa-miR-196a-5p,DIAPH2,,-0.511,0.001
hsa-miR-223-3p,RSBN1L,,-0.511,0.001
hsa-miR-195-5p,PAM,,-0.511,0.001
hsa-miR-18a-5p,HMGCS1,MIRT031353,-0.511,0.001
hsa-miR-20b-5p,PON2,,-0.511,0.001
hsa-miR-22-3p,TNFSF15,,-0.511,0.001
hsa-miR-365a-3p,OAZ2,,-0.51,0.001
hsa-miR-452-5p,UBA6,,-0.51,0.001
hsa-miR-365b-3p,OAZ2,,-0.51,0.001
hsa-miR-362-5p,TFAM,,-0.51,0.001
hsa-miR-15a-5p,PDLIM5,,-0.51,0.001
hsa-miR-93-5p,MKRN1,MIRT727184,-0.51,0.001
hsa-miR-16-5p,XPR1,,-0.51,0.001
hsa-miR-185-5p,CAMK2D,MIRT735111,-0.51,0.001
hsa-miR-193b-3p,BRPF1,,-0.51,0.001
hsa-miR-181d-5p,HDAC9,,-0.51,0.001
hsa-miR-452-5p,E2F3,,-0.51,0.001
hsa-miR-98-5p,XKRX,,-0.51,0.001
hsa-miR-20b-5p,REST,MIRT213214,-0.509,0.001
hsa-miR-16-5p,PCGF5,,-0.509,0.001
hsa-miR-193b-3p,C18orf32,,-0.509,0.001
hsa-miR-20b-5p,PCDHA6,,-0.509,0.001
hsa-miR-452-5p,REXO1,,-0.509,0.001
hsa-miR-486-5p,TMEM178B,,-0.509,0.001
hsa-miR-454-3p,ESR1,MIRT502517,-0.509,0.001
hsa-miR-16-5p,U2SURP,MIRT090689,-0.509,0.001
hsa-miR-200a-3p,NUMBL,,-0.509,0.001
hsa-miR-139-5p,FAM76B,,-0.509,0.001
hsa-miR-20b-5p,NPAT,MIRT472055,-0.509,0.001
hsa-miR-215-5p,PTCHD1,,-0.508,0.001
hsa-miR-196a-5p,IGF1,,-0.508,0.001
hsa-miR-22-3p,UBE2N,,-0.508,0.001
hsa-miR-106a-5p,AAK1,,-0.508,0.001
hsa-let-7b-5p,HIF3A,,-0.508,0.001
hsa-miR-93-5p,NAA30,MIRT028034,-0.508,0.001
hsa-miR-17-5p,C9orf64,,-0.508,0.001
hsa-miR-18a-5p,INSYN2B,,-0.508,0.001
hsa-miR-106a-5p,MOSMO,MIRT283174,-0.508,0.001
hsa-miR-18a-5p,TEX2,,-0.508,0.001
hsa-miR-20b-5p,ZNF362,,-0.507,0.001
hsa-miR-148a-3p,DOCK6,,-0.507,0.001
hsa-miR-15a-5p,NEK10,,-0.507,0.001
hsa-miR-363-3p,DAG1,,-0.507,0.001
hsa-miR-215-5p,ABHD2,,-0.507,0.001
hsa-miR-182-5p,ZEB2,,-0.507,0.001
hsa-miR-378a-3p,PAPOLG,,-0.507,0.001
hsa-miR-107,FOXP1,,-0.507,0.001
hsa-miR-16-5p,NCBP3,,-0.507,0.001
hsa-let-7c-5p,TRHDE,,-0.506,0.001
hsa-miR-15a-5p,AGO1,,-0.506,0.001
hsa-miR-22-3p,PAFAH1B2,,-0.506,0.001
hsa-miR-193b-3p,GRB7,,-0.506,0.001
hsa-miR-24-3p,RNF40,,-0.506,0.001
hsa-miR-15a-5p,NAPEPLD,,-0.506,0.001
hsa-miR-16-5p,DCUN1D4,,-0.506,0.001
hsa-miR-139-5p,SLC25A3,,-0.506,0.001
hsa-miR-24-3p,BCL2L11,MIRT030547,-0.506,0.001
hsa-miR-20b-5p,MECP2,MIRT556162,-0.506,0.001
hsa-miR-193a-5p,NRG1,,-0.506,0.001
hsa-miR-223-3p,TENT5C,,-0.506,0.001
hsa-miR-150-5p,ZCCHC17,,-0.506,0.001
hsa-miR-15a-5p,SRPK1,MIRT726455,-0.505,0.001
hsa-miR-15a-5p,DCUN1D5,,-0.505,0.001
hsa-miR-152-3p,ADCY2,,-0.505,0.001
hsa-miR-185-5p,SLC25A15,,-0.505,0.001
hsa-miR-20b-5p,DDIAS,,-0.505,0.001
hsa-miR-107,SYNGR1,,-0.505,0.001
hsa-miR-20b-5p,PIK3R1,,-0.505,0.001
hsa-miR-195-5p,FZD4,,-0.505,0.001
hsa-miR-20b-5p,GPR37L1,,-0.505,0.001
hsa-miR-20b-5p,CEP128,,-0.505,0.001
hsa-miR-20b-5p,FNDC3A,,-0.505,0.001
hsa-miR-18a-5p,RAB22A,,-0.505,0.001
hsa-miR-139-5p,ARRDC3,,-0.505,0.001
hsa-miR-20b-5p,OTUD3,,-0.505,0.001
hsa-miR-22-3p,PRR14L,,-0.504,0.001
hsa-miR-7-5p,ARID2,,-0.504,0.001
hsa-miR-193b-3p,N4BP3,,-0.504,0.001
hsa-miR-20b-5p,CSRNP3,,-0.504,0.001
hsa-miR-20b-5p,ZBTB41,,-0.504,0.001
hsa-miR-24-3p,GRIP1,,-0.504,0.001
hsa-miR-20b-5p,ESR1,MIRT004313,-0.504,0.001
hsa-miR-22-3p,KMT2A,,-0.504,0.001
hsa-miR-20b-5p,PPP2CA,,-0.504,0.001
hsa-miR-15a-5p,MACC1,,-0.504,0.001
hsa-miR-16-5p,MOB4,MIRT204624,-0.504,0.001
hsa-miR-452-5p,RANBP6,,-0.504,0.001
hsa-miR-135b-5p,TBX4,,-0.504,0.001
hsa-miR-139-5p,RASGRF1,,-0.504,0.001
hsa-miR-215-5p,SLC39A6,,-0.504,0.001
hsa-miR-18a-5p,SLC35A3,,-0.503,0.001
hsa-miR-429,PLPP3,,-0.503,0.001
hsa-miR-18a-5p,ZBTB44,,-0.503,0.001
hsa-miR-15a-5p,ZNRF3,MIRT087424,-0.503,0.001
hsa-miR-181d-5p,ERG,,-0.503,0.001
hsa-miR-16-5p,IKBKB,,-0.503,0.001
hsa-miR-139-5p,TENT2,MIRT314522,-0.503,0.001
hsa-miR-363-3p,FAM133B,,-0.503,0.001
hsa-miR-16-5p,ATP7A,,-0.503,0.001
hsa-miR-22-3p,SFMBT2,,-0.503,0.001
hsa-miR-224-5p,ENAH,,-0.503,0.001
hsa-miR-15a-5p,ETNK1,MIRT063394,-0.503,0.001
hsa-miR-20b-5p,HAUS8,MIRT574724,-0.503,0.001
hsa-miR-16-5p,CLDN12,,-0.503,0.001
hsa-miR-24-3p,SFXN5,,-0.503,0.001
hsa-miR-429,KCNB1,,-0.503,0.001
hsa-miR-16-5p,PPP6R3,MIRT737990,-0.502,0.001
hsa-miR-93-5p,CCDC25,,-0.502,0.001
hsa-miR-16-5p,OTUD4,,-0.502,0.001
hsa-miR-20b-5p,PCDHA3,,-0.502,0.001
hsa-miR-16-5p,DMTF1,MIRT031727,-0.502,0.001
hsa-miR-139-5p,BAZ2A,,-0.502,0.001
hsa-miR-16-5p,PNISR,MIRT547066,-0.502,0.001
hsa-miR-15a-5p,U2SURP,MIRT090688,-0.502,0.001
hsa-miR-18a-5p,MAP3K1,,-0.502,0.001
hsa-miR-9-5p,ATOH8,,-0.502,0.001
hsa-miR-7-5p,SPOPL,,-0.502,0.001
hsa-miR-16-5p,TBL1XR1,MIRT726355,-0.502,0.001
hsa-miR-93-5p,PRRG4,MIRT230966,-0.502,0.001
hsa-miR-224-5p,GLRA3,,-0.501,0.001
hsa-miR-185-5p,BEND3,,-0.501,0.001
hsa-miR-452-5p,C16orf87,,-0.501,0.001
hsa-miR-15a-5p,TSPAN5,,-0.501,0.001
hsa-miR-22-3p,ARHGEF12,,-0.501,0.001
hsa-miR-185-5p,AMIGO2,,-0.501,0.001
hsa-miR-135a-5p,KCNB1,,-0.501,0.001
hsa-miR-7-5p,ZNF805,MIRT025803,-0.501,0.001
hsa-miR-452-5p,DR1,,-0.501,0.001
hsa-miR-93-5p,GOSR1,,-0.501,0.001
hsa-miR-16-5p,UBE2W,,-0.501,0.001
hsa-miR-200b-3p,SAMD8,,-0.501,0.001
hsa-miR-20b-5p,FAM177A1,,-0.5,0.001
hsa-miR-452-5p,NCS1,,-0.5,0.001
hsa-miR-145-5p,PLAGL2,MIRT295694,-0.5,0.001
hsa-miR-20b-5p,PCDHA4,,-0.5,0.001
hsa-miR-486-5p,ASB4,,-0.5,0.001
hsa-miR-200b-3p,ADIPOR2,,-0.5,0.001
hsa-miR-22-3p,PCGF5,,-0.5,0.001
hsa-miR-378c,NXPE3,,-0.5,0.001
hsa-miR-20b-5p,PITPNA,MIRT471009,-0.5,0.001
hsa-miR-370-5p,HIF3A,,-0.5,0.001
hsa-miR-20b-5p,SLC7A2,,-0.5,0.001
hsa-miR-15a-5p,UBFD1,,-0.5,0.001
hsa-miR-20b-5p,ARHGEF3,,-0.5,0.001
hsa-miR-15a-5p,CFAP45,,-0.5,0.001
hsa-miR-224-5p,TMEM170A,,-0.5,0.001
hsa-miR-193a-5p,LAMP5,,-0.5,0.001
hsa-miR-20b-5p,KIF26B,,-0.5,0.001
hsa-miR-15a-5p,PRKAB2,,-0.5,0.001
hsa-miR-182-5p,QKI,,-0.499,0.001
hsa-miR-200a-3p,CACNA2D1,,-0.499,0.001
hsa-miR-7-5p,MOB1B,,-0.499,0.001
hsa-miR-15a-5p,TMED8,,-0.499,0.001
hsa-miR-15a-5p,KCNJ2,,-0.499,0.001
hsa-miR-139-5p,MARCHF7,,-0.499,0.001
hsa-miR-224-5p,GNAI3,,-0.499,0.001
hsa-miR-15a-5p,MIB1,MIRT727198,-0.499,0.001
hsa-miR-20b-5p,FAM168A,,-0.499,0.001
hsa-miR-15a-5p,RSF1,,-0.499,0.001
hsa-miR-9-5p,LYVE1,,-0.499,0.001
hsa-miR-139-5p,EMP2,,-0.498,0.001
hsa-miR-15a-5p,PCDHA3,,-0.498,0.001
hsa-miR-139-5p,HDX,,-0.498,0.001
hsa-miR-16-5p,POU2F1,,-0.498,0.001
hsa-miR-200b-3p,CDH6,,-0.498,0.001
hsa-miR-22-3p,THAP1,,-0.498,0.001
hsa-miR-16-5p,PLEKHA1,MIRT055812,-0.498,0.001
hsa-miR-107,NEK10,,-0.498,0.001
hsa-miR-152-3p,INSIG2,,-0.498,0.001
hsa-miR-193b-3p,DNAJC16,,-0.498,0.001
hsa-miR-363-3p,WRNIP1,,-0.498,0.001
hsa-miR-362-5p,GAN,,-0.498,0.001
hsa-miR-16-5p,KIF21A,,-0.498,0.001
hsa-miR-140-5p,LSM14B,,-0.497,0.001
hsa-miR-452-5p,ERBB4,,-0.497,0.001
hsa-miR-20b-5p,PANK3,MIRT727017,-0.497,0.002
hsa-let-7b-5p,TSPAN18,,-0.497,0.002
hsa-miR-185-5p,E2F6,MIRT738240,-0.497,0.002
hsa-miR-7-5p,ZNF148,,-0.497,0.002
hsa-miR-20b-5p,NCKAP5,,-0.496,0.002
hsa-miR-181d-5p,PDE3A,,-0.496,0.002
hsa-miR-15a-5p,ZC2HC1A,,-0.496,0.002
hsa-miR-193b-3p,ING5,,-0.496,0.002
hsa-miR-224-5p,RPAP2,,-0.496,0.002
hsa-miR-15a-5p,ACVR2A,MIRT568621,-0.496,0.002
hsa-miR-224-5p,ABHD2,,-0.496,0.002
hsa-miR-7-5p,GMEB1,,-0.496,0.002
hsa-miR-16-5p,CCNT2,MIRT001801,-0.496,0.002
hsa-miR-24-3p,SP6,,-0.495,0.002
hsa-miR-532-3p,PAK4,,-0.495,0.002
hsa-miR-15a-5p,TGIF2,,-0.495,0.002
hsa-miR-20b-5p,C16orf72,,-0.495,0.002
hsa-miR-18a-5p,DDI2,,-0.495,0.002
hsa-miR-195-5p,SAMD4A,,-0.495,0.002
hsa-miR-363-3p,AP5M1,,-0.495,0.002
hsa-miR-106a-5p,PANK3,,-0.495,0.002
hsa-miR-15a-5p,NAA25,MIRT472665,-0.495,0.002
hsa-miR-16-5p,GABPA,MIRT297779,-0.495,0.002
hsa-miR-20b-5p,ZNF618,,-0.495,0.002
hsa-miR-93-5p,VPS26A,MIRT127162,-0.494,0.002
hsa-miR-193a-5p,CSNK2A1,MIRT624265,-0.494,0.002
hsa-miR-93-5p,HLF,,-0.494,0.002
hsa-miR-106a-5p,MIER3,,-0.494,0.002
hsa-miR-107,EIF1AX,MIRT548457,-0.494,0.002
hsa-miR-22-3p,INO80E,,-0.494,0.002
hsa-miR-365a-3p,ZNF618,,-0.494,0.002
hsa-miR-365b-3p,ZNF618,,-0.494,0.002
hsa-miR-15a-5p,IP6K1,,-0.494,0.002
hsa-miR-7-5p,KLF12,,-0.494,0.002
hsa-miR-15a-5p,NEBL,,-0.494,0.002
hsa-miR-152-3p,ESR1,,-0.494,0.002
hsa-miR-93-5p,NUP35,MIRT727053,-0.494,0.002
hsa-miR-93-5p,SNX12,,-0.494,0.002
hsa-miR-141-3p,ST3GAL5,,-0.494,0.002
hsa-miR-363-3p,EPG5,,-0.494,0.002
hsa-miR-365a-3p,BCL11B,,-0.493,0.002
hsa-miR-365b-3p,BCL11B,,-0.493,0.002
hsa-miR-145-5p,ACTG1,,-0.493,0.002
hsa-miR-15a-5p,PLEKHA1,MIRT055811,-0.493,0.002
hsa-miR-20b-5p,NAV2,,-0.493,0.002
hsa-miR-16-5p,DCUN1D1,,-0.493,0.002
hsa-miR-107,SGSM2,,-0.493,0.002
hsa-miR-16-5p,TLK1,MIRT031590,-0.493,0.002
hsa-miR-145-5p,DERL2,,-0.493,0.002
hsa-miR-363-3p,AKAP10,MIRT559642,-0.493,0.002
hsa-miR-20b-5p,MTF1,MIRT727147,-0.493,0.002
hsa-let-7d-5p,TGFBR1,MIRT032178,-0.493,0.002
hsa-miR-139-5p,GLG1,,-0.493,0.002
hsa-miR-365a-3p,DTNA,,-0.493,0.002
hsa-miR-365b-3p,DTNA,,-0.493,0.002
hsa-miR-15a-5p,RFX3,,-0.493,0.002
hsa-miR-21-5p,GID4,MIRT030790,-0.493,0.002
hsa-miR-363-3p,XPR1,,-0.493,0.002
hsa-miR-30a-5p,PLCXD3,,-0.493,0.002
hsa-miR-181d-5p,JAZF1,,-0.493,0.002
hsa-miR-452-5p,FOXL1,,-0.492,0.002
hsa-miR-16-5p,LRCH3,,-0.492,0.002
hsa-miR-20b-5p,ARHGEF10,,-0.492,0.002
hsa-miR-195-5p,NMNAT2,,-0.492,0.002
hsa-miR-181d-5p,LGI2,,-0.492,0.002
hsa-miR-139-5p,FMR1,,-0.492,0.002
hsa-miR-139-5p,AJAP1,,-0.492,0.002
hsa-miR-326,GINS2,,-0.492,0.002
hsa-miR-224-5p,POU2F1,,-0.492,0.002
hsa-miR-365a-3p,PTCHD1,,-0.492,0.002
hsa-miR-365b-3p,PTCHD1,,-0.492,0.002
hsa-miR-15a-5p,CNOT6L,,-0.492,0.002
hsa-miR-200a-3p,ST3GAL5,,-0.492,0.002
hsa-miR-223-3p,ATL2,,-0.492,0.002
hsa-miR-326,PADI1,,-0.492,0.002
hsa-miR-145-5p,FAXC,,-0.492,0.002
hsa-miR-20b-5p,CNNM2,,-0.492,0.002
hsa-miR-135a-5p,TGFBR2,,-0.492,0.002
hsa-miR-181d-5p,QKI,,-0.492,0.002
hsa-miR-7-5p,LTN1,,-0.491,0.002
hsa-miR-93-5p,RAB21,,-0.491,0.002
hsa-miR-20b-5p,HMGB3,MIRT493616,-0.491,0.002
hsa-miR-424-5p,XKR4,,-0.491,0.002
hsa-miR-223-3p,PTBP2,MIRT053243,-0.491,0.002
hsa-miR-16-5p,TNPO1,MIRT032051,-0.491,0.002
hsa-miR-106a-5p,XIAP,MIRT048312,-0.491,0.002
hsa-miR-107,NSG1,,-0.491,0.002
hsa-miR-224-5p,U2SURP,,-0.491,0.002
hsa-miR-193a-5p,NLN,MIRT732269,-0.491,0.002
hsa-miR-365a-3p,HOXA9,,-0.491,0.002
hsa-miR-365b-3p,HOXA9,,-0.491,0.002
hsa-miR-145-5p,LANCL3,,-0.491,0.002
hsa-miR-16-5p,UBE2V1,MIRT001400,-0.49,0.002
hsa-miR-139-5p,ECE1,,-0.49,0.002
hsa-miR-365a-3p,POU5F1B,,-0.49,0.002
hsa-miR-365b-3p,POU5F1B,,-0.49,0.002
hsa-miR-363-3p,UBE2Z,MIRT077511,-0.49,0.002
hsa-miR-429,TRPV3,,-0.49,0.002
hsa-miR-22-3p,NCMAP,,-0.49,0.002
hsa-miR-181c-5p,FOXP2,,-0.49,0.002
hsa-miR-338-3p,SNRPE,,-0.49,0.002
hsa-miR-193a-5p,C18orf25,,-0.49,0.002
hsa-miR-20b-5p,ARAP2,MIRT728321,-0.49,0.002
hsa-miR-542-3p,TLN2,,-0.49,0.002
hsa-miR-107,ZNF652,,-0.49,0.002
hsa-miR-15a-5p,SFXN2,,-0.489,0.002
hsa-miR-17-5p,BZW1,MIRT480568,-0.489,0.002
hsa-miR-135b-5p,BCL2L2,,-0.489,0.002
hsa-miR-15b-5p,MAFK,MIRT103095,-0.489,0.002
hsa-miR-15a-5p,PPM1A,MIRT191454,-0.489,0.002
hsa-miR-15a-5p,CDK17,MIRT548946,-0.489,0.002
hsa-miR-20b-5p,VPS13A,,-0.489,0.002
hsa-miR-378c,KDSR,,-0.489,0.002
hsa-miR-16-5p,SOS2,,-0.489,0.002
hsa-miR-7-5p,FBXO28,,-0.489,0.002
hsa-miR-15a-5p,DCUN1D1,,-0.489,0.002
hsa-miR-22-3p,LIN7C,MIRT030649,-0.489,0.002
hsa-miR-193b-3p,AJUBA,,-0.489,0.002
hsa-miR-106a-5p,SMAD5,,-0.489,0.002
hsa-miR-195-5p,SLC2A3,MIRT006235,-0.488,0.002
hsa-miR-15a-5p,RNF144B,,-0.488,0.002
hsa-miR-30a-5p,PDE3A,,-0.488,0.002
hsa-miR-452-5p,TMED8,,-0.488,0.002
hsa-miR-34c-5p,ADGRG2,,-0.488,0.002
hsa-miR-24-3p,INAVA,MIRT030535,-0.488,0.002
hsa-miR-139-5p,TRIM71,,-0.488,0.002
hsa-miR-185-5p,DLG2,,-0.488,0.002
hsa-miR-20b-5p,HPS5,,-0.488,0.002
hsa-miR-363-3p,SETD5,,-0.488,0.002
hsa-miR-141-3p,DCUN1D3,,-0.488,0.002
hsa-miR-106a-5p,NBEA,,-0.487,0.002
hsa-miR-135a-5p,ASPH,,-0.487,0.002
hsa-miR-30a-5p,SLC35F1,,-0.487,0.002
hsa-miR-15a-5p,PCGF5,,-0.487,0.002
hsa-miR-15a-5p,EPC1,,-0.487,0.002
hsa-miR-17-5p,PRRG4,MIRT230962,-0.487,0.002
hsa-miR-106a-5p,KDM6B,MIRT289575,-0.487,0.002
hsa-miR-486-5p,CDH11,,-0.487,0.002
hsa-miR-139-5p,AEBP2,,-0.487,0.002
hsa-miR-18a-5p,NCOA2,,-0.487,0.002
hsa-miR-24-3p,FDXR,,-0.487,0.002
hsa-miR-141-3p,SAR1A,,-0.487,0.002
hsa-miR-378c,KIAA1522,,-0.487,0.002
hsa-miR-454-3p,ZNRF3,,-0.486,0.002
hsa-miR-181d-5p,PLCXD3,,-0.486,0.002
hsa-miR-16-5p,DCAF10,,-0.486,0.002
hsa-miR-22-3p,USP8,,-0.486,0.002
hsa-miR-1-3p,SLC25A22,MIRT001332,-0.486,0.002
hsa-miR-22-3p,AMMECR1L,,-0.486,0.002
hsa-miR-20b-5p,POFUT1,MIRT152686,-0.486,0.002
hsa-miR-452-5p,SOCS5,,-0.486,0.002
hsa-miR-320b,YWHAZ,,-0.486,0.002
hsa-miR-7-5p,TRIM33,,-0.486,0.002
hsa-miR-362-5p,NOL4,,-0.486,0.002
hsa-miR-15a-5p,P2RY2,,-0.486,0.002
hsa-miR-106a-5p,IPMK,,-0.486,0.002
hsa-miR-136-5p,TSPAN3,,-0.486,0.002
hsa-miR-18a-5p,FBXO28,,-0.486,0.002
hsa-miR-18a-5p,FAF1,,-0.486,0.002
hsa-miR-20b-5p,ANKRD13C,MIRT728341,-0.485,0.002
hsa-miR-18a-5p,NEO1,MIRT438693,-0.485,0.002
hsa-miR-93-5p,IRF2BP2,,-0.485,0.002
hsa-miR-24-3p,DCAF11,,-0.485,0.002
hsa-miR-205-5p,ANK2,,-0.485,0.002
hsa-miR-195-5p,SLC4A4,,-0.485,0.002
hsa-miR-15a-5p,PHIP,,-0.485,0.002
hsa-miR-16-5p,KRAS,MIRT053090,-0.485,0.002
hsa-miR-22-3p,PTPN1,,-0.485,0.002
hsa-miR-15a-5p,RCOR3,,-0.485,0.002
hsa-miR-20b-5p,NIBAN2,,-0.485,0.002
hsa-miR-7-5p,SEPTIN8,,-0.485,0.002
hsa-miR-106a-5p,PURB,MIRT700445,-0.485,0.002
hsa-miR-186-5p,KMT5A,MIRT045160,-0.485,0.002
hsa-miR-145-5p,ARF6,MIRT278608,-0.484,0.002
hsa-miR-16-5p,ZC3H11A,MIRT031561,-0.484,0.002
hsa-miR-7-5p,RSPRY1,MIRT025701,-0.484,0.002
hsa-miR-363-3p,RRN3,MIRT501296,-0.484,0.002
hsa-miR-24-3p,KCNK6,,-0.484,0.002
hsa-miR-24-3p,KCTD3,,-0.484,0.002
hsa-miR-195-5p,IGF1,,-0.484,0.002
hsa-miR-363-3p,ESRP1,MIRT636554,-0.484,0.002
hsa-miR-200b-3p,KCNJ15,,-0.484,0.002
hsa-miR-7-5p,TCF12,,-0.483,0.002
hsa-miR-200a-3p,DCUN1D3,,-0.483,0.002
hsa-miR-363-3p,SLC25A36,MIRT161130,-0.483,0.002
hsa-miR-16-5p,PHACTR4,,-0.483,0.002
hsa-miR-107,SLC45A4,,-0.483,0.002
hsa-miR-363-3p,GALNT7,MIRT093532,-0.483,0.002
hsa-miR-93-5p,ATE1,,-0.483,0.002
hsa-miR-22-3p,ASB14,,-0.483,0.002
hsa-miR-20b-5p,FBXO39,,-0.483,0.002
hsa-miR-20b-5p,NSD3,,-0.483,0.002
hsa-miR-93-5p,LLPH,MIRT443708,-0.483,0.002
hsa-miR-338-3p,MACROD2,,-0.483,0.002
hsa-miR-181d-5p,TGFBR2,,-0.483,0.002
hsa-miR-148a-3p,ATP2B4,,-0.482,0.002
hsa-miR-16-5p,NAPEPLD,,-0.482,0.002
hsa-miR-16-5p,DNAJC16,,-0.482,0.002
hsa-miR-224-5p,CDK9,,-0.482,0.002
hsa-let-7d-5p,BACE2,,-0.482,0.002
hsa-miR-200c-3p,KCNJ15,,-0.482,0.002
hsa-miR-144-3p,SIX4,MIRT571647,-0.482,0.002
hsa-miR-15a-5p,IGF1R,,-0.482,0.002
hsa-miR-363-3p,PCGF3,,-0.482,0.002
hsa-miR-185-5p,PARPBP,,-0.481,0.002
hsa-miR-15a-5p,SMAD5,,-0.481,0.002
hsa-miR-107,PAIP2B,,-0.481,0.002
hsa-miR-455-5p,INPP5K,,-0.481,0.002
hsa-miR-30c-5p,NFATC2,,-0.481,0.002
hsa-miR-20b-5p,DIP2A,,-0.481,0.002
hsa-miR-22-3p,STOX2,,-0.481,0.002
hsa-miR-181b-5p,PLCXD3,,-0.481,0.002
hsa-miR-200a-3p,HNMT,,-0.481,0.002
hsa-miR-107,AJUBA,,-0.481,0.002
hsa-miR-185-5p,FRK,,-0.481,0.002
hsa-miR-200c-3p,CDH6,,-0.481,0.002
hsa-let-7b-5p,BCAT1,MIRT052293,-0.481,0.002
hsa-miR-16-5p,NXPE3,,-0.481,0.002
hsa-miR-24-3p,RRP12,MIRT030475,-0.481,0.002
hsa-miR-30e-5p,MARCHF3,,-0.481,0.002
hsa-miR-378c,PLAGL2,,-0.481,0.002
hsa-miR-20b-5p,ENTPD4,MIRT706127,-0.481,0.002
hsa-miR-93-5p,PAK5,,-0.481,0.002
hsa-miR-93-5p,FBXO21,MIRT727672,-0.48,0.002
hsa-miR-15a-5p,XPO7,,-0.48,0.002
hsa-miR-378c,ANKRD52,,-0.48,0.002
hsa-miR-135a-5p,ANGPTL2,,-0.48,0.002
hsa-miR-16-5p,NUP50,MIRT031641,-0.48,0.002
hsa-miR-195-5p,XKR4,,-0.48,0.002
hsa-miR-16-5p,FRS2,,-0.48,0.002
hsa-miR-15a-5p,FUBP1,,-0.48,0.002
hsa-miR-16-5p,PARD6B,,-0.48,0.002
hsa-miR-452-5p,BTF3L4,,-0.48,0.002
hsa-miR-182-5p,ANTXR2,,-0.479,0.002
hsa-miR-24-3p,RAB15,,-0.479,0.002
hsa-miR-18a-5p,FZD3,,-0.479,0.002
hsa-miR-185-5p,VIPAS39,,-0.479,0.002
hsa-miR-15b-5p,VPS37C,,-0.479,0.002
hsa-miR-363-3p,PHLPP2,MIRT555636,-0.479,0.002
hsa-miR-141-3p,NUMBL,,-0.479,0.002
hsa-miR-20b-5p,TET3,MIRT160022,-0.479,0.002
hsa-miR-16-5p,PDLIM5,MIRT032035,-0.479,0.002
hsa-miR-362-5p,IKZF3,,-0.479,0.002
hsa-miR-181b-5p,NMT2,MIRT727077,-0.479,0.002
hsa-miR-185-5p,TANC2,,-0.479,0.002
hsa-miR-363-3p,SLC4A8,,-0.478,0.003
hsa-miR-181b-5p,RAB3C,,-0.478,0.003
hsa-miR-20b-5p,TRIM44,,-0.478,0.003
hsa-miR-425-5p,EPN2,,-0.478,0.003
hsa-miR-20b-5p,SLC25A36,,-0.478,0.003
hsa-miR-452-5p,SPTLC2,,-0.478,0.003
hsa-miR-454-3p,ERBB4,,-0.478,0.003
hsa-miR-18a-5p,BRWD1,,-0.478,0.003
hsa-miR-452-5p,ZNF148,,-0.478,0.003
hsa-miR-532-3p,FDXR,,-0.478,0.003
hsa-miR-18a-5p,NFAT5,,-0.478,0.003
hsa-miR-362-5p,DCX,,-0.478,0.003
hsa-miR-93-5p,ARHGAP12,MIRT027984,-0.478,0.003
hsa-miR-20b-5p,USP31,,-0.477,0.003
hsa-miR-24-3p,RAB3D,,-0.477,0.003
hsa-miR-144-3p,TNKS2,,-0.477,0.003
hsa-miR-18a-5p,NXT2,,-0.477,0.003
hsa-miR-223-3p,POU2F1,,-0.477,0.003
hsa-miR-18a-5p,SYNCRIP,,-0.477,0.003
hsa-miR-24-3p,ATXN7L3,,-0.477,0.003
hsa-miR-30a-5p,BNC2,,-0.477,0.003
hsa-miR-31-5p,GTDC1,,-0.477,0.003
hsa-miR-106a-5p,NTN4,,-0.477,0.003
hsa-miR-193a-5p,GPR39,,-0.477,0.003
hsa-miR-20b-5p,SYTL4,,-0.476,0.003
hsa-miR-16-5p,SLC4A7,,-0.476,0.003
hsa-miR-106a-5p,CD274,,-0.476,0.003
hsa-miR-106a-5p,C16orf72,,-0.476,0.003
hsa-miR-200a-3p,SAMD8,,-0.476,0.003
hsa-miR-16-5p,CCDC6,,-0.476,0.003
hsa-miR-365a-3p,DCUN1D5,,-0.476,0.003
hsa-miR-365b-3p,DCUN1D5,,-0.476,0.003
hsa-miR-195-5p,SHROOM4,,-0.476,0.003
hsa-miR-16-5p,BICD1,,-0.476,0.003
hsa-miR-363-3p,ABI2,,-0.476,0.003
hsa-miR-20b-5p,NFIB,MIRT472282,-0.475,0.003
hsa-miR-18a-5p,NEDD4,,-0.475,0.003
hsa-miR-106a-5p,RORA,MIRT546699,-0.475,0.003
hsa-miR-193b-3p,MYLK,MIRT016318,-0.475,0.003
hsa-miR-15a-5p,PIAS1,,-0.475,0.003
hsa-miR-15a-5p,KIAA0586,,-0.475,0.003
hsa-miR-18a-5p,ANKRD52,,-0.475,0.003
hsa-miR-363-3p,GOLGA8B,MIRT507118,-0.475,0.003
hsa-miR-182-5p,S1PR1,,-0.475,0.003
hsa-let-7b-5p,LYVE1,,-0.475,0.003
hsa-miR-451a,VPS18,,-0.475,0.003
hsa-miR-10a-5p,NONO,,-0.475,0.003
hsa-miR-132-3p,HHIP,,-0.475,0.003
hsa-miR-324-5p,PSME3,MIRT043211,-0.475,0.003
hsa-miR-501-3p,BCL7A,,-0.475,0.003
hsa-miR-18a-5p,MBOAT2,,-0.474,0.003
hsa-miR-18a-5p,PURB,,-0.474,0.003
hsa-miR-363-3p,BICRAL,,-0.474,0.003
hsa-miR-20b-5p,CERS6,,-0.474,0.003
hsa-miR-20b-5p,PPM1A,,-0.474,0.003
hsa-miR-532-3p,RAN,,-0.474,0.003
hsa-let-7c-5p,FZD4,,-0.474,0.003
hsa-miR-30d-5p,SIM1,,-0.474,0.003
hsa-miR-363-3p,NF1,,-0.474,0.003
hsa-miR-363-3p,LCOR,MIRT536394,-0.474,0.003
hsa-miR-454-3p,MAML3,,-0.473,0.003
hsa-miR-17-5p,RUNDC1,MIRT051031,-0.473,0.003
hsa-miR-15a-5p,GPR174,,-0.473,0.003
hsa-miR-363-3p,DOCK5,,-0.473,0.003
hsa-miR-20b-5p,UBXN2A,MIRT088036,-0.473,0.003
hsa-miR-145-5p,SLITRK6,,-0.473,0.003
hsa-miR-22-3p,MON2,,-0.473,0.003
hsa-miR-378c,C1orf21,,-0.473,0.003
hsa-miR-145-5p,PAFAH1B2,,-0.473,0.003
hsa-miR-22-3p,SLC6A17,,-0.473,0.003
hsa-miR-363-3p,TBX3,,-0.473,0.003
hsa-miR-363-3p,SNX30,,-0.473,0.003
hsa-miR-24-3p,PTPRF,MIRT035527,-0.472,0.003
hsa-miR-139-5p,NEXMIF,,-0.472,0.003
hsa-miR-20b-5p,INTS6,,-0.472,0.003
hsa-miR-429,SAMD8,,-0.472,0.003
hsa-miR-185-5p,PAK6,,-0.472,0.003
hsa-miR-146b-5p,QKI,,-0.472,0.003
hsa-miR-15a-5p,AMMECR1L,,-0.472,0.003
hsa-miR-365a-3p,TRIM24,,-0.472,0.003
hsa-miR-365b-3p,TRIM24,,-0.472,0.003
hsa-miR-20b-5p,CYB561D1,,-0.471,0.003
hsa-miR-30a-5p,TBC1D2B,,-0.471,0.003
hsa-miR-339-5p,LSM14B,,-0.471,0.003
hsa-miR-182-5p,NECTIN3,,-0.471,0.003
hsa-miR-93-5p,CEP57,MIRT247080,-0.471,0.003
hsa-miR-16-5p,PCM1,,-0.471,0.003
hsa-miR-223-3p,SETBP1,,-0.471,0.003
hsa-miR-17-5p,SAR1B,,-0.471,0.003
hsa-miR-16-5p,ZNRF2,MIRT320627,-0.471,0.003
hsa-miR-195-5p,FGF2,MIRT211200,-0.471,0.003
hsa-miR-15a-5p,KDSR,,-0.471,0.003
hsa-miR-93-5p,ENPP5,MIRT548393,-0.47,0.003
hsa-miR-185-5p,SLC22A23,,-0.47,0.003
hsa-miR-30a-5p,TRDN,,-0.47,0.003
hsa-miR-93-5p,CPEB3,,-0.47,0.003
hsa-miR-362-5p,THSD4,,-0.47,0.003
hsa-miR-20b-5p,PCDHA7,,-0.47,0.003
hsa-miR-15a-5p,ZBTB10,MIRT545961,-0.47,0.003
hsa-miR-15a-5p,ASB6,,-0.47,0.003
hsa-miR-31-5p,KIF1C,,-0.47,0.003
hsa-miR-18a-5p,RBBP8,,-0.47,0.003
hsa-miR-24-3p,STC2,,-0.47,0.003
hsa-miR-144-3p,MAP3K2,,-0.47,0.003
hsa-miR-15b-5p,CFAP45,,-0.47,0.003
hsa-miR-185-5p,PADI2,,-0.47,0.003
hsa-miR-24-3p,EDAR,,-0.47,0.003
hsa-miR-7-5p,NUDCD3,MIRT025842,-0.47,0.003
hsa-miR-378c,PDPK1,,-0.47,0.003
hsa-miR-24-3p,NEDD4L,MIRT030590,-0.47,0.003
hsa-miR-24-3p,PNPO,,-0.47,0.003
hsa-let-7d-5p,SLCO5A1,,-0.47,0.003
hsa-miR-145-5p,GJB7,,-0.47,0.003
hsa-miR-15a-5p,ENTPD7,MIRT245003,-0.469,0.003
hsa-miR-135a-5p,FOXN3,,-0.469,0.003
hsa-miR-20b-5p,TTPAL,MIRT153478,-0.469,0.003
hsa-miR-1306-5p,ENSA,,-0.469,0.003
hsa-miR-223-3p,ZNF207,,-0.469,0.003
hsa-miR-185-5p,PTPRA,,-0.469,0.003
hsa-miR-20b-5p,RAPH1,,-0.469,0.003
hsa-miR-15a-5p,CDC37L1,MIRT502950,-0.469,0.003
hsa-miR-15a-5p,MBD1,,-0.469,0.003
hsa-miR-16-5p,TBP,MIRT051286,-0.469,0.003
hsa-miR-93-5p,ESR1,,-0.469,0.003
hsa-miR-20b-5p,GAB1,MIRT164206,-0.469,0.003
hsa-miR-378c,SRSF10,,-0.469,0.003
hsa-miR-20b-5p,LYSMD3,MIRT097654,-0.469,0.003
hsa-miR-15a-5p,KLHDC10,MIRT170136,-0.469,0.003
hsa-miR-22-3p,ESR1,MIRT002474,-0.469,0.003
hsa-miR-30e-5p,DCUN1D3,,-0.469,0.003
hsa-let-7d-5p,SLC30A1,,-0.468,0.003
hsa-miR-24-3p,CLCN3,,-0.468,0.003
hsa-let-7b-5p,VGLL3,,-0.468,0.003
hsa-let-7b-5p,PAX3,MIRT052081,-0.468,0.003
hsa-miR-93-5p,CTDSPL2,,-0.468,0.003
hsa-miR-139-5p,BBX,,-0.468,0.003
hsa-miR-378c,AGO1,,-0.468,0.003
hsa-let-7c-5p,ALPK3,,-0.468,0.003
hsa-miR-215-5p,NCOA3,MIRT024566,-0.468,0.003
hsa-miR-106a-5p,CHIC1,,-0.467,0.003
hsa-miR-24-3p,MMAB,,-0.467,0.003
hsa-miR-223-3p,TBC1D17,,-0.467,0.003
hsa-miR-20b-5p,FRK,,-0.467,0.003
hsa-miR-362-5p,IL17RD,,-0.467,0.003
hsa-miR-425-5p,CREBZF,MIRT368061,-0.467,0.003
hsa-miR-106a-5p,WEE1,MIRT048347,-0.467,0.003
hsa-miR-452-5p,RNF111,,-0.467,0.003
hsa-miR-181a-5p,NMT2,MIRT727078,-0.467,0.003
hsa-miR-200b-3p,SCD,,-0.467,0.003
hsa-miR-15a-5p,PLEKHA5,,-0.467,0.003
hsa-miR-20b-5p,GUCY1A1,,-0.467,0.003
hsa-miR-152-3p,AJUBA,,-0.467,0.003
hsa-miR-31-5p,SATB2,MIRT006567,-0.467,0.003
hsa-miR-16-5p,SRGAP1,,-0.467,0.003
hsa-miR-24-3p,TBC1D22B,,-0.467,0.003
hsa-miR-181b-5p,ERG,,-0.466,0.003
hsa-miR-223-3p,ZFP3,,-0.466,0.003
hsa-miR-20b-5p,AGO3,MIRT524981,-0.466,0.003
hsa-miR-107,DYNLL2,,-0.466,0.004
hsa-miR-24-3p,RNF165,,-0.466,0.004
hsa-miR-107,PAK3,,-0.466,0.004
hsa-miR-107,TARDBP,,-0.466,0.004
hsa-miR-193b-3p,DYRK1A,,-0.466,0.004
hsa-miR-15a-5p,AP3M1,MIRT728330,-0.466,0.004
hsa-miR-24-3p,UCK2,MIRT464501,-0.466,0.004
hsa-miR-106a-5p,ZNF805,MIRT201020,-0.466,0.004
hsa-miR-455-5p,EBF1,,-0.466,0.004
hsa-let-7d-5p,FSTL4,,-0.466,0.004
hsa-miR-185-5p,MTSS2,,-0.466,0.004
hsa-miR-15a-5p,TRAM1,MIRT726238,-0.465,0.004
hsa-miR-106a-5p,FSD1L,,-0.465,0.004
hsa-miR-223-3p,PRR14L,,-0.465,0.004
hsa-miR-24-3p,POMGNT1,,-0.465,0.004
hsa-miR-93-5p,PCMTD1,MIRT726991,-0.465,0.004
hsa-miR-196a-5p,HDAC9,,-0.465,0.004
hsa-miR-144-3p,TET2,,-0.465,0.004
hsa-miR-181d-5p,FSTL1,,-0.465,0.004
hsa-miR-16-5p,TNIK,,-0.465,0.004
hsa-miR-185-5p,CNTD1,,-0.465,0.004
hsa-miR-224-5p,ERI2,,-0.465,0.004
hsa-miR-185-5p,FAM168A,,-0.465,0.004
hsa-miR-186-5p,TMED4,,-0.465,0.004
hsa-miR-425-5p,DNAJC27,,-0.465,0.004
hsa-miR-224-5p,AFF3,,-0.465,0.004
hsa-miR-93-5p,TRIM32,MIRT227327,-0.465,0.004
hsa-miR-425-5p,PHIP,,-0.465,0.004
hsa-miR-15a-5p,PHACTR4,,-0.464,0.004
hsa-miR-378c,PTPRT,,-0.464,0.004
hsa-miR-106a-5p,ZBTB41,,-0.464,0.004
hsa-miR-424-5p,AKAP12,,-0.464,0.004
hsa-miR-20b-5p,NR2C2,MIRT522198,-0.464,0.004
hsa-miR-363-3p,OTUD4,,-0.464,0.004
hsa-miR-17-5p,TUSC2,,-0.464,0.004
hsa-miR-106a-5p,MAP3K2,MIRT473815,-0.464,0.004
hsa-miR-107,ZKSCAN1,,-0.464,0.004
hsa-miR-20b-5p,FRZB,,-0.464,0.004
hsa-miR-148a-3p,MMP15,,-0.464,0.004
hsa-miR-224-5p,INTS8,,-0.464,0.004
hsa-miR-378a-3p,ALS2,,-0.463,0.004
hsa-miR-20b-5p,KMT2A,,-0.463,0.004
hsa-miR-143-3p,EFS,,-0.463,0.004
hsa-miR-20b-5p,ARHGAP26,,-0.463,0.004
hsa-miR-193b-3p,CSRNP3,,-0.463,0.004
hsa-miR-107,DSC1,,-0.463,0.004
hsa-miR-15a-5p,ESRP2,,-0.463,0.004
hsa-miR-93-5p,TMEM231,,-0.463,0.004
hsa-miR-20b-5p,ARMC8,,-0.463,0.004
hsa-miR-145-5p,CLINT1,MIRT000678,-0.463,0.004
hsa-miR-378a-3p,REST,MIRT469370,-0.463,0.004
hsa-miR-20b-5p,ERI1,,-0.463,0.004
hsa-miR-20b-5p,ITGB8,,-0.463,0.004
hsa-miR-20b-5p,FAT2,,-0.463,0.004
hsa-miR-18a-5p,CDK2,,-0.463,0.004
hsa-miR-22-3p,CELF1,,-0.463,0.004
hsa-miR-181d-5p,ACER3,,-0.463,0.004
hsa-miR-7-5p,CACNB4,,-0.463,0.004
hsa-miR-15a-5p,MYLK4,,-0.463,0.004
hsa-miR-338-3p,HNF4G,,-0.463,0.004
hsa-miR-18a-5p,ORC2,,-0.463,0.004
hsa-miR-106a-5p,SAR1B,,-0.463,0.004
hsa-miR-326,PIP5KL1,,-0.463,0.004
hsa-miR-20b-5p,PAFAH1B1,MIRT144989,-0.463,0.004
hsa-miR-363-3p,DUS2,MIRT741800,-0.462,0.004
hsa-miR-15b-5p,CCDC88C,MIRT568147,-0.462,0.004
hsa-miR-363-3p,DCAF10,,-0.462,0.004
hsa-miR-20b-5p,FSD1L,,-0.462,0.004
hsa-miR-16-5p,PDIK1L,MIRT248551,-0.462,0.004
hsa-miR-24-3p,TMEM151B,,-0.462,0.004
hsa-miR-20b-5p,RBL1,,-0.462,0.004
hsa-miR-93-5p,PPP6C,MIRT726869,-0.462,0.004
hsa-miR-182-5p,RGS17,,-0.462,0.004
hsa-miR-20b-5p,SRGAP1,,-0.462,0.004
hsa-miR-144-3p,FMR1,,-0.462,0.004
hsa-miR-16-5p,ZBTB43,,-0.462,0.004
hsa-miR-1306-5p,NPAS4,,-0.462,0.004
hsa-miR-24-3p,MBOAT1,MIRT636840,-0.462,0.004
hsa-miR-185-5p,TBC1D20,,-0.462,0.004
hsa-miR-20b-5p,TBCEL,,-0.462,0.004
hsa-miR-331-3p,PDF,,-0.462,0.004
hsa-miR-135b-5p,PLCXD3,,-0.462,0.004
hsa-miR-144-3p,GRSF1,,-0.462,0.004
hsa-miR-181b-5p,LMO3,,-0.462,0.004
hsa-miR-363-3p,SETD1B,,-0.462,0.004
hsa-miR-18a-5p,VMA21,MIRT109229,-0.461,0.004
hsa-miR-145-5p,STMP1,,-0.461,0.004
hsa-let-7b-5p,TMEM233,,-0.461,0.004
hsa-miR-215-5p,KIF1B,,-0.461,0.004
hsa-miR-145-5p,FBXO45,,-0.461,0.004
hsa-miR-16-5p,ZBTB44,,-0.461,0.004
hsa-miR-24-3p,TOP1,MIRT030382,-0.461,0.004
hsa-miR-193b-3p,ERBB4,,-0.461,0.004
hsa-miR-18a-5p,TWF1,MIRT553232,-0.461,0.004
hsa-miR-326,ELK1,,-0.461,0.004
hsa-miR-363-3p,NUFIP2,MIRT547274,-0.461,0.004
hsa-miR-20b-5p,RGS9BP,,-0.461,0.004
hsa-miR-15a-5p,C16orf72,MIRT075891,-0.461,0.004
hsa-miR-16-5p,C1orf21,MIRT031863,-0.461,0.004
hsa-miR-7-5p,PIAS1,,-0.461,0.004
hsa-miR-7-5p,PCGF5,,-0.461,0.004
hsa-miR-107,ESR1,,-0.461,0.004
hsa-miR-145-5p,MARVELD2,,-0.461,0.004
hsa-miR-106a-5p,ANKRD12,,-0.461,0.004
hsa-miR-16-5p,GOLGA1,,-0.46,0.004
hsa-miR-152-3p,PPP1R3B,,-0.46,0.004
hsa-miR-363-3p,CTNNBIP1,,-0.46,0.004
hsa-miR-20b-5p,PHC3,,-0.46,0.004
hsa-miR-7-5p,DPP8,,-0.46,0.004
hsa-miR-324-5p,HNRNPA3,,-0.46,0.004
hsa-miR-93-5p,LDLRAP1,,-0.46,0.004
hsa-miR-452-5p,PPIP5K2,,-0.46,0.004
hsa-miR-16-5p,ZBTB37,,-0.46,0.004
hsa-miR-106a-5p,RAB21,,-0.46,0.004
hsa-miR-93-5p,CAPN7,,-0.46,0.004
hsa-miR-224-5p,ADAM10,,-0.46,0.004
hsa-miR-106a-5p,MECP2,MIRT556161,-0.46,0.004
hsa-miR-186-5p,SYAP1,,-0.46,0.004
hsa-miR-363-3p,NF2,MIRT087454,-0.46,0.004
hsa-miR-139-5p,WDR26,,-0.46,0.004
hsa-miR-339-5p,BEND3,,-0.46,0.004
hsa-miR-7-5p,IPO11,,-0.46,0.004
hsa-miR-106a-5p,ACAP2,,-0.46,0.004
hsa-miR-20b-5p,FRMD4B,,-0.46,0.004
hsa-miR-193b-3p,ARHGAP19,MIRT016589,-0.46,0.004
hsa-miR-21-5p,RDX,,-0.459,0.004
hsa-miR-106a-5p,TMEM168,,-0.459,0.004
hsa-miR-106a-5p,BRWD1,,-0.459,0.004
hsa-miR-365a-3p,PHF12,,-0.459,0.004
hsa-miR-365b-3p,PHF12,,-0.459,0.004
hsa-miR-378c,ZNF652,,-0.459,0.004
hsa-miR-34c-5p,RRAGD,MIRT521319,-0.459,0.004
hsa-miR-193a-5p,EIF2B2,,-0.459,0.004
hsa-miR-20b-5p,GNA11,,-0.459,0.004
hsa-miR-193b-3p,SRSF6,,-0.459,0.004
hsa-miR-378a-3p,SGCZ,,-0.459,0.004
hsa-miR-378c,DUSP8,,-0.459,0.004
hsa-miR-20b-5p,ABHD2,MIRT073382,-0.459,0.004
hsa-miR-224-5p,RIOK3,,-0.459,0.004
hsa-miR-224-5p,C1orf52,,-0.459,0.004
hsa-miR-20b-5p,SFXN5,,-0.459,0.004
hsa-miR-7-5p,GLI3,,-0.459,0.004
hsa-miR-145-5p,GNB1,,-0.459,0.004
hsa-miR-378c,SYT12,,-0.459,0.004
hsa-miR-24-3p,IFFO2,,-0.459,0.004
hsa-miR-24-3p,COL26A1,,-0.458,0.004
hsa-miR-7-5p,TADA2B,,-0.458,0.004
hsa-miR-7-5p,SEC23IP,,-0.458,0.004
hsa-miR-135b-5p,SETD7,,-0.458,0.004
hsa-miR-139-5p,AP3M1,,-0.458,0.004
hsa-miR-15a-5p,CNKSR3,MIRT558664,-0.458,0.004
hsa-miR-365a-3p,ADAM10,,-0.458,0.004
hsa-miR-365b-3p,ADAM10,,-0.458,0.004
hsa-miR-425-5p,DUSP16,,-0.458,0.004
hsa-miR-423-5p,MYO1D,,-0.458,0.004
hsa-miR-378a-3p,QSER1,,-0.458,0.004
hsa-miR-20b-5p,PALLD,,-0.458,0.004
hsa-miR-15a-5p,TBL1XR1,MIRT726356,-0.458,0.004
hsa-miR-139-5p,CLYBL,,-0.458,0.004
hsa-miR-452-5p,TMEM255A,,-0.458,0.004
hsa-miR-7-5p,SMNDC1,,-0.458,0.004
hsa-miR-107,KIF5A,,-0.458,0.004
hsa-miR-106a-5p,SMAD1,,-0.458,0.004
hsa-miR-106a-5p,FEM1C,MIRT498166,-0.458,0.004
hsa-miR-363-3p,ZDHHC21,MIRT499088,-0.458,0.004
hsa-miR-424-5p,ANO3,,-0.458,0.004
hsa-miR-410-3p,GRIN2B,,-0.458,0.004
hsa-miR-378a-3p,NUFIP2,,-0.457,0.004
hsa-miR-425-5p,SRSF11,,-0.457,0.004
hsa-miR-15a-5p,SOCS5,MIRT302825,-0.457,0.004
hsa-miR-20b-5p,COX20,,-0.457,0.004
hsa-miR-185-5p,SLC35C2,,-0.457,0.004
hsa-miR-326,LRRC20,,-0.457,0.004
hsa-miR-20b-5p,DNAJB9,MIRT102298,-0.457,0.004
hsa-miR-378c,CBX5,,-0.457,0.004
hsa-miR-1306-5p,DYNLL2,,-0.457,0.004
hsa-miR-24-3p,NEMP2,,-0.457,0.004
hsa-miR-378c,ALS2,,-0.457,0.004
hsa-miR-106a-5p,KPNA5,,-0.457,0.004
hsa-miR-363-3p,TTC14,,-0.457,0.004
hsa-miR-135a-5p,FOXN2,,-0.457,0.004
hsa-let-7b-5p,RDX,MIRT032442,-0.457,0.004
hsa-miR-378c,GRIK3,,-0.457,0.004
hsa-miR-20b-5p,SLK,MIRT726497,-0.456,0.004
hsa-miR-454-3p,FBXW11,,-0.456,0.004
hsa-miR-378c,RAB11A,,-0.456,0.004
hsa-miR-18a-5p,JMY,MIRT657094,-0.456,0.004
hsa-let-7d-5p,SRD5A3,,-0.456,0.004
hsa-miR-93-5p,SLC16A9,MIRT437750,-0.456,0.004
hsa-miR-362-5p,FBXO3,,-0.456,0.004
hsa-miR-223-3p,CDYL,,-0.456,0.004
hsa-miR-24-3p,DALRD3,,-0.456,0.004
hsa-miR-16-5p,HELZ,MIRT031728,-0.456,0.004
hsa-miR-16-5p,WNK3,MIRT564986,-0.456,0.004
hsa-miR-139-5p,SCAPER,,-0.456,0.004
hsa-miR-185-5p,BMF,,-0.456,0.004
hsa-miR-107,MCFD2,,-0.456,0.004
hsa-miR-106a-5p,DGKH,,-0.456,0.004
hsa-miR-223-3p,RALGPS2,,-0.456,0.004
hsa-miR-15a-5p,CCDC85C,,-0.456,0.004
hsa-miR-18a-5p,PNISR,MIRT521853,-0.456,0.004
hsa-miR-16-5p,AMMECR1L,,-0.455,0.004
hsa-miR-16-5p,PAFAH1B2,MIRT001434,-0.455,0.004
hsa-miR-15a-5p,MIGA1,MIRT727701,-0.455,0.004
hsa-miR-16-5p,BAG5,,-0.455,0.004
hsa-miR-107,HACD3,,-0.455,0.005
hsa-miR-181c-5p,DMTN,,-0.455,0.005
hsa-miR-24-3p,SHROOM2,,-0.455,0.005
hsa-miR-18a-5p,ZNF618,,-0.455,0.005
hsa-miR-532-3p,DDOST,MIRT750333,-0.455,0.005
hsa-miR-16-5p,KMT2A,MIRT031581,-0.455,0.005
hsa-miR-145-5p,SET,MIRT732467,-0.455,0.005
hsa-miR-195-5p,TACC1,,-0.455,0.005
hsa-miR-362-5p,LARP4B,,-0.454,0.005
hsa-let-7d-5p,PGM2L1,MIRT471270,-0.454,0.005
hsa-miR-17-5p,FAM3C,,-0.454,0.005
hsa-miR-15a-5p,PELI2,,-0.454,0.005
hsa-miR-16-5p,MYEF2,,-0.454,0.005
hsa-miR-22-3p,MPZL3,,-0.454,0.005
hsa-miR-338-3p,ZNF607,,-0.454,0.005
hsa-miR-7-5p,SLC4A5,,-0.454,0.005
hsa-miR-20b-5p,MOSMO,MIRT283182,-0.454,0.005
hsa-miR-106a-5p,AGO3,MIRT524982,-0.454,0.005
hsa-miR-532-3p,CBX1,,-0.454,0.005
hsa-miR-532-3p,TBL2,,-0.454,0.005
hsa-miR-185-5p,SLA2,,-0.454,0.005
hsa-miR-16-5p,GALNT7,MIRT001466,-0.454,0.005
hsa-miR-20b-5p,FAM199X,,-0.454,0.005
hsa-miR-193a-5p,PCDHA4,,-0.454,0.005
hsa-miR-24-3p,CMTM4,MIRT030538,-0.454,0.005
hsa-miR-93-5p,TWF1,MIRT726213,-0.454,0.005
hsa-miR-15a-5p,LRP2,,-0.453,0.005
hsa-miR-30c-5p,HCN1,,-0.453,0.005
hsa-miR-93-5p,FOXJ3,MIRT028051,-0.453,0.005
hsa-miR-18a-5p,TMEM248,,-0.453,0.005
hsa-let-7b-5p,GALNT15,,-0.453,0.005
hsa-miR-652-3p,NXF1,,-0.453,0.005
hsa-miR-193b-3p,SNX22,,-0.453,0.005
hsa-miR-152-3p,MAP4K2,,-0.453,0.005
hsa-miR-148a-3p,SNX3,,-0.453,0.005
hsa-miR-20b-5p,SRSF12,,-0.453,0.005
hsa-miR-16-5p,HECTD4,,-0.453,0.005
hsa-miR-93-5p,TMEM168,MIRT027960,-0.453,0.005
hsa-miR-7-5p,PPIL6,,-0.453,0.005
hsa-miR-135b-5p,SPOCK1,,-0.453,0.005
hsa-miR-200a-3p,SAR1A,,-0.452,0.005
hsa-miR-18a-5p,INO80D,,-0.452,0.005
hsa-miR-34c-5p,PDE3A,,-0.452,0.005
hsa-miR-135b-5p,GUCY1A2,,-0.452,0.005
hsa-miR-106a-5p,LZIC,MIRT506683,-0.452,0.005
hsa-miR-107,HLF,,-0.452,0.005
hsa-miR-20b-5p,NCOA3,MIRT153625,-0.452,0.005
hsa-miR-144-3p,TANC2,,-0.452,0.005
hsa-miR-20b-5p,ZBTB18,MIRT064804,-0.452,0.005
hsa-miR-20b-5p,IKZF4,,-0.452,0.005
hsa-miR-452-5p,KLF12,,-0.452,0.005
hsa-miR-532-3p,UBE2Z,,-0.452,0.005
hsa-miR-20b-5p,PCDHA12,,-0.452,0.005
hsa-miR-20b-5p,FSTL4,,-0.452,0.005
hsa-miR-106a-5p,SLC38A1,,-0.452,0.005
hsa-miR-223-3p,ATP2B1,,-0.451,0.005
hsa-miR-193a-5p,LYRM4,,-0.451,0.005
hsa-miR-16-5p,ZMAT3,MIRT500423,-0.451,0.005
hsa-miR-20b-5p,SLC1A2,,-0.451,0.005
hsa-miR-15a-5p,TTC14,,-0.451,0.005
hsa-miR-326,GOLGA7B,,-0.451,0.005
hsa-miR-501-3p,ADCY2,,-0.451,0.005
hsa-miR-16-5p,WAPL,,-0.451,0.005
hsa-miR-129-5p,VTI1B,,-0.451,0.005
hsa-miR-18a-5p,EXPH5,MIRT732630,-0.451,0.005
hsa-miR-30c-5p,ITGB3,MIRT007133,-0.451,0.005
hsa-miR-34c-5p,ANK2,,-0.451,0.005
hsa-miR-7-5p,SLC25A15,MIRT025968,-0.451,0.005
hsa-miR-362-5p,QSOX1,,-0.451,0.005
hsa-miR-186-5p,MAPK6,,-0.451,0.005
hsa-miR-22-3p,CISH,,-0.451,0.005
hsa-miR-223-3p,CBX5,,-0.451,0.005
hsa-miR-338-3p,PDIK1L,,-0.451,0.005
hsa-miR-532-3p,NPAS4,,-0.45,0.005
hsa-miR-16-5p,WDR47,,-0.45,0.005
hsa-miR-24-3p,PIGV,,-0.45,0.005
hsa-miR-326,NONO,,-0.45,0.005
hsa-let-7d-5p,PARD6B,,-0.45,0.005
hsa-miR-93-5p,SLC39A9,,-0.45,0.005
hsa-miR-29b-3p,ORAI2,,-0.45,0.005
hsa-miR-106a-5p,BMP2K,,-0.45,0.005
hsa-miR-106a-5p,RLIM,MIRT541094,-0.45,0.005
hsa-miR-16-5p,TOGARAM1,,-0.45,0.005
hsa-miR-139-5p,XPO4,,-0.45,0.005
hsa-miR-23b-3p,EGR3,,-0.45,0.005
hsa-miR-181b-5p,ANK1,,-0.45,0.005
hsa-miR-18a-5p,EHMT1,,-0.45,0.005
hsa-miR-378c,IGF1R,,-0.45,0.005
hsa-miR-363-3p,C18orf25,,-0.45,0.005
hsa-miR-24-3p,B3GALT5,,-0.45,0.005
hsa-let-7e-5p,RPUSD2,,-0.449,0.005
hsa-miR-18a-5p,EPHA7,,-0.449,0.005
hsa-miR-143-3p,FAM83G,,-0.449,0.005
hsa-miR-452-5p,SMAD2,,-0.449,0.005
hsa-miR-20b-5p,SLC6A9,,-0.449,0.005
hsa-miR-107,PDIK1L,,-0.449,0.005
hsa-miR-24-3p,CD164L2,,-0.449,0.005
hsa-miR-143-3p,VWA1,,-0.449,0.005
hsa-miR-454-3p,CCDC6,,-0.449,0.005
hsa-miR-93-5p,GRHL2,,-0.449,0.005
hsa-miR-185-5p,SPATA2,MIRT467327,-0.449,0.005
hsa-miR-501-3p,YY1,,-0.449,0.005
hsa-let-7d-5p,ARFGEF3,,-0.449,0.005
hsa-miR-135a-5p,QKI,,-0.448,0.005
hsa-miR-139-5p,BBC3,,-0.448,0.005
hsa-miR-493-5p,CRTAP,,-0.448,0.005
hsa-miR-363-3p,PAPOLA,,-0.448,0.005
hsa-miR-107,MAP2K6,,-0.448,0.005
hsa-miR-363-3p,SEC31B,,-0.448,0.005
hsa-miR-135a-5p,HOXA10,MIRT006793,-0.448,0.005
hsa-miR-15b-5p,FAM110C,,-0.448,0.005
hsa-miR-15a-5p,USP44,,-0.448,0.005
hsa-miR-185-5p,PLEKHG3,,-0.448,0.005
hsa-miR-20b-5p,YOD1,MIRT533093,-0.448,0.005
hsa-miR-186-5p,HNRNPU,MIRT045256,-0.448,0.005
hsa-miR-181b-5p,EPB41L3,,-0.448,0.005
hsa-miR-185-5p,DAB2IP,,-0.448,0.005
hsa-miR-144-3p,TP53INP1,,-0.447,0.005
hsa-miR-93-5p,TMEM123,MIRT726309,-0.447,0.005
hsa-miR-193b-3p,ZNF248,,-0.447,0.006
hsa-miR-326,TNC,,-0.447,0.006
hsa-let-7g-5p,GALNT2,,-0.447,0.006
hsa-miR-106a-5p,RYBP,,-0.447,0.006
hsa-miR-20b-5p,NOL4,,-0.447,0.006
hsa-let-7c-5p,SMIM3,,-0.447,0.006
hsa-miR-15a-5p,ENAH,,-0.447,0.006
hsa-miR-15a-5p,CIAPIN1,,-0.447,0.006
hsa-miR-106a-5p,UBN2,,-0.447,0.006
hsa-miR-24-3p,LIG3,,-0.447,0.006
hsa-miR-378a-3p,TENT4B,,-0.447,0.006
hsa-miR-106a-5p,ABL2,,-0.447,0.006
hsa-miR-106a-5p,LCOR,,-0.446,0.006
hsa-miR-139-5p,KAT6A,,-0.446,0.006
hsa-miR-15a-5p,KMT2A,,-0.446,0.006
hsa-miR-24-3p,SEMA4A,,-0.446,0.006
hsa-miR-365a-3p,MAPK1IP1L,,-0.446,0.006
hsa-miR-365b-3p,MAPK1IP1L,,-0.446,0.006
hsa-miR-93-5p,PHF1,,-0.446,0.006
hsa-miR-17-5p,SLC39A6,,-0.446,0.006
hsa-miR-342-3p,JCAD,,-0.446,0.006
hsa-miR-107,KCNC4,,-0.446,0.006
hsa-miR-20b-5p,PTCHD1,,-0.446,0.006
hsa-miR-378c,WDR37,,-0.446,0.006
hsa-miR-24-3p,PLA2G2C,,-0.446,0.006
hsa-miR-424-5p,TLCD2,,-0.446,0.006
hsa-miR-16-5p,SIAH1,,-0.446,0.006
hsa-miR-378a-3p,ZNF507,,-0.446,0.006
hsa-miR-326,CNBP,,-0.446,0.006
hsa-miR-185-5p,CEMIP,,-0.446,0.006
hsa-miR-363-3p,POLK,,-0.446,0.006
hsa-miR-326,SH3BP4,,-0.446,0.006
hsa-miR-16-5p,HMGXB4,,-0.445,0.006
hsa-let-7c-5p,TMC7,,-0.445,0.006
hsa-miR-378c,COQ10B,,-0.445,0.006
hsa-miR-363-3p,AATK,,-0.445,0.006
hsa-miR-93-5p,MYCL,,-0.445,0.006
hsa-miR-501-3p,SBNO1,,-0.445,0.006
hsa-miR-15a-5p,PAK5,,-0.445,0.006
hsa-miR-143-3p,VMP1,,-0.445,0.006
hsa-miR-501-3p,ABI2,,-0.445,0.006
hsa-miR-185-5p,OSBP2,,-0.445,0.006
hsa-miR-106a-5p,SMIM14,,-0.445,0.006
hsa-miR-107,YTHDC1,MIRT505118,-0.445,0.006
hsa-miR-1306-5p,ETNK2,,-0.445,0.006
hsa-miR-454-3p,TARDBP,,-0.445,0.006
hsa-miR-15b-5p,PIM3,,-0.445,0.006
hsa-miR-186-5p,ZNF710,,-0.445,0.006
hsa-miR-425-5p,GPATCH2L,,-0.445,0.006
hsa-miR-381-3p,DDR2,,-0.445,0.006
hsa-miR-7-5p,PIGH,MIRT025861,-0.445,0.006
hsa-miR-20b-5p,MYO9A,,-0.444,0.006
hsa-miR-132-3p,KCNJ12,,-0.444,0.006
hsa-miR-454-3p,RPS6KA5,MIRT546654,-0.444,0.006
hsa-miR-30c-5p,CCDC71L,MIRT704914,-0.444,0.006
hsa-miR-15a-5p,RUBCNL,,-0.444,0.006
hsa-miR-7-5p,SATB1,,-0.444,0.006
hsa-miR-106a-5p,TMEM50B,,-0.444,0.006
hsa-miR-144-3p,TGFA,,-0.444,0.006
hsa-miR-18a-5p,BBX,,-0.444,0.006
hsa-miR-29b-3p,CDCA4,,-0.444,0.006
hsa-miR-144-3p,KMT2E,,-0.444,0.006
hsa-miR-93-5p,DENND11,MIRT506871,-0.444,0.006
hsa-miR-363-3p,CEP41,,-0.444,0.006
hsa-miR-363-3p,UBE2G1,,-0.444,0.006
hsa-miR-7-5p,ZNF75A,,-0.444,0.006
hsa-miR-16-5p,CLOCK,,-0.444,0.006
hsa-let-7c-5p,CADM2,,-0.443,0.006
hsa-miR-324-5p,ARF3,,-0.443,0.006
hsa-miR-186-5p,PSMD12,,-0.443,0.006
hsa-let-7b-5p,BTG2,MIRT052067,-0.443,0.006
hsa-let-7d-5p,ETNK2,,-0.443,0.006
hsa-miR-22-3p,ZFP91,,-0.443,0.006
hsa-miR-96-5p,NAT8L,,-0.443,0.006
hsa-miR-130a-3p,TSPAN3,MIRT553312,-0.443,0.006
hsa-miR-140-5p,NAA20,,-0.443,0.006
hsa-miR-204-5p,IGF2BP3,,-0.443,0.006
hsa-miR-106a-5p,MRTFB,,-0.443,0.006
hsa-miR-363-3p,ATP7A,,-0.443,0.006
hsa-miR-24-3p,DHX33,,-0.443,0.006
hsa-miR-17-5p,ZBTB18,MIRT064794,-0.443,0.006
hsa-miR-93-5p,PPP6R3,MIRT060498,-0.443,0.006
hsa-miR-107,SF1,,-0.443,0.006
hsa-miR-20b-5p,WDFY3,,-0.443,0.006
hsa-miR-7-5p,GLG1,,-0.443,0.006
hsa-miR-195-5p,STXBP1,,-0.443,0.006
hsa-miR-15a-5p,MINDY2,,-0.443,0.006
hsa-miR-15a-5p,DIAPH1,MIRT737936,-0.443,0.006
hsa-miR-16-5p,ANKIB1,,-0.443,0.006
hsa-miR-24-3p,CBX5,,-0.443,0.006
hsa-miR-326,PCP4L1,,-0.443,0.006
hsa-miR-326,FAM83F,,-0.443,0.006
hsa-miR-24-3p,PSKH1,,-0.442,0.006
hsa-miR-107,ACVR2B,MIRT091841,-0.442,0.006
hsa-miR-15a-5p,BACH2,,-0.442,0.006
hsa-miR-106a-5p,PCNP,,-0.442,0.006
hsa-miR-106a-5p,KIAA0232,MIRT213323,-0.442,0.006
hsa-miR-20b-5p,ZFYVE16,,-0.442,0.006
hsa-miR-106a-5p,SLC25A36,,-0.442,0.006
hsa-miR-93-5p,FRS2,MIRT028121,-0.442,0.006
hsa-miR-16-5p,AREL1,,-0.442,0.006
hsa-miR-223-3p,PHF20L1,,-0.442,0.006
hsa-miR-185-5p,MYO18A,,-0.442,0.006
hsa-miR-106a-5p,ZFYVE16,,-0.442,0.006
hsa-miR-106a-5p,UBE2W,,-0.442,0.006
hsa-miR-542-3p,TLR4,,-0.442,0.006
hsa-miR-22-3p,MTHFD2,,-0.442,0.006
hsa-miR-24-3p,TMEM178B,,-0.442,0.006
hsa-miR-106a-5p,CTDSPL2,,-0.442,0.006
hsa-miR-454-3p,GLRA3,,-0.442,0.006
hsa-let-7b-5p,PLXNA2,,-0.441,0.006
hsa-miR-224-5p,KIF6,,-0.441,0.006
hsa-miR-15b-5p,AMMECR1,,-0.441,0.006
hsa-miR-200a-3p,STX7,,-0.441,0.006
hsa-miR-20b-5p,KIF3B,,-0.441,0.006
hsa-miR-24-3p,NFXL1,,-0.441,0.006
hsa-miR-22-3p,DUSP13,,-0.441,0.006
hsa-miR-106a-5p,ATE1,,-0.441,0.006
hsa-miR-29c-3p,UNC13B,,-0.441,0.006
hsa-miR-378a-3p,ARL10,,-0.441,0.006
hsa-miR-452-5p,ELAVL2,,-0.441,0.006
hsa-miR-486-5p,SORCS1,,-0.441,0.006
hsa-miR-186-5p,CREG2,,-0.441,0.006
hsa-miR-16-5p,MTMR11,,-0.441,0.006
hsa-miR-363-3p,TUB,,-0.441,0.006
hsa-miR-193b-3p,JADE2,,-0.441,0.006
hsa-miR-15b-5p,KIF5C,,-0.441,0.006
hsa-miR-186-5p,GFRA1,,-0.441,0.006
hsa-miR-107,RPS6KA5,,-0.441,0.006
hsa-miR-24-3p,LIMK2,,-0.441,0.006
hsa-miR-107,MYH9,,-0.441,0.006
hsa-miR-144-3p,ZBTB37,,-0.441,0.006
hsa-miR-16-5p,NPEPPS,,-0.441,0.006
hsa-miR-193b-3p,SMIM14,MIRT518284,-0.44,0.006
hsa-miR-30c-5p,LYN,,-0.44,0.006
hsa-miR-224-5p,INO80D,,-0.44,0.006
hsa-miR-144-3p,TBL1XR1,,-0.44,0.006
hsa-miR-17-5p,ARL1,MIRT728313,-0.44,0.006
hsa-miR-33b-5p,PIK3R3,,-0.44,0.006
hsa-miR-22-3p,ARHGEF26,MIRT763955,-0.44,0.006
hsa-miR-19b-3p,KCNS2,,-0.44,0.007
hsa-miR-144-3p,CPEB3,,-0.44,0.007
hsa-miR-224-5p,ZNF507,,-0.44,0.007
hsa-miR-146b-5p,ACER3,,-0.44,0.007
hsa-miR-532-3p,ZNF48,,-0.44,0.007
hsa-miR-106a-5p,KLHL28,MIRT474421,-0.44,0.007
hsa-miR-20b-5p,SACS,MIRT726669,-0.44,0.007
hsa-miR-93-5p,IL1RAP,,-0.44,0.007
hsa-miR-145-5p,UBTF,,-0.44,0.007
hsa-miR-185-5p,DTX3L,,-0.44,0.007
hsa-miR-193a-5p,SLC30A5,,-0.44,0.007
hsa-miR-107,TSPAN5,,-0.44,0.007
hsa-miR-24-3p,GBA2,MIRT476461,-0.439,0.007
hsa-miR-181b-5p,SHE,,-0.439,0.007
hsa-miR-425-5p,PHF12,,-0.439,0.007
hsa-miR-16-5p,TNRC6B,MIRT031862,-0.439,0.007
hsa-miR-338-3p,CADM1,,-0.439,0.007
hsa-miR-20b-5p,UBE2J1,,-0.439,0.007
hsa-miR-135a-5p,ANKRD40,,-0.439,0.007
hsa-miR-139-5p,GTF2A1,,-0.439,0.007
hsa-miR-181b-5p,NRP1,,-0.439,0.007
hsa-miR-15a-5p,RNF24,,-0.439,0.007
hsa-miR-93-5p,NTN4,,-0.439,0.007
hsa-miR-1-3p,DDX5,MIRT002799,-0.439,0.007
hsa-miR-363-3p,AGO3,,-0.439,0.007
hsa-miR-421,CNOT6L,,-0.439,0.007
hsa-miR-363-3p,NFATC2IP,,-0.439,0.007
hsa-miR-365a-3p,PAX2,,-0.439,0.007
hsa-miR-365b-3p,PAX2,,-0.439,0.007
hsa-miR-424-5p,PLXNA2,,-0.439,0.007
hsa-miR-93-5p,GXYLT1,,-0.439,0.007
hsa-miR-223-3p,ZFX,,-0.439,0.007
hsa-miR-15a-5p,CYLD,MIRT727910,-0.438,0.007
hsa-miR-98-5p,RPUSD2,,-0.438,0.007
hsa-miR-31-5p,SYDE1,,-0.438,0.007
hsa-miR-7-5p,NR2C1,,-0.438,0.007
hsa-miR-21-5p,SOX6,,-0.438,0.007
hsa-miR-20b-5p,MYCN,,-0.438,0.007
hsa-miR-326,DNAJB12,,-0.438,0.007
hsa-miR-20b-5p,JPT1,,-0.438,0.007
hsa-miR-16-5p,AHCYL2,MIRT031640,-0.438,0.007
hsa-miR-363-3p,VPS54,,-0.438,0.007
hsa-miR-363-3p,DSC2,,-0.438,0.007
hsa-miR-9-5p,POU6F2,,-0.438,0.007
hsa-miR-145-5p,PSD3,,-0.438,0.007
hsa-miR-15a-5p,STAG1,,-0.438,0.007
hsa-miR-15a-5p,ETV1,,-0.438,0.007
hsa-miR-93-5p,LRATD2,,-0.438,0.007
hsa-miR-200c-3p,PRDM16,,-0.438,0.007
hsa-miR-200c-3p,SAMD8,,-0.438,0.007
hsa-miR-301a-3p,VAPA,,-0.438,0.007
hsa-miR-15a-5p,RAB9A,,-0.438,0.007
hsa-miR-93-5p,TPRG1L,MIRT055021,-0.438,0.007
hsa-miR-106a-5p,EFCAB14,MIRT562427,-0.438,0.007
hsa-miR-193b-3p,STX16,MIRT041539,-0.438,0.007
hsa-miR-16-5p,FAM110C,,-0.438,0.007
hsa-miR-182-5p,CLIC5,,-0.438,0.007
hsa-miR-24-3p,CSK,MIRT030606,-0.437,0.007
hsa-miR-7-5p,PSEN1,,-0.437,0.007
hsa-miR-106a-5p,PKN2,,-0.437,0.007
hsa-miR-501-3p,CBFA2T2,,-0.437,0.007
hsa-miR-106a-5p,G3BP1,,-0.437,0.007
hsa-miR-9-5p,MYO1C,MIRT760919,-0.437,0.007
hsa-miR-362-5p,CHRM3,,-0.437,0.007
hsa-miR-93-5p,PKIA,,-0.437,0.007
hsa-miR-132-3p,SDC2,,-0.437,0.007
hsa-miR-200b-3p,PLPPR4,,-0.437,0.007
hsa-miR-378c,NPAS4,,-0.437,0.007
hsa-miR-24-3p,NEK4,,-0.437,0.007
hsa-miR-181b-5p,FSTL1,,-0.437,0.007
hsa-miR-20b-5p,KPNA5,,-0.437,0.007
hsa-miR-106a-5p,ANKRD13C,,-0.437,0.007
hsa-miR-107,PLEKHA7,,-0.437,0.007
hsa-miR-193b-3p,DIO2,,-0.437,0.007
hsa-miR-223-3p,VHL,,-0.437,0.007
hsa-miR-24-3p,NFASC,,-0.437,0.007
hsa-miR-106a-5p,SLC25A44,MIRT266855,-0.437,0.007
hsa-miR-145-5p,HOXC11,,-0.437,0.007
hsa-miR-326,DRD2,,-0.437,0.007
hsa-miR-425-5p,XPO4,,-0.437,0.007
hsa-miR-15a-5p,PCDHA4,,-0.437,0.007
hsa-miR-96-5p,POU6F2,,-0.436,0.007
hsa-miR-17-5p,PCDHA4,,-0.436,0.007
hsa-miR-378a-3p,MEF2D,,-0.436,0.007
hsa-let-7e-5p,SLC25A4,,-0.436,0.007
hsa-miR-106a-5p,TNRC6C,,-0.436,0.007
hsa-miR-1-3p,CASK,,-0.436,0.007
hsa-miR-145-5p,KPNB1,,-0.436,0.007
hsa-let-7d-5p,RNF7,,-0.436,0.007
hsa-miR-24-3p,WAPL,,-0.436,0.007
hsa-miR-24-3p,RANBP10,,-0.436,0.007
hsa-miR-20b-5p,STAT3,MIRT000497,-0.436,0.007
hsa-miR-24-3p,WNT8B,,-0.436,0.007
hsa-miR-186-5p,FOXK2,,-0.436,0.007
hsa-miR-326,LRP10,,-0.436,0.007
hsa-miR-16-5p,SCN3A,,-0.436,0.007
hsa-miR-20b-5p,MFSD9,,-0.436,0.007
hsa-miR-15a-5p,MSL1,MIRT234342,-0.436,0.007
hsa-let-7e-5p,ETNK2,,-0.436,0.007
hsa-miR-410-3p,PDZD2,,-0.436,0.007
hsa-miR-139-5p,KLHL23,,-0.436,0.007
hsa-miR-100-5p,CYP26B1,,-0.436,0.007
hsa-miR-181b-5p,MTURN,,-0.436,0.007
hsa-miR-7-5p,UBLCP1,,-0.436,0.007
hsa-miR-17-5p,TMEM50B,,-0.436,0.007
hsa-miR-24-3p,GSK3B,,-0.436,0.007
hsa-miR-24-3p,CDC14A,,-0.436,0.007
hsa-miR-223-3p,POLR1C,,-0.435,0.007
hsa-miR-365a-3p,NUCKS1,MIRT542866,-0.435,0.007
hsa-miR-365b-3p,NUCKS1,MIRT542867,-0.435,0.007
hsa-miR-182-5p,PHLDB1,,-0.435,0.007
hsa-miR-186-5p,SLC16A9,,-0.435,0.007
hsa-miR-452-5p,ANKRD10,,-0.435,0.007
hsa-miR-107,SETD1B,MIRT270553,-0.435,0.007
hsa-miR-20b-5p,TRIM71,,-0.435,0.007
hsa-let-7d-5p,SLC30A7,,-0.435,0.007
hsa-miR-15b-5p,GRAMD2A,,-0.435,0.007
hsa-miR-363-3p,MEF2D,,-0.435,0.007
hsa-miR-501-3p,NDRG3,,-0.435,0.007
hsa-miR-24-3p,FREM2,,-0.435,0.007
hsa-miR-30c-5p,CYSLTR1,,-0.435,0.007
hsa-miR-144-3p,CUL3,,-0.435,0.007
hsa-miR-1-3p,PTBP1,MIRT001345,-0.435,0.007
hsa-miR-223-3p,ERO1B,,-0.435,0.007
hsa-miR-200b-3p,PLPP3,,-0.435,0.007
hsa-miR-106b-5p,FAM126B,MIRT440687,-0.435,0.007
hsa-miR-454-3p,RAB5B,MIRT065898,-0.435,0.007
hsa-let-7b-5p,FIGN,MIRT507244,-0.435,0.007
hsa-miR-195-5p,MRAS,,-0.435,0.007
hsa-miR-93-5p,PPM1A,,-0.434,0.007
hsa-miR-421,NCBP3,,-0.434,0.007
hsa-miR-15a-5p,NECTIN1,,-0.434,0.007
hsa-miR-30a-5p,SAMD4A,,-0.434,0.007
hsa-miR-363-3p,NUCKS1,MIRT542864,-0.434,0.007
hsa-miR-1-3p,POGK,MIRT002759,-0.434,0.007
hsa-miR-186-5p,SAMD12,,-0.434,0.007
hsa-miR-363-3p,RSBN1,MIRT505826,-0.434,0.007
hsa-miR-107,PPIG,MIRT506114,-0.434,0.007
hsa-miR-501-3p,TIMM8A,,-0.434,0.007
hsa-miR-532-3p,PTP4A1,,-0.434,0.007
hsa-miR-93-5p,RPS6KA5,MIRT048811,-0.434,0.007
hsa-miR-24-3p,AREL1,,-0.434,0.007
hsa-miR-24-3p,REEP1,,-0.434,0.007
hsa-miR-424-5p,CNKSR2,,-0.434,0.007
hsa-miR-106a-5p,VPS26A,,-0.434,0.007
hsa-miR-15a-5p,YRDC,MIRT552744,-0.434,0.007
hsa-miR-195-5p,KSR1,,-0.434,0.007
hsa-miR-200c-3p,ADIPOR2,,-0.434,0.007
hsa-miR-30e-5p,ELMO1,,-0.434,0.007
hsa-miR-22-3p,FBXL13,,-0.434,0.007
hsa-miR-24-3p,CENPP,,-0.433,0.007
hsa-miR-193b-3p,KCNJ2,,-0.433,0.007
hsa-miR-16-5p,NCKAP1,MIRT566652,-0.433,0.007
hsa-let-7b-5p,HAS2,,-0.433,0.007
hsa-miR-139-5p,KBTBD8,,-0.433,0.007
hsa-miR-193b-3p,TMEM260,,-0.433,0.007
hsa-miR-145-5p,ASPHD2,,-0.433,0.007
hsa-miR-330-3p,KIAA1614,,-0.433,0.007
hsa-miR-24-3p,TGIF2,,-0.433,0.007
hsa-miR-107,DLG5,,-0.433,0.007
hsa-let-7e-5p,IDH2,,-0.433,0.008
hsa-miR-196a-5p,BNC2,,-0.433,0.008
hsa-miR-195-5p,SOX5,,-0.433,0.008
hsa-miR-24-3p,ERBB3,MIRT030589,-0.433,0.008
hsa-miR-93-5p,ZSCAN25,,-0.433,0.008
hsa-miR-200b-3p,SORT1,,-0.433,0.008
hsa-miR-18a-5p,KCND3,,-0.433,0.008
hsa-miR-18a-5p,ALCAM,,-0.433,0.008
hsa-miR-18a-5p,ATM,MIRT006118,-0.433,0.008
hsa-miR-185-5p,LRRC8E,,-0.433,0.008
hsa-miR-195-5p,STK40,,-0.433,0.008
hsa-miR-15a-5p,DENND4A,,-0.432,0.008
hsa-miR-15a-5p,AMER1,MIRT727719,-0.432,0.008
hsa-miR-301a-3p,SKP1,,-0.432,0.008
hsa-miR-17-5p,EIF5B,,-0.432,0.008
hsa-miR-106a-5p,ARID4B,MIRT004028,-0.432,0.008
hsa-miR-24-3p,KIAA1549L,,-0.432,0.008
hsa-miR-185-5p,PAX2,,-0.432,0.008
hsa-miR-378c,CSNK1G1,,-0.432,0.008
hsa-miR-370-5p,MTURN,,-0.432,0.008
hsa-miR-363-3p,NFIB,,-0.432,0.008
hsa-let-7d-5p,LRRC8B,,-0.432,0.008
hsa-miR-181b-5p,CALM1,,-0.432,0.008
hsa-miR-26a-5p,FAM214B,,-0.432,0.008
hsa-miR-491-5p,CHD3,,-0.432,0.008
hsa-miR-7-5p,SSX2IP,,-0.432,0.008
hsa-miR-135b-5p,ARHGAP6,,-0.432,0.008
hsa-miR-16-5p,ACVR2B,,-0.432,0.008
hsa-miR-107,TRIM26,,-0.432,0.008
hsa-miR-196b-5p,SYT9,,-0.432,0.008
hsa-miR-454-3p,MPPED2,,-0.432,0.008
hsa-miR-224-5p,BAZ2A,,-0.432,0.008
hsa-miR-145-5p,SMARCA5,,-0.432,0.008
hsa-miR-29b-3p,DYNLT1,MIRT523962,-0.432,0.008
hsa-miR-378c,REST,MIRT469375,-0.432,0.008
hsa-miR-106a-5p,MFN1,MIRT522509,-0.431,0.008
hsa-miR-145-5p,ACTB,MIRT053374,-0.431,0.008
hsa-miR-145-5p,UGCG,,-0.431,0.008
hsa-miR-18a-5p,UHMK1,,-0.431,0.008
hsa-miR-15b-5p,B4GALT1,MIRT046468,-0.431,0.008
hsa-miR-421,LEF1,,-0.431,0.008
hsa-miR-106a-5p,ARL5A,,-0.431,0.008
hsa-miR-381-3p,TNS3,,-0.431,0.008
hsa-miR-107,ATXN7L1,,-0.431,0.008
hsa-miR-193b-3p,IKZF3,,-0.431,0.008
hsa-miR-7-5p,CAMK2D,MIRT025927,-0.431,0.008
hsa-miR-106a-5p,SYNCRIP,,-0.431,0.008
hsa-miR-326,ZBTB12,,-0.431,0.008
hsa-miR-93-5p,ERO1B,,-0.431,0.008
hsa-miR-93-5p,ERBB3,,-0.431,0.008
hsa-miR-338-3p,MSL2,,-0.431,0.008
hsa-miR-17-5p,FAM177A1,,-0.431,0.008
hsa-miR-17-5p,COX7A2L,,-0.431,0.008
hsa-miR-139-5p,PRKAR2A,,-0.431,0.008
hsa-let-7e-5p,RNF7,,-0.431,0.008
hsa-miR-106a-5p,NPAT,MIRT472054,-0.431,0.008
hsa-miR-195-5p,TNFSF13B,,-0.431,0.008
hsa-miR-181d-5p,FLT1,,-0.43,0.008
hsa-miR-15a-5p,BMPR1A,,-0.43,0.008
hsa-miR-29b-3p,MLLT11,,-0.43,0.008
hsa-miR-107,CAMKK1,,-0.43,0.008
hsa-miR-125a-5p,RCN3,,-0.43,0.008
hsa-let-7d-5p,USP12,,-0.43,0.008
hsa-miR-16-5p,SLC7A2,,-0.43,0.008
hsa-miR-125a-5p,DNAJB1,,-0.43,0.008
hsa-miR-15a-5p,TNIK,,-0.43,0.008
hsa-miR-106a-5p,PHC3,,-0.43,0.008
hsa-miR-193a-5p,ZMYM4,,-0.43,0.008
hsa-miR-152-3p,CNNM2,,-0.43,0.008
hsa-miR-326,ARL8A,,-0.43,0.008
hsa-miR-106a-5p,BNIP2,MIRT507962,-0.43,0.008
hsa-miR-200a-3p,KCTD20,,-0.43,0.008
hsa-miR-378c,MAPK1,,-0.43,0.008
hsa-miR-107,KIF5C,,-0.43,0.008
hsa-miR-362-5p,SERAC1,,-0.43,0.008
hsa-miR-363-3p,MIER3,,-0.43,0.008
hsa-miR-130b-3p,NPNT,,-0.43,0.008
hsa-miR-370-5p,PDE3B,,-0.43,0.008
hsa-miR-223-3p,EMSY,,-0.43,0.008
hsa-miR-142-5p,TNRC6C,,-0.43,0.008
hsa-miR-532-3p,NUDT3,,-0.43,0.008
hsa-miR-24-3p,WNK2,,-0.429,0.008
hsa-miR-223-3p,EYA3,,-0.429,0.008
hsa-miR-221-3p,MAPK10,MIRT053727,-0.429,0.008
hsa-miR-421,SNAP25,,-0.429,0.008
hsa-miR-335-5p,PSD3,,-0.429,0.008
hsa-miR-339-5p,ZBED4,,-0.429,0.008
hsa-miR-18a-5p,CDK14,,-0.429,0.008
hsa-miR-215-5p,RICTOR,,-0.429,0.008
hsa-miR-17-5p,HMGB3,MIRT493617,-0.429,0.008
hsa-miR-16-5p,GNA13,,-0.429,0.008
hsa-miR-223-3p,PKNOX1,,-0.429,0.008
hsa-miR-224-5p,PANX1,,-0.429,0.008
hsa-miR-24-3p,KMT5C,,-0.429,0.008
hsa-miR-15a-5p,GAN,,-0.429,0.008
hsa-miR-106a-5p,SLK,,-0.429,0.008
hsa-miR-140-5p,ENTPD5,,-0.428,0.008
hsa-miR-186-5p,SYT6,,-0.428,0.008
hsa-miR-20b-5p,MAP3K2,MIRT473812,-0.428,0.008
hsa-miR-378c,MAPK1IP1L,,-0.428,0.008
hsa-miR-107,MAPKBP1,,-0.428,0.008
hsa-miR-107,KYAT3,,-0.428,0.008
hsa-miR-132-3p,ZEB2,,-0.428,0.008
hsa-miR-16-5p,IPPK,MIRT031925,-0.428,0.008
hsa-miR-532-3p,CNBP,,-0.428,0.008
hsa-miR-144-3p,FNDC3A,MIRT068846,-0.428,0.008
hsa-let-7a-5p,GIPC1,,-0.428,0.008
hsa-let-7d-5p,SAMD12,,-0.428,0.008
hsa-miR-15a-5p,TMEM161B,MIRT553565,-0.428,0.008
hsa-miR-20b-5p,ATXN1,MIRT549257,-0.428,0.008
hsa-let-7d-5p,TRPM6,,-0.428,0.008
hsa-miR-93-5p,SOWAHC,MIRT028113,-0.428,0.008
hsa-miR-106a-5p,SPTY2D1,,-0.428,0.008
hsa-miR-362-5p,ARL4A,,-0.428,0.008
hsa-miR-20b-5p,TNFAIP1,MIRT145035,-0.428,0.008
hsa-miR-144-3p,VANGL1,,-0.428,0.008
hsa-miR-106a-5p,BTBD7,,-0.427,0.008
hsa-miR-7-5p,RBBP4,,-0.427,0.008
hsa-miR-24-3p,LAMB3,,-0.427,0.008
hsa-miR-93-5p,LYPD6,,-0.427,0.008
hsa-miR-24-3p,PRKRIP1,,-0.427,0.008
hsa-miR-107,BCLAF3,,-0.427,0.008
hsa-miR-139-5p,ZBTB10,,-0.427,0.008
hsa-miR-223-3p,ZC3H6,,-0.427,0.008
hsa-miR-339-5p,HNRNPA1,MIRT042762,-0.427,0.008
hsa-miR-106a-5p,TP53INP1,MIRT448395,-0.427,0.009
hsa-miR-24-3p,ABCB9,MIRT733625,-0.427,0.009
hsa-miR-363-3p,KIF3B,,-0.427,0.009
hsa-miR-148b-3p,USP6,,-0.427,0.009
hsa-miR-20b-5p,DNM2,,-0.427,0.009
hsa-miR-18a-5p,NUFIP2,,-0.427,0.009
hsa-miR-139-5p,ELAVL2,,-0.427,0.009
hsa-miR-107,GALNT7,,-0.427,0.009
hsa-miR-139-5p,TPM3,,-0.427,0.009
hsa-miR-106a-5p,CACUL1,,-0.427,0.009
hsa-let-7b-5p,SOX6,,-0.427,0.009
hsa-miR-18a-5p,GTF2A1,,-0.427,0.009
hsa-miR-338-3p,CTBP2,,-0.427,0.009
hsa-miR-20b-5p,TRPM3,,-0.427,0.009
hsa-miR-106a-5p,GAB1,,-0.427,0.009
hsa-miR-107,TPD52,,-0.427,0.009
hsa-miR-107,HNRNPA2B1,MIRT562206,-0.427,0.009
hsa-miR-15a-5p,ATP10B,,-0.426,0.009
hsa-miR-93-5p,CDC23,,-0.426,0.009
hsa-miR-106a-5p,CEP97,MIRT513991,-0.426,0.009
hsa-miR-20b-5p,TBC1D2,,-0.426,0.009
hsa-miR-23b-3p,KLF10,MIRT474686,-0.426,0.009
hsa-miR-7-5p,PRMT2,,-0.426,0.009
hsa-miR-18a-5p,CACNB3,,-0.426,0.009
hsa-miR-93-5p,TMED8,,-0.426,0.009
hsa-miR-326,CBX6,,-0.426,0.009
hsa-miR-15a-5p,KPNA5,,-0.426,0.009
hsa-miR-342-3p,TBX15,,-0.426,0.009
hsa-miR-21-5p,CADM2,,-0.426,0.009
hsa-miR-128-3p,THAP11,,-0.426,0.009
hsa-miR-145-5p,CAPRIN1,,-0.426,0.009
hsa-miR-193a-5p,RSPO4,,-0.426,0.009
hsa-miR-532-3p,ZBTB7C,,-0.426,0.009
hsa-miR-16-5p,SRPK1,MIRT031711,-0.426,0.009
hsa-miR-16-5p,ZBTB33,MIRT175525,-0.426,0.009
hsa-miR-16-5p,ACVR2A,MIRT000536,-0.426,0.009
hsa-miR-18a-5p,MTF1,,-0.426,0.009
hsa-miR-29b-3p,EIF4E2,,-0.426,0.009
hsa-miR-106a-5p,FZD3,,-0.426,0.009
hsa-miR-324-5p,VDAC1,,-0.426,0.009
hsa-miR-22-3p,IFFO2,,-0.426,0.009
hsa-miR-93-5p,C9orf64,,-0.426,0.009
hsa-let-7c-5p,CPM,,-0.425,0.009
hsa-miR-15a-5p,MAP2K6,,-0.425,0.009
hsa-miR-20b-5p,HMBOX1,MIRT322533,-0.425,0.009
hsa-miR-106a-5p,NAPEPLD,,-0.425,0.009
hsa-miR-7-5p,PIK3CB,MIRT025952,-0.425,0.009
hsa-miR-98-5p,CANT1,MIRT027486,-0.425,0.009
hsa-miR-452-5p,DCUN1D1,,-0.425,0.009
hsa-miR-193b-3p,NUFIP2,MIRT727058,-0.425,0.009
hsa-miR-18a-5p,BRWD3,,-0.425,0.009
hsa-miR-185-5p,HIC2,,-0.425,0.009
hsa-miR-182-5p,PTGER3,,-0.425,0.009
hsa-miR-30e-5p,SAMD4A,,-0.425,0.009
hsa-miR-378c,TOLLIP,,-0.425,0.009
hsa-miR-106a-5p,REPS2,,-0.425,0.009
hsa-miR-29b-3p,VPS37C,,-0.425,0.009
hsa-miR-107,C1orf226,,-0.425,0.009
hsa-miR-193a-5p,XK,,-0.425,0.009
hsa-miR-106a-5p,TBCEL,,-0.425,0.009
hsa-miR-106a-5p,MTF1,MIRT048354,-0.425,0.009
hsa-miR-363-3p,APPL1,,-0.425,0.009
hsa-miR-24-3p,MED22,MIRT030376,-0.425,0.009
hsa-miR-185-5p,TOX3,,-0.425,0.009
hsa-miR-7-5p,RAB4A,,-0.424,0.009
hsa-let-7d-5p,OLR1,,-0.424,0.009
hsa-miR-29b-3p,BLMH,,-0.424,0.009
hsa-miR-152-3p,HIF1AN,,-0.424,0.009
hsa-let-7e-5p,CACFD1,,-0.424,0.009
hsa-miR-29b-3p,KIAA1549,,-0.424,0.009
hsa-miR-326,POLR2F,,-0.424,0.009
hsa-let-7c-5p,CYP19A1,,-0.424,0.009
hsa-miR-25-3p,DBT,,-0.424,0.009
hsa-miR-107,SLC35A3,,-0.424,0.009
hsa-miR-106a-5p,FAM3C,,-0.424,0.009
hsa-miR-16-5p,ESRRG,,-0.424,0.009
hsa-miR-181b-5p,STXBP6,,-0.424,0.009
hsa-miR-15a-5p,RNF152,,-0.424,0.009
hsa-miR-106a-5p,LLPH,MIRT443715,-0.424,0.009
hsa-miR-20b-5p,CAPN15,MIRT115786,-0.424,0.009
hsa-miR-486-5p,AAK1,,-0.424,0.009
hsa-miR-1271-5p,GFRA1,,-0.424,0.009
hsa-miR-378a-3p,SCN5A,,-0.424,0.009
hsa-miR-22-3p,TRPM7,,-0.424,0.009
hsa-miR-132-3p,GTDC1,,-0.424,0.009
hsa-miR-141-3p,TMEM135,,-0.424,0.009
hsa-miR-181a-5p,JAZF1,,-0.424,0.009
hsa-miR-185-5p,MSI1,,-0.424,0.009
hsa-miR-139-5p,KIF5C,,-0.424,0.009
hsa-miR-182-5p,HECW2,,-0.424,0.009
hsa-miR-145-5p,NAA50,,-0.424,0.009
hsa-miR-424-5p,ADRB2,,-0.424,0.009
hsa-miR-20b-5p,MRTFB,,-0.423,0.009
hsa-miR-17-5p,EIF2S1,MIRT070838,-0.423,0.009
hsa-miR-7-5p,NREP,MIRT561843,-0.423,0.009
hsa-miR-16-5p,ATP10B,,-0.423,0.009
hsa-miR-144-3p,MGAT4A,,-0.423,0.009
hsa-miR-107,CPEB3,MIRT567974,-0.423,0.009
hsa-miR-20b-5p,AGFG2,MIRT169682,-0.423,0.009
hsa-miR-106a-5p,CREB1,MIRT205048,-0.423,0.009
hsa-miR-107,MFN1,,-0.423,0.009
hsa-miR-107,ARIH2,,-0.423,0.009
hsa-miR-145-5p,POGK,,-0.423,0.009
hsa-let-7b-5p,CYP19A1,,-0.423,0.009
hsa-miR-16-5p,ZNRF3,MIRT031450,-0.423,0.009
hsa-miR-16-5p,ABI2,,-0.423,0.009
hsa-miR-106a-5p,TNKS2,MIRT057386,-0.423,0.009
hsa-miR-15a-5p,A1CF,,-0.423,0.009
hsa-miR-15b-5p,ESRRA,,-0.423,0.009
hsa-miR-152-3p,DLG2,,-0.422,0.009
hsa-let-7c-5p,GALNT15,,-0.422,0.009
hsa-miR-25-3p,PAX5,,-0.422,0.009
hsa-miR-106b-5p,TP53INP1,MIRT448392,-0.422,0.009
hsa-miR-532-3p,H1-0,,-0.422,0.009
hsa-miR-363-3p,SYT1,,-0.422,0.009
hsa-miR-31-5p,NR5A2,,-0.422,0.009
hsa-miR-93-5p,APPL1,,-0.422,0.009
hsa-miR-106a-5p,RSBN1,,-0.422,0.009
hsa-miR-107,RBBP6,MIRT501408,-0.422,0.009
hsa-miR-185-5p,MINAR1,,-0.422,0.009
hsa-miR-98-5p,AP1S1,MIRT481848,-0.422,0.01
hsa-miR-106a-5p,EMSY,MIRT503078,-0.422,0.01
hsa-miR-185-5p,GPAT4,,-0.422,0.01
hsa-miR-424-5p,CYP26B1,MIRT558507,-0.422,0.01
hsa-miR-7-5p,FXR1,MIRT161895,-0.422,0.01
hsa-miR-107,MIGA1,,-0.422,0.01
hsa-miR-454-3p,UXS1,,-0.422,0.01
hsa-miR-16-5p,PLXNB1,,-0.422,0.01
hsa-miR-145-5p,MAPK4,,-0.422,0.01
hsa-let-7d-5p,ACP3,,-0.421,0.01
hsa-miR-24-3p,FBXW4,,-0.421,0.01
hsa-miR-145-5p,RTKN,MIRT021499,-0.421,0.01
hsa-miR-20b-5p,KIF1B,,-0.421,0.01
hsa-miR-501-3p,ARIH1,,-0.421,0.01
hsa-miR-182-5p,FRMD4A,,-0.421,0.01
hsa-miR-93-5p,GPD2,,-0.421,0.01
hsa-miR-107,ZC3H12B,,-0.421,0.01
hsa-miR-20b-5p,DNAL1,MIRT704165,-0.421,0.01
hsa-miR-181b-5p,ITSN1,,-0.421,0.01
hsa-miR-16-5p,SPTLC1,MIRT001411,-0.421,0.01
hsa-miR-24-3p,KHNYN,MIRT030433,-0.421,0.01
hsa-let-7d-5p,KCNC3,,-0.421,0.01
hsa-miR-452-5p,LIN7C,,-0.421,0.01
hsa-let-7c-5p,CFL2,,-0.421,0.01
hsa-miR-17-5p,LAMP1,,-0.421,0.01
hsa-miR-24-3p,OSBP,,-0.421,0.01
hsa-miR-338-3p,CHTOP,,-0.421,0.01
hsa-miR-1306-5p,STC2,,-0.421,0.01
hsa-miR-16-5p,TMEM154,MIRT051094,-0.421,0.01
hsa-miR-15b-5p,RAB35,,-0.421,0.01
hsa-miR-152-3p,SMAD5,,-0.421,0.01
hsa-miR-195-5p,GABARAPL1,MIRT247370,-0.421,0.01
hsa-miR-93-5p,SMAD5,MIRT095201,-0.421,0.01
hsa-miR-29b-3p,DIO2,,-0.421,0.01
hsa-miR-24-3p,FERMT1,,-0.42,0.01
hsa-miR-145-5p,CLEC16A,,-0.42,0.01
hsa-miR-363-3p,ITPRID2,MIRT086364,-0.42,0.01
hsa-miR-106a-5p,NFAT5,MIRT144300,-0.42,0.01
hsa-miR-17-5p,SERP1,,-0.42,0.01
hsa-miR-181b-5p,TGFBR2,,-0.42,0.01
hsa-miR-378c,DENND2B,,-0.42,0.01
hsa-let-7b-5p,CERT1,,-0.42,0.01
hsa-miR-326,BCAS3,MIRT790278,-0.42,0.01
hsa-miR-452-5p,FBXO11,,-0.42,0.01
hsa-miR-1-3p,NDRG3,,-0.42,0.01
hsa-miR-16-5p,PHKG2,,-0.42,0.01
hsa-miR-93-5p,MYNN,,-0.42,0.01
hsa-miR-378c,CBX3,,-0.42,0.01
hsa-miR-29b-3p,RTKN2,,-0.42,0.01
hsa-miR-362-5p,ATMIN,,-0.42,0.01
hsa-miR-363-3p,CDK5R1,MIRT250942,-0.42,0.01
hsa-miR-378c,TMCO1,,-0.42,0.01
hsa-miR-181b-5p,CYP26B1,,-0.42,0.01
hsa-miR-185-5p,MYLK,,-0.42,0.01
hsa-miR-144-3p,TRIM44,,-0.42,0.01
hsa-miR-223-3p,KIAA1755,,-0.42,0.01
hsa-miR-708-5p,BCAM,,-0.42,0.01
hsa-miR-24-3p,APBA1,,-0.419,0.01
hsa-miR-421,KDM5A,,-0.419,0.01
hsa-miR-19b-3p,PGK1,MIRT726963,-0.419,0.01
hsa-miR-93-5p,WNK3,MIRT448320,-0.419,0.01
hsa-miR-193b-3p,INO80D,MIRT498447,-0.419,0.01
hsa-miR-452-5p,MATR3,,-0.419,0.01
hsa-miR-106a-5p,ZNF148,,-0.419,0.01
hsa-miR-30e-5p,JAM2,,-0.419,0.01
hsa-miR-145-5p,RBM3,,-0.419,0.01
hsa-miR-96-5p,TNFAIP8,,-0.419,0.01
hsa-miR-363-3p,ASXL2,,-0.419,0.01
hsa-miR-17-5p,SYAP1,,-0.419,0.01
hsa-miR-18a-5p,TRIM2,,-0.419,0.01
hsa-miR-18a-5p,AEBP2,,-0.419,0.01
hsa-miR-15b-5p,ZDHHC14,,-0.419,0.01
hsa-miR-15a-5p,SOS2,,-0.419,0.01
hsa-miR-93-5p,GNB5,MIRT696198,-0.419,0.01
hsa-miR-20b-5p,XRN1,,-0.419,0.01
hsa-miR-193b-3p,MOCS2,,-0.419,0.01
hsa-miR-148b-3p,MOSMO,,-0.419,0.01
hsa-miR-24-3p,AVL9,MIRT639575,-0.419,0.01
hsa-miR-107,NECTIN1,,-0.419,0.01
hsa-miR-181d-5p,CACNA2D1,,-0.419,0.01
hsa-miR-7-5p,CDKL1,,-0.419,0.01
hsa-miR-152-3p,SRSF11,,-0.419,0.01
hsa-miR-15a-5p,WDFY2,,-0.418,0.01
hsa-miR-24-3p,NUDT3,,-0.418,0.01
hsa-miR-24-3p,CSNK1G1,,-0.418,0.01
hsa-miR-181a-5p,CALM1,,-0.418,0.01
hsa-miR-20b-5p,SLC30A1,MIRT485096,-0.418,0.01
hsa-miR-532-3p,PAFAH1B2,,-0.418,0.01
hsa-miR-320b,SLC28A3,,-0.418,0.01
hsa-miR-7-5p,BICRA,,-0.418,0.01
hsa-miR-93-5p,UEVLD,,-0.418,0.01
hsa-miR-326,DLG3,,-0.418,0.01
hsa-miR-93-5p,ZNF652,MIRT484882,-0.418,0.01
hsa-miR-15b-5p,KCTD1,,-0.418,0.01
hsa-miR-193a-5p,HOXA1,,-0.418,0.01
hsa-miR-16-5p,AGO1,,-0.418,0.01
hsa-miR-140-5p,LMNB1,,-0.418,0.01
hsa-miR-326,AAMP,,-0.418,0.01
hsa-miR-497-5p,ATP10B,,-0.418,0.01
hsa-miR-93-5p,LDLRAD3,,-0.418,0.01
hsa-let-7c-5p,MGLL,,-0.418,0.01
hsa-miR-15a-5p,SLC10A7,,-0.418,0.01
hsa-miR-20b-5p,NFAT5,MIRT144311,-0.418,0.01
hsa-miR-146b-5p,CNTFR,,-0.418,0.01
hsa-miR-17-5p,FAM102A,MIRT727731,-0.418,0.01
hsa-let-7d-5p,CHUK,,-0.418,0.01
hsa-miR-16-5p,DCTN5,MIRT142238,-0.418,0.01
hsa-miR-186-5p,RILPL1,,-0.418,0.01
hsa-miR-20b-5p,SCD5,,-0.418,0.01
hsa-miR-93-5p,DYRK1A,,-0.418,0.01
hsa-miR-23a-3p,SGIP1,,-0.418,0.01
hsa-miR-15a-5p,TNPO1,,-0.417,0.01
hsa-miR-17-5p,HSPA8,MIRT475478,-0.417,0.01
hsa-miR-140-5p,SLC39A9,,-0.417,0.01
hsa-miR-34c-5p,MRAS,,-0.417,0.01
hsa-miR-454-3p,INO80,,-0.417,0.01
hsa-miR-421,SRSF10,,-0.417,0.01
hsa-miR-421,XIAP,MIRT175554,-0.417,0.01
hsa-miR-205-5p,VTI1B,,-0.417,0.01
hsa-miR-145-5p,PODXL,MIRT021537,-0.417,0.01
hsa-miR-93-5p,ZNF805,MIRT028005,-0.417,0.01
hsa-miR-16-5p,JADE2,,-0.417,0.01
hsa-miR-107,PURB,MIRT546887,-0.417,0.01
hsa-miR-15a-5p,FBXW7,,-0.417,0.01
hsa-miR-26a-5p,PDE4D,,-0.417,0.01
hsa-miR-107,PRKAB2,,-0.417,0.01
hsa-miR-107,PNISR,MIRT547071,-0.417,0.01
hsa-miR-16-5p,LUZP1,MIRT001445,-0.417,0.011
hsa-miR-93-5p,MBTPS1,,-0.417,0.011
hsa-miR-186-5p,TSPYL1,,-0.417,0.011
hsa-miR-16-5p,SEMA6D,,-0.417,0.011
hsa-miR-30e-5p,FAM124A,,-0.417,0.011
hsa-miR-363-3p,TNRC6B,,-0.417,0.011
hsa-miR-423-5p,GRM4,,-0.417,0.011
hsa-miR-107,COPZ1,,-0.417,0.011
hsa-miR-429,SOX6,,-0.417,0.011
hsa-miR-186-5p,MPLKIP,,-0.417,0.011
hsa-miR-10a-5p,BCL2L11,MIRT084600,-0.416,0.011
hsa-miR-193a-5p,MTUS2,,-0.416,0.011
hsa-miR-16-5p,KLHDC10,MIRT170137,-0.416,0.011
hsa-miR-185-5p,MAPK14,,-0.416,0.011
hsa-miR-7-5p,BACE1,,-0.416,0.011
hsa-miR-93-5p,MED17,MIRT061182,-0.416,0.011
hsa-let-7d-5p,PRLR,,-0.416,0.011
hsa-miR-378c,ABI2,,-0.416,0.011
hsa-miR-24-3p,SIAH3,,-0.416,0.011
hsa-miR-15a-5p,SRPRA,MIRT500936,-0.416,0.011
hsa-miR-16-5p,LPP,,-0.416,0.011
hsa-miR-106a-5p,ZBTB18,MIRT064799,-0.416,0.011
hsa-miR-185-5p,PSMD11,,-0.416,0.011
hsa-miR-363-3p,NAA50,,-0.416,0.011
hsa-miR-335-5p,ZBTB8B,,-0.416,0.011
hsa-miR-103a-3p,NUDCD2,,-0.416,0.011
hsa-miR-424-5p,PID1,,-0.416,0.011
hsa-miR-7-5p,BMPR2,MIRT025637,-0.416,0.011
hsa-miR-15a-5p,KIF5C,,-0.416,0.011
hsa-miR-182-5p,NOVA2,,-0.416,0.011
hsa-let-7b-5p,CRTAP,,-0.416,0.011
hsa-miR-363-3p,GRHL1,,-0.416,0.011
hsa-miR-532-3p,NFIC,,-0.416,0.011
hsa-miR-24-3p,ZNF572,,-0.416,0.011
hsa-miR-139-5p,CSRNP2,,-0.415,0.011
hsa-miR-193a-5p,CLK3,,-0.415,0.011
hsa-miR-501-3p,AMOTL1,,-0.415,0.011
hsa-miR-16-5p,UBFD1,MIRT032064,-0.415,0.011
hsa-miR-185-5p,KLF7,,-0.415,0.011
hsa-miR-186-5p,HNRNPUL2,,-0.415,0.011
hsa-miR-9-5p,TMEM170B,,-0.415,0.011
hsa-miR-15a-5p,CPD,,-0.415,0.011
hsa-miR-106a-5p,RNF217,,-0.415,0.011
hsa-miR-193b-3p,ENTPD1,,-0.415,0.011
hsa-miR-106a-5p,PPP2CA,,-0.415,0.011
hsa-miR-15b-5p,ENAH,,-0.415,0.011
hsa-let-7d-5p,LEPROTL1,,-0.415,0.011
hsa-let-7d-5p,CASP3,,-0.415,0.011
hsa-miR-16-5p,DCAF5,,-0.415,0.011
hsa-miR-24-3p,ABI2,,-0.415,0.011
hsa-miR-93-5p,SMIM14,,-0.415,0.011
hsa-miR-532-3p,APP,MIRT037918,-0.415,0.011
hsa-miR-326,RELA,,-0.415,0.011
hsa-miR-93-5p,NEDD4L,,-0.415,0.011
hsa-miR-145-5p,ATXN7L3,,-0.415,0.011
hsa-miR-143-3p,SLC39A11,,-0.414,0.011
hsa-miR-17-5p,SLC33A1,,-0.414,0.011
hsa-miR-106a-5p,HP1BP3,,-0.414,0.011
hsa-miR-15a-5p,DMTF1,MIRT002946,-0.414,0.011
hsa-miR-107,KIAA1958,,-0.414,0.011
hsa-miR-362-5p,RLIM,,-0.414,0.011
hsa-miR-1306-5p,DIAPH1,MIRT659003,-0.414,0.011
hsa-miR-493-3p,ACAA2,,-0.414,0.011
hsa-miR-24-3p,CCDC134,,-0.414,0.011
hsa-miR-107,MSI2,,-0.414,0.011
hsa-miR-224-5p,RERE,,-0.414,0.011
hsa-miR-20b-5p,TUSC2,,-0.414,0.011
hsa-miR-106a-5p,FAM199X,,-0.414,0.011
hsa-miR-106b-5p,MOSMO,MIRT283178,-0.414,0.011
hsa-miR-222-3p,MAPK10,,-0.414,0.011
hsa-miR-144-3p,PYGO1,,-0.414,0.011
hsa-miR-106a-5p,PARP6,,-0.414,0.011
hsa-miR-106a-5p,REST,MIRT213205,-0.414,0.011
hsa-miR-18a-5p,CBX5,,-0.414,0.011
hsa-miR-107,ZNF711,,-0.414,0.011
hsa-miR-20b-5p,ELAVL2,MIRT537741,-0.414,0.011
hsa-miR-363-3p,SMIM14,,-0.413,0.011
hsa-miR-20b-5p,NIBAN1,MIRT507370,-0.413,0.011
hsa-miR-107,PNN,,-0.413,0.011
hsa-let-7d-5p,PAX2,,-0.413,0.011
hsa-let-7e-5p,BEGAIN,,-0.413,0.011
hsa-miR-7-5p,SEMA6D,MIRT565782,-0.413,0.011
hsa-miR-16-5p,ONECUT2,MIRT031575,-0.413,0.011
hsa-miR-93-5p,BCL2L11,MIRT004572,-0.413,0.011
hsa-miR-454-3p,RALGPS2,,-0.413,0.011
hsa-let-7d-5p,SKIL,,-0.413,0.011
hsa-miR-93-5p,RABEP1,MIRT726803,-0.413,0.011
hsa-miR-107,BCAT2,,-0.413,0.011
hsa-miR-425-5p,VEZF1,,-0.413,0.011
hsa-miR-15a-5p,CHPT1,,-0.413,0.012
hsa-miR-29b-3p,HNRNPF,,-0.413,0.012
hsa-miR-20b-5p,L3MBTL3,,-0.413,0.012
hsa-miR-16-5p,GLS2,MIRT734798,-0.413,0.012
hsa-miR-15a-5p,E2F3,MIRT099631,-0.413,0.012
hsa-miR-15a-5p,RRAGA,,-0.413,0.012
hsa-miR-106a-5p,ARHGAP12,MIRT549326,-0.413,0.012
hsa-miR-22-3p,ZNF706,,-0.412,0.012
hsa-miR-365a-3p,RSF1,,-0.412,0.012
hsa-miR-339-5p,CENPP,,-0.412,0.012
hsa-miR-365b-3p,RSF1,,-0.412,0.012
hsa-miR-326,SYS1,,-0.412,0.012
hsa-let-7e-5p,AGAP1,,-0.412,0.012
hsa-miR-15a-5p,UBE2W,,-0.412,0.012
hsa-miR-186-5p,OCLN,,-0.412,0.012
hsa-miR-181a-5p,ITSN1,,-0.412,0.012
hsa-miR-532-3p,MCAT,,-0.412,0.012
hsa-let-7d-5p,CLDN12,MIRT260706,-0.412,0.012
hsa-miR-22-3p,KCNK12,,-0.412,0.012
hsa-miR-152-3p,HSPA4L,,-0.412,0.012
hsa-miR-20b-5p,TNRC6B,MIRT158583,-0.412,0.012
hsa-miR-16-5p,GPR174,,-0.412,0.012
hsa-let-7b-5p,ANKRD33B,,-0.412,0.012
hsa-miR-363-3p,OSER1,,-0.412,0.012
hsa-let-7d-5p,RIMKLA,,-0.412,0.012
hsa-miR-20b-5p,PLEKHA8,,-0.412,0.012
hsa-miR-187-3p,GTDC1,,-0.412,0.012
hsa-miR-15a-5p,CYB561D1,,-0.412,0.012
hsa-miR-107,VSNL1,,-0.412,0.012
hsa-miR-18a-5p,JAKMIP3,,-0.412,0.012
hsa-miR-93-5p,KPNA5,,-0.412,0.012
hsa-miR-185-5p,MAT2A,,-0.412,0.012
hsa-miR-15a-5p,RAB9B,MIRT000804,-0.412,0.012
hsa-miR-16-5p,ETV1,,-0.412,0.012
hsa-miR-29b-3p,MAPRE1,,-0.412,0.012
hsa-miR-193a-3p,B4GALNT3,,-0.412,0.012
hsa-miR-193b-3p,SNX27,,-0.412,0.012
hsa-miR-223-3p,FPGT-TNNI3K,,-0.411,0.012
hsa-miR-15a-5p,SGSM2,,-0.411,0.012
hsa-miR-7-5p,USP9X,,-0.411,0.012
hsa-miR-20b-5p,PCDHA9,,-0.411,0.012
hsa-let-7d-5p,AAK1,,-0.411,0.012
hsa-miR-106a-5p,NCKAP5,,-0.411,0.012
hsa-miR-17-5p,TVP23B,,-0.411,0.012
hsa-miR-106a-5p,KLHL15,,-0.411,0.012
hsa-miR-93-5p,HP1BP3,,-0.411,0.012
hsa-miR-145-5p,MYO6,MIRT000457,-0.411,0.012
hsa-miR-30a-5p,SAMD8,,-0.411,0.012
hsa-let-7e-5p,RBM38,,-0.411,0.012
hsa-miR-106a-5p,CSNK1G1,,-0.411,0.012
hsa-miR-106a-5p,FRS2,MIRT557762,-0.411,0.012
hsa-miR-193b-3p,CDK17,MIRT041319,-0.411,0.012
hsa-miR-93-5p,DNAJC27,MIRT727873,-0.411,0.012
hsa-miR-29a-3p,UNC13B,,-0.41,0.012
hsa-miR-107,PRPF38B,,-0.41,0.012
hsa-miR-454-3p,KMT5B,,-0.41,0.012
hsa-miR-18a-5p,UBTD2,MIRT031344,-0.41,0.012
hsa-miR-454-3p,ACBD3,,-0.41,0.012
hsa-miR-22-3p,LRCH1,,-0.41,0.012
hsa-miR-93-5p,YES1,,-0.41,0.012
hsa-miR-106b-5p,AAK1,MIRT441317,-0.41,0.012
hsa-let-7d-5p,CPEB4,,-0.41,0.012
hsa-miR-20a-5p,SMOC2,,-0.41,0.012
hsa-miR-146b-5p,SAMD8,,-0.41,0.012
hsa-miR-18a-5p,UBP1,,-0.41,0.012
hsa-miR-223-3p,GTPBP8,,-0.41,0.012
hsa-miR-24-3p,VXN,,-0.41,0.012
hsa-miR-93-5p,ZNF148,MIRT028179,-0.41,0.012
hsa-miR-15b-5p,WEE1,MIRT247097,-0.41,0.012
hsa-miR-22-3p,C5orf24,MIRT030656,-0.41,0.012
hsa-miR-326,ZDHHC9,,-0.41,0.012
hsa-miR-22-3p,PDZD4,,-0.41,0.012
hsa-miR-15b-5p,FHDC1,,-0.41,0.012
hsa-miR-186-5p,PSPC1,,-0.41,0.012
hsa-miR-195-5p,CNTNAP1,,-0.41,0.012
hsa-miR-454-3p,CENPO,,-0.41,0.012
hsa-miR-421,NPFFR1,,-0.41,0.012
hsa-miR-15a-5p,UBL3,,-0.41,0.012
hsa-miR-20b-5p,TNRC6C,,-0.41,0.012
hsa-miR-7-5p,IGF1R,MIRT005364,-0.409,0.012
hsa-miR-93-5p,SAR1B,,-0.409,0.012
hsa-miR-493-5p,SV2B,,-0.409,0.012
hsa-miR-615-3p,SMARCE1,,-0.409,0.012
hsa-miR-24-3p,BET1L,,-0.409,0.012
hsa-miR-15a-5p,AHCYL2,,-0.409,0.012
hsa-miR-16-5p,PIP4P1,MIRT031583,-0.409,0.012
hsa-miR-15a-5p,DENND6A,MIRT737935,-0.409,0.012
hsa-miR-152-3p,MRPS25,,-0.409,0.012
hsa-miR-107,GALNTL6,,-0.409,0.012
hsa-miR-16-5p,SEL1L3,,-0.409,0.012
hsa-miR-29b-3p,LRPAP1,,-0.409,0.012
hsa-miR-200a-3p,SOX17,,-0.409,0.012
hsa-miR-501-3p,UCHL5,,-0.409,0.012
hsa-miR-150-5p,SKP1,,-0.409,0.012
hsa-miR-491-5p,CNN2,,-0.409,0.012
hsa-miR-107,BTRC,,-0.409,0.013
hsa-miR-30d-5p,MARK1,,-0.409,0.013
hsa-miR-139-5p,LMO4,,-0.409,0.013
hsa-miR-193b-3p,RSF1,MIRT016606,-0.409,0.013
hsa-miR-24-3p,GPR61,,-0.408,0.013
hsa-miR-16-5p,FBXL20,MIRT548276,-0.408,0.013
hsa-miR-107,BDNF,,-0.408,0.013
hsa-miR-15b-5p,TIMELESS,,-0.408,0.013
hsa-miR-363-3p,SRPRA,,-0.408,0.013
hsa-let-7d-5p,DNAL1,MIRT548564,-0.408,0.013
hsa-miR-16-5p,MYB,MIRT004637,-0.408,0.013
hsa-miR-30e-5p,BNC2,,-0.408,0.013
hsa-miR-193b-3p,ARHGEF12,,-0.408,0.013
hsa-miR-93-5p,ZNF70,MIRT484869,-0.408,0.013
hsa-miR-223-3p,TNRC6B,,-0.408,0.013
hsa-miR-15b-5p,UBQLNL,,-0.408,0.013
hsa-miR-93-5p,SRPK2,,-0.408,0.013
hsa-miR-324-5p,APP,,-0.408,0.013
hsa-miR-29b-3p,NASP,MIRT006251,-0.408,0.013
hsa-miR-136-5p,TAL1,,-0.408,0.013
hsa-miR-144-3p,ZBTB20,MIRT498027,-0.408,0.013
hsa-miR-93-5p,ZBTB44,,-0.408,0.013
hsa-miR-15b-5p,TMEM154,,-0.408,0.013
hsa-miR-454-3p,PAN3,,-0.408,0.013
hsa-miR-93-5p,CSRNP3,,-0.408,0.013
hsa-miR-106a-5p,MKLN1,,-0.408,0.013
hsa-let-7e-5p,XKRX,,-0.408,0.013
hsa-miR-7-5p,HERPUD2,,-0.408,0.013
hsa-miR-106b-5p,HOOK3,MIRT244592,-0.408,0.013
hsa-miR-454-3p,PHF12,MIRT039249,-0.408,0.013
hsa-miR-24-3p,PHLPP2,,-0.407,0.013
hsa-let-7d-5p,ATP2A2,,-0.407,0.013
hsa-miR-15a-5p,LRIG1,,-0.407,0.013
hsa-miR-18a-5p,FGF1,,-0.407,0.013
hsa-miR-193b-3p,PRR14L,,-0.407,0.013
hsa-miR-24-3p,RGP1,,-0.407,0.013
hsa-miR-107,SRSF10,,-0.407,0.013
hsa-miR-223-3p,NAA50,,-0.407,0.013
hsa-miR-16-5p,UBXN10,,-0.407,0.013
hsa-miR-15b-5p,ZYX,,-0.407,0.013
hsa-miR-186-5p,SUMO2,MIRT045212,-0.407,0.013
hsa-miR-378c,RCC2,MIRT712242,-0.407,0.013
hsa-miR-1306-5p,RIMKLA,MIRT720134,-0.407,0.013
hsa-miR-363-3p,PCDH11X,,-0.407,0.013
hsa-miR-16-5p,IPO7,MIRT031844,-0.407,0.013
hsa-miR-223-3p,RAB10,,-0.407,0.013
hsa-miR-106a-5p,YOD1,MIRT533095,-0.407,0.013
hsa-miR-326,CDH3,,-0.407,0.013
hsa-miR-423-5p,RASAL2,,-0.407,0.013
hsa-miR-17-5p,JPT1,MIRT050989,-0.407,0.013
hsa-miR-326,KRT80,,-0.407,0.013
hsa-miR-18a-5p,KDM2A,,-0.407,0.013
hsa-miR-301a-3p,UBE2W,,-0.407,0.013
hsa-miR-24-3p,FRK,,-0.407,0.013
hsa-miR-10a-5p,TMEM183A,,-0.407,0.013
hsa-let-7e-5p,KCNJ11,,-0.407,0.013
hsa-miR-7-5p,ONECUT2,,-0.407,0.013
hsa-miR-193a-5p,G6PC3,,-0.407,0.013
hsa-miR-7-5p,RCC2,MIRT025685,-0.407,0.013
hsa-miR-30d-5p,STX2,,-0.407,0.013
hsa-miR-107,ELP1,,-0.406,0.013
hsa-miR-107,IRF2BP2,,-0.406,0.013
hsa-miR-339-5p,PODXL,,-0.406,0.013
hsa-miR-144-3p,SENP7,,-0.406,0.013
hsa-miR-106a-5p,RAPGEF5,,-0.406,0.013
hsa-miR-215-5p,ASXL2,,-0.406,0.013
hsa-miR-20b-5p,CDCA3,,-0.406,0.013
hsa-miR-204-5p,SPARC,MIRT024972,-0.406,0.013
hsa-let-7d-5p,TOR1AIP2,,-0.406,0.013
hsa-miR-185-5p,PCDHA10,,-0.406,0.013
hsa-miR-15b-5p,MACC1,,-0.406,0.013
hsa-miR-106b-5p,PURA,MIRT007004,-0.406,0.013
hsa-let-7d-5p,DNAJB9,,-0.406,0.013
hsa-miR-139-5p,ANKRD13C,,-0.406,0.013
hsa-miR-142-5p,SMAD5,,-0.406,0.013
hsa-miR-301a-3p,TMEM50B,,-0.406,0.013
hsa-let-7d-5p,PARP8,,-0.406,0.013
hsa-let-7d-5p,SLC1A4,,-0.406,0.013
hsa-miR-363-3p,ATXN1,,-0.406,0.013
hsa-miR-760,PXMP4,,-0.406,0.013
hsa-let-7e-5p,GIPC1,,-0.406,0.013
hsa-miR-652-3p,CAPZB,MIRT688819,-0.406,0.013
hsa-miR-18a-5p,CDK19,MIRT006818,-0.406,0.013
hsa-let-7d-5p,DNAJC10,,-0.405,0.013
hsa-miR-16-5p,TRPM3,,-0.405,0.013
hsa-miR-93-5p,ZBTB43,,-0.405,0.013
hsa-miR-363-3p,VPS4B,MIRT546041,-0.405,0.013
hsa-miR-15a-5p,PHKG2,,-0.405,0.013
hsa-miR-338-3p,RNF114,,-0.405,0.013
hsa-miR-486-5p,IL23R,,-0.405,0.013
hsa-miR-34c-5p,RRAGC,,-0.405,0.013
hsa-miR-362-5p,AP5M1,,-0.405,0.013
hsa-miR-20b-5p,TPRG1L,MIRT055027,-0.405,0.013
hsa-miR-16-5p,SALL4,,-0.405,0.013
hsa-miR-24-3p,NCBP3,,-0.405,0.013
hsa-miR-532-3p,HNRNPU,,-0.405,0.013
hsa-miR-106a-5p,CRIPT,,-0.405,0.013
hsa-miR-24-3p,ACVR1B,MIRT003830,-0.405,0.013
hsa-miR-143-3p,PNPO,MIRT720169,-0.405,0.013
hsa-miR-19b-3p,PIK3R3,MIRT726938,-0.405,0.013
hsa-miR-141-3p,KATNAL1,,-0.405,0.013
hsa-miR-106a-5p,CERS6,,-0.405,0.013
hsa-miR-195-5p,GPC6,,-0.405,0.013
hsa-miR-381-3p,SLC4A4,,-0.405,0.013
hsa-miR-93-5p,MTMR3,MIRT157586,-0.405,0.013
hsa-miR-30b-5p,SERPINE1,MIRT054139,-0.405,0.013
hsa-miR-301a-3p,SRSF2,MIRT571618,-0.405,0.013
hsa-miR-378a-3p,NXPE3,,-0.405,0.013
hsa-miR-424-5p,PLXNA4,,-0.405,0.013
hsa-miR-20b-5p,GALNT10,,-0.405,0.013
hsa-miR-190a-5p,TRPS1,,-0.405,0.013
hsa-miR-362-5p,LRP6,,-0.405,0.013
hsa-let-7e-5p,ZNF652,MIRT051578,-0.405,0.014
hsa-miR-335-5p,UBE2G1,,-0.404,0.014
hsa-miR-106a-5p,HS2ST1,,-0.404,0.014
hsa-miR-223-3p,WASL,MIRT520210,-0.404,0.014
hsa-miR-338-3p,MRRF,,-0.404,0.014
hsa-let-7d-5p,EIF4G2,MIRT032105,-0.404,0.014
hsa-miR-106a-5p,SPRED1,MIRT280992,-0.404,0.014
hsa-miR-106a-5p,MYLIP,MIRT001838,-0.404,0.014
hsa-miR-136-5p,WASF3,,-0.404,0.014
hsa-miR-15b-5p,MNT,,-0.404,0.014
hsa-miR-326,NGFR,,-0.404,0.014
hsa-miR-139-5p,PAX2,,-0.404,0.014
hsa-let-7b-5p,GNS,,-0.404,0.014
hsa-miR-24-3p,AQR,,-0.404,0.014
hsa-miR-421,PTAR1,,-0.404,0.014
hsa-miR-223-3p,RUBCNL,,-0.404,0.014
hsa-miR-15a-5p,SLC39A10,,-0.403,0.014
hsa-miR-107,DCUN1D5,,-0.403,0.014
hsa-miR-181a-5p,JCAD,MIRT025102,-0.403,0.014
hsa-miR-107,PACSIN1,,-0.403,0.014
hsa-miR-93-5p,MARCHF6,MIRT506618,-0.403,0.014
hsa-miR-16-5p,TRAM1,MIRT726236,-0.403,0.014
hsa-miR-135b-5p,ILRUN,,-0.403,0.014
hsa-let-7d-5p,ERGIC2,,-0.403,0.014
hsa-miR-362-5p,CYLD,MIRT053602,-0.403,0.014
hsa-miR-15a-5p,PCDHA11,,-0.403,0.014
hsa-miR-93-5p,CCNT2,,-0.403,0.014
hsa-miR-106b-5p,ZBTB21,,-0.403,0.014
hsa-miR-16-5p,GIGYF1,,-0.403,0.014
hsa-miR-106b-5p,PKN2,,-0.403,0.014
hsa-miR-25-3p,FAM76B,,-0.403,0.014
hsa-miR-106a-5p,NRIP3,MIRT442764,-0.403,0.014
hsa-miR-363-3p,TMCC1,,-0.403,0.014
hsa-miR-17-5p,DERL2,,-0.403,0.014
hsa-miR-24-3p,RIMS2,,-0.403,0.014
hsa-miR-17-5p,SMIM14,,-0.403,0.014
hsa-miR-107,MIB1,,-0.403,0.014
hsa-miR-193b-3p,SLC35D1,,-0.403,0.014
hsa-miR-107,GRAMD2A,,-0.403,0.014
hsa-miR-20b-5p,ANKRD12,MIRT148878,-0.403,0.014
hsa-miR-107,MAPK8,,-0.403,0.014
hsa-miR-181c-5p,ETS1,MIRT613089,-0.403,0.014
hsa-miR-193a-3p,ABCB8,,-0.402,0.014
hsa-miR-106b-5p,UBN2,,-0.402,0.014
hsa-miR-93-5p,CEP128,,-0.402,0.014
hsa-miR-106a-5p,FNDC3A,,-0.402,0.014
hsa-miR-107,FAM81A,,-0.402,0.014
hsa-miR-195-5p,QKI,,-0.402,0.014
hsa-miR-326,CHRM1,,-0.402,0.014
hsa-miR-24-3p,MAPKBP1,,-0.402,0.014
hsa-miR-362-5p,PPP2CA,,-0.402,0.014
hsa-miR-16-5p,CDC42SE2,MIRT256306,-0.402,0.014
hsa-miR-17-5p,BAHD1,,-0.402,0.014
hsa-miR-7-5p,KPNA6,MIRT562055,-0.402,0.014
hsa-miR-17-5p,TIMM17A,MIRT112088,-0.402,0.014
hsa-miR-200b-3p,AP1S2,,-0.402,0.014
hsa-miR-491-5p,ERN1,,-0.402,0.014
hsa-miR-542-3p,PRCD,,-0.402,0.014
hsa-miR-106a-5p,ITGB8,,-0.402,0.014
hsa-miR-93-5p,SUCO,MIRT027954,-0.402,0.014
hsa-miR-195-5p,DSEL,,-0.402,0.014
hsa-miR-20b-5p,PLEKHA3,,-0.402,0.014
hsa-miR-93-5p,ARL5A,,-0.402,0.014
hsa-miR-224-5p,EIF5,,-0.402,0.014
hsa-miR-20b-5p,DGKH,,-0.402,0.014
hsa-miR-454-3p,ENPP5,MIRT548401,-0.402,0.014
hsa-miR-200b-3p,ROBO2,,-0.402,0.014
hsa-miR-140-5p,ZNF652,MIRT504999,-0.402,0.014
hsa-miR-148b-3p,DCUN1D4,,-0.402,0.014
hsa-miR-424-5p,ACACB,,-0.402,0.014
hsa-miR-7-5p,TIMM50,MIRT025669,-0.402,0.014
hsa-miR-16-5p,ZBTB20,,-0.402,0.014
hsa-miR-501-3p,STK24,,-0.402,0.014
hsa-miR-7-5p,IRS1,MIRT003807,-0.401,0.014
hsa-miR-23a-3p,KPNA5,,-0.401,0.014
hsa-miR-185-5p,CNKSR3,,-0.401,0.014
hsa-miR-181d-5p,PARM1,,-0.401,0.014
hsa-miR-152-3p,ARHGEF17,,-0.401,0.014
hsa-miR-185-5p,TMC5,,-0.401,0.014
hsa-miR-324-5p,METAP2,MIRT067589,-0.401,0.014
hsa-miR-107,GPR12,,-0.401,0.014
hsa-miR-452-5p,DYRK2,,-0.401,0.014
hsa-miR-140-5p,AARS1,,-0.401,0.014
hsa-miR-381-3p,PFKFB3,,-0.401,0.014
hsa-miR-25-3p,DNAJC27,,-0.401,0.015
hsa-miR-107,GNPNAT1,,-0.401,0.015
hsa-miR-326,CNN1,,-0.401,0.015
hsa-miR-378c,PSD3,,-0.401,0.015
hsa-miR-16-5p,MBD1,,-0.401,0.015
hsa-miR-20b-5p,PKN2,,-0.401,0.015
hsa-miR-454-3p,PHF20,,-0.401,0.015
hsa-miR-16-5p,MAP3K21,,-0.401,0.015
hsa-miR-24-3p,UBE2K,MIRT256046,-0.401,0.015
hsa-miR-148a-3p,BCL2L2,,-0.401,0.015
hsa-miR-186-5p,DSN1,,-0.401,0.015
hsa-miR-7-5p,MED12L,,-0.401,0.015
hsa-miR-193b-3p,SLF2,,-0.401,0.015
hsa-miR-106a-5p,YES1,,-0.401,0.015
hsa-miR-30c-5p,GRIN2A,,-0.401,0.015
hsa-miR-106b-5p,SMAD5,MIRT095203,-0.401,0.015
hsa-miR-106a-5p,UEVLD,,-0.4,0.015
hsa-miR-150-5p,SHISA4,,-0.4,0.015
hsa-miR-338-3p,LUC7L2,,-0.4,0.015
hsa-miR-24-3p,SNX27,,-0.4,0.015
hsa-miR-18a-5p,RASA2,,-0.4,0.015
hsa-miR-454-3p,EOGT,MIRT477365,-0.4,0.015
hsa-miR-363-3p,TENT2,,-0.4,0.015
hsa-miR-15a-5p,CDC6,,-0.4,0.015
hsa-miR-378c,BMP8A,,-0.4,0.015
hsa-miR-144-3p,ZNF507,,-0.4,0.015
hsa-miR-144-3p,CEP43,,-0.4,0.015
hsa-let-7b-5p,DCUN1D3,,-0.4,0.015
hsa-miR-93-5p,ZFP3,,-0.4,0.015
hsa-miR-93-5p,TMUB2,,-0.4,0.015
hsa-let-7e-5p,FSTL4,,-0.4,0.015
hsa-miR-93-5p,ATG14,MIRT727368,-0.4,0.015
hsa-miR-106a-5p,WIPF2,MIRT552864,-0.4,0.015
hsa-miR-381-3p,LAMA4,,-0.4,0.015
hsa-miR-106a-5p,ARAP2,,-0.4,0.015
hsa-miR-107,ARHGAP19,,-0.4,0.015
hsa-miR-551b-3p,ERBB4,,-0.4,0.015
hsa-miR-106a-5p,WNK3,MIRT448319,-0.4,0.015
hsa-miR-328-3p,GBA,,-0.4,0.015
hsa-miR-501-3p,BCLAF3,,-0.4,0.015
hsa-miR-24-3p,RSBN1L,,-0.399,0.015
hsa-miR-93-5p,BRMS1L,MIRT138112,-0.399,0.015
hsa-miR-7-5p,ERBB4,,-0.399,0.015
hsa-miR-107,HMGN2,,-0.399,0.015
hsa-miR-17-5p,LYPD6,,-0.399,0.015
hsa-miR-93-5p,WIPF2,MIRT552865,-0.399,0.015
hsa-miR-24-3p,CCNI2,,-0.399,0.015
hsa-miR-152-3p,MDM4,,-0.399,0.015
hsa-miR-93-5p,CDC40,,-0.399,0.015
hsa-miR-93-5p,MAGOHB,,-0.399,0.015
hsa-miR-93-5p,USP3,MIRT072568,-0.399,0.015
hsa-miR-22-3p,MAT2A,,-0.399,0.015
hsa-miR-362-5p,PSMA4,,-0.399,0.015
hsa-miR-877-5p,KRAS,MIRT502087,-0.399,0.015
hsa-miR-145-5p,ADAM17,MIRT007275,-0.399,0.015
hsa-let-7c-5p,PARM1,,-0.399,0.015
hsa-miR-24-3p,ZBTB44,,-0.399,0.015
hsa-miR-365a-3p,LPAR5,,-0.399,0.015
hsa-miR-365b-3p,LPAR5,,-0.399,0.015
hsa-miR-144-3p,H2AZ2,,-0.398,0.015
hsa-miR-24-3p,TRIM71,,-0.398,0.015
hsa-miR-93-5p,PSEN1,,-0.398,0.015
hsa-miR-185-5p,FSTL4,,-0.398,0.015
hsa-miR-193a-3p,DIO2,,-0.398,0.015
hsa-miR-195-5p,SNCG,MIRT738636,-0.398,0.015
hsa-miR-378c,DYRK1A,,-0.398,0.015
hsa-miR-378a-3p,SLC2A14,,-0.398,0.015
hsa-miR-17-5p,LRATD2,,-0.398,0.015
hsa-miR-107,RAB1B,MIRT004695,-0.398,0.015
hsa-miR-18a-5p,CTDSPL,MIRT031350,-0.398,0.015
hsa-miR-145-5p,MPLKIP,,-0.398,0.015
hsa-miR-193b-3p,FAM168B,,-0.398,0.015
hsa-miR-421,NUFIP2,,-0.398,0.015
hsa-miR-378c,DSCAM,,-0.398,0.015
hsa-miR-106a-5p,CCNT2,,-0.398,0.015
hsa-miR-491-5p,TCF7,,-0.398,0.016
hsa-miR-29b-3p,MXD1,MIRT303363,-0.398,0.016
hsa-miR-454-3p,DENND1A,,-0.398,0.016
hsa-miR-106a-5p,PCDHA9,,-0.398,0.016
hsa-miR-501-3p,ZNF496,,-0.398,0.016
hsa-miR-15a-5p,PCDHA5,,-0.397,0.016
hsa-miR-93-5p,NAPEPLD,,-0.397,0.016
hsa-miR-15a-5p,SHOC2,MIRT055421,-0.397,0.016
hsa-miR-16-5p,BDNF,MIRT437463,-0.397,0.016
hsa-miR-7-5p,RETREG2,,-0.397,0.016
hsa-miR-421,RORA,,-0.397,0.016
hsa-miR-98-5p,ZNF282,,-0.397,0.016
hsa-miR-363-3p,TENT4B,,-0.397,0.016
hsa-miR-491-5p,RNF207,,-0.397,0.016
hsa-let-7b-5p,ATPAF1,,-0.397,0.016
hsa-miR-26a-5p,DCUN1D3,,-0.397,0.016
hsa-miR-106a-5p,INTS6,,-0.397,0.016
hsa-miR-301a-3p,TMEM9B,,-0.397,0.016
hsa-miR-107,TFCP2L1,,-0.397,0.016
hsa-miR-15a-5p,ARL10,,-0.397,0.016
hsa-miR-378c,PDIK1L,,-0.397,0.016
hsa-miR-93-5p,CNNM2,,-0.397,0.016
hsa-miR-152-3p,TNRC6C,,-0.397,0.016
hsa-miR-152-3p,TANC1,,-0.397,0.016
hsa-miR-338-3p,N4BP2L1,,-0.397,0.016
hsa-let-7c-5p,IGF1,,-0.397,0.016
hsa-miR-125a-5p,LOXL1,,-0.397,0.016
hsa-miR-152-3p,DHRS13,,-0.397,0.016
hsa-miR-378c,ZKSCAN1,,-0.397,0.016
hsa-miR-15b-5p,MMP24,,-0.396,0.016
hsa-miR-362-5p,DENND6A,,-0.396,0.016
hsa-miR-532-3p,TMED10,,-0.396,0.016
hsa-miR-17-5p,PAFAH1B2,,-0.396,0.016
hsa-miR-107,LRIG2,,-0.396,0.016
hsa-miR-326,EPHB3,MIRT626270,-0.396,0.016
hsa-miR-501-3p,RPRD1B,,-0.396,0.016
hsa-miR-93-5p,C6orf62,MIRT048769,-0.396,0.016
hsa-miR-93-5p,PHF6,MIRT175645,-0.396,0.016
hsa-let-7d-5p,PDZD8,MIRT555717,-0.396,0.016
hsa-miR-15a-5p,LDLRAD4,,-0.396,0.016
hsa-miR-24-3p,NSD2,,-0.396,0.016
hsa-miR-25-3p,MRS2,,-0.396,0.016
hsa-miR-30c-5p,STAC,,-0.396,0.016
hsa-miR-130a-3p,TSPAN18,,-0.396,0.016
hsa-miR-501-3p,ZRANB2,,-0.396,0.016
hsa-miR-195-5p,ARPP21,,-0.396,0.016
hsa-miR-17-5p,SFMBT1,,-0.396,0.016
hsa-miR-363-3p,ZNF451,,-0.396,0.016
hsa-miR-501-3p,TMEM248,,-0.396,0.016
hsa-miR-186-5p,RAB11A,MIRT021133,-0.396,0.016
hsa-miR-152-3p,DDX6,MIRT478216,-0.395,0.016
hsa-miR-199b-3p,TSPAN3,MIRT553305,-0.395,0.016
hsa-miR-107,EML5,,-0.395,0.016
hsa-miR-15a-5p,PCDHA6,,-0.395,0.016
hsa-miR-107,VAMP8,,-0.395,0.016
hsa-miR-152-3p,WDR20,,-0.395,0.016
hsa-miR-107,ABI2,,-0.395,0.016
hsa-miR-195-5p,ZNF423,,-0.395,0.016
hsa-miR-31-5p,MGAT1,,-0.395,0.016
hsa-miR-93-5p,FBXW11,,-0.395,0.016
hsa-miR-144-3p,PANK1,MIRT701146,-0.395,0.016
hsa-miR-532-3p,HNRNPR,,-0.395,0.016
hsa-miR-199a-3p,TSPAN3,MIRT553306,-0.395,0.016
hsa-miR-145-5p,ERMP1,,-0.395,0.016
hsa-miR-193b-3p,SON,,-0.395,0.016
hsa-miR-148a-3p,TCF4,,-0.395,0.017
hsa-miR-501-3p,ESRRG,,-0.395,0.017
hsa-miR-501-3p,WDR82,,-0.395,0.017
hsa-miR-93-5p,TRPM3,,-0.395,0.017
hsa-miR-20b-5p,SHOC2,MIRT055391,-0.395,0.017
hsa-miR-106a-5p,SRGAP1,,-0.395,0.017
hsa-miR-16-5p,ARHGAP26,,-0.395,0.017
hsa-miR-107,SPIN1,,-0.395,0.017
hsa-miR-22-3p,DGKE,,-0.394,0.017
hsa-miR-204-5p,EPHB2,,-0.394,0.017
hsa-miR-362-5p,KCNRG,,-0.394,0.017
hsa-miR-15a-5p,XPR1,,-0.394,0.017
hsa-miR-24-3p,TSHZ2,,-0.394,0.017
hsa-miR-93-5p,CREB1,MIRT205047,-0.394,0.017
hsa-miR-106a-5p,SAMD12,MIRT554481,-0.394,0.017
hsa-miR-181d-5p,EML1,,-0.394,0.017
hsa-let-7d-5p,PLAGL2,MIRT485297,-0.394,0.017
hsa-miR-24-3p,MBTPS2,,-0.394,0.017
hsa-miR-145-5p,ERN1,,-0.394,0.017
hsa-miR-152-3p,BCLAF3,,-0.394,0.017
hsa-miR-24-3p,TMED8,,-0.394,0.017
hsa-miR-152-3p,BAZ2A,,-0.394,0.017
hsa-miR-381-3p,GTDC1,,-0.394,0.017
hsa-miR-93-5p,FNDC3A,,-0.394,0.017
hsa-miR-24-3p,AGO1,,-0.394,0.017
hsa-miR-224-5p,TRIM44,,-0.394,0.017
hsa-miR-106b-5p,SLC16A12,,-0.394,0.017
hsa-miR-378a-3p,C6orf89,,-0.394,0.017
hsa-miR-200c-3p,ROBO2,,-0.394,0.017
hsa-miR-152-3p,UBN2,,-0.394,0.017
hsa-let-7d-5p,IKZF2,,-0.393,0.017
hsa-miR-199a-5p,EIF5B,,-0.393,0.017
hsa-miR-148a-3p,SMIM12,,-0.393,0.017
hsa-miR-15a-5p,KIF1B,,-0.393,0.017
hsa-miR-15a-5p,AGO4,MIRT189961,-0.393,0.017
hsa-miR-20b-5p,LRCH1,,-0.393,0.017
hsa-miR-24-3p,SZRD1,,-0.393,0.017
hsa-miR-20b-5p,MKLN1,,-0.393,0.017
hsa-miR-299-5p,HCN1,,-0.393,0.017
hsa-miR-93-5p,ARL4A,,-0.393,0.017
hsa-miR-181b-5p,RAB3IL1,,-0.393,0.017
hsa-miR-15b-5p,CYB561,,-0.393,0.017
hsa-miR-145-5p,MSI2,,-0.393,0.017
hsa-miR-107,SREK1,MIRT500957,-0.393,0.017
hsa-miR-186-5p,NRL,,-0.393,0.017
hsa-miR-193b-3p,KHNYN,,-0.393,0.017
hsa-miR-15a-5p,ZNF609,,-0.393,0.017
hsa-miR-139-5p,YAF2,,-0.393,0.017
hsa-miR-24-3p,NCOA1,,-0.393,0.017
hsa-miR-1-3p,AGO1,MIRT438862,-0.393,0.017
hsa-miR-200a-3p,SCEL,,-0.393,0.017
hsa-miR-93-5p,SYAP1,,-0.393,0.017
hsa-miR-148b-3p,MAFG,,-0.393,0.017
hsa-miR-31-5p,TLN2,,-0.393,0.017
hsa-miR-15b-5p,LMO7,,-0.392,0.017
hsa-miR-24-3p,UQCC1,MIRT030498,-0.392,0.017
hsa-miR-106a-5p,EGLN3,MIRT548470,-0.392,0.017
hsa-miR-106a-5p,BTBD10,,-0.392,0.017
hsa-miR-185-5p,HNRNPA0,MIRT738245,-0.392,0.017
hsa-miR-193b-3p,GDF11,MIRT495317,-0.392,0.017
hsa-let-7g-5p,BZW1,MIRT300041,-0.392,0.017
hsa-miR-34c-5p,RRAS,,-0.392,0.017
hsa-miR-106a-5p,FRRS1L,,-0.392,0.017
hsa-miR-363-3p,CHRM5,,-0.392,0.017
hsa-let-7d-5p,SLC16A9,MIRT543869,-0.392,0.018
hsa-miR-22-3p,IKZF4,,-0.392,0.018
hsa-miR-363-3p,C16orf87,,-0.392,0.018
hsa-miR-106a-5p,FAM177A1,,-0.392,0.018
hsa-miR-20b-5p,PCYT1B,,-0.392,0.018
hsa-miR-15a-5p,ELL,,-0.392,0.018
hsa-miR-106a-5p,WDFY3,,-0.392,0.018
hsa-miR-20b-5p,CMPK1,MIRT071333,-0.392,0.018
hsa-miR-15b-5p,ZNF652,,-0.392,0.018
hsa-miR-378c,RAB15,,-0.392,0.018
hsa-miR-18a-5p,RORA,MIRT546690,-0.392,0.018
hsa-miR-93-5p,PKNOX1,MIRT513755,-0.392,0.018
hsa-miR-139-5p,ATXN1,,-0.392,0.018
hsa-miR-182-5p,SHROOM4,,-0.392,0.018
hsa-miR-150-5p,DYNLL2,,-0.392,0.018
hsa-miR-20b-5p,POLQ,MIRT726905,-0.392,0.018
hsa-miR-18a-5p,BEND3,,-0.391,0.018
hsa-miR-106a-5p,PDLIM5,,-0.391,0.018
hsa-miR-132-3p,RORB,,-0.391,0.018
hsa-miR-7-5p,LPP,,-0.391,0.018
hsa-miR-24-3p,AP2B1,,-0.391,0.018
hsa-miR-363-3p,DMXL1,,-0.391,0.018
hsa-miR-15a-5p,CCDC28A,,-0.391,0.018
hsa-let-7c-5p,ATP2B4,,-0.391,0.018
hsa-miR-93-5p,XIAP,MIRT108720,-0.391,0.018
hsa-miR-363-3p,XRN1,,-0.391,0.018
hsa-miR-378c,AAK1,,-0.391,0.018
hsa-miR-107,NFIB,,-0.391,0.018
hsa-miR-363-3p,FAR1,,-0.391,0.018
hsa-let-7d-5p,VAV3,,-0.391,0.018
hsa-miR-93-5p,OXR1,MIRT172198,-0.391,0.018
hsa-miR-93-5p,RYBP,MIRT027957,-0.391,0.018
hsa-miR-106a-5p,UBXN2A,MIRT088034,-0.391,0.018
hsa-miR-181d-5p,WSCD2,,-0.391,0.018
hsa-miR-16-5p,MBNL2,,-0.391,0.018
hsa-miR-16-5p,IRF2BPL,,-0.391,0.018
hsa-miR-205-5p,TNFAIP8,,-0.391,0.018
hsa-miR-223-3p,OTUD4,,-0.391,0.018
hsa-miR-145-5p,UBTD2,,-0.391,0.018
hsa-miR-16-5p,LAMTOR3,MIRT005437,-0.391,0.018
hsa-miR-20b-5p,RUBCN,,-0.391,0.018
hsa-miR-16-5p,VTI1A,,-0.39,0.018
hsa-let-7d-5p,FZD3,,-0.39,0.018
hsa-miR-107,BCL9L,,-0.39,0.018
hsa-miR-200a-3p,SOX6,,-0.39,0.018
hsa-miR-130b-3p,PLEKHF2,MIRT323696,-0.39,0.018
hsa-let-7d-5p,RAB22A,,-0.39,0.018
hsa-miR-195-5p,ELMOD1,,-0.39,0.018
hsa-miR-34c-5p,VTI1B,,-0.39,0.018
hsa-miR-330-3p,RCAN2,,-0.39,0.018
hsa-miR-93-5p,NRIP3,MIRT442765,-0.39,0.018
hsa-miR-106a-5p,ATXN1,MIRT549258,-0.39,0.018
hsa-miR-106a-5p,NUFIP2,MIRT506377,-0.39,0.018
hsa-miR-24-3p,SCAMP5,,-0.39,0.018
hsa-miR-152-3p,MPPED2,,-0.39,0.018
hsa-miR-378a-3p,KIF2A,,-0.39,0.018
hsa-miR-148b-3p,RC3H1,,-0.39,0.018
hsa-miR-429,SIX1,,-0.39,0.018
hsa-miR-106a-5p,PAFAH1B1,,-0.39,0.018
hsa-miR-106a-5p,RAB22A,MIRT083962,-0.39,0.018
hsa-miR-139-5p,SLC23A2,,-0.39,0.018
hsa-miR-20b-5p,RORA,MIRT546695,-0.39,0.018
hsa-miR-452-5p,ACTR3,,-0.39,0.018
hsa-miR-454-3p,LCOR,,-0.39,0.018
hsa-miR-339-5p,PDF,,-0.39,0.018
hsa-miR-30e-5p,MARK1,,-0.39,0.018
hsa-miR-365a-3p,SRSF1,,-0.39,0.018
hsa-miR-365b-3p,SRSF1,,-0.39,0.018
hsa-miR-15a-5p,MYLK,,-0.39,0.018
hsa-miR-15a-5p,PIK3R1,MIRT314051,-0.39,0.018
hsa-miR-152-3p,MTMR1,,-0.39,0.018
hsa-miR-29c-3p,RHOBTB1,,-0.39,0.018
hsa-miR-486-5p,MARCHF4,MIRT623308,-0.389,0.018
hsa-miR-425-5p,PGPEP1,,-0.389,0.018
hsa-miR-107,AVL9,,-0.389,0.018
hsa-miR-181d-5p,ITGA1,,-0.389,0.018
hsa-miR-29b-3p,ARF5,,-0.389,0.018
hsa-miR-96-5p,SIK2,,-0.389,0.018
hsa-miR-103a-3p,CTNND1,,-0.389,0.018
hsa-miR-30d-5p,ITSN1,,-0.389,0.018
hsa-miR-193b-3p,CXXC4,,-0.389,0.018
hsa-miR-107,TWF1,MIRT561386,-0.389,0.018
hsa-miR-139-5p,TRAF3,,-0.389,0.018
hsa-miR-22-3p,TNRC6B,,-0.389,0.018
hsa-miR-23a-3p,MYNN,,-0.389,0.018
hsa-miR-24-3p,RPS6KB1,,-0.389,0.018
hsa-miR-378c,SARM1,,-0.389,0.018
hsa-miR-24-3p,C12orf43,,-0.389,0.018
hsa-miR-503-5p,PTGFR,,-0.389,0.018
hsa-miR-454-3p,MYBL1,,-0.389,0.019
hsa-miR-98-5p,CCNJL,,-0.389,0.019
hsa-miR-145-5p,C5orf15,,-0.389,0.019
hsa-miR-200c-3p,ZFHX4,MIRT106298,-0.389,0.019
hsa-miR-381-3p,VLDLR,,-0.389,0.019
hsa-miR-20b-5p,PCDHA5,,-0.389,0.019
hsa-miR-16-5p,ARMCX2,MIRT051213,-0.389,0.019
hsa-miR-338-3p,ZZZ3,,-0.389,0.019
hsa-miR-106a-5p,DERL2,,-0.389,0.019
hsa-miR-20b-5p,POU6F1,,-0.389,0.019
hsa-miR-421,ZMAT3,,-0.389,0.019
hsa-miR-24-3p,MEIS2,,-0.389,0.019
hsa-miR-363-3p,TGFB2,,-0.389,0.019
hsa-miR-181d-5p,FIGN,,-0.389,0.019
hsa-miR-135a-5p,GPR158,,-0.389,0.019
hsa-miR-24-3p,RAB5B,,-0.389,0.019
hsa-miR-16-5p,ARMC8,,-0.388,0.019
hsa-miR-20b-5p,POLR3G,MIRT097613,-0.388,0.019
hsa-let-7e-5p,LRRC59,,-0.388,0.019
hsa-miR-141-3p,FNIP2,,-0.388,0.019
hsa-miR-454-3p,LRP2,,-0.388,0.019
hsa-miR-222-3p,OSTM1,,-0.388,0.019
hsa-miR-140-5p,STK3,,-0.388,0.019
hsa-miR-381-3p,EPB41L1,,-0.388,0.019
hsa-miR-93-5p,PAFAH2,,-0.388,0.019
hsa-miR-107,TLE4,,-0.388,0.019
hsa-miR-128-3p,RIMS3,,-0.388,0.019
hsa-miR-454-3p,N4BP1,,-0.388,0.019
hsa-let-7c-5p,BCAT1,,-0.388,0.019
hsa-miR-454-3p,ZPLD1,,-0.388,0.019
hsa-miR-195-5p,EIF5A2,,-0.388,0.019
hsa-miR-16-5p,THUMPD1,,-0.388,0.019
hsa-miR-16-5p,POLR1A,,-0.388,0.019
hsa-miR-106a-5p,AGFG2,,-0.388,0.019
hsa-miR-106a-5p,RAPH1,,-0.388,0.019
hsa-miR-106b-5p,GXYLT1,,-0.388,0.019
hsa-miR-454-3p,EPHA7,,-0.388,0.019
hsa-miR-454-3p,MTMR6,,-0.388,0.019
hsa-miR-145-5p,CLIP1,,-0.388,0.019
hsa-miR-106a-5p,MBD5,,-0.387,0.019
hsa-miR-182-5p,LDB3,,-0.387,0.019
hsa-let-7b-5p,EPHA3,,-0.387,0.019
hsa-miR-144-3p,HIVEP3,,-0.387,0.019
hsa-miR-16-5p,SLC10A7,,-0.387,0.019
hsa-miR-106a-5p,ANKRD28,,-0.387,0.019
hsa-miR-106a-5p,POLR3G,,-0.387,0.019
hsa-miR-200c-3p,RAP1B,,-0.387,0.019
hsa-miR-15b-5p,DNAJC5,MIRT046449,-0.387,0.019
hsa-miR-185-5p,ELK1,,-0.387,0.019
hsa-miR-181c-5p,PDK4,,-0.387,0.019
hsa-miR-378a-3p,FCRLB,,-0.387,0.019
hsa-miR-326,DAGLA,,-0.387,0.019
hsa-miR-106a-5p,TMX3,,-0.387,0.019
hsa-miR-22-3p,MTHFR,MIRT732754,-0.387,0.019
hsa-miR-93-5p,FAM177A1,,-0.387,0.019
hsa-miR-106a-5p,PAFAH1B2,,-0.387,0.019
hsa-miR-141-3p,SOX17,,-0.387,0.019
hsa-miR-24-3p,NREP,,-0.387,0.019
hsa-miR-24-3p,ZC3H8,,-0.387,0.019
hsa-miR-107,ESRRA,,-0.387,0.019
hsa-miR-24-3p,MCTP2,,-0.387,0.019
hsa-miR-141-3p,RGS17,,-0.387,0.019
hsa-miR-15a-5p,CLOCK,,-0.386,0.019
hsa-miR-18a-5p,UBE2Z,,-0.386,0.019
hsa-miR-30c-5p,SNAI1,MIRT006762,-0.386,0.019
hsa-miR-140-5p,PLEKHG3,,-0.386,0.019
hsa-miR-15a-5p,STOX2,,-0.386,0.019
hsa-miR-24-3p,MLEC,MIRT003889,-0.386,0.02
hsa-miR-301a-3p,ARAP2,,-0.386,0.02
hsa-let-7d-5p,CCDC71L,,-0.386,0.02
hsa-miR-152-3p,RICTOR,,-0.386,0.02
hsa-miR-93-5p,CAPRIN1,,-0.386,0.02
hsa-miR-106a-5p,RUNDC1,,-0.386,0.02
hsa-miR-145-5p,AKIRIN1,,-0.386,0.02
hsa-miR-20b-5p,ATXN1L,,-0.386,0.02
hsa-let-7c-5p,ANGPTL2,,-0.386,0.02
hsa-miR-20b-5p,UBE3C,,-0.386,0.02
hsa-miR-103a-3p,TARDBP,,-0.386,0.02
hsa-miR-196a-5p,BCAT1,,-0.386,0.02
hsa-miR-140-5p,BCL2L1,,-0.386,0.02
hsa-miR-31-5p,BMPER,,-0.386,0.02
hsa-miR-365a-3p,KIAA1328,,-0.386,0.02
hsa-miR-365b-3p,KIAA1328,,-0.386,0.02
hsa-miR-7-5p,SLC38A2,,-0.385,0.02
hsa-miR-24-3p,PTPN9,MIRT035526,-0.385,0.02
hsa-miR-93-5p,CNOT6L,MIRT479063,-0.385,0.02
hsa-miR-30e-5p,KCTD16,,-0.385,0.02
hsa-miR-107,PAWR,MIRT513790,-0.385,0.02
hsa-miR-107,SUFU,,-0.385,0.02
hsa-miR-193a-5p,TMEM234,,-0.385,0.02
hsa-miR-7-5p,RYK,MIRT025856,-0.385,0.02
hsa-miR-22-3p,NRAS,,-0.385,0.02
hsa-miR-93-5p,RGMB,MIRT122364,-0.385,0.02
hsa-miR-142-5p,PURA,,-0.385,0.02
hsa-miR-362-5p,AJUBA,,-0.385,0.02
hsa-let-7e-5p,DDX19A,,-0.385,0.02
hsa-miR-106a-5p,MCF2L,,-0.385,0.02
hsa-miR-454-3p,DCP2,,-0.385,0.02
hsa-miR-106b-5p,MARCHF6,MIRT506624,-0.385,0.02
hsa-miR-16-5p,TAOK1,MIRT196451,-0.385,0.02
hsa-miR-19b-3p,ELOVL5,MIRT050635,-0.385,0.02
hsa-miR-24-3p,AGFG2,,-0.385,0.02
hsa-miR-22-3p,NFAT5,,-0.385,0.02
hsa-miR-106a-5p,ARHGEF3,,-0.385,0.02
hsa-let-7i-5p,SUB1,,-0.385,0.02
hsa-miR-363-3p,SYT2,,-0.385,0.02
hsa-miR-107,FOXJ3,,-0.385,0.02
hsa-miR-182-5p,RHOQ,,-0.385,0.02
hsa-miR-93-5p,EMSY,MIRT503077,-0.385,0.02
hsa-miR-363-3p,FXR1,,-0.385,0.02
hsa-miR-454-3p,CBFB,,-0.385,0.02
hsa-miR-15a-5p,KRAS,,-0.384,0.02
hsa-miR-24-3p,EML4,,-0.384,0.02
hsa-miR-186-5p,ZBTB7A,,-0.384,0.02
hsa-miR-339-5p,TMEM183A,,-0.384,0.02
hsa-miR-193b-3p,CNNM2,,-0.384,0.02
hsa-miR-320b,MAT2A,,-0.384,0.02
hsa-let-7d-5p,ICOS,,-0.384,0.02
hsa-miR-16-5p,OCRL,MIRT326302,-0.384,0.02
hsa-miR-18a-5p,KIT,,-0.384,0.02
hsa-miR-26b-5p,TP53INP2,,-0.384,0.02
hsa-miR-532-3p,ZBTB7A,,-0.384,0.02
hsa-let-7e-5p,TEAD3,,-0.384,0.02
hsa-miR-363-3p,RASAL2,,-0.384,0.02
hsa-miR-7-5p,SERP1,MIRT025860,-0.384,0.02
hsa-miR-140-5p,WEE1,,-0.384,0.02
hsa-miR-7-5p,NT5DC1,,-0.384,0.02
hsa-miR-10a-5p,TMEM121B,,-0.384,0.02
hsa-miR-15b-5p,PSMA5,,-0.384,0.02
hsa-miR-16-5p,KIF3B,MIRT152737,-0.384,0.02
hsa-miR-425-5p,ZNF148,MIRT039326,-0.384,0.02
hsa-miR-24-3p,SSR1,MIRT634001,-0.384,0.02
hsa-miR-107,PRPF4B,,-0.384,0.02
hsa-miR-16-5p,NEK10,,-0.384,0.02
hsa-miR-23b-3p,EGR1,,-0.384,0.02
hsa-miR-15a-5p,CACNA1E,,-0.384,0.02
hsa-miR-29b-3p,DNMT3A,MIRT003029,-0.384,0.02
hsa-miR-143-3p,GRIPAP1,,-0.384,0.02
hsa-miR-106b-5p,AKAP11,MIRT020469,-0.384,0.021
hsa-miR-24-3p,CACNA1E,,-0.384,0.021
hsa-miR-17-5p,PCDHA3,,-0.383,0.021
hsa-miR-152-3p,NCAM1,,-0.383,0.021
hsa-miR-152-3p,NHS,,-0.383,0.021
hsa-miR-19b-3p,ITGB3,,-0.383,0.021
hsa-miR-93-5p,RAPGEFL1,,-0.383,0.021
hsa-miR-106b-5p,RORA,MIRT020475,-0.383,0.021
hsa-miR-16-5p,ARL10,MIRT051179,-0.383,0.021
hsa-miR-25-3p,YIPF4,MIRT206433,-0.383,0.021
hsa-miR-193a-5p,ZNF70,,-0.383,0.021
hsa-miR-15a-5p,DICER1,MIRT727876,-0.383,0.021
hsa-miR-24-3p,ATP2B1,,-0.383,0.021
hsa-miR-93-5p,FAM117B,MIRT157146,-0.383,0.021
hsa-miR-193b-3p,MYCN,,-0.383,0.021
hsa-miR-107,RPRD2,,-0.383,0.021
hsa-let-7d-5p,MAPK1IP1L,,-0.383,0.021
hsa-miR-23a-3p,YIPF4,,-0.383,0.021
hsa-miR-130b-3p,ESR1,MIRT502518,-0.383,0.021
hsa-let-7d-5p,CPD,,-0.383,0.021
hsa-miR-107,TMEM184C,,-0.383,0.021
hsa-miR-224-5p,UBN2,,-0.383,0.021
hsa-miR-148b-3p,ZDHHC17,MIRT019308,-0.383,0.021
hsa-let-7d-5p,PDE12,MIRT120920,-0.383,0.021
hsa-miR-152-3p,AGO1,,-0.383,0.021
hsa-miR-181d-5p,SIM1,,-0.383,0.021
hsa-miR-144-3p,SGK3,,-0.383,0.021
hsa-miR-129-5p,ADCY5,,-0.383,0.021
hsa-miR-181c-5p,ATL3,,-0.383,0.021
hsa-miR-106a-5p,DYRK1A,,-0.383,0.021
hsa-miR-182-5p,PPM1L,MIRT654840,-0.383,0.021
hsa-miR-195-5p,CNKSR2,,-0.383,0.021
hsa-miR-107,GAN,,-0.383,0.021
hsa-miR-215-5p,OSBPL10,MIRT024715,-0.383,0.021
hsa-miR-7-5p,IDE,MIRT025720,-0.382,0.021
hsa-miR-142-5p,NEXMIF,,-0.382,0.021
hsa-miR-25-3p,ZC2HC1A,,-0.382,0.021
hsa-miR-454-3p,TSPOAP1,,-0.382,0.021
hsa-miR-15a-5p,KCNC2,,-0.382,0.021
hsa-miR-185-5p,GPR12,,-0.382,0.021
hsa-miR-106a-5p,PAK3,,-0.382,0.021
hsa-miR-142-5p,IL6ST,,-0.382,0.021
hsa-miR-136-5p,CCPG1,,-0.382,0.021
hsa-miR-106b-5p,FSD1L,,-0.382,0.021
hsa-miR-378c,AP1AR,,-0.382,0.021
hsa-miR-107,KAT7,,-0.382,0.021
hsa-miR-9-5p,VAMP3,,-0.382,0.021
hsa-miR-20b-5p,HDAC4,,-0.382,0.021
hsa-miR-29b-3p,SLC31A1,,-0.382,0.021
hsa-miR-7-5p,SLC22A23,,-0.382,0.021
hsa-miR-145-5p,CCDC25,MIRT021498,-0.382,0.021
hsa-miR-145-5p,RLIM,,-0.381,0.021
hsa-miR-93-5p,KIF5A,,-0.381,0.021
hsa-miR-106a-5p,WDR37,,-0.381,0.021
hsa-miR-31-5p,FGF7,,-0.381,0.021
hsa-miR-93-5p,FOXQ1,MIRT485584,-0.381,0.021
hsa-miR-328-3p,DYNLL2,,-0.381,0.021
hsa-miR-33b-5p,LHX6,,-0.381,0.021
hsa-miR-93-5p,SCAMP5,MIRT141127,-0.381,0.022
hsa-let-7b-5p,PCYOX1,,-0.381,0.022
hsa-miR-324-5p,EXT2,,-0.381,0.022
hsa-miR-96-5p,FOXO1,MIRT001087,-0.381,0.022
hsa-let-7d-5p,IRGQ,,-0.381,0.022
hsa-miR-24-3p,WDTC1,,-0.381,0.022
hsa-miR-16-5p,RGP1,,-0.381,0.022
hsa-miR-502-3p,ELAVL2,MIRT537765,-0.381,0.022
hsa-let-7f-5p,ERP29,,-0.381,0.022
hsa-miR-107,FNBP1L,,-0.381,0.022
hsa-miR-15a-5p,MNT,,-0.381,0.022
hsa-miR-23a-3p,SREK1IP1,,-0.381,0.022
hsa-miR-20b-5p,NSD2,MIRT164665,-0.381,0.022
hsa-miR-22-3p,TRIB2,,-0.381,0.022
hsa-miR-363-3p,ANKIB1,,-0.381,0.022
hsa-miR-425-5p,LPP,,-0.381,0.022
hsa-let-7c-5p,DCUN1D3,,-0.381,0.022
hsa-miR-106a-5p,IRF2BP2,,-0.381,0.022
hsa-miR-22-3p,KDM6B,,-0.38,0.022
hsa-miR-17-5p,TENT5C,MIRT058911,-0.38,0.022
hsa-miR-107,FOXJ2,,-0.38,0.022
hsa-miR-760,CNN1,,-0.38,0.022
hsa-miR-15b-5p,NFATC2,,-0.38,0.022
hsa-miR-363-3p,PLEKHA1,MIRT055790,-0.38,0.022
hsa-miR-106a-5p,CNOT7,,-0.38,0.022
hsa-miR-15a-5p,HS3ST3B1,,-0.38,0.022
hsa-miR-107,NAV2,,-0.38,0.022
hsa-miR-145-5p,SNX24,MIRT437611,-0.38,0.022
hsa-miR-185-5p,PITPNA,,-0.38,0.022
hsa-miR-362-5p,PLXNB1,,-0.38,0.022
hsa-miR-20b-5p,RNF145,,-0.38,0.022
hsa-miR-199b-3p,PGRMC2,,-0.38,0.022
hsa-miR-93-5p,OTUD3,,-0.38,0.022
hsa-miR-106a-5p,NR2C2,MIRT522196,-0.38,0.022
hsa-let-7d-5p,MYCL,,-0.38,0.022
hsa-miR-106a-5p,CCNG2,,-0.38,0.022
hsa-miR-7-5p,SPATA2,MIRT025967,-0.38,0.022
hsa-miR-106a-5p,EDA2R,,-0.38,0.022
hsa-miR-148a-3p,IGF1,,-0.38,0.022
hsa-let-7e-5p,RAB40C,MIRT469714,-0.379,0.022
hsa-miR-107,NPAS3,,-0.379,0.022
hsa-miR-365a-3p,PIAS1,,-0.379,0.022
hsa-miR-365b-3p,PIAS1,,-0.379,0.022
hsa-miR-425-5p,CBX6,,-0.379,0.022
hsa-let-7c-5p,IGLON5,,-0.379,0.022
hsa-miR-7-5p,PIK3CD,MIRT006777,-0.379,0.022
hsa-miR-326,EMILIN3,,-0.379,0.022
hsa-let-7d-5p,SLC25A24,,-0.379,0.022
hsa-miR-15a-5p,DCAF5,,-0.379,0.022
hsa-miR-24-3p,KAT6A,,-0.379,0.022
hsa-miR-93-5p,RPS6KA6,,-0.379,0.022
hsa-miR-29b-3p,CHFR,,-0.379,0.022
hsa-miR-877-5p,SYNCRIP,,-0.379,0.022
hsa-miR-24-3p,AAK1,MIRT639018,-0.379,0.023
hsa-miR-324-5p,INSIG2,,-0.379,0.023
hsa-miR-152-3p,UBE2W,,-0.379,0.023
hsa-let-7b-5p,TMEM135,,-0.379,0.023
hsa-miR-20b-5p,STXBP5,,-0.379,0.023
hsa-miR-17-5p,ENPP5,MIRT050870,-0.379,0.023
hsa-miR-423-5p,ZNF609,MIRT743288,-0.379,0.023
hsa-miR-454-3p,EFNA5,,-0.378,0.023
hsa-miR-24-3p,NFIB,,-0.378,0.023
hsa-miR-29b-3p,DOT1L,MIRT739584,-0.378,0.023
hsa-miR-107,LCOR,MIRT178476,-0.378,0.023
hsa-miR-23a-3p,NRXN1,,-0.378,0.023
hsa-let-7c-5p,ITSN1,,-0.378,0.023
hsa-miR-144-3p,SEMA6D,,-0.378,0.023
hsa-miR-145-5p,CCDC149,,-0.378,0.023
hsa-miR-20b-5p,ZBTB21,,-0.378,0.023
hsa-miR-200b-3p,SOX6,,-0.378,0.023
hsa-miR-491-5p,NFASC,,-0.378,0.023
hsa-miR-16-5p,PTCH1,,-0.378,0.023
hsa-miR-106a-5p,REEP3,MIRT056815,-0.378,0.023
hsa-miR-363-3p,HAS3,,-0.378,0.023
hsa-let-7d-5p,SYT1,MIRT735664,-0.378,0.023
hsa-miR-17-5p,GNA11,,-0.378,0.023
hsa-miR-106a-5p,PLEKHA3,,-0.378,0.023
hsa-miR-15a-5p,PCDHA7,,-0.378,0.023
hsa-miR-23a-3p,YOD1,,-0.378,0.023
hsa-miR-130b-3p,RUNDC1,MIRT699917,-0.378,0.023
hsa-miR-23a-3p,MATN1,,-0.378,0.023
hsa-miR-199b-3p,NACC2,,-0.378,0.023
hsa-miR-378c,PAPOLG,,-0.378,0.023
hsa-miR-15b-5p,HSPA4L,MIRT211315,-0.377,0.023
hsa-miR-152-3p,UGT8,,-0.377,0.023
hsa-miR-93-5p,WDR37,MIRT055650,-0.377,0.023
hsa-miR-193a-3p,NSF,,-0.377,0.023
hsa-miR-24-3p,VCPIP1,MIRT673622,-0.377,0.023
hsa-miR-107,MRPS23,,-0.377,0.023
hsa-miR-152-3p,STXBP5,,-0.377,0.023
hsa-miR-425-5p,CSNK1G1,MIRT790392,-0.377,0.023
hsa-miR-15a-5p,CNNM2,,-0.377,0.023
hsa-miR-18a-5p,SOCS5,,-0.377,0.023
hsa-miR-193a-3p,KDM5C,,-0.377,0.023
hsa-miR-378c,VANGL1,,-0.377,0.023
hsa-miR-152-3p,FMR1,,-0.377,0.023
hsa-miR-182-5p,JAZF1,,-0.377,0.023
hsa-miR-15a-5p,PHLPP2,MIRT547131,-0.377,0.023
hsa-miR-17-5p,C2orf69,MIRT156639,-0.377,0.023
hsa-miR-98-5p,PRORP,MIRT549793,-0.377,0.023
hsa-miR-199a-3p,NACC2,,-0.377,0.023
hsa-miR-195-5p,NLGN1,,-0.377,0.023
hsa-let-7c-5p,TSPAN18,,-0.377,0.023
hsa-miR-17-5p,SLC16A9,MIRT726560,-0.377,0.023
hsa-miR-193a-5p,ANKS1A,,-0.377,0.023
hsa-miR-140-5p,NFYA,,-0.377,0.023
hsa-miR-363-3p,LRATD1,,-0.377,0.023
hsa-miR-25-3p,RORA,,-0.376,0.024
hsa-miR-363-3p,NSG1,,-0.376,0.024
hsa-miR-93-5p,SCN2B,,-0.376,0.024
hsa-miR-29b-3p,SLC39A9,,-0.376,0.024
hsa-miR-200b-3p,SNTB2,,-0.376,0.024
hsa-miR-532-3p,GPRC5A,,-0.376,0.024
hsa-miR-130b-3p,KCNK10,,-0.376,0.024
hsa-miR-16-5p,JPH1,,-0.376,0.024
hsa-miR-30a-5p,CERT1,,-0.376,0.024
hsa-miR-15b-5p,PIP4P1,MIRT726286,-0.376,0.024
hsa-miR-326,RBM23,,-0.376,0.024
hsa-miR-486-5p,SLAIN2,,-0.376,0.024
hsa-miR-421,PFKFB2,,-0.376,0.024
hsa-miR-24-3p,SOCS6,,-0.376,0.024
hsa-miR-106a-5p,ZBTB37,MIRT182519,-0.376,0.024
hsa-miR-199a-3p,PGRMC2,,-0.376,0.024
hsa-miR-223-3p,ARMC1,,-0.376,0.024
hsa-miR-186-5p,PDK3,,-0.376,0.024
hsa-miR-1306-5p,UBTF,,-0.376,0.024
hsa-miR-532-3p,RNF121,,-0.376,0.024
hsa-miR-29b-3p,SLCO5A1,,-0.376,0.024
hsa-miR-363-3p,PIK3R3,,-0.376,0.024
hsa-miR-23a-3p,ATP6V1C1,,-0.376,0.024
hsa-miR-107,FAM168B,,-0.376,0.024
hsa-miR-193a-5p,GRAMD1B,,-0.376,0.024
hsa-miR-144-3p,BMPR1A,,-0.376,0.024
hsa-miR-103a-3p,ST13,,-0.376,0.024
hsa-miR-130a-3p,TRPC3,MIRT553352,-0.376,0.024
hsa-miR-145-5p,RGS7,,-0.376,0.024
hsa-miR-24-3p,RNF8,,-0.376,0.024
hsa-miR-193b-3p,FAIM2,,-0.376,0.024
hsa-miR-130b-3p,REEP1,,-0.376,0.024
hsa-miR-454-3p,USP48,,-0.376,0.024
hsa-miR-497-5p,PTGFR,,-0.376,0.024
hsa-miR-454-3p,GPR174,,-0.376,0.024
hsa-miR-532-3p,NUTF2,,-0.376,0.024
hsa-miR-193a-5p,NXF1,,-0.376,0.024
hsa-miR-24-3p,PRKCH,MIRT732350,-0.376,0.024
hsa-miR-452-5p,SLC23A2,,-0.376,0.024
hsa-miR-1306-5p,MICOS10,,-0.375,0.024
hsa-miR-365a-3p,DENND11,,-0.375,0.024
hsa-miR-365b-3p,DENND11,,-0.375,0.024
hsa-miR-106a-5p,TNFAIP1,,-0.375,0.024
hsa-miR-152-3p,RUBCN,,-0.375,0.024
hsa-miR-340-5p,MYO10,,-0.375,0.024
hsa-miR-96-5p,EBF3,,-0.375,0.024
hsa-miR-145-5p,TTC4,,-0.375,0.024
hsa-miR-491-5p,PADI2,,-0.375,0.024
hsa-miR-18a-5p,ESR1,MIRT000703,-0.375,0.024
hsa-miR-18a-5p,ETV6,,-0.375,0.024
hsa-miR-24-3p,DNAJB12,MIRT030463,-0.375,0.024
hsa-miR-338-3p,SNX30,,-0.375,0.024
hsa-miR-20b-5p,TNFSF11,,-0.375,0.024
hsa-miR-421,IGSF3,,-0.375,0.024
hsa-miR-186-5p,PIK3R3,,-0.375,0.024
hsa-miR-301a-3p,ERBB4,,-0.375,0.024
hsa-miR-106a-5p,SLC33A1,,-0.375,0.024
hsa-miR-152-3p,TGFA,MIRT035552,-0.375,0.024
hsa-miR-20b-5p,ARL5A,,-0.375,0.024
hsa-miR-224-5p,YOD1,,-0.375,0.024
hsa-miR-106b-5p,ZNF704,,-0.375,0.024
hsa-miR-429,LATS2,,-0.375,0.024
hsa-miR-708-5p,LCMT2,,-0.375,0.024
hsa-miR-532-3p,FBXL19,,-0.375,0.024
hsa-miR-17-5p,PGM2L1,MIRT726962,-0.374,0.024
hsa-miR-24-3p,STRN,,-0.374,0.024
hsa-miR-181b-5p,VKORC1L1,,-0.374,0.024
hsa-miR-106b-5p,FBXO48,MIRT440652,-0.374,0.024
hsa-miR-362-5p,PANK3,,-0.374,0.024
hsa-miR-425-5p,KMT5B,,-0.374,0.024
hsa-miR-107,MYNN,,-0.374,0.024
hsa-miR-15b-5p,KLHL18,,-0.374,0.024
hsa-miR-154-5p,LYVE1,,-0.374,0.024
hsa-miR-454-3p,TRIM2,,-0.374,0.024
hsa-miR-501-3p,SEC63,,-0.374,0.024
hsa-miR-421,FAM126B,,-0.374,0.024
hsa-let-7b-5p,TOB2,,-0.374,0.025
hsa-let-7d-5p,ADGRL3,,-0.374,0.025
hsa-miR-106a-5p,ANKH,MIRT095721,-0.374,0.025
hsa-miR-152-3p,TBL1XR1,,-0.374,0.025
hsa-miR-182-5p,SLC25A16,,-0.374,0.025
hsa-miR-454-3p,SPATA2,,-0.374,0.025
hsa-miR-199b-3p,DDR2,,-0.374,0.025
hsa-miR-130a-3p,CMPK2,,-0.374,0.025
hsa-miR-760,SEPHS2,,-0.374,0.025
hsa-miR-106a-5p,IKZF4,,-0.374,0.025
hsa-miR-103a-3p,HMGB1,,-0.374,0.025
hsa-miR-18a-5p,DICER1,MIRT007178,-0.374,0.025
hsa-miR-199a-3p,DDR2,,-0.374,0.025
hsa-miR-106b-5p,MRTFB,,-0.374,0.025
hsa-miR-532-3p,EFNA5,,-0.374,0.025
hsa-miR-107,ZNF827,,-0.374,0.025
hsa-miR-16-5p,SLITRK6,,-0.374,0.025
hsa-miR-324-5p,USP2,,-0.374,0.025
hsa-miR-378c,IPO9,,-0.374,0.025
hsa-miR-145-5p,CTNNA2,,-0.374,0.025
hsa-let-7d-5p,MXD1,MIRT303319,-0.373,0.025
hsa-miR-186-5p,EMP2,,-0.373,0.025
hsa-miR-542-3p,NAV1,,-0.373,0.025
hsa-let-7e-5p,MYCL,,-0.373,0.025
hsa-miR-224-5p,DIO1,MIRT006136,-0.373,0.025
hsa-miR-193b-3p,PAK3,,-0.373,0.025
hsa-miR-17-5p,RIMKLA,,-0.373,0.025
hsa-miR-20b-5p,MALSU1,,-0.373,0.025
hsa-miR-501-3p,SLC25A26,,-0.373,0.025
hsa-miR-374b-5p,UBA6,,-0.373,0.025
hsa-miR-24-3p,KIF2A,,-0.373,0.025
hsa-miR-93-5p,FNBP1L,MIRT082292,-0.373,0.025
hsa-miR-152-3p,ATP7A,,-0.373,0.025
hsa-miR-363-3p,OTUD3,,-0.373,0.025
hsa-miR-20b-5p,PDPR,,-0.373,0.025
hsa-miR-455-5p,MAN1A1,,-0.373,0.025
hsa-miR-454-3p,SYNCRIP,,-0.373,0.025
hsa-miR-15b-5p,PPP2R1A,,-0.373,0.025
hsa-miR-20b-5p,DYRK2,MIRT188188,-0.373,0.025
hsa-miR-326,EML2,,-0.373,0.025
hsa-miR-143-3p,KIF3C,,-0.373,0.025
hsa-miR-152-3p,NEURL4,MIRT762893,-0.373,0.025
hsa-miR-93-5p,IL17RD,,-0.373,0.025
hsa-miR-193a-5p,SRSF10,,-0.373,0.025
hsa-miR-877-5p,NR4A3,,-0.373,0.025
hsa-miR-491-5p,FNBP1,,-0.373,0.025
hsa-miR-106b-5p,ZBTB20,,-0.372,0.025
hsa-miR-106b-5p,CREBRF,,-0.372,0.025
hsa-miR-93-5p,FAM3C,MIRT048753,-0.372,0.025
hsa-miR-409-3p,MYLK,,-0.372,0.025
hsa-miR-330-5p,CPLX2,,-0.372,0.025
hsa-miR-18a-5p,RIMKLA,,-0.372,0.025
hsa-miR-454-3p,ZNF451,,-0.372,0.025
hsa-miR-1271-5p,TP53INP2,,-0.372,0.025
hsa-miR-365a-3p,DYRK2,,-0.372,0.025
hsa-miR-365b-3p,DYRK2,,-0.372,0.025
hsa-miR-193a-3p,ENTPD1,,-0.372,0.025
hsa-miR-382-5p,COL8A1,,-0.372,0.025
hsa-let-7e-5p,GPATCH3,,-0.372,0.026
hsa-miR-24-3p,ZDHHC14,,-0.372,0.026
hsa-miR-93-5p,PHIP,,-0.372,0.026
hsa-miR-106b-5p,AGO3,MIRT524986,-0.372,0.026
hsa-miR-199b-3p,FGF7,,-0.372,0.026
hsa-miR-106a-5p,SUCO,MIRT500871,-0.372,0.026
hsa-miR-107,GATAD2B,,-0.372,0.026
hsa-miR-130b-3p,SLC44A1,MIRT020227,-0.372,0.026
hsa-miR-27a-3p,SLCO5A1,,-0.372,0.026
hsa-miR-19b-3p,ZBTB18,MIRT064796,-0.372,0.026
hsa-miR-145-5p,AP1G1,MIRT021529,-0.372,0.026
hsa-let-7d-5p,TUSC2,,-0.372,0.026
hsa-miR-24-3p,BZW1,MIRT352061,-0.372,0.026
hsa-miR-152-3p,CSNK2A1,MIRT737868,-0.372,0.026
hsa-miR-378c,PEX2,,-0.372,0.026
hsa-miR-15a-5p,RORA,,-0.372,0.026
hsa-miR-106a-5p,NCOR1,,-0.372,0.026
hsa-miR-152-3p,TTBK2,,-0.372,0.026
hsa-miR-152-3p,ALCAM,MIRT732663,-0.372,0.026
hsa-miR-326,NFIX,,-0.372,0.026
hsa-miR-339-5p,FRS2,,-0.371,0.026
hsa-miR-532-3p,CHD3,,-0.371,0.026
hsa-miR-145-5p,ADNP,,-0.371,0.026
hsa-miR-424-5p,RORB,,-0.371,0.026
hsa-miR-454-3p,BTF3L4,MIRT139885,-0.371,0.026
hsa-miR-93-5p,IPO9,,-0.371,0.026
hsa-miR-106a-5p,FRK,,-0.371,0.026
hsa-miR-34c-5p,SLC7A6,,-0.371,0.026
hsa-miR-30d-5p,SAMD8,,-0.371,0.026
hsa-miR-152-3p,PTCD3,,-0.371,0.026
hsa-miR-429,PLPPR4,,-0.371,0.026
hsa-miR-16-5p,UBE2J1,,-0.371,0.026
hsa-miR-328-3p,HM13,,-0.371,0.026
hsa-miR-107,MMS19,,-0.371,0.026
hsa-miR-7-5p,SCN2B,,-0.371,0.026
hsa-miR-877-5p,KATNBL1,,-0.371,0.026
hsa-miR-106b-5p,PGM2L1,MIRT439992,-0.371,0.026
hsa-miR-378c,UBE2W,,-0.371,0.026
hsa-miR-143-3p,NCOA7,,-0.371,0.026
hsa-miR-9-5p,KCNB1,,-0.371,0.026
hsa-miR-185-5p,TMOD2,,-0.371,0.026
hsa-miR-148b-3p,NHS,,-0.371,0.026
hsa-miR-1306-5p,TFCP2L1,,-0.371,0.026
hsa-miR-31-5p,PDZD2,,-0.371,0.026
hsa-miR-18a-5p,C1orf21,,-0.371,0.026
hsa-miR-365a-3p,RAD54L2,,-0.371,0.026
hsa-miR-365b-3p,RAD54L2,,-0.371,0.026
hsa-let-7d-5p,ADCY9,MIRT032153,-0.371,0.026
hsa-miR-15a-5p,MINDY1,,-0.371,0.026
hsa-miR-106b-5p,MKLN1,,-0.371,0.026
hsa-miR-106b-5p,GAB1,MIRT164203,-0.371,0.026
hsa-miR-760,ELAPOR1,,-0.371,0.026
hsa-miR-18a-5p,STK4,MIRT438460,-0.371,0.026
hsa-miR-23a-3p,FBXO33,,-0.371,0.026
hsa-miR-148b-3p,BNIP2,,-0.371,0.026
hsa-miR-93-5p,RAB11FIP4,,-0.371,0.026
hsa-miR-20b-5p,KLF12,,-0.371,0.026
hsa-miR-24-3p,UBN2,,-0.37,0.026
hsa-miR-107,EIF4B,,-0.37,0.026
hsa-let-7d-5p,FAS,,-0.37,0.026
hsa-miR-16-5p,ARPP19,,-0.37,0.026
hsa-miR-16-5p,TSC22D2,MIRT465160,-0.37,0.026
hsa-miR-107,CCDC6,,-0.37,0.026
hsa-miR-424-5p,COL12A1,,-0.37,0.026
hsa-miR-16-5p,USP25,,-0.37,0.026
hsa-miR-16-5p,MFN2,MIRT031906,-0.37,0.026
hsa-miR-224-5p,CDS2,,-0.37,0.026
hsa-miR-423-5p,CDC42SE1,,-0.37,0.026
hsa-miR-107,SALL1,MIRT546612,-0.37,0.026
hsa-miR-15b-5p,SLC20A2,,-0.37,0.026
hsa-miR-200c-3p,KATNAL1,,-0.37,0.026
hsa-miR-25-3p,RSBN1,MIRT505828,-0.37,0.026
hsa-miR-106a-5p,CUL3,,-0.37,0.026
hsa-miR-106b-5p,NBEAL1,,-0.37,0.026
hsa-miR-20b-5p,TMCC1,,-0.37,0.026
hsa-miR-139-5p,CDH8,,-0.37,0.026
hsa-miR-17-5p,EGLN3,MIRT548473,-0.37,0.026
hsa-miR-107,HMGB1,,-0.37,0.026
hsa-miR-30d-5p,CDH20,,-0.37,0.026
hsa-let-7d-5p,SOCS4,,-0.37,0.026
hsa-miR-16-5p,ZDHHC14,,-0.37,0.026
hsa-miR-107,ETNK1,,-0.37,0.026
hsa-miR-493-5p,TSPAN3,,-0.37,0.026
hsa-miR-454-3p,VCPIP1,,-0.37,0.026
hsa-miR-1306-5p,FBXL19,MIRT529685,-0.37,0.026
hsa-miR-93-5p,C14orf28,MIRT728144,-0.37,0.026
hsa-miR-106a-5p,CHD2,,-0.37,0.026
hsa-let-7d-5p,KCNK6,,-0.37,0.027
hsa-miR-17-5p,RAB11FIP4,,-0.37,0.027
hsa-miR-106a-5p,SLC25A27,,-0.37,0.027
hsa-miR-107,FUBP1,,-0.37,0.027
hsa-miR-152-3p,NFYA,,-0.37,0.027
hsa-miR-107,RBAK,,-0.37,0.027
hsa-miR-10a-5p,CAMK2B,,-0.37,0.027
hsa-let-7d-5p,CTPS1,MIRT704422,-0.369,0.027
hsa-miR-24-3p,TRMT10B,,-0.369,0.027
hsa-miR-98-5p,AGAP1,,-0.369,0.027
hsa-miR-365a-3p,BEST3,,-0.369,0.027
hsa-miR-365b-3p,BEST3,,-0.369,0.027
hsa-let-7d-5p,NRK,,-0.369,0.027
hsa-miR-15a-5p,SNAP25,,-0.369,0.027
hsa-miR-93-5p,HS2ST1,,-0.369,0.027
hsa-miR-106a-5p,EXPH5,,-0.369,0.027
hsa-miR-107,NR1D2,,-0.369,0.027
hsa-miR-145-5p,RAB18,,-0.369,0.027
hsa-miR-454-3p,FAM13B,,-0.369,0.027
hsa-miR-15a-5p,INSR,,-0.369,0.027
hsa-miR-143-3p,CDK1,,-0.369,0.027
hsa-miR-20b-5p,HLF,,-0.369,0.027
hsa-miR-378c,RIT1,,-0.369,0.027
hsa-miR-93-5p,GAN,,-0.369,0.027
hsa-miR-93-5p,TSR1,MIRT448368,-0.369,0.027
hsa-let-7c-5p,ATP8B4,,-0.369,0.027
hsa-miR-106b-5p,POU6F1,,-0.369,0.027
hsa-miR-1306-5p,CAB39L,,-0.369,0.027
hsa-miR-24-3p,C1orf131,,-0.369,0.027
hsa-miR-106a-5p,ASXL2,,-0.369,0.027
hsa-miR-144-3p,WTAP,,-0.369,0.027
hsa-miR-16-5p,SUSD6,,-0.369,0.027
hsa-miR-199a-3p,FGF7,,-0.369,0.027
hsa-miR-181b-5p,ACVR1C,,-0.369,0.027
hsa-miR-9-5p,SIM1,,-0.369,0.027
hsa-miR-20b-5p,TGOLN2,MIRT726327,-0.369,0.027
hsa-let-7d-5p,KCTD15,,-0.369,0.027
hsa-miR-106a-5p,PHF6,,-0.369,0.027
hsa-miR-224-5p,LIMD1,,-0.368,0.027
hsa-miR-454-3p,ENAH,,-0.368,0.027
hsa-miR-93-5p,SLC29A2,MIRT048863,-0.368,0.027
hsa-miR-98-5p,BTBD9,,-0.368,0.027
hsa-miR-339-5p,ALKBH1,,-0.368,0.027
hsa-miR-19b-3p,TRPM6,,-0.368,0.027
hsa-miR-106a-5p,RIMKLA,,-0.368,0.027
hsa-miR-106b-5p,MIER3,,-0.368,0.027
hsa-miR-454-3p,TENT2,MIRT097465,-0.368,0.027
hsa-miR-7-5p,RNF24,,-0.368,0.027
hsa-let-7d-5p,CBX5,MIRT549022,-0.368,0.027
hsa-miR-130b-3p,PEX5L,,-0.368,0.027
hsa-miR-25-3p,PANK3,,-0.368,0.027
hsa-miR-93-5p,BRD4,,-0.368,0.027
hsa-miR-7-5p,RBFOX1,,-0.368,0.027
hsa-miR-223-3p,SEPTIN6,,-0.368,0.027
hsa-miR-106b-5p,ZBTB37,MIRT182521,-0.368,0.027
hsa-miR-93-5p,BTBD7,MIRT728184,-0.368,0.027
hsa-miR-15b-5p,ENTPD7,MIRT245005,-0.368,0.027
hsa-miR-23a-3p,ATXN3,,-0.368,0.027
hsa-miR-1-3p,RASA1,MIRT000387,-0.368,0.027
hsa-miR-106b-5p,BRWD1,MIRT044300,-0.368,0.027
hsa-miR-34c-5p,ATP1A2,,-0.368,0.027
hsa-miR-338-3p,HNRNPA2B1,,-0.368,0.027
hsa-miR-30b-5p,MAP4K4,,-0.368,0.027
hsa-let-7c-5p,SCD,,-0.368,0.028
hsa-miR-15a-5p,SIAH1,,-0.367,0.028
hsa-miR-98-5p,PXMP4,,-0.367,0.028
hsa-miR-29c-3p,KCTD20,,-0.367,0.028
hsa-miR-20b-5p,TIMM17A,MIRT112099,-0.367,0.028
hsa-miR-532-3p,MTA3,,-0.367,0.028
hsa-miR-150-5p,H1-0,,-0.367,0.028
hsa-miR-326,ST8SIA2,,-0.367,0.028
hsa-miR-16-5p,CDC37L1,MIRT032005,-0.367,0.028
hsa-miR-24-3p,ANGEL1,,-0.367,0.028
hsa-miR-181c-5p,RORB,,-0.367,0.028
hsa-miR-106a-5p,FBXO41,,-0.367,0.028
hsa-miR-145-5p,RCAN1,,-0.367,0.028
hsa-miR-96-5p,ATOH8,,-0.367,0.028
hsa-miR-106a-5p,BICRAL,,-0.367,0.028
hsa-miR-26b-5p,TMEM86A,,-0.367,0.028
hsa-miR-145-5p,G3BP1,,-0.367,0.028
hsa-miR-454-3p,ZFP3,,-0.367,0.028
hsa-miR-491-5p,KDM5B,,-0.367,0.028
hsa-miR-378c,GRSF1,,-0.367,0.028
hsa-miR-421,XRN1,,-0.367,0.028
hsa-miR-106a-5p,RGMB,MIRT122365,-0.367,0.028
hsa-miR-24-3p,NDST1,MIRT438644,-0.367,0.028
hsa-miR-96-5p,SH3KBP1,,-0.367,0.028
hsa-miR-15b-5p,EIF5A,,-0.367,0.028
hsa-miR-106b-5p,ZBTB18,MIRT064801,-0.367,0.028
hsa-miR-17-5p,PPP2CA,,-0.367,0.028
hsa-miR-24-3p,DIAPH1,,-0.367,0.028
hsa-miR-17-5p,UEVLD,,-0.366,0.028
hsa-miR-106a-5p,ZBTB8A,,-0.366,0.028
hsa-miR-362-5p,NPEPPS,MIRT472035,-0.366,0.028
hsa-miR-378c,MAP2K6,,-0.366,0.028
hsa-miR-16-5p,MINDY1,,-0.366,0.028
hsa-miR-22-3p,UBALD1,,-0.366,0.028
hsa-miR-139-5p,AGO3,,-0.366,0.028
hsa-miR-1-3p,G3BP1,MIRT024102,-0.366,0.028
hsa-miR-24-3p,LRFN2,,-0.366,0.028
hsa-miR-93-5p,EIF2S1,MIRT070840,-0.366,0.028
hsa-miR-338-3p,LSM14A,,-0.366,0.028
hsa-miR-29b-3p,TPM1,,-0.366,0.028
hsa-miR-107,PPP2R5C,MIRT277506,-0.366,0.028
hsa-miR-145-5p,PTPN3,,-0.366,0.028
hsa-miR-877-5p,PLEKHA3,,-0.366,0.028
hsa-miR-182-5p,MYO1C,,-0.366,0.028
hsa-miR-141-3p,WIPF1,,-0.366,0.028
hsa-miR-142-5p,HSPA4L,,-0.366,0.028
hsa-miR-106a-5p,ESR1,,-0.366,0.028
hsa-miR-140-5p,PSMF1,,-0.366,0.028
hsa-miR-93-5p,MAP7,MIRT028046,-0.366,0.028
hsa-miR-181b-5p,PKNOX2,,-0.366,0.028
hsa-miR-107,LRRC14,,-0.366,0.028
hsa-miR-15b-5p,CHEK1,MIRT046455,-0.366,0.028
hsa-miR-1306-5p,GNL1,,-0.366,0.028
hsa-miR-107,GGA3,,-0.366,0.028
hsa-miR-15b-5p,PGM2L1,,-0.366,0.028
hsa-let-7d-5p,ACSL6,,-0.366,0.028
hsa-miR-335-5p,GSTO2,,-0.366,0.028
hsa-miR-107,MFN2,,-0.366,0.029
hsa-miR-106a-5p,ZNF217,,-0.365,0.029
hsa-miR-15b-5p,KIAA0513,,-0.365,0.029
hsa-let-7d-5p,FBXO45,,-0.365,0.029
hsa-miR-107,FLOT2,,-0.365,0.029
hsa-miR-181c-5p,TMEM135,,-0.365,0.029
hsa-miR-204-5p,HAPLN1,,-0.365,0.029
hsa-miR-181b-5p,EML1,,-0.365,0.029
hsa-miR-340-5p,HIPK2,,-0.365,0.029
hsa-miR-107,BAZ2A,MIRT543064,-0.365,0.029
hsa-miR-93-5p,TBCEL,,-0.365,0.029
hsa-miR-93-5p,UBN2,,-0.365,0.029
hsa-miR-93-5p,DSTYK,MIRT028170,-0.365,0.029
hsa-miR-106a-5p,CDC40,,-0.365,0.029
hsa-miR-143-3p,IGF2R,,-0.365,0.029
hsa-miR-212-3p,CFL2,,-0.365,0.029
hsa-miR-125a-5p,TMED9,,-0.365,0.029
hsa-let-7g-5p,AP1S1,MIRT481850,-0.365,0.029
hsa-miR-34c-5p,ITSN1,,-0.365,0.029
hsa-miR-200c-3p,SNTB2,,-0.365,0.029
hsa-let-7c-5p,EPHA3,,-0.365,0.029
hsa-miR-365a-3p,EPN1,,-0.365,0.029
hsa-miR-491-5p,SYNGAP1,,-0.365,0.029
hsa-miR-365b-3p,EPN1,,-0.365,0.029
hsa-miR-107,TNRC6B,MIRT158522,-0.365,0.029
hsa-miR-181b-5p,ELN,MIRT734673,-0.365,0.029
hsa-miR-338-3p,ZSCAN12,,-0.365,0.029
hsa-miR-93-5p,RPP14,,-0.365,0.029
hsa-miR-106a-5p,ATG14,,-0.365,0.029
hsa-miR-125b-5p,CD248,,-0.365,0.029
hsa-let-7c-5p,GJC1,,-0.365,0.029
hsa-miR-532-5p,SETD9,,-0.365,0.029
hsa-miR-24-3p,SPIN1,,-0.365,0.029
hsa-miR-18a-5p,GIGYF1,MIRT031358,-0.365,0.029
hsa-miR-760,ESRRA,,-0.364,0.029
hsa-miR-145-5p,PRPSAP2,,-0.364,0.029
hsa-miR-17-5p,DNAJC16,,-0.364,0.029
hsa-miR-17-5p,DAZAP2,,-0.364,0.029
hsa-miR-365a-3p,NUFIP2,MIRT044042,-0.364,0.029
hsa-miR-1306-5p,LEMD2,,-0.364,0.029
hsa-miR-365b-3p,NUFIP2,MIRT471884,-0.364,0.029
hsa-miR-339-5p,ZBTB8B,,-0.364,0.029
hsa-miR-143-3p,RER1,MIRT469389,-0.364,0.029
hsa-miR-139-5p,B3GAT2,,-0.364,0.029
hsa-miR-107,STRBP,,-0.364,0.029
hsa-miR-22-5p,STK25,,-0.364,0.029
hsa-miR-501-3p,ZMYM4,,-0.364,0.029
hsa-miR-532-3p,C6orf132,,-0.364,0.029
hsa-miR-107,NOS1,,-0.364,0.029
hsa-miR-29b-3p,ISG20L2,MIRT547823,-0.364,0.029
hsa-miR-363-3p,LRCH1,,-0.364,0.029
hsa-miR-20b-5p,YPEL1,,-0.364,0.029
hsa-miR-1306-5p,ZNF652,,-0.364,0.029
hsa-let-7e-5p,KLK10,,-0.364,0.029
hsa-miR-15b-5p,DYNLL2,MIRT251491,-0.364,0.029
hsa-miR-20b-5p,SCAMP2,MIRT565916,-0.364,0.029
hsa-miR-24-3p,UTP25,,-0.364,0.029
hsa-miR-181b-5p,CNR1,,-0.364,0.029
hsa-miR-195-5p,RSPO3,,-0.364,0.029
hsa-miR-20b-5p,CHAF1A,MIRT151710,-0.364,0.029
hsa-miR-107,ICE1,,-0.364,0.029
hsa-miR-106b-5p,IL6ST,,-0.364,0.029
hsa-miR-93-5p,RARB,,-0.364,0.029
hsa-miR-107,FAF2,,-0.364,0.03
hsa-miR-106b-5p,NSD3,,-0.364,0.03
hsa-miR-30e-5p,EPDR1,,-0.364,0.03
hsa-miR-29b-3p,GGCT,,-0.363,0.03
hsa-miR-338-3p,CHEK2,,-0.363,0.03
hsa-miR-421,IREB2,,-0.363,0.03
hsa-miR-22-3p,ARRB1,,-0.363,0.03
hsa-miR-24-3p,BBC3,MIRT739221,-0.363,0.03
hsa-miR-106a-5p,PTPN4,MIRT501469,-0.363,0.03
hsa-miR-146b-5p,BTG2,,-0.363,0.03
hsa-miR-16-5p,ZNF704,MIRT552346,-0.363,0.03
hsa-miR-15a-5p,GPRIN3,,-0.363,0.03
hsa-miR-15a-5p,CDK6,MIRT479457,-0.363,0.03
hsa-miR-24-3p,ZNF217,MIRT007012,-0.363,0.03
hsa-miR-181d-5p,CASP10,,-0.363,0.03
hsa-miR-135b-5p,GRIN2B,,-0.363,0.03
hsa-miR-221-3p,PKDCC,,-0.363,0.03
hsa-miR-185-5p,KCNC2,,-0.363,0.03
hsa-miR-93-5p,SPTY2D1,,-0.363,0.03
hsa-miR-181c-5p,KLHL5,,-0.363,0.03
hsa-miR-24-3p,DCAF16,,-0.363,0.03
hsa-miR-93-5p,ARID4B,MIRT028050,-0.363,0.03
hsa-let-7b-5p,WNT9B,,-0.363,0.03
hsa-miR-25-3p,INSYN2B,,-0.363,0.03
hsa-miR-204-5p,FGF18,,-0.363,0.03
hsa-miR-15b-5p,TMEM178B,,-0.363,0.03
hsa-miR-18a-5p,ADAT2,,-0.363,0.03
hsa-miR-15b-5p,RMND5B,,-0.363,0.03
hsa-miR-326,IGF2BP1,,-0.363,0.03
hsa-miR-17-5p,SLC38A1,,-0.363,0.03
hsa-miR-145-5p,SLC1A2,,-0.363,0.03
hsa-miR-186-5p,RPS15A,,-0.363,0.03
hsa-miR-454-3p,SRSF10,,-0.363,0.03
hsa-miR-30c-5p,SKIL,,-0.363,0.03
hsa-miR-582-5p,CDS2,,-0.363,0.03
hsa-miR-24-3p,ABHD2,MIRT115232,-0.363,0.03
hsa-miR-374c-5p,HOOK3,,-0.363,0.03
hsa-miR-1271-5p,GPRC5A,,-0.362,0.03
hsa-miR-15b-5p,CRAMP1,,-0.362,0.03
hsa-miR-582-5p,SKP1,,-0.362,0.03
hsa-miR-24-3p,ARHGAP26,,-0.362,0.03
hsa-miR-224-5p,OTUD4,,-0.362,0.03
hsa-miR-378c,CD3G,,-0.362,0.03
hsa-miR-1306-5p,CNP,,-0.362,0.03
hsa-miR-421,STRN,,-0.362,0.03
hsa-miR-326,TNFRSF11A,,-0.362,0.03
hsa-miR-20b-5p,CDK6,MIRT732603,-0.362,0.03
hsa-miR-23a-3p,NR2C1,,-0.362,0.03
hsa-miR-193a-5p,CLPB,,-0.362,0.03
hsa-miR-491-5p,IGF2BP1,MIRT731931,-0.362,0.03
hsa-let-7d-5p,UTP15,,-0.362,0.03
hsa-miR-15a-5p,HMBOX1,MIRT172813,-0.362,0.03
hsa-miR-30d-5p,PPP3R1,,-0.362,0.03
hsa-miR-363-3p,ABL2,,-0.362,0.03
hsa-let-7b-5p,KATNAL1,,-0.362,0.03
hsa-miR-107,AGO1,MIRT026978,-0.362,0.03
hsa-miR-1-3p,E2F5,MIRT023808,-0.362,0.03
hsa-miR-501-3p,FAM126B,,-0.362,0.03
hsa-let-7d-5p,TMX4,,-0.362,0.03
hsa-miR-301a-3p,N4BP1,,-0.362,0.03
hsa-miR-24-3p,STX5,,-0.362,0.031
hsa-miR-15b-5p,CCND3,MIRT732725,-0.362,0.031
hsa-miR-20b-5p,FAM126B,MIRT616441,-0.362,0.031
hsa-miR-454-3p,LZIC,MIRT506690,-0.362,0.031
hsa-miR-363-3p,TMEM50B,,-0.361,0.031
hsa-miR-15b-5p,ZFYVE27,,-0.361,0.031
hsa-miR-365a-3p,ACVR1,MIRT054061,-0.361,0.031
hsa-miR-429,PRDM16,,-0.361,0.031
hsa-miR-365b-3p,ACVR1,,-0.361,0.031
hsa-miR-15b-5p,ABL2,MIRT482555,-0.361,0.031
hsa-miR-152-3p,GATAD2B,,-0.361,0.031
hsa-miR-429,AP1S2,,-0.361,0.031
hsa-let-7e-5p,ACP3,,-0.361,0.031
hsa-miR-708-5p,RIMS3,,-0.361,0.031
hsa-miR-93-5p,RLIM,MIRT541098,-0.361,0.031
hsa-miR-425-5p,HIC2,,-0.361,0.031
hsa-miR-760,ENSA,,-0.361,0.031
hsa-miR-24-3p,TNKS,,-0.361,0.031
hsa-miR-98-5p,NEDD4L,,-0.361,0.031
hsa-miR-15b-5p,PDZD8,,-0.361,0.031
hsa-miR-18a-5p,JADE2,,-0.361,0.031
hsa-miR-181b-5p,WSCD2,,-0.361,0.031
hsa-miR-93-5p,ZBTB41,MIRT028142,-0.361,0.031
hsa-miR-221-3p,SLC4A4,,-0.361,0.031
hsa-miR-106b-5p,PLEKHA8,,-0.361,0.031
hsa-miR-452-5p,C16orf72,,-0.361,0.031
hsa-let-7d-5p,CDK14,,-0.361,0.031
hsa-miR-15a-5p,GPR63,,-0.361,0.031
hsa-miR-18a-5p,BMP2K,,-0.361,0.031
hsa-miR-107,RPGRIP1L,,-0.361,0.031
hsa-miR-20b-5p,ZNF704,,-0.361,0.031
hsa-miR-15a-5p,MBNL2,,-0.361,0.031
hsa-miR-18a-5p,HSF2,MIRT005361,-0.361,0.031
hsa-miR-381-3p,KIAA0408,,-0.361,0.031
hsa-miR-326,HNRNPA2B1,,-0.361,0.031
hsa-miR-20b-5p,CLOCK,MIRT727973,-0.361,0.031
hsa-let-7c-5p,HIF3A,,-0.361,0.031
hsa-let-7d-5p,TNIK,,-0.361,0.031
hsa-miR-16-5p,ANGEL1,,-0.361,0.031
hsa-miR-363-3p,PCDH7,,-0.36,0.031
hsa-miR-20b-5p,PTPN4,MIRT501467,-0.36,0.031
hsa-miR-423-5p,TNRC6B,,-0.36,0.031
hsa-miR-15a-5p,KMT2D,MIRT737940,-0.36,0.031
hsa-miR-143-3p,TPM3,,-0.36,0.031
hsa-miR-25-3p,PCMTD1,MIRT506305,-0.36,0.031
hsa-miR-17-5p,PIGH,,-0.36,0.031
hsa-miR-17-5p,SYTL4,,-0.36,0.031
hsa-miR-106a-5p,TRPV6,,-0.36,0.031
hsa-miR-150-5p,SZRD1,,-0.36,0.031
hsa-miR-106a-5p,ZFYVE26,MIRT484920,-0.36,0.031
hsa-miR-423-5p,FAM168A,,-0.36,0.031
hsa-miR-760,PLEKHA6,,-0.36,0.031
hsa-miR-130b-3p,SKP1,,-0.36,0.031
hsa-miR-326,URB1,,-0.36,0.031
hsa-miR-491-5p,NIPAL2,,-0.36,0.031
hsa-miR-193a-5p,RGS9BP,,-0.36,0.031
hsa-miR-25-3p,ATG14,,-0.36,0.031
hsa-miR-181b-5p,SYPL2,,-0.36,0.031
hsa-miR-15b-5p,RRAGA,,-0.36,0.031
hsa-miR-141-3p,PEAK1,,-0.36,0.031
hsa-miR-106b-5p,FCHO2,MIRT097131,-0.36,0.031
hsa-miR-874-3p,CPLX2,,-0.36,0.031
hsa-let-7d-5p,TSC22D2,MIRT465125,-0.36,0.031
hsa-miR-22-3p,RUBCN,,-0.36,0.031
hsa-miR-103a-3p,EIF4B,,-0.36,0.031
hsa-miR-139-5p,PCDH7,,-0.36,0.031
hsa-miR-152-3p,RSBN1L,,-0.36,0.031
hsa-miR-25-3p,MOSMO,,-0.36,0.031
hsa-miR-139-5p,KCND3,MIRT474977,-0.36,0.031
hsa-miR-15b-5p,BCR,,-0.36,0.031
hsa-miR-378a-3p,NPAS4,,-0.36,0.031
hsa-miR-20b-5p,GPR63,,-0.36,0.031
hsa-let-7d-5p,FRMD5,,-0.36,0.031
hsa-miR-454-3p,COG5,,-0.36,0.031
hsa-miR-24-3p,APPL2,,-0.36,0.031
hsa-miR-93-5p,TRPS1,,-0.36,0.031
hsa-miR-152-3p,MTCL1,,-0.36,0.031
hsa-miR-152-3p,SFMBT1,,-0.36,0.031
hsa-miR-362-5p,DPP8,,-0.36,0.031
hsa-let-7e-5p,B3GAT3,,-0.36,0.032
hsa-miR-15b-5p,PSME3,,-0.36,0.032
hsa-miR-200c-3p,MAF,,-0.359,0.032
hsa-miR-186-5p,NAA40,,-0.359,0.032
hsa-miR-452-5p,BMI1,MIRT437780,-0.359,0.032
hsa-miR-501-3p,PPP4R2,,-0.359,0.032
hsa-miR-30e-5p,ACTC1,MIRT784553,-0.359,0.032
hsa-miR-93-5p,RNF6,,-0.359,0.032
hsa-miR-145-5p,SRRD,,-0.359,0.032
hsa-miR-130b-3p,KIF5C,,-0.359,0.032
hsa-miR-363-3p,PPARGC1B,,-0.359,0.032
hsa-miR-20b-5p,E2F2,MIRT727820,-0.359,0.032
hsa-let-7d-5p,PLPP6,,-0.359,0.032
hsa-miR-17-5p,CCDC25,,-0.359,0.032
hsa-miR-493-3p,GPC6,,-0.359,0.032
hsa-miR-93-5p,MORF4L1,MIRT506548,-0.359,0.032
hsa-miR-106a-5p,TSC22D2,,-0.359,0.032
hsa-miR-215-5p,TMTC3,MIRT024869,-0.359,0.032
hsa-miR-24-3p,RUBCN,,-0.359,0.032
hsa-miR-24-3p,ZNF740,,-0.359,0.032
hsa-miR-130a-3p,CADM2,,-0.359,0.032
hsa-miR-193a-5p,FGF14,,-0.359,0.032
hsa-let-7e-5p,TRIM41,,-0.359,0.032
hsa-miR-139-5p,SESN3,,-0.359,0.032
hsa-miR-140-5p,PXMP4,,-0.359,0.032
hsa-miR-145-5p,PSEN1,,-0.359,0.032
hsa-let-7e-5p,HNRNPA1,,-0.359,0.032
hsa-miR-145-5p,MRGBP,,-0.359,0.032
hsa-miR-106b-5p,XIAP,MIRT108722,-0.359,0.032
hsa-miR-15a-5p,UBE4A,MIRT128798,-0.359,0.032
hsa-miR-106a-5p,STAT3,MIRT053229,-0.359,0.032
hsa-miR-15b-5p,LRRFIP2,MIRT547552,-0.359,0.032
hsa-miR-326,SARM1,,-0.359,0.032
hsa-let-7e-5p,REEP1,,-0.359,0.032
hsa-miR-98-5p,TUSC2,MIRT004411,-0.359,0.032
hsa-miR-152-3p,LCOR,,-0.359,0.032
hsa-miR-370-5p,ELMOD3,,-0.359,0.032
hsa-miR-22-3p,MTDH,MIRT734518,-0.358,0.032
hsa-miR-93-5p,LYSMD3,MIRT097650,-0.358,0.032
hsa-miR-326,GLG1,,-0.358,0.032
hsa-miR-7-5p,KIF16B,MIRT025863,-0.358,0.032
hsa-miR-16-5p,WDR82,,-0.358,0.032
hsa-miR-106a-5p,SSH1,,-0.358,0.032
hsa-miR-107,LRRC8D,,-0.358,0.032
hsa-miR-107,TSHZ2,,-0.358,0.032
hsa-miR-20b-5p,CCND1,MIRT268274,-0.358,0.032
hsa-miR-93-5p,STYX,MIRT028126,-0.358,0.032
hsa-miR-93-5p,EIF4H,MIRT222674,-0.358,0.032
hsa-miR-454-3p,LYSMD2,,-0.358,0.032
hsa-miR-362-5p,PURB,,-0.358,0.032
hsa-miR-24-3p,TAF7L,,-0.358,0.032
hsa-miR-24-3p,GALNT10,,-0.358,0.032
hsa-miR-339-5p,APBA1,,-0.358,0.032
hsa-miR-23a-3p,IKZF3,,-0.358,0.032
hsa-miR-182-5p,PCDH18,,-0.358,0.032
hsa-miR-17-5p,LLPH,MIRT443713,-0.358,0.032
hsa-miR-20b-5p,WEE1,MIRT061365,-0.358,0.032
hsa-let-7d-5p,SRGAP1,,-0.358,0.032
hsa-miR-378a-3p,GRB2,MIRT007278,-0.358,0.033
hsa-miR-107,CNOT6L,,-0.358,0.033
hsa-miR-301a-3p,NPNT,,-0.358,0.033
hsa-miR-15a-5p,FAM135A,,-0.358,0.033
hsa-miR-423-5p,ATP8B2,,-0.358,0.033
hsa-miR-186-5p,PIGV,,-0.357,0.033
hsa-miR-107,ADNP,,-0.357,0.033
hsa-miR-145-5p,PI4K2B,,-0.357,0.033
hsa-miR-93-5p,C2orf69,MIRT156643,-0.357,0.033
hsa-miR-378c,RNF144B,,-0.357,0.033
hsa-miR-15a-5p,NFATC2,,-0.357,0.033
hsa-miR-107,AFF4,,-0.357,0.033
hsa-miR-423-5p,CYP4F22,,-0.357,0.033
hsa-let-7d-5p,CACNA1E,,-0.357,0.033
hsa-miR-93-5p,PAFAH1B2,,-0.357,0.033
hsa-miR-181b-5p,BNC2,,-0.357,0.033
hsa-miR-301a-3p,NUP133,,-0.357,0.033
hsa-miR-493-5p,TTC7B,,-0.357,0.033
hsa-miR-193b-3p,ATXN1,,-0.357,0.033
hsa-miR-23a-3p,ZNF793,,-0.357,0.033
hsa-miR-182-5p,PCSK5,,-0.357,0.033
hsa-miR-532-3p,CSNK1A1,,-0.357,0.033
hsa-miR-15a-5p,UBE2QL1,,-0.357,0.033
hsa-miR-532-3p,NPTN,,-0.357,0.033
hsa-miR-93-5p,COX20,,-0.357,0.033
hsa-miR-501-3p,SNX13,,-0.357,0.033
hsa-miR-29b-3p,FBRS,MIRT703640,-0.357,0.033
hsa-miR-15a-5p,PCDHA2,,-0.357,0.033
hsa-miR-23a-3p,PURB,,-0.357,0.033
hsa-miR-20b-5p,SLC25A44,MIRT266857,-0.357,0.033
hsa-miR-93-5p,CRAMP1,,-0.356,0.033
hsa-miR-16-5p,BEST4,,-0.356,0.033
hsa-miR-106a-5p,ENTPD4,MIRT706128,-0.356,0.033
hsa-miR-20b-5p,HS3ST5,,-0.356,0.033
hsa-miR-145-5p,FRS2,,-0.356,0.033
hsa-miR-423-5p,G3BP1,,-0.356,0.033
hsa-miR-142-5p,CLOCK,,-0.356,0.033
hsa-miR-15a-5p,CCNJL,,-0.356,0.033
hsa-miR-15a-5p,ZNF449,MIRT229343,-0.356,0.034
hsa-miR-106b-5p,MCF2L,,-0.356,0.034
hsa-miR-760,DCAF11,,-0.356,0.034
hsa-let-7e-5p,PAX2,,-0.356,0.034
hsa-miR-193b-3p,KMT2A,,-0.356,0.034
hsa-miR-93-5p,SLC25A36,,-0.356,0.034
hsa-miR-30e-5p,SEC23A,,-0.356,0.034
hsa-miR-17-5p,RAB22A,MIRT083959,-0.356,0.034
hsa-miR-106a-5p,LYPD6,,-0.356,0.034
hsa-miR-107,HIC2,MIRT205325,-0.356,0.034
hsa-miR-193b-3p,TMEM30A,MIRT726289,-0.356,0.034
hsa-miR-370-5p,KCNB1,,-0.356,0.034
hsa-miR-501-3p,KIAA1522,,-0.356,0.034
hsa-miR-501-3p,TFDP2,,-0.356,0.034
hsa-miR-93-5p,LCOR,,-0.356,0.034
hsa-miR-20b-5p,VTI1A,MIRT726115,-0.355,0.034
hsa-miR-93-5p,DNAJB6,MIRT538045,-0.355,0.034
hsa-let-7e-5p,DDX19B,,-0.355,0.034
hsa-miR-17-5p,CMTM4,,-0.355,0.034
hsa-miR-106a-5p,PCDHA11,,-0.355,0.034
hsa-miR-363-3p,AURKA,MIRT541469,-0.355,0.034
hsa-miR-17-5p,LAPTM4A,MIRT050931,-0.355,0.034
hsa-miR-107,PSMF1,,-0.355,0.034
hsa-let-7d-5p,PPP1R12B,,-0.355,0.034
hsa-miR-760,CCDC149,,-0.355,0.034
hsa-miR-15a-5p,CREBRF,MIRT165883,-0.355,0.034
hsa-miR-106a-5p,PPP1R15B,MIRT061790,-0.355,0.034
hsa-miR-324-5p,DGCR2,,-0.355,0.034
hsa-let-7d-5p,KCNJ11,,-0.355,0.034
hsa-let-7d-5p,LIPH,,-0.355,0.034
hsa-miR-18a-5p,UNG,,-0.355,0.034
hsa-miR-454-3p,TBL1XR1,,-0.355,0.034
hsa-let-7e-5p,EIF2B2,,-0.355,0.035
hsa-miR-150-5p,GDI1,,-0.355,0.035
hsa-miR-130b-3p,FBXW11,,-0.355,0.035
hsa-miR-16-5p,UQCC1,,-0.354,0.035
hsa-miR-22-3p,PDE5A,,-0.354,0.035
hsa-miR-454-3p,RAB34,MIRT541131,-0.354,0.035
hsa-miR-186-5p,RAB4A,,-0.354,0.035
hsa-miR-18a-5p,KLHL15,,-0.354,0.035
hsa-miR-107,NUP50,MIRT088206,-0.354,0.035
hsa-miR-106a-5p,CEP128,,-0.354,0.035
hsa-miR-320b,TGFBR1,,-0.354,0.035
hsa-miR-363-3p,MOSMO,,-0.354,0.035
hsa-miR-106b-5p,NAA30,,-0.354,0.035
hsa-miR-1306-5p,LRRC59,,-0.354,0.035
hsa-miR-15a-5p,RANBP3,,-0.354,0.035
hsa-miR-148a-3p,RXRA,,-0.354,0.035
hsa-miR-16-5p,COG3,,-0.354,0.035
hsa-miR-1306-5p,SHISAL1,,-0.354,0.035
hsa-miR-106a-5p,TNRC6B,MIRT158576,-0.354,0.035
hsa-miR-181b-5p,HDAC9,,-0.354,0.035
hsa-miR-301a-3p,CNOT7,,-0.354,0.035
hsa-miR-130b-3p,LCLAT1,MIRT243094,-0.354,0.035
hsa-miR-200a-3p,HCAR3,,-0.354,0.035
hsa-miR-454-3p,LMLN,MIRT162279,-0.354,0.035
hsa-let-7d-5p,SYNCRIP,,-0.354,0.035
hsa-miR-223-3p,VAMP2,,-0.354,0.035
hsa-miR-135a-5p,TBX4,,-0.354,0.035
hsa-miR-25-3p,PHF3,,-0.354,0.035
hsa-miR-17-5p,SLC7A2,,-0.353,0.035
hsa-miR-24-3p,GK5,,-0.353,0.035
hsa-miR-107,G3BP2,MIRT507187,-0.353,0.035
hsa-miR-363-3p,SCRG1,,-0.353,0.035
hsa-miR-16-5p,STRBP,,-0.353,0.035
hsa-miR-1-3p,LCOR,,-0.353,0.035
hsa-miR-20b-5p,SATB1,,-0.353,0.035
hsa-miR-7-5p,ZBTB20,,-0.353,0.035
hsa-miR-421,ENAH,,-0.353,0.035
hsa-let-7i-5p,PCTP,,-0.353,0.035
hsa-miR-365a-3p,NR3C2,,-0.353,0.035
hsa-miR-452-5p,MSANTD4,,-0.353,0.035
hsa-miR-365b-3p,NR3C2,,-0.353,0.035
hsa-miR-107,ARHGAP5,,-0.353,0.035
hsa-miR-27a-3p,MVB12B,,-0.353,0.036
hsa-miR-106a-5p,WDFY2,,-0.353,0.036
hsa-miR-452-5p,RORA,,-0.353,0.036
hsa-miR-454-3p,TGFB2,,-0.353,0.036
hsa-miR-152-3p,UBA6,,-0.353,0.036
hsa-miR-9-5p,LRRC8C,,-0.353,0.036
hsa-miR-655-3p,FERMT2,,-0.353,0.036
hsa-miR-7-5p,KBTBD2,,-0.353,0.036
hsa-miR-17-5p,CROT,MIRT222907,-0.353,0.036
hsa-miR-28-5p,RCVRN,,-0.353,0.036
hsa-miR-301a-3p,EOGT,MIRT477366,-0.353,0.036
hsa-miR-339-5p,CNOT6,,-0.353,0.036
hsa-miR-501-3p,MYNN,,-0.353,0.036
hsa-miR-15b-5p,CCDC85C,,-0.353,0.036
hsa-miR-106a-5p,LHX4,,-0.353,0.036
hsa-miR-301a-3p,RAB14,MIRT469812,-0.353,0.036
hsa-miR-93-5p,SEMA5A,,-0.352,0.036
hsa-miR-15b-5p,C1orf21,MIRT061006,-0.352,0.036
hsa-miR-145-5p,FAM174B,,-0.352,0.036
hsa-miR-378c,FCRLB,,-0.352,0.036
hsa-miR-205-5p,GTDC1,,-0.352,0.036
hsa-miR-27a-3p,ADCY6,,-0.352,0.036
hsa-miR-142-5p,NFAT5,,-0.352,0.036
hsa-miR-146b-5p,NOVA1,MIRT732960,-0.352,0.036
hsa-miR-143-3p,PTPRT,,-0.352,0.036
hsa-miR-363-3p,FAM126B,,-0.352,0.036
hsa-miR-421,PRCC,MIRT039451,-0.352,0.036
hsa-miR-22-3p,WDFY3,,-0.352,0.036
hsa-miR-363-3p,TRAF3,,-0.352,0.036
hsa-miR-326,ARHGEF37,,-0.352,0.036
hsa-miR-326,E2F2,,-0.352,0.036
hsa-miR-106a-5p,ZBTB20,,-0.352,0.036
hsa-miR-185-5p,CYB561,,-0.352,0.036
hsa-miR-454-3p,TNFSF10,,-0.352,0.036
hsa-miR-760,KRBA1,,-0.352,0.036
hsa-miR-29b-3p,PXYLP1,,-0.352,0.036
hsa-miR-15b-5p,KIAA0319L,,-0.352,0.036
hsa-let-7e-5p,ZNF710,,-0.352,0.036
hsa-miR-152-3p,ZDHHC17,,-0.352,0.036
hsa-miR-27a-3p,LONRF2,,-0.352,0.036
hsa-miR-34c-5p,PPP1R16B,,-0.352,0.036
hsa-miR-15b-5p,CCDC6,,-0.351,0.037
hsa-miR-145-5p,ZRANB3,,-0.351,0.037
hsa-miR-582-5p,RABEP1,,-0.351,0.037
hsa-miR-15b-5p,PAFAH1B2,MIRT179011,-0.351,0.037
hsa-let-7d-5p,G3BP1,,-0.351,0.037
hsa-let-7d-5p,ZNF24,,-0.351,0.037
hsa-miR-16-5p,ZNF449,MIRT229344,-0.351,0.037
hsa-miR-93-5p,BTG1,,-0.351,0.037
hsa-let-7c-5p,XKR4,,-0.351,0.037
hsa-miR-331-3p,DNAJB1,,-0.351,0.037
hsa-miR-193b-3p,GXYLT1,MIRT727571,-0.351,0.037
hsa-let-7e-5p,PIAS4,,-0.351,0.037
hsa-miR-103a-3p,NSG1,,-0.351,0.037
hsa-miR-9-5p,TNFAIP8,MIRT733763,-0.351,0.037
hsa-miR-362-5p,AEBP2,,-0.351,0.037
hsa-miR-24-3p,HNRNPA1,MIRT493589,-0.351,0.037
hsa-miR-96-5p,TNS1,,-0.351,0.037
hsa-miR-152-3p,PPP1R12A,,-0.351,0.037
hsa-miR-152-3p,SLC30A9,,-0.351,0.037
hsa-miR-339-5p,PLEKHH3,,-0.351,0.037
hsa-miR-16-5p,RNF43,,-0.351,0.037
hsa-miR-18a-5p,KCMF1,,-0.351,0.037
hsa-miR-24-3p,NR6A1,,-0.351,0.037
hsa-miR-25-3p,N4BP2,,-0.351,0.037
hsa-miR-25-3p,C5orf24,MIRT214525,-0.351,0.037
hsa-miR-16-5p,MCF2L,,-0.351,0.037
hsa-miR-9-5p,SH3GLB1,,-0.351,0.037
hsa-miR-15b-5p,TNIK,,-0.351,0.037
hsa-miR-24-3p,SYS1,,-0.351,0.037
hsa-miR-93-5p,PKN2,,-0.351,0.037
hsa-miR-139-5p,BMPR1A,,-0.351,0.037
hsa-miR-186-5p,PSD3,,-0.351,0.037
hsa-miR-93-5p,POFUT1,MIRT152674,-0.35,0.037
hsa-miR-185-5p,PCDHA4,,-0.35,0.037
hsa-miR-107,PAFAH1B2,MIRT179010,-0.35,0.037
hsa-miR-10a-5p,ANK3,,-0.35,0.037
hsa-miR-339-5p,DNAJC21,,-0.35,0.037
hsa-miR-107,MAPK1IP1L,,-0.35,0.037
hsa-miR-106a-5p,WAC,MIRT056302,-0.35,0.037
hsa-miR-301a-3p,BHLHE41,,-0.35,0.037
hsa-miR-20b-5p,RBL2,,-0.35,0.037
hsa-miR-140-5p,KCND3,,-0.35,0.037
hsa-miR-146b-5p,RRAGD,,-0.35,0.037
hsa-miR-152-3p,FUT9,,-0.35,0.037
hsa-let-7e-5p,STEAP3,,-0.35,0.037
hsa-miR-23a-3p,RNF141,,-0.35,0.037
hsa-miR-24-3p,ASXL2,,-0.35,0.037
hsa-miR-106b-5p,ATG2B,MIRT441165,-0.35,0.037
hsa-miR-106a-5p,GOSR1,,-0.35,0.037
hsa-let-7c-5p,CCDC141,,-0.35,0.038
hsa-let-7d-5p,AGAP1,,-0.35,0.038
hsa-miR-193a-3p,SORCS1,,-0.35,0.038
hsa-miR-1306-5p,KIAA1549,MIRT536480,-0.35,0.038
hsa-miR-16-5p,CCDC85C,,-0.35,0.038
hsa-miR-15a-5p,CSDE1,MIRT727924,-0.35,0.038
hsa-miR-223-3p,SYNCRIP,,-0.35,0.038
hsa-miR-96-5p,RFTN1,,-0.35,0.038
hsa-miR-107,PHF20,,-0.35,0.038
hsa-miR-454-3p,LDLRAD4,,-0.35,0.038
hsa-miR-106b-5p,LYSMD3,MIRT097653,-0.349,0.038
hsa-miR-181a-5p,BNC2,,-0.349,0.038
hsa-miR-148b-3p,SYNJ1,,-0.349,0.038
hsa-miR-25-3p,LIN54,,-0.349,0.038
hsa-miR-135b-5p,SHISA6,,-0.349,0.038
hsa-miR-24-3p,SRRD,MIRT632358,-0.349,0.038
hsa-miR-93-5p,LIN52,,-0.349,0.038
hsa-let-7g-5p,ADAMTS15,,-0.349,0.038
hsa-miR-378c,FAM83F,,-0.349,0.038
hsa-miR-15b-5p,CLPB,,-0.349,0.038
hsa-miR-181a-5p,CYP26B1,,-0.349,0.038
hsa-miR-222-3p,SLC4A4,,-0.349,0.038
hsa-miR-140-5p,NDRG3,,-0.349,0.038
hsa-miR-362-5p,NCKAP1,,-0.349,0.038
hsa-miR-29b-3p,STT3A,,-0.349,0.038
hsa-miR-106a-5p,PPARD,,-0.349,0.038
hsa-miR-186-5p,DAZAP2,,-0.349,0.038
hsa-miR-378c,NUFIP2,,-0.349,0.038
hsa-miR-145-5p,NECTIN1,,-0.349,0.038
hsa-miR-363-3p,CPEB2,,-0.349,0.038
hsa-miR-106a-5p,LIF,,-0.349,0.038
hsa-miR-143-3p,MAD2L1,,-0.349,0.038
hsa-miR-181b-5p,LOX,,-0.349,0.038
hsa-miR-181b-5p,FLT1,,-0.349,0.038
hsa-miR-145-5p,EPB41L5,,-0.349,0.038
hsa-let-7d-5p,CPEB1,,-0.349,0.038
hsa-miR-501-3p,TGFBR3,,-0.349,0.038
hsa-let-7e-5p,ZNF784,,-0.349,0.038
hsa-miR-152-3p,CPT1A,,-0.349,0.038
hsa-miR-501-3p,CFAP44,,-0.348,0.038
hsa-miR-16-5p,PPP1R3F,,-0.348,0.039
hsa-miR-152-3p,CADM1,,-0.348,0.039
hsa-miR-25-3p,SLC7A11,MIRT534190,-0.348,0.039
hsa-miR-106a-5p,YPEL4,,-0.348,0.039
hsa-miR-23a-3p,KLF10,MIRT474687,-0.348,0.039
hsa-miR-96-5p,MTURN,,-0.348,0.039
hsa-miR-199a-3p,ZEB1,,-0.348,0.039
hsa-miR-15b-5p,PHKA1,MIRT506189,-0.348,0.039
hsa-miR-145-5p,VEZF1,,-0.348,0.039
hsa-miR-708-5p,DKK3,,-0.348,0.039
hsa-miR-27a-3p,KCNJ3,,-0.348,0.039
hsa-miR-224-5p,PJA2,,-0.348,0.039
hsa-miR-93-5p,MFAP3L,,-0.348,0.039
hsa-miR-15b-5p,AREL1,,-0.348,0.039
hsa-miR-152-3p,CLCN6,,-0.348,0.039
hsa-miR-140-5p,RAB11A,,-0.348,0.039
hsa-miR-335-5p,GAN,,-0.348,0.039
hsa-miR-378c,SCN5A,,-0.348,0.039
hsa-miR-326,VPS18,,-0.348,0.039
hsa-miR-199b-3p,ZEB1,,-0.348,0.039
hsa-miR-320b,GRIN2A,,-0.348,0.039
hsa-miR-93-5p,INO80D,,-0.348,0.039
hsa-miR-107,THOC2,,-0.348,0.039
hsa-miR-10a-5p,SNX12,,-0.348,0.039
hsa-miR-25-3p,SEC31B,,-0.348,0.039
hsa-miR-106a-5p,HMBOX1,MIRT322522,-0.348,0.039
hsa-miR-429,SCD,,-0.348,0.039
hsa-miR-125b-5p,PGP,,-0.348,0.039
hsa-miR-106b-5p,MAP3K2,MIRT440283,-0.348,0.039
hsa-miR-363-3p,SNX13,,-0.348,0.039
hsa-miR-20b-5p,IPCEF1,,-0.348,0.039
hsa-miR-378c,SLC2A14,,-0.347,0.039
hsa-miR-16-5p,SRP72,MIRT031562,-0.347,0.039
hsa-miR-23a-3p,NOL4L,,-0.347,0.039
hsa-miR-15b-5p,NEK10,,-0.347,0.039
hsa-miR-106a-5p,CLOCK,,-0.347,0.039
hsa-miR-15b-5p,HMGCR,,-0.347,0.039
hsa-miR-98-5p,RNF44,MIRT027854,-0.347,0.039
hsa-miR-106b-5p,ZBTB41,,-0.347,0.039
hsa-miR-193b-3p,OSMR,,-0.347,0.039
hsa-miR-130b-3p,MLEC,MIRT062712,-0.347,0.039
hsa-miR-130b-3p,VPS13D,,-0.347,0.039
hsa-miR-107,GSTCD,,-0.347,0.039
hsa-miR-152-3p,ELAVL4,,-0.347,0.039
hsa-miR-96-5p,GRIN2B,,-0.347,0.039
hsa-miR-193b-3p,NPAS4,,-0.347,0.039
hsa-miR-365a-3p,ZNF148,MIRT463201,-0.347,0.039
hsa-miR-20b-5p,THRB,,-0.347,0.039
hsa-miR-365b-3p,ZNF148,MIRT463202,-0.347,0.039
hsa-miR-93-5p,MSMO1,MIRT164525,-0.347,0.039
hsa-miR-106a-5p,CDC37L1,,-0.347,0.039
hsa-miR-205-5p,CALM1,,-0.347,0.039
hsa-miR-145-5p,LARP4B,,-0.347,0.039
hsa-miR-152-3p,MYO9A,,-0.347,0.039
hsa-miR-20b-5p,AJAP1,,-0.347,0.04
hsa-miR-106a-5p,ETV1,,-0.347,0.04
hsa-miR-106b-5p,SLC25A36,,-0.347,0.04
hsa-miR-421,PANK2,,-0.347,0.04
hsa-let-7d-5p,ANKRD28,,-0.347,0.04
hsa-miR-106a-5p,SERP1,,-0.347,0.04
hsa-let-7i-5p,MTRES1,,-0.347,0.04
hsa-miR-23a-3p,TIGIT,,-0.347,0.04
hsa-miR-324-5p,RBM18,,-0.347,0.04
hsa-let-7g-5p,KCTD15,,-0.347,0.04
hsa-miR-186-5p,CDC42,,-0.347,0.04
hsa-miR-342-3p,TACC1,MIRT043739,-0.347,0.04
hsa-miR-326,PTPN9,,-0.347,0.04
hsa-let-7e-5p,SREBF2,,-0.346,0.04
hsa-miR-17-5p,YES1,MIRT000263,-0.346,0.04
hsa-miR-15b-5p,TMEM38A,,-0.346,0.04
hsa-miR-106a-5p,PPP6C,,-0.346,0.04
hsa-miR-16-5p,VAPB,,-0.346,0.04
hsa-miR-16-5p,DYRK2,,-0.346,0.04
hsa-miR-106a-5p,HIVEP3,,-0.346,0.04
hsa-miR-106b-5p,PHC3,,-0.346,0.04
hsa-miR-193b-3p,BAZ2A,MIRT728220,-0.346,0.04
hsa-miR-145-5p,ANKRD52,,-0.346,0.04
hsa-miR-145-5p,ZC2HC1C,,-0.346,0.04
hsa-miR-130b-3p,YY1,MIRT463649,-0.346,0.04
hsa-miR-363-3p,MARCHF8,,-0.346,0.04
hsa-miR-342-3p,SESTD1,,-0.346,0.04
hsa-miR-335-5p,EYA3,,-0.346,0.04
hsa-miR-1306-5p,FEN1,,-0.346,0.04
hsa-miR-27a-3p,FBRSL1,,-0.346,0.04
hsa-miR-15b-5p,XPR1,,-0.346,0.04
hsa-miR-338-3p,ATXN7L1,,-0.346,0.04
hsa-miR-501-3p,GNAQ,,-0.346,0.04
hsa-let-7d-5p,LCOR,,-0.346,0.04
hsa-miR-24-3p,CHI3L1,,-0.346,0.04
hsa-miR-128-3p,NCAM1,,-0.346,0.04
hsa-miR-17-5p,ERO1B,,-0.346,0.04
hsa-miR-324-5p,KIAA0513,,-0.346,0.04
hsa-miR-15b-5p,MARCHF9,,-0.346,0.04
hsa-miR-106a-5p,OTUD3,,-0.346,0.04
hsa-miR-107,LARP4B,,-0.346,0.04
hsa-miR-363-3p,SOX11,MIRT243161,-0.346,0.04
hsa-miR-363-3p,LPP,,-0.345,0.04
hsa-miR-20b-5p,IQSEC2,,-0.345,0.04
hsa-miR-362-5p,CDKL2,,-0.345,0.041
hsa-miR-17-5p,DNAL1,MIRT704162,-0.345,0.041
hsa-miR-760,H2AW,,-0.345,0.041
hsa-miR-106a-5p,LRATD2,,-0.345,0.041
hsa-miR-454-3p,CNOT6L,,-0.345,0.041
hsa-miR-152-3p,UCP3,,-0.345,0.041
hsa-miR-107,RNF152,,-0.345,0.041
hsa-miR-152-3p,DYRK1A,,-0.345,0.041
hsa-let-7d-5p,PLEKHA3,MIRT555551,-0.345,0.041
hsa-miR-93-5p,MAP3K9,,-0.345,0.041
hsa-miR-106a-5p,NIN,MIRT472171,-0.345,0.041
hsa-miR-143-3p,DLG3,,-0.345,0.041
hsa-miR-150-5p,ENSA,,-0.345,0.041
hsa-miR-148b-3p,LYSMD3,,-0.345,0.041
hsa-miR-16-5p,TGIF2,,-0.345,0.041
hsa-miR-196b-5p,GATA6,MIRT502411,-0.345,0.041
hsa-miR-24-3p,BCL2L12,MIRT030470,-0.345,0.041
hsa-miR-532-3p,SREBF2,,-0.345,0.041
hsa-miR-370-5p,ST6GALNAC3,,-0.345,0.041
hsa-miR-222-3p,AIDA,,-0.345,0.041
hsa-miR-145-5p,SLC35E1,,-0.345,0.041
hsa-miR-1306-5p,RBM3,,-0.345,0.041
hsa-miR-181b-5p,SEPTIN11,,-0.345,0.041
hsa-miR-148b-3p,UHMK1,MIRT019310,-0.345,0.041
hsa-let-7e-5p,RAB15,,-0.344,0.041
hsa-let-7d-5p,SYNJ2BP,MIRT466720,-0.344,0.041
hsa-miR-143-3p,DNMT3A,MIRT000716,-0.344,0.041
hsa-miR-195-5p,KANK1,MIRT556854,-0.344,0.041
hsa-miR-148b-3p,MTMR9,,-0.344,0.041
hsa-miR-106a-5p,ABI1,,-0.344,0.041
hsa-let-7e-5p,ZNF282,,-0.344,0.041
hsa-miR-301a-3p,PIP4P1,,-0.344,0.041
hsa-miR-1306-5p,YIPF2,,-0.344,0.041
hsa-miR-93-5p,KIAA1671,,-0.344,0.041
hsa-miR-129-5p,CDKN1C,,-0.344,0.042
hsa-miR-326,CCDC149,,-0.344,0.042
hsa-miR-98-5p,FBXO21,,-0.344,0.042
hsa-miR-221-3p,KDR,,-0.344,0.042
hsa-miR-106a-5p,SLC7A2,,-0.344,0.042
hsa-miR-106a-5p,STRIP2,,-0.344,0.042
hsa-let-7d-5p,HOOK1,,-0.344,0.042
hsa-miR-1-3p,RAD54L2,,-0.344,0.042
hsa-miR-15b-5p,RNF213,,-0.344,0.042
hsa-miR-454-3p,BAHD1,,-0.344,0.042
hsa-miR-205-5p,CALU,,-0.344,0.042
hsa-miR-140-5p,NDST1,,-0.344,0.042
hsa-miR-152-3p,RNF44,,-0.344,0.042
hsa-miR-15b-5p,CERS1,,-0.344,0.042
hsa-miR-9-5p,GABRB2,,-0.344,0.042
hsa-miR-532-3p,PALD1,,-0.344,0.042
hsa-miR-7-5p,HS3ST5,,-0.344,0.042
hsa-miR-93-5p,FAM83F,,-0.344,0.042
hsa-miR-1306-5p,IVD,,-0.344,0.042
hsa-miR-25-3p,BMPR1A,MIRT559194,-0.343,0.042
hsa-miR-93-5p,KLHL2,,-0.343,0.042
hsa-miR-29b-3p,COL4A5,MIRT053738,-0.343,0.042
hsa-miR-145-5p,USP46,MIRT021493,-0.343,0.042
hsa-miR-148b-3p,ATP8A1,,-0.343,0.042
hsa-miR-93-5p,SPRED1,MIRT028118,-0.343,0.042
hsa-miR-15a-5p,TSPYL2,MIRT004680,-0.343,0.042
hsa-miR-16-5p,SLC39A9,MIRT191626,-0.343,0.042
hsa-miR-582-5p,VAV2,,-0.343,0.042
hsa-miR-186-5p,VAPB,,-0.343,0.042
hsa-miR-34a-5p,GABRA3,,-0.343,0.042
hsa-miR-381-3p,GRIN2B,,-0.343,0.042
hsa-miR-130b-3p,BAG5,,-0.343,0.042
hsa-miR-30c-5p,WNT7B,,-0.343,0.042
hsa-miR-93-5p,SINHCAF,,-0.343,0.042
hsa-miR-98-5p,IPO9,MIRT702706,-0.343,0.042
hsa-miR-106a-5p,MSMO1,MIRT164527,-0.343,0.042
hsa-miR-152-3p,XPO4,,-0.343,0.042
hsa-miR-144-3p,IRS1,MIRT734527,-0.343,0.042
hsa-miR-301a-3p,ABRAXAS2,,-0.343,0.042
hsa-miR-324-5p,RBM38,,-0.343,0.042
hsa-miR-491-5p,NFIB,MIRT511100,-0.343,0.042
hsa-miR-107,PKIA,,-0.343,0.042
hsa-let-7d-5p,GRIN3A,,-0.343,0.042
hsa-miR-152-3p,MAP3K4,,-0.343,0.042
hsa-miR-708-5p,PFKM,,-0.343,0.042
hsa-miR-21-5p,NEGR1,,-0.343,0.042
hsa-miR-378a-3p,KCND1,,-0.343,0.042
hsa-miR-17-5p,SLC25A44,MIRT266852,-0.343,0.042
hsa-miR-25-3p,STAG2,,-0.343,0.042
hsa-miR-25-3p,APPL1,,-0.343,0.042
hsa-miR-16-5p,TXLNG,MIRT051225,-0.343,0.042
hsa-miR-454-3p,LRCH1,,-0.343,0.042
hsa-miR-1306-5p,FBXO44,MIRT658207,-0.343,0.042
hsa-miR-16-5p,ZNF831,,-0.343,0.043
hsa-miR-224-5p,SESN3,,-0.343,0.043
hsa-miR-106b-5p,ABL2,,-0.343,0.043
hsa-miR-18a-5p,SATB1,,-0.342,0.043
hsa-miR-26a-5p,HAS2,,-0.342,0.043
hsa-miR-15a-5p,PPM1K,,-0.342,0.043
hsa-miR-181a-5p,VKORC1L1,,-0.342,0.043
hsa-miR-31-5p,STK40,MIRT007319,-0.342,0.043
hsa-miR-93-5p,IPO7,,-0.342,0.043
hsa-miR-454-3p,TANC2,,-0.342,0.043
hsa-miR-106a-5p,TRIM3,,-0.342,0.043
hsa-miR-20b-5p,LUZP1,,-0.342,0.043
hsa-miR-106a-5p,USP28,,-0.342,0.043
hsa-miR-106a-5p,HLF,,-0.342,0.043
hsa-miR-30e-5p,HDAC9,,-0.342,0.043
hsa-miR-20b-5p,ACBD5,MIRT728403,-0.342,0.043
hsa-let-7d-5p,LRATD2,,-0.342,0.043
hsa-miR-24-3p,MGAT4A,,-0.342,0.043
hsa-miR-181a-5p,FLT1,,-0.342,0.043
hsa-miR-205-5p,ZEB2,MIRT003666,-0.342,0.043
hsa-miR-15a-5p,SEC24A,MIRT468676,-0.342,0.043
hsa-miR-1306-5p,CBX5,,-0.342,0.043
hsa-miR-330-3p,DPYSL5,,-0.342,0.043
hsa-miR-17-5p,PITPNA,MIRT471011,-0.342,0.043
hsa-miR-93-5p,FSD1L,,-0.342,0.043
hsa-miR-96-5p,PTPRQ,,-0.342,0.043
hsa-miR-182-5p,NUAK1,,-0.342,0.043
hsa-miR-125b-5p,VSIR,,-0.342,0.043
hsa-miR-143-3p,FAM83F,MIRT734879,-0.342,0.043
hsa-miR-34c-5p,ADIPOR2,,-0.342,0.043
hsa-miR-339-5p,BCLAF1,,-0.342,0.043
hsa-miR-429,MAP4K4,,-0.342,0.043
hsa-miR-31-5p,SLC25A16,,-0.342,0.043
hsa-let-7e-5p,TUSC2,,-0.342,0.043
hsa-miR-25-3p,RPS6KB1,,-0.342,0.043
hsa-miR-135a-5p,SAMD8,,-0.342,0.043
hsa-miR-152-3p,CHD7,,-0.342,0.043
hsa-miR-106b-5p,ESR1,,-0.342,0.043
hsa-miR-196a-5p,NEURL1B,,-0.342,0.043
hsa-miR-107,ZBTB10,MIRT552646,-0.341,0.043
hsa-miR-491-5p,USP20,,-0.341,0.043
hsa-miR-25-3p,NRG1,,-0.341,0.043
hsa-miR-33a-5p,CDH6,MIRT669111,-0.341,0.043
hsa-miR-421,LZIC,,-0.341,0.043
hsa-miR-19b-3p,GRIN2A,,-0.341,0.043
hsa-miR-335-5p,RBFOX2,,-0.341,0.043
hsa-miR-18a-5p,TNRC6B,MIRT031349,-0.341,0.043
hsa-miR-23b-3p,MIDN,,-0.341,0.043
hsa-miR-301a-3p,RASGEF1A,,-0.341,0.043
hsa-miR-145-5p,NSUN4,,-0.341,0.043
hsa-miR-125b-5p,HAPLN1,,-0.341,0.043
hsa-miR-15a-5p,TRAK1,MIRT614697,-0.341,0.043
hsa-miR-16-5p,SHROOM3,,-0.341,0.043
hsa-miR-106b-5p,NFAT5,MIRT144304,-0.341,0.043
hsa-miR-106b-5p,NBEA,,-0.341,0.043
hsa-miR-342-3p,CSF1,,-0.341,0.043
hsa-miR-370-5p,CRTAP,,-0.341,0.043
hsa-miR-106a-5p,TRPS1,,-0.341,0.044
hsa-miR-1-3p,PPP4R2,,-0.341,0.044
hsa-miR-328-3p,STT3A,MIRT043817,-0.341,0.044
hsa-miR-17-5p,TP53INP1,MIRT053060,-0.341,0.044
hsa-miR-1-3p,RFX3,,-0.341,0.044
hsa-miR-491-5p,ASB13,,-0.341,0.044
hsa-miR-186-5p,ACTR3,,-0.341,0.044
hsa-miR-363-3p,SH3PXD2A,,-0.341,0.044
hsa-miR-1306-5p,CXADR,,-0.341,0.044
hsa-miR-190a-5p,KCNJ6,,-0.341,0.044
hsa-let-7b-5p,MEF2C,MIRT052262,-0.341,0.044
hsa-let-7d-5p,WASL,MIRT533189,-0.341,0.044
hsa-miR-107,PPIP5K2,,-0.341,0.044
hsa-miR-106b-5p,DGKH,,-0.341,0.044
hsa-miR-148b-3p,RORA,,-0.341,0.044
hsa-miR-25-3p,DCAF10,,-0.341,0.044
hsa-miR-107,UBXN7,,-0.341,0.044
hsa-miR-106b-5p,MECP2,MIRT440262,-0.341,0.044
hsa-miR-18a-5p,ZBTB20,,-0.341,0.044
hsa-miR-10a-5p,E2F3,,-0.341,0.044
hsa-miR-106a-5p,AGO1,MIRT048332,-0.341,0.044
hsa-miR-222-3p,PDE3A,,-0.341,0.044
hsa-miR-106b-5p,SLC22A23,MIRT467900,-0.341,0.044
hsa-let-7e-5p,BIN3,,-0.341,0.044
hsa-miR-93-5p,NCOR1,,-0.341,0.044
hsa-miR-15b-5p,MYBL1,,-0.341,0.044
hsa-miR-7-5p,DLGAP2,,-0.34,0.044
hsa-miR-106a-5p,ENPP5,MIRT548398,-0.34,0.044
hsa-miR-106a-5p,DSTYK,MIRT761121,-0.34,0.044
hsa-miR-17-5p,DNAJB6,MIRT538046,-0.34,0.044
hsa-miR-130a-3p,CFL2,MIRT558775,-0.34,0.044
hsa-miR-186-5p,FAM168A,,-0.34,0.044
hsa-miR-335-5p,NUCKS1,,-0.34,0.044
hsa-miR-491-5p,NCBP3,,-0.34,0.044
hsa-miR-7-5p,STRN3,,-0.34,0.044
hsa-miR-130a-3p,PPARG,MIRT005957,-0.34,0.044
hsa-miR-107,NAA15,,-0.34,0.044
hsa-miR-760,ACVR1B,,-0.34,0.044
hsa-let-7a-5p,MMP11,,-0.34,0.044
hsa-miR-758-3p,IAH1,,-0.34,0.044
hsa-miR-454-3p,FMR1,,-0.34,0.044
hsa-miR-1306-5p,FAM83F,,-0.34,0.044
hsa-miR-370-5p,ATP1A2,,-0.34,0.044
hsa-miR-25-3p,TENT2,,-0.34,0.044
hsa-let-7d-5p,MSI2,MIRT547372,-0.34,0.044
hsa-miR-26a-5p,LETM1,,-0.34,0.044
hsa-miR-335-5p,KAT7,,-0.34,0.044
hsa-miR-378c,YY1,MIRT742749,-0.34,0.044
hsa-miR-370-5p,UVRAG,,-0.34,0.044
hsa-miR-33a-5p,CADM2,,-0.34,0.044
hsa-miR-98-5p,LIPH,,-0.34,0.044
hsa-miR-421,APPBP2,,-0.34,0.044
hsa-let-7c-5p,ATPAF1,,-0.34,0.044
hsa-miR-15a-5p,ZNF704,MIRT552348,-0.34,0.044
hsa-miR-17-5p,VANGL1,,-0.34,0.044
hsa-miR-16-5p,TLE4,MIRT031643,-0.34,0.044
hsa-miR-15b-5p,MAPK1IP1L,,-0.34,0.044
hsa-miR-143-3p,C1orf74,,-0.34,0.044
hsa-let-7e-5p,VAV3,,-0.34,0.045
hsa-miR-9-5p,PRRX1,MIRT707304,-0.34,0.045
hsa-miR-148b-3p,ZBTB20,,-0.34,0.045
hsa-let-7d-5p,MTUS1,MIRT472738,-0.339,0.045
hsa-miR-17-5p,STAT3,MIRT054903,-0.339,0.045
hsa-miR-30a-5p,YPEL2,,-0.339,0.045
hsa-miR-106a-5p,ARL4A,,-0.339,0.045
hsa-miR-16-5p,CPEB3,MIRT512644,-0.339,0.045
hsa-miR-152-3p,MSI2,,-0.339,0.045
hsa-miR-423-5p,CREBZF,,-0.339,0.045
hsa-miR-106b-5p,ZNF236,,-0.339,0.045
hsa-miR-532-3p,SSR3,,-0.339,0.045
hsa-miR-15a-5p,SEMA6D,,-0.339,0.045
hsa-miR-93-5p,REST,MIRT213204,-0.339,0.045
hsa-miR-107,SNX30,,-0.339,0.045
hsa-miR-106b-5p,EDA2R,,-0.339,0.045
hsa-miR-326,CKAP2L,,-0.339,0.045
hsa-miR-106b-5p,SMIM14,,-0.339,0.045
hsa-miR-491-5p,GATAD2B,,-0.339,0.045
hsa-miR-454-3p,SMARCD2,,-0.339,0.045
hsa-miR-324-5p,ARHGAP36,,-0.339,0.045
hsa-miR-378c,CSRNP3,,-0.339,0.045
hsa-miR-98-5p,ATP2A2,,-0.339,0.045
hsa-miR-20b-5p,ZBTB8A,,-0.339,0.045
hsa-miR-320b,NR4A2,,-0.339,0.045
hsa-miR-20a-5p,MBD2,,-0.339,0.045
hsa-miR-363-3p,TFDP2,,-0.339,0.045
hsa-miR-532-3p,UBE2D3,,-0.339,0.045
hsa-miR-150-5p,DUSP13,,-0.338,0.045
hsa-let-7d-5p,NR6A1,MIRT471965,-0.338,0.045
hsa-miR-24-3p,USF3,,-0.338,0.045
hsa-miR-1-3p,UBE4A,,-0.338,0.045
hsa-miR-145-5p,FBXO34,,-0.338,0.045
hsa-miR-152-3p,CANX,,-0.338,0.045
hsa-miR-423-5p,ZMYM4,,-0.338,0.045
hsa-miR-23a-3p,PDPK1,,-0.338,0.045
hsa-miR-497-5p,HCN1,,-0.338,0.045
hsa-miR-139-5p,NFAT5,,-0.338,0.045
hsa-miR-1306-5p,BRD4,MIRT660149,-0.338,0.045
hsa-miR-195-5p,KATNAL1,MIRT727384,-0.338,0.046
hsa-miR-148b-3p,ARHGEF17,,-0.338,0.046
hsa-miR-20b-5p,GIT2,,-0.338,0.046
hsa-miR-532-3p,CACUL1,,-0.338,0.046
hsa-miR-98-5p,PRLR,,-0.338,0.046
hsa-miR-15b-5p,UBAP1,,-0.338,0.046
hsa-miR-150-5p,B4GAT1,,-0.338,0.046
hsa-miR-107,WNT4,,-0.338,0.046
hsa-miR-92b-3p,FBXO32,,-0.338,0.046
hsa-miR-7-5p,KPNA1,,-0.338,0.046
hsa-miR-106a-5p,INO80,,-0.338,0.046
hsa-miR-212-3p,RORB,,-0.338,0.046
hsa-miR-16-5p,TMCC1,MIRT031658,-0.338,0.046
hsa-miR-185-5p,CDC42EP3,,-0.338,0.046
hsa-miR-532-3p,ISY1,,-0.338,0.046
hsa-miR-378a-3p,WBP2,,-0.338,0.046
hsa-miR-107,SEMA6A,MIRT492394,-0.338,0.046
hsa-miR-491-5p,SAP30BP,,-0.338,0.046
hsa-miR-16-5p,STOX2,,-0.338,0.046
hsa-miR-15b-5p,ATP10B,,-0.337,0.046
hsa-miR-24-3p,ELP5,,-0.337,0.046
hsa-miR-145-5p,MTDH,MIRT733264,-0.337,0.046
hsa-miR-106b-5p,UCP3,,-0.337,0.046
hsa-miR-29b-3p,MANEAL,,-0.337,0.046
hsa-miR-150-5p,PTPA,,-0.337,0.046
hsa-miR-20b-5p,LAPTM4A,MIRT493345,-0.337,0.046
hsa-miR-16-5p,EVI5,,-0.337,0.046
hsa-miR-22-3p,EDNRA,,-0.337,0.046
hsa-miR-107,CGGBP1,,-0.337,0.046
hsa-miR-15b-5p,CACUL1,MIRT549077,-0.337,0.046
hsa-miR-145-5p,EFNB3,,-0.337,0.046
hsa-miR-152-3p,PHF20,,-0.337,0.046
hsa-miR-20b-5p,PGM2L1,MIRT726961,-0.337,0.046
hsa-miR-19b-3p,AAK1,,-0.337,0.046
hsa-miR-148b-3p,SRSF11,,-0.337,0.046
hsa-miR-370-5p,ANTXR2,,-0.337,0.046
hsa-miR-452-5p,TRIQK,,-0.337,0.046
hsa-miR-98-5p,FGF11,,-0.337,0.046
hsa-let-7d-5p,PRKAR2A,,-0.337,0.046
hsa-miR-106a-5p,TTPAL,,-0.337,0.046
hsa-miR-30d-5p,CELF2,,-0.337,0.046
hsa-miR-139-5p,UHMK1,MIRT697773,-0.337,0.046
hsa-miR-145-5p,CCDC120,,-0.337,0.046
hsa-miR-615-3p,TM9SF2,MIRT040243,-0.337,0.046
hsa-let-7e-5p,ABCB9,,-0.337,0.046
hsa-miR-106b-5p,MYNN,,-0.337,0.046
hsa-miR-24-3p,HOXC12,,-0.337,0.046
hsa-miR-15a-5p,NXPE3,,-0.337,0.046
hsa-miR-24-3p,NAV2,,-0.337,0.046
hsa-miR-93-5p,ANKRD9,,-0.337,0.046
hsa-miR-93-5p,TRIM66,,-0.337,0.046
hsa-miR-93-5p,DNAL1,MIRT704168,-0.337,0.046
hsa-miR-532-3p,NEXMIF,,-0.337,0.046
hsa-let-7d-5p,SLC26A9,,-0.337,0.046
hsa-let-7e-5p,B3GAT1,,-0.337,0.046
hsa-miR-26a-5p,KCNE4,,-0.337,0.046
hsa-miR-93-5p,RASA2,,-0.337,0.046
hsa-miR-301a-3p,MIER3,,-0.337,0.046
hsa-miR-16-5p,PELI2,,-0.337,0.046
hsa-miR-106a-5p,ZNF827,,-0.337,0.046
hsa-miR-106a-5p,RPS6KA5,MIRT534570,-0.337,0.046
hsa-miR-145-5p,CLCN3,,-0.337,0.046
hsa-miR-423-5p,KCNC3,,-0.337,0.046
hsa-miR-98-5p,B3GAT1,,-0.337,0.046
hsa-miR-106a-5p,GATAD2B,,-0.337,0.046
hsa-miR-15b-5p,CDC6,,-0.337,0.046
hsa-let-7e-5p,ZNF689,,-0.337,0.047
hsa-miR-18a-5p,CHRM3,,-0.337,0.047
hsa-miR-454-3p,JADE1,,-0.337,0.047
hsa-let-7d-5p,NRAS,,-0.337,0.047
hsa-miR-93-5p,TUSC2,MIRT004410,-0.336,0.047
hsa-miR-106a-5p,SFMBT1,,-0.336,0.047
hsa-miR-106b-5p,RAPGEF5,,-0.336,0.047
hsa-miR-106a-5p,CMTM4,,-0.336,0.047
hsa-miR-20b-5p,CNGB3,,-0.336,0.047
hsa-let-7e-5p,MYCBP,,-0.336,0.047
hsa-miR-29b-3p,HMGCR,MIRT733945,-0.336,0.047
hsa-miR-107,NFATC2,,-0.336,0.047
hsa-miR-199b-3p,KCTD16,,-0.336,0.047
hsa-miR-328-3p,SOX11,,-0.336,0.047
hsa-miR-145-5p,SRGAP1,MIRT005810,-0.336,0.047
hsa-miR-93-5p,ZNF827,,-0.336,0.047
hsa-miR-106a-5p,IPO9,,-0.336,0.047
hsa-miR-301a-3p,WDR20,,-0.336,0.047
hsa-miR-106a-5p,SACS,,-0.336,0.047
hsa-miR-199a-3p,KCTD16,,-0.336,0.047
hsa-miR-339-5p,SLX4IP,,-0.336,0.047
hsa-miR-31-5p,KCTD20,,-0.336,0.047
hsa-miR-708-5p,PRCC,,-0.336,0.047
hsa-miR-98-5p,KLHL13,,-0.336,0.047
hsa-miR-32-5p,REV3L,MIRT054929,-0.336,0.047
hsa-miR-330-5p,NFIX,,-0.336,0.047
hsa-let-7d-5p,FAM104A,MIRT032171,-0.336,0.047
hsa-miR-98-5p,LIMK2,,-0.336,0.047
hsa-miR-1-3p,ASXL2,MIRT442950,-0.336,0.047
hsa-miR-140-5p,RALGPS1,,-0.336,0.047
hsa-miR-98-5p,ZBTB8B,,-0.336,0.047
hsa-miR-142-5p,OTUD4,,-0.336,0.047
hsa-miR-23a-3p,GREM1,,-0.336,0.047
hsa-let-7c-5p,VGLL3,,-0.336,0.047
hsa-miR-96-5p,TACC1,,-0.336,0.047
hsa-miR-103a-3p,HMGN2,,-0.336,0.047
hsa-miR-15b-5p,RREB1,,-0.336,0.047
hsa-miR-186-5p,GRIN3A,,-0.336,0.047
hsa-miR-24-3p,YOD1,MIRT030622,-0.335,0.047
hsa-miR-15b-5p,MCF2L,,-0.335,0.047
hsa-miR-130b-3p,RNF180,,-0.335,0.047
hsa-miR-186-5p,DOCK3,MIRT045048,-0.335,0.047
hsa-miR-381-3p,MSRB3,,-0.335,0.047
hsa-miR-16-5p,PRPF38A,,-0.335,0.048
hsa-miR-18a-5p,TAOK1,MIRT196599,-0.335,0.048
hsa-miR-24-3p,SLC7A6OS,,-0.335,0.048
hsa-miR-93-5p,PANK3,MIRT727016,-0.335,0.048
hsa-miR-186-5p,ATP8A2,,-0.335,0.048
hsa-miR-106b-5p,SLC30A1,MIRT485102,-0.335,0.048
hsa-miR-363-3p,ATXN1L,,-0.335,0.048
hsa-miR-107,PCGF5,,-0.335,0.048
hsa-miR-424-5p,SPOCK3,,-0.335,0.048
hsa-miR-20b-5p,ANKH,MIRT095726,-0.335,0.048
hsa-miR-30e-5p,CCDC71L,MIRT704911,-0.335,0.048
hsa-miR-106a-5p,SRPK2,,-0.335,0.048
hsa-miR-107,PIK3R1,MIRT314098,-0.335,0.048
hsa-miR-106b-5p,CREB1,MIRT205050,-0.335,0.048
hsa-miR-152-3p,CNOT6,,-0.335,0.048
hsa-miR-186-5p,TOB1,,-0.335,0.048
hsa-miR-148b-3p,HSPA4L,,-0.335,0.048
hsa-miR-339-5p,LDLRAD3,,-0.335,0.048
hsa-miR-107,CENPP,,-0.335,0.048
hsa-miR-200a-3p,RGS17,,-0.335,0.048
hsa-miR-493-5p,RXRA,,-0.335,0.048
hsa-miR-421,PACRGL,,-0.335,0.048
hsa-miR-24-3p,MAGI1,MIRT030459,-0.335,0.048
hsa-miR-106a-5p,PCDHA7,,-0.335,0.048
hsa-miR-339-5p,RBM27,,-0.335,0.048
hsa-miR-370-5p,PIP4P2,,-0.335,0.048
hsa-let-7c-5p,SOCS1,MIRT492218,-0.335,0.048
hsa-miR-17-5p,C6orf62,,-0.335,0.048
hsa-miR-96-5p,CELF2,,-0.335,0.048
hsa-miR-378c,LAS1L,,-0.335,0.048
hsa-miR-15a-5p,PCDHA8,,-0.334,0.048
hsa-miR-200b-3p,WIPF1,,-0.334,0.048
hsa-miR-196b-5p,NRXN1,,-0.334,0.048
hsa-miR-424-5p,HAS2,,-0.334,0.048
hsa-miR-16-5p,MAP2K6,,-0.334,0.048
hsa-miR-106a-5p,TRIM44,,-0.334,0.048
hsa-miR-365a-3p,PRKAR2A,,-0.334,0.048
hsa-miR-365b-3p,PRKAR2A,,-0.334,0.048
hsa-miR-107,AKAP13,,-0.334,0.048
hsa-miR-106b-5p,BTBD7,MIRT441098,-0.334,0.048
hsa-miR-106b-5p,PEX5L,,-0.334,0.048
hsa-miR-107,SUSD6,,-0.334,0.049
hsa-miR-107,FAM110C,,-0.334,0.049
hsa-miR-125a-5p,SAMD14,,-0.334,0.049
hsa-miR-107,UBE2Q1,MIRT464746,-0.334,0.049
hsa-miR-421,SPTY2D1,,-0.334,0.049
hsa-miR-140-5p,CTCF,,-0.334,0.049
hsa-miR-18a-5p,WNT8B,,-0.334,0.049
hsa-miR-23a-3p,PPARGC1A,MIRT006280,-0.334,0.049
hsa-miR-29c-3p,PLP1,,-0.334,0.049
hsa-miR-339-5p,COG8,,-0.334,0.049
hsa-miR-421,GSPT1,,-0.334,0.049
hsa-miR-98-5p,ABHD17C,MIRT568653,-0.334,0.049
hsa-miR-326,STK35,,-0.334,0.049
hsa-miR-152-3p,SLC2A1,,-0.333,0.049
hsa-miR-25-3p,CD2AP,,-0.333,0.049
hsa-miR-93-5p,KDM2A,,-0.333,0.049
hsa-miR-195-5p,VAT1,,-0.333,0.049
hsa-miR-125a-5p,SRRM3,,-0.333,0.049
hsa-miR-185-5p,SMUG1,,-0.333,0.049
hsa-miR-330-3p,MOB3C,,-0.333,0.049
hsa-miR-98-5p,SLC1A4,,-0.333,0.049
hsa-miR-17-5p,TPRG1L,MIRT055019,-0.333,0.049
hsa-miR-19b-3p,BCL3,MIRT252921,-0.333,0.049
hsa-miR-454-3p,LMBRD2,,-0.333,0.049
hsa-miR-24-3p,ZNF532,,-0.333,0.049
hsa-miR-200c-3p,SURF4,,-0.333,0.049
hsa-miR-129-5p,ITSN1,,-0.333,0.05
hsa-miR-148b-3p,STK38L,,-0.333,0.05
hsa-miR-17-5p,CACUL1,,-0.333,0.05
hsa-miR-140-5p,CUL3,,-0.333,0.05
hsa-miR-140-5p,MYO10,,-0.333,0.05
hsa-miR-186-5p,FTO,,-0.333,0.05
hsa-miR-98-5p,NKAPD1,MIRT027777,-0.333,0.05
hsa-let-7g-5p,SLC25A4,,-0.333,0.05
hsa-miR-423-5p,CBX5,,-0.333,0.05
hsa-let-7d-5p,ENTPD7,,-0.333,0.05
hsa-miR-204-5p,SLITRK4,,-0.333,0.05
hsa-miR-15a-5p,PHF21A,,-0.332,0.05
hsa-miR-93-5p,CREBRF,MIRT028082,-0.332,0.05
hsa-miR-93-5p,USP37,,-0.332,0.05
hsa-miR-139-5p,ZC3H12A,,-0.332,0.05
hsa-miR-326,FAM168A,,-0.332,0.05
hsa-miR-106b-5p,RAPGEF2,,-0.332,0.05
NRP1,KEGG:04360,,,
GNAI1,KEGG:04360,,,
PAK4,KEGG:04360,,,
PLXNA4,KEGG:04360,,,
CFL2,KEGG:04360,,,
PDPK1,KEGG:04360,,,
PLXNA2,KEGG:04360,,,
MAPK1,KEGG:04360,,,
SEMA4G,KEGG:04360,,,
FZD3,KEGG:04360,,,
LRIG2,KEGG:04360,,,
UNC5D,KEGG:04360,,,
CAMK2B,KEGG:04360,,,
PIK3R1,KEGG:04360,,,
ENAH,KEGG:04360,,,
UNC5C,KEGG:04360,,,
SEMA3A,KEGG:04360,,,
EPHA7,KEGG:04360,,,
CAMK2D,KEGG:04360,,,
ARHGEF12,KEGG:04360,,,
GNAI3,KEGG:04360,,,
NEO1,KEGG:04360,,,
KRAS,KEGG:04360,,,
NFATC2,KEGG:04360,,,
PAK5,KEGG:04360,,,
PARD6B,KEGG:04360,,,
NTN4,KEGG:04360,,,
PAK6,KEGG:04360,,,
SRGAP1,KEGG:04360,,,
PAK3,KEGG:04360,,,
SEMA4A,KEGG:04360,,,
LIMK2,KEGG:04360,,,
PIK3R3,KEGG:04360,,,
GSK3B,KEGG:04360,,,
PIK3CB,KEGG:04360,,,
PLXNB1,KEGG:04360,,,
SEMA6D,KEGG:04360,,,
BMPR2,KEGG:04360,,,
ROBO2,KEGG:04360,,,
EPHB3,KEGG:04360,,,
EPHB2,KEGG:04360,,,
RRAS,KEGG:04360,,,
EPHA3,KEGG:04360,,,
RYK,KEGG:04360,,,
NRAS,KEGG:04360,,,
PIK3CD,KEGG:04360,,,
EFNA5,KEGG:04360,,,
PTCH1,KEGG:04360,,,
TRPC3,KEGG:04360,,,
RASA1,KEGG:04360,,,
PPP3R1,KEGG:04360,,,
SSH1,KEGG:04360,,,
SEMA5A,KEGG:04360,,,
CDC42,KEGG:04360,,,
DPYSL5,KEGG:04360,,,
WNT4,KEGG:04360,,,
SEMA6A,KEGG:04360,,,
EFNB3,KEGG:04360,,,
FZD4,KEGG:05205,,,
TP53,KEGG:05205,,,
IGF1R,KEGG:05205,,,
ERBB3,KEGG:05205,,,
SDC4,KEGG:05205,,,
FRS2,KEGG:05205,,,
PDPK1,KEGG:05205,,,
EIF4B,KEGG:05205,,,
MAPK1,KEGG:05205,,,
SDC2,KEGG:05205,,,
SMAD2,KEGG:05205,,,
ANK2,KEGG:05205,,,
FZD3,KEGG:05205,,,
PDCD4,KEGG:05205,,,
HBEGF,KEGG:05205,,,
IGF1,KEGG:05205,,,
TIMP3,KEGG:05205,,,
CAMK2B,KEGG:05205,,,
PIK3R1,KEGG:05205,,,
ANK3,KEGG:05205,,,
MRAS,KEGG:05205,,,
STAT3,KEGG:05205,,,
ANK1,KEGG:05205,,,
ITPR3,KEGG:05205,,,
CAMK2D,KEGG:05205,,,
ESR1,KEGG:05205,,,
ARHGEF12,KEGG:05205,,,
ERBB4,KEGG:05205,,,
ACTG1,KEGG:05205,,,
SOS2,KEGG:05205,,,
KRAS,KEGG:05205,,,
FGF2,KEGG:05205,,,
GAB1,KEGG:05205,,,
ELK1,KEGG:05205,,,
RDX,KEGG:05205,,,
ITGB3,KEGG:05205,,,
TLR4,KEGG:05205,,,
PIK3R3,KEGG:05205,,,
DDX5,KEGG:05205,,,
WNT8B,KEGG:05205,,,
ACTB,KEGG:05205,,,
PIK3CB,KEGG:05205,,,
MAPK14,KEGG:05205,,,
CASP3,KEGG:05205,,,
RRAS,KEGG:05205,,,
VAV3,KEGG:05205,,,
RPS6KB1,KEGG:05205,,,
TGFB2,KEGG:05205,,,
NRAS,KEGG:05205,,,
PIK3CD,KEGG:05205,,,
PTCH1,KEGG:05205,,,
FAS,KEGG:05205,,,
WNT9B,KEGG:05205,,,
CCND1,KEGG:05205,,,
GRB2,KEGG:05205,,,
PPP1R12B,KEGG:05205,,,
PPP1R12A,KEGG:05205,,,
CDC42,KEGG:05205,,,
KDR,KEGG:05205,,,
VAV2,KEGG:05205,,,
WNT7B,KEGG:05205,,,
WNT4,KEGG:05205,,,
CADM1,KEGG:04517,,,
NRP1,KEGG:04517,,,
PAK4,KEGG:04517,,,
PLXNA4,KEGG:04517,,,
DYNLL2,KEGG:04517,,,
MAPK8,KEGG:04517,,,
PDPK1,KEGG:04517,,,
PLXNA2,KEGG:04517,,,
MAPK1,KEGG:04517,,,
SLITRK6,KEGG:04517,,,
CADM2,KEGG:04517,,,
ANK2,KEGG:04517,,,
APP,KEGG:04517,,,
CASK,KEGG:04517,,,
SSX2IP,KEGG:04517,,,
SCN8A,KEGG:04517,,,
UNC5D,KEGG:04517,,,
CD226,KEGG:04517,,,
PIK3R1,KEGG:04517,,,
IL1RAP,KEGG:04517,,,
ANK3,KEGG:04517,,,
UNC5C,KEGG:04517,,,
NRP2,KEGG:04517,,,
GRIP1,KEGG:04517,,,
ACTG1,KEGG:04517,,,
ARF6,KEGG:04517,,,
PAK5,KEGG:04517,,,
PARD6B,KEGG:04517,,,
MYLK,KEGG:04517,,,
PTPRF,KEGG:04517,,,
PAK6,KEGG:04517,,,
NECTIN3,KEGG:04517,,,
SRGAP1,KEGG:04517,,,
PAK3,KEGG:04517,,,
MTSS2,KEGG:04517,,,
MYLK4,KEGG:04517,,,
RDX,KEGG:04517,,,
ITGB3,KEGG:04517,,,
EPB41L3,KEGG:04517,,,
MYH9,KEGG:04517,,,
LYN,KEGG:04517,,,
PIK3R3,KEGG:04517,,,
CSK,KEGG:04517,,,
NFASC,KEGG:04517,,,
GSK3B,KEGG:04517,,,
NECTIN1,KEGG:04517,,,
ACTB,KEGG:04517,,,
MAPK10,KEGG:04517,,,
PIK3CB,KEGG:04517,,,
JAM2,KEGG:04517,,,
MAPK14,KEGG:04517,,,
CNTNAP1,KEGG:04517,,,
WASL,KEGG:04517,,,
ROBO2,KEGG:04517,,,
LMO7,KEGG:04517,,,
VAV3,KEGG:04517,,,
ACTR3,KEGG:04517,,,
EPB41L1,KEGG:04517,,,
RAP1B,KEGG:04517,,,
NCAM1,KEGG:04517,,,
FOXO1,KEGG:04517,,,
PIK3CD,KEGG:04517,,,
NLGN1,KEGG:04517,,,
RASA1,KEGG:04517,,,
GRB2,KEGG:04517,,,
TIGIT,KEGG:04517,,,
CDC42,KEGG:04517,,,
KDR,KEGG:04517,,,
VAV2,KEGG:04517,,,
CXADR,KEGG:04517,,,
MAGI1,KEGG:04517,,,
CD2AP,KEGG:04517,,,
SLITRK4,KEGG:04517,,,
RAPGEF2,KEGG:04517,,,
TP53,KEGG:04010,,,
PPP5C,KEGG:04010,,,
MAX,KEGG:04010,,,
IGF1R,KEGG:04010,,,
TEK,KEGG:04010,,,
ERBB3,KEGG:04010,,,
MAPK8,KEGG:04010,,,
LAMTOR3,KEGG:04010,,,
MAPK1,KEGG:04010,,,
MAP3K9,KEGG:04010,,,
CRKL,KEGG:04010,,,
RPS6KA5,KEGG:04010,,,
CACNA1C,KEGG:04010,,,
MAP2K6,KEGG:04010,,,
STK4,KEGG:04010,,,
RPS6KA6,KEGG:04010,,,
DUSP16,KEGG:04010,,,
IGF1,KEGG:04010,,,
KIT,KEGG:04010,,,
MAP3K21,KEGG:04010,,,
IL1RAP,KEGG:04010,,,
MRAS,KEGG:04010,,,
RASGRF1,KEGG:04010,,,
TGFBR2,KEGG:04010,,,
ATF2,KEGG:04010,,,
IKBKB,KEGG:04010,,,
MAP3K1,KEGG:04010,,,
CACNA2D1,KEGG:04010,,,
ERBB4,KEGG:04010,,,
TGFBR1,KEGG:04010,,,
PPM1A,KEGG:04010,,,
SOS2,KEGG:04010,,,
KRAS,KEGG:04010,,,
NF1,KEGG:04010,,,
FGF2,KEGG:04010,,,
MAP3K2,KEGG:04010,,,
ELK1,KEGG:04010,,,
DUSP8,KEGG:04010,,,
MAP4K2,KEGG:04010,,,
TGFA,KEGG:04010,,,
FLT1,KEGG:04010,,,
MAPK10,KEGG:04010,,,
CACNB3,KEGG:04010,,,
CHUK,KEGG:04010,,,
HSPA8,KEGG:04010,,,
MAPK14,KEGG:04010,,,
CASP3,KEGG:04010,,,
RELA,KEGG:04010,,,
BDNF,KEGG:04010,,,
FGF1,KEGG:04010,,,
NGFR,KEGG:04010,,,
RASA2,KEGG:04010,,,
RRAS,KEGG:04010,,,
TGFB2,KEGG:04010,,,
STK3,KEGG:04010,,,
RAP1B,KEGG:04010,,,
NRAS,KEGG:04010,,,
TAOK1,KEGG:04010,,,
CACNA1E,KEGG:04010,,,
FGF7,KEGG:04010,,,
EFNA5,KEGG:04010,,,
FAS,KEGG:04010,,,
INSR,KEGG:04010,,,
RASA1,KEGG:04010,,,
MAP4K4,KEGG:04010,,,
ARRB1,KEGG:04010,,,
FGF18,KEGG:04010,,,
PPP3R1,KEGG:04010,,,
GRB2,KEGG:04010,,,
CDC42,KEGG:04010,,,
KDR,KEGG:04010,,,
MAP3K4,KEGG:04010,,,
CSF1,KEGG:04010,,,
MEF2C,KEGG:04010,,,
RAPGEF2,KEGG:04010,,,
FZD4,KEGG:04550,,,
ACVR1C,KEGG:04550,,,
IGF1R,KEGG:04550,,,
TCF3,KEGG:04550,,,
MAPK1,KEGG:04550,,,
SMAD2,KEGG:04550,,,
ACVR2A,KEGG:04550,,,
FZD3,KEGG:04550,,,
KLF4,KEGG:04550,,,
IGF1,KEGG:04550,,,
PIK3R1,KEGG:04550,,,
STAT3,KEGG:04550,,,
SKIL,KEGG:04550,,,
TCF7,KEGG:04550,,,
REST,KEGG:04550,,,
PCGF5,KEGG:04550,,,
POU5F1B,KEGG:04550,,,
SMAD5,KEGG:04550,,,
KRAS,KEGG:04550,,,
PCGF3,KEGG:04550,,,
TBX3,KEGG:04550,,,
FGF2,KEGG:04550,,,
SMAD1,KEGG:04550,,,
KAT6A,KEGG:04550,,,
ACVR2B,KEGG:04550,,,
PIK3R3,KEGG:04550,,,
WNT8B,KEGG:04550,,,
GSK3B,KEGG:04550,,,
BMPR1A,KEGG:04550,,,
PIK3CB,KEGG:04550,,,
HOXA1,KEGG:04550,,,
MAPK14,KEGG:04550,,,
BMPR2,KEGG:04550,,,
ACVR1B,KEGG:04550,,,
NRAS,KEGG:04550,,,
IL6ST,KEGG:04550,,,
PIK3CD,KEGG:04550,,,
WNT9B,KEGG:04550,,,
ACVR1,KEGG:04550,,,
BMI1,KEGG:04550,,,
GRB2,KEGG:04550,,,
LIF,KEGG:04550,,,
WNT7B,KEGG:04550,,,
WNT4,KEGG:04550,,,
TP53,KEGG:04218,,,
CHEK1,KEGG:04218,,,
E2F5,KEGG:04218,,,
MAPK1,KEGG:04218,,,
SMAD2,KEGG:04218,,,
MAP2K6,KEGG:04218,,,
FBXW11,KEGG:04218,,,
PIK3R1,KEGG:04218,,,
MRAS,KEGG:04218,,,
TGFBR2,KEGG:04218,,,
CDC25A,KEGG:04218,,,
ETS1,KEGG:04218,,,
ITPR3,KEGG:04218,,,
E2F3,KEGG:04218,,,
TGFBR1,KEGG:04218,,,
KRAS,KEGG:04218,,,
NFATC2,KEGG:04218,,,
CDK2,KEGG:04218,,,
RBL1,KEGG:04218,,,
PIK3R3,KEGG:04218,,,
SLC25A4,KEGG:04218,,,
ATM,KEGG:04218,,,
RBBP4,KEGG:04218,,,
VDAC1,KEGG:04218,,,
PIK3CB,KEGG:04218,,,
TRPM7,KEGG:04218,,,
MAPK14,KEGG:04218,,,
RELA,KEGG:04218,,,
BTRC,KEGG:04218,,,
SERPINE1,KEGG:04218,,,
RRAS,KEGG:04218,,,
TGFB2,KEGG:04218,,,
NRAS,KEGG:04218,,,
FOXO1,KEGG:04218,,,
PIK3CD,KEGG:04218,,,
CDK1,KEGG:04218,,,
HIPK2,KEGG:04218,,,
CHEK2,KEGG:04218,,,
CDK6,KEGG:04218,,,
PPP3R1,KEGG:04218,,,
CCND3,KEGG:04218,,,
E2F2,KEGG:04218,,,
CCND1,KEGG:04218,,,
RBL2,KEGG:04218,,,
LIN54,KEGG:04218,,,
LIN52,KEGG:04218,,,
RAB5B,KEGG:04014,,,
PAK4,KEGG:04014,,,
SYNGAP1,KEGG:04014,,,
IGF1R,KEGG:04014,,,
TEK,KEGG:04014,,,
MAPK8,KEGG:04014,,,
GNB5,KEGG:04014,,,
MAPK1,KEGG:04014,,,
STK4,KEGG:04014,,,
GNG2,KEGG:04014,,,
IGF1,KEGG:04014,,,
KIT,KEGG:04014,,,
PIK3R1,KEGG:04014,,,
GRIN1,KEGG:04014,,,
MRAS,KEGG:04014,,,
RASGRF1,KEGG:04014,,,
ETS1,KEGG:04014,,,
IKBKB,KEGG:04014,,,
SOS2,KEGG:04014,,,
KRAS,KEGG:04014,,,
ARF6,KEGG:04014,,,
PAK5,KEGG:04014,,,
NF1,KEGG:04014,,,
PAK6,KEGG:04014,,,
FGF2,KEGG:04014,,,
GAB1,KEGG:04014,,,
PAK3,KEGG:04014,,,
ELK1,KEGG:04014,,,
GNB1,KEGG:04014,,,
GRIN2B,KEGG:04014,,,
ABL2,KEGG:04014,,,
PLA2G2C,KEGG:04014,,,
TGFA,KEGG:04014,,,
PIK3R3,KEGG:04014,,,
KSR1,KEGG:04014,,,
FLT1,KEGG:04014,,,
MAPK10,KEGG:04014,,,
PIK3CB,KEGG:04014,,,
CHUK,KEGG:04014,,,
RELA,KEGG:04014,,,
BDNF,KEGG:04014,,,
FGF1,KEGG:04014,,,
RASAL2,KEGG:04014,,,
RAPGEF5,KEGG:04014,,,
NGFR,KEGG:04014,,,
GRIN2A,KEGG:04014,,,
RASA2,KEGG:04014,,,
SHOC2,KEGG:04014,,,
RRAS,KEGG:04014,,,
RAP1B,KEGG:04014,,,
BCL2L1,KEGG:04014,,,
NRAS,KEGG:04014,,,
FGF7,KEGG:04014,,,
PIK3CD,KEGG:04014,,,
EFNA5,KEGG:04014,,,
INSR,KEGG:04014,,,
RASA1,KEGG:04014,,,
FGF18,KEGG:04014,,,
GRB2,KEGG:04014,,,
CDC42,KEGG:04014,,,
KDR,KEGG:04014,,,
CSF1,KEGG:04014,,,
MAPK8,KEGG:04917,,,
SOCS6,KEGG:04917,,,
MAPK1,KEGG:04917,,,
PIK3R1,KEGG:04917,,,
STAT3,KEGG:04917,,,
ESR2,KEGG:04917,,,
ESR1,KEGG:04917,,,
SOS2,KEGG:04917,,,
SOCS5,KEGG:04917,,,
KRAS,KEGG:04917,,,
CISH,KEGG:04917,,,
PIK3R3,KEGG:04917,,,
GSK3B,KEGG:04917,,,
MAPK10,KEGG:04917,,,
PIK3CB,KEGG:04917,,,
MAPK14,KEGG:04917,,,
PRLR,KEGG:04917,,,
RELA,KEGG:04917,,,
NRAS,KEGG:04917,,,
PIK3CD,KEGG:04917,,,
TNFSF11,KEGG:04917,,,
SOCS4,KEGG:04917,,,
TNFRSF11A,KEGG:04917,,,
CCND1,KEGG:04917,,,
GRB2,KEGG:04917,,,
SOCS1,KEGG:04917,,,
IGF1R,KEGG:04068,,,
MAPK8,KEGG:04068,,,
PDPK1,KEGG:04068,,,
MAPK1,KEGG:04068,,,
BCL2L11,KEGG:04068,,,
STK4,KEGG:04068,,,
IGF1,KEGG:04068,,,
PIK3R1,KEGG:04068,,,
STAT3,KEGG:04068,,,
TGFBR2,KEGG:04068,,,
PRKAA2,KEGG:04068,,,
IKBKB,KEGG:04068,,,
PRKAB2,KEGG:04068,,,
TGFBR1,KEGG:04068,,,
SOS2,KEGG:04068,,,
KRAS,KEGG:04068,,,
S1PR1,KEGG:04068,,,
CDK2,KEGG:04068,,,
SETD7,KEGG:04068,,,
PIK3R3,KEGG:04068,,,
ATM,KEGG:04068,,,
MAPK10,KEGG:04068,,,
PIK3CB,KEGG:04068,,,
GABARAPL1,KEGG:04068,,,
CHUK,KEGG:04068,,,
MAPK14,KEGG:04068,,,
G6PC3,KEGG:04068,,,
IRS1,KEGG:04068,,,
TGFB2,KEGG:04068,,,
NRAS,KEGG:04068,,,
SGK3,KEGG:04068,,,
FOXO1,KEGG:04068,,,
CCNG2,KEGG:04068,,,
PIK3CD,KEGG:04068,,,
INSR,KEGG:04068,,,
CCND1,KEGG:04068,,,
GRB2,KEGG:04068,,,
TNFSF10,KEGG:04068,,,
RBL2,KEGG:04068,,,
FBXO32,KEGG:04068,,,
FZD4,KEGG:05200,,,
GNAI1,KEGG:05200,,,
TP53,KEGG:05200,,,
RUNX1,KEGG:05200,,,
SKP1,KEGG:05200,,,
TPM3,KEGG:05200,,,
MAX,KEGG:05200,,,
IGF1R,KEGG:05200,,,
MAPK8,KEGG:05200,,,
EPAS1,KEGG:05200,,,
GNB5,KEGG:05200,,,
MAPK1,KEGG:05200,,,
LAMC1,KEGG:05200,,,
COL4A1,KEGG:05200,,,
SLC2A1,KEGG:05200,,,
CRKL,KEGG:05200,,,
RPS6KA5,KEGG:05200,,,
SMAD2,KEGG:05200,,,
BCL2L11,KEGG:05200,,,
FZD3,KEGG:05200,,,
STK4,KEGG:05200,,,
LAMA4,KEGG:05200,,,
GNG2,KEGG:05200,,,
NCOA1,KEGG:05200,,,
XIAP,KEGG:05200,,,
IGF1,KEGG:05200,,,
KIT,KEGG:05200,,,
CAMK2B,KEGG:05200,,,
PIK3R1,KEGG:05200,,,
PLCB1,KEGG:05200,,,
STAT3,KEGG:05200,,,
TGFBR2,KEGG:05200,,,
ESR2,KEGG:05200,,,
BAK1,KEGG:05200,,,
ETS1,KEGG:05200,,,
TCF7,KEGG:05200,,,
CAMK2D,KEGG:05200,,,
E2F3,KEGG:05200,,,
ESR1,KEGG:05200,,,
ADCY2,KEGG:05200,,,
IKBKB,KEGG:05200,,,
ARHGEF12,KEGG:05200,,,
GNAI3,KEGG:05200,,,
TGFBR1,KEGG:05200,,,
SOS2,KEGG:05200,,,
KRAS,KEGG:05200,,,
CCDC6,KEGG:05200,,,
HHIP,KEGG:05200,,,
FGF2,KEGG:05200,,,
NCOA3,KEGG:05200,,,
CDK2,KEGG:05200,,,
ELK1,KEGG:05200,,,
GNA11,KEGG:05200,,,
GLI3,KEGG:05200,,,
GNB1,KEGG:05200,,,
BBC3,KEGG:05200,,,
POLK,KEGG:05200,,,
TGFA,KEGG:05200,,,
PIK3R3,KEGG:05200,,,
VHL,KEGG:05200,,,
WNT8B,KEGG:05200,,,
GSK3B,KEGG:05200,,,
LEF1,KEGG:05200,,,
MAPK10,KEGG:05200,,,
GNA13,KEGG:05200,,,
LAMB3,KEGG:05200,,,
CTBP2,KEGG:05200,,,
PIK3CB,KEGG:05200,,,
PTGER3,KEGG:05200,,,
APPL1,KEGG:05200,,,
CHUK,KEGG:05200,,,
CASP3,KEGG:05200,,,
RELA,KEGG:05200,,,
FGF1,KEGG:05200,,,
IL23R,KEGG:05200,,,
LRP6,KEGG:05200,,,
LPAR5,KEGG:05200,,,
EGLN3,KEGG:05200,,,
TRAF3,KEGG:05200,,,
RPS6KB1,KEGG:05200,,,
TGFB2,KEGG:05200,,,
BCL2L1,KEGG:05200,,,
SUFU,KEGG:05200,,,
NRAS,KEGG:05200,,,
EML4,KEGG:05200,,,
ADCY5,KEGG:05200,,,
IL6ST,KEGG:05200,,,
FGF7,KEGG:05200,,,
FOXO1,KEGG:05200,,,
PIK3CD,KEGG:05200,,,
PTCH1,KEGG:05200,,,
CTNNA2,KEGG:05200,,,
ADCY9,KEGG:05200,,,
FAS,KEGG:05200,,,
GSTO2,KEGG:05200,,,
RARB,KEGG:05200,,,
CDK6,KEGG:05200,,,
WNT9B,KEGG:05200,,,
FGF18,KEGG:05200,,,
CCND3,KEGG:05200,,,
BCR,KEGG:05200,,,
E2F2,KEGG:05200,,,
CCND1,KEGG:05200,,,
GRB2,KEGG:05200,,,
RXRA,KEGG:05200,,,
ADCY6,KEGG:05200,,,
PPARD,KEGG:05200,,,
CDC42,KEGG:05200,,,
GNAQ,KEGG:05200,,,
COL4A5,KEGG:05200,,,
WNT7B,KEGG:05200,,,
PPARG,KEGG:05200,,,
WNT4,KEGG:05200,,,
EDNRA,KEGG:05200,,,
TP53,KEGG:04211,,,
IGF1R,KEGG:04211,,,
ATG13,KEGG:04211,,,
CREB1,KEGG:04211,,,
IGF1,KEGG:04211,,,
PIK3R1,KEGG:04211,,,
ATF2,KEGG:04211,,,
PRKAA2,KEGG:04211,,,
ADCY2,KEGG:04211,,,
ADIPOR2,KEGG:04211,,,
PRKAB2,KEGG:04211,,,
KRAS,KEGG:04211,,,
EHMT1,KEGG:04211,,,
PIK3R3,KEGG:04211,,,
EIF4E2,KEGG:04211,,,
PIK3CB,KEGG:04211,,,
APPL1,KEGG:04211,,,
RELA,KEGG:04211,,,
IRS1,KEGG:04211,,,
RPS6KB1,KEGG:04211,,,
NRAS,KEGG:04211,,,
ADCY5,KEGG:04211,,,
FOXO1,KEGG:04211,,,
PIK3CD,KEGG:04211,,,
ADCY9,KEGG:04211,,,
INSR,KEGG:04211,,,
SESN3,KEGG:04211,,,
ADCY6,KEGG:04211,,,
PPARG,KEGG:04211,,,
PPARGC1A,KEGG:04211,,,
TP53,KEGG:05212,,,
MAPK8,KEGG:05212,,,
MAPK1,KEGG:05212,,,
SMAD2,KEGG:05212,,,
PIK3R1,KEGG:05212,,,
STAT3,KEGG:05212,,,
TGFBR2,KEGG:05212,,,
BAK1,KEGG:05212,,,
E2F3,KEGG:05212,,,
IKBKB,KEGG:05212,,,
TGFBR1,KEGG:05212,,,
KRAS,KEGG:05212,,,
POLK,KEGG:05212,,,
TGFA,KEGG:05212,,,
PIK3R3,KEGG:05212,,,
MAPK10,KEGG:05212,,,
PIK3CB,KEGG:05212,,,
CHUK,KEGG:05212,,,
RELA,KEGG:05212,,,
RPS6KB1,KEGG:05212,,,
TGFB2,KEGG:05212,,,
BCL2L1,KEGG:05212,,,
PIK3CD,KEGG:05212,,,
CDK6,KEGG:05212,,,
E2F2,KEGG:05212,,,
CCND1,KEGG:05212,,,
CDC42,KEGG:05212,,,
TP53,KEGG:05220,,,
RUNX1,KEGG:05220,,,
MAPK1,KEGG:05220,,,
CRKL,KEGG:05220,,,
PIK3R1,KEGG:05220,,,
TGFBR2,KEGG:05220,,,
BAK1,KEGG:05220,,,
E2F3,KEGG:05220,,,
IKBKB,KEGG:05220,,,
TGFBR1,KEGG:05220,,,
SOS2,KEGG:05220,,,
KRAS,KEGG:05220,,,
POLK,KEGG:05220,,,
PIK3R3,KEGG:05220,,,
CTBP2,KEGG:05220,,,
PIK3CB,KEGG:05220,,,
CHUK,KEGG:05220,,,
RELA,KEGG:05220,,,
TGFB2,KEGG:05220,,,
BCL2L1,KEGG:05220,,,
NRAS,KEGG:05220,,,
PIK3CD,KEGG:05220,,,
CDK6,KEGG:05220,,,
BCR,KEGG:05220,,,
E2F2,KEGG:05220,,,
CCND1,KEGG:05220,,,
GRB2,KEGG:05220,,,
RAB5B,KEGG:04144,,,
SNX12,KEGG:04144,,,
IGF1R,KEGG:04144,,,
LDLRAP1,KEGG:04144,,,
RAB11FIP4,KEGG:04144,,,
WIPF2,KEGG:04144,,,
SMAD2,KEGG:04144,,,
PSD4,KEGG:04144,,,
RAB10,KEGG:04144,,,
GRK3,KEGG:04144,,,
GRK5,KEGG:04144,,,
VTA1,KEGG:04144,,,
AP2B1,KEGG:04144,,,
RABEP1,KEGG:04144,,,
PSD3,KEGG:04144,,,
VPS26A,KEGG:04144,,,
NEDD4L,KEGG:04144,,,
RAB8A,KEGG:04144,,,
SH3KBP1,KEGG:04144,,,
RAB11FIP1,KEGG:04144,,,
CHMP7,KEGG:04144,,,
TGFBR2,KEGG:04144,,,
STAM2,KEGG:04144,,,
RAB11A,KEGG:04144,,,
KIF5C,KEGG:04144,,,
PDCD6IP,KEGG:04144,,,
RUFY2,KEGG:04144,,,
RAB22A,KEGG:04144,,,
TGFBR1,KEGG:04144,,,
ARAP2,KEGG:04144,,,
USP8,KEGG:04144,,,
ARF6,KEGG:04144,,,
PARD6B,KEGG:04144,,,
VPS37C,KEGG:04144,,,
EPN2,KEGG:04144,,,
NEDD4,KEGG:04144,,,
PIP5KL1,KEGG:04144,,,
ACAP2,KEGG:04144,,,
KIF5A,KEGG:04144,,,
SNX3,KEGG:04144,,,
ARF3,KEGG:04144,,,
ZFYVE16,KEGG:04144,,,
DNM2,KEGG:04144,,,
RAB4A,KEGG:04144,,,
RAB35,KEGG:04144,,,
HSPA8,KEGG:04144,,,
AGAP1,KEGG:04144,,,
CAPZB,KEGG:04144,,,
VPS4B,KEGG:04144,,,
WASL,KEGG:04144,,,
ACTR3,KEGG:04144,,,
ARF5,KEGG:04144,,,
WIPF1,KEGG:04144,,,
IGF2R,KEGG:04144,,,
EPN1,KEGG:04144,,,
ARRB1,KEGG:04144,,,
ZFYVE27,KEGG:04144,,,
MVB12B,KEGG:04144,,,
SH3GLB1,KEGG:04144,,,
CDC42,KEGG:04144,,,
IQSEC2,KEGG:04144,,,
GIT2,KEGG:04144,,,
GNAI1,KEGG:04015,,,
IGF1R,KEGG:04015,,,
TEK,KEGG:04015,,,
TLN2,KEGG:04015,,,
MAPK1,KEGG:04015,,,
CRKL,KEGG:04015,,,
MAP2K6,KEGG:04015,,,
CNR1,KEGG:04015,,,
PFN2,KEGG:04015,,,
IGF1,KEGG:04015,,,
KIT,KEGG:04015,,,
PIK3R1,KEGG:04015,,,
PLCB1,KEGG:04015,,,
ENAH,KEGG:04015,,,
GRIN1,KEGG:04015,,,
MRAS,KEGG:04015,,,
ADCY2,KEGG:04015,,,
GNAI3,KEGG:04015,,,
ACTG1,KEGG:04015,,,
KRAS,KEGG:04015,,,
PARD6B,KEGG:04015,,,
FGF2,KEGG:04015,,,
GRIN2B,KEGG:04015,,,
ITGB3,KEGG:04015,,,
PIK3R3,KEGG:04015,,,
DRD2,KEGG:04015,,,
ACTB,KEGG:04015,,,
FLT1,KEGG:04015,,,
PIK3CB,KEGG:04015,,,
MAPK14,KEGG:04015,,,
FGF1,KEGG:04015,,,
RAPGEF5,KEGG:04015,,,
NGFR,KEGG:04015,,,
GRIN2A,KEGG:04015,,,
LPAR5,KEGG:04015,,,
RRAS,KEGG:04015,,,
VAV3,KEGG:04015,,,
CTNND1,KEGG:04015,,,
RAP1B,KEGG:04015,,,
NRAS,KEGG:04015,,,
ADCY5,KEGG:04015,,,
FGF7,KEGG:04015,,,
PIK3CD,KEGG:04015,,,
EFNA5,KEGG:04015,,,
ADCY9,KEGG:04015,,,
INSR,KEGG:04015,,,
FGF18,KEGG:04015,,,
ADCY6,KEGG:04015,,,
CDC42,KEGG:04015,,,
GNAQ,KEGG:04015,,,
KDR,KEGG:04015,,,
VAV2,KEGG:04015,,,
CSF1,KEGG:04015,,,
MAGI1,KEGG:04015,,,
RAPGEF2,KEGG:04015,,,
PAK4,KEGG:05211,,,
EPAS1,KEGG:05211,,,
MAPK1,KEGG:05211,,,
SLC2A1,KEGG:05211,,,
CRKL,KEGG:05211,,,
PIK3R1,KEGG:05211,,,
ETS1,KEGG:05211,,,
SOS2,KEGG:05211,,,
KRAS,KEGG:05211,,,
PAK5,KEGG:05211,,,
PAK6,KEGG:05211,,,
GAB1,KEGG:05211,,,
PAK3,KEGG:05211,,,
TGFA,KEGG:05211,,,
PIK3R3,KEGG:05211,,,
VHL,KEGG:05211,,,
PIK3CB,KEGG:05211,,,
EGLN3,KEGG:05211,,,
TGFB2,KEGG:05211,,,
RAP1B,KEGG:05211,,,
NRAS,KEGG:05211,,,
PIK3CD,KEGG:05211,,,
GRB2,KEGG:05211,,,
PRCC,KEGG:05211,,,
CDC42,KEGG:05211,,,
FZD4,KEGG:05225,,,
TP53,KEGG:05225,,,
SMARCA4,KEGG:05225,,,
SMARCD1,KEGG:05225,,,
SMARCC1,KEGG:05225,,,
IGF1R,KEGG:05225,,,
CSNK1A1,KEGG:05225,,,
MAPK1,KEGG:05225,,,
SMAD2,KEGG:05225,,,
FZD3,KEGG:05225,,,
PIK3R1,KEGG:05225,,,
TGFBR2,KEGG:05225,,,
BAK1,KEGG:05225,,,
TCF7,KEGG:05225,,,
E2F3,KEGG:05225,,,
ARID2,KEGG:05225,,,
ACTG1,KEGG:05225,,,
TGFBR1,KEGG:05225,,,
SOS2,KEGG:05225,,,
KRAS,KEGG:05225,,,
GAB1,KEGG:05225,,,
ELK1,KEGG:05225,,,
POLK,KEGG:05225,,,
TGFA,KEGG:05225,,,
PIK3R3,KEGG:05225,,,
WNT8B,KEGG:05225,,,
GSK3B,KEGG:05225,,,
ACTB,KEGG:05225,,,
LEF1,KEGG:05225,,,
PIK3CB,KEGG:05225,,,
SMARCE1,KEGG:05225,,,
LRP6,KEGG:05225,,,
RPS6KB1,KEGG:05225,,,
TGFB2,KEGG:05225,,,
BCL2L1,KEGG:05225,,,
NRAS,KEGG:05225,,,
PIK3CD,KEGG:05225,,,
GSTO2,KEGG:05225,,,
CDK6,KEGG:05225,,,
WNT9B,KEGG:05225,,,
E2F2,KEGG:05225,,,
CCND1,KEGG:05225,,,
GRB2,KEGG:05225,,,
WNT7B,KEGG:05225,,,
SMARCD2,KEGG:05225,,,
WNT4,KEGG:05225,,,
TP53,KEGG:04919,,,
NCOA2,KEGG:04919,,,
TBC1D4,KEGG:04919,,,
PDPK1,KEGG:04919,,,
MAPK1,KEGG:04919,,,
SLC2A1,KEGG:04919,,,
NCOA1,KEGG:04919,,,
PIK3R1,KEGG:04919,,,
PLCB1,KEGG:04919,,,
ESR1,KEGG:04919,,,
ACTG1,KEGG:04919,,,
KRAS,KEGG:04919,,,
NCOA3,KEGG:04919,,,
ITGB3,KEGG:04919,,,
PIK3R3,KEGG:04919,,,
DIO2,KEGG:04919,,,
GSK3B,KEGG:04919,,,
ACTB,KEGG:04919,,,
PIK3CB,KEGG:04919,,,
MED17,KEGG:04919,,,
ATP2A2,KEGG:04919,,,
MED12L,KEGG:04919,,,
RCAN2,KEGG:04919,,,
NRAS,KEGG:04919,,,
FOXO1,KEGG:04919,,,
PIK3CD,KEGG:04919,,,
PFKFB2,KEGG:04919,,,
DIO1,KEGG:04919,,,
NCOR1,KEGG:04919,,,
ATP1A2,KEGG:04919,,,
RCAN1,KEGG:04919,,,
CCND1,KEGG:04919,,,
RXRA,KEGG:04919,,,
THRB,KEGG:04919,,,
PFKM,KEGG:04919,,,
WNT4,KEGG:04919,,,
PAK4,KEGG:04012,,,
ERBB3,KEGG:04012,,,
MAPK8,KEGG:04012,,,
MAPK1,KEGG:04012,,,
NRG1,KEGG:04012,,,
CRKL,KEGG:04012,,,
HBEGF,KEGG:04012,,,
CAMK2B,KEGG:04012,,,
PIK3R1,KEGG:04012,,,
CAMK2D,KEGG:04012,,,
ERBB4,KEGG:04012,,,
SOS2,KEGG:04012,,,
KRAS,KEGG:04012,,,
PAK5,KEGG:04012,,,
PAK6,KEGG:04012,,,
GAB1,KEGG:04012,,,
PAK3,KEGG:04012,,,
ELK1,KEGG:04012,,,
ABL2,KEGG:04012,,,
TGFA,KEGG:04012,,,
PIK3R3,KEGG:04012,,,
GSK3B,KEGG:04012,,,
MAPK10,KEGG:04012,,,
PIK3CB,KEGG:04012,,,
RPS6KB1,KEGG:04012,,,
NRAS,KEGG:04012,,,
PIK3CD,KEGG:04012,,,
GRB2,KEGG:04012,,,
FZD4,KEGG:04390,,,
YWHAG,KEGG:04390,,,
YWHAQ,KEGG:04390,,,
BMP8A,KEGG:04390,,,
SMAD2,KEGG:04390,,,
FZD3,KEGG:04390,,,
FBXW11,KEGG:04390,,,
TGFBR2,KEGG:04390,,,
DLG3,KEGG:04390,,,
TCF7,KEGG:04390,,,
PPP2CA,KEGG:04390,,,
MOB1B,KEGG:04390,,,
ACTG1,KEGG:04390,,,
TGFBR1,KEGG:04390,,,
AJUBA,KEGG:04390,,,
DLG2,KEGG:04390,,,
YWHAZ,KEGG:04390,,,
PARD6B,KEGG:04390,,,
NF2,KEGG:04390,,,
SMAD1,KEGG:04390,,,
BBC3,KEGG:04390,,,
WNT8B,KEGG:04390,,,
GSK3B,KEGG:04390,,,
DLG5,KEGG:04390,,,
ACTB,KEGG:04390,,,
LEF1,KEGG:04390,,,
BMPR1A,KEGG:04390,,,
BMPR2,KEGG:04390,,,
BTRC,KEGG:04390,,,
FGF1,KEGG:04390,,,
SERPINE1,KEGG:04390,,,
TGFB2,KEGG:04390,,,
STK3,KEGG:04390,,,
TEAD3,KEGG:04390,,,
LATS2,KEGG:04390,,,
CTNNA2,KEGG:04390,,,
PPP2R1A,KEGG:04390,,,
LIMD1,KEGG:04390,,,
WNT9B,KEGG:04390,,,
CCND3,KEGG:04390,,,
CCND1,KEGG:04390,,,
WNT7B,KEGG:04390,,,
WNT4,KEGG:04390,,,
TP53,KEGG:05223,,,
PDPK1,KEGG:05223,,,
MAPK1,KEGG:05223,,,
STK4,KEGG:05223,,,
PIK3R1,KEGG:05223,,,
STAT3,KEGG:05223,,,
BAK1,KEGG:05223,,,
KIF5C,KEGG:05223,,,
E2F3,KEGG:05223,,,
SOS2,KEGG:05223,,,
KRAS,KEGG:05223,,,
KIF5A,KEGG:05223,,,
POLK,KEGG:05223,,,
TGFA,KEGG:05223,,,
PIK3R3,KEGG:05223,,,
PIK3CB,KEGG:05223,,,
NRAS,KEGG:05223,,,
EML4,KEGG:05223,,,
PIK3CD,KEGG:05223,,,
RARB,KEGG:05223,,,
CDK6,KEGG:05223,,,
E2F2,KEGG:05223,,,
CCND1,KEGG:05223,,,
GRB2,KEGG:05223,,,
RXRA,KEGG:05223,,,
TP53,KEGG:05210,,,
MAPK8,KEGG:05210,,,
MAPK1,KEGG:05210,,,
SMAD2,KEGG:05210,,,
BCL2L11,KEGG:05210,,,
PIK3R1,KEGG:05210,,,
TGFBR2,KEGG:05210,,,
BAK1,KEGG:05210,,,
TCF7,KEGG:05210,,,
TGFBR1,KEGG:05210,,,
SOS2,KEGG:05210,,,
KRAS,KEGG:05210,,,
BBC3,KEGG:05210,,,
POLK,KEGG:05210,,,
TGFA,KEGG:05210,,,
PIK3R3,KEGG:05210,,,
GSK3B,KEGG:05210,,,
LEF1,KEGG:05210,,,
MAPK10,KEGG:05210,,,
PIK3CB,KEGG:05210,,,
APPL1,KEGG:05210,,,
CASP3,KEGG:05210,,,
RPS6KB1,KEGG:05210,,,
TGFB2,KEGG:05210,,,
NRAS,KEGG:05210,,,
PIK3CD,KEGG:05210,,,
CCND1,KEGG:05210,,,
GRB2,KEGG:05210,,,
FZD4,KEGG:04310,,,
TP53,KEGG:04310,,,
SKP1,KEGG:04310,,,
MAPK8,KEGG:04310,,,
CSNK1A1,KEGG:04310,,,
PSEN1,KEGG:04310,,,
RSPO1,KEGG:04310,,,
FZD3,KEGG:04310,,,
FBXW11,KEGG:04310,,,
CAMK2B,KEGG:04310,,,
SOST,KEGG:04310,,,
PLCB1,KEGG:04310,,,
SENP2,KEGG:04310,,,
TBL1X,KEGG:04310,,,
TCF7,KEGG:04310,,,
CAMK2D,KEGG:04310,,,
ZNRF3,KEGG:04310,,,
TBL1XR1,KEGG:04310,,,
CSNK2A1,KEGG:04310,,,
NFATC2,KEGG:04310,,,
FRZB,KEGG:04310,,,
CCDC88C,KEGG:04310,,,
CTNNBIP1,KEGG:04310,,,
SIAH1,KEGG:04310,,,
WNT8B,KEGG:04310,,,
GSK3B,KEGG:04310,,,
LEF1,KEGG:04310,,,
MAPK10,KEGG:04310,,,
VANGL1,KEGG:04310,,,
CTBP2,KEGG:04310,,,
RSPO4,KEGG:04310,,,
SOX17,KEGG:04310,,,
BTRC,KEGG:04310,,,
LRP6,KEGG:04310,,,
CXXC4,KEGG:04310,,,
TLE4,KEGG:04310,,,
RYK,KEGG:04310,,,
RSPO3,KEGG:04310,,,
WNT9B,KEGG:04310,,,
PPP3R1,KEGG:04310,,,
CCND3,KEGG:04310,,,
CCND1,KEGG:04310,,,
RNF43,KEGG:04310,,,
PPARD,KEGG:04310,,,
WNT7B,KEGG:04310,,,
WNT4,KEGG:04310,,,
FZD4,KEGG:05224,,,
TP53,KEGG:05224,,,
IGF1R,KEGG:05224,,,
CSNK1A1,KEGG:05224,,,
MAPK1,KEGG:05224,,,
FZD3,KEGG:05224,,,
NCOA1,KEGG:05224,,,
IGF1,KEGG:05224,,,
KIT,KEGG:05224,,,
PIK3R1,KEGG:05224,,,
ESR2,KEGG:05224,,,
BAK1,KEGG:05224,,,
TCF7,KEGG:05224,,,
E2F3,KEGG:05224,,,
ESR1,KEGG:05224,,,
SOS2,KEGG:05224,,,
KRAS,KEGG:05224,,,
FGF2,KEGG:05224,,,
NCOA3,KEGG:05224,,,
POLK,KEGG:05224,,,
PIK3R3,KEGG:05224,,,
WNT8B,KEGG:05224,,,
GSK3B,KEGG:05224,,,
LEF1,KEGG:05224,,,
PIK3CB,KEGG:05224,,,
FGF1,KEGG:05224,,,
LRP6,KEGG:05224,,,
RPS6KB1,KEGG:05224,,,
NRAS,KEGG:05224,,,
FGF7,KEGG:05224,,,
PIK3CD,KEGG:05224,,,
TNFSF11,KEGG:05224,,,
CDK6,KEGG:05224,,,
WNT9B,KEGG:05224,,,
FGF18,KEGG:05224,,,
E2F2,KEGG:05224,,,
CCND1,KEGG:05224,,,
GRB2,KEGG:05224,,,
WNT7B,KEGG:05224,,,
WNT4,KEGG:05224,,,
MAPK8,KEGG:04910,,,
PDPK1,KEGG:04910,,,
MAPK1,KEGG:04910,,,
PRKAR2A,KEGG:04910,,,
CRKL,KEGG:04910,,,
PIK3R1,KEGG:04910,,,
PRKAA2,KEGG:04910,,,
IKBKB,KEGG:04910,,,
PRKAB2,KEGG:04910,,,
SOS2,KEGG:04910,,,
KRAS,KEGG:04910,,,
PTPN1,KEGG:04910,,,
PTPRF,KEGG:04910,,,
ELK1,KEGG:04910,,,
PPP1R3B,KEGG:04910,,,
PIK3R3,KEGG:04910,,,
GSK3B,KEGG:04910,,,
PDE3B,KEGG:04910,,,
MAPK10,KEGG:04910,,,
EIF4E2,KEGG:04910,,,
PIK3CB,KEGG:04910,,,
PHKG2,KEGG:04910,,,
G6PC3,KEGG:04910,,,
ACACB,KEGG:04910,,,
IRS1,KEGG:04910,,,
RPS6KB1,KEGG:04910,,,
NRAS,KEGG:04910,,,
RHOQ,KEGG:04910,,,
FOXO1,KEGG:04910,,,
PIK3CD,KEGG:04910,,,
SOCS4,KEGG:04910,,,
INSR,KEGG:04910,,,
FLOT2,KEGG:04910,,,
GRB2,KEGG:04910,,,
PPP1R3F,KEGG:04910,,,
PHKA1,KEGG:04910,,,
SOCS1,KEGG:04910,,,
PPARGC1A,KEGG:04910,,,
GHR,KEGG:04151,,,
TP53,KEGG:04151,,,
YWHAG,KEGG:04151,,,
ITGA10,KEGG:04151,,,
IGF1R,KEGG:04151,,,
TEK,KEGG:04151,,,
ERBB3,KEGG:04151,,,
YWHAQ,KEGG:04151,,,
GNB5,KEGG:04151,,,
PDPK1,KEGG:04151,,,
EIF4B,KEGG:04151,,,
MAPK1,KEGG:04151,,,
LAMC1,KEGG:04151,,,
COL4A1,KEGG:04151,,,
BCL2L11,KEGG:04151,,,
PPP2R5C,KEGG:04151,,,
CREB1,KEGG:04151,,,
LAMA4,KEGG:04151,,,
GNG2,KEGG:04151,,,
OSMR,KEGG:04151,,,
IGF1,KEGG:04151,,,
ITGB8,KEGG:04151,,,
KIT,KEGG:04151,,,
PIK3R1,KEGG:04151,,,
PHLPP2,KEGG:04151,,,
ATF2,KEGG:04151,,,
PRKAA2,KEGG:04151,,,
PPP2CA,KEGG:04151,,,
IKBKB,KEGG:04151,,,
ERBB4,KEGG:04151,,,
SOS2,KEGG:04151,,,
YWHAZ,KEGG:04151,,,
KRAS,KEGG:04151,,,
FGF2,KEGG:04151,,,
CDK2,KEGG:04151,,,
GNB1,KEGG:04151,,,
ITGB3,KEGG:04151,,,
TNC,KEGG:04151,,,
TGFA,KEGG:04151,,,
TLR4,KEGG:04151,,,
PIK3R3,KEGG:04151,,,
PKN2,KEGG:04151,,,
GSK3B,KEGG:04151,,,
FLT1,KEGG:04151,,,
LAMB3,KEGG:04151,,,
EIF4E2,KEGG:04151,,,
PIK3CB,KEGG:04151,,,
CHUK,KEGG:04151,,,
PRLR,KEGG:04151,,,
RELA,KEGG:04151,,,
BDNF,KEGG:04151,,,
MYB,KEGG:04151,,,
FGF1,KEGG:04151,,,
G6PC3,KEGG:04151,,,
NGFR,KEGG:04151,,,
CHRM1,KEGG:04151,,,
IRS1,KEGG:04151,,,
LPAR5,KEGG:04151,,,
ITGA1,KEGG:04151,,,
RPS6KB1,KEGG:04151,,,
BCL2L1,KEGG:04151,,,
NRAS,KEGG:04151,,,
SGK3,KEGG:04151,,,
FGF7,KEGG:04151,,,
PIK3CD,KEGG:04151,,,
EFNA5,KEGG:04151,,,
PPP2R1A,KEGG:04151,,,
INSR,KEGG:04151,,,
CDK6,KEGG:04151,,,
FGF18,KEGG:04151,,,
CCND3,KEGG:04151,,,
CCND1,KEGG:04151,,,
GRB2,KEGG:04151,,,
RXRA,KEGG:04151,,,
RBL2,KEGG:04151,,,
KDR,KEGG:04151,,,
COL4A5,KEGG:04151,,,
CSF1,KEGG:04151,,,
MAGI1,KEGG:04151,,,
FZD4,KEGG:04519,,,
YWHAG,KEGG:04519,,,
GABRP,KEGG:04519,,,
IGF1R,KEGG:04519,,,
MAPK8,KEGG:04519,,,
YWHAQ,KEGG:04519,,,
ABI2,KEGG:04519,,,
CSNK1A1,KEGG:04519,,,
PSEN1,KEGG:04519,,,
MAPK1,KEGG:04519,,,
PCDH9,KEGG:04519,,,
RERE,KEGG:04519,,,
FZD3,KEGG:04519,,,
CDH20,KEGG:04519,,,
PCDHA11,KEGG:04519,,,
SCN2B,KEGG:04519,,,
ENAH,KEGG:04519,,,
MRAS,KEGG:04519,,,
PCDH19,KEGG:04519,,,
TCF7,KEGG:04519,,,
PCDHA6,KEGG:04519,,,
IKBKB,KEGG:04519,,,
PCDHA3,KEGG:04519,,,
PCDHA4,KEGG:04519,,,
MOB1B,KEGG:04519,,,
CDH6,KEGG:04519,,,
ACTG1,KEGG:04519,,,
AJUBA,KEGG:04519,,,
CDH11,KEGG:04519,,,
YWHAZ,KEGG:04519,,,
KRAS,KEGG:04519,,,
PCDHA7,KEGG:04519,,,
DSC1,KEGG:04519,,,
FAT2,KEGG:04519,,,
ADAM10,KEGG:04519,,,
NF2,KEGG:04519,,,
MYO1D,KEGG:04519,,,
PCDHA12,KEGG:04519,,,
TMC7,KEGG:04519,,,
DSC2,KEGG:04519,,,
MYO1C,KEGG:04519,,,
WNT8B,KEGG:04519,,,
GSK3B,KEGG:04519,,,
NCKAP1,KEGG:04519,,,
ACTB,KEGG:04519,,,
LEF1,KEGG:04519,,,
MAPK10,KEGG:04519,,,
VANGL1,KEGG:04519,,,
SCN5A,KEGG:04519,,,
CHUK,KEGG:04519,,,
MAPK14,KEGG:04519,,,
AMOTL1,KEGG:04519,,,
RELA,KEGG:04519,,,
PCDHA9,KEGG:04519,,,
CDH3,KEGG:04519,,,
KRT80,KEGG:04519,,,
PCDHA10,KEGG:04519,,,
LRP6,KEGG:04519,,,
TMC5,KEGG:04519,,,
PCDHA5,KEGG:04519,,,
SHOC2,KEGG:04519,,,
RRAS,KEGG:04519,,,
VAV3,KEGG:04519,,,
ACTR3,KEGG:04519,,,
CTNND1,KEGG:04519,,,
STK3,KEGG:04519,,,
RYK,KEGG:04519,,,
NRAS,KEGG:04519,,,
TAOK1,KEGG:04519,,,
TEAD3,KEGG:04519,,,
LATS2,KEGG:04519,,,
CTNNA2,KEGG:04519,,,
CDH8,KEGG:04519,,,
LIMD1,KEGG:04519,,,
WNT9B,KEGG:04519,,,
PCDH7,KEGG:04519,,,
PCDH18,KEGG:04519,,,
PCDHA2,KEGG:04519,,,
CDC42,KEGG:04519,,,
KDR,KEGG:04519,,,
GABRB2,KEGG:04519,,,
VAV2,KEGG:04519,,,
GABRA3,KEGG:04519,,,
WNT7B,KEGG:04519,,,
WNT4,KEGG:04519,,,
PCDHA8,KEGG:04519,,,
FZD4,KEGG:05226,,,
TP53,KEGG:05226,,,
CSNK1A1,KEGG:05226,,,
MAPK1,KEGG:05226,,,
SMAD2,KEGG:05226,,,
FZD3,KEGG:05226,,,
PIK3R1,KEGG:05226,,,
TGFBR2,KEGG:05226,,,
BAK1,KEGG:05226,,,
TCF7,KEGG:05226,,,
E2F3,KEGG:05226,,,
TGFBR1,KEGG:05226,,,
SOS2,KEGG:05226,,,
KRAS,KEGG:05226,,,
FGF2,KEGG:05226,,,
GAB1,KEGG:05226,,,
CDK2,KEGG:05226,,,
POLK,KEGG:05226,,,
PIK3R3,KEGG:05226,,,
WNT8B,KEGG:05226,,,
GSK3B,KEGG:05226,,,
LEF1,KEGG:05226,,,
PIK3CB,KEGG:05226,,,
FGF1,KEGG:05226,,,
LRP6,KEGG:05226,,,
RPS6KB1,KEGG:05226,,,
TGFB2,KEGG:05226,,,
NRAS,KEGG:05226,,,
FGF7,KEGG:05226,,,
PIK3CD,KEGG:05226,,,
CTNNA2,KEGG:05226,,,
RARB,KEGG:05226,,,
WNT9B,KEGG:05226,,,
FGF18,KEGG:05226,,,
E2F2,KEGG:05226,,,
CCND1,KEGG:05226,,,
GRB2,KEGG:05226,,,
RXRA,KEGG:05226,,,
WNT7B,KEGG:05226,,,
WNT4,KEGG:05226,,,
PAK4,KEGG:04510,,,
ITGA10,KEGG:04510,,,
IGF1R,KEGG:04510,,,
MAPK8,KEGG:04510,,,
TLN2,KEGG:04510,,,
PDPK1,KEGG:04510,,,
MAPK1,KEGG:04510,,,
ARHGAP5,KEGG:04510,,,
LAMC1,KEGG:04510,,,
COL4A1,KEGG:04510,,,
CRKL,KEGG:04510,,,
LAMA4,KEGG:04510,,,
XIAP,KEGG:04510,,,
IGF1,KEGG:04510,,,
ITGB8,KEGG:04510,,,
PIK3R1,KEGG:04510,,,
RASGRF1,KEGG:04510,,,
EMP2,KEGG:04510,,,
ACTG1,KEGG:04510,,,
SOS2,KEGG:04510,,,
PAK5,KEGG:04510,,,
MYLK,KEGG:04510,,,
PAK6,KEGG:04510,,,
PAK3,KEGG:04510,,,
MYLK4,KEGG:04510,,,
ELK1,KEGG:04510,,,
ITGB3,KEGG:04510,,,
TNC,KEGG:04510,,,
DIAPH1,KEGG:04510,,,
PIK3R3,KEGG:04510,,,
GSK3B,KEGG:04510,,,
ACTB,KEGG:04510,,,
FLT1,KEGG:04510,,,
MAPK10,KEGG:04510,,,
LAMB3,KEGG:04510,,,
PIK3CB,KEGG:04510,,,
ZYX,KEGG:04510,,,
VAV3,KEGG:04510,,,
ITGA1,KEGG:04510,,,
RAP1B,KEGG:04510,,,
PIK3CD,KEGG:04510,,,
CCND3,KEGG:04510,,,
CCND1,KEGG:04510,,,
GRB2,KEGG:04510,,,
PPP1R12B,KEGG:04510,,,
PPP1R12A,KEGG:04510,,,
CDC42,KEGG:04510,,,
KDR,KEGG:04510,,,
COL4A5,KEGG:04510,,,
VAV2,KEGG:04510,,,
GNAI1,KEGG:04935,,,
GHR,KEGG:04935,,,
MAPK8,KEGG:04935,,,
MAPK1,KEGG:04935,,,
CRKL,KEGG:04935,,,
CACNA1C,KEGG:04935,,,
MAP2K6,KEGG:04935,,,
CREB1,KEGG:04935,,,
IGF1,KEGG:04935,,,
PIK3R1,KEGG:04935,,,
PLCB1,KEGG:04935,,,
STAT3,KEGG:04935,,,
ATF2,KEGG:04935,,,
ITPR3,KEGG:04935,,,
ADCY2,KEGG:04935,,,
MAP3K1,KEGG:04935,,,
GNAI3,KEGG:04935,,,
SOS2,KEGG:04935,,,
KRAS,KEGG:04935,,,
GNA11,KEGG:04935,,,
PIK3R3,KEGG:04935,,,
GSK3B,KEGG:04935,,,
MAPK10,KEGG:04935,,,
PIK3CB,KEGG:04935,,,
MAPK14,KEGG:04935,,,
IRS1,KEGG:04935,,,
NRAS,KEGG:04935,,,
ADCY5,KEGG:04935,,,
PIK3CD,KEGG:04935,,,
ADCY9,KEGG:04935,,,
GRB2,KEGG:04935,,,
ADCY6,KEGG:04935,,,
GNAQ,KEGG:04935,,,
SOCS1,KEGG:04935,,,
HMGCR,KEGG:04152,,,
IGF1R,KEGG:04152,,,
PDPK1,KEGG:04152,,,
RAB10,KEGG:04152,,,
RAB14,KEGG:04152,,,
PPP2R5C,KEGG:04152,,,
CREB1,KEGG:04152,,,
SCD,KEGG:04152,,,
RAB8A,KEGG:04152,,,
IGF1,KEGG:04152,,,
PIK3R1,KEGG:04152,,,
PRKAA2,KEGG:04152,,,
PPP2CA,KEGG:04152,,,
ADIPOR2,KEGG:04152,,,
PRKAB2,KEGG:04152,,,
PIK3R3,KEGG:04152,,,
PIK3CB,KEGG:04152,,,
SCD5,KEGG:04152,,,
G6PC3,KEGG:04152,,,
ACACB,KEGG:04152,,,
IRS1,KEGG:04152,,,
PFKFB3,KEGG:04152,,,
RPS6KB1,KEGG:04152,,,
FOXO1,KEGG:04152,,,
PIK3CD,KEGG:04152,,,
PFKFB2,KEGG:04152,,,
PPP2R1A,KEGG:04152,,,
INSR,KEGG:04152,,,
CAB39L,KEGG:04152,,,
CCND1,KEGG:04152,,,
CPT1A,KEGG:04152,,,
PFKM,KEGG:04152,,,
PPARG,KEGG:04152,,,
PPARGC1A,KEGG:04152,,,
LCOR,KEGG:03083,,,
SKP1,KEGG:03083,,,
MAX,KEGG:03083,,,
KDM2A,KEGG:03083,,,
YY1,KEGG:03083,,,
RYBP,KEGG:03083,,,
PCGF5,KEGG:03083,,,
SFMBT2,KEGG:03083,,,
E2F6,KEGG:03083,,,
AEBP2,KEGG:03083,,,
PCGF3,KEGG:03083,,,
PHC3,KEGG:03083,,,
PHF1,KEGG:03083,,,
FOXK2,KEGG:03083,,,
RBBP4,KEGG:03083,,,
CBX6,KEGG:03083,,,
CBX3,KEGG:03083,,,
ASXL2,KEGG:03083,,,
L3MBTL3,KEGG:03083,,,
SFMBT1,KEGG:03083,,,
YAF2,KEGG:03083,,,
MBD5,KEGG:03083,,,
BMI1,KEGG:03083,,,
FBRS,KEGG:03083,,,
FBRSL1,KEGG:03083,,,
UBE2D3,KEGG:03083,,,
NRP1,KEGG:05166,,,
TP53,KEGG:05166,,,
CHEK1,KEGG:05166,,,
ANAPC15,KEGG:05166,,,
MAPK8,KEGG:05166,,,
TLN2,KEGG:05166,,,
CDC23,KEGG:05166,,,
TCF3,KEGG:05166,,,
MAPK1,KEGG:05166,,,
SLC2A1,KEGG:05166,,,
SMAD2,KEGG:05166,,,
CREB1,KEGG:05166,,,
CD3G,KEGG:05166,,,
XIAP,KEGG:05166,,,
PIK3R1,KEGG:05166,,,
TBP,KEGG:05166,,,
TGFBR2,KEGG:05166,,,
ATF2,KEGG:05166,,,
ETS1,KEGG:05166,,,
E2F3,KEGG:05166,,,
ADCY2,KEGG:05166,,,
IKBKB,KEGG:05166,,,
MAP3K1,KEGG:05166,,,
TGFBR1,KEGG:05166,,,
KRAS,KEGG:05166,,,
NFATC2,KEGG:05166,,,
RAN,KEGG:05166,,,
CDK2,KEGG:05166,,,
ELK1,KEGG:05166,,,
PIK3R3,KEGG:05166,,,
SLC25A4,KEGG:05166,,,
ATM,KEGG:05166,,,
MAPK10,KEGG:05166,,,
VDAC1,KEGG:05166,,,
PIK3CB,KEGG:05166,,,
CHUK,KEGG:05166,,,
RELA,KEGG:05166,,,
TGFB2,KEGG:05166,,,
BCL2L1,KEGG:05166,,,
NRAS,KEGG:05166,,,
EGR1,KEGG:05166,,,
ADCY5,KEGG:05166,,,
PIK3CD,KEGG:05166,,,
ADCY9,KEGG:05166,,,
CHEK2,KEGG:05166,,,
PPP3R1,KEGG:05166,,,
CCND3,KEGG:05166,,,
E2F2,KEGG:05166,,,
CCND1,KEGG:05166,,,
RANBP3,KEGG:05166,,,
ADCY6,KEGG:05166,,,
MAD2L1,KEGG:05166,,,
CANX,KEGG:05166,,,
EIF4EBP2,KEGG:04213,,,
IGF1R,KEGG:04213,,,
IGF1,KEGG:04213,,,
PIK3R1,KEGG:04213,,,
PRKAA2,KEGG:04213,,,
ADCY2,KEGG:04213,,,
PRKAB2,KEGG:04213,,,
KRAS,KEGG:04213,,,
PIK3R3,KEGG:04213,,,
PIK3CB,KEGG:04213,,,
HSPA8,KEGG:04213,,,
IRS1,KEGG:04213,,,
RPS6KB1,KEGG:04213,,,
NRAS,KEGG:04213,,,
ADCY5,KEGG:04213,,,
FOXO1,KEGG:04213,,,
PIK3CD,KEGG:04213,,,
ADCY9,KEGG:04213,,,
INSR,KEGG:04213,,,
CLPB,KEGG:04213,,,
ADCY6,KEGG:04213,,,
SKP1,KEGG:04350,,,
TGIF1,KEGG:04350,,,
ACVR1C,KEGG:04350,,,
E2F5,KEGG:04350,,,
BMP8A,KEGG:04350,,,
MAPK1,KEGG:04350,,,
SMAD2,KEGG:04350,,,
ACVR2A,KEGG:04350,,,
RGMB,KEGG:04350,,,
TGFBR2,KEGG:04350,,,
LRRC32,KEGG:04350,,,
SKIL,KEGG:04350,,,
PPP2CA,KEGG:04350,,,
TGIF2,KEGG:04350,,,
TGFBR1,KEGG:04350,,,
SMAD5,KEGG:04350,,,
NEO1,KEGG:04350,,,
THSD4,KEGG:04350,,,
RBL1,KEGG:04350,,,
SMAD1,KEGG:04350,,,
ACVR2B,KEGG:04350,,,
ZFYVE16,KEGG:04350,,,
BMPR1A,KEGG:04350,,,
BMPR2,KEGG:04350,,,
ACVR1B,KEGG:04350,,,
RPS6KB1,KEGG:04350,,,
TGFB2,KEGG:04350,,,
PPP2R1A,KEGG:04350,,,
NCOR1,KEGG:04350,,,
ACVR1,KEGG:04350,,,
GREM1,KEGG:04350,,,
TBC1D4,KEGG:04931,,,
MAPK8,KEGG:04931,,,
PDPK1,KEGG:04931,,,
SLC2A1,KEGG:04931,,,
CREB1,KEGG:04931,,,
RPS6KA6,KEGG:04931,,,
PIK3R1,KEGG:04931,,,
STAT3,KEGG:04931,,,
PRKCE,KEGG:04931,,,
PRKAA2,KEGG:04931,,,
IKBKB,KEGG:04931,,,
PRKAB2,KEGG:04931,,,
PTPN1,KEGG:04931,,,
PTPRF,KEGG:04931,,,
PPP1R3B,KEGG:04931,,,
PIK3R3,KEGG:04931,,,
GSK3B,KEGG:04931,,,
MAPK10,KEGG:04931,,,
PIK3CB,KEGG:04931,,,
RELA,KEGG:04931,,,
G6PC3,KEGG:04931,,,
ACACB,KEGG:04931,,,
IRS1,KEGG:04931,,,
RPS6KB1,KEGG:04931,,,
FOXO1,KEGG:04931,,,
PIK3CD,KEGG:04931,,,
INSR,KEGG:04931,,,
PPARGC1B,KEGG:04931,,,
CPT1A,KEGG:04931,,,
PTPA,KEGG:04931,,,
PPARGC1A,KEGG:04931,,,
TP53,KEGG:01522,,,
IGF1R,KEGG:01522,,,
MAPK8,KEGG:01522,,,
MAPK1,KEGG:01522,,,
HBEGF,KEGG:01522,,,
IGF1,KEGG:01522,,,
PIK3R1,KEGG:01522,,,
ESR2,KEGG:01522,,,
E2F3,KEGG:01522,,,
ESR1,KEGG:01522,,,
ADCY2,KEGG:01522,,,
SOS2,KEGG:01522,,,
KRAS,KEGG:01522,,,
NCOA3,KEGG:01522,,,
PIK3R3,KEGG:01522,,,
MAPK10,KEGG:01522,,,
PIK3CB,KEGG:01522,,,
MAPK14,KEGG:01522,,,
RPS6KB1,KEGG:01522,,,
NRAS,KEGG:01522,,,
ADCY5,KEGG:01522,,,
PIK3CD,KEGG:01522,,,
NCOR1,KEGG:01522,,,
ADCY9,KEGG:01522,,,
E2F2,KEGG:01522,,,
CCND1,KEGG:01522,,,
GRB2,KEGG:01522,,,
ADCY6,KEGG:01522,,,
FZD4,KEGG:04150,,,
IGF1R,KEGG:04150,,,
LAMTOR3,KEGG:04150,,,
PDPK1,KEGG:04150,,,
EIF4B,KEGG:04150,,,
MAPK1,KEGG:04150,,,
FZD3,KEGG:04150,,,
RPS6KA6,KEGG:04150,,,
IGF1,KEGG:04150,,,
PIK3R1,KEGG:04150,,,
MIOS,KEGG:04150,,,
RRAGD,KEGG:04150,,,
PRKAA2,KEGG:04150,,,
IKBKB,KEGG:04150,,,
SOS2,KEGG:04150,,,
KRAS,KEGG:04150,,,
PIK3R3,KEGG:04150,,,
WNT8B,KEGG:04150,,,
GSK3B,KEGG:04150,,,
RICTOR,KEGG:04150,,,
EIF4E2,KEGG:04150,,,
PIK3CB,KEGG:04150,,,
RNF152,KEGG:04150,,,
CHUK,KEGG:04150,,,
RRAGA,KEGG:04150,,,
RRAGC,KEGG:04150,,,
LRP6,KEGG:04150,,,
IRS1,KEGG:04150,,,
RPS6KB1,KEGG:04150,,,
FNIP2,KEGG:04150,,,
CLIP1,KEGG:04150,,,
NRAS,KEGG:04150,,,
PIK3CD,KEGG:04150,,,
ATP6V1C1,KEGG:04150,,,
INSR,KEGG:04150,,,
CAB39L,KEGG:04150,,,
WNT9B,KEGG:04150,,,
GRB2,KEGG:04150,,,
WNT7B,KEGG:04150,,,
WNT4,KEGG:04150,,,
IGF1R,KEGG:04140,,,
MTMR3,KEGG:04140,,,
MAPK8,KEGG:04140,,,
PDPK1,KEGG:04140,,,
MAPK1,KEGG:04140,,,
LAMP2,KEGG:04140,,,
ATG13,KEGG:04140,,,
RAB8A,KEGG:04140,,,
PIK3R1,KEGG:04140,,,
RRAGD,KEGG:04140,,,
EIF2S1,KEGG:04140,,,
MRAS,KEGG:04140,,,
PRKAA2,KEGG:04140,,,
ATG14,KEGG:04140,,,
PPP2CA,KEGG:04140,,,
EPG5,KEGG:04140,,,
KRAS,KEGG:04140,,,
VPS18,KEGG:04140,,,
VMP1,KEGG:04140,,,
WDFY3,KEGG:04140,,,
STX7,KEGG:04140,,,
PIK3R3,KEGG:04140,,,
MAPK10,KEGG:04140,,,
PIK3CB,KEGG:04140,,,
LAMP1,KEGG:04140,,,
GABARAPL1,KEGG:04140,,,
RRAGA,KEGG:04140,,,
RRAGC,KEGG:04140,,,
ERN1,KEGG:04140,,,
IRS1,KEGG:04140,,,
VAMP8,KEGG:04140,,,
RRAS,KEGG:04140,,,
RUBCN,KEGG:04140,,,
RPS6KB1,KEGG:04140,,,
BCL2L1,KEGG:04140,,,
NRAS,KEGG:04140,,,
TP53INP2,KEGG:04140,,,
PIK3CD,KEGG:04140,,,
HMGB1,KEGG:04140,,,
SH3GLB1,KEGG:04140,,,
ATG2B,KEGG:04140,,,
UVRAG,KEGG:04140,,,
TP53,KEGG:05222,,,
MAX,KEGG:05222,,,
LAMC1,KEGG:05222,,,
COL4A1,KEGG:05222,,,
LAMA4,KEGG:05222,,,
XIAP,KEGG:05222,,,
PIK3R1,KEGG:05222,,,
BAK1,KEGG:05222,,,
E2F3,KEGG:05222,,,
IKBKB,KEGG:05222,,,
CDK2,KEGG:05222,,,
POLK,KEGG:05222,,,
PIK3R3,KEGG:05222,,,
LAMB3,KEGG:05222,,,
PIK3CB,KEGG:05222,,,
CHUK,KEGG:05222,,,
CASP3,KEGG:05222,,,
RELA,KEGG:05222,,,
TRAF3,KEGG:05222,,,
BCL2L1,KEGG:05222,,,
PIK3CD,KEGG:05222,,,
RARB,KEGG:05222,,,
CDK6,KEGG:05222,,,
E2F2,KEGG:05222,,,
CCND1,KEGG:05222,,,
RXRA,KEGG:05222,,,
COL4A5,KEGG:05222,,,
TP53,KEGG:04110,,,
YWHAG,KEGG:04110,,,
CHEK1,KEGG:04110,,,
SKP1,KEGG:04110,,,
ANAPC15,KEGG:04110,,,
STAG2,KEGG:04110,,,
E2F5,KEGG:04110,,,
YWHAQ,KEGG:04110,,,
CDC23,KEGG:04110,,,
ESCO2,KEGG:04110,,,
ORC4,KEGG:04110,,,
SMAD2,KEGG:04110,,,
PDS5A,KEGG:04110,,,
CDC6,KEGG:04110,,,
PPP2R5C,KEGG:04110,,,
WAPL,KEGG:04110,,,
CDC25A,KEGG:04110,,,
E2F3,KEGG:04110,,,
PPP2CA,KEGG:04110,,,
YWHAZ,KEGG:04110,,,
WEE1,KEGG:04110,,,
CDK2,KEGG:04110,,,
ORC2,KEGG:04110,,,
RBL1,KEGG:04110,,,
STAG1,KEGG:04110,,,
GSK3B,KEGG:04110,,,
CDC14A,KEGG:04110,,,
ATM,KEGG:04110,,,
TGFB2,KEGG:04110,,,
PPP2R1A,KEGG:04110,,,
CDK1,KEGG:04110,,,
CHEK2,KEGG:04110,,,
CDK6,KEGG:04110,,,
CCND3,KEGG:04110,,,
E2F2,KEGG:04110,,,
CCND1,KEGG:04110,,,
TFDP2,KEGG:04110,,,
RBL2,KEGG:04110,,,
MAD2L1,KEGG:04110,,,
CDKN1C,KEGG:04110,,,
MAPK8,KEGG:04912,,,
MAPK1,KEGG:04912,,,
CACNA1C,KEGG:04912,,,
MAP2K6,KEGG:04912,,,
HBEGF,KEGG:04912,,,
CAMK2B,KEGG:04912,,,
PLCB1,KEGG:04912,,,
ITPR3,KEGG:04912,,,
CAMK2D,KEGG:04912,,,
ADCY2,KEGG:04912,,,
MAP3K1,KEGG:04912,,,
SOS2,KEGG:04912,,,
KRAS,KEGG:04912,,,
MAP3K2,KEGG:04912,,,
ELK1,KEGG:04912,,,
GNA11,KEGG:04912,,,
MAPK10,KEGG:04912,,,
MAPK14,KEGG:04912,,,
NRAS,KEGG:04912,,,
EGR1,KEGG:04912,,,
ADCY5,KEGG:04912,,,
ADCY9,KEGG:04912,,,
GRB2,KEGG:04912,,,
ADCY6,KEGG:04912,,,
CDC42,KEGG:04912,,,
GNAQ,KEGG:04912,,,
MAP3K4,KEGG:04912,,,
GNAI1,KEGG:04371,,,
GNB5,KEGG:04371,,,
MAPK1,KEGG:04371,,,
SMAD2,KEGG:04371,,,
GNG2,KEGG:04371,,,
PLCB1,KEGG:04371,,,
MRAS,KEGG:04371,,,
MEF2D,KEGG:04371,,,
PRKCE,KEGG:04371,,,
PRKAA2,KEGG:04371,,,
ITPR3,KEGG:04371,,,
TFAM,KEGG:04371,,,
ADCY2,KEGG:04371,,,
PRKAB2,KEGG:04371,,,
GNAI3,KEGG:04371,,,
TGFBR1,KEGG:04371,,,
KRAS,KEGG:04371,,,
MYLK,KEGG:04371,,,
MYLK4,KEGG:04371,,,
GNB1,KEGG:04371,,,
PDE3B,KEGG:04371,,,
GNA13,KEGG:04371,,,
SERPINE1,KEGG:04371,,,
RRAS,KEGG:04371,,,
RPS6KB1,KEGG:04371,,,
NRAS,KEGG:04371,,,
EGR1,KEGG:04371,,,
ADCY5,KEGG:04371,,,
HDAC4,KEGG:04371,,,
ADCY9,KEGG:04371,,,
NOS1,KEGG:04371,,,
CCND1,KEGG:04371,,,
ADCY6,KEGG:04371,,,
GNAQ,KEGG:04371,,,
MEF2C,KEGG:04371,,,
PPARGC1A,KEGG:04371,,,
GNAI1,KEGG:05170,,,
PAK4,KEGG:05170,,,
CFL2,KEGG:05170,,,
CHEK1,KEGG:05170,,,
SKP1,KEGG:05170,,,
MAPK8,KEGG:05170,,,
GNB5,KEGG:05170,,,
MAPK1,KEGG:05170,,,
CRKL,KEGG:05170,,,
MAP2K6,KEGG:05170,,,
FBXW11,KEGG:05170,,,
GNG2,KEGG:05170,,,
CD3G,KEGG:05170,,,
PIK3R1,KEGG:05170,,,
BAK1,KEGG:05170,,,
ITPR3,KEGG:05170,,,
TRIM5,KEGG:05170,,,
IKBKB,KEGG:05170,,,
GNAI3,KEGG:05170,,,
KRAS,KEGG:05170,,,
NFATC2,KEGG:05170,,,
PAK5,KEGG:05170,,,
PAK6,KEGG:05170,,,
WEE1,KEGG:05170,,,
PAK3,KEGG:05170,,,
GNA11,KEGG:05170,,,
GNB1,KEGG:05170,,,
TLR4,KEGG:05170,,,
LIMK2,KEGG:05170,,,
PIK3R3,KEGG:05170,,,
RNF7,KEGG:05170,,,
ATM,KEGG:05170,,,
MAPK10,KEGG:05170,,,
PIK3CB,KEGG:05170,,,
AP1S1,KEGG:05170,,,
CHUK,KEGG:05170,,,
MAPK14,KEGG:05170,,,
CASP3,KEGG:05170,,,
RELA,KEGG:05170,,,
BTRC,KEGG:05170,,,
AP1S2,KEGG:05170,,,
RPS6KB1,KEGG:05170,,,
BCL2L1,KEGG:05170,,,
NRAS,KEGG:05170,,,
PIK3CD,KEGG:05170,,,
AP1G1,KEGG:05170,,,
FAS,KEGG:05170,,,
CDK1,KEGG:05170,,,
PPP3R1,KEGG:05170,,,
GNAQ,KEGG:05170,,,
GNAI1,KEGG:04914,,,
ANAPC15,KEGG:04914,,,
IGF1R,KEGG:04914,,,
MAPK8,KEGG:04914,,,
CDC23,KEGG:04914,,,
MAPK1,KEGG:04914,,,
CPEB3,KEGG:04914,,,
RPS6KA6,KEGG:04914,,,
IGF1,KEGG:04914,,,
PIK3R1,KEGG:04914,,,
CDC25A,KEGG:04914,,,
ADCY2,KEGG:04914,,,
GNAI3,KEGG:04914,,,
KRAS,KEGG:04914,,,
CDK2,KEGG:04914,,,
PIK3R3,KEGG:04914,,,
PDE3B,KEGG:04914,,,
MAPK10,KEGG:04914,,,
PIK3CB,KEGG:04914,,,
MAPK14,KEGG:04914,,,
CPEB4,KEGG:04914,,,
ADCY5,KEGG:04914,,,
PIK3CD,KEGG:04914,,,
ADCY9,KEGG:04914,,,
CDK1,KEGG:04914,,,
AURKA,KEGG:04914,,,
ADCY6,KEGG:04914,,,
CPEB2,KEGG:04914,,,
MAD2L1,KEGG:04914,,,
CPEB1,KEGG:04914,,,
IGF1R,KEGG:01521,,,
ERBB3,KEGG:01521,,,
MAPK1,KEGG:01521,,,
NRG1,KEGG:01521,,,
BCL2L11,KEGG:01521,,,
IGF1,KEGG:01521,,,
PIK3R1,KEGG:01521,,,
STAT3,KEGG:01521,,,
SOS2,KEGG:01521,,,
KRAS,KEGG:01521,,,
NF1,KEGG:01521,,,
FGF2,KEGG:01521,,,
GAB1,KEGG:01521,,,
TGFA,KEGG:01521,,,
PIK3R3,KEGG:01521,,,
GSK3B,KEGG:01521,,,
EIF4E2,KEGG:01521,,,
PIK3CB,KEGG:01521,,,
RPS6KB1,KEGG:01521,,,
BCL2L1,KEGG:01521,,,
NRAS,KEGG:01521,,,
PIK3CD,KEGG:01521,,,
GRB2,KEGG:01521,,,
KDR,KEGG:01521,,,
TP53,KEGG:04722,,,
MAPK8,KEGG:04722,,,
FRS2,KEGG:04722,,,
PSEN1,KEGG:04722,,,
PDPK1,KEGG:04722,,,
MAPK1,KEGG:04722,,,
CRKL,KEGG:04722,,,
RPS6KA5,KEGG:04722,,,
RPS6KA6,KEGG:04722,,,
CAMK2B,KEGG:04722,,,
PIK3R1,KEGG:04722,,,
CAMK2D,KEGG:04722,,,
IKBKB,KEGG:04722,,,
MAP3K1,KEGG:04722,,,
SOS2,KEGG:04722,,,
KRAS,KEGG:04722,,,
GAB1,KEGG:04722,,,
PIK3R3,KEGG:04722,,,
GSK3B,KEGG:04722,,,
SORT1,KEGG:04722,,,
MAPK10,KEGG:04722,,,
PIK3CB,KEGG:04722,,,
MAPK14,KEGG:04722,,,
RELA,KEGG:04722,,,
BDNF,KEGG:04722,,,
NGFR,KEGG:04722,,,
IRS1,KEGG:04722,,,
RAP1B,KEGG:04722,,,
NRAS,KEGG:04722,,,
PIK3CD,KEGG:04722,,,
GRB2,KEGG:04722,,,
CDC42,KEGG:04722,,,
TP53,KEGG:05202,,,
ZEB1,KEGG:05202,,,
ETV1,KEGG:05202,,,
RUNX1,KEGG:05202,,,
ERG,KEGG:05202,,,
H3-3B,KEGG:05202,,,
ETV6,KEGG:05202,,,
FLI1,KEGG:05202,,,
MAX,KEGG:05202,,,
IGF1R,KEGG:05202,,,
TCF3,KEGG:05202,,,
MLLT3,KEGG:05202,,,
HOXA9,KEGG:05202,,,
SIX1,KEGG:05202,,,
CCNT2,KEGG:05202,,,
IGF1,KEGG:05202,,,
TGFBR2,KEGG:05202,,,
BAK1,KEGG:05202,,,
KMT2A,KEGG:05202,,,
BCL11B,KEGG:05202,,,
CDK9,KEGG:05202,,,
SIX4,KEGG:05202,,,
PAX3,KEGG:05202,,,
SMAD1,KEGG:05202,,,
BMP2K,KEGG:05202,,,
HOXA10,KEGG:05202,,,
POLK,KEGG:05202,,,
DDX5,KEGG:05202,,,
MYCN,KEGG:05202,,,
ATM,KEGG:05202,,,
FLT1,KEGG:05202,,,
CDK14,KEGG:05202,,,
PAX5,KEGG:05202,,,
RELA,KEGG:05202,,,
NGFR,KEGG:05202,,,
NSD2,KEGG:05202,,,
BCL2L1,KEGG:05202,,,
FOXO1,KEGG:05202,,,
DOT1L,KEGG:05202,,,
NR4A3,KEGG:05202,,,
NCOR1,KEGG:05202,,,
MAF,KEGG:05202,,,
BMI1,KEGG:05202,,,
RXRA,KEGG:05202,,,
PRCC,KEGG:05202,,,
MEF2C,KEGG:05202,,,
PPARG,KEGG:05202,,,
GNAI1,KEGG:04725,,,
GNB5,KEGG:04725,,,
MAPK1,KEGG:04725,,,
CACNA1C,KEGG:04725,,,
CREB1,KEGG:04725,,,
GNG2,KEGG:04725,,,
CAMK2B,KEGG:04725,,,
PIK3R1,KEGG:04725,,,
PLCB1,KEGG:04725,,,
ITPR3,KEGG:04725,,,
CAMK2D,KEGG:04725,,,
ADCY2,KEGG:04725,,,
KCNJ2,KEGG:04725,,,
GNAI3,KEGG:04725,,,
KRAS,KEGG:04725,,,
GNA11,KEGG:04725,,,
GNB1,KEGG:04725,,,
KCNJ12,KEGG:04725,,,
PIK3R3,KEGG:04725,,,
CHRM3,KEGG:04725,,,
PIK3CB,KEGG:04725,,,
CHRM1,KEGG:04725,,,
CHRM5,KEGG:04725,,,
NRAS,KEGG:04725,,,
ADCY5,KEGG:04725,,,
PIK3CD,KEGG:04725,,,
ADCY9,KEGG:04725,,,
ADCY6,KEGG:04725,,,
KCNJ3,KEGG:04725,,,
GNAQ,KEGG:04725,,,
KCNJ6,KEGG:04725,,,
TP53,KEGG:05213,,,
PDPK1,KEGG:05213,,,
MAPK1,KEGG:05213,,,
PIK3R1,KEGG:05213,,,
BAK1,KEGG:05213,,,
TCF7,KEGG:05213,,,
SOS2,KEGG:05213,,,
KRAS,KEGG:05213,,,
ELK1,KEGG:05213,,,
POLK,KEGG:05213,,,
PIK3R3,KEGG:05213,,,
GSK3B,KEGG:05213,,,
LEF1,KEGG:05213,,,
PIK3CB,KEGG:05213,,,
NRAS,KEGG:05213,,,
PIK3CD,KEGG:05213,,,
CTNNA2,KEGG:05213,,,
CCND1,KEGG:05213,,,
GRB2,KEGG:05213,,,
NFYA,KEGG:05017,,,
MAPK8,KEGG:05017,,,
TWNK,KEGG:05017,,,
ATG13,KEGG:05017,,,
PIK3R1,KEGG:05017,,,
PLCB1,KEGG:05017,,,
GRIN1,KEGG:05017,,,
TBP,KEGG:05017,,,
RORA,KEGG:05017,,,
ITPR3,KEGG:05017,,,
ATG14,KEGG:05017,,,
GRIN2B,KEGG:05017,,,
PSMD12,KEGG:05017,,,
PIK3R3,KEGG:05017,,,
SLC25A4,KEGG:05017,,,
KCND3,KEGG:05017,,,
MAPK10,KEGG:05017,,,
ATXN1,KEGG:05017,,,
VDAC1,KEGG:05017,,,
PIK3CB,KEGG:05017,,,
KCNC3,KEGG:05017,,,
PSMD11,KEGG:05017,,,
ATP2A2,KEGG:05017,,,
ERN1,KEGG:05017,,,
GRIN2A,KEGG:05017,,,
PSMA4,KEGG:05017,,,
VLDLR,KEGG:05017,,,
ATXN1L,KEGG:05017,,,
PSMA5,KEGG:05017,,,
PIK3CD,KEGG:05017,,,
TRPC3,KEGG:05017,,,
ATXN3,KEGG:05017,,,
FGF14,KEGG:05017,,,
ATG2B,KEGG:05017,,,
GNAQ,KEGG:05017,,,
GRIN3A,KEGG:05017,,,
PAK4,KEGG:04810,,,
CFL2,KEGG:04810,,,
ITGA10,KEGG:04810,,,
ABI2,KEGG:04810,,,
MAPK1,KEGG:04810,,,
CRKL,KEGG:04810,,,
DIAPH2,KEGG:04810,,,
PFN2,KEGG:04810,,,
PIP4K2C,KEGG:04810,,,
ITGB8,KEGG:04810,,,
PIK3R1,KEGG:04810,,,
ENAH,KEGG:04810,,,
MRAS,KEGG:04810,,,
ARHGEF12,KEGG:04810,,,
ACTG1,KEGG:04810,,,
SOS2,KEGG:04810,,,
KRAS,KEGG:04810,,,
PAK5,KEGG:04810,,,
MYLK,KEGG:04810,,,
PAK6,KEGG:04810,,,
FGF2,KEGG:04810,,,
PAK3,KEGG:04810,,,
MYLK4,KEGG:04810,,,
RDX,KEGG:04810,,,
ITGB3,KEGG:04810,,,
DIAPH1,KEGG:04810,,,
LIMK2,KEGG:04810,,,
MYH9,KEGG:04810,,,
PIK3R3,KEGG:04810,,,
CHRM3,KEGG:04810,,,
NCKAP1,KEGG:04810,,,
ACTB,KEGG:04810,,,
GNA13,KEGG:04810,,,
PIK3CB,KEGG:04810,,,
FGF1,KEGG:04810,,,
WASL,KEGG:04810,,,
CHRM1,KEGG:04810,,,
LPAR5,KEGG:04810,,,
RRAS,KEGG:04810,,,
CHRM5,KEGG:04810,,,
VAV3,KEGG:04810,,,
ACTR3,KEGG:04810,,,
ITGA1,KEGG:04810,,,
NRAS,KEGG:04810,,,
FGF7,KEGG:04810,,,
PIK3CD,KEGG:04810,,,
FGF18,KEGG:04810,,,
SSH1,KEGG:04810,,,
PPP1R12B,KEGG:04810,,,
PPP1R12A,KEGG:04810,,,
CDC42,KEGG:04810,,,
VAV2,KEGG:04810,,,
GNAI1,KEGG:04928,,,
MAPK1,KEGG:04928,,,
WNK3,KEGG:04928,,,
CREB1,KEGG:04928,,,
HBEGF,KEGG:04928,,,
SOST,KEGG:04928,,,
PLCB1,KEGG:04928,,,
MEF2D,KEGG:04928,,,
ATF2,KEGG:04928,,,
ITPR3,KEGG:04928,,,
ADCY2,KEGG:04928,,,
GNAI3,KEGG:04928,,,
MMP15,KEGG:04928,,,
GNA11,KEGG:04928,,,
WNK2,KEGG:04928,,,
GNA13,KEGG:04928,,,
PDE4D,KEGG:04928,,,
LRP6,KEGG:04928,,,
MMP24,KEGG:04928,,,
EGR1,KEGG:04928,,,
ADCY5,KEGG:04928,,,
TNFSF11,KEGG:04928,,,
ADCY9,KEGG:04928,,,
ARRB1,KEGG:04928,,,
RXRA,KEGG:04928,,,
ADCY6,KEGG:04928,,,
GNAQ,KEGG:04928,,,
MEF2C,KEGG:04928,,,
NR4A2,KEGG:04928,,,
AKAP13,KEGG:04928,,,
MAPK8,KEGG:04930,,,
MAPK1,KEGG:04930,,,
CACNA1C,KEGG:04930,,,
PIK3R1,KEGG:04930,,,
PRKCE,KEGG:04930,,,
IKBKB,KEGG:04930,,,
PIK3R3,KEGG:04930,,,
MAPK10,KEGG:04930,,,
PIK3CB,KEGG:04930,,,
KCNJ11,KEGG:04930,,,
IRS1,KEGG:04930,,,
CACNA1E,KEGG:04930,,,
PIK3CD,KEGG:04930,,,
SOCS4,KEGG:04930,,,
INSR,KEGG:04930,,,
SOCS1,KEGG:04930,,,
CUL3,KEGG:04340,,,
CSNK1G2,KEGG:04340,,,
CSNK1A1,KEGG:04340,,,
GRK3,KEGG:04340,,,
KIF3A,KEGG:04340,,,
FBXW11,KEGG:04340,,,
CSNK1G1,KEGG:04340,,,
MOSMO,KEGG:04340,,,
SPOPL,KEGG:04340,,,
HHIP,KEGG:04340,,,
GLI3,KEGG:04340,,,
LRP2,KEGG:04340,,,
GSK3B,KEGG:04340,,,
BTRC,KEGG:04340,,,
SUFU,KEGG:04340,,,
PTCH1,KEGG:04340,,,
ARRB1,KEGG:04340,,,
CCND1,KEGG:04340,,,
PAK4,KEGG:04660,,,
MAPK8,KEGG:04660,,,
PDPK1,KEGG:04660,,,
MAPK1,KEGG:04660,,,
PPP2R5C,KEGG:04660,,,
CD3G,KEGG:04660,,,
PIK3R1,KEGG:04660,,,
PPP2CA,KEGG:04660,,,
IKBKB,KEGG:04660,,,
SOS2,KEGG:04660,,,
KRAS,KEGG:04660,,,
NFATC2,KEGG:04660,,,
PAK5,KEGG:04660,,,
PAK6,KEGG:04660,,,
PAK3,KEGG:04660,,,
PIK3R3,KEGG:04660,,,
GSK3B,KEGG:04660,,,
MAPK10,KEGG:04660,,,
PIK3CB,KEGG:04660,,,
CHUK,KEGG:04660,,,
MAPK14,KEGG:04660,,,
RELA,KEGG:04660,,,
VAV3,KEGG:04660,,,
NRAS,KEGG:04660,,,
ICOS,KEGG:04660,,,
PIK3CD,KEGG:04660,,,
PPP2R1A,KEGG:04660,,,
PPP3R1,KEGG:04660,,,
GRB2,KEGG:04660,,,
CDC42,KEGG:04660,,,
VAV2,KEGG:04660,,,
TP53,KEGG:05215,,,
ZEB1,KEGG:05215,,,
ERG,KEGG:05215,,,
IGF1R,KEGG:05215,,,
PDPK1,KEGG:05215,,,
MAPK1,KEGG:05215,,,
CREB1,KEGG:05215,,,
IGF1,KEGG:05215,,,
PIK3R1,KEGG:05215,,,
TCF7,KEGG:05215,,,
E2F3,KEGG:05215,,,
IKBKB,KEGG:05215,,,
SOS2,KEGG:05215,,,
KRAS,KEGG:05215,,,
CDK2,KEGG:05215,,,
TGFA,KEGG:05215,,,
PIK3R3,KEGG:05215,,,
GSK3B,KEGG:05215,,,
LEF1,KEGG:05215,,,
PIK3CB,KEGG:05215,,,
CHUK,KEGG:05215,,,
RELA,KEGG:05215,,,
NRAS,KEGG:05215,,,
FOXO1,KEGG:05215,,,
PIK3CD,KEGG:05215,,,
E2F2,KEGG:05215,,,
CCND1,KEGG:05215,,,
GRB2,KEGG:05215,,,
MAPK8,KEGG:04933,,,
MAPK1,KEGG:04933,,,
COL4A1,KEGG:04933,,,
SMAD2,KEGG:04933,,,
PIK3R1,KEGG:04933,,,
PLCB1,KEGG:04933,,,
STAT3,KEGG:04933,,,
TGFBR2,KEGG:04933,,,
PRKCE,KEGG:04933,,,
TGFBR1,KEGG:04933,,,
KRAS,KEGG:04933,,,
DIAPH1,KEGG:04933,,,
PIK3R3,KEGG:04933,,,
MAPK10,KEGG:04933,,,
PIK3CB,KEGG:04933,,,
MAPK14,KEGG:04933,,,
CASP3,KEGG:04933,,,
RELA,KEGG:04933,,,
SERPINE1,KEGG:04933,,,
TGFB2,KEGG:04933,,,
NRAS,KEGG:04933,,,
EGR1,KEGG:04933,,,
FOXO1,KEGG:04933,,,
PIK3CD,KEGG:04933,,,
CCND1,KEGG:04933,,,
CDC42,KEGG:04933,,,
COL4A5,KEGG:04933,,,
SMARCA4,KEGG:03082,,,
SMARCD1,KEGG:03082,,,
MTA3,KEGG:03082,,,
SMARCC1,KEGG:03082,,,
BAZ2A,KEGG:03082,,,
GATAD2B,KEGG:03082,,,
YY1,KEGG:03082,,,
PHF6,KEGG:03082,,,
H2AZ2,KEGG:03082,,,
INO80,KEGG:03082,,,
INO80D,KEGG:03082,,,
BCL7C,KEGG:03082,,,
ARID2,KEGG:03082,,,
RSF1,KEGG:03082,,,
INO80E,KEGG:03082,,,
ACTG1,KEGG:03082,,,
EPC1,KEGG:03082,,,
BCL7A,KEGG:03082,,,
BICRAL,KEGG:03082,,,
CHD3,KEGG:03082,,,
SMARCA5,KEGG:03082,,,
ACTB,KEGG:03082,,,
RBBP4,KEGG:03082,,,
BICRA,KEGG:03082,,,
SMARCE1,KEGG:03082,,,
UCHL5,KEGG:03082,,,
MORF4L1,KEGG:03082,,,
MRGBP,KEGG:03082,,,
SMARCD2,KEGG:03082,,,
MBD2,KEGG:03082,,,
GNAI1,KEGG:04921,,,
MAPK1,KEGG:04921,,,
CACNA1C,KEGG:04921,,,
CAMK2B,KEGG:04921,,,
PLCB1,KEGG:04921,,,
PRKAA2,KEGG:04921,,,
ITPR3,KEGG:04921,,,
CAMK2D,KEGG:04921,,,
ADCY2,KEGG:04921,,,
PRKAB2,KEGG:04921,,,
CACNA2D1,KEGG:04921,,,
KCNJ2,KEGG:04921,,,
GNAI3,KEGG:04921,,,
ACTG1,KEGG:04921,,,
KRAS,KEGG:04921,,,
NFATC2,KEGG:04921,,,
MYLK,KEGG:04921,,,
GUCY1A1,KEGG:04921,,,
MYLK4,KEGG:04921,,,
ELK1,KEGG:04921,,,
GUCY1A2,KEGG:04921,,,
KCNJ12,KEGG:04921,,,
ACTB,KEGG:04921,,,
CACNB3,KEGG:04921,,,
NRAS,KEGG:04921,,,
ADCY5,KEGG:04921,,,
ADCY9,KEGG:04921,,,
RCAN1,KEGG:04921,,,
PPP3R1,KEGG:04921,,,
CCND1,KEGG:04921,,,
PPP1R12B,KEGG:04921,,,
ADCY6,KEGG:04921,,,
PPP1R12A,KEGG:04921,,,
KCNJ3,KEGG:04921,,,
GNAQ,KEGG:04921,,,
KCNJ6,KEGG:04921,,,
MEF2C,KEGG:04921,,,
GNAI1,KEGG:04713,,,
GNB5,KEGG:04713,,,
MAPK1,KEGG:04713,,,
RPS6KA5,KEGG:04713,,,
CACNA1C,KEGG:04713,,,
CREB1,KEGG:04713,,,
GNG2,KEGG:04713,,,
CAMK2B,KEGG:04713,,,
PLCB1,KEGG:04713,,,
GRIN1,KEGG:04713,,,
ITPR3,KEGG:04713,,,
CAMK2D,KEGG:04713,,,
ADCY2,KEGG:04713,,,
GNAI3,KEGG:04713,,,
GUCY1A1,KEGG:04713,,,
GNB1,KEGG:04713,,,
GRIN2B,KEGG:04713,,,
GUCY1A2,KEGG:04713,,,
GRIN2A,KEGG:04713,,,
ADCY5,KEGG:04713,,,
ADCY9,KEGG:04713,,,
NOS1,KEGG:04713,,,
ADCY6,KEGG:04713,,,
KCNJ3,KEGG:04713,,,
GNAQ,KEGG:04713,,,
KCNJ6,KEGG:04713,,,
RUNX1,KEGG:05221,,,
MAPK1,KEGG:05221,,,
KIT,KEGG:05221,,,
PIK3R1,KEGG:05221,,,
STAT3,KEGG:05221,,,
TCF7,KEGG:05221,,,
IKBKB,KEGG:05221,,,
SOS2,KEGG:05221,,,
KRAS,KEGG:05221,,,
PIK3R3,KEGG:05221,,,
LEF1,KEGG:05221,,,
PIK3CB,KEGG:05221,,,
CHUK,KEGG:05221,,,
RELA,KEGG:05221,,,
RPS6KB1,KEGG:05221,,,
NRAS,KEGG:05221,,,
PIK3CD,KEGG:05221,,,
CCND1,KEGG:05221,,,
GRB2,KEGG:05221,,,
PPARD,KEGG:05221,,,
GNAI1,KEGG:04730,,,
IGF1R,KEGG:04730,,,
MAPK1,KEGG:04730,,,
IGF1,KEGG:04730,,,
PLCB1,KEGG:04730,,,
ITPR3,KEGG:04730,,,
PPP2CA,KEGG:04730,,,
GNAI3,KEGG:04730,,,
KRAS,KEGG:04730,,,
GUCY1A1,KEGG:04730,,,
GNA11,KEGG:04730,,,
GUCY1A2,KEGG:04730,,,
LYN,KEGG:04730,,,
GNA13,KEGG:04730,,,
NRAS,KEGG:04730,,,
PPP2R1A,KEGG:04730,,,
NOS1,KEGG:04730,,,
GNAQ,KEGG:04730,,,
IGF1R,KEGG:04520,,,
MAPK1,KEGG:04520,,,
PTPRJ,KEGG:04520,,,
SSX2IP,KEGG:04520,,,
YES1,KEGG:04520,,,
TGFBR2,KEGG:04520,,,
TCF7,KEGG:04520,,,
CSNK2A1,KEGG:04520,,,
ACTG1,KEGG:04520,,,
TGFBR1,KEGG:04520,,,
PTPN1,KEGG:04520,,,
PTPRF,KEGG:04520,,,
NECTIN3,KEGG:04520,,,
NECTIN1,KEGG:04520,,,
ACTB,KEGG:04520,,,
LEF1,KEGG:04520,,,
WASL,KEGG:04520,,,
WASF3,KEGG:04520,,,
LMO7,KEGG:04520,,,
CTNND1,KEGG:04520,,,
RAP1B,KEGG:04520,,,
SNAI1,KEGG:04520,,,
CTNNA2,KEGG:04520,,,
INSR,KEGG:04520,,,
CDC42,KEGG:04520,,,
CUL3,KEGG:04120,,,
TRIM32,KEGG:04120,,,
SKP1,KEGG:04120,,,
UBE2I,KEGG:04120,,,
ANAPC15,KEGG:04120,,,
CDC23,KEGG:04120,,,
UBE2K,KEGG:04120,,,
UBE3A,KEGG:04120,,,
FBXW11,KEGG:04120,,,
XIAP,KEGG:04120,,,
NEDD4L,KEGG:04120,,,
UBE2G1,KEGG:04120,,,
FBXW7,KEGG:04120,,,
UBA6,KEGG:04120,,,
UBE2N,KEGG:04120,,,
MAP3K1,KEGG:04120,,,
UBE2W,KEGG:04120,,,
UBE2Z,KEGG:04120,,,
NEDD4,KEGG:04120,,,
PIAS1,KEGG:04120,,,
SIAH1,KEGG:04120,,,
UBE2J1,KEGG:04120,,,
VHL,KEGG:04120,,,
RNF7,KEGG:04120,,,
BTRC,KEGG:04120,,,
RHOBTB1,KEGG:04120,,,
UBE3C,KEGG:04120,,,
UBE4A,KEGG:04120,,,
UBE2QL1,KEGG:04120,,,
PIAS4,KEGG:04120,,,
UBE2D3,KEGG:04120,,,
KLHL13,KEGG:04120,,,
SOCS1,KEGG:04120,,,
UBE2Q1,KEGG:04120,,,
TP53,KEGG:05216,,,
TPM3,KEGG:05216,,,
MAPK1,KEGG:05216,,,
BAK1,KEGG:05216,,,
TCF7,KEGG:05216,,,
KRAS,KEGG:05216,,,
CCDC6,KEGG:05216,,,
POLK,KEGG:05216,,,
LEF1,KEGG:05216,,,
NRAS,KEGG:05216,,,
CCND1,KEGG:05216,,,
RXRA,KEGG:05216,,,
PPARG,KEGG:05216,,,
GNAI1,KEGG:04926,,,
MAPK8,KEGG:04926,,,
GNB5,KEGG:04926,,,
MAPK1,KEGG:04926,,,
COL4A1,KEGG:04926,,,
SMAD2,KEGG:04926,,,
CREB1,KEGG:04926,,,
GNG2,KEGG:04926,,,
PIK3R1,KEGG:04926,,,
PLCB1,KEGG:04926,,,
TGFBR2,KEGG:04926,,,
ATF2,KEGG:04926,,,
ADCY2,KEGG:04926,,,
GNAI3,KEGG:04926,,,
TGFBR1,KEGG:04926,,,
SOS2,KEGG:04926,,,
KRAS,KEGG:04926,,,
GNB1,KEGG:04926,,,
PIK3R3,KEGG:04926,,,
MAPK10,KEGG:04926,,,
PIK3CB,KEGG:04926,,,
MAPK14,KEGG:04926,,,
RELA,KEGG:04926,,,
NRAS,KEGG:04926,,,
ADCY5,KEGG:04926,,,
PIK3CD,KEGG:04926,,,
ADCY9,KEGG:04926,,,
NOS1,KEGG:04926,,,
ARRB1,KEGG:04926,,,
GRB2,KEGG:04926,,,
ADCY6,KEGG:04926,,,
COL4A5,KEGG:04926,,,
MAPK8,KEGG:05135,,,
MAPK1,KEGG:05135,,,
WIPF2,KEGG:05135,,,
CRKL,KEGG:05135,,,
MAP2K6,KEGG:05135,,,
RPS6KA6,KEGG:05135,,,
PIK3R1,KEGG:05135,,,
ELMO1,KEGG:05135,,,
ARHGEF28,KEGG:05135,,,
IKBKB,KEGG:05135,,,
ARHGEF12,KEGG:05135,,,
ACTG1,KEGG:05135,,,
ARF6,KEGG:05135,,,
NFATC2,KEGG:05135,,,
TLR4,KEGG:05135,,,
PIK3R3,KEGG:05135,,,
PKN2,KEGG:05135,,,
GSK3B,KEGG:05135,,,
ACTB,KEGG:05135,,,
MAPK10,KEGG:05135,,,
PIK3CB,KEGG:05135,,,
CHUK,KEGG:05135,,,
MAPK14,KEGG:05135,,,
RELA,KEGG:05135,,,
WASL,KEGG:05135,,,
VAV3,KEGG:05135,,,
ACTR3,KEGG:05135,,,
PIK3CD,KEGG:05135,,,
WIPF1,KEGG:05135,,,
CDC42,KEGG:05135,,,
GNAQ,KEGG:05135,,,
VAV2,KEGG:05135,,,
GIT2,KEGG:05135,,,
GNAI1,KEGG:04022,,,
ATP2B1,KEGG:04022,,,
MAPK1,KEGG:04022,,,
CACNA1C,KEGG:04022,,,
CREB1,KEGG:04022,,,
PLCB1,KEGG:04022,,,
ATP2B4,KEGG:04022,,,
MEF2D,KEGG:04022,,,
ATF2,KEGG:04022,,,
PRKCE,KEGG:04022,,,
ITPR3,KEGG:04022,,,
ADCY2,KEGG:04022,,,
GNAI3,KEGG:04022,,,
PDE3A,KEGG:04022,,,
NFATC2,KEGG:04022,,,
MYLK,KEGG:04022,,,
GUCY1A1,KEGG:04022,,,
MYLK4,KEGG:04022,,,
GNA11,KEGG:04022,,,
GUCY1A2,KEGG:04022,,,
SLC25A4,KEGG:04022,,,
PDE3B,KEGG:04022,,,
GNA13,KEGG:04022,,,
VDAC1,KEGG:04022,,,
ADRB2,KEGG:04022,,,
ATP2A2,KEGG:04022,,,
IRS1,KEGG:04022,,,
ADCY5,KEGG:04022,,,
ADCY9,KEGG:04022,,,
INSR,KEGG:04022,,,
ATP1A2,KEGG:04022,,,
PPP3R1,KEGG:04022,,,
PDE5A,KEGG:04022,,,
ADCY6,KEGG:04022,,,
PPP1R12A,KEGG:04022,,,
GNAQ,KEGG:04022,,,
MEF2C,KEGG:04022,,,
EDNRA,KEGG:04022,,,
TP53,KEGG:04115,,,
MDM4,KEGG:04115,,,
CHEK1,KEGG:04115,,,
IGF1,KEGG:04115,,,
CDK2,KEGG:04115,,,
ZMAT3,KEGG:04115,,,
BBC3,KEGG:04115,,,
SIAH1,KEGG:04115,,,
ATM,KEGG:04115,,,
CASP3,KEGG:04115,,,
SERPINE1,KEGG:04115,,,
BCL2L1,KEGG:04115,,,
CCNG2,KEGG:04115,,,
FAS,KEGG:04115,,,
CDK1,KEGG:04115,,,
CHEK2,KEGG:04115,,,
CDK6,KEGG:04115,,,
CCND3,KEGG:04115,,,
SESN3,KEGG:04115,,,
CCND1,KEGG:04115,,,
STEAP3,KEGG:04115,,,
GNAI1,KEGG:05163,,,
TP53,KEGG:05163,,,
GNB5,KEGG:05163,,,
MAPK1,KEGG:05163,,,
CRKL,KEGG:05163,,,
MAP2K6,KEGG:05163,,,
CREB1,KEGG:05163,,,
GNG2,KEGG:05163,,,
PIK3R1,KEGG:05163,,,
PLCB1,KEGG:05163,,,
STAT3,KEGG:05163,,,
ATF2,KEGG:05163,,,
BAK1,KEGG:05163,,,
ITPR3,KEGG:05163,,,
E2F3,KEGG:05163,,,
ADCY2,KEGG:05163,,,
IKBKB,KEGG:05163,,,
ARHGEF12,KEGG:05163,,,
GNAI3,KEGG:05163,,,
SOS2,KEGG:05163,,,
KRAS,KEGG:05163,,,
NFATC2,KEGG:05163,,,
ELK1,KEGG:05163,,,
GNA11,KEGG:05163,,,
GNB1,KEGG:05163,,,
ITGB3,KEGG:05163,,,
PIK3R3,KEGG:05163,,,
GSK3B,KEGG:05163,,,
GNA13,KEGG:05163,,,
PIK3CB,KEGG:05163,,,
PTGER3,KEGG:05163,,,
CHUK,KEGG:05163,,,
MAPK14,KEGG:05163,,,
CASP3,KEGG:05163,,,
RELA,KEGG:05163,,,
RPS6KB1,KEGG:05163,,,
NRAS,KEGG:05163,,,
ADCY5,KEGG:05163,,,
PIK3CD,KEGG:05163,,,
ADCY9,KEGG:05163,,,
FAS,KEGG:05163,,,
CDK6,KEGG:05163,,,
PPP3R1,KEGG:05163,,,
E2F2,KEGG:05163,,,
CCND1,KEGG:05163,,,
GRB2,KEGG:05163,,,
ADCY6,KEGG:05163,,,
GNAQ,KEGG:05163,,,
AKAP13,KEGG:05163,,,
YWHAG,KEGG:04114,,,
SKP1,KEGG:04114,,,
ANAPC15,KEGG:04114,,,
IGF1R,KEGG:04114,,,
YWHAQ,KEGG:04114,,,
CDC23,KEGG:04114,,,
MAPK1,KEGG:04114,,,
PPP2R5C,KEGG:04114,,,
CPEB3,KEGG:04114,,,
FBXW11,KEGG:04114,,,
RPS6KA6,KEGG:04114,,,
IGF1,KEGG:04114,,,
CAMK2B,KEGG:04114,,,
ITPR3,KEGG:04114,,,
CAMK2D,KEGG:04114,,,
ADCY2,KEGG:04114,,,
PPP2CA,KEGG:04114,,,
YWHAZ,KEGG:04114,,,
CDK2,KEGG:04114,,,
SLK,KEGG:04114,,,
MAPK14,KEGG:04114,,,
CPEB4,KEGG:04114,,,
BTRC,KEGG:04114,,,
ADCY5,KEGG:04114,,,
PPP2R1A,KEGG:04114,,,
ADCY9,KEGG:04114,,,
CDK1,KEGG:04114,,,
PPP3R1,KEGG:04114,,,
AURKA,KEGG:04114,,,
ADCY6,KEGG:04114,,,
CPEB2,KEGG:04114,,,
MAD2L1,KEGG:04114,,,
CPEB1,KEGG:04114,,,
PDPK1,KEGG:04960,,,
MAPK1,KEGG:04960,,,
NEDD4L,KEGG:04960,,,
IGF1,KEGG:04960,,,
PIK3R1,KEGG:04960,,,
KRAS,KEGG:04960,,,
PIK3R3,KEGG:04960,,,
PIK3CB,KEGG:04960,,,
IRS1,KEGG:04960,,,
PIK3CD,KEGG:04960,,,
INSR,KEGG:04960,,,
ATP1A2,KEGG:04960,,,
NR3C2,KEGG:04960,,,
TP53,KEGG:05214,,,
IGF1R,KEGG:05214,,,
MAPK1,KEGG:05214,,,
IGF1,KEGG:05214,,,
CAMK2B,KEGG:05214,,,
PIK3R1,KEGG:05214,,,
BAK1,KEGG:05214,,,
CAMK2D,KEGG:05214,,,
E2F3,KEGG:05214,,,
SOS2,KEGG:05214,,,
KRAS,KEGG:05214,,,
POLK,KEGG:05214,,,
TGFA,KEGG:05214,,,
PIK3R3,KEGG:05214,,,
PIK3CB,KEGG:05214,,,
NRAS,KEGG:05214,,,
PIK3CD,KEGG:05214,,,
CDK6,KEGG:05214,,,
E2F2,KEGG:05214,,,
CCND1,KEGG:05214,,,
GRB2,KEGG:05214,,,
SKP1,KEGG:04710,,,
CREB1,KEGG:04710,,,
FBXW11,KEGG:04710,,,
FBXL3,KEGG:04710,,,
PRKAA2,KEGG:04710,,,
RORA,KEGG:04710,,,
PRKAB2,KEGG:04710,,,
CLOCK,KEGG:04710,,,
BTRC,KEGG:04710,,,
RORB,KEGG:04710,,,
NR1D2,KEGG:04710,,,
BHLHE41,KEGG:04710,,,
GNAI1,KEGG:05142,,,
MAPK8,KEGG:05142,,,
MAPK1,KEGG:05142,,,
SMAD2,KEGG:05142,,,
CD3G,KEGG:05142,,,
PIK3R1,KEGG:05142,,,
PLCB1,KEGG:05142,,,
TGFBR2,KEGG:05142,,,
PPP2CA,KEGG:05142,,,
IKBKB,KEGG:05142,,,
GNAI3,KEGG:05142,,,
TGFBR1,KEGG:05142,,,
GNA11,KEGG:05142,,,
TLR4,KEGG:05142,,,
PIK3R3,KEGG:05142,,,
MAPK10,KEGG:05142,,,
PIK3CB,KEGG:05142,,,
CHUK,KEGG:05142,,,
MAPK14,KEGG:05142,,,
RELA,KEGG:05142,,,
SERPINE1,KEGG:05142,,,
TGFB2,KEGG:05142,,,
PIK3CD,KEGG:05142,,,
PPP2R1A,KEGG:05142,,,
FAS,KEGG:05142,,,
GNAQ,KEGG:05142,,,
SKP1,KEGG:04141,,,
MAPK8,KEGG:04141,,,
SEC61A1,KEGG:04141,,,
ERP29,KEGG:04141,,,
UBE2G1,KEGG:04141,,,
EIF2S1,KEGG:04141,,,
BAK1,KEGG:04141,,,
ERO1B,KEGG:04141,,,
DERL2,KEGG:04141,,,
SAR1B,KEGG:04141,,,
ERO1A,KEGG:04141,,,
YOD1,KEGG:04141,,,
SAR1A,KEGG:04141,,,
UBXN2A,KEGG:04141,,,
TRAM1,KEGG:04141,,,
DDOST,KEGG:04141,,,
SEC31B,KEGG:04141,,,
UBE2J1,KEGG:04141,,,
DNAJB12,KEGG:04141,,,
DNAJB1,KEGG:04141,,,
MAPK10,KEGG:04141,,,
HSPA8,KEGG:04141,,,
MBTPS1,KEGG:04141,,,
HSPA4L,KEGG:04141,,,
DNAJC10,KEGG:04141,,,
MARCHF6,KEGG:04141,,,
ERN1,KEGG:04141,,,
MBTPS2,KEGG:04141,,,
DNAJC5,KEGG:04141,,,
SSR1,KEGG:04141,,,
SEC63,KEGG:04141,,,
MAN1A1,KEGG:04141,,,
ATXN3,KEGG:04141,,,
SEC23A,KEGG:04141,,,
STT3A,KEGG:04141,,,
SEC24A,KEGG:04141,,,
SSR3,KEGG:04141,,,
UBE2D3,KEGG:04141,,,
CANX,KEGG:04141,,,
TP53,KEGG:05160,,,
YWHAG,KEGG:05160,,,
OCLN,KEGG:05160,,,
YWHAQ,KEGG:05160,,,
MAPK1,KEGG:05160,,,
CLDN12,KEGG:05160,,,
PIK3R1,KEGG:05160,,,
EIF2S1,KEGG:05160,,,
STAT3,KEGG:05160,,,
BAK1,KEGG:05160,,,
CLDN1,KEGG:05160,,,
E2F3,KEGG:05160,,,
PPP2CA,KEGG:05160,,,
IKBKB,KEGG:05160,,,
SOS2,KEGG:05160,,,
YWHAZ,KEGG:05160,,,
KRAS,KEGG:05160,,,
PIAS1,KEGG:05160,,,
PSME3,KEGG:05160,,,
CDK2,KEGG:05160,,,
PIK3R3,KEGG:05160,,,
GSK3B,KEGG:05160,,,
PIK3CB,KEGG:05160,,,
CHUK,KEGG:05160,,,
CASP3,KEGG:05160,,,
RELA,KEGG:05160,,,
TRAF3,KEGG:05160,,,
NRAS,KEGG:05160,,,
PIK3CD,KEGG:05160,,,
PPP2R1A,KEGG:05160,,,
FAS,KEGG:05160,,,
CDK6,KEGG:05160,,,
E2F2,KEGG:05160,,,
CCND1,KEGG:05160,,,
GRB2,KEGG:05160,,,
RXRA,KEGG:05160,,,
XPO5,KEGG:03013,,,
UBE2I,KEGG:03013,,,
IPO9,KEGG:03013,,,
UPF1,KEGG:03013,,,
KPNA6,KEGG:03013,,,
NUP155,KEGG:03013,,,
SENP2,KEGG:03013,,,
NUP43,KEGG:03013,,,
XPO7,KEGG:03013,,,
NUP35,KEGG:03013,,,
TNPO1,KEGG:03013,,,
NUP50,KEGG:03013,,,
NXT2,KEGG:03013,,,
RAN,KEGG:03013,,,
IPO11,KEGG:03013,,,
KPNA5,KEGG:03013,,,
NXF1,KEGG:03013,,,
XPO4,KEGG:03013,,,
KPNB1,KEGG:03013,,,
PNN,KEGG:03013,,,
SUMO2,KEGG:03013,,,
IPO7,KEGG:03013,,,
MAGOHB,KEGG:03013,,,
DDX19A,KEGG:03013,,,
NUP133,KEGG:03013,,,
THOC2,KEGG:03013,,,
KPNA1,KEGG:03013,,,
RAB5B,KEGG:04148,,,
ANO6,KEGG:04148,,,
ABCA1,KEGG:04148,,,
CD47,KEGG:04148,,,
XKR6,KEGG:04148,,,
MAPK1,KEGG:04148,,,
SLC2A1,KEGG:04148,,,
CRKL,KEGG:04148,,,
ANO3,KEGG:04148,,,
RAB14,KEGG:04148,,,
CREB1,KEGG:04148,,,
P2RY2,KEGG:04148,,,
DUSP16,KEGG:04148,,,
CAMK2B,KEGG:04148,,,
ELMO1,KEGG:04148,,,
CAMK2D,KEGG:04148,,,
XKR4,KEGG:04148,,,
NFATC2,KEGG:04148,,,
S1PR1,KEGG:04148,,,
VPS18,KEGG:04148,,,
ADAM10,KEGG:04148,,,
DUSP8,KEGG:04148,,,
ITGB3,KEGG:04148,,,
PANX1,KEGG:04148,,,
MAPK14,KEGG:04148,,,
CASP3,KEGG:04148,,,
ATP2A2,KEGG:04148,,,
ADAM17,KEGG:04148,,,
DNMT3A,KEGG:04148,,,
TMEM30A,KEGG:04148,,,
RXRA,KEGG:04148,,,
PPARD,KEGG:04148,,,
CPT1A,KEGG:04148,,,
ATP8A1,KEGG:04148,,,
PPARG,KEGG:04148,,,
ATP8A2,KEGG:04148,,,
TP53,KEGG:05218,,,
IGF1R,KEGG:05218,,,
MAPK1,KEGG:05218,,,
IGF1,KEGG:05218,,,
PIK3R1,KEGG:05218,,,
BAK1,KEGG:05218,,,
E2F3,KEGG:05218,,,
KRAS,KEGG:05218,,,
FGF2,KEGG:05218,,,
POLK,KEGG:05218,,,
PIK3R3,KEGG:05218,,,
PIK3CB,KEGG:05218,,,
FGF1,KEGG:05218,,,
NRAS,KEGG:05218,,,
FGF7,KEGG:05218,,,
PIK3CD,KEGG:05218,,,
CDK6,KEGG:05218,,,
FGF18,KEGG:05218,,,
E2F2,KEGG:05218,,,
CCND1,KEGG:05218,,,
TP53,KEGG:05161,,,
MAPK8,KEGG:05161,,,
YWHAQ,KEGG:05161,,,
MAPK1,KEGG:05161,,,
MAP2K6,KEGG:05161,,,
CREB1,KEGG:05161,,,
PIK3R1,KEGG:05161,,,
STAT3,KEGG:05161,,,
TGFBR2,KEGG:05161,,,
ATF2,KEGG:05161,,,
E2F3,KEGG:05161,,,
IKBKB,KEGG:05161,,,
MAP3K1,KEGG:05161,,,
TGFBR1,KEGG:05161,,,
SOS2,KEGG:05161,,,
YWHAZ,KEGG:05161,,,
KRAS,KEGG:05161,,,
NFATC2,KEGG:05161,,,
CDK2,KEGG:05161,,,
ELK1,KEGG:05161,,,
EGR3,KEGG:05161,,,
TLR4,KEGG:05161,,,
PIK3R3,KEGG:05161,,,
MAPK10,KEGG:05161,,,
PIK3CB,KEGG:05161,,,
CHUK,KEGG:05161,,,
MAPK14,KEGG:05161,,,
CASP3,KEGG:05161,,,
RELA,KEGG:05161,,,
TRAF3,KEGG:05161,,,
TGFB2,KEGG:05161,,,
NRAS,KEGG:05161,,,
PIK3CD,KEGG:05161,,,
FAS,KEGG:05161,,,
CASP10,KEGG:05161,,,
E2F2,KEGG:05161,,,
GRB2,KEGG:05161,,,
DAG1,KEGG:03273,,,
PCDH9,KEGG:03273,,,
LAMP2,KEGG:03273,,,
NRP2,KEGG:03273,,,
MYH9,KEGG:03273,,,
LAMP1,KEGG:03273,,,
PCDH7,KEGG:03273,,,
GNAI1,KEGG:04724,,,
GNB5,KEGG:04724,,,
MAPK1,KEGG:04724,,,
SLC38A1,KEGG:04724,,,
CACNA1C,KEGG:04724,,,
SHANK2,KEGG:04724,,,
GRK3,KEGG:04724,,,
GNG2,KEGG:04724,,,
GRIK3,KEGG:04724,,,
PLCB1,KEGG:04724,,,
GRIN1,KEGG:04724,,,
ITPR3,KEGG:04724,,,
ADCY2,KEGG:04724,,,
GNAI3,KEGG:04724,,,
GNB1,KEGG:04724,,,
GRIN2B,KEGG:04724,,,
SLC1A2,KEGG:04724,,,
GRM4,KEGG:04724,,,
GLS2,KEGG:04724,,,
GRIN2A,KEGG:04724,,,
SLC38A2,KEGG:04724,,,
ADCY5,KEGG:04724,,,
ADCY9,KEGG:04724,,,
PPP3R1,KEGG:04724,,,
ADCY6,KEGG:04724,,,
KCNJ3,KEGG:04724,,,
GNAQ,KEGG:04724,,,
GRIN3A,KEGG:04724,,,
GOSR1,KEGG:04130,,,
VAMP2,KEGG:04130,,,
VTI1B,KEGG:04130,,,
STX7,KEGG:04130,,,
STX16,KEGG:04130,,,
BET1L,KEGG:04130,,,
STX2,KEGG:04130,,,
VAMP8,KEGG:04130,,,
VTI1A,KEGG:04130,,,
VAMP3,KEGG:04130,,,
STX5,KEGG:04130,,,
MAPK1,KEGG:04929,,,
CACNA1C,KEGG:04929,,,
PIK3R1,KEGG:04929,,,
PLCB1,KEGG:04929,,,
ESR2,KEGG:04929,,,
ITPR3,KEGG:04929,,,
KRAS,KEGG:04929,,,
GNA11,KEGG:04929,,,
HCN1,KEGG:04929,,,
PIK3R3,KEGG:04929,,,
PIK3CB,KEGG:04929,,,
KCNJ11,KEGG:04929,,,
NRAS,KEGG:04929,,,
PIK3CD,KEGG:04929,,,
ARRB1,KEGG:04929,,,
KCNJ3,KEGG:04929,,,
GNAQ,KEGG:04929,,,
KCNJ6,KEGG:04929,,,
GNAI1,KEGG:04971,,,
CAMK2B,KEGG:04971,,,
PLCB1,KEGG:04971,,,
KCNJ15,KEGG:04971,,,
ITPR3,KEGG:04971,,,
CAMK2D,KEGG:04971,,,
ADCY2,KEGG:04971,,,
KCNJ2,KEGG:04971,,,
GNAI3,KEGG:04971,,,
ACTG1,KEGG:04971,,,
MYLK,KEGG:04971,,,
MYLK4,KEGG:04971,,,
CHRM3,KEGG:04971,,,
ACTB,KEGG:04971,,,
ADCY5,KEGG:04971,,,
KCNK10,KEGG:04971,,,
ADCY9,KEGG:04971,,,
ATP1A2,KEGG:04971,,,
ADCY6,KEGG:04971,,,
GNAQ,KEGG:04971,,,
TP53,KEGG:05131,,,
SKP1,KEGG:05131,,,
H3-3B,KEGG:05131,,,
MAPK8,KEGG:05131,,,
TLN2,KEGG:05131,,,
MAPK1,KEGG:05131,,,
CRKL,KEGG:05131,,,
RPS6KA5,KEGG:05131,,,
PFN2,KEGG:05131,,,
FBXW11,KEGG:05131,,,
FNBP1L,KEGG:05131,,,
PIK3R1,KEGG:05131,,,
ELMO1,KEGG:05131,,,
PLCB1,KEGG:05131,,,
SEPTIN11,KEGG:05131,,,
RRAGD,KEGG:05131,,,
PRKCE,KEGG:05131,,,
ITPR3,KEGG:05131,,,
ATG14,KEGG:05131,,,
UBE2N,KEGG:05131,,,
IKBKB,KEGG:05131,,,
ACTG1,KEGG:05131,,,
UBE2V1,KEGG:05131,,,
SEPTIN8,KEGG:05131,,,
ARF6,KEGG:05131,,,
DIAPH1,KEGG:05131,,,
TLR4,KEGG:05131,,,
PIK3R3,KEGG:05131,,,
GSK3B,KEGG:05131,,,
ATM,KEGG:05131,,,
ACTB,KEGG:05131,,,
MAPK10,KEGG:05131,,,
VDAC1,KEGG:05131,,,
PIK3CB,KEGG:05131,,,
CBX3,KEGG:05131,,,
CHUK,KEGG:05131,,,
MAPK14,KEGG:05131,,,
RELA,KEGG:05131,,,
RRAGA,KEGG:05131,,,
BTRC,KEGG:05131,,,
RRAGC,KEGG:05131,,,
WASL,KEGG:05131,,,
ACTR3,KEGG:05131,,,
RPS6KB1,KEGG:05131,,,
BCL2L1,KEGG:05131,,,
FOXO1,KEGG:05131,,,
PIK3CD,KEGG:05131,,,
FNBP1,KEGG:05131,,,
SEPTIN6,KEGG:05131,,,
CDC42,KEGG:05131,,,
UBE2D3,KEGG:05131,,,
FZD4,KEGG:04934,,,
GNAI1,KEGG:04934,,,
MAPK1,KEGG:04934,,,
CACNA1C,KEGG:04934,,,
FZD3,KEGG:04934,,,
CREB1,KEGG:04934,,,
CAMK2B,KEGG:04934,,,
PLCB1,KEGG:04934,,,
ATF2,KEGG:04934,,,
ITPR3,KEGG:04934,,,
TCF7,KEGG:04934,,,
CAMK2D,KEGG:04934,,,
E2F3,KEGG:04934,,,
ADCY2,KEGG:04934,,,
KMT2A,KEGG:04934,,,
GNAI3,KEGG:04934,,,
USP8,KEGG:04934,,,
CDK2,KEGG:04934,,,
GNA11,KEGG:04934,,,
WNT8B,KEGG:04934,,,
GSK3B,KEGG:04934,,,
LEF1,KEGG:04934,,,
RAP1B,KEGG:04934,,,
ADCY5,KEGG:04934,,,
ADCY9,KEGG:04934,,,
CDK6,KEGG:04934,,,
WNT9B,KEGG:04934,,,
KMT2D,KEGG:04934,,,
E2F2,KEGG:04934,,,
CCND1,KEGG:04934,,,
ADCY6,KEGG:04934,,,
GNAQ,KEGG:04934,,,
WNT7B,KEGG:04934,,,
WNT4,KEGG:04934,,,
TP53,KEGG:05417,,,
ABCA1,KEGG:05417,,,
POU2F1,KEGG:05417,,,
MAPK8,KEGG:05417,,,
PDPK1,KEGG:05417,,,
MAPK1,KEGG:05417,,,
MAP2K6,KEGG:05417,,,
CAMK2B,KEGG:05417,,,
PIK3R1,KEGG:05417,,,
PLCB1,KEGG:05417,,,
EIF2S1,KEGG:05417,,,
STAT3,KEGG:05417,,,
ERO1A,KEGG:05417,,,
CAMK2D,KEGG:05417,,,
IKBKB,KEGG:05417,,,
MIB1,KEGG:05417,,,
KRAS,KEGG:05417,,,
NFATC2,KEGG:05417,,,
TLR4,KEGG:05417,,,
LYN,KEGG:05417,,,
PIK3R3,KEGG:05417,,,
GSK3B,KEGG:05417,,,
MAPK10,KEGG:05417,,,
PIK3CB,KEGG:05417,,,
OLR1,KEGG:05417,,,
CHUK,KEGG:05417,,,
HSPA8,KEGG:05417,,,
MAPK14,KEGG:05417,,,
CASP3,KEGG:05417,,,
RELA,KEGG:05417,,,
ERN1,KEGG:05417,,,
VAV3,KEGG:05417,,,
TRAF3,KEGG:05417,,,
VLDLR,KEGG:05417,,,
RAP1B,KEGG:05417,,,
BCL2L1,KEGG:05417,,,
NRAS,KEGG:05417,,,
PIK3CD,KEGG:05417,,,
FAS,KEGG:05417,,,
PPP3R1,KEGG:05417,,,
RXRA,KEGG:05417,,,
TNFSF10,KEGG:05417,,,
CDC42,KEGG:05417,,,
VAV2,KEGG:05417,,,
PPARG,KEGG:05417,,,
TP53,KEGG:04210,,,
MAPK8,KEGG:04210,,,
PDPK1,KEGG:04210,,,
MAPK1,KEGG:04210,,,
BCL2L11,KEGG:04210,,,
XIAP,KEGG:04210,,,
PIK3R1,KEGG:04210,,,
EIF2S1,KEGG:04210,,,
BAK1,KEGG:04210,,,
ITPR3,KEGG:04210,,,
IKBKB,KEGG:04210,,,
ACTG1,KEGG:04210,,,
KRAS,KEGG:04210,,,
BBC3,KEGG:04210,,,
DAB2IP,KEGG:04210,,,
PIK3R3,KEGG:04210,,,
ATM,KEGG:04210,,,
ACTB,KEGG:04210,,,
MAPK10,KEGG:04210,,,
PIK3CB,KEGG:04210,,,
LMNB1,KEGG:04210,,,
CHUK,KEGG:04210,,,
CASP3,KEGG:04210,,,
RELA,KEGG:04210,,,
ERN1,KEGG:04210,,,
BCL2L1,KEGG:04210,,,
NRAS,KEGG:04210,,,
PIK3CD,KEGG:04210,,,
FAS,KEGG:04210,,,
CASP10,KEGG:04210,,,
TNFSF10,KEGG:04210,,,
GNAI1,KEGG:04611,,,
TLN2,KEGG:04611,,,
MAPK1,KEGG:04611,,,
PIK3R1,KEGG:04611,,,
PLCB1,KEGG:04611,,,
ITPR3,KEGG:04611,,,
ADCY2,KEGG:04611,,,
ARHGEF12,KEGG:04611,,,
GNAI3,KEGG:04611,,,
ACTG1,KEGG:04611,,,
MYLK,KEGG:04611,,,
GUCY1A1,KEGG:04611,,,
MYLK4,KEGG:04611,,,
GUCY1A2,KEGG:04611,,,
ITGB3,KEGG:04611,,,
LYN,KEGG:04611,,,
PIK3R3,KEGG:04611,,,
ACTB,KEGG:04611,,,
GNA13,KEGG:04611,,,
PIK3CB,KEGG:04611,,,
MAPK14,KEGG:04611,,,
VAMP8,KEGG:04611,,,
RAP1B,KEGG:04611,,,
ADCY5,KEGG:04611,,,
PIK3CD,KEGG:04611,,,
ADCY9,KEGG:04611,,,
ADCY6,KEGG:04611,,,
PPP1R12A,KEGG:04611,,,
GNAQ,KEGG:04611,,,
DAG1,KEGG:05414,,,
ITGA10,KEGG:05414,,,
TPM3,KEGG:05414,,,
TPM4,KEGG:05414,,,
CACNA1C,KEGG:05414,,,
IGF1,KEGG:05414,,,
ITGB8,KEGG:05414,,,
ADCY2,KEGG:05414,,,
CACNA2D1,KEGG:05414,,,
ACTG1,KEGG:05414,,,
DTNA,KEGG:05414,,,
SGCZ,KEGG:05414,,,
ITGB3,KEGG:05414,,,
ACTB,KEGG:05414,,,
CACNB3,KEGG:05414,,,
ATP2A2,KEGG:05414,,,
ITGA1,KEGG:05414,,,
TGFB2,KEGG:05414,,,
ADCY5,KEGG:05414,,,
SNTB2,KEGG:05414,,,
ADCY9,KEGG:05414,,,
TPM1,KEGG:05414,,,
NOS1,KEGG:05414,,,
ACTC1,KEGG:05414,,,
ADCY6,KEGG:05414,,,
IGF1R,KEGG:04066,,,
TEK,KEGG:04066,,,
ENO1,KEGG:04066,,,
EPAS1,KEGG:04066,,,
MAPK1,KEGG:04066,,,
SLC2A1,KEGG:04066,,,
IGF1,KEGG:04066,,,
CAMK2B,KEGG:04066,,,
PIK3R1,KEGG:04066,,,
STAT3,KEGG:04066,,,
CAMK2D,KEGG:04066,,,
TLR4,KEGG:04066,,,
PIK3R3,KEGG:04066,,,
VHL,KEGG:04066,,,
FLT1,KEGG:04066,,,
EIF4E2,KEGG:04066,,,
PIK3CB,KEGG:04066,,,
PGK1,KEGG:04066,,,
RELA,KEGG:04066,,,
SERPINE1,KEGG:04066,,,
PFKFB3,KEGG:04066,,,
EGLN3,KEGG:04066,,,
RPS6KB1,KEGG:04066,,,
PIK3CD,KEGG:04066,,,
INSR,KEGG:04066,,,
PFKM,KEGG:04066,,,
HCAR2,KEGG:04024,,,
GNAI1,KEGG:04024,,,
MAPK8,KEGG:04024,,,
ATP2B1,KEGG:04024,,,
MAPK1,KEGG:04024,,,
CACNA1C,KEGG:04024,,,
CREB1,KEGG:04024,,,
CAMK2B,KEGG:04024,,,
PIK3R1,KEGG:04024,,,
ATP2B4,KEGG:04024,,,
GRIN1,KEGG:04024,,,
CAMK2D,KEGG:04024,,,
ADCY2,KEGG:04024,,,
GNAI3,KEGG:04024,,,
PDE3A,KEGG:04024,,,
HHIP,KEGG:04024,,,
GLI3,KEGG:04024,,,
GRIN2B,KEGG:04024,,,
PIK3R3,KEGG:04024,,,
DRD2,KEGG:04024,,,
PDE3B,KEGG:04024,,,
MAPK10,KEGG:04024,,,
PIK3CB,KEGG:04024,,,
PTGER3,KEGG:04024,,,
ADRB2,KEGG:04024,,,
PDE4D,KEGG:04024,,,
RELA,KEGG:04024,,,
BDNF,KEGG:04024,,,
ATP2A2,KEGG:04024,,,
CHRM1,KEGG:04024,,,
GRIN2A,KEGG:04024,,,
RRAS,KEGG:04024,,,
VAV3,KEGG:04024,,,
RAP1B,KEGG:04024,,,
ADCY5,KEGG:04024,,,
PIK3CD,KEGG:04024,,,
PTCH1,KEGG:04024,,,
ADCY9,KEGG:04024,,,
ATP1A2,KEGG:04024,,,
HCAR3,KEGG:04024,,,
ADCY6,KEGG:04024,,,
PPP1R12A,KEGG:04024,,,
VAV2,KEGG:04024,,,
GRIN3A,KEGG:04024,,,
EDNRA,KEGG:04024,,,
CNGB3,KEGG:04024,,,
GNAI1,KEGG:04728,,,
MAPK8,KEGG:04728,,,
GNB5,KEGG:04728,,,
CACNA1C,KEGG:04728,,,
PPP2R5C,KEGG:04728,,,
CREB1,KEGG:04728,,,
GNG2,KEGG:04728,,,
CAMK2B,KEGG:04728,,,
PLCB1,KEGG:04728,,,
ATF2,KEGG:04728,,,
KIF5C,KEGG:04728,,,
ITPR3,KEGG:04728,,,
CAMK2D,KEGG:04728,,,
PPP2CA,KEGG:04728,,,
GNAI3,KEGG:04728,,,
GNB1,KEGG:04728,,,
KIF5A,KEGG:04728,,,
GRIN2B,KEGG:04728,,,
CLOCK,KEGG:04728,,,
DRD2,KEGG:04728,,,
GSK3B,KEGG:04728,,,
MAPK10,KEGG:04728,,,
MAPK14,KEGG:04728,,,
GRIN2A,KEGG:04728,,,
ADCY5,KEGG:04728,,,
PPP2R1A,KEGG:04728,,,
ARRB1,KEGG:04728,,,
KCNJ3,KEGG:04728,,,
GNAQ,KEGG:04728,,,
KCNJ6,KEGG:04728,,,
GNAI1,KEGG:04924,,,
PDE1C,KEGG:04924,,,
CACNA1C,KEGG:04924,,,
CREB1,KEGG:04924,,,
PLCB1,KEGG:04924,,,
ITPR3,KEGG:04924,,,
KCNJ2,KEGG:04924,,,
GNAI3,KEGG:04924,,,
PDE3A,KEGG:04924,,,
GUCY1A1,KEGG:04924,,,
GUCY1A2,KEGG:04924,,,
PDE3B,KEGG:04924,,,
ADRB2,KEGG:04924,,,
ADCY5,KEGG:04924,,,
PPP3R1,KEGG:04924,,,
ADCY6,KEGG:04924,,,
GNAQ,KEGG:04924,,,
EDNRA,KEGG:04924,,,
GNAI1,KEGG:05032,,,
GABRP,KEGG:05032,,,
PDE7A,KEGG:05032,,,
GNB5,KEGG:05032,,,
PDE1C,KEGG:05032,,,
GRK3,KEGG:05032,,,
GRK5,KEGG:05032,,,
GNG2,KEGG:05032,,,
ADCY2,KEGG:05032,,,
GNAI3,KEGG:05032,,,
PDE3A,KEGG:05032,,,
GNB1,KEGG:05032,,,
PDE3B,KEGG:05032,,,
PDE4D,KEGG:05032,,,
ADCY5,KEGG:05032,,,
ADCY9,KEGG:05032,,,
ARRB1,KEGG:05032,,,
ADCY6,KEGG:05032,,,
KCNJ3,KEGG:05032,,,
GABRB2,KEGG:05032,,,
GABRA3,KEGG:05032,,,
KCNJ6,KEGG:05032,,,
TP53,KEGG:01524,,,
PDPK1,KEGG:01524,,,
MAPK1,KEGG:01524,,,
XIAP,KEGG:01524,,,
POLH,KEGG:01524,,,
PIK3R1,KEGG:01524,,,
BAK1,KEGG:01524,,,
ATP7A,KEGG:01524,,,
BBC3,KEGG:01524,,,
PIK3R3,KEGG:01524,,,
ATM,KEGG:01524,,,
PIK3CB,KEGG:01524,,,
CASP3,KEGG:01524,,,
BCL2L1,KEGG:01524,,,
SLC31A1,KEGG:01524,,,
PIK3CD,KEGG:01524,,,
FAS,KEGG:01524,,,
GSTO2,KEGG:01524,,,
REV3L,KEGG:01524,,,
GNAI1,KEGG:04923,,,
MGLL,KEGG:04923,,,
PIK3R1,KEGG:04923,,,
ADCY2,KEGG:04923,,,
GNAI3,KEGG:04923,,,
PIK3R3,KEGG:04923,,,
PDE3B,KEGG:04923,,,
PIK3CB,KEGG:04923,,,
PTGER3,KEGG:04923,,,
ADRB2,KEGG:04923,,,
IRS1,KEGG:04923,,,
ADCY5,KEGG:04923,,,
PIK3CD,KEGG:04923,,,
ADCY9,KEGG:04923,,,
INSR,KEGG:04923,,,
ADCY6,KEGG:04923,,,
FZD4,KEGG:04916,,,
GNAI1,KEGG:04916,,,
MAPK1,KEGG:04916,,,
FZD3,KEGG:04916,,,
CREB1,KEGG:04916,,,
KIT,KEGG:04916,,,
CAMK2B,KEGG:04916,,,
PLCB1,KEGG:04916,,,
TCF7,KEGG:04916,,,
CAMK2D,KEGG:04916,,,
ADCY2,KEGG:04916,,,
GNAI3,KEGG:04916,,,
KRAS,KEGG:04916,,,
WNT8B,KEGG:04916,,,
GSK3B,KEGG:04916,,,
LEF1,KEGG:04916,,,
NRAS,KEGG:04916,,,
ADCY5,KEGG:04916,,,
ADCY9,KEGG:04916,,,
WNT9B,KEGG:04916,,,
ADCY6,KEGG:04916,,,
GNAQ,KEGG:04916,,,
WNT7B,KEGG:04916,,,
WNT4,KEGG:04916,,,
MAPK8,KEGG:04920,,,
SLC2A1,KEGG:04920,,,
STAT3,KEGG:04920,,,
PRKAA2,KEGG:04920,,,
IKBKB,KEGG:04920,,,
ADIPOR2,KEGG:04920,,,
PRKAB2,KEGG:04920,,,
MAPK10,KEGG:04920,,,
APPL1,KEGG:04920,,,
CHUK,KEGG:04920,,,
RELA,KEGG:04920,,,
G6PC3,KEGG:04920,,,
ACACB,KEGG:04920,,,
IRS1,KEGG:04920,,,
ACSL6,KEGG:04920,,,
RXRA,KEGG:04920,,,
CPT1A,KEGG:04920,,,
PPARGC1A,KEGG:04920,,,
CRKL,KEGG:05100,,,
PIK3R1,KEGG:05100,,,
ELMO1,KEGG:05100,,,
SEPTIN11,KEGG:05100,,,
ACTG1,KEGG:05100,,,
SEPTIN8,KEGG:05100,,,
GAB1,KEGG:05100,,,
PIK3R3,KEGG:05100,,,
ARHGEF26,KEGG:05100,,,
ACTB,KEGG:05100,,,
DNM2,KEGG:05100,,,
PIK3CB,KEGG:05100,,,
WASL,KEGG:05100,,,
ACTR3,KEGG:05100,,,
PIK3CD,KEGG:05100,,,
CTNNA2,KEGG:05100,,,
SEPTIN6,KEGG:05100,,,
CDC42,KEGG:05100,,,
CD2AP,KEGG:05100,,,
F2RL1,KEGG:04750,,,
MAPK8,KEGG:04750,,,
MAP2K6,KEGG:04750,,,
P2RY2,KEGG:04750,,,
IGF1,KEGG:04750,,,
CAMK2B,KEGG:04750,,,
PIK3R1,KEGG:04750,,,
PLCB1,KEGG:04750,,,
IL1RAP,KEGG:04750,,,
PRKCE,KEGG:04750,,,
ITPR3,KEGG:04750,,,
CAMK2D,KEGG:04750,,,
ADCY2,KEGG:04750,,,
TRPV3,KEGG:04750,,,
PIK3R3,KEGG:04750,,,
MAPK10,KEGG:04750,,,
PIK3CB,KEGG:04750,,,
MAPK14,KEGG:04750,,,
ADCY5,KEGG:04750,,,
PIK3CD,KEGG:04750,,,
ADCY9,KEGG:04750,,,
ADCY6,KEGG:04750,,,
GNAQ,KEGG:04750,,,
GNAI1,KEGG:04915,,,
NCOA2,KEGG:04915,,,
MAPK1,KEGG:04915,,,
CREB1,KEGG:04915,,,
NCOA1,KEGG:04915,,,
HBEGF,KEGG:04915,,,
PIK3R1,KEGG:04915,,,
PLCB1,KEGG:04915,,,
ATF2,KEGG:04915,,,
ESR2,KEGG:04915,,,
ITPR3,KEGG:04915,,,
ESR1,KEGG:04915,,,
ADCY2,KEGG:04915,,,
GNAI3,KEGG:04915,,,
SOS2,KEGG:04915,,,
KRAS,KEGG:04915,,,
NCOA3,KEGG:04915,,,
TGFA,KEGG:04915,,,
PIK3R3,KEGG:04915,,,
PIK3CB,KEGG:04915,,,
HSPA8,KEGG:04915,,,
NRAS,KEGG:04915,,,
ADCY5,KEGG:04915,,,
PIK3CD,KEGG:04915,,,
ADCY9,KEGG:04915,,,
GRB2,KEGG:04915,,,
ADCY6,KEGG:04915,,,
KCNJ3,KEGG:04915,,,
GNAQ,KEGG:04915,,,
KCNJ6,KEGG:04915,,,
DAG1,KEGG:05410,,,
ITGA10,KEGG:05410,,,
TPM3,KEGG:05410,,,
TPM4,KEGG:05410,,,
CACNA1C,KEGG:05410,,,
IGF1,KEGG:05410,,,
ITGB8,KEGG:05410,,,
PRKAA2,KEGG:05410,,,
PRKAB2,KEGG:05410,,,
CACNA2D1,KEGG:05410,,,
ACTG1,KEGG:05410,,,
DTNA,KEGG:05410,,,
SGCZ,KEGG:05410,,,
ITGB3,KEGG:05410,,,
ACTB,KEGG:05410,,,
CACNB3,KEGG:05410,,,
ATP2A2,KEGG:05410,,,
ITGA1,KEGG:05410,,,
TGFB2,KEGG:05410,,,
SNTB2,KEGG:05410,,,
TPM1,KEGG:05410,,,
NOS1,KEGG:05410,,,
ACTC1,KEGG:05410,,,
MAPK8,KEGG:04664,,,
PDPK1,KEGG:04664,,,
MAPK1,KEGG:04664,,,
MAP2K6,KEGG:04664,,,
PIK3R1,KEGG:04664,,,
SOS2,KEGG:04664,,,
KRAS,KEGG:04664,,,
LYN,KEGG:04664,,,
PIK3R3,KEGG:04664,,,
MAPK10,KEGG:04664,,,
PIK3CB,KEGG:04664,,,
MAPK14,KEGG:04664,,,
VAV3,KEGG:04664,,,
NRAS,KEGG:04664,,,
PIK3CD,KEGG:04664,,,
GRB2,KEGG:04664,,,
VAV2,KEGG:04664,,,
FZD4,KEGG:05217,,,
TP53,KEGG:05217,,,
FZD3,KEGG:05217,,,
BAK1,KEGG:05217,,,
TCF7,KEGG:05217,,,
HHIP,KEGG:05217,,,
GLI3,KEGG:05217,,,
POLK,KEGG:05217,,,
WNT8B,KEGG:05217,,,
GSK3B,KEGG:05217,,,
LEF1,KEGG:05217,,,
SUFU,KEGG:05217,,,
PTCH1,KEGG:05217,,,
WNT9B,KEGG:05217,,,
WNT7B,KEGG:05217,,,
WNT4,KEGG:05217,,,
RPS3,KEGG:05130,,,
TMBIM6,KEGG:05130,,,
OCLN,KEGG:05130,,,
MAPK8,KEGG:05130,,,
MAPK1,KEGG:05130,,,
WIPF2,KEGG:05130,,,
CLDN12,KEGG:05130,,,
MYO5B,KEGG:05130,,,
ABI1,KEGG:05130,,,
BAK1,KEGG:05130,,,
CLDN1,KEGG:05130,,,
IKBKB,KEGG:05130,,,
ARHGEF12,KEGG:05130,,,
ACTG1,KEGG:05130,,,
ARF6,KEGG:05130,,,
PAK3,KEGG:05130,,,
MYO1D,KEGG:05130,,,
TLR4,KEGG:05130,,,
MYH9,KEGG:05130,,,
MYO1C,KEGG:05130,,,
NCKAP1,KEGG:05130,,,
ACTB,KEGG:05130,,,
MAPK10,KEGG:05130,,,
GNA13,KEGG:05130,,,
CHUK,KEGG:05130,,,
MAPK14,KEGG:05130,,,
CASP3,KEGG:05130,,,
RELA,KEGG:05130,,,
MYO6,KEGG:05130,,,
WASL,KEGG:05130,,,
WASF3,KEGG:05130,,,
LPAR5,KEGG:05130,,,
TMED10,KEGG:05130,,,
ACTR3,KEGG:05130,,,
MYO10,KEGG:05130,,,
FAS,KEGG:05130,,,
WIPF1,KEGG:05130,,,
TNFSF10,KEGG:05130,,,
CDC42,KEGG:05130,,,
SEC24A,KEGG:05130,,,
MAPK1,KEGG:05235,,,
MAP2K6,KEGG:05235,,,
CD3G,KEGG:05235,,,
PIK3R1,KEGG:05235,,,
STAT3,KEGG:05235,,,
IKBKB,KEGG:05235,,,
CSNK2A1,KEGG:05235,,,
KRAS,KEGG:05235,,,
NFATC2,KEGG:05235,,,
CD274,KEGG:05235,,,
TLR4,KEGG:05235,,,
PIK3R3,KEGG:05235,,,
PIK3CB,KEGG:05235,,,
CHUK,KEGG:05235,,,
MAPK14,KEGG:05235,,,
RELA,KEGG:05235,,,
RPS6KB1,KEGG:05235,,,
NRAS,KEGG:05235,,,
EML4,KEGG:05235,,,
PIK3CD,KEGG:05235,,,
PPP3R1,KEGG:05235,,,
MAPK8,KEGG:04668,,,
MAPK1,KEGG:04668,,,
RPS6KA5,KEGG:04668,,,
MAP2K6,KEGG:04668,,,
CREB1,KEGG:04668,,,
XIAP,KEGG:04668,,,
PIK3R1,KEGG:04668,,,
ATF2,KEGG:04668,,,
IKBKB,KEGG:04668,,,
DAB2IP,KEGG:04668,,,
PIK3R3,KEGG:04668,,,
CYLD,KEGG:04668,,,
MAPK10,KEGG:04668,,,
PIK3CB,KEGG:04668,,,
CHUK,KEGG:04668,,,
MAPK14,KEGG:04668,,,
CASP3,KEGG:04668,,,
RELA,KEGG:04668,,,
ADAM17,KEGG:04668,,,
TRAF3,KEGG:04668,,,
PIK3CD,KEGG:04668,,,
FAS,KEGG:04668,,,
CASP10,KEGG:04668,,,
LIF,KEGG:04668,,,
CSF1,KEGG:04668,,,
BCL3,KEGG:04668,,,
