id,label,type,module_id,connected_component_id,is_in_largest_component,degree,betweenness_centrality,closeness_centrality,degree_centrality,redundancy_coefficient
hsa-miR-22-3p,hsa-miR-22-3p,MicroRNA,1.0,0,1,144,0.06653274663674015,0.2840364558864982,0.05292171995589857,0.06623931623931624
hsa-miR-452-5p,hsa-miR-452-5p,MicroRNA,1.0,0,1,66,0.02515998924294192,0.2730557311895944,0.02425578831312018,0.07459207459207459
hsa-miR-141-3p,hsa-miR-141-3p,MicroRNA,1.0,0,1,34,0.01515529788375991,0.1602438377948582,0.012495406100698273,0.3761140819964349
hsa-miR-200a-3p,hsa-miR-200a-3p,MicroRNA,1.0,0,1,28,0.012283165879815077,0.16017591267948922,0.010290334435869167,0.5396825396825397
hsa-miR-224-5p,hsa-miR-224-5p,MicroRNA,1.0,0,1,75,0.033811249988564065,0.27119404324033375,0.02756339581036384,0.043243243243243246
hsa-miR-486-5p,hsa-miR-486-5p,MicroRNA,1.0,0,1,45,0.01601106577246402,0.2637640694529273,0.016538037486218304,0.0898989898989899
hsa-miR-378a-3p,hsa-miR-378a-3p,MicroRNA,1.0,0,1,75,0.026248079268066698,0.28154978113066964,0.02756339581036384,0.38666666666666666
hsa-miR-181c-5p,hsa-miR-181c-5p,MicroRNA,1.0,0,1,21,0.007763848212559472,0.1585960862494098,0.007717750826901875,0.18095238095238095
hsa-miR-200b-3p,hsa-miR-200b-3p,MicroRNA,1.0,0,1,40,0.054496150083151396,0.17671128777693343,0.014700477765527381,0.3
hsa-miR-139-5p,hsa-miR-139-5p,MicroRNA,1.0,0,1,108,0.04956760223557912,0.28613345953620445,0.03969128996692393,0.08324679820006922
hsa-miR-135b-5p,hsa-miR-135b-5p,MicroRNA,1.0,0,1,26,0.009218089262268072,0.1365710413372487,0.009555310547592797,0.12615384615384614
hsa-miR-200c-3p,hsa-miR-200c-3p,MicroRNA,1.0,0,1,32,0.04464453406249042,0.1767319497223034,0.011760382212421904,0.3185483870967742
hsa-miR-145-5p,hsa-miR-145-5p,MicroRNA,1.0,0,1,96,0.045598621818306526,0.27241596827971526,0.03528114663726571,0.032675438596491226
hsa-miR-185-5p,hsa-miR-185-5p,MicroRNA,1.0,0,1,129,0.0632946446499461,0.2851617771908311,0.0474090407938258,0.06540697674418605
hsa-miR-365a-3p,hsa-miR-365a-3p,MicroRNA,1.0,0,1,42,0.00927024997392129,0.25607793307920373,0.01543550165380375,1.0
hsa-miR-365b-3p,hsa-miR-365b-3p,MicroRNA,1.0,0,1,42,0.00927024997392129,0.25607793307920373,0.01543550165380375,1.0
hsa-miR-20b-5p,hsa-miR-20b-5p,MicroRNA,1.0,0,1,393,0.18249393024660251,0.30348358598534286,0.14443219404630653,0.2816378459780859
hsa-miR-429,hsa-miR-429,MicroRNA,1.0,0,1,24,0.008974106354979505,0.1597357992073976,0.008820286659316428,0.31521739130434784
hsa-miR-193b-3p,hsa-miR-193b-3p,MicroRNA,1.0,0,1,82,0.0333640846879815,0.2773140078891845,0.03013597941933113,0.1020776874435411
hsa-miR-652-3p,hsa-miR-652-3p,MicroRNA,1.0,0,1,4,0.001432451233717961,0.18866629220495537,0.001470047776552738,0.0
hsa-let-7b-5p,hsa-let-7b-5p,MicroRNA,1.0,0,1,58,0.026170688630428394,0.16111496029419603,0.0213156927600147,0.22262552934059285
hsa-miR-93-5p,hsa-miR-93-5p,MicroRNA,0.0,0,1,210,0.06268560521869782,0.29182353509025966,0.07717750826901874,0.4933242196400091
hsa-miR-196a-5p,hsa-miR-196a-5p,MicroRNA,1.0,0,1,16,0.012180050461921835,0.1594829860195199,0.005880191106210952,0.125
hsa-miR-21-5p,hsa-miR-21-5p,MicroRNA,1.0,0,1,10,0.0024156867656136183,0.13594459684309934,0.0036751194413818453,0.13333333333333333
hsa-miR-223-3p,hsa-miR-223-3p,MicroRNA,1.0,0,1,49,0.017296284458609784,0.2602668962548429,0.01800808526277104,0.08758503401360544
hsa-miR-148a-3p,hsa-miR-148a-3p,MicroRNA,1.0,0,1,16,0.006200231520488784,0.12563900087278168,0.005880191106210952,0.016666666666666666
hsa-miR-215-5p,hsa-miR-215-5p,MicroRNA,1.0,0,1,12,0.0022962530952616803,0.22789295137580098,0.004410143329658214,0.21212121212121213
hsa-miR-15a-5p,hsa-miR-15a-5p,MicroRNA,1.0,0,1,237,0.11380829533094523,0.2983321819796704,0.08710033076074973,0.18025459486519346
hsa-miR-193a-5p,hsa-miR-193a-5p,MicroRNA,1.0,0,1,43,0.0204445679680941,0.24396739569042047,0.015803013597941933,0.012181616832779624
hsa-miR-326,hsa-miR-326,MicroRNA,1.0,0,1,55,0.028988799268982728,0.24128022986670924,0.02021315692760015,0.013468013468013467
hsa-miR-18a-5p,hsa-miR-18a-5p,MicroRNA,1.0,0,1,88,0.03274835653508431,0.27690757534121097,0.03234105108416024,0.11024033437826541
hsa-miR-182-5p,hsa-miR-182-5p,MicroRNA,1.0,0,1,34,0.017604612602320022,0.1599217055493837,0.012495406100698273,0.0659536541889483
hsa-miR-362-5p,hsa-miR-362-5p,MicroRNA,1.0,0,1,41,0.013271006792361659,0.24551287257370258,0.015067989709665565,0.07073170731707316
hsa-miR-532-3p,hsa-miR-532-3p,MicroRNA,1.0,0,1,45,0.021172332364045244,0.26013251871611737,0.016538037486218304,0.025252525252525252
hsa-miR-30e-5p,hsa-miR-30e-5p,MicroRNA,1.0,0,1,18,0.17210246450878164,0.21335309478438846,0.006615214994487321,0.13071895424836602
hsa-miR-30a-5p,hsa-miR-30a-5p,MicroRNA,1.0,0,1,17,0.007525630650327232,0.15884609321633125,0.006247703050349137,0.22794117647058823
hsa-miR-31-5p,hsa-miR-31-5p,MicroRNA,1.0,0,1,18,0.0072312991341989185,0.1358590625140443,0.006615214994487321,0.026143790849673203
hsa-miR-9-5p,hsa-miR-9-5p,MicroRNA,0.0,0,1,16,0.006280560297606432,0.1358468521098279,0.005880191106210952,0.041666666666666664
hsa-miR-140-5p,hsa-miR-140-5p,MicroRNA,1.0,0,1,26,0.010021360895544963,0.2462327930276126,0.009555310547592797,0.036923076923076927
hsa-miR-381-3p,hsa-miR-381-3p,MicroRNA,1.0,0,1,12,0.005732964344077205,0.13500960207226118,0.004410143329658214,0.0
hsa-miR-181b-5p,hsa-miR-181b-5p,MicroRNA,1.0,0,1,32,0.014780454204543268,0.15982024848004228,0.011760382212421904,0.3165322580645161
hsa-miR-186-5p,hsa-miR-186-5p,MicroRNA,1.0,0,1,45,0.020224619130930994,0.2599535643649497,0.016538037486218304,0.020202020202020204
hsa-miR-181d-5p,hsa-miR-181d-5p,MicroRNA,1.0,0,1,31,0.011849678545242995,0.15982024848004228,0.01139287026828372,0.32688172043010755
hsa-miR-195-5p,hsa-miR-195-5p,MicroRNA,1.0,0,1,43,0.02265613356269365,0.16026082807612788,0.015803013597941933,0.06533776301218161
hsa-miR-24-3p,hsa-miR-24-3p,MicroRNA,1.0,0,1,189,0.09628686223552746,0.289143950263032,0.06945975744211687,0.035404705617471575
hsa-miR-146b-5p,hsa-miR-146b-5p,MicroRNA,1.0,0,1,8,0.0018605129867553744,0.13579803243340371,0.002940095553105476,0.21428571428571427
hsa-miR-378c,hsa-miR-378c,MicroRNA,1.0,0,1,64,0.019265348148984205,0.2808696460094769,0.02352076442484381,0.5500992063492064
hsa-miR-363-3p,hsa-miR-363-3p,MicroRNA,1.0,0,1,121,0.053037048572599,0.2792093839475386,0.04446894524072033,0.06707988980716253
hsa-let-7d-5p,hsa-let-7d-5p,MicroRNA,1.0,0,1,104,0.222570456029578,0.2964016080007844,0.03822124219037119,0.07150858849887975
hsa-miR-7-5p,hsa-miR-7-5p,MicroRNA,1.0,0,1,87,0.03649080838378127,0.25384163237887314,0.03197353914002205,0.04677893611333868
hsa-miR-16-5p,hsa-miR-16-5p,MicroRNA,1.0,0,1,190,0.08571038938746824,0.2950131745876842,0.06982726938625505,0.2407128933444723
hsa-miR-542-3p,hsa-miR-542-3p,MicroRNA,1.0,0,1,5,0.0021185340499555007,0.12401033761332403,0.0018375597206909226,0.0
hsa-miR-424-5p,hsa-miR-424-5p,MicroRNA,1.0,0,1,17,0.005796537151567454,0.13543300031360603,0.006247703050349137,0.1323529411764706
hsa-miR-181a-5p,hsa-miR-181a-5p,MicroRNA,1.0,0,1,11,0.0019455675401713615,0.1592309718198578,0.00404263138552003,0.7454545454545455
hsa-miR-132-3p,hsa-miR-132-3p,MicroRNA,1.0,0,1,7,0.0015747537058101806,0.1353723523353186,0.0025725836089672918,0.09523809523809523
hsa-miR-135a-5p,hsa-miR-135a-5p,MicroRNA,1.0,0,1,14,0.0038939199679420364,0.136115989013463,0.0051451672179345835,0.2967032967032967
hsa-miR-335-5p,hsa-miR-335-5p,MicroRNA,1.0,0,1,11,0.0024464639855692884,0.236597010252798,0.00404263138552003,0.10909090909090909
hsa-miR-144-3p,hsa-miR-144-3p,MicroRNA,1.0,0,1,32,0.007165446107850843,0.2411262662518944,0.011760382212421904,0.16733870967741934
hsa-miR-184,hsa-miR-184,MicroRNA,1.0,0,1,1,0.0,0.13270995214890907,0.0003675119441381845,
hsa-let-7e-5p,hsa-let-7e-5p,MicroRNA,1.0,0,1,45,0.022072570285865477,0.24667482660138718,0.016538037486218304,0.07474747474747474
hsa-miR-107,hsa-miR-107,MicroRNA,1.0,0,1,169,0.09283879255265394,0.29651790093182934,0.062109518559353184,0.09833755987602141
hsa-miR-501-3p,hsa-miR-501-3p,MicroRNA,1.0,0,1,32,0.010191605356992903,0.23952143253307978,0.011760382212421904,0.05443548387096774
hsa-miR-425-5p,hsa-miR-425-5p,MicroRNA,1.0,0,1,18,0.003531173248094598,0.24440132589538363,0.006615214994487321,0.11764705882352941
hsa-let-7c-5p,hsa-let-7c-5p,MicroRNA,1.0,0,1,32,0.01147765555700971,0.16022685111570467,0.011760382212421904,0.6169354838709677
hsa-miR-106a-5p,hsa-miR-106a-5p,MicroRNA,1.0,0,1,231,0.07008386502584116,0.2878773450147605,0.08489525909592062,0.5308865047995482
hsa-miR-1306-5p,hsa-miR-1306-5p,MicroRNA,1.0,0,1,29,0.011756616557053427,0.25901807899922885,0.01065784638000735,0.08374384236453201
hsa-miR-451a,hsa-miR-451a,MicroRNA,1.0,0,1,3,0.0007180875702800927,0.17179064613286354,0.0011025358324145535,0.0
hsa-miR-205-5p,hsa-miR-205-5p,MicroRNA,1.0,0,1,8,0.0016778966138303955,0.12556593977154726,0.002940095553105476,0.10714285714285714
hsa-miR-339-5p,hsa-miR-339-5p,MicroRNA,1.0,0,1,23,0.013518500201621824,0.23313025372098403,0.008452774715178244,0.02766798418972332
hsa-miR-30c-5p,hsa-miR-30c-5p,MicroRNA,1.0,0,1,12,0.09395830816477721,0.23252057534035844,0.004410143329658214,0.030303030303030304
hsa-miR-98-5p,hsa-miR-98-5p,MicroRNA,0.0,0,1,26,0.008127670463556853,0.23508826502838479,0.009555310547592797,0.11076923076923077
hsa-miR-454-3p,hsa-miR-454-3p,MicroRNA,1.0,0,1,64,0.022186842360417746,0.26740380362671384,0.02352076442484381,0.10367063492063493
hsa-miR-17-5p,hsa-miR-17-5p,MicroRNA,1.0,0,1,69,0.009654125007713836,0.27129139370008076,0.02535832414553473,0.690537084398977
hsa-miR-150-5p,hsa-miR-150-5p,MicroRNA,1.0,0,1,11,0.0037813108766362857,0.2135942909630467,0.00404263138552003,0.03636363636363636
hsa-miR-152-3p,hsa-miR-152-3p,MicroRNA,1.0,0,1,69,0.02932341366073361,0.27109676262218635,0.02535832414553473,0.09249786871270248
hsa-miR-370-5p,hsa-miR-370-5p,MicroRNA,1.0,0,1,11,0.0032445835705999754,0.13548155783623897,0.00404263138552003,0.07272727272727272
hsa-miR-338-3p,hsa-miR-338-3p,MicroRNA,1.0,0,1,20,0.008020924218075902,0.22400889218228973,0.0073502388827636905,0.05263157894736842
hsa-miR-15b-5p,hsa-miR-15b-5p,MicroRNA,1.0,0,1,76,0.036560285203259636,0.27905474014585063,0.027930907754502025,0.1256140350877193
hsa-miR-34c-5p,hsa-miR-34c-5p,MicroRNA,1.0,0,1,13,0.003968233804215458,0.13606697573929874,0.004777655273796398,0.07692307692307693
hsa-miR-1-3p,hsa-miR-1-3p,MicroRNA,1.0,0,1,16,0.004183259041007814,0.25189567536038665,0.005880191106210952,0.15
hsa-miR-320b,hsa-miR-320b,MicroRNA,1.0,0,1,6,0.002350534733768746,0.20982855556326785,0.002205071664829107,0.0
hsa-miR-136-5p,hsa-miR-136-5p,MicroRNA,1.0,0,1,4,0.002088485314503815,0.1216645872741176,0.001470047776552738,0.0
hsa-miR-455-5p,hsa-miR-455-5p,MicroRNA,1.0,0,1,3,0.0013925661080797214,0.12318161444113931,0.0011025358324145535,0.0
hsa-miR-10a-5p,hsa-miR-10a-5p,MicroRNA,1.0,0,1,8,0.0012569253633691294,0.21718514261081975,0.002940095553105476,0.07142857142857142
hsa-miR-324-5p,hsa-miR-324-5p,MicroRNA,1.0,0,1,14,0.005183216799202458,0.20755235152763474,0.0051451672179345835,0.01098901098901099
hsa-miR-30d-5p,hsa-miR-30d-5p,MicroRNA,1.0,0,1,8,0.002338989435237868,0.1583468650149285,0.002940095553105476,0.25
hsa-miR-143-3p,hsa-miR-143-3p,MicroRNA,1.0,0,1,19,0.009011919268691274,0.21341334274620544,0.006982726938625506,0.011695906432748537
hsa-miR-331-3p,hsa-miR-331-3p,MicroRNA,1.0,0,1,2,0.004864642622807666,0.16183949890251084,0.000735023888276369,0.0
hsa-miR-423-5p,hsa-miR-423-5p,MicroRNA,1.0,0,1,14,0.00469729984391444,0.25512701493796947,0.0051451672179345835,0.0989010989010989
hsa-miR-410-3p,hsa-miR-410-3p,MicroRNA,1.0,0,1,2,1.1378719033405264e-05,0.10943778735112045,0.000735023888276369,0.0
hsa-miR-129-5p,hsa-miR-129-5p,MicroRNA,1.0,0,1,4,0.0014452797601113778,0.12490187166880139,0.001470047776552738,0.16666666666666666
hsa-miR-29b-3p,hsa-miR-29b-3p,MicroRNA,1.0,0,1,31,0.01577584637832788,0.2191056026672465,0.01139287026828372,0.010752688172043012
hsa-miR-23b-3p,hsa-miR-23b-3p,MicroRNA,1.0,0,1,4,0.0020884853145038155,0.1616836925710007,0.001470047776552738,0.0
hsa-miR-493-5p,hsa-miR-493-5p,MicroRNA,1.0,0,1,5,0.0013786388519503152,0.1340992769374085,0.0018375597206909226,0.0
hsa-let-7g-5p,hsa-let-7g-5p,MicroRNA,1.0,0,1,6,0.0016082520158901496,0.21185787371224332,0.002205071664829107,0.06666666666666667
hsa-miR-342-3p,hsa-miR-342-3p,MicroRNA,1.0,0,1,5,0.0021007548826345395,0.133743308410388,0.0018375597206909226,0.0
hsa-miR-96-5p,hsa-miR-96-5p,MicroRNA,0.0,0,1,15,0.004823357405450961,0.13593237105984982,0.005512679162072768,0.047619047619047616
hsa-miR-130a-3p,hsa-miR-130a-3p,MicroRNA,1.0,0,1,7,0.002321192137764449,0.13401604823336435,0.0025725836089672918,0.14285714285714285
hsa-miR-204-5p,hsa-miR-204-5p,MicroRNA,1.0,1,0,6,,,,
hsa-miR-29c-3p,hsa-miR-29c-3p,MicroRNA,1.0,0,1,4,0.002783919390773553,0.12331225780134611,0.001470047776552738,0.0
hsa-miR-33b-5p,hsa-miR-33b-5p,MicroRNA,1.0,0,1,2,0.0006964043365784498,0.18951789856435333,0.000735023888276369,0.0
hsa-miR-19b-3p,hsa-miR-19b-3p,MicroRNA,1.0,0,1,10,0.00478759644597677,0.23341826885954753,0.0036751194413818453,0.06666666666666667
hsa-miR-421,hsa-miR-421,MicroRNA,1.0,0,1,26,0.011917402257660085,0.24174330267892843,0.009555310547592797,0.14153846153846153
hsa-miR-301a-3p,hsa-miR-301a-3p,MicroRNA,1.0,0,1,20,0.006302011775942999,0.23352645809192737,0.0073502388827636905,0.09473684210526316
hsa-miR-100-5p,hsa-miR-100-5p,MicroRNA,1.0,0,1,1,0.0,0.12415294262598053,0.0003675119441381845,
hsa-miR-106b-5p,hsa-miR-106b-5p,MicroRNA,1.0,0,1,62,0.011520881796693503,0.26371804937625404,0.02278574053656744,0.4949762030671602
hsa-miR-330-3p,hsa-miR-330-3p,MicroRNA,1.0,2,0,4,,,,
hsa-miR-26a-5p,hsa-miR-26a-5p,MicroRNA,1.0,0,1,6,0.00248108991409676,0.15652669186558277,0.002205071664829107,0.2
hsa-miR-491-5p,hsa-miR-491-5p,MicroRNA,1.0,0,1,18,0.006417224096414791,0.23173629743196628,0.006615214994487321,0.06535947712418301
hsa-miR-196b-5p,hsa-miR-196b-5p,MicroRNA,1.0,0,1,3,0.0013925661080797219,0.1616491096732795,0.0011025358324145535,0.0
hsa-miR-125a-5p,hsa-miR-125a-5p,MicroRNA,1.0,0,1,6,0.0034795960321204675,0.12389852043116521,0.002205071664829107,0.0
hsa-miR-130b-3p,hsa-miR-130b-3p,MicroRNA,1.0,0,1,17,0.004790723972319401,0.2396733528898755,0.006247703050349137,0.0661764705882353
hsa-miR-142-5p,hsa-miR-142-5p,MicroRNA,1.0,0,1,9,0.0003254821787375532,0.22748137557378284,0.0033076074972436605,0.4722222222222222
hsa-miR-221-3p,hsa-miR-221-3p,MicroRNA,1.0,0,1,4,0.0016304846795869392,0.1336132596685083,0.001470047776552738,0.16666666666666666
hsa-let-7a-5p,hsa-let-7a-5p,MicroRNA,0.0,0,1,2,0.0006964043365784499,0.16802845867378133,0.000735023888276369,0.0
hsa-miR-148b-3p,hsa-miR-148b-3p,MicroRNA,1.0,0,1,19,0.004851784104167906,0.2282715396813411,0.006982726938625506,0.14619883040935672
hsa-miR-128-3p,hsa-miR-128-3p,MicroRNA,1.0,0,1,3,0.001260707791817789,0.17954504959315792,0.0011025358324145535,0.0
hsa-miR-25-3p,hsa-miR-25-3p,MicroRNA,1.0,0,1,28,0.007127539491404993,0.23269956123470095,0.010290334435869167,0.14285714285714285
hsa-miR-1271-5p,hsa-miR-1271-5p,MicroRNA,1.0,0,1,3,0.0020907258317476862,0.18001548264157685,0.0011025358324145535,0.3333333333333333
hsa-miR-708-5p,hsa-miR-708-5p,MicroRNA,1.0,0,1,6,0.002976052372373908,0.16647392477559336,0.002205071664829107,0.0
hsa-miR-497-5p,hsa-miR-497-5p,MicroRNA,1.0,0,1,3,0.001802621009379841,0.21061798927053577,0.0011025358324145535,0.0
hsa-miR-23a-3p,hsa-miR-23a-3p,MicroRNA,1.0,0,1,22,0.015059417968237218,0.23309430179659188,0.00808526277104006,0.03463203463203463
hsa-miR-103a-3p,hsa-miR-103a-3p,MicroRNA,1.0,0,1,8,0.0014185752135821247,0.20382981592610072,0.002940095553105476,0.5357142857142857
hsa-miR-493-3p,hsa-miR-493-3p,MicroRNA,1.0,0,1,2,0.0006964043365784498,0.13376698083986016,0.000735023888276369,0.0
hsa-miR-222-3p,hsa-miR-222-3p,MicroRNA,1.0,0,1,5,0.000517102378378116,0.1342183545708831,0.0018375597206909226,0.3
hsa-miR-187-3p,hsa-miR-187-3p,MicroRNA,1.0,0,1,1,0.0,0.12354407617802117,0.0003675119441381845,
hsa-miR-193a-3p,hsa-miR-193a-3p,MicroRNA,1.0,0,1,7,0.0021330659535656977,0.1867086653078871,0.0025725836089672918,0.14285714285714285
hsa-miR-29a-3p,hsa-miR-29a-3p,MicroRNA,1.0,0,1,1,0.0,0.09991736902991241,0.0003675119441381845,
hsa-miR-20a-5p,hsa-miR-20a-5p,MicroRNA,1.0,4,0,2,,,,
hsa-miR-615-3p,hsa-miR-615-3p,MicroRNA,1.0,5,0,2,,,,
hsa-miR-760,hsa-miR-760,MicroRNA,1.0,0,1,12,0.003855008181708964,0.20846838149093166,0.004410143329658214,0.030303030303030304
hsa-miR-30b-5p,hsa-miR-30b-5p,MicroRNA,1.0,0,1,2,0.0006964043365784496,0.12258221483313735,0.000735023888276369,0.0
hsa-miR-190a-5p,hsa-miR-190a-5p,MicroRNA,1.0,0,1,2,0.0006964043365784498,0.19654118717898705,0.000735023888276369,0.0
hsa-miR-551b-3p,hsa-miR-551b-3p,MicroRNA,1.0,0,1,1,0.0,0.18999434353591854,0.0003675119441381845,
hsa-miR-328-3p,hsa-miR-328-3p,MicroRNA,1.0,0,1,5,0.0016253892261940013,0.20238334337551048,0.0018375597206909226,0.0
hsa-miR-877-5p,hsa-miR-877-5p,MicroRNA,1.0,0,1,5,0.00140809053837727,0.2229844360846795,0.0018375597206909226,0.1
hsa-miR-199b-3p,hsa-miR-199b-3p,MicroRNA,1.0,0,1,7,0.003134903188227,0.15610637748515363,0.0025725836089672918,1.0
hsa-miR-199a-3p,hsa-miR-199a-3p,MicroRNA,1.0,0,1,7,0.003134903188227,0.15610637748515363,0.0025725836089672918,1.0
hsa-miR-199a-5p,hsa-miR-199a-5p,MicroRNA,1.0,0,1,1,0.0,0.17905585500207308,0.0003675119441381845,
hsa-miR-299-5p,hsa-miR-299-5p,MicroRNA,1.0,0,1,1,0.0,0.1613729781668713,0.0003675119441381845,
hsa-miR-503-5p,hsa-miR-503-5p,MicroRNA,1.0,0,1,1,0.0,0.1504504056138954,0.0003675119441381845,
hsa-let-7i-5p,hsa-let-7i-5p,MicroRNA,1.0,3,0,3,,,,
hsa-miR-26b-5p,hsa-miR-26b-5p,MicroRNA,1.0,0,1,2,0.0006964043365784496,0.13418260908162813,0.000735023888276369,0.0
hsa-miR-502-3p,hsa-miR-502-3p,MicroRNA,1.0,0,1,1,0.0,0.19738818152138426,0.0003675119441381845,
hsa-let-7f-5p,hsa-let-7f-5p,MicroRNA,1.0,0,1,1,0.0,0.16799110864128924,0.0003675119441381845,
hsa-miR-340-5p,hsa-miR-340-5p,MicroRNA,1.0,0,1,2,0.0006964043365784499,0.167823238771998,0.000735023888276369,0.0
hsa-miR-154-5p,hsa-miR-154-5p,MicroRNA,1.0,0,1,1,0.0,0.1236046939526516,0.0003675119441381845,
hsa-miR-374b-5p,hsa-miR-374b-5p,MicroRNA,1.0,0,1,1,0.0,0.18510807666401322,0.0003675119441381845,
hsa-miR-409-3p,hsa-miR-409-3p,MicroRNA,1.0,0,1,1,0.0,0.19892083963940252,0.0003675119441381845,
hsa-miR-330-5p,hsa-miR-330-5p,MicroRNA,1.0,0,1,2,0.001392323543002543,0.16554405563769783,0.000735023888276369,0.0
hsa-miR-382-5p,hsa-miR-382-5p,MicroRNA,1.0,6,0,1,,,,
hsa-miR-27a-3p,hsa-miR-27a-3p,MicroRNA,1.0,0,1,6,0.0034795960321204675,0.19151092809629394,0.002205071664829107,0.0
hsa-miR-212-3p,hsa-miR-212-3p,MicroRNA,1.0,0,1,2,1.7206461920350112e-05,0.13388546879844104,0.000735023888276369,1.0
hsa-miR-125b-5p,hsa-miR-125b-5p,MicroRNA,1.0,1,0,4,,,,
hsa-miR-532-5p,hsa-miR-532-5p,MicroRNA,1.0,7,0,1,,,,
hsa-miR-22-5p,hsa-miR-22-5p,MicroRNA,1.0,8,0,1,,,,
hsa-miR-582-5p,hsa-miR-582-5p,MicroRNA,1.0,0,1,4,0.0007644174575961392,0.2042429565569894,0.001470047776552738,0.0
hsa-miR-374c-5p,hsa-miR-374c-5p,MicroRNA,1.0,0,1,1,0.0,0.18668560489100228,0.0003675119441381845,
hsa-miR-874-3p,hsa-miR-874-3p,MicroRNA,1.0,0,1,1,0.0,0.125953085288113,0.0003675119441381845,
hsa-miR-655-3p,hsa-miR-655-3p,MicroRNA,1.0,9,0,1,,,,
hsa-miR-28-5p,hsa-miR-28-5p,MicroRNA,1.0,10,0,1,,,,
hsa-miR-34a-5p,hsa-miR-34a-5p,MicroRNA,1.0,11,0,1,,,,
hsa-miR-33a-5p,hsa-miR-33a-5p,MicroRNA,1.0,0,1,2,1.2555111111306824e-05,0.1337906616508077,0.000735023888276369,0.0
hsa-miR-758-3p,hsa-miR-758-3p,MicroRNA,1.0,0,1,1,0.0,0.13231496476561475,0.0003675119441381845,
hsa-miR-92b-3p,hsa-miR-92b-3p,MicroRNA,0.0,12,0,1,,,,
hsa-miR-32-5p,hsa-miR-32-5p,MicroRNA,1.0,13,0,1,,,,
RPS3,RPS3,Messenger RNA,0.0,0,1,1,0.0,0.41379310344827586,0.006578947368421052,
RPA1,RPA1,Messenger RNA,0.0,0,1,1,0.0,0.4010902309568211,0.006578947368421052,
TRHDE,TRHDE,Messenger RNA,0.0,0,1,3,4.6035293062349835e-05,0.2590808005930319,0.019736842105263157,1.0
RPL14,RPL14,Messenger RNA,0.0,0,1,1,0.0,0.41379310344827586,0.006578947368421052,
LRRC1,LRRC1,Messenger RNA,0.0,0,1,1,0.0,0.41379310344827586,0.006578947368421052,
FZD4,FZD4,Messenger RNA,0.0,0,1,6,0.0015117279521436038,0.2616997379258705,0.039473684210526314,0.8666666666666667
RAB5B,RAB5B,Messenger RNA,0.0,0,1,5,0.002692133303041958,0.4696791533680497,0.03289473684210526,1.0
KAT7,KAT7,Messenger RNA,0.0,0,1,4,0.0012226258040327947,0.4520614389652385,0.02631578947368421,0.8333333333333334
SLC35C2,SLC35C2,Messenger RNA,0.0,0,1,3,0.002162051661976803,0.42171945701357466,0.019736842105263157,0.3333333333333333
CADM1,CADM1,Messenger RNA,0.0,0,1,7,0.0049678888321621215,0.4502415458937198,0.046052631578947366,0.7619047619047619
ZBTB7C,ZBTB7C,Messenger RNA,0.0,0,1,2,0.00039463879848343226,0.41226776762017103,0.013157894736842105,0.0
NRP1,NRP1,Messenger RNA,0.0,0,1,3,6.449715028833293e-05,0.2588409553786336,0.019736842105263157,1.0
CCDC85C,CCDC85C,Messenger RNA,0.0,0,1,5,0.0024246533290764464,0.4680281218613994,0.03289473684210526,1.0
HCAR2,HCAR2,Messenger RNA,0.0,0,1,1,0.0,0.25726904674273093,0.006578947368421052,
EDC3,EDC3,Messenger RNA,0.0,0,1,1,0.0,0.41379310344827586,0.006578947368421052,
LAS1L,LAS1L,Messenger RNA,0.0,0,1,2,3.958871587481144e-06,0.41446783278980137,0.013157894736842105,1.0
GNAI1,GNAI1,Messenger RNA,0.0,0,1,2,2.684934628791172e-06,0.257767124550567,0.013157894736842105,1.0
EMX2,EMX2,Messenger RNA,0.0,0,1,1,0.0,0.2549699069852271,0.006578947368421052,
ITSN1,ITSN1,Messenger RNA,0.0,0,1,10,0.0036655424776905914,0.261650758001123,0.06578947368421052,0.5333333333333333
RCC2,RCC2,Messenger RNA,0.0,0,1,5,0.00176483968873973,0.43348837209302327,0.03289473684210526,0.8
HNRNPA1,HNRNPA1,Messenger RNA,0.0,0,1,4,0.0022358125247156245,0.4309494451294698,0.02631578947368421,0.6666666666666666
DAG1,DAG1,Messenger RNA,0.0,0,1,2,0.00024854128008568307,0.41700223713646534,0.013157894736842105,1.0
PRPF38A,PRPF38A,Messenger RNA,0.0,0,1,3,0.0006616786167329709,0.4557457212713936,0.019736842105263157,1.0
PAK4,PAK4,Messenger RNA,0.0,0,1,4,0.0015853443797442276,0.42660970399755876,0.02631578947368421,0.5
ACO1,ACO1,Messenger RNA,0.0,0,1,1,0.0,0.25726904674273093,0.006578947368421052,
NOVA2,NOVA2,Messenger RNA,0.0,0,1,3,0.00075457332580923,0.281968535699879,0.019736842105263157,0.6666666666666666
IL20RA,IL20RA,Messenger RNA,0.0,0,1,1,0.0,0.4010902309568211,0.006578947368421052,
DMRT2,DMRT2,Messenger RNA,0.0,0,1,1,0.0,0.2799078986885574,0.006578947368421052,
ZNF740,ZNF740,Messenger RNA,0.0,0,1,3,0.0007742743144973345,0.4345663661796705,0.019736842105263157,1.0
AK2,AK2,Messenger RNA,0.0,0,1,1,0.0,0.41379310344827586,0.006578947368421052,
STRBP,STRBP,Messenger RNA,0.0,0,1,4,0.0010192071543940254,0.46345101939333666,0.02631578947368421,1.0
PLXNA4,PLXNA4,Messenger RNA,0.0,0,1,4,0.0005604640985101581,0.2601656276170094,0.02631578947368421,0.8333333333333334
PITPNA,PITPNA,Messenger RNA,0.0,0,1,5,0.0016468222130246928,0.46024691358024694,0.03289473684210526,0.9
WRNIP1,WRNIP1,Messenger RNA,0.0,0,1,2,0.00032992202071281944,0.4246013667425968,0.013157894736842105,1.0
GHR,GHR,Messenger RNA,0.0,0,1,2,0.00010579764591501149,0.2593692022263451,0.013157894736842105,1.0
CRTAP,CRTAP,Messenger RNA,0.0,0,1,4,0.003552023562054656,0.282566953006569,0.02631578947368421,0.3333333333333333
ZFPM2,ZFPM2,Messenger RNA,0.0,0,1,2,9.544023663625057e-05,0.28086388749372176,0.013157894736842105,1.0
GOLT1A,GOLT1A,Messenger RNA,0.0,0,1,1,0.0,0.4109347442680776,0.006578947368421052,
ASB6,ASB6,Messenger RNA,0.0,0,1,2,0.0003150212534959848,0.44501034537641254,0.013157894736842105,1.0
RAPGEFL1,RAPGEFL1,Messenger RNA,0.0,0,1,4,0.0010666400892252348,0.4561174551386623,0.02631578947368421,1.0
TP53,TP53,Messenger RNA,0.0,0,1,1,0.0,0.41379310344827586,0.006578947368421052,
CELF2,CELF2,Messenger RNA,0.0,0,1,5,0.0033653120132399418,0.28268122535638457,0.03289473684210526,0.6
JCAD,JCAD,Messenger RNA,0.0,0,1,4,0.002709893022168298,0.28142929038751885,0.02631578947368421,0.5
ABRACL,ABRACL,Messenger RNA,0.0,0,1,1,0.0,0.40034364261168387,0.006578947368421052,
ZEB2,ZEB2,Messenger RNA,0.0,0,1,4,0.0007373967120001327,0.25934514423522864,0.02631578947368421,0.3333333333333333
PADI2,PADI2,Messenger RNA,0.0,0,1,3,0.0007099604278236892,0.42857142857142855,0.019736842105263157,1.0
GPN1,GPN1,Messenger RNA,0.0,0,1,1,0.0,0.39891567984020543,0.006578947368421052,
ZEB1,ZEB1,Messenger RNA,0.0,0,1,4,0.0006164138053922156,0.2813160277693933,0.02631578947368421,0.3333333333333333
NEGR1,NEGR1,Messenger RNA,9.0,0,1,6,0.0037518053069687213,0.28325397629419513,0.039473684210526314,0.6666666666666666
YWHAG,YWHAG,Messenger RNA,0.0,0,1,4,0.0013425382688345123,0.28268122535638457,0.02631578947368421,1.0
SPPL3,SPPL3,Messenger RNA,0.0,0,1,1,0.0,0.39891567984020543,0.006578947368421052,
UMPS,UMPS,Messenger RNA,0.0,0,1,1,0.0,0.4109347442680776,0.006578947368421052,
NOL7,NOL7,Messenger RNA,0.0,0,1,1,0.0,0.41619529621911283,0.006578947368421052,
TMEM108,TMEM108,Messenger RNA,0.0,0,1,1,0.0,0.39891567984020543,0.006578947368421052,
NHP2,NHP2,Messenger RNA,0.0,0,1,1,0.0,0.41379310344827586,0.006578947368421052,
WARS2,WARS2,Messenger RNA,0.0,0,1,1,0.0,0.41379310344827586,0.006578947368421052,
TMEM201,TMEM201,Messenger RNA,0.0,0,1,1,0.0,0.39891567984020543,0.006578947368421052,
SCYL3,SCYL3,Messenger RNA,0.0,0,1,1,0.0,0.41379310344827586,0.006578947368421052,
ETV1,ETV1,Messenger RNA,0.0,0,1,6,0.00298523564088648,0.49434229137199437,0.039473684210526314,1.0
CAPRIN1,CAPRIN1,Messenger RNA,0.0,0,1,4,0.0014990716508701892,0.4535279805352798,0.02631578947368421,1.0
ZNF207,ZNF207,Messenger RNA,0.0,0,1,4,0.0007539943508964268,0.4241504854368932,0.02631578947368421,1.0
XPO5,XPO5,Messenger RNA,0.0,0,1,1,0.0,0.4109347442680776,0.006578947368421052,
HMGB3,HMGB3,Messenger RNA,0.0,0,1,3,0.00031250673991799693,0.4417759519671354,0.019736842105263157,1.0
NCOA2,NCOA2,Messenger RNA,0.0,0,1,2,0.0001880949426363328,0.4230594643667726,0.013157894736842105,1.0
GABRP,GABRP,Messenger RNA,0.0,0,1,1,0.0,0.39891567984020543,0.006578947368421052,
PSPC1,PSPC1,Messenger RNA,0.0,0,1,2,0.00023394721459135334,0.41147902869757175,0.013157894736842105,1.0
MDM4,MDM4,Messenger RNA,0.0,0,1,2,0.00016959916460787498,0.42083082480433476,0.013157894736842105,1.0
CFL2,CFL2,Messenger RNA,0.0,0,1,6,0.004259204265367443,0.2828528072837633,0.039473684210526314,0.3333333333333333
CFAP44,CFAP44,Messenger RNA,0.0,0,1,2,0.0004386101293898513,0.41750037330147827,0.013157894736842105,0.0
F2RL1,F2RL1,Messenger RNA,0.0,0,1,1,0.0,0.39891567984020543,0.006578947368421052,
PPP5C,PPP5C,Messenger RNA,0.0,0,1,2,5.811379452719616e-09,0.38108218617963746,0.013157894736842105,1.0
SMARCA4,SMARCA4,Messenger RNA,0.0,0,1,1,0.0,0.41619529621911283,0.006578947368421052,
IL17RD,IL17RD,Messenger RNA,0.0,0,1,5,0.001901986117347385,0.46047430830039526,0.03289473684210526,1.0
CHEK1,CHEK1,Messenger RNA,0.0,0,1,2,0.000335100844916708,0.42337976983646275,0.013157894736842105,1.0
CCDC71,CCDC71,Messenger RNA,0.0,0,1,1,0.0,0.39891567984020543,0.006578947368421052,
ZNF652,ZNF652,Messenger RNA,0.0,0,1,10,0.012749211895861557,0.4968017057569296,0.06578947368421052,0.8888888888888888
FAM83F,FAM83F,Messenger RNA,0.0,0,1,8,0.012765924723698406,0.4628372785962589,0.05263157894736842,0.75
SRRD,SRRD,Messenger RNA,0.0,0,1,3,0.0012822924835376366,0.4379013312451057,0.019736842105263157,1.0
UCK2,UCK2,Messenger RNA,0.0,0,1,2,0.00017294064597602152,0.4256355609681839,0.013157894736842105,1.0
TMEM229B,TMEM229B,Messenger RNA,0.0,0,1,2,0.00036906813710717285,0.42083082480433476,0.013157894736842105,1.0
HNRNPUL2,HNRNPUL2,Messenger RNA,0.0,0,1,2,0.0007363814394023409,0.4173134328358209,0.013157894736842105,0.0
LZIC,LZIC,Messenger RNA,0.0,0,1,4,0.001202343737985565,0.4381071764337198,0.02631578947368421,0.8333333333333334
CCDC47,CCDC47,Messenger RNA,0.0,0,1,1,0.0,0.41379310344827586,0.006578947368421052,
PPIP5K2,PPIP5K2,Messenger RNA,0.0,0,1,3,0.0009671388532991135,0.4453647658489965,0.019736842105263157,1.0
LRATD2,LRATD2,Messenger RNA,0.0,0,1,5,0.00490009021635308,0.48975302154492906,0.03289473684210526,1.0
SLC4A4,SLC4A4,Messenger RNA,0.0,0,1,6,0.009024850532106426,0.28299595141700407,0.039473684210526314,0.3333333333333333
TET3,TET3,Messenger RNA,0.0,0,1,2,0.00028493944585175526,0.43983010854176496,0.013157894736842105,1.0
PCYT1B,PCYT1B,Messenger RNA,0.0,0,1,2,0.0004409956388319477,0.4414272181875592,0.013157894736842105,1.0
UNK,UNK,Messenger RNA,0.0,0,1,1,0.0,0.41379310344827586,0.006578947368421052,
MYCL,MYCL,Messenger RNA,0.0,0,1,5,0.010771453088971497,0.4999106025388879,0.03289473684210526,1.0
ZNF280C,ZNF280C,Messenger RNA,0.0,0,1,1,0.0,0.415083135391924,0.006578947368421052,
HP1BP3,HP1BP3,Messenger RNA,0.0,0,1,4,0.0008256091684515922,0.4563407866818998,0.02631578947368421,1.0
SNX12,SNX12,Messenger RNA,0.0,0,1,5,0.0013437210091240912,0.44685951734057855,0.03289473684210526,0.8
DENND2B,DENND2B,Messenger RNA,0.0,0,1,2,3.958871587481144e-06,0.41446783278980137,0.013157894736842105,1.0
TMBIM6,TMBIM6,Messenger RNA,0.0,0,1,1,0.0,0.4010902309568211,0.006578947368421052,
CUL3,CUL3,Messenger RNA,0.0,0,1,7,0.006710328568808034,0.4663886572143453,0.046052631578947366,0.7619047619047619
SPIN3,SPIN3,Messenger RNA,0.0,0,1,1,0.0,0.415083135391924,0.006578947368421052,
TMCO1,TMCO1,Messenger RNA,0.0,0,1,2,3.958871587481144e-06,0.41446783278980137,0.013157894736842105,1.0
CLSTN1,CLSTN1,Messenger RNA,0.0,0,1,2,0.00011705932970448448,0.4098504837291117,0.013157894736842105,1.0
SMG7,SMG7,Messenger RNA,0.0,0,1,2,0.0002458073019005622,0.42752293577981654,0.013157894736842105,1.0
TRIM32,TRIM32,Messenger RNA,0.0,0,1,2,2.675065835310257e-05,0.44261516542662654,0.013157894736842105,1.0
EMILIN3,EMILIN3,Messenger RNA,0.0,0,1,2,0.0007693279060378992,0.41963079693831606,0.013157894736842105,1.0
NOP9,NOP9,Messenger RNA,0.0,0,1,2,0.00016243468536780896,0.42570036540803896,0.013157894736842105,1.0
DNAJC21,DNAJC21,Messenger RNA,0.0,0,1,2,0.0002538138251209729,0.3974978675007108,0.013157894736842105,0.0
PRMT7,PRMT7,Messenger RNA,0.0,0,1,1,0.0,0.4010902309568211,0.006578947368421052,
BTBD3,BTBD3,Messenger RNA,0.0,0,1,1,0.0,0.39017583030979625,0.006578947368421052,
CREBRF,CREBRF,Messenger RNA,0.0,0,1,4,0.001029644445827077,0.4653020469296056,0.02631578947368421,1.0
HMGCR,HMGCR,Messenger RNA,6.0,0,1,3,0.001963707054560656,0.43660212367270457,0.019736842105263157,1.0
LCOR,LCOR,Messenger RNA,0.0,0,1,11,0.025121210536492806,0.5406032482598608,0.07236842105263158,0.9454545454545454
GPC6,GPC6,Messenger RNA,0.0,0,1,6,0.0023413732863620403,0.28342625443487074,0.039473684210526314,0.6666666666666666
VEZF1,VEZF1,Messenger RNA,0.0,0,1,3,0.0005294818751872584,0.4230594643667726,0.019736842105263157,0.6666666666666666
FOXN3,FOXN3,Messenger RNA,0.0,0,1,4,0.0003799195953478726,0.2594654788418708,0.02631578947368421,1.0
NAP1L1,NAP1L1,Messenger RNA,0.0,0,1,1,0.0,0.39891567984020543,0.006578947368421052,
CTDSPL2,CTDSPL2,Messenger RNA,0.0,0,1,5,0.0014477161981979675,0.45791025221094006,0.03289473684210526,1.0
GDI2,GDI2,Messenger RNA,0.0,0,1,2,0.00023717681695027234,0.4449395289624443,0.013157894736842105,1.0
MEX3A,MEX3A,Messenger RNA,0.0,0,1,2,0.00023972872337217865,0.42667480543262626,0.013157894736842105,1.0
CHRDL1,CHRDL1,Messenger RNA,0.0,0,1,1,0.0,0.25656083685079834,0.006578947368421052,
ZNF423,ZNF423,Messenger RNA,0.0,0,1,4,0.0009437370319771681,0.2827098078867543,0.02631578947368421,1.0
ANO6,ANO6,Messenger RNA,0.0,0,1,2,0.00015101078803192385,0.28137264768038645,0.013157894736842105,1.0
TPD52,TPD52,Messenger RNA,0.0,0,1,3,0.0011364006848779541,0.44515204585257123,0.019736842105263157,1.0
LARP4B,LARP4B,Messenger RNA,0.0,0,1,4,0.0017388703805885624,0.45002414292612264,0.02631578947368421,1.0
STK26,STK26,Messenger RNA,0.0,0,1,1,0.0,0.41379310344827586,0.006578947368421052,
MARCHF9,MARCHF9,Messenger RNA,0.0,0,1,2,0.000335100844916708,0.42337976983646275,0.013157894736842105,1.0
TMEM170B,TMEM170B,Messenger RNA,0.0,0,1,5,0.0038175763775951123,0.2827383961977955,0.03289473684210526,0.7
C2CD2,C2CD2,Messenger RNA,0.0,0,1,2,0.0001012878102907043,0.25833872308971634,0.013157894736842105,1.0
FAM83G,FAM83G,Messenger RNA,0.0,0,1,2,0.00032441335922106165,0.39564171501344275,0.013157894736842105,0.0
EBF1,EBF1,Messenger RNA,0.0,0,1,3,0.0022163596703340294,0.2580049829288549,0.019736842105263157,0.0
GRSF1,GRSF1,Messenger RNA,0.0,0,1,3,0.0001621503586245819,0.4173134328358209,0.019736842105263157,1.0
PLEKHA1,PLEKHA1,Messenger RNA,0.0,0,1,4,0.0015913340871245118,0.4624545153820708,0.02631578947368421,1.0
RUNX1,RUNX1,Messenger RNA,0.0,0,1,2,0.00023972872337217865,0.42667480543262626,0.013157894736842105,1.0
COPS7B,COPS7B,Messenger RNA,0.0,0,1,1,0.0,0.39017583030979625,0.006578947368421052,
SKP1,SKP1,Messenger RNA,0.0,0,1,7,0.0035916015280932235,0.43015384615384616,0.046052631578947366,0.23809523809523808
SOX5,SOX5,Messenger RNA,0.0,0,1,6,0.0006819076053148997,0.26118636151331154,0.039473684210526314,0.8666666666666667
LRCH3,LRCH3,Messenger RNA,0.0,0,1,2,0.0003737756954108526,0.4431764146457442,0.013157894736842105,1.0
SMARCD1,SMARCD1,Messenger RNA,0.0,0,1,1,0.0,0.39891567984020543,0.006578947368421052,
CSRNP3,CSRNP3,Messenger RNA,0.0,0,1,6,0.0023314169504045834,0.4686557157224271,0.039473684210526314,1.0
MRRF,MRRF,Messenger RNA,0.0,0,1,2,0.0003405074336401666,0.41619529621911283,0.013157894736842105,1.0
TTC5,TTC5,Messenger RNA,0.0,0,1,1,0.0,0.415083135391924,0.006578947368421052,
GPR107,GPR107,Messenger RNA,0.0,0,1,2,0.0002458073019005622,0.42752293577981654,0.013157894736842105,1.0
CCDC149,CCDC149,Messenger RNA,0.0,0,1,4,0.00266039079890231,0.42615454961133975,0.02631578947368421,0.6666666666666666
MTA3,MTA3,Messenger RNA,0.0,0,1,2,0.0002691392645728131,0.4029979821274142,0.013157894736842105,0.0
WDTC1,WDTC1,Messenger RNA,0.0,0,1,2,0.0004084474727110773,0.4318146718146718,0.013157894736842105,1.0
ARID4B,ARID4B,Messenger RNA,0.0,0,1,4,0.0006827886160295643,0.4508223153821348,0.02631578947368421,1.0
USP3,USP3,Messenger RNA,0.0,0,1,4,0.0015748072987262934,0.45678810651854274,0.02631578947368421,1.0
NFYA,NFYA,Messenger RNA,0.0,0,1,3,0.0005644667521782113,0.4246013667425968,0.019736842105263157,1.0
SIK2,SIK2,Messenger RNA,0.0,0,1,2,0.0013034849232751134,0.28063836193917496,0.013157894736842105,1.0
ZNF710,ZNF710,Messenger RNA,0.0,0,1,3,0.0011095410090595683,0.4167536145476226,0.019736842105263157,0.3333333333333333
ERG,ERG,Messenger RNA,0.0,0,1,4,0.011821497433034938,0.3354931605471562,0.02631578947368421,1.0
TMEM50B,TMEM50B,Messenger RNA,0.0,0,1,7,0.0032629713585400817,0.4676367285499247,0.046052631578947366,0.9523809523809523
HNRNPF,HNRNPF,Messenger RNA,0.0,0,1,2,0.0010617127297311562,0.41862554274592007,0.013157894736842105,1.0
SARM1,SARM1,Messenger RNA,0.0,0,1,3,0.0007545113233870974,0.4191275670813971,0.019736842105263157,1.0
TTC9,TTC9,Messenger RNA,0.0,0,1,1,0.0,0.41379310344827586,0.006578947368421052,
UBE2I,UBE2I,Messenger RNA,0.0,0,1,1,0.0,0.2959669736424262,0.006578947368421052,
CRIPT,CRIPT,Messenger RNA,0.0,0,1,3,7.025074583163935e-05,0.4467881112176414,0.019736842105263157,1.0
MSL2,MSL2,Messenger RNA,0.0,0,1,2,0.00039922050188992766,0.41495992876224397,0.013157894736842105,1.0
OSTM1,OSTM1,Messenger RNA,0.0,0,1,2,0.0002808277175919358,0.2800480769230769,0.013157894736842105,1.0
ANAPC15,ANAPC15,Messenger RNA,0.0,0,1,1,0.0,0.406041243101946,0.006578947368421052,
DYNLL2,DYNLL2,Messenger RNA,0.0,0,1,7,0.006626982001683236,0.4520614389652385,0.046052631578947366,0.5714285714285714
TGIF1,TGIF1,Messenger RNA,0.0,0,1,1,0.0,0.41619529621911283,0.006578947368421052,
ST8SIA2,ST8SIA2,Messenger RNA,0.0,0,1,3,0.001657414166919231,0.42758831625630833,0.019736842105263157,0.6666666666666666
HOXC8,HOXC8,Messenger RNA,0.0,0,1,2,9.282751439302469e-06,0.2574822727691316,0.013157894736842105,1.0
MYBL1,MYBL1,Messenger RNA,0.0,0,1,4,0.0008807044251084447,0.44017632241813603,0.02631578947368421,0.8333333333333334
EIF4EBP2,EIF4EBP2,Messenger RNA,0.0,0,1,2,8.868793404380537e-05,0.2577433628318584,0.013157894736842105,1.0
OCLN,OCLN,Messenger RNA,0.0,0,1,2,0.00023394721459135334,0.41147902869757175,0.013157894736842105,1.0
KCNAB3,KCNAB3,Messenger RNA,0.0,0,1,1,0.0,0.415083135391924,0.006578947368421052,
CYP26B1,CYP26B1,Messenger RNA,0.0,0,1,8,0.0020735694553079753,0.26035943756401897,0.05263157894736842,0.5714285714285714
AGO1,AGO1,Messenger RNA,0.0,0,1,12,0.013516032376221017,0.5311550151975684,0.07894736842105263,0.9545454545454546
H3-3B,H3-3B,Messenger RNA,0.0,0,1,2,0.00015777743699475403,0.4191904047976012,0.013157894736842105,1.0
PDZD2,PDZD2,Messenger RNA,0.0,0,1,3,0.0002458355949978703,0.22376950780312124,0.019736842105263157,0.0
PRIM2,PRIM2,Messenger RNA,0.0,0,1,2,0.00016728049289610656,0.4144064028457092,0.013157894736842105,1.0
ETV6,ETV6,Messenger RNA,0.0,0,1,2,9.859177737031586e-05,0.4168778887729238,0.013157894736842105,1.0
NR5A2,NR5A2,Messenger RNA,0.0,0,1,3,0.004907396178912559,0.2818832543603186,0.019736842105263157,0.3333333333333333
ITGA10,ITGA10,Messenger RNA,0.0,0,1,1,0.0,0.41379310344827586,0.006578947368421052,
PLAGL2,PLAGL2,Messenger RNA,0.0,0,1,5,0.005937016458934255,0.46568954030646237,0.03289473684210526,1.0
ACER3,ACER3,Messenger RNA,0.0,0,1,4,0.00034226891694980863,0.2601656276170094,0.02631578947368421,1.0
GJC1,GJC1,Messenger RNA,0.0,0,1,6,0.001633233393188472,0.28460912052117265,0.039473684210526314,0.9333333333333333
QSOX1,QSOX1,Messenger RNA,0.0,0,1,2,0.00028436324755954967,0.41812471960520414,0.013157894736842105,1.0
RSBN1,RSBN1,Messenger RNA,0.0,0,1,6,0.003156569002025413,0.48915325402379284,0.039473684210526314,1.0
AKAP1,AKAP1,Messenger RNA,0.0,0,1,1,0.0,0.3860278889962723,0.006578947368421052,
TPM3,TPM3,Messenger RNA,0.0,0,1,3,0.001708595971417809,0.42550601126160403,0.019736842105263157,0.3333333333333333
TRIM24,TRIM24,Messenger RNA,0.0,0,1,3,0.00016117583670229073,0.4114184814596822,0.019736842105263157,1.0
RIMKLA,RIMKLA,Messenger RNA,0.0,0,1,7,0.009456088608883218,0.4986623863028357,0.046052631578947366,0.8571428571428571
SYNGAP1,SYNGAP1,Messenger RNA,0.0,0,1,2,0.0002329372779187256,0.41743804120633027,0.013157894736842105,1.0
HAT1,HAT1,Messenger RNA,0.0,0,1,1,0.0,0.39017583030979625,0.006578947368421052,
ABCA1,ABCA1,Messenger RNA,0.0,0,1,1,0.0,0.2799078986885574,0.006578947368421052,
STAG2,STAG2,Messenger RNA,14.0,0,1,2,0.00014047307915251406,0.418187256954831,0.013157894736842105,1.0
GPR173,GPR173,Messenger RNA,0.0,0,1,1,0.0,0.39891567984020543,0.006578947368421052,
IAH1,IAH1,Messenger RNA,0.0,0,1,2,0.0007007477571678368,0.2799359231077293,0.013157894736842105,0.0
SMARCC1,SMARCC1,Messenger RNA,0.0,0,1,2,5.811379452719616e-09,0.38108218617963746,0.013157894736842105,1.0
ACVR1C,ACVR1C,Messenger RNA,0.0,0,1,4,0.0001842894242404475,0.2600688308064366,0.02631578947368421,1.0
RAB15,RAB15,Messenger RNA,0.0,0,1,4,0.001252585583548181,0.43161469589379436,0.02631578947368421,1.0
BSN,BSN,Messenger RNA,0.0,0,1,1,0.0,0.415083135391924,0.006578947368421052,
POU2F1,POU2F1,Messenger RNA,0.0,0,1,4,0.0012249539595271827,0.4440914866581957,0.02631578947368421,1.0
FLI1,FLI1,Messenger RNA,0.0,0,1,1,0.0,0.2799078986885574,0.006578947368421052,
CSNK1G2,CSNK1G2,Messenger RNA,0.0,0,1,1,0.0,0.4109347442680776,0.006578947368421052,
TBC1D4,TBC1D4,Messenger RNA,0.0,0,1,1,0.0,0.3860278889962723,0.006578947368421052,
MAX,MAX,Messenger RNA,0.0,0,1,1,0.0,0.41379310344827586,0.006578947368421052,
SYT12,SYT12,Messenger RNA,0.0,0,1,3,0.0005380006752964648,0.41774988794262663,0.019736842105263157,1.0
RETREG2,RETREG2,Messenger RNA,0.0,0,1,2,0.00045972715151791345,0.4418457648546144,0.013157894736842105,1.0
GYG2,GYG2,Messenger RNA,0.0,0,1,1,0.0,0.25620819206451023,0.006578947368421052,
IGF1R,IGF1R,Messenger RNA,0.0,0,1,4,0.0014619662886131738,0.4544863459037711,0.02631578947368421,1.0
TM9SF4,TM9SF4,Messenger RNA,0.0,0,1,1,0.0,0.41619529621911283,0.006578947368421052,
QKI,QKI,Messenger RNA,0.0,0,1,7,0.0031815514633759495,0.28455119071850193,0.046052631578947366,0.8571428571428571
RUBCNL,RUBCNL,Messenger RNA,0.0,0,1,3,0.0006070547831586534,0.4405924992121021,0.019736842105263157,1.0
ZBTB43,ZBTB43,Messenger RNA,0.0,0,1,3,0.0004793230060459063,0.4681064791562029,0.019736842105263157,1.0
TEK,TEK,Messenger RNA,0.0,0,1,1,0.0,0.20763404128917273,0.006578947368421052,
ENO1,ENO1,Messenger RNA,0.0,0,1,1,0.0,0.41379310344827586,0.006578947368421052,
GINS2,GINS2,Messenger RNA,0.0,0,1,2,0.0004383415780806173,0.4045724207784691,0.013157894736842105,1.0
FSTL1,FSTL1,Messenger RNA,0.0,0,1,4,0.0005147442564653289,0.2823671985457483,0.02631578947368421,1.0
DTX3,DTX3,Messenger RNA,0.0,0,1,1,0.0,0.41619529621911283,0.006578947368421052,
SLC11A2,SLC11A2,Messenger RNA,0.0,0,1,1,0.0,0.34655428854734754,0.006578947368421052,
HOOK3,HOOK3,Messenger RNA,0.0,0,1,3,0.0007880118989934184,0.4197567932742831,0.019736842105263157,0.3333333333333333
PHF12,PHF12,Messenger RNA,0.0,0,1,6,0.0027686112290349566,0.43068391866913125,0.039473684210526314,0.6666666666666666
PAFAH2,PAFAH2,Messenger RNA,0.0,0,1,2,2.675065835310257e-05,0.44261516542662654,0.013157894736842105,1.0
KLHL31,KLHL31,Messenger RNA,0.0,0,1,1,0.0,0.25848201904409723,0.006578947368421052,
VMA21,VMA21,Messenger RNA,0.0,0,1,2,0.00024090849637163086,0.4393463230672533,0.013157894736842105,1.0
PCNP,PCNP,Messenger RNA,0.0,0,1,3,0.000371900741310495,0.4447979637289214,0.019736842105263157,1.0
NMT2,NMT2,Messenger RNA,0.0,0,1,3,2.072356323041525e-05,0.2575534266764923,0.019736842105263157,1.0
SLC7A1,SLC7A1,Messenger RNA,0.0,0,1,1,0.0,0.3664002096710785,0.006578947368421052,
PHLDB2,PHLDB2,Messenger RNA,0.0,0,1,1,0.0,0.2236263296808766,0.006578947368421052,
CD47,CD47,Messenger RNA,0.0,0,1,2,9.032641444902018e-05,0.41123694660979554,0.013157894736842105,1.0
MTMR3,MTMR3,Messenger RNA,0.0,0,1,2,2.675065835310257e-05,0.44261516542662654,0.013157894736842105,1.0
TLK2,TLK2,Messenger RNA,0.0,0,1,2,0.0001820962733755055,0.42382901318781263,0.013157894736842105,1.0
XKR6,XKR6,Messenger RNA,0.0,0,1,1,0.0,0.4010902309568211,0.006578947368421052,
KCTD15,KCTD15,Messenger RNA,0.0,0,1,3,0.0025693991534493535,0.45544877015800617,0.019736842105263157,0.6666666666666666
ERBB3,ERBB3,Messenger RNA,0.0,0,1,3,0.0007604088013832384,0.4556714471968709,0.019736842105263157,1.0
FBXO21,FBXO21,Messenger RNA,0.0,0,1,3,0.0007292293871632531,0.4448687350835322,0.019736842105263157,1.0
KIAA1549,KIAA1549,Messenger RNA,0.0,0,1,3,0.0016218369552077477,0.42076749435665917,0.019736842105263157,0.6666666666666666
RUNDC1,RUNDC1,Messenger RNA,0.0,0,1,4,0.0005869953552204289,0.44366867661059983,0.02631578947368421,0.8333333333333334
PDIK1L,PDIK1L,Messenger RNA,0.0,0,1,5,0.003174282155832343,0.4617671345995045,0.03289473684210526,0.7
SOWAHC,SOWAHC,Messenger RNA,0.0,0,1,2,2.675065835310257e-05,0.44261516542662654,0.013157894736842105,1.0
E2F5,E2F5,Messenger RNA,0.0,0,1,2,0.00018649296453406966,0.43673851921274603,0.013157894736842105,1.0
REPS2,REPS2,Messenger RNA,0.0,0,1,2,2.231246209077866e-05,0.4412182420703803,0.013157894736842105,1.0
RFXANK,RFXANK,Messenger RNA,0.0,0,1,1,0.0,0.41379310344827586,0.006578947368421052,
MAPK8,MAPK8,Messenger RNA,0.0,0,1,3,0.0005883865675337938,0.45619187469407735,0.019736842105263157,1.0
CBX5,CBX5,Messenger RNA,0.0,0,1,10,0.020908578701769563,0.49848457835621324,0.06578947368421052,0.7555555555555555
SDC4,SDC4,Messenger RNA,0.0,0,1,1,0.0,0.39891567984020543,0.006578947368421052,
PDE7A,PDE7A,Messenger RNA,0.0,0,1,1,0.0,0.415083135391924,0.006578947368421052,
COL23A1,COL23A1,Messenger RNA,0.0,0,1,1,0.0,0.4010902309568211,0.006578947368421052,
YWHAQ,YWHAQ,Messenger RNA,0.0,0,1,1,0.0,0.41619529621911283,0.006578947368421052,
ABI2,ABI2,Messenger RNA,0.0,0,1,9,0.008226074429769047,0.48992465393376555,0.05921052631578947,0.9722222222222222
NPAS3,NPAS3,Messenger RNA,0.0,0,1,3,0.0007369001555648583,0.4558943420838089,0.019736842105263157,1.0
FBXO46,FBXO46,Messenger RNA,0.0,0,1,1,0.0,0.41379310344827586,0.006578947368421052,
LDLRAP1,LDLRAP1,Messenger RNA,0.0,0,1,2,2.675065835310257e-05,0.44261516542662654,0.013157894736842105,1.0
FAM76A,FAM76A,Messenger RNA,0.0,0,1,1,0.0,0.415083135391924,0.006578947368421052,
ATP2B1,ATP2B1,Messenger RNA,0.0,0,1,3,0.0008912193716077748,0.42988929889298894,0.019736842105263157,0.6666666666666666
SEC61A1,SEC61A1,Messenger RNA,0.0,0,1,2,0.00041210643016507487,0.4005730659025788,0.013157894736842105,0.0
GOSR1,GOSR1,Messenger RNA,0.0,0,1,3,7.025074583163935e-05,0.4467881112176414,0.019736842105263157,1.0
ARL4A,ARL4A,Messenger RNA,0.0,0,1,4,0.0007539738663875362,0.44922879177377895,0.02631578947368421,1.0
SRSF3,SRSF3,Messenger RNA,0.0,0,1,1,0.0,0.39017583030979625,0.006578947368421052,
FAM102A,FAM102A,Messenger RNA,0.0,0,1,2,1.742265621840977e-05,0.4374902206227507,0.013157894736842105,1.0
EPAS1,EPAS1,Messenger RNA,0.0,0,1,1,0.0,0.20763404128917273,0.006578947368421052,
NFX1,NFX1,Messenger RNA,0.0,0,1,1,0.0,0.4109347442680776,0.006578947368421052,
TLN2,TLN2,Messenger RNA,0.0,0,1,4,0.00310928237761965,0.25876908838500695,0.02631578947368421,0.5
SOCS6,SOCS6,Messenger RNA,0.0,0,1,2,0.00040385556841057745,0.4485801379752928,0.013157894736842105,1.0
LAMTOR3,LAMTOR3,Messenger RNA,0.0,0,1,2,4.489057203105293e-05,0.44345757335448055,0.013157894736842105,1.0
COX7A2L,COX7A2L,Messenger RNA,0.0,0,1,3,5.6863509106632646e-05,0.4438095238095238,0.019736842105263157,1.0
MAPK4,MAPK4,Messenger RNA,0.0,0,1,2,0.0004383415780806173,0.4045724207784691,0.013157894736842105,1.0
EHF,EHF,Messenger RNA,0.0,0,1,2,5.811379452719616e-09,0.38108218617963746,0.013157894736842105,1.0
C15orf61,C15orf61,Messenger RNA,0.0,0,1,1,0.0,0.435785536159601,0.006578947368421052,
BMP8A,BMP8A,Messenger RNA,0.0,0,1,2,3.958871587481144e-06,0.41446783278980137,0.013157894736842105,1.0
IKZF3,IKZF3,Messenger RNA,0.0,0,1,4,0.0022290542612963473,0.43048498845265587,0.02631578947368421,0.5
ESRRG,ESRRG,Messenger RNA,0.0,0,1,3,0.0008061435009155481,0.44430319402510726,0.019736842105263157,1.0
ERMP1,ERMP1,Messenger RNA,0.0,0,1,2,0.0005283547096032776,0.44268524382520585,0.013157894736842105,1.0
PRDM15,PRDM15,Messenger RNA,0.0,0,1,1,0.0,0.41619529621911283,0.006578947368421052,
ZNF81,ZNF81,Messenger RNA,0.0,0,1,1,0.0,0.415083135391924,0.006578947368421052,
TBC1D2B,TBC1D2B,Messenger RNA,0.0,0,1,2,2.2189124039897203e-05,0.256961676316515,0.013157894736842105,1.0
FUT9,FUT9,Messenger RNA,0.0,0,1,2,0.0002229077242893601,0.41582391433670435,0.013157894736842105,1.0
ZNF70,ZNF70,Messenger RNA,0.0,0,1,3,0.001892529328951037,0.4456487089576028,0.019736842105263157,0.6666666666666666
DEUP1,DEUP1,Messenger RNA,0.0,0,1,1,0.0,0.41379310344827586,0.006578947368421052,
CDC23,CDC23,Messenger RNA,0.0,0,1,2,2.675065835310257e-05,0.44261516542662654,0.013157894736842105,1.0
GNB5,GNB5,Messenger RNA,0.0,0,1,2,2.675065835310257e-05,0.44261516542662654,0.013157894736842105,1.0
RBM18,RBM18,Messenger RNA,0.0,0,1,2,0.0004239946011747554,0.40063046281702247,0.013157894736842105,0.0
FRS2,FRS2,Messenger RNA,0.0,0,1,6,0.005818943497652945,0.47397864044753346,0.039473684210526314,0.8666666666666667
BNC2,BNC2,Messenger RNA,0.0,0,1,9,0.033420206185884496,0.33853977479113695,0.05921052631578947,0.75
SNX30,SNX30,Messenger RNA,0.0,0,1,4,0.0022236829820159783,0.4493009802346135,0.02631578947368421,0.8333333333333334
FOXN2,FOXN2,Messenger RNA,0.0,0,1,3,0.00017268794941254653,0.2585059171597633,0.019736842105263157,1.0
SCN2A,SCN2A,Messenger RNA,0.0,0,1,1,0.0,0.3860278889962723,0.006578947368421052,
KDM2A,KDM2A,Messenger RNA,0.0,0,1,4,0.001096788714234088,0.4568627450980392,0.02631578947368421,1.0
SAMD12,SAMD12,Messenger RNA,0.0,0,1,5,0.008241691062572538,0.4991074616208497,0.03289473684210526,0.9
ACP6,ACP6,Messenger RNA,0.0,0,1,1,0.0,0.4109347442680776,0.006578947368421052,
RFFL,RFFL,Messenger RNA,0.0,0,1,1,0.0,0.39017583030979625,0.006578947368421052,
GPR157,GPR157,Messenger RNA,0.0,0,1,1,0.0,0.435785536159601,0.006578947368421052,
BAZ2A,BAZ2A,Messenger RNA,0.0,0,1,6,0.003542417486356158,0.46514723007819,0.039473684210526314,1.0
PGRMC2,PGRMC2,Messenger RNA,0.0,0,1,3,0.00016043790517487755,0.25793357933579336,0.019736842105263157,0.3333333333333333
TCF3,TCF3,Messenger RNA,0.0,0,1,1,0.0,0.3664002096710785,0.006578947368421052,
PAIP2B,PAIP2B,Messenger RNA,0.0,0,1,2,0.00029414357294157436,0.44052308177091537,0.013157894736842105,1.0
RAB11FIP4,RAB11FIP4,Messenger RNA,0.0,0,1,3,5.6863509106632646e-05,0.4438095238095238,0.019736842105263157,1.0
C9orf85,C9orf85,Messenger RNA,0.0,0,1,1,0.0,0.39891567984020543,0.006578947368421052,
VPS53,VPS53,Messenger RNA,0.0,0,1,1,0.0,0.41379310344827586,0.006578947368421052,
CSNK1A1,CSNK1A1,Messenger RNA,0.0,0,1,3,0.0016287785206641674,0.4497345986810359,0.019736842105263157,1.0
HAS2,HAS2,Messenger RNA,0.0,0,1,4,0.0026131272352041776,0.28262407763064795,0.02631578947368421,0.6666666666666666
PSEN1,PSEN1,Messenger RNA,0.0,0,1,5,0.003483062932680861,0.4609297725024728,0.03289473684210526,0.9
PTPRT,PTPRT,Messenger RNA,0.0,0,1,3,0.0008722618820094036,0.4169400536832687,0.019736842105263157,1.0
PLCXD3,PLCXD3,Messenger RNA,0.0,0,1,7,0.003722690661069386,0.28489912370083553,0.046052631578947366,1.0
FOXJ3,FOXJ3,Messenger RNA,0.0,0,1,3,0.0006323414227677091,0.46842017088289495,0.019736842105263157,1.0
TWNK,TWNK,Messenger RNA,0.0,0,1,1,0.0,0.36828240252897787,0.006578947368421052,
SSBP2,SSBP2,Messenger RNA,0.0,0,1,1,0.0,0.415083135391924,0.006578947368421052,
PDPK1,PDPK1,Messenger RNA,0.0,0,1,3,0.0007502973354720289,0.41681574239713776,0.019736842105263157,0.3333333333333333
IRF2BP2,IRF2BP2,Messenger RNA,0.0,0,1,4,0.0009011794151005672,0.4730164100828963,0.02631578947368421,1.0
WDR37,WDR37,Messenger RNA,0.0,0,1,4,0.00034058463348610754,0.4513317191283293,0.02631578947368421,1.0
RSPO1,RSPO1,Messenger RNA,0.0,0,1,1,0.0,0.39891567984020543,0.006578947368421052,
POGK,POGK,Messenger RNA,0.0,0,1,3,0.0005350594449033954,0.42363636363636364,0.019736842105263157,1.0
STXBP4,STXBP4,Messenger RNA,0.0,0,1,1,0.0,0.415083135391924,0.006578947368421052,
PLXNA2,PLXNA2,Messenger RNA,0.0,0,1,4,0.0028954233491147053,0.2835987422659499,0.02631578947368421,1.0
ARL3,ARL3,Messenger RNA,0.0,0,1,1,0.0,0.38586806513938726,0.006578947368421052,
CNNM3,CNNM3,Messenger RNA,0.0,0,1,1,0.0,0.415083135391924,0.006578947368421052,
AFF3,AFF3,Messenger RNA,0.0,0,1,3,0.0005628903111333695,0.42628449458758955,0.019736842105263157,1.0
IFNLR1,IFNLR1,Messenger RNA,0.0,0,1,2,5.811379452719616e-09,0.38108218617963746,0.013157894736842105,1.0
NR6A1,NR6A1,Messenger RNA,0.0,0,1,3,0.0045743903519601566,0.47349703640982216,0.019736842105263157,1.0
GATAD2B,GATAD2B,Messenger RNA,0.0,0,1,7,0.005696511664079386,0.4902682798527091,0.046052631578947366,0.9047619047619048
ATP8B4,ATP8B4,Messenger RNA,0.0,0,1,2,3.1594703872944763e-06,0.25867332778240354,0.013157894736842105,1.0
PRRG4,PRRG4,Messenger RNA,0.0,0,1,3,5.6863509106632646e-05,0.4438095238095238,0.019736842105263157,1.0
CMTR2,CMTR2,Messenger RNA,0.0,0,1,1,0.0,0.435785536159601,0.006578947368421052,
NRIP3,NRIP3,Messenger RNA,0.0,0,1,3,7.025074583163935e-05,0.4467881112176414,0.019736842105263157,1.0
TRA2B,TRA2B,Messenger RNA,0.0,0,1,1,0.0,0.39891567984020543,0.006578947368421052,
STXBP5L,STXBP5L,Messenger RNA,0.0,0,1,1,0.0,0.41619529621911283,0.006578947368421052,
PRDM10,PRDM10,Messenger RNA,0.0,0,1,2,0.00023494193071597257,0.44529383659818444,0.013157894736842105,1.0
PALM2AKAP2,PALM2AKAP2,Messenger RNA,0.0,0,1,2,6.645292151133884e-05,0.25788599889319314,0.013157894736842105,1.0
ABHD6,ABHD6,Messenger RNA,0.0,0,1,2,0.0012086725804270068,0.33034026465028354,0.013157894736842105,1.0
MIEF1,MIEF1,Messenger RNA,0.0,0,1,1,0.0,0.415083135391924,0.006578947368421052,
TPM4,TPM4,Messenger RNA,0.0,0,1,1,0.0,0.40034364261168387,0.006578947368421052,
PKIA,PKIA,Messenger RNA,0.0,0,1,3,0.0007105999093201989,0.4575355915562101,0.019736842105263157,1.0
YY1,YY1,Messenger RNA,0.0,0,1,4,0.0005672837542756162,0.41787475713645195,0.02631578947368421,0.5
CCDC25,CCDC25,Messenger RNA,0.0,0,1,4,0.0009911928638332286,0.4506769825918762,0.02631578947368421,1.0
LDLRAD3,LDLRAD3,Messenger RNA,0.0,0,1,3,0.0023694968060061885,0.4447272148878638,0.019736842105263157,0.6666666666666666
EIF4B,EIF4B,Messenger RNA,0.0,0,1,4,0.0014991421820071088,0.4556714471968709,0.02631578947368421,0.6666666666666666
MAPK1,MAPK1,Messenger RNA,0.0,0,1,2,3.958871587481144e-06,0.41446783278980137,0.013157894736842105,1.0
ARHGEF15,ARHGEF15,Messenger RNA,0.0,0,1,1,0.0,0.22259374253642225,0.006578947368421052,
FAM214B,FAM214B,Messenger RNA,0.0,0,1,2,4.5688656508832974e-05,0.25857763802829925,0.013157894736842105,1.0
SDC2,SDC2,Messenger RNA,0.0,0,1,2,0.0008187168011738291,0.28061019670814935,0.013157894736842105,0.0
DNAJC16,DNAJC16,Messenger RNA,0.0,0,1,5,0.0015833977603922796,0.4812392426850258,0.03289473684210526,1.0
FAF1,FAF1,Messenger RNA,0.0,0,1,2,9.859177737031586e-05,0.4168778887729238,0.013157894736842105,1.0
CHD7,CHD7,Messenger RNA,0.0,0,1,2,0.00016703059100736355,0.42344388914129943,0.013157894736842105,1.0
ANKRD52,ANKRD52,Messenger RNA,0.0,0,1,4,0.0008945479100456298,0.4284400858106037,0.02631578947368421,1.0
NEURL1B,NEURL1B,Messenger RNA,0.0,0,1,3,0.0016051574123845983,0.2581002492384381,0.019736842105263157,0.6666666666666666
HLF,HLF,Messenger RNA,0.0,0,1,5,0.001694210023713516,0.47607696237016855,0.03289473684210526,1.0
ESCO2,ESCO2,Messenger RNA,0.0,0,1,1,0.0,0.40034364261168387,0.006578947368421052,
ZNF597,ZNF597,Messenger RNA,0.0,0,1,1,0.0,0.435785536159601,0.006578947368421052,
TMEM200C,TMEM200C,Messenger RNA,0.0,0,1,1,0.0,0.41619529621911283,0.006578947368421052,
TMEM231,TMEM231,Messenger RNA,0.0,0,1,2,2.675065835310257e-05,0.44261516542662654,0.013157894736842105,1.0
DYRK1A,DYRK1A,Messenger RNA,0.0,0,1,8,0.003862106341460061,0.4672459893048128,0.05263157894736842,0.9642857142857143
LMX1A,LMX1A,Messenger RNA,0.0,0,1,1,0.0,0.22257602292628562,0.006578947368421052,
ZBTB6,ZBTB6,Messenger RNA,0.0,0,1,1,0.0,0.435785536159601,0.006578947368421052,
VKORC1L1,VKORC1L1,Messenger RNA,0.0,0,1,3,2.072356323041525e-05,0.2575534266764923,0.019736842105263157,1.0
HABP4,HABP4,Messenger RNA,0.0,0,1,1,0.0,0.25620819206451023,0.006578947368421052,
NRG1,NRG1,Messenger RNA,0.0,0,1,3,0.000697594875703254,0.41226776762017103,0.019736842105263157,0.3333333333333333
ARL1,ARL1,Messenger RNA,0.0,0,1,2,1.742265621840977e-05,0.4374902206227507,0.013157894736842105,1.0
MAP3K9,MAP3K9,Messenger RNA,0.0,0,1,2,2.675065835310257e-05,0.44261516542662654,0.013157894736842105,1.0
SLC24A4,SLC24A4,Messenger RNA,0.0,0,1,1,0.0,0.2799078986885574,0.006578947368421052,
TRUB1,TRUB1,Messenger RNA,0.0,0,1,1,0.0,0.41379310344827586,0.006578947368421052,
SLC38A1,SLC38A1,Messenger RNA,0.0,0,1,6,0.001562276908223083,0.4574607329842932,0.039473684210526314,1.0
HOXB5,HOXB5,Messenger RNA,0.0,0,1,1,0.0,0.25726904674273093,0.006578947368421052,
ARHGAP5,ARHGAP5,Messenger RNA,0.0,0,1,2,0.0002536935778869715,0.43261643199752436,0.013157894736842105,1.0
MARK1,MARK1,Messenger RNA,0.0,0,1,4,0.010160704027655308,0.3333333333333333,0.02631578947368421,0.8333333333333334
DNAJB6,DNAJB6,Messenger RNA,0.0,0,1,3,5.6863509106632646e-05,0.4438095238095238,0.019736842105263157,1.0
PHF6,PHF6,Messenger RNA,0.0,0,1,4,0.0006650527670549232,0.45500406834825063,0.02631578947368421,1.0
TVP23B,TVP23B,Messenger RNA,0.0,0,1,3,5.046151330822545e-05,0.4421951605250672,0.019736842105263157,1.0
SERP1,SERP1,Messenger RNA,0.0,0,1,5,0.0013691526308374086,0.45382243142347023,0.03289473684210526,1.0
FKBP4,FKBP4,Messenger RNA,0.0,0,1,1,0.0,0.36915764457354105,0.006578947368421052,
MLLT3,MLLT3,Messenger RNA,0.0,0,1,1,0.0,0.415083135391924,0.006578947368421052,
LAMC1,LAMC1,Messenger RNA,0.0,0,1,1,0.0,0.2549699069852271,0.006578947368421052,
GPD2,GPD2,Messenger RNA,0.0,0,1,2,2.675065835310257e-05,0.44261516542662654,0.013157894736842105,1.0
CHD2,CHD2,Messenger RNA,0.0,0,1,2,0.00015033873322523568,0.4263494967978042,0.013157894736842105,1.0
TWF1,TWF1,Messenger RNA,0.0,0,1,4,0.0010755144121789113,0.4573110893032385,0.02631578947368421,1.0
ANGEL2,ANGEL2,Messenger RNA,0.0,0,1,1,0.0,0.41379310344827586,0.006578947368421052,
PPM1K,PPM1K,Messenger RNA,0.0,0,1,2,0.0003150212534959848,0.44501034537641254,0.013157894736842105,1.0
MFSD6,MFSD6,Messenger RNA,0.0,0,1,2,0.0003450065955825717,0.4242792109256449,0.013157894736842105,1.0
METTL1,METTL1,Messenger RNA,0.0,0,1,1,0.0,0.3664002096710785,0.006578947368421052,
FAM168A,FAM168A,Messenger RNA,0.0,0,1,6,0.007193741587419063,0.4628372785962589,0.039473684210526314,0.7333333333333333
PRKAR2A,PRKAR2A,Messenger RNA,11.0,0,1,5,0.005404259149744824,0.47046945986875316,0.03289473684210526,1.0
NPR3,NPR3,Messenger RNA,0.0,0,1,1,0.0,0.22136014567334336,0.006578947368421052,
UBE2K,UBE2K,Messenger RNA,0.0,0,1,2,0.00046038278247286836,0.4509677419354839,0.013157894736842105,1.0
VGLL4,VGLL4,Messenger RNA,0.0,0,1,2,5.811379452719616e-09,0.38108218617963746,0.013157894736842105,1.0
ZXDA,ZXDA,Messenger RNA,0.0,0,1,1,0.0,0.435785536159601,0.006578947368421052,
COL4A1,COL4A1,Messenger RNA,0.0,0,1,1,0.0,0.25848201904409723,0.006578947368421052,
TRIM3,TRIM3,Messenger RNA,0.0,0,1,2,2.231246209077866e-05,0.4412182420703803,0.013157894736842105,1.0
VAMP2,VAMP2,Messenger RNA,0.0,0,1,2,0.0002221103948291296,0.41824981301421094,0.013157894736842105,1.0
TCF12,TCF12,Messenger RNA,0.0,0,1,2,0.0002991160643943662,0.42026153614910566,0.013157894736842105,1.0
SCOC,SCOC,Messenger RNA,0.0,0,1,2,0.0002143909463229767,0.4364658133000312,0.013157894736842105,1.0
TIMP2,TIMP2,Messenger RNA,0.0,0,1,1,0.0,0.2799078986885574,0.006578947368421052,
WNK3,WNK3,Messenger RNA,0.0,0,1,4,0.0006721445507606597,0.4722972972972973,0.02631578947368421,1.0
ZFP3,ZFP3,Messenger RNA,0.0,0,1,4,0.0008762780078860347,0.4493731918997107,0.02631578947368421,1.0
ZNF704,ZNF704,Messenger RNA,0.0,0,1,5,0.001951029679525994,0.4841558441558442,0.03289473684210526,1.0
KIF1B,KIF1B,Messenger RNA,0.0,0,1,4,0.00133137057141692,0.4735772357723577,0.02631578947368421,1.0
AP1AR,AP1AR,Messenger RNA,0.0,0,1,2,3.958871587481144e-06,0.41446783278980137,0.013157894736842105,1.0
WIPF2,WIPF2,Messenger RNA,0.0,0,1,3,7.025074583163935e-05,0.4467881112176414,0.019736842105263157,1.0
C6orf132,C6orf132,Messenger RNA,0.0,0,1,2,0.0002736094598787573,0.41539147229237855,0.013157894736842105,1.0
MGLL,MGLL,Messenger RNA,0.0,0,1,2,3.1594703872944763e-06,0.25867332778240354,0.013157894736842105,1.0
SLC25A12,SLC25A12,Messenger RNA,13.0,0,1,1,0.0,0.39891567984020543,0.006578947368421052,
SEMA4G,SEMA4G,Messenger RNA,0.0,0,1,1,0.0,0.435785536159601,0.006578947368421052,
WDR55,WDR55,Messenger RNA,0.0,0,1,1,0.0,0.415083135391924,0.006578947368421052,
SLITRK6,SLITRK6,Messenger RNA,0.0,0,1,3,0.0009816614409509153,0.4516962843295638,0.019736842105263157,1.0
MFAP3L,MFAP3L,Messenger RNA,0.0,0,1,2,2.675065835310257e-05,0.44261516542662654,0.013157894736842105,1.0
ENPP5,ENPP5,Messenger RNA,0.0,0,1,5,0.0006462476890613145,0.4516233241802617,0.03289473684210526,1.0
ORC4,ORC4,Messenger RNA,0.0,0,1,1,0.0,0.39891567984020543,0.006578947368421052,
ZNF644,ZNF644,Messenger RNA,0.0,0,1,1,0.0,0.4010902309568211,0.006578947368421052,
IGSF3,IGSF3,Messenger RNA,0.0,0,1,2,0.0001774391944040229,0.4131816166691296,0.013157894736842105,1.0
SORD,SORD,Messenger RNA,0.0,0,1,1,0.0,0.39891567984020543,0.006578947368421052,
RNF144B,RNF144B,Messenger RNA,0.0,0,1,3,0.000829384518075351,0.44508118433619864,0.019736842105263157,1.0
PKNOX1,PKNOX1,Messenger RNA,0.0,0,1,3,0.0004279175205233609,0.445435717699538,0.019736842105263157,1.0
FOXP1,FOXP1,Messenger RNA,0.0,0,1,2,0.00029414357294157436,0.44052308177091537,0.013157894736842105,1.0
SLC2A1,SLC2A1,Messenger RNA,0.0,0,1,2,0.000139578812219383,0.4077584949686452,0.013157894736842105,1.0
MAP7,MAP7,Messenger RNA,0.0,0,1,2,2.675065835310257e-05,0.44261516542662654,0.013157894736842105,1.0
TAF3,TAF3,Messenger RNA,0.0,0,1,1,0.0,0.415083135391924,0.006578947368421052,
G3BP1,G3BP1,Messenger RNA,0.0,0,1,6,0.007550099478063619,0.4940802261883725,0.039473684210526314,0.8666666666666667
MED6,MED6,Messenger RNA,0.0,0,1,1,0.0,0.4226757369614512,0.006578947368421052,
CRKL,CRKL,Messenger RNA,0.0,0,1,1,0.0,0.43002153183635805,0.006578947368421052,
EYA4,EYA4,Messenger RNA,0.0,0,1,1,0.0,0.25620819206451023,0.006578947368421052,
PDE1C,PDE1C,Messenger RNA,0.0,0,1,1,0.0,0.39891567984020543,0.006578947368421052,
RPS6KA5,RPS6KA5,Messenger RNA,0.0,0,1,5,0.0015532819921529547,0.47688896469384273,0.03289473684210526,1.0
RALGPS1,RALGPS1,Messenger RNA,0.0,0,1,2,0.00016555640235391773,0.4066909090909091,0.013157894736842105,1.0
UBFD1,UBFD1,Messenger RNA,0.0,0,1,3,0.0005876975361555068,0.473336719146775,0.019736842105263157,1.0
GXYLT1,GXYLT1,Messenger RNA,0.0,0,1,4,0.0005870535022729412,0.4352428393524284,0.02631578947368421,1.0
GALNT7,GALNT7,Messenger RNA,0.0,0,1,4,0.0011094059444926386,0.46322067594433397,0.02631578947368421,1.0
CRAMP1,CRAMP1,Messenger RNA,0.0,0,1,3,0.0008597065783133306,0.4617671345995045,0.019736842105263157,1.0
SMAD2,SMAD2,Messenger RNA,0.0,0,1,3,0.0003810738486899678,0.4201352366641623,0.019736842105263157,1.0
EYA3,EYA3,Messenger RNA,0.0,0,1,4,0.001132276997939228,0.43208159480760316,0.02631578947368421,0.5
NMNAT2,NMNAT2,Messenger RNA,0.0,0,1,2,6.438642037985097e-05,0.258912862302065,0.013157894736842105,1.0
CADM2,CADM2,Messenger RNA,0.0,0,1,5,0.0005256823312902352,0.2592489568845619,0.03289473684210526,0.4
ANO3,ANO3,Messenger RNA,0.0,0,1,2,0.00011503870218414047,0.25798117733899245,0.013157894736842105,1.0
ACVR2A,ACVR2A,Messenger RNA,0.0,0,1,4,0.0009638983882056879,0.4472168905950096,0.02631578947368421,0.6666666666666666
SAMD8,SAMD8,Messenger RNA,0.0,0,1,9,0.006330294794076096,0.28426189507930055,0.05921052631578947,0.6666666666666666
ZZZ3,ZZZ3,Messenger RNA,0.0,0,1,2,0.0003055089617709756,0.40259179265658745,0.013157894736842105,0.0
PARM1,PARM1,Messenger RNA,0.0,0,1,4,0.0001813540045327068,0.25985130111524163,0.02631578947368421,0.8333333333333334
PSD4,PSD4,Messenger RNA,0.0,0,1,2,0.00033247040888524865,0.42936117936117935,0.013157894736842105,1.0
DIAPH2,DIAPH2,Messenger RNA,0.0,0,1,2,3.0055187851221804e-05,0.25915284085642787,0.013157894736842105,1.0
HDAC9,HDAC9,Messenger RNA,0.0,0,1,5,0.030102236872218916,0.33650258755566254,0.03289473684210526,0.7
RAB10,RAB10,Messenger RNA,0.0,0,1,3,0.0009208088015131767,0.4429657794676806,0.019736842105263157,1.0
HOXA9,HOXA9,Messenger RNA,0.0,0,1,3,0.0002547394878394035,0.41944194419441944,0.019736842105263157,1.0
PTCHD1,PTCHD1,Messenger RNA,0.0,0,1,6,0.002068684461225155,0.45330739299610895,0.039473684210526314,0.8
SRSF10,SRSF10,Messenger RNA,0.0,0,1,8,0.007465866129561572,0.4688128772635815,0.05263157894736842,0.8214285714285714
NFIB,NFIB,Messenger RNA,0.0,0,1,6,0.005584872720392911,0.49156118143459915,0.039473684210526314,0.8666666666666667
SAP30L,SAP30L,Messenger RNA,0.0,0,1,1,0.0,0.415083135391924,0.006578947368421052,
MAT2B,MAT2B,Messenger RNA,0.0,0,1,1,0.0,0.4226757369614512,0.006578947368421052,
TMEM168,TMEM168,Messenger RNA,0.0,0,1,4,0.001145478904700084,0.452720207253886,0.02631578947368421,1.0
PCDH9,PCDH9,Messenger RNA,10.0,0,1,1,0.0,0.22257602292628562,0.006578947368421052,
SORL1,SORL1,Messenger RNA,0.0,0,1,1,0.0,0.415083135391924,0.006578947368421052,
GPRIN3,GPRIN3,Messenger RNA,0.0,0,1,2,0.0002822230999330338,0.44352791878172587,0.013157894736842105,1.0
GPM6B,GPM6B,Messenger RNA,0.0,0,1,1,0.0,0.3860278889962723,0.006578947368421052,
NUFIP2,NUFIP2,Messenger RNA,0.0,0,1,11,0.008533174787384513,0.5004474673348845,0.07236842105263158,0.9636363636363636
VTI1B,VTI1B,Messenger RNA,0.0,0,1,4,0.00011233920504778769,0.22443409857119923,0.02631578947368421,0.5
TNS1,TNS1,Messenger RNA,0.0,0,1,2,2.369879346585291e-05,0.22398461908195144,0.013157894736842105,0.0
PDS5A,PDS5A,Messenger RNA,0.0,0,1,1,0.0,0.435785536159601,0.006578947368421052,
KIAA1549L,KIAA1549L,Messenger RNA,0.0,0,1,2,0.00033247040888524865,0.42936117936117935,0.013157894736842105,1.0
CACNA1C,CACNA1C,Messenger RNA,0.0,0,1,2,5.811379452719616e-09,0.38108218617963746,0.013157894736842105,1.0
CDC6,CDC6,Messenger RNA,0.0,0,1,3,0.00044790680775787174,0.4420553359683794,0.019736842105263157,0.6666666666666666
IPO9,IPO9,Messenger RNA,0.0,0,1,6,0.0022750500254500403,0.455820019563091,0.039473684210526314,0.8
CDCA3,CDCA3,Messenger RNA,0.0,0,1,2,0.0005283547096032776,0.44268524382520585,0.013157894736842105,1.0
IP6K1,IP6K1,Messenger RNA,0.0,0,1,2,0.0002837818288715259,0.4642975755562936,0.013157894736842105,1.0
OTUD7A,OTUD7A,Messenger RNA,0.0,0,1,1,0.0,0.41379310344827586,0.006578947368421052,
PTPN3,PTPN3,Messenger RNA,0.0,0,1,2,0.0005337662137895954,0.44170616113744077,0.013157894736842105,1.0
RAB14,RAB14,Messenger RNA,0.0,0,1,2,0.00030882656715484354,0.41750037330147827,0.013157894736842105,0.0
BCL2L11,BCL2L11,Messenger RNA,0.0,0,1,4,0.0013459431092857682,0.4561174551386623,0.02631578947368421,1.0
N4BP3,N4BP3,Messenger RNA,0.0,0,1,2,0.00016243468536780896,0.42570036540803896,0.013157894736842105,1.0
UBE3A,UBE3A,Messenger RNA,0.0,0,1,1,0.0,0.4010902309568211,0.006578947368421052,
PPP1R16B,PPP1R16B,Messenger RNA,0.0,0,1,2,0.00010898884438894816,0.2588888888888889,0.013157894736842105,1.0
BMT2,BMT2,Messenger RNA,0.0,0,1,1,0.0,0.435785536159601,0.006578947368421052,
KCNB1,KCNB1,Messenger RNA,0.0,0,1,6,0.005736161422860526,0.28279559016890865,0.039473684210526314,0.4666666666666667
SHANK2,SHANK2,Messenger RNA,0.0,0,1,1,0.0,0.435785536159601,0.006578947368421052,
SUCO,SUCO,Messenger RNA,0.0,0,1,3,7.025074583163935e-05,0.4467881112176414,0.019736842105263157,1.0
SF3B1,SF3B1,Messenger RNA,0.0,0,1,1,0.0,0.4010902309568211,0.006578947368421052,
BAHD1,BAHD1,Messenger RNA,0.0,0,1,3,0.0002937795025562517,0.4414272181875592,0.019736842105263157,1.0
TRPV6,TRPV6,Messenger RNA,0.0,0,1,2,2.231246209077866e-05,0.4412182420703803,0.013157894736842105,1.0
FAM133B,FAM133B,Messenger RNA,0.0,0,1,3,0.0005416867787786633,0.4514774745680607,0.019736842105263157,1.0
MIER3,MIER3,Messenger RNA,0.0,0,1,5,0.0014381259275223156,0.4530870199319397,0.03289473684210526,0.9
PDP2,PDP2,Messenger RNA,0.0,0,1,1,0.0,0.25848201904409723,0.006578947368421052,
ZDHHC9,ZDHHC9,Messenger RNA,0.0,0,1,2,0.0003704957352556134,0.41631923764145323,0.013157894736842105,1.0
TFCP2L1,TFCP2L1,Messenger RNA,0.0,0,1,3,0.0005239337692625658,0.43893249607535323,0.019736842105263157,1.0
CPM,CPM,Messenger RNA,0.0,0,1,3,4.9601552843350134e-05,0.25934514423522864,0.019736842105263157,1.0
ALKBH5,ALKBH5,Messenger RNA,0.0,0,1,1,0.0,0.406041243101946,0.006578947368421052,
LAMP2,LAMP2,Messenger RNA,0.0,0,1,3,0.00015961182306846827,0.41342599438119176,0.019736842105263157,1.0
CACUL1,CACUL1,Messenger RNA,0.0,0,1,5,0.0028073698722797073,0.46631087391594395,0.03289473684210526,1.0
PPP2R5C,PPP2R5C,Messenger RNA,0.0,0,1,2,0.00021620786792524328,0.4363976900265335,0.013157894736842105,1.0
NIPSNAP1,NIPSNAP1,Messenger RNA,0.0,0,1,1,0.0,0.41963079693831606,0.006578947368421052,
RNF4,RNF4,Messenger RNA,0.0,0,1,1,0.0,0.435785536159601,0.006578947368421052,
GTDC1,GTDC1,Messenger RNA,0.0,0,1,6,0.002155646922478471,0.258912862302065,0.039473684210526314,0.06666666666666667
USP28,USP28,Messenger RNA,0.0,0,1,2,2.231246209077866e-05,0.4412182420703803,0.013157894736842105,1.0
WDR82,WDR82,Messenger RNA,0.0,0,1,5,0.0028689641063008747,0.481487859479938,0.03289473684210526,1.0
SPCS3,SPCS3,Messenger RNA,0.0,0,1,1,0.0,0.41619529621911283,0.006578947368421052,
TMPO,TMPO,Messenger RNA,0.0,0,1,1,0.0,0.41619529621911283,0.006578947368421052,
RERE,RERE,Messenger RNA,0.0,0,1,2,0.000215843431994751,0.4214651793789569,0.013157894736842105,1.0
MAP2K6,MAP2K6,Messenger RNA,0.0,0,1,5,0.0011861994296634944,0.4626075446724024,0.03289473684210526,1.0
ZKSCAN1,ZKSCAN1,Messenger RNA,0.0,0,1,3,0.000691249920366021,0.4418457648546144,0.019736842105263157,1.0
CPEB3,CPEB3,Messenger RNA,0.0,0,1,5,0.002038616513419601,0.48157078883913196,0.03289473684210526,0.9
PLEKHG3,PLEKHG3,Messenger RNA,0.0,0,1,3,0.0010510196009737563,0.429097605893186,0.019736842105263157,0.6666666666666666
GRK3,GRK3,Messenger RNA,0.0,0,1,1,0.0,0.25848201904409723,0.006578947368421052,
UHMK1,UHMK1,Messenger RNA,0.0,0,1,4,0.0010049291882435253,0.43355559001395566,0.02631578947368421,0.8333333333333334
PURB,PURB,Messenger RNA,0.0,0,1,8,0.00933511829632213,0.4907846234860453,0.05263157894736842,0.9285714285714286
FARP1,FARP1,Messenger RNA,0.0,0,1,1,0.0,0.406041243101946,0.006578947368421052,
MTARC1,MTARC1,Messenger RNA,0.0,0,1,1,0.0,0.2568200606227611,0.006578947368421052,
ANK2,ANK2,Messenger RNA,0.0,0,1,4,0.00029403292075370717,0.22517516308287025,0.02631578947368421,0.3333333333333333
EIF3M,EIF3M,Messenger RNA,0.0,0,1,1,0.0,0.43002153183635805,0.006578947368421052,
ATG13,ATG13,Messenger RNA,0.0,0,1,1,0.0,0.39891567984020543,0.006578947368421052,
ZNF805,ZNF805,Messenger RNA,0.0,0,1,4,0.0011629802646598625,0.45301360985093975,0.02631578947368421,1.0
GRK5,GRK5,Messenger RNA,0.0,0,1,1,0.0,0.2799359231077293,0.006578947368421052,
KIF3A,KIF3A,Messenger RNA,0.0,0,1,1,0.0,0.41619529621911283,0.006578947368421052,
BZW1,BZW1,Messenger RNA,0.0,0,1,6,0.008340694767382943,0.47713310580204776,0.039473684210526314,0.6666666666666666
MIPOL1,MIPOL1,Messenger RNA,0.0,0,1,2,0.0002143909463229767,0.4364658133000312,0.013157894736842105,1.0
MTURN,MTURN,Messenger RNA,0.0,0,1,5,0.0012044400297398362,0.2596341350171789,0.03289473684210526,0.5
SNIP1,SNIP1,Messenger RNA,0.0,0,1,1,0.0,0.43002153183635805,0.006578947368421052,
CHST14,CHST14,Messenger RNA,0.0,0,1,1,0.0,0.3664002096710785,0.006578947368421052,
CNR1,CNR1,Messenger RNA,0.0,0,1,3,3.643949833996666e-05,0.2581479087803527,0.019736842105263157,1.0
PFN2,PFN2,Messenger RNA,0.0,0,1,1,0.0,0.435785536159601,0.006578947368421052,
ITIH5,ITIH5,Messenger RNA,0.0,0,1,1,0.0,0.22259374253642225,0.006578947368421052,
TOMM34,TOMM34,Messenger RNA,0.0,0,1,1,0.0,0.3631168831168831,0.006578947368421052,
FZD3,FZD3,Messenger RNA,0.0,0,1,4,0.00431935432380218,0.48975302154492906,0.02631578947368421,1.0
VTA1,VTA1,Messenger RNA,0.0,0,1,1,0.0,0.36828240252897787,0.006578947368421052,
TRMT13,TRMT13,Messenger RNA,0.0,0,1,1,0.0,0.3783491204330176,0.006578947368421052,
APLP2,APLP2,Messenger RNA,0.0,0,1,1,0.0,0.41619529621911283,0.006578947368421052,
RALGPS2,RALGPS2,Messenger RNA,0.0,0,1,3,0.0004965112701976765,0.424408014571949,0.019736842105263157,1.0
AMMECR1,AMMECR1,Messenger RNA,0.0,0,1,2,0.00013586876114546163,0.4413575374901342,0.013157894736842105,1.0
CREB1,CREB1,Messenger RNA,0.0,0,1,5,0.0009305102062281339,0.45858618992947353,0.03289473684210526,1.0
FBXW11,FBXW11,Messenger RNA,0.0,0,1,4,0.0008839669086355933,0.4480769230769231,0.02631578947368421,1.0
CARMIL1,CARMIL1,Messenger RNA,0.0,0,1,1,0.0,0.41379310344827586,0.006578947368421052,
TMEM107,TMEM107,Messenger RNA,0.0,0,1,1,0.0,0.41619529621911283,0.006578947368421052,
AP2B1,AP2B1,Messenger RNA,0.0,0,1,2,0.00040385556841057745,0.4485801379752928,0.013157894736842105,1.0
SMS,SMS,Messenger RNA,0.0,0,1,1,0.0,0.43002153183635805,0.006578947368421052,
STK4,STK4,Messenger RNA,0.0,0,1,2,9.817768884192791e-05,0.4105726872246696,0.013157894736842105,1.0
LAMA4,LAMA4,Messenger RNA,0.0,0,1,2,8.46364700921121e-05,0.22323353293413173,0.013157894736842105,0.0
PTPRJ,PTPRJ,Messenger RNA,0.0,0,1,3,0.0006859181164140246,0.4493009802346135,0.019736842105263157,1.0
RTN4,RTN4,Messenger RNA,0.0,0,1,1,0.0,0.20763404128917273,0.006578947368421052,
RPS6KA6,RPS6KA6,Messenger RNA,0.0,0,1,2,2.675065835310257e-05,0.44261516542662654,0.013157894736842105,1.0
SLC9A9,SLC9A9,Messenger RNA,0.0,0,1,4,0.00035253934174338134,0.25973060845332097,0.02631578947368421,0.8333333333333334
RABEP1,RABEP1,Messenger RNA,0.0,0,1,3,0.0008963992932036512,0.443316949421278,0.019736842105263157,0.3333333333333333
CCNJL,CCNJL,Messenger RNA,0.0,0,1,3,0.0015924005943264868,0.4483643361128929,0.019736842105263157,0.3333333333333333
APP,APP,Messenger RNA,0.0,0,1,3,0.0037552108210338335,0.440661938534279,0.019736842105263157,0.3333333333333333
GNG2,GNG2,Messenger RNA,0.0,0,1,1,0.0,0.2566786009363812,0.006578947368421052,
PNISR,PNISR,Messenger RNA,0.0,0,1,4,0.0013459402069763437,0.460550156481634,0.02631578947368421,1.0
KLF4,KLF4,Messenger RNA,0.0,0,1,1,0.0,0.25656083685079834,0.006578947368421052,
TOMM20,TOMM20,Messenger RNA,0.0,0,1,1,0.0,0.43002153183635805,0.006578947368421052,
QTRT2,QTRT2,Messenger RNA,0.0,0,1,2,5.811379452719616e-09,0.38108218617963746,0.013157894736842105,1.0
EXPH5,EXPH5,Messenger RNA,0.0,0,1,3,0.0002854438739333572,0.44586190400255143,0.019736842105263157,1.0
CDH20,CDH20,Messenger RNA,0.0,0,1,2,4.6176015068885585e-06,0.25583310458413394,0.013157894736842105,1.0
CEP20,CEP20,Messenger RNA,0.0,0,1,1,0.0,0.36828240252897787,0.006578947368421052,
MTMR9,MTMR9,Messenger RNA,0.0,0,1,2,0.00015780983992355534,0.4167536145476226,0.013157894736842105,1.0
MPZL1,MPZL1,Messenger RNA,0.0,0,1,1,0.0,0.40034364261168387,0.006578947368421052,
NCOA1,NCOA1,Messenger RNA,0.0,0,1,2,0.0004084474727110773,0.4318146718146718,0.013157894736842105,1.0
RLIM,RLIM,Messenger RNA,0.0,0,1,6,0.0035996842410827828,0.481487859479938,0.039473684210526314,1.0
TSPAN18,TSPAN18,Messenger RNA,0.0,0,1,4,0.0005315539058876027,0.2596341350171789,0.02631578947368421,0.8333333333333334
PGGT1B,PGGT1B,Messenger RNA,0.0,0,1,1,0.0,0.41619529621911283,0.006578947368421052,
PPP1R9A,PPP1R9A,Messenger RNA,0.0,0,1,1,0.0,0.41379310344827586,0.006578947368421052,
TLK1,TLK1,Messenger RNA,0.0,0,1,3,0.0005053101324998262,0.44843624699278267,0.019736842105263157,1.0
PIP4K2C,PIP4K2C,Messenger RNA,0.0,0,1,1,0.0,0.4082347787998248,0.006578947368421052,
C9orf64,C9orf64,Messenger RNA,0.0,0,1,3,5.6863509106632646e-05,0.4438095238095238,0.019736842105263157,1.0
ATXN7L3B,ATXN7L3B,Messenger RNA,0.0,0,1,1,0.0,0.43002153183635805,0.006578947368421052,
P2RY2,P2RY2,Messenger RNA,0.0,0,1,2,4.489057203105293e-05,0.44345757335448055,0.013157894736842105,1.0
PSD3,PSD3,Messenger RNA,0.0,0,1,5,0.001888826373353725,0.4315480784071616,0.03289473684210526,0.6
DAZAP1,DAZAP1,Messenger RNA,0.0,0,1,1,0.0,0.41963079693831606,0.006578947368421052,
POU6F2,POU6F2,Messenger RNA,0.0,0,1,3,0.0001945133644510574,0.22438006580531258,0.019736842105263157,0.3333333333333333
GRIK3,GRIK3,Messenger RNA,0.0,0,1,2,0.00023646178447224523,0.413364872856298,0.013157894736842105,1.0
SBNO1,SBNO1,Messenger RNA,0.0,0,1,2,0.0003521305244679987,0.4328173374613003,0.013157894736842105,1.0
CEP57,CEP57,Messenger RNA,0.0,0,1,2,2.675065835310257e-05,0.44261516542662654,0.013157894736842105,1.0
MSI2,MSI2,Messenger RNA,0.0,0,1,6,0.011464883359510462,0.4838207302301436,0.039473684210526314,0.9333333333333333
MAPK1IP1L,MAPK1IP1L,Messenger RNA,0.0,0,1,7,0.007930112908364116,0.47778537252221465,0.046052631578947366,0.9047619047619048
HS6ST1,HS6ST1,Messenger RNA,0.0,0,1,1,0.0,0.40034364261168387,0.006578947368421052,
CYGB,CYGB,Messenger RNA,0.0,0,1,1,0.0,0.22197523023181961,0.006578947368421052,
SEC22A,SEC22A,Messenger RNA,0.0,0,1,1,0.0,0.415083135391924,0.006578947368421052,
NAPEPLD,NAPEPLD,Messenger RNA,0.0,0,1,5,0.0014009539996118012,0.482984971497668,0.03289473684210526,1.0
SIX1,SIX1,Messenger RNA,0.0,0,1,2,1.820016034265406e-05,0.25833872308971634,0.013157894736842105,1.0
RGMB,RGMB,Messenger RNA,0.0,0,1,3,7.025074583163935e-05,0.4467881112176414,0.019736842105263157,1.0
TCERG1,TCERG1,Messenger RNA,0.0,0,1,1,0.0,0.39891567984020543,0.006578947368421052,
SPTLC1,SPTLC1,Messenger RNA,0.0,0,1,2,4.489057203105293e-05,0.44345757335448055,0.013157894736842105,1.0
ARIH1,ARIH1,Messenger RNA,0.0,0,1,4,0.0017771870583446793,0.4447272148878638,0.02631578947368421,0.6666666666666666
NPNT,NPNT,Messenger RNA,0.0,0,1,3,0.00037407302141366006,0.41700223713646534,0.019736842105263157,1.0
SRPK2,SRPK2,Messenger RNA,0.0,0,1,3,7.025074583163935e-05,0.4467881112176414,0.019736842105263157,1.0
CCDC141,CCDC141,Messenger RNA,0.0,0,1,2,3.1594703872944763e-06,0.25867332778240354,0.013157894736842105,1.0
ZBTB5,ZBTB5,Messenger RNA,0.0,0,1,1,0.0,0.406041243101946,0.006578947368421052,
CASK,CASK,Messenger RNA,0.0,0,1,2,6.477640880440067e-05,0.40907095830285295,0.013157894736842105,1.0
SSX2IP,SSX2IP,Messenger RNA,0.0,0,1,2,0.00045972715151791345,0.4418457648546144,0.013157894736842105,1.0
GMPPB,GMPPB,Messenger RNA,0.0,0,1,1,0.0,0.41963079693831606,0.006578947368421052,
SCD,SCD,Messenger RNA,0.0,0,1,4,0.000750790966216548,0.2829386763812993,0.02631578947368421,1.0
ZNF800,ZNF800,Messenger RNA,0.0,0,1,1,0.0,0.435785536159601,0.006578947368421052,
UBN2,UBN2,Messenger RNA,0.0,0,1,7,0.004467681615832872,0.4715008431703204,0.046052631578947366,0.9523809523809523
MXI1,MXI1,Messenger RNA,0.0,0,1,1,0.0,0.435785536159601,0.006578947368421052,
CSNK1G1,CSNK1G1,Messenger RNA,0.0,0,1,5,0.0012049617801190582,0.4447272148878638,0.03289473684210526,0.8
MGAT4A,MGAT4A,Messenger RNA,0.0,0,1,3,0.0008999469307645099,0.4328173374613003,0.019736842105263157,0.6666666666666666
H2AZ2,H2AZ2,Messenger RNA,0.0,0,1,2,8.153015845173535e-05,0.41787475713645195,0.013157894736842105,1.0
CBFA2T2,CBFA2T2,Messenger RNA,0.0,0,1,2,0.0002097914547406174,0.4180622009569378,0.013157894736842105,1.0
SCN8A,SCN8A,Messenger RNA,0.0,0,1,1,0.0,0.4082347787998248,0.006578947368421052,
ZCCHC24,ZCCHC24,Messenger RNA,0.0,0,1,2,0.0002540533327984407,0.2575534266764923,0.013157894736842105,1.0
RPA2,RPA2,Messenger RNA,0.0,0,1,2,2.675065835310257e-05,0.44261516542662654,0.013157894736842105,1.0
FAM126A,FAM126A,Messenger RNA,0.0,0,1,1,0.0,0.4010902309568211,0.006578947368421052,
OTUB2,OTUB2,Messenger RNA,0.0,0,1,1,0.0,0.4109347442680776,0.006578947368421052,
FNBP1L,FNBP1L,Messenger RNA,0.0,0,1,3,0.00057753074088337,0.4513317191283293,0.019736842105263157,1.0
LDOC1,LDOC1,Messenger RNA,0.0,0,1,1,0.0,0.3631168831168831,0.006578947368421052,
PCDHA11,PCDHA11,Messenger RNA,0.0,0,1,3,0.00048471445859811984,0.46999495713565304,0.019736842105263157,1.0
PDXDC1,PDXDC1,Messenger RNA,0.0,0,1,1,0.0,0.4082347787998248,0.006578947368421052,
FBXO41,FBXO41,Messenger RNA,0.0,0,1,2,2.231246209077866e-05,0.4412182420703803,0.013157894736842105,1.0
PDCD4,PDCD4,Messenger RNA,0.0,0,1,1,0.0,0.43002153183635805,0.006578947368421052,
MSMO1,MSMO1,Messenger RNA,0.0,0,1,3,7.025074583163935e-05,0.4467881112176414,0.019736842105263157,1.0
TSPYL5,TSPYL5,Messenger RNA,0.0,0,1,1,0.0,0.39891567984020543,0.006578947368421052,
CD3G,CD3G,Messenger RNA,0.0,0,1,2,3.958871587481144e-06,0.41446783278980137,0.013157894736842105,1.0
OSMR,OSMR,Messenger RNA,0.0,0,1,2,0.0021268132997959007,0.45045915901401645,0.013157894736842105,1.0
HBEGF,HBEGF,Messenger RNA,0.0,0,1,1,0.0,0.22259374253642225,0.006578947368421052,
VPS26A,VPS26A,Messenger RNA,0.0,0,1,3,7.025074583163935e-05,0.4467881112176414,0.019736842105263157,1.0
CCNT2,CCNT2,Messenger RNA,0.0,0,1,5,0.0014009539996118012,0.482984971497668,0.03289473684210526,1.0
PHF20,PHF20,Messenger RNA,0.0,0,1,4,0.0010750849078392923,0.4553745928338762,0.02631578947368421,1.0
TASP1,TASP1,Messenger RNA,0.0,0,1,2,5.811379452719616e-09,0.38108218617963746,0.013157894736842105,1.0
CHFR,CHFR,Messenger RNA,0.0,0,1,2,0.00020204888797983048,0.3842770753161078,0.013157894736842105,0.0
GINS1,GINS1,Messenger RNA,0.0,0,1,1,0.0,0.435785536159601,0.006578947368421052,
RYBP,RYBP,Messenger RNA,0.0,0,1,3,7.025074583163935e-05,0.4467881112176414,0.019736842105263157,1.0
USP36,USP36,Messenger RNA,0.0,0,1,1,0.0,0.4082347787998248,0.006578947368421052,
GOLGA3,GOLGA3,Messenger RNA,0.0,0,1,1,0.0,0.39017583030979625,0.006578947368421052,
TOLLIP,TOLLIP,Messenger RNA,0.0,0,1,2,3.958871587481144e-06,0.41446783278980137,0.013157894736842105,1.0
RGP1,RGP1,Messenger RNA,0.0,0,1,3,0.0009136295851918882,0.4530870199319397,0.019736842105263157,1.0
IKZF4,IKZF4,Messenger RNA,0.0,0,1,4,0.0012023336294018478,0.4598684210526316,0.02631578947368421,1.0
SCN2B,SCN2B,Messenger RNA,0.0,0,1,3,0.0007874405270574398,0.44879614767255216,0.019736842105263157,1.0
FRK,FRK,Messenger RNA,0.0,0,1,5,0.002635964799386771,0.4676367285499247,0.03289473684210526,1.0
PLPP3,PLPP3,Messenger RNA,0.0,0,1,3,0.0007961879938040799,0.2808921036769138,0.019736842105263157,0.3333333333333333
XIAP,XIAP,Messenger RNA,0.0,0,1,5,0.0010046314819627611,0.4497345986810359,0.03289473684210526,1.0
NUS1,NUS1,Messenger RNA,0.0,0,1,1,0.0,0.41379310344827586,0.006578947368421052,
LRIG2,LRIG2,Messenger RNA,0.0,0,1,2,0.00012773532912729657,0.446716727911807,0.013157894736842105,1.0
ENTPD5,ENTPD5,Messenger RNA,0.0,0,1,2,0.00023723215642158934,0.4166915052160954,0.013157894736842105,1.0
RPP14,RPP14,Messenger RNA,0.0,0,1,2,2.675065835310257e-05,0.44261516542662654,0.013157894736842105,1.0
NEDD4L,NEDD4L,Messenger RNA,0.0,0,1,4,0.0017922563039322978,0.4573110893032385,0.02631578947368421,1.0
USP46,USP46,Messenger RNA,0.0,0,1,2,0.0005283547096032776,0.44268524382520585,0.013157894736842105,1.0
ALPK3,ALPK3,Messenger RNA,0.0,0,1,2,3.1594703872944763e-06,0.25867332778240354,0.013157894736842105,1.0
DUSP16,DUSP16,Messenger RNA,0.0,0,1,3,0.0006476661178609909,0.4289659404725376,0.019736842105263157,1.0
HNRNPA3,HNRNPA3,Messenger RNA,0.0,0,1,2,0.0002673206285842008,0.37646425205331896,0.013157894736842105,0.0
WAC,WAC,Messenger RNA,0.0,0,1,2,2.231246209077866e-05,0.4412182420703803,0.013157894736842105,1.0
TMEM25,TMEM25,Messenger RNA,0.0,0,1,1,0.0,0.435785536159601,0.006578947368421052,
UNC5D,UNC5D,Messenger RNA,0.0,0,1,1,0.0,0.41379310344827586,0.006578947368421052,
RAB8A,RAB8A,Messenger RNA,0.0,0,1,1,0.0,0.41963079693831606,0.006578947368421052,
WAPL,WAPL,Messenger RNA,0.0,0,1,3,0.0008643094020994202,0.46024691358024694,0.019736842105263157,1.0
SH3KBP1,SH3KBP1,Messenger RNA,0.0,0,1,2,0.00011367613644820685,0.25769585253456223,0.013157894736842105,1.0
MN1,MN1,Messenger RNA,0.0,0,1,1,0.0,0.22197523023181961,0.006578947368421052,
CA12,CA12,Messenger RNA,0.0,0,1,1,0.0,0.40034364261168387,0.006578947368421052,
B4GALNT3,B4GALNT3,Messenger RNA,0.0,0,1,4,0.001307710044781926,0.4137318733353063,0.02631578947368421,0.6666666666666666
UPF1,UPF1,Messenger RNA,0.0,0,1,1,0.0,0.3664002096710785,0.006578947368421052,
CLDN12,CLDN12,Messenger RNA,0.0,0,1,3,0.002483675446618623,0.47438072616219884,0.019736842105263157,1.0
KPNA6,KPNA6,Messenger RNA,0.0,0,1,3,0.00047335277172143943,0.42026153614910566,0.019736842105263157,1.0
IGF1,IGF1,Messenger RNA,0.0,0,1,5,0.0032154092819583753,0.2608939068769245,0.03289473684210526,0.8
TOM1L2,TOM1L2,Messenger RNA,0.0,0,1,1,0.0,0.415083135391924,0.006578947368421052,
CD226,CD226,Messenger RNA,0.0,0,1,1,0.0,0.4109347442680776,0.006578947368421052,
U2SURP,U2SURP,Messenger RNA,0.0,0,1,4,0.0017688980815193582,0.4600197433366239,0.02631578947368421,1.0
NAT8L,NAT8L,Messenger RNA,0.0,0,1,2,0.00018984498946169107,0.25934514423522864,0.013157894736842105,0.0
TIMP3,TIMP3,Messenger RNA,0.0,0,1,1,0.0,0.2566786009363812,0.006578947368421052,
ETNK1,ETNK1,Messenger RNA,0.0,0,1,3,0.0003036219603725514,0.4553745928338762,0.019736842105263157,1.0
RBBP6,RBBP6,Messenger RNA,0.0,0,1,2,0.00012773532912729657,0.446716727911807,0.013157894736842105,1.0
ITGB8,ITGB8,Messenger RNA,0.0,0,1,3,0.00045995694940911813,0.4516233241802617,0.019736842105263157,1.0
KIT,KIT,Messenger RNA,0.0,0,1,2,9.859177737031586e-05,0.4168778887729238,0.013157894736842105,1.0
SMIM14,SMIM14,Messenger RNA,0.0,0,1,7,0.0020894442822101673,0.46329743164871584,0.046052631578947366,1.0
TRPS1,TRPS1,Messenger RNA,0.0,0,1,4,0.0014712581042932848,0.4469309462915601,0.02631578947368421,0.5
SINHCAF,SINHCAF,Messenger RNA,0.0,0,1,2,2.675065835310257e-05,0.44261516542662654,0.013157894736842105,1.0
CAMK2B,CAMK2B,Messenger RNA,0.0,0,1,2,0.00013830412712573947,0.4214651793789569,0.013157894736842105,1.0
GPR61,GPR61,Messenger RNA,0.0,0,1,2,0.00043953889932658185,0.4318146718146718,0.013157894736842105,1.0
MBOAT2,MBOAT2,Messenger RNA,0.0,0,1,2,0.0001051805539493423,0.40853302162478083,0.013157894736842105,1.0
FAM222B,FAM222B,Messenger RNA,0.0,0,1,1,0.0,0.435785536159601,0.006578947368421052,
MAP3K21,MAP3K21,Messenger RNA,0.0,0,1,2,4.489057203105293e-05,0.44345757335448055,0.013157894736842105,1.0
SOST,SOST,Messenger RNA,0.0,0,1,1,0.0,0.3696945656485522,0.006578947368421052,
LYPD6,LYPD6,Messenger RNA,0.0,0,1,4,0.00011108999158420607,0.44764649375600385,0.02631578947368421,1.0
SLC30A9,SLC30A9,Messenger RNA,0.0,0,1,2,0.00011164353798828339,0.4176250933532487,0.013157894736842105,1.0
SON,SON,Messenger RNA,0.0,0,1,2,9.859177737031586e-05,0.4168778887729238,0.013157894736842105,1.0
JAZF1,JAZF1,Messenger RNA,0.0,0,1,4,0.00015914780239112782,0.2588888888888889,0.02631578947368421,0.6666666666666666
DSCAM,DSCAM,Messenger RNA,0.0,0,1,2,3.958871587481144e-06,0.41446783278980137,0.013157894736842105,1.0
SLC9A7,SLC9A7,Messenger RNA,0.0,0,1,1,0.0,0.4082347787998248,0.006578947368421052,
PPIG,PPIG,Messenger RNA,0.0,0,1,2,0.00012773532912729657,0.446716727911807,0.013157894736842105,1.0
SYS1,SYS1,Messenger RNA,0.0,0,1,4,0.005727667807709816,0.45858618992947353,0.02631578947368421,0.5
TMED8,TMED8,Messenger RNA,0.0,0,1,5,0.0027038959784967615,0.4896672504378284,0.03289473684210526,1.0
RAB3IP,RAB3IP,Messenger RNA,0.0,0,1,1,0.0,0.3856551724137931,0.006578947368421052,
ZDHHC5,ZDHHC5,Messenger RNA,0.0,0,1,1,0.0,0.4082347787998248,0.006578947368421052,
ELP4,ELP4,Messenger RNA,0.0,0,1,1,0.0,0.41619529621911283,0.006578947368421052,
UEVLD,UEVLD,Messenger RNA,0.0,0,1,4,0.00011108999158420607,0.44764649375600385,0.02631578947368421,1.0
SLC35F2,SLC35F2,Messenger RNA,0.0,0,1,1,0.0,0.3664002096710785,0.006578947368421052,
SEC22C,SEC22C,Messenger RNA,0.0,0,1,1,0.0,0.42798101943976735,0.006578947368421052,
NME7,NME7,Messenger RNA,0.0,0,1,1,0.0,0.41619529621911283,0.006578947368421052,
ATE1,ATE1,Messenger RNA,0.0,0,1,3,7.025074583163935e-05,0.4467881112176414,0.019736842105263157,1.0
SLC4A8,SLC4A8,Messenger RNA,0.0,0,1,3,0.0008403638239088794,0.4387947269303202,0.019736842105263157,0.6666666666666666
POLH,POLH,Messenger RNA,0.0,0,1,1,0.0,0.3783491204330176,0.006578947368421052,
USP37,USP37,Messenger RNA,0.0,0,1,2,0.00018325477889168882,0.4342289175337785,0.013157894736842105,1.0
TBC1D30,TBC1D30,Messenger RNA,0.0,0,1,2,0.0005582207866494879,0.4312818139750116,0.013157894736842105,1.0
PIK3R1,PIK3R1,Messenger RNA,0.0,0,1,4,0.0016000688160078742,0.47876712328767124,0.02631578947368421,1.0
MIOS,MIOS,Messenger RNA,0.0,0,1,1,0.0,0.3783491204330176,0.006578947368421052,
NAA15,NAA15,Messenger RNA,0.0,0,1,2,0.00012773532912729657,0.446716727911807,0.013157894736842105,1.0
TIAM2,TIAM2,Messenger RNA,0.0,0,1,2,5.811379452719616e-09,0.38108218617963746,0.013157894736842105,1.0
NUP155,NUP155,Messenger RNA,0.0,0,1,1,0.0,0.4109347442680776,0.006578947368421052,
PHLPP2,PHLPP2,Messenger RNA,0.0,0,1,4,0.0019193263954965334,0.46826327248367106,0.02631578947368421,1.0
ELMO1,ELMO1,Messenger RNA,0.0,0,1,2,0.0012086725804270068,0.33034026465028354,0.013157894736842105,1.0
HECTD2,HECTD2,Messenger RNA,0.0,0,1,1,0.0,0.435785536159601,0.006578947368421052,
SV2B,SV2B,Messenger RNA,0.0,0,1,2,7.05833332554101e-05,0.2239487384861834,0.013157894736842105,0.0
NEK7,NEK7,Messenger RNA,0.0,0,1,1,0.0,0.2566786009363812,0.006578947368421052,
RNF38,RNF38,Messenger RNA,0.0,0,1,1,0.0,0.36096049573973665,0.006578947368421052,
TFAP2B,TFAP2B,Messenger RNA,0.0,0,1,1,0.0,0.4010902309568211,0.006578947368421052,
ARHGAP44,ARHGAP44,Messenger RNA,0.0,0,1,1,0.0,0.39017583030979625,0.006578947368421052,
C1orf21,C1orf21,Messenger RNA,0.0,0,1,8,0.004931883380665613,0.476158038147139,0.05263157894736842,0.9642857142857143
HOXB8,HOXB8,Messenger RNA,0.0,0,1,1,0.0,0.25620819206451023,0.006578947368421052,
POLR3H,POLR3H,Messenger RNA,0.0,0,1,1,0.0,0.41963079693831606,0.006578947368421052,
PLCB1,PLCB1,Messenger RNA,0.0,0,1,1,0.0,0.435785536159601,0.006578947368421052,
TSPAN31,TSPAN31,Messenger RNA,0.0,0,1,1,0.0,0.406041243101946,0.006578947368421052,
JADE2,JADE2,Messenger RNA,0.0,0,1,4,0.0008517115677803026,0.4508223153821348,0.02631578947368421,1.0
TMEM26,TMEM26,Messenger RNA,0.0,0,1,1,0.0,0.36828240252897787,0.006578947368421052,
CNOT6,CNOT6,Messenger RNA,0.0,0,1,3,0.001016997302332587,0.4214651793789569,0.019736842105263157,0.3333333333333333
ERP29,ERP29,Messenger RNA,0.0,0,1,2,0.0007007477571678369,0.3697434541126686,0.013157894736842105,0.0
CNOT6L,CNOT6L,Messenger RNA,0.0,0,1,6,0.0032710005548930257,0.4878729715581923,0.039473684210526314,1.0
ANKFY1,ANKFY1,Messenger RNA,0.0,0,1,1,0.0,0.415083135391924,0.006578947368421052,
SUPT6H,SUPT6H,Messenger RNA,0.0,0,1,1,0.0,0.415083135391924,0.006578947368421052,
TRDN,TRDN,Messenger RNA,0.0,0,1,2,0.0012086725804270068,0.33034026465028354,0.013157894736842105,1.0
DSTYK,DSTYK,Messenger RNA,0.0,0,1,3,7.025074583163935e-05,0.4467881112176414,0.019736842105263157,1.0
CDC40,CDC40,Messenger RNA,0.0,0,1,3,7.025074583163935e-05,0.4467881112176414,0.019736842105263157,1.0
ZRANB1,ZRANB1,Messenger RNA,0.0,0,1,1,0.0,0.435785536159601,0.006578947368421052,
IFFO2,IFFO2,Messenger RNA,0.0,0,1,3,0.0006036660988282068,0.433152594887684,0.019736842105263157,1.0
SYNGR1,SYNGR1,Messenger RNA,0.0,0,1,2,0.0009714042399116028,0.43301842961127457,0.013157894736842105,1.0
FBXO28,FBXO28,Messenger RNA,0.0,0,1,4,0.0015706477750816639,0.45544877015800617,0.02631578947368421,1.0
UBE2G1,UBE2G1,Messenger RNA,0.0,0,1,3,0.0007017341588952986,0.4220377358490566,0.019736842105263157,0.6666666666666666
ZNF148,ZNF148,Messenger RNA,0.0,0,1,8,0.00412041146110678,0.4614622875061891,0.05263157894736842,0.9642857142857143
TMEM63B,TMEM63B,Messenger RNA,0.0,0,1,1,0.0,0.40034364261168387,0.006578947368421052,
DAZAP2,DAZAP2,Messenger RNA,0.0,0,1,3,0.0007874359423524268,0.4407313997477932,0.019736842105263157,1.0
RUNX3,RUNX3,Messenger RNA,0.0,0,1,1,0.0,0.435785536159601,0.006578947368421052,
IL1RAP,IL1RAP,Messenger RNA,0.0,0,1,2,2.675065835310257e-05,0.44261516542662654,0.013157894736842105,1.0
SENP2,SENP2,Messenger RNA,0.0,0,1,1,0.0,0.39891567984020543,0.006578947368421052,
LOX,LOX,Messenger RNA,0.0,0,1,3,0.00031922572368405026,0.28157099697885196,0.019736842105263157,1.0
ATP6V0B,ATP6V0B,Messenger RNA,0.0,0,1,1,0.0,0.40034364261168387,0.006578947368421052,
AGMAT,AGMAT,Messenger RNA,0.0,0,1,1,0.0,0.41379310344827586,0.006578947368421052,
KIF26B,KIF26B,Messenger RNA,0.0,0,1,3,0.00031864364501071906,0.44233507356430946,0.019736842105263157,1.0
MINDY2,MINDY2,Messenger RNA,0.0,0,1,2,4.489057203105293e-05,0.44345757335448055,0.013157894736842105,1.0
ST13,ST13,Messenger RNA,0.0,0,1,2,0.00019491556745365014,0.42817764165390504,0.013157894736842105,1.0
PRRT2,PRRT2,Messenger RNA,0.0,0,1,1,0.0,0.415083135391924,0.006578947368421052,
CISD2,CISD2,Messenger RNA,0.0,0,1,1,0.0,0.40034364261168387,0.006578947368421052,
DNAJC27,DNAJC27,Messenger RNA,0.0,0,1,5,0.0013929933134875123,0.45544877015800617,0.03289473684210526,0.9
KCNC4,KCNC4,Messenger RNA,0.0,0,1,2,0.0003089877773724754,0.43948443885570576,0.013157894736842105,1.0
SLC33A1,SLC33A1,Messenger RNA,0.0,0,1,3,4.46042149219153e-05,0.4363295880149813,0.019736842105263157,1.0
ZMYM2,ZMYM2,Messenger RNA,0.0,0,1,1,0.0,0.43002153183635805,0.006578947368421052,
THUMPD1,THUMPD1,Messenger RNA,0.0,0,1,2,4.489057203105293e-05,0.44345757335448055,0.013157894736842105,1.0
PAX9,PAX9,Messenger RNA,0.0,0,1,1,0.0,0.36915764457354105,0.006578947368421052,
SEPTIN11,SEPTIN11,Messenger RNA,0.0,0,1,2,7.255235223171068e-05,0.25874514158800666,0.013157894736842105,1.0
MRPL43,MRPL43,Messenger RNA,0.0,0,1,1,0.0,0.406041243101946,0.006578947368421052,
AREL1,AREL1,Messenger RNA,0.0,0,1,5,0.0035739646709910707,0.47173949721612957,0.03289473684210526,1.0
FAXC,FAXC,Messenger RNA,0.0,0,1,2,0.0011440236060100992,0.4247303660944858,0.013157894736842105,0.0
ATP2B4,ATP2B4,Messenger RNA,0.0,0,1,3,0.0012352410291993625,0.2593210907067334,0.019736842105263157,1.0
PGM2L1,PGM2L1,Messenger RNA,0.0,0,1,6,0.005736016748459213,0.4939929328621908,0.039473684210526314,1.0
GAN,GAN,Messenger RNA,0.0,0,1,6,0.0034370571063171273,0.4856696195935383,0.039473684210526314,0.7333333333333333
MTERF4,MTERF4,Messenger RNA,0.0,0,1,1,0.0,0.4226757369614512,0.006578947368421052,
OTUD4,OTUD4,Messenger RNA,0.0,0,1,6,0.0031774073094749927,0.4790131917080692,0.039473684210526314,0.8
STK24,STK24,Messenger RNA,0.0,0,1,2,0.0002097914547406174,0.4180622009569378,0.013157894736842105,1.0
EMSY,EMSY,Messenger RNA,0.0,0,1,4,0.0006436868891714283,0.44966227082663235,0.02631578947368421,1.0
SPRYD4,SPRYD4,Messenger RNA,0.0,0,1,1,0.0,0.4082347787998248,0.006578947368421052,
LYRM2,LYRM2,Messenger RNA,0.0,0,1,1,0.0,0.36828240252897787,0.006578947368421052,
AIDA,AIDA,Messenger RNA,0.0,0,1,2,0.00010200973203760065,0.25571611487104445,0.013157894736842105,1.0
NUP43,NUP43,Messenger RNA,0.0,0,1,1,0.0,0.4082347787998248,0.006578947368421052,
FAM168B,FAM168B,Messenger RNA,0.0,0,1,3,0.0011901313389790287,0.44416203335980936,0.019736842105263157,1.0
CIAO2A,CIAO2A,Messenger RNA,0.0,0,1,1,0.0,0.41379310344827586,0.006578947368421052,
RAB21,RAB21,Messenger RNA,0.0,0,1,3,7.025074583163935e-05,0.4467881112176414,0.019736842105263157,1.0
SLC4A7,SLC4A7,Messenger RNA,0.0,0,1,2,0.0002590251352529276,0.4626075446724024,0.013157894736842105,1.0
CYB561,CYB561,Messenger RNA,0.0,0,1,3,0.0011859171291397894,0.4525736484299126,0.019736842105263157,0.6666666666666666
SLC39A6,SLC39A6,Messenger RNA,0.0,0,1,3,0.00025394242678971105,0.43803853987153374,0.019736842105263157,0.6666666666666666
SYAP1,SYAP1,Messenger RNA,0.0,0,1,4,0.0013113401347754313,0.4471453702222933,0.02631578947368421,1.0
RAB11FIP1,RAB11FIP1,Messenger RNA,0.0,0,1,2,0.00040385556841057745,0.4485801379752928,0.013157894736842105,1.0
RRAGD,RRAGD,Messenger RNA,0.0,0,1,3,0.00013403205587319162,0.2577908906509312,0.019736842105263157,1.0
MYO5B,MYO5B,Messenger RNA,0.0,0,1,1,0.0,0.435785536159601,0.006578947368421052,
BTBD7,BTBD7,Messenger RNA,0.0,0,1,4,0.00016671667916660348,0.44793335469400836,0.02631578947368421,1.0
PDK3,PDK3,Messenger RNA,0.0,0,1,2,0.001183373191666446,0.43803853987153374,0.013157894736842105,0.0
INO80,INO80,Messenger RNA,0.0,0,1,3,0.0003564713197109467,0.44508118433619864,0.019736842105263157,1.0
ENAH,ENAH,Messenger RNA,0.0,0,1,7,0.00485338015697084,0.46975806451612906,0.046052631578947366,0.9047619047619048
DCX,DCX,Messenger RNA,0.0,0,1,2,0.00016728049289610656,0.4144064028457092,0.013157894736842105,1.0
PCM1,PCM1,Messenger RNA,0.0,0,1,2,4.489057203105293e-05,0.44345757335448055,0.013157894736842105,1.0
TET2,TET2,Messenger RNA,0.0,0,1,2,0.00017337331343456234,0.4161333531775562,0.013157894736842105,1.0
FBXL3,FBXL3,Messenger RNA,0.0,0,1,2,2.675065835310257e-05,0.44261516542662654,0.013157894736842105,1.0
PPM1H,PPM1H,Messenger RNA,0.0,0,1,1,0.0,0.4082347787998248,0.006578947368421052,
MASTL,MASTL,Messenger RNA,0.0,0,1,1,0.0,0.435785536159601,0.006578947368421052,
AKAP12,AKAP12,Messenger RNA,0.0,0,1,2,0.00011503870218414047,0.25798117733899245,0.013157894736842105,1.0
HNMT,HNMT,Messenger RNA,0.0,0,1,2,2.684934628791172e-06,0.257767124550567,0.013157894736842105,1.0
LHX4,LHX4,Messenger RNA,0.0,0,1,2,2.231246209077866e-05,0.4412182420703803,0.013157894736842105,1.0
USP15,USP15,Messenger RNA,0.0,0,1,1,0.0,0.42628449458758955,0.006578947368421052,
EIF2S1,EIF2S1,Messenger RNA,0.0,0,1,3,5.6863509106632646e-05,0.4438095238095238,0.019736842105263157,1.0
MFN1,MFN1,Messenger RNA,0.0,0,1,3,0.0006392125038161693,0.4672459893048128,0.019736842105263157,1.0
ZNF428,ZNF428,Messenger RNA,0.0,0,1,1,0.0,0.38586806513938726,0.006578947368421052,
FANCD2,FANCD2,Messenger RNA,0.0,0,1,1,0.0,0.3664002096710785,0.006578947368421052,
SYNCRIP,SYNCRIP,Messenger RNA,0.0,0,1,7,0.008927803527474342,0.4979519145146928,0.046052631578947366,0.8571428571428571
YES1,YES1,Messenger RNA,0.0,0,1,4,0.00011108999158420607,0.44764649375600385,0.02631578947368421,1.0
ANK3,ANK3,Messenger RNA,0.0,0,1,2,0.00011064641837612724,0.4084733382030679,0.013157894736842105,0.0
PHIP,PHIP,Messenger RNA,0.0,0,1,4,0.0011010066288581286,0.472936400541272,0.02631578947368421,0.8333333333333334
GRIN1,GRIN1,Messenger RNA,0.0,0,1,1,0.0,0.3631168831168831,0.006578947368421052,
FAHD2A,FAHD2A,Messenger RNA,0.0,0,1,1,0.0,0.4109347442680776,0.006578947368421052,
DCUN1D3,DCUN1D3,Messenger RNA,0.0,0,1,7,0.05208473162128783,0.33878589603780446,0.046052631578947366,0.6190476190476191
KIAA0319L,KIAA0319L,Messenger RNA,0.0,0,1,2,0.00013586876114546163,0.4413575374901342,0.013157894736842105,1.0
MRAS,MRAS,Messenger RNA,0.0,0,1,3,0.0002877221997926382,0.25927299703264095,0.019736842105263157,0.6666666666666666
WBP11,WBP11,Messenger RNA,0.0,0,1,1,0.0,0.43002153183635805,0.006578947368421052,
USP47,USP47,Messenger RNA,0.0,0,1,1,0.0,0.41379310344827586,0.006578947368421052,
SHROOM4,SHROOM4,Messenger RNA,0.0,0,1,3,0.00013704411397185505,0.25944140298784446,0.019736842105263157,1.0
STAT3,STAT3,Messenger RNA,0.0,0,1,4,0.003361723015247797,0.4850798056904927,0.02631578947368421,1.0
MEF2D,MEF2D,Messenger RNA,0.0,0,1,3,0.0003768419557272226,0.42408615197937205,0.019736842105263157,1.0
ANKRD46,ANKRD46,Messenger RNA,0.0,0,1,1,0.0,0.222717858849769,0.006578947368421052,
RASGRF1,RASGRF1,Messenger RNA,0.0,0,1,2,9.997385051262901e-05,0.4214651793789569,0.013157894736842105,1.0
CALM1,CALM1,Messenger RNA,0.0,0,1,4,0.0012462512953718677,0.2593210907067334,0.02631578947368421,0.3333333333333333
FBXW7,FBXW7,Messenger RNA,0.0,0,1,2,0.0003150212534959848,0.44501034537641254,0.013157894736842105,1.0
BEST1,BEST1,Messenger RNA,0.0,0,1,1,0.0,0.20763404128917273,0.006578947368421052,
ZBTB21,ZBTB21,Messenger RNA,0.0,0,1,3,8.650361055146606e-05,0.44268524382520585,0.019736842105263157,1.0
DOK7,DOK7,Messenger RNA,0.0,0,1,1,0.0,0.41379310344827586,0.006578947368421052,
CDC42SE2,CDC42SE2,Messenger RNA,0.0,0,1,2,4.489057203105293e-05,0.44345757335448055,0.013157894736842105,1.0
HMGXB4,HMGXB4,Messenger RNA,0.0,0,1,2,4.489057203105293e-05,0.44345757335448055,0.013157894736842105,1.0
AP5M1,AP5M1,Messenger RNA,0.0,0,1,3,0.0007104497426460689,0.4214651793789569,0.019736842105263157,0.6666666666666666
SPRED3,SPRED3,Messenger RNA,0.0,0,1,1,0.0,0.3664002096710785,0.006578947368421052,
IPPK,IPPK,Messenger RNA,0.0,0,1,2,0.00040300465513026763,0.4379013312451057,0.013157894736842105,1.0
INO80D,INO80D,Messenger RNA,0.0,0,1,5,0.0020569001837653926,0.45858618992947353,0.03289473684210526,1.0
ABI1,ABI1,Messenger RNA,0.0,0,1,2,2.231246209077866e-05,0.4412182420703803,0.013157894736842105,1.0
XPO7,XPO7,Messenger RNA,0.0,0,1,2,0.000496885268358069,0.4354461921819031,0.013157894736842105,1.0
TBP,TBP,Messenger RNA,0.0,0,1,2,4.489057203105293e-05,0.44345757335448055,0.013157894736842105,1.0
LRRC73,LRRC73,Messenger RNA,0.0,0,1,1,0.0,0.41379310344827586,0.006578947368421052,
GAPVD1,GAPVD1,Messenger RNA,0.0,0,1,1,0.0,0.39017583030979625,0.006578947368421052,
CYP4F11,CYP4F11,Messenger RNA,0.0,0,1,1,0.0,0.3845413285655343,0.006578947368421052,
AAK1,AAK1,Messenger RNA,0.0,0,1,8,0.012537223401125182,0.5010752688172043,0.05263157894736842,0.8214285714285714
FNBP4,FNBP4,Messenger RNA,0.0,0,1,1,0.0,0.41379310344827586,0.006578947368421052,
KIAA1671,KIAA1671,Messenger RNA,0.0,0,1,2,2.675065835310257e-05,0.44261516542662654,0.013157894736842105,1.0
CHMP7,CHMP7,Messenger RNA,0.0,0,1,1,0.0,0.41963079693831606,0.006578947368421052,
TGFBR2,TGFBR2,Messenger RNA,0.0,0,1,4,0.0005293972341396238,0.25896082245068075,0.02631578947368421,0.8333333333333334
BCL7C,BCL7C,Messenger RNA,0.0,0,1,1,0.0,0.3664002096710785,0.006578947368421052,
GMCL1,GMCL1,Messenger RNA,0.0,0,1,1,0.0,0.4226757369614512,0.006578947368421052,
ATF2,ATF2,Messenger RNA,0.0,0,1,1,0.0,0.27320695720148525,0.006578947368421052,
ETNK2,ETNK2,Messenger RNA,0.0,0,1,4,0.005150459540762649,0.44600414739192856,0.02631578947368421,0.8333333333333334
ANGPTL2,ANGPTL2,Messenger RNA,0.0,0,1,3,0.00014451052272729313,0.25898480918858835,0.019736842105263157,1.0
PCDH19,PCDH19,Messenger RNA,0.0,0,1,1,0.0,0.32816901408450705,0.006578947368421052,
CXXC5,CXXC5,Messenger RNA,0.0,0,1,1,0.0,0.4082347787998248,0.006578947368421052,
LUC7L2,LUC7L2,Messenger RNA,0.0,0,1,4,0.0007846041971051551,0.40865244080678165,0.02631578947368421,0.5
ESR2,ESR2,Messenger RNA,0.0,0,1,1,0.0,0.2572927210821754,0.006578947368421052,
TENT5C,TENT5C,Messenger RNA,0.0,0,1,4,0.0005267420164760617,0.44664536741214056,0.02631578947368421,1.0
TADA2B,TADA2B,Messenger RNA,0.0,0,1,2,0.0003009627171864262,0.4288343558282209,0.013157894736842105,1.0
MID1IP1,MID1IP1,Messenger RNA,0.0,0,1,1,0.0,0.20752616343798708,0.006578947368421052,
ANK1,ANK1,Messenger RNA,0.0,0,1,2,4.728526400609113e-06,0.2574822727691316,0.013157894736842105,1.0
TRAPPC8,TRAPPC8,Messenger RNA,0.0,0,1,1,0.0,0.40557006092254133,0.006578947368421052,
GRAMD1B,GRAMD1B,Messenger RNA,0.0,0,1,2,0.0012500665210751322,0.422547982469397,0.013157894736842105,0.0
TBL1X,TBL1X,Messenger RNA,0.0,0,1,1,0.0,0.39017583030979625,0.006578947368421052,
PRKCE,PRKCE,Messenger RNA,0.0,0,1,1,0.0,0.4082347787998248,0.006578947368421052,
UNC5C,UNC5C,Messenger RNA,0.0,0,1,1,0.0,0.39017583030979625,0.006578947368421052,
CCSER1,CCSER1,Messenger RNA,0.0,0,1,1,0.0,0.36828240252897787,0.006578947368421052,
GFRA1,GFRA1,Messenger RNA,0.0,0,1,3,0.00211663053594205,0.40143575017946875,0.019736842105263157,0.6666666666666666
TSN,TSN,Messenger RNA,0.0,0,1,1,0.0,0.415083135391924,0.006578947368421052,
DLG3,DLG3,Messenger RNA,0.0,0,1,3,0.0006908743325154478,0.3800978792822186,0.019736842105263157,0.3333333333333333
BAK1,BAK1,Messenger RNA,0.0,0,1,1,0.0,0.406041243101946,0.006578947368421052,
FITM2,FITM2,Messenger RNA,0.0,0,1,1,0.0,0.22259374253642225,0.006578947368421052,
DICER1,DICER1,Messenger RNA,0.0,0,1,3,0.0004421028484460948,0.44879614767255216,0.019736842105263157,1.0
CDC25A,CDC25A,Messenger RNA,0.0,0,1,1,0.0,0.3530748831923223,0.006578947368421052,
CDK5R1,CDK5R1,Messenger RNA,0.0,0,1,2,0.00024515931858874697,0.4148983528713459,0.013157894736842105,1.0
LRRC32,LRRC32,Messenger RNA,0.0,0,1,1,0.0,0.2566786009363812,0.006578947368421052,
NBEA,NBEA,Messenger RNA,0.0,0,1,3,8.650361055146606e-05,0.44268524382520585,0.019736842105263157,1.0
CCNJ,CCNJ,Messenger RNA,0.0,0,1,1,0.0,0.435785536159601,0.006578947368421052,
STAM2,STAM2,Messenger RNA,0.0,0,1,1,0.0,0.40557006092254133,0.006578947368421052,
ZNF395,ZNF395,Messenger RNA,0.0,0,1,1,0.0,0.3860278889962723,0.006578947368421052,
PRKAA2,PRKAA2,Messenger RNA,0.0,0,1,1,0.0,0.4082347787998248,0.006578947368421052,
SEMA3A,SEMA3A,Messenger RNA,0.0,0,1,1,0.0,0.2572927210821754,0.006578947368421052,
TCF4,TCF4,Messenger RNA,0.0,0,1,2,0.0006940325407566761,0.2575059863694971,0.013157894736842105,0.0
RAB11A,RAB11A,Messenger RNA,0.0,0,1,4,0.0009624489419696406,0.42102093058274354,0.02631578947368421,0.6666666666666666
ZNF470,ZNF470,Messenger RNA,0.0,0,1,1,0.0,0.41619529621911283,0.006578947368421052,
NRP2,NRP2,Messenger RNA,0.0,0,1,1,0.0,0.2572927210821754,0.006578947368421052,
CLDN1,CLDN1,Messenger RNA,0.0,0,1,1,0.0,0.3856551724137931,0.006578947368421052,
SETD6,SETD6,Messenger RNA,0.0,0,1,1,0.0,0.43002153183635805,0.006578947368421052,
TNFRSF19,TNFRSF19,Messenger RNA,0.0,0,1,1,0.0,0.3664002096710785,0.006578947368421052,
ODF2L,ODF2L,Messenger RNA,0.0,0,1,1,0.0,0.3783491204330176,0.006578947368421052,
SNN,SNN,Messenger RNA,0.0,0,1,1,0.0,0.25848201904409723,0.006578947368421052,
PADI1,PADI1,Messenger RNA,0.0,0,1,2,0.00034112980177385143,0.40404624277456647,0.013157894736842105,1.0
KIF5C,KIF5C,Messenger RNA,0.0,0,1,6,0.002856173824103051,0.4688128772635815,0.039473684210526314,0.8
ETS1,ETS1,Messenger RNA,0.0,0,1,2,0.00020313076658824868,0.2810615199034982,0.013157894736842105,1.0
TAGLN2,TAGLN2,Messenger RNA,0.0,0,1,1,0.0,0.40034364261168387,0.006578947368421052,
DNTTIP2,DNTTIP2,Messenger RNA,0.0,0,1,1,0.0,0.3664002096710785,0.006578947368421052,
MYO18A,MYO18A,Messenger RNA,0.0,0,1,2,0.00043953889932658185,0.4318146718146718,0.013157894736842105,1.0
CCNYL1,CCNYL1,Messenger RNA,0.0,0,1,1,0.0,0.2572927210821754,0.006578947368421052,
GLYCTK,GLYCTK,Messenger RNA,0.0,0,1,1,0.0,0.22296650717703348,0.006578947368421052,
KCNJ15,KCNJ15,Messenger RNA,0.0,0,1,3,0.0865125995745223,0.3720558882235529,0.019736842105263157,0.3333333333333333
SKIL,SKIL,Messenger RNA,0.0,0,1,3,0.027377470769781146,0.4707070707070707,0.019736842105263157,0.6666666666666666
RORA,RORA,Messenger RNA,0.0,0,1,10,0.007391072614847874,0.49434229137199437,0.06578947368421052,0.8666666666666667
C2orf69,C2orf69,Messenger RNA,0.0,0,1,3,4.46042149219153e-05,0.4363295880149813,0.019736842105263157,1.0
ZBTB20,ZBTB20,Messenger RNA,0.0,0,1,8,0.004574961871315042,0.473336719146775,0.05263157894736842,0.8928571428571429
PDLIM5,PDLIM5,Messenger RNA,0.0,0,1,4,0.0009379516231183176,0.47876712328767124,0.02631578947368421,1.0
PDCD6IP,PDCD6IP,Messenger RNA,0.0,0,1,1,0.0,0.43002153183635805,0.006578947368421052,
PLCL2,PLCL2,Messenger RNA,0.0,0,1,1,0.0,0.2236263296808766,0.006578947368421052,
MACC1,MACC1,Messenger RNA,0.0,0,1,3,0.0002811008703099054,0.45060435132957294,0.019736842105263157,1.0
HIVEP3,HIVEP3,Messenger RNA,6.0,0,1,3,0.0003081759926067812,0.44282546721571114,0.019736842105263157,1.0
ST6GALNAC3,ST6GALNAC3,Messenger RNA,0.0,0,1,2,9.308612659896778e-05,0.25722171113155473,0.013157894736842105,1.0
ERO1B,ERO1B,Messenger RNA,0.0,0,1,4,0.0005267420164760617,0.44664536741214056,0.02631578947368421,1.0
CNOT7,CNOT7,Messenger RNA,0.0,0,1,3,0.0004226852647506498,0.4361934477379095,0.019736842105263157,1.0
NETO2,NETO2,Messenger RNA,0.0,0,1,1,0.0,0.3664002096710785,0.006578947368421052,
TUB,TUB,Messenger RNA,0.0,0,1,2,0.00032992202071281944,0.4246013667425968,0.013157894736842105,1.0
DERL2,DERL2,Messenger RNA,0.0,0,1,4,0.0007733391071494033,0.44324667089410275,0.02631578947368421,1.0
ARHGEF28,ARHGEF28,Messenger RNA,0.0,0,1,1,0.0,0.435785536159601,0.006578947368421052,
SF1,SF1,Messenger RNA,0.0,0,1,2,0.0002377822372488758,0.4395535293192894,0.013157894736842105,1.0
SHE,SHE,Messenger RNA,0.0,0,1,2,4.728526400609113e-06,0.2574822727691316,0.013157894736842105,1.0
ITPR3,ITPR3,Messenger RNA,0.0,0,1,1,0.0,0.3860278889962723,0.006578947368421052,
GGA1,GGA1,Messenger RNA,0.0,0,1,1,0.0,0.41963079693831606,0.006578947368421052,
A1CF,A1CF,Messenger RNA,0.0,0,1,2,0.000496885268358069,0.4354461921819031,0.013157894736842105,1.0
COPZ1,COPZ1,Messenger RNA,0.0,0,1,2,0.0009927709416113822,0.43161469589379436,0.013157894736842105,1.0
TRIM5,TRIM5,Messenger RNA,0.0,0,1,1,0.0,0.415083135391924,0.006578947368421052,
NAIF1,NAIF1,Messenger RNA,0.0,0,1,1,0.0,0.41963079693831606,0.006578947368421052,
SAR1B,SAR1B,Messenger RNA,0.0,0,1,4,0.00011108999158420607,0.44764649375600385,0.02631578947368421,1.0
PXDN,PXDN,Messenger RNA,0.0,0,1,1,0.0,0.2572453767595915,0.006578947368421052,
EPHA7,EPHA7,Messenger RNA,0.0,0,1,3,0.0005127686130299443,0.4446564885496183,0.019736842105263157,1.0
TSPAN5,TSPAN5,Messenger RNA,0.0,0,1,3,0.0006215297948883827,0.4497345986810359,0.019736842105263157,1.0
RUFY2,RUFY2,Messenger RNA,0.0,0,1,1,0.0,0.435785536159601,0.006578947368421052,
RACGAP1,RACGAP1,Messenger RNA,0.0,0,1,1,0.0,0.435785536159601,0.006578947368421052,
ATG14,ATG14,Messenger RNA,0.0,0,1,4,0.0005861121051490618,0.4482924482924483,0.02631578947368421,1.0
DIPK2B,DIPK2B,Messenger RNA,0.0,0,1,1,0.0,0.25848201904409723,0.006578947368421052,
TRIM66,TRIM66,Messenger RNA,0.0,0,1,2,2.675065835310257e-05,0.44261516542662654,0.013157894736842105,1.0
ERO1A,ERO1A,Messenger RNA,0.0,0,1,1,0.0,0.42785003825554707,0.006578947368421052,
TCF7,TCF7,Messenger RNA,0.0,0,1,2,0.00022961312877043562,0.42057761732851984,0.013157894736842105,1.0
DCAF10,DCAF10,Messenger RNA,0.0,0,1,4,0.0011419357134183322,0.4529402235541876,0.02631578947368421,1.0
TMEM87B,TMEM87B,Messenger RNA,0.0,0,1,1,0.0,0.42628449458758955,0.006578947368421052,
VAPA,VAPA,Messenger RNA,16.0,0,1,2,0.0007045141492194094,0.3557704542562667,0.013157894736842105,0.0
TRIM44,TRIM44,Messenger RNA,0.0,0,1,5,0.002018535156800645,0.45678810651854274,0.03289473684210526,1.0
ATAD2,ATAD2,Messenger RNA,0.0,0,1,1,0.0,0.435785536159601,0.006578947368421052,
YOD1,YOD1,Messenger RNA,0.0,0,1,6,0.007782378067280364,0.4676367285499247,0.039473684210526314,0.8
RSBN1L,RSBN1L,Messenger RNA,0.0,0,1,3,0.0008977261436071184,0.42988929889298894,0.019736842105263157,1.0
PAM,PAM,Messenger RNA,0.0,0,1,1,0.0,0.2572927210821754,0.006578947368421052,
HMGCS1,HMGCS1,Messenger RNA,0.0,0,1,1,0.0,0.40557006092254133,0.006578947368421052,
PON2,PON2,Messenger RNA,0.0,0,1,1,0.0,0.435785536159601,0.006578947368421052,
TNFSF15,TNFSF15,Messenger RNA,0.0,0,1,1,0.0,0.41379310344827586,0.006578947368421052,
OAZ2,OAZ2,Messenger RNA,0.0,0,1,2,5.811379452719616e-09,0.38108218617963746,0.013157894736842105,1.0
UBA6,UBA6,Messenger RNA,0.0,0,1,3,0.0009153934343690828,0.41545319465081726,0.019736842105263157,0.3333333333333333
TFAM,TFAM,Messenger RNA,0.0,0,1,1,0.0,0.36828240252897787,0.006578947368421052,
MKRN1,MKRN1,Messenger RNA,0.0,0,1,1,0.0,0.4226757369614512,0.006578947368421052,
XPR1,XPR1,Messenger RNA,0.0,0,1,4,0.0012445909954253358,0.45858618992947353,0.02631578947368421,1.0
CAMK2D,CAMK2D,Messenger RNA,0.0,0,1,2,0.0002991160643943662,0.42026153614910566,0.013157894736842105,1.0
BRPF1,BRPF1,Messenger RNA,0.0,0,1,1,0.0,0.406041243101946,0.006578947368421052,
E2F3,E2F3,Messenger RNA,0.0,0,1,3,0.000691290646207574,0.43831321523749806,0.019736842105263157,0.3333333333333333
XKRX,XKRX,Messenger RNA,0.0,0,1,2,4.2295142577301244e-05,0.38118609406952964,0.013157894736842105,1.0
REST,REST,Messenger RNA,0.0,0,1,5,0.0007987204319670599,0.45345442750567627,0.03289473684210526,1.0
PCGF5,PCGF5,Messenger RNA,0.0,0,1,5,0.0035576323935133485,0.47078632766459,0.03289473684210526,1.0
C18orf32,C18orf32,Messenger RNA,0.0,0,1,1,0.0,0.406041243101946,0.006578947368421052,
PCDHA6,PCDHA6,Messenger RNA,0.0,0,1,2,0.0002837818288715259,0.4642975755562936,0.013157894736842105,1.0
REXO1,REXO1,Messenger RNA,0.0,0,1,1,0.0,0.4010902309568211,0.006578947368421052,
TMEM178B,TMEM178B,Messenger RNA,0.0,0,1,3,0.0008604190498894626,0.4447979637289214,0.019736842105263157,1.0
ESR1,ESR1,Messenger RNA,0.0,0,1,10,0.0070609010576537954,0.4980406127538297,0.06578947368421052,0.9333333333333333
NUMBL,NUMBL,Messenger RNA,0.0,0,1,2,2.684934628791172e-06,0.257767124550567,0.013157894736842105,1.0
FAM76B,FAM76B,Messenger RNA,0.0,0,1,2,0.00013886782140998382,0.4178123132098028,0.013157894736842105,1.0
NPAT,NPAT,Messenger RNA,0.0,0,1,2,2.231246209077866e-05,0.4412182420703803,0.013157894736842105,1.0
UBE2N,UBE2N,Messenger RNA,0.0,0,1,1,0.0,0.41379310344827586,0.006578947368421052,
HIF3A,HIF3A,Messenger RNA,0.0,0,1,3,0.00023807239647683894,0.258912862302065,0.019736842105263157,0.6666666666666666
NAA30,NAA30,Messenger RNA,0.0,0,1,2,3.227478487427729e-05,0.42615454961133975,0.013157894736842105,1.0
INSYN2B,INSYN2B,Messenger RNA,0.0,0,1,2,0.00012292551275328644,0.4091906922288892,0.013157894736842105,1.0
MOSMO,MOSMO,Messenger RNA,0.0,0,1,6,0.0019360571295169394,0.4537487828627069,0.039473684210526314,0.9333333333333333
TEX2,TEX2,Messenger RNA,0.0,0,1,1,0.0,0.40557006092254133,0.006578947368421052,
ZNF362,ZNF362,Messenger RNA,0.0,0,1,1,0.0,0.435785536159601,0.006578947368421052,
DOCK6,DOCK6,Messenger RNA,0.0,0,1,1,0.0,0.20763404128917273,0.006578947368421052,
NEK10,NEK10,Messenger RNA,0.0,0,1,4,0.0006986369176332277,0.45941505093657575,0.02631578947368421,1.0
ABHD2,ABHD2,Messenger RNA,0.0,0,1,4,0.0016947246981618605,0.45493003579563945,0.02631578947368421,0.8333333333333334
PAPOLG,PAPOLG,Messenger RNA,0.0,0,1,2,3.958871587481144e-06,0.41446783278980137,0.013157894736842105,1.0
NCBP3,NCBP3,Messenger RNA,0.0,0,1,4,0.0020199908954135763,0.45155038759689925,0.02631578947368421,0.6666666666666666
PAFAH1B2,PAFAH1B2,Messenger RNA,0.0,0,1,9,0.010674203110537604,0.4977746127826242,0.05921052631578947,0.8888888888888888
GRB7,GRB7,Messenger RNA,0.0,0,1,1,0.0,0.406041243101946,0.006578947368421052,
RNF40,RNF40,Messenger RNA,0.0,0,1,1,0.0,0.41963079693831606,0.006578947368421052,
DCUN1D4,DCUN1D4,Messenger RNA,0.0,0,1,2,0.0002503184845043346,0.4273922347905839,0.013157894736842105,1.0
SLC25A3,SLC25A3,Messenger RNA,0.0,0,1,1,0.0,0.41619529621911283,0.006578947368421052,
MECP2,MECP2,Messenger RNA,0.0,0,1,3,8.650361055146606e-05,0.44268524382520585,0.019736842105263157,1.0
ZCCHC17,ZCCHC17,Messenger RNA,0.0,0,1,1,0.0,0.32847744360902253,0.006578947368421052,
SRPK1,SRPK1,Messenger RNA,0.0,0,1,2,4.489057203105293e-05,0.44345757335448055,0.013157894736842105,1.0
DCUN1D5,DCUN1D5,Messenger RNA,0.0,0,1,4,0.0009892027636789428,0.4498069498069498,0.02631578947368421,1.0
ADCY2,ADCY2,Messenger RNA,0.0,0,1,2,0.00015629726781520226,0.4056877539175856,0.013157894736842105,1.0
SLC25A15,SLC25A15,Messenger RNA,0.0,0,1,2,0.0002991160643943662,0.42026153614910566,0.013157894736842105,1.0
DDIAS,DDIAS,Messenger RNA,0.0,0,1,1,0.0,0.435785536159601,0.006578947368421052,
GPR37L1,GPR37L1,Messenger RNA,0.0,0,1,1,0.0,0.435785536159601,0.006578947368421052,
CEP128,CEP128,Messenger RNA,0.0,0,1,3,7.025074583163935e-05,0.4467881112176414,0.019736842105263157,1.0
FNDC3A,FNDC3A,Messenger RNA,0.0,0,1,4,0.0004949592630136437,0.44843624699278267,0.02631578947368421,1.0
RAB22A,RAB22A,Messenger RNA,0.0,0,1,4,0.0025278647449201,0.4688128772635815,0.02631578947368421,1.0
ARRDC3,ARRDC3,Messenger RNA,0.0,0,1,1,0.0,0.41619529621911283,0.006578947368421052,
OTUD3,OTUD3,Messenger RNA,0.0,0,1,4,0.000781207456096385,0.4553745928338762,0.02631578947368421,1.0
PRR14L,PRR14L,Messenger RNA,0.0,0,1,3,0.0005154204632558617,0.4290317630811723,0.019736842105263157,1.0
ARID2,ARID2,Messenger RNA,0.0,0,1,1,0.0,0.3783491204330176,0.006578947368421052,
ZBTB41,ZBTB41,Messenger RNA,0.0,0,1,4,0.00016671667916660348,0.44793335469400836,0.02631578947368421,1.0
GRIP1,GRIP1,Messenger RNA,0.0,0,1,1,0.0,0.41963079693831606,0.006578947368421052,
KMT2A,KMT2A,Messenger RNA,0.0,0,1,5,0.002306777133562772,0.4888111888111888,0.03289473684210526,1.0
PPP2CA,PPP2CA,Messenger RNA,0.0,0,1,4,0.0006756990545150147,0.44458578470345045,0.02631578947368421,0.8333333333333334
MOB4,MOB4,Messenger RNA,0.0,0,1,1,0.0,0.42628449458758955,0.006578947368421052,
RANBP6,RANBP6,Messenger RNA,0.0,0,1,1,0.0,0.4010902309568211,0.006578947368421052,
TBX4,TBX4,Messenger RNA,0.0,0,1,2,8.850890499015296e-06,0.22423610554174353,0.013157894736842105,1.0
SLC35A3,SLC35A3,Messenger RNA,0.0,0,1,2,0.00023583042884553306,0.4364658133000312,0.013157894736842105,1.0
ZBTB44,ZBTB44,Messenger RNA,0.0,0,1,4,0.0016135878527718495,0.4688128772635815,0.02631578947368421,1.0
ZNRF3,ZNRF3,Messenger RNA,0.0,0,1,3,0.0004073174383948787,0.44736,0.019736842105263157,1.0
IKBKB,IKBKB,Messenger RNA,0.0,0,1,1,0.0,0.42628449458758955,0.006578947368421052,
TENT2,TENT2,Messenger RNA,0.0,0,1,4,0.0008565390609600867,0.43028624192059095,0.02631578947368421,0.8333333333333334
ATP7A,ATP7A,Messenger RNA,0.0,0,1,3,0.0008595220444204563,0.440661938534279,0.019736842105263157,1.0
SFMBT2,SFMBT2,Messenger RNA,0.0,0,1,1,0.0,0.41379310344827586,0.006578947368421052,
HAUS8,HAUS8,Messenger RNA,0.0,0,1,1,0.0,0.435785536159601,0.006578947368421052,
SFXN5,SFXN5,Messenger RNA,0.0,0,1,2,0.00040385556841057745,0.4485801379752928,0.013157894736842105,1.0
PPP6R3,PPP6R3,Messenger RNA,0.0,0,1,2,0.00019354721243987417,0.44922879177377895,0.013157894736842105,1.0
PCDHA3,PCDHA3,Messenger RNA,0.0,0,1,3,0.0004249555316574387,0.46623311655827915,0.019736842105263157,1.0
DMTF1,DMTF1,Messenger RNA,0.0,0,1,2,4.489057203105293e-05,0.44345757335448055,0.013157894736842105,1.0
MAP3K1,MAP3K1,Messenger RNA,0.0,0,1,1,0.0,0.40557006092254133,0.006578947368421052,
ATOH8,ATOH8,Messenger RNA,0.0,0,1,2,2.088064731281871e-05,0.22409232988699207,0.013157894736842105,1.0
SPOPL,SPOPL,Messenger RNA,0.0,0,1,1,0.0,0.3783491204330176,0.006578947368421052,
TBL1XR1,TBL1XR1,Messenger RNA,0.0,0,1,5,0.001547727200493004,0.45426482534524776,0.03289473684210526,1.0
GLRA3,GLRA3,Messenger RNA,0.0,0,1,2,0.00017562728964448754,0.40829439252336447,0.013157894736842105,1.0
BEND3,BEND3,Messenger RNA,0.0,0,1,3,0.001381428300706523,0.4264795607077486,0.019736842105263157,0.6666666666666666
C16orf87,C16orf87,Messenger RNA,0.0,0,1,2,0.00024854128008568307,0.41700223713646534,0.013157894736842105,1.0
ARHGEF12,ARHGEF12,Messenger RNA,0.0,0,1,2,0.00016243468536780896,0.42570036540803896,0.013157894736842105,1.0
AMIGO2,AMIGO2,Messenger RNA,0.0,0,1,1,0.0,0.415083135391924,0.006578947368421052,
DR1,DR1,Messenger RNA,0.0,0,1,1,0.0,0.4010902309568211,0.006578947368421052,
UBE2W,UBE2W,Messenger RNA,0.0,0,1,6,0.0028262711299333406,0.47245691111862115,0.039473684210526314,0.8666666666666667
FAM177A1,FAM177A1,Messenger RNA,0.0,0,1,4,0.00011108999158420607,0.44764649375600385,0.02631578947368421,1.0
NCS1,NCS1,Messenger RNA,0.0,0,1,1,0.0,0.4010902309568211,0.006578947368421052,
PCDHA4,PCDHA4,Messenger RNA,0.0,0,1,5,0.004803255270868396,0.47835757057313943,0.03289473684210526,0.7
ASB4,ASB4,Messenger RNA,1.0,0,1,1,0.0,0.39017583030979625,0.006578947368421052,
ADIPOR2,ADIPOR2,Messenger RNA,0.0,0,1,3,0.0026685175374535257,0.2817696261211327,0.019736842105263157,0.3333333333333333
NXPE3,NXPE3,Messenger RNA,0.0,0,1,4,0.0006364117080986063,0.452500404596213,0.02631578947368421,1.0
SLC7A2,SLC7A2,Messenger RNA,0.0,0,1,4,0.0005599752041892958,0.46920624265816413,0.02631578947368421,1.0
ARHGEF3,ARHGEF3,Messenger RNA,0.0,0,1,2,2.231246209077866e-05,0.4412182420703803,0.013157894736842105,1.0
CFAP45,CFAP45,Messenger RNA,0.0,0,1,2,0.00013586876114546163,0.4413575374901342,0.013157894736842105,1.0
TMEM170A,TMEM170A,Messenger RNA,0.0,0,1,1,0.0,0.39891567984020543,0.006578947368421052,
LAMP5,LAMP5,Messenger RNA,0.0,0,1,1,0.0,0.3664002096710785,0.006578947368421052,
PRKAB2,PRKAB2,Messenger RNA,0.0,0,1,2,0.00012773532912729657,0.446716727911807,0.013157894736842105,1.0
CACNA2D1,CACNA2D1,Messenger RNA,0.0,0,1,2,2.7972456846537572e-05,0.25836259471447054,0.013157894736842105,1.0
MOB1B,MOB1B,Messenger RNA,0.0,0,1,1,0.0,0.3783491204330176,0.006578947368421052,
KCNJ2,KCNJ2,Messenger RNA,0.0,0,1,2,0.00022036958897412017,0.44198545684476764,0.013157894736842105,1.0
MARCHF7,MARCHF7,Messenger RNA,0.0,0,1,1,0.0,0.41619529621911283,0.006578947368421052,
GNAI3,GNAI3,Messenger RNA,0.0,0,1,1,0.0,0.39891567984020543,0.006578947368421052,
MIB1,MIB1,Messenger RNA,0.0,0,1,2,0.00012773532912729657,0.446716727911807,0.013157894736842105,1.0
RSF1,RSF1,Messenger RNA,0.0,0,1,4,0.0007558055349821404,0.4465027147876078,0.02631578947368421,1.0
LYVE1,LYVE1,Messenger RNA,0.0,0,1,3,0.0009737736035661215,0.2590567960715278,0.019736842105263157,0.0
EMP2,EMP2,Messenger RNA,0.0,0,1,2,0.00038472146043520334,0.4197567932742831,0.013157894736842105,1.0
HDX,HDX,Messenger RNA,0.0,0,1,1,0.0,0.41619529621911283,0.006578947368421052,
CDH6,CDH6,Messenger RNA,0.0,0,1,3,0.0006246308728458849,0.28103326967534425,0.019736842105263157,0.3333333333333333
THAP1,THAP1,Messenger RNA,0.0,0,1,1,0.0,0.41379310344827586,0.006578947368421052,
INSIG2,INSIG2,Messenger RNA,0.0,0,1,2,0.0005232334207530759,0.4029979821274142,0.013157894736842105,0.0
KIF21A,KIF21A,Messenger RNA,0.0,0,1,1,0.0,0.42628449458758955,0.006578947368421052,
LSM14B,LSM14B,Messenger RNA,0.0,0,1,2,0.00018603362548805396,0.3774807614418793,0.013157894736842105,0.0
ERBB4,ERBB4,Messenger RNA,0.0,0,1,6,0.0025405993187543755,0.4288343558282209,0.039473684210526314,0.5333333333333333
PANK3,PANK3,Messenger RNA,0.0,0,1,5,0.0013580927820263844,0.4507496372722876,0.03289473684210526,0.9
E2F6,E2F6,Messenger RNA,0.0,0,1,1,0.0,0.415083135391924,0.006578947368421052,
NCKAP5,NCKAP5,Messenger RNA,0.0,0,1,2,2.231246209077866e-05,0.4412182420703803,0.013157894736842105,1.0
PDE3A,PDE3A,Messenger RNA,0.0,0,1,4,0.0007091991298371205,0.25826713467578055,0.02631578947368421,0.5
ZC2HC1A,ZC2HC1A,Messenger RNA,0.0,0,1,2,0.00024569368991640423,0.43161469589379436,0.013157894736842105,1.0
ING5,ING5,Messenger RNA,0.0,0,1,1,0.0,0.406041243101946,0.006578947368421052,
RPAP2,RPAP2,Messenger RNA,0.0,0,1,1,0.0,0.39891567984020543,0.006578947368421052,
GMEB1,GMEB1,Messenger RNA,0.0,0,1,1,0.0,0.3783491204330176,0.006578947368421052,
SP6,SP6,Messenger RNA,0.0,0,1,1,0.0,0.41963079693831606,0.006578947368421052,
TGIF2,TGIF2,Messenger RNA,0.0,0,1,3,0.0008643094020994202,0.46024691358024694,0.019736842105263157,1.0
C16orf72,C16orf72,Messenger RNA,0.0,0,1,4,0.0010847682217808188,0.47462230521133936,0.02631578947368421,1.0
DDI2,DDI2,Messenger RNA,0.0,0,1,1,0.0,0.40557006092254133,0.006578947368421052,
SAMD4A,SAMD4A,Messenger RNA,0.0,0,1,3,0.018879386143350777,0.3344097595981342,0.019736842105263157,0.3333333333333333
NAA25,NAA25,Messenger RNA,0.0,0,1,1,0.0,0.43002153183635805,0.006578947368421052,
GABPA,GABPA,Messenger RNA,0.0,0,1,1,0.0,0.42628449458758955,0.006578947368421052,
ZNF618,ZNF618,Messenger RNA,0.0,0,1,4,0.0008687659272795639,0.44451510333863276,0.02631578947368421,1.0
CSNK2A1,CSNK2A1,Messenger RNA,0.0,0,1,2,0.00046280936095382744,0.4063953488372093,0.013157894736842105,0.0
EIF1AX,EIF1AX,Messenger RNA,0.0,0,1,1,0.0,0.42798101943976735,0.006578947368421052,
INO80E,INO80E,Messenger RNA,0.0,0,1,1,0.0,0.41379310344827586,0.006578947368421052,
KLF12,KLF12,Messenger RNA,0.0,0,1,3,0.0008870621730755807,0.44628890662410214,0.019736842105263157,1.0
NEBL,NEBL,Messenger RNA,0.0,0,1,1,0.0,0.43002153183635805,0.006578947368421052,
NUP35,NUP35,Messenger RNA,0.0,0,1,1,0.0,0.4226757369614512,0.006578947368421052,
ST3GAL5,ST3GAL5,Messenger RNA,0.0,0,1,2,2.684934628791172e-06,0.257767124550567,0.013157894736842105,1.0
EPG5,EPG5,Messenger RNA,0.0,0,1,1,0.0,0.4082347787998248,0.006578947368421052,
BCL11B,BCL11B,Messenger RNA,0.0,0,1,2,5.811379452719616e-09,0.38108218617963746,0.013157894736842105,1.0
ACTG1,ACTG1,Messenger RNA,0.0,0,1,1,0.0,0.40034364261168387,0.006578947368421052,
NAV2,NAV2,Messenger RNA,0.0,0,1,3,0.0012607072201380226,0.47438072616219884,0.019736842105263157,1.0
DCUN1D1,DCUN1D1,Messenger RNA,0.0,0,1,3,0.0005053101324998262,0.44843624699278267,0.019736842105263157,1.0
SGSM2,SGSM2,Messenger RNA,0.0,0,1,2,0.00012773532912729657,0.446716727911807,0.013157894736842105,1.0
AKAP10,AKAP10,Messenger RNA,0.0,0,1,1,0.0,0.4082347787998248,0.006578947368421052,
MTF1,MTF1,Messenger RNA,0.0,0,1,3,0.0002854438739333572,0.44586190400255143,0.019736842105263157,1.0
TGFBR1,TGFBR1,Messenger RNA,0.0,0,1,2,0.0006401958522235564,0.42824322254556596,0.013157894736842105,0.0
GLG1,GLG1,Messenger RNA,0.0,0,1,3,0.0019072069079927704,0.42758831625630833,0.019736842105263157,0.6666666666666666
DTNA,DTNA,Messenger RNA,0.0,0,1,2,5.811379452719616e-09,0.38108218617963746,0.013157894736842105,1.0
RFX3,RFX3,Messenger RNA,0.0,0,1,2,0.00011168153682836628,0.43174799258801727,0.013157894736842105,1.0
GID4,GID4,Messenger RNA,0.0,0,1,1,0.0,0.222717858849769,0.006578947368421052,
FOXL1,FOXL1,Messenger RNA,0.0,0,1,1,0.0,0.4010902309568211,0.006578947368421052,
ARHGEF10,ARHGEF10,Messenger RNA,0.0,0,1,1,0.0,0.435785536159601,0.006578947368421052,
LGI2,LGI2,Messenger RNA,0.0,0,1,1,0.0,0.2566786009363812,0.006578947368421052,
FMR1,FMR1,Messenger RNA,0.0,0,1,4,0.0005861830631008972,0.4290317630811723,0.02631578947368421,1.0
AJAP1,AJAP1,Messenger RNA,0.0,0,1,2,0.00023494193071597257,0.44529383659818444,0.013157894736842105,1.0
ATL2,ATL2,Messenger RNA,0.0,0,1,1,0.0,0.3860278889962723,0.006578947368421052,
CNNM2,CNNM2,Messenger RNA,0.0,0,1,5,0.0019520946096311033,0.48190279214064113,0.03289473684210526,1.0
LTN1,LTN1,Messenger RNA,0.0,0,1,1,0.0,0.3783491204330176,0.006578947368421052,
XKR4,XKR4,Messenger RNA,0.0,0,1,3,0.00029647797754628314,0.25944140298784446,0.019736842105263157,0.6666666666666666
PTBP2,PTBP2,Messenger RNA,0.0,0,1,1,0.0,0.3860278889962723,0.006578947368421052,
TNPO1,TNPO1,Messenger RNA,0.0,0,1,2,4.489057203105293e-05,0.44345757335448055,0.013157894736842105,1.0
NSG1,NSG1,Messenger RNA,0.0,0,1,3,0.0006917692009716788,0.4396917754363894,0.019736842105263157,0.6666666666666666
NLN,NLN,Messenger RNA,0.0,0,1,1,0.0,0.3664002096710785,0.006578947368421052,
LANCL3,LANCL3,Messenger RNA,0.0,0,1,1,0.0,0.40034364261168387,0.006578947368421052,
UBE2V1,UBE2V1,Messenger RNA,0.0,0,1,1,0.0,0.42628449458758955,0.006578947368421052,
ECE1,ECE1,Messenger RNA,0.0,0,1,1,0.0,0.41619529621911283,0.006578947368421052,
POU5F1B,POU5F1B,Messenger RNA,0.0,0,1,2,5.811379452719616e-09,0.38108218617963746,0.013157894736842105,1.0
UBE2Z,UBE2Z,Messenger RNA,0.0,0,1,3,0.0014705483127686499,0.42660970399755876,0.019736842105263157,0.3333333333333333
TRPV3,TRPV3,Messenger RNA,0.0,0,1,1,0.0,0.25656083685079834,0.006578947368421052,
NCMAP,NCMAP,Messenger RNA,0.0,0,1,1,0.0,0.41379310344827586,0.006578947368421052,
FOXP2,FOXP2,Messenger RNA,0.0,0,1,1,0.0,0.2549699069852271,0.006578947368421052,
SNRPE,SNRPE,Messenger RNA,0.0,0,1,1,0.0,0.3416839789808139,0.006578947368421052,
C18orf25,C18orf25,Messenger RNA,0.0,0,1,2,0.0007038376697698189,0.41342599438119176,0.013157894736842105,0.0
ARAP2,ARAP2,Messenger RNA,0.0,0,1,3,0.0005814544095482429,0.4429657794676806,0.019736842105263157,1.0
SFXN2,SFXN2,Messenger RNA,0.0,0,1,1,0.0,0.43002153183635805,0.006578947368421052,
BCL2L2,BCL2L2,Messenger RNA,0.0,0,1,2,0.00016367952839895102,0.22468659594985535,0.013157894736842105,0.0
MAFK,MAFK,Messenger RNA,0.0,0,1,1,0.0,0.4080560420315236,0.006578947368421052,
PPM1A,PPM1A,Messenger RNA,0.0,0,1,3,0.0005320493675373797,0.4716599190283401,0.019736842105263157,1.0
CDK17,CDK17,Messenger RNA,0.0,0,1,2,0.00022036958897412017,0.44198545684476764,0.013157894736842105,1.0
VPS13A,VPS13A,Messenger RNA,0.0,0,1,1,0.0,0.435785536159601,0.006578947368421052,
KDSR,KDSR,Messenger RNA,0.0,0,1,2,0.00011216094191650395,0.43920829406220546,0.013157894736842105,1.0
SOS2,SOS2,Messenger RNA,0.0,0,1,2,4.489057203105293e-05,0.44345757335448055,0.013157894736842105,1.0
LIN7C,LIN7C,Messenger RNA,0.0,0,1,2,0.00036906813710717285,0.42083082480433476,0.013157894736842105,1.0
AJUBA,AJUBA,Messenger RNA,0.0,0,1,4,0.001233717116746858,0.44571975131516023,0.02631578947368421,0.8333333333333334
SMAD5,SMAD5,Messenger RNA,0.0,0,1,6,0.001429658685623885,0.4706278404309039,0.039473684210526314,0.9333333333333333
SLC2A3,SLC2A3,Messenger RNA,0.0,0,1,1,0.0,0.2572927210821754,0.006578947368421052,
ADGRG2,ADGRG2,Messenger RNA,0.0,0,1,1,0.0,0.2228954081632653,0.006578947368421052,
INAVA,INAVA,Messenger RNA,0.0,0,1,1,0.0,0.41963079693831606,0.006578947368421052,
TRIM71,TRIM71,Messenger RNA,0.0,0,1,3,0.001064078137474378,0.4577603143418468,0.019736842105263157,1.0
DLG2,DLG2,Messenger RNA,0.0,0,1,2,0.00016959916460787498,0.42083082480433476,0.013157894736842105,1.0
HPS5,HPS5,Messenger RNA,0.0,0,1,1,0.0,0.435785536159601,0.006578947368421052,
SETD5,SETD5,Messenger RNA,0.0,0,1,1,0.0,0.4082347787998248,0.006578947368421052,
ASPH,ASPH,Messenger RNA,0.0,0,1,1,0.0,0.22296650717703348,0.006578947368421052,
SLC35F1,SLC35F1,Messenger RNA,0.0,0,1,1,0.0,0.2553191489361702,0.006578947368421052,
EPC1,EPC1,Messenger RNA,0.0,0,1,1,0.0,0.43002153183635805,0.006578947368421052,
KDM6B,KDM6B,Messenger RNA,0.0,0,1,2,0.00016745833703104708,0.432750348243306,0.013157894736842105,1.0
CDH11,CDH11,Messenger RNA,0.0,0,1,1,0.0,0.39017583030979625,0.006578947368421052,
AEBP2,AEBP2,Messenger RNA,0.0,0,1,3,0.00043279425359255415,0.42570036540803896,0.019736842105263157,1.0
FDXR,FDXR,Messenger RNA,0.0,0,1,2,0.0006265803754701114,0.4235080278703423,0.013157894736842105,1.0
SAR1A,SAR1A,Messenger RNA,0.0,0,1,2,2.684934628791172e-06,0.257767124550567,0.013157894736842105,1.0
KIAA1522,KIAA1522,Messenger RNA,0.0,0,1,2,0.00011782035371651416,0.4119640489170473,0.013157894736842105,1.0
USP8,USP8,Messenger RNA,0.0,0,1,1,0.0,0.41379310344827586,0.006578947368421052,
SLC25A22,SLC25A22,Messenger RNA,0.0,0,1,1,0.0,0.37600860677783754,0.006578947368421052,
AMMECR1L,AMMECR1L,Messenger RNA,0.0,0,1,3,0.0006616786167329709,0.4557457212713936,0.019736842105263157,1.0
POFUT1,POFUT1,Messenger RNA,0.0,0,1,2,2.675065835310257e-05,0.44261516542662654,0.013157894736842105,1.0
SOCS5,SOCS5,Messenger RNA,0.0,0,1,3,0.0005878397976496535,0.444232602478551,0.019736842105263157,1.0
YWHAZ,YWHAZ,Messenger RNA,0.0,0,1,1,0.0,0.3236485704363931,0.006578947368421052,
TRIM33,TRIM33,Messenger RNA,0.0,0,1,1,0.0,0.3783491204330176,0.006578947368421052,
NOL4,NOL4,Messenger RNA,0.0,0,1,2,0.0003089830733901183,0.4381758345086977,0.013157894736842105,1.0
IPMK,IPMK,Messenger RNA,0.0,0,1,1,0.0,0.418187256954831,0.006578947368421052,
TSPAN3,TSPAN3,Messenger RNA,0.0,0,1,5,0.003180740079469619,0.2543899554180693,0.03289473684210526,0.1
ANKRD13C,ANKRD13C,Messenger RNA,0.0,0,1,3,0.0004147236657511587,0.4508223153821348,0.019736842105263157,1.0
NEO1,NEO1,Messenger RNA,0.0,0,1,1,0.0,0.40557006092254133,0.006578947368421052,
DCAF11,DCAF11,Messenger RNA,0.0,0,1,2,0.0005888155501371064,0.42032471437161756,0.013157894736842105,1.0
KRAS,KRAS,Messenger RNA,0.0,0,1,3,0.0004954612852558365,0.4438095238095238,0.019736842105263157,0.3333333333333333
PTPN1,PTPN1,Messenger RNA,0.0,0,1,1,0.0,0.41379310344827586,0.006578947368421052,
RCOR3,RCOR3,Messenger RNA,0.0,0,1,1,0.0,0.43002153183635805,0.006578947368421052,
NIBAN2,NIBAN2,Messenger RNA,0.0,0,1,1,0.0,0.435785536159601,0.006578947368421052,
SEPTIN8,SEPTIN8,Messenger RNA,0.0,0,1,1,0.0,0.3783491204330176,0.006578947368421052,
KMT5A,KMT5A,Messenger RNA,0.0,0,1,1,0.0,0.3856551724137931,0.006578947368421052,
ARF6,ARF6,Messenger RNA,0.0,0,1,1,0.0,0.40034364261168387,0.006578947368421052,
ZC3H11A,ZC3H11A,Messenger RNA,0.0,0,1,1,0.0,0.42628449458758955,0.006578947368421052,
RSPRY1,RSPRY1,Messenger RNA,0.0,0,1,1,0.0,0.3783491204330176,0.006578947368421052,
RRN3,RRN3,Messenger RNA,0.0,0,1,1,0.0,0.4082347787998248,0.006578947368421052,
KCNK6,KCNK6,Messenger RNA,0.0,0,1,2,0.0026330449506990297,0.46131001484903483,0.013157894736842105,1.0
KCTD3,KCTD3,Messenger RNA,0.0,0,1,1,0.0,0.41963079693831606,0.006578947368421052,
ESRP1,ESRP1,Messenger RNA,0.0,0,1,1,0.0,0.4082347787998248,0.006578947368421052,
SLC25A36,SLC25A36,Messenger RNA,0.0,0,1,5,0.0009529189404259977,0.4565643370346179,0.03289473684210526,1.0
PHACTR4,PHACTR4,Messenger RNA,0.0,0,1,2,4.489057203105293e-05,0.44345757335448055,0.013157894736842105,1.0
SLC45A4,SLC45A4,Messenger RNA,0.0,0,1,1,0.0,0.42798101943976735,0.006578947368421052,
ASB14,ASB14,Messenger RNA,1.0,0,1,1,0.0,0.41379310344827586,0.006578947368421052,
FBXO39,FBXO39,Messenger RNA,0.0,0,1,1,0.0,0.435785536159601,0.006578947368421052,
NSD3,NSD3,Messenger RNA,0.0,0,1,2,4.587938452611409e-05,0.4379013312451057,0.013157894736842105,1.0
LLPH,LLPH,Messenger RNA,0.0,0,1,3,4.46042149219153e-05,0.4363295880149813,0.019736842105263157,1.0
MACROD2,MACROD2,Messenger RNA,0.0,0,1,1,0.0,0.3416839789808139,0.006578947368421052,
CDK9,CDK9,Messenger RNA,0.0,0,1,1,0.0,0.39891567984020543,0.006578947368421052,
BACE2,BACE2,Messenger RNA,0.0,0,1,1,0.0,0.42785003825554707,0.006578947368421052,
SIX4,SIX4,Messenger RNA,0.0,0,1,1,0.0,0.3629283489096573,0.006578947368421052,
PCGF3,PCGF3,Messenger RNA,0.0,0,1,1,0.0,0.4082347787998248,0.006578947368421052,
PARPBP,PARPBP,Messenger RNA,0.0,0,1,1,0.0,0.415083135391924,0.006578947368421052,
INPP5K,INPP5K,Messenger RNA,0.0,0,1,1,0.0,0.20399824894206917,0.006578947368421052,
NFATC2,NFATC2,Messenger RNA,0.0,0,1,4,0.06028267326879026,0.4887257472469848,0.02631578947368421,0.5
DIP2A,DIP2A,Messenger RNA,0.0,0,1,1,0.0,0.435785536159601,0.006578947368421052,
STOX2,STOX2,Messenger RNA,0.0,0,1,3,0.0006616786167329709,0.4557457212713936,0.019736842105263157,1.0
BCAT1,BCAT1,Messenger RNA,0.0,0,1,3,4.9601552843350134e-05,0.25934514423522864,0.019736842105263157,1.0
RRP12,RRP12,Messenger RNA,0.0,0,1,1,0.0,0.41963079693831606,0.006578947368421052,
MARCHF3,MARCHF3,Messenger RNA,0.0,0,1,1,0.0,0.32816901408450705,0.006578947368421052,
ENTPD4,ENTPD4,Messenger RNA,0.0,0,1,2,2.231246209077866e-05,0.4412182420703803,0.013157894736842105,1.0
PAK5,PAK5,Messenger RNA,0.0,0,1,2,0.00022151688031275,0.4521345407503234,0.013157894736842105,1.0
NUP50,NUP50,Messenger RNA,0.0,0,1,2,0.00013099605921420063,0.4447979637289214,0.013157894736842105,1.0
FUBP1,FUBP1,Messenger RNA,0.0,0,1,2,0.00012773532912729657,0.446716727911807,0.013157894736842105,1.0
PARD6B,PARD6B,Messenger RNA,0.0,0,1,2,0.0010645249313370206,0.45716154349247873,0.013157894736842105,1.0
BTF3L4,BTF3L4,Messenger RNA,0.0,0,1,2,0.0001529895369688545,0.4103918978423602,0.013157894736842105,1.0
ANTXR2,ANTXR2,Messenger RNA,0.0,0,1,2,9.308612659896778e-05,0.25722171113155473,0.013157894736842105,1.0
VIPAS39,VIPAS39,Messenger RNA,0.0,0,1,1,0.0,0.415083135391924,0.006578947368421052,
VPS37C,VPS37C,Messenger RNA,0.0,0,1,2,0.0006854606318218164,0.41312056737588654,0.013157894736842105,1.0
TANC2,TANC2,Messenger RNA,0.0,0,1,3,0.00034842198020398804,0.423187528378992,0.019736842105263157,1.0
RAB3C,RAB3C,Messenger RNA,0.0,0,1,1,0.0,0.2566786009363812,0.006578947368421052,
EPN2,EPN2,Messenger RNA,0.0,0,1,1,0.0,0.3669291338582677,0.006578947368421052,
SPTLC2,SPTLC2,Messenger RNA,0.0,0,1,1,0.0,0.4010902309568211,0.006578947368421052,
BRWD1,BRWD1,Messenger RNA,0.0,0,1,3,0.0001563510656699937,0.4258300335059397,0.019736842105263157,1.0
NFAT5,NFAT5,Messenger RNA,0.0,0,1,7,0.002301575101851233,0.46631087391594395,0.046052631578947366,0.9047619047619048
ARHGAP12,ARHGAP12,Messenger RNA,0.0,0,1,2,2.118762538775812e-05,0.4344988344988345,0.013157894736842105,1.0
USP31,USP31,Messenger RNA,0.0,0,1,1,0.0,0.435785536159601,0.006578947368421052,
RAB3D,RAB3D,Messenger RNA,0.0,0,1,1,0.0,0.41963079693831606,0.006578947368421052,
TNKS2,TNKS2,Messenger RNA,0.0,0,1,2,9.544252347902721e-05,0.41969378564995496,0.013157894736842105,1.0
NXT2,NXT2,Messenger RNA,0.0,0,1,1,0.0,0.40557006092254133,0.006578947368421052,
ATXN7L3,ATXN7L3,Messenger RNA,0.0,0,1,2,0.0005630392708661354,0.4264795607077486,0.013157894736842105,1.0
NTN4,NTN4,Messenger RNA,0.0,0,1,2,2.118762538775812e-05,0.4344988344988345,0.013157894736842105,1.0
GPR39,GPR39,Messenger RNA,0.0,0,1,1,0.0,0.3664002096710785,0.006578947368421052,
SYTL4,SYTL4,Messenger RNA,0.0,0,1,2,1.742265621840977e-05,0.4374902206227507,0.013157894736842105,1.0
CD274,CD274,Messenger RNA,0.0,0,1,1,0.0,0.418187256954831,0.006578947368421052,
CCDC6,CCDC6,Messenger RNA,0.0,0,1,4,0.0009436110892223689,0.4530870199319397,0.02631578947368421,1.0
BICD1,BICD1,Messenger RNA,0.0,0,1,1,0.0,0.42628449458758955,0.006578947368421052,
NEDD4,NEDD4,Messenger RNA,0.0,0,1,1,0.0,0.40557006092254133,0.006578947368421052,
MYLK,MYLK,Messenger RNA,0.0,0,1,4,0.0014466527207833977,0.45367515820217424,0.02631578947368421,0.5
PIAS1,PIAS1,Messenger RNA,0.0,0,1,4,0.0011002635799872724,0.44017632241813603,0.02631578947368421,1.0
KIAA0586,KIAA0586,Messenger RNA,0.0,0,1,1,0.0,0.43002153183635805,0.006578947368421052,
GOLGA8B,GOLGA8B,Messenger RNA,0.0,0,1,1,0.0,0.4082347787998248,0.006578947368421052,
S1PR1,S1PR1,Messenger RNA,0.0,0,1,1,0.0,0.2568200606227611,0.006578947368421052,
VPS18,VPS18,Messenger RNA,0.0,0,1,2,0.000720002781803441,0.36377829820452773,0.013157894736842105,0.0
NONO,NONO,Messenger RNA,0.0,0,1,2,7.387093230297047e-05,0.36659236921463223,0.013157894736842105,0.0
HHIP,HHIP,Messenger RNA,0.0,0,1,1,0.0,0.22188715181334814,0.006578947368421052,
PSME3,PSME3,Messenger RNA,0.0,0,1,2,0.0007111866194102725,0.4098504837291117,0.013157894736842105,1.0
BCL7A,BCL7A,Messenger RNA,0.0,0,1,1,0.0,0.36096049573973665,0.006578947368421052,
BICRAL,BICRAL,Messenger RNA,0.0,0,1,2,0.00015567770189121042,0.4274575752942975,0.013157894736842105,1.0
CERS6,CERS6,Messenger RNA,0.0,0,1,2,2.231246209077866e-05,0.4412182420703803,0.013157894736842105,1.0
RAN,RAN,Messenger RNA,0.0,0,1,1,0.0,0.38586806513938726,0.006578947368421052,
SIM1,SIM1,Messenger RNA,0.0,0,1,3,0.0004370906839860999,0.25788599889319314,0.019736842105263157,0.3333333333333333
NF1,NF1,Messenger RNA,0.0,0,1,1,0.0,0.4082347787998248,0.006578947368421052,
MAML3,MAML3,Messenger RNA,0.0,0,1,1,0.0,0.39446952595936796,0.006578947368421052,
GPR174,GPR174,Messenger RNA,0.0,0,1,3,0.0004073174383948787,0.44736,0.019736842105263157,1.0
DOCK5,DOCK5,Messenger RNA,0.0,0,1,1,0.0,0.4082347787998248,0.006578947368421052,
UBXN2A,UBXN2A,Messenger RNA,0.0,0,1,2,2.231246209077866e-05,0.4412182420703803,0.013157894736842105,1.0
MON2,MON2,Messenger RNA,0.0,0,1,1,0.0,0.41379310344827586,0.006578947368421052,
SLC6A17,SLC6A17,Messenger RNA,0.0,0,1,1,0.0,0.41379310344827586,0.006578947368421052,
TBX3,TBX3,Messenger RNA,0.0,0,1,1,0.0,0.4082347787998248,0.006578947368421052,
PTPRF,PTPRF,Messenger RNA,0.0,0,1,1,0.0,0.41963079693831606,0.006578947368421052,
NEXMIF,NEXMIF,Messenger RNA,0.0,0,1,3,0.00047881290218278286,0.42019837691614065,0.019736842105263157,0.6666666666666666
INTS6,INTS6,Messenger RNA,0.0,0,1,2,2.231246209077866e-05,0.4412182420703803,0.013157894736842105,1.0
PAK6,PAK6,Messenger RNA,0.0,0,1,1,0.0,0.415083135391924,0.006578947368421052,
CYB561D1,CYB561D1,Messenger RNA,0.0,0,1,2,0.0002837818288715259,0.4642975755562936,0.013157894736842105,1.0
NECTIN3,NECTIN3,Messenger RNA,0.0,0,1,1,0.0,0.2568200606227611,0.006578947368421052,
SETBP1,SETBP1,Messenger RNA,0.0,0,1,1,0.0,0.3860278889962723,0.006578947368421052,
ZNRF2,ZNRF2,Messenger RNA,0.0,0,1,1,0.0,0.42628449458758955,0.006578947368421052,
FGF2,FGF2,Messenger RNA,0.0,0,1,1,0.0,0.2572927210821754,0.006578947368421052,
SLC22A23,SLC22A23,Messenger RNA,0.0,0,1,3,0.0005469390319718972,0.42498860009119926,0.019736842105263157,1.0
THSD4,THSD4,Messenger RNA,0.0,0,1,1,0.0,0.36828240252897787,0.006578947368421052,
PCDHA7,PCDHA7,Messenger RNA,0.0,0,1,3,0.00048471445859811984,0.46999495713565304,0.019736842105263157,1.0
ZBTB10,ZBTB10,Messenger RNA,0.0,0,1,3,0.0005883865675337938,0.45619187469407735,0.019736842105263157,1.0
KIF1C,KIF1C,Messenger RNA,0.0,0,1,1,0.0,0.22259374253642225,0.006578947368421052,
RBBP8,RBBP8,Messenger RNA,0.0,0,1,1,0.0,0.40557006092254133,0.006578947368421052,
STC2,STC2,Messenger RNA,0.0,0,1,2,0.0002516703618310135,0.42299546142208777,0.013157894736842105,1.0
MAP3K2,MAP3K2,Messenger RNA,0.0,0,1,4,0.00040643983533720314,0.44430319402510726,0.02631578947368421,1.0
EDAR,EDAR,Messenger RNA,0.0,0,1,1,0.0,0.41963079693831606,0.006578947368421052,
NUDCD3,NUDCD3,Messenger RNA,0.0,0,1,1,0.0,0.3783491204330176,0.006578947368421052,
PNPO,PNPO,Messenger RNA,0.0,0,1,2,0.001085134901996216,0.42229270502945176,0.013157894736842105,0.0
SLCO5A1,SLCO5A1,Messenger RNA,0.0,0,1,3,0.006388372536976155,0.43268337975858867,0.019736842105263157,0.3333333333333333
GJB7,GJB7,Messenger RNA,0.0,0,1,1,0.0,0.40034364261168387,0.006578947368421052,
ENTPD7,ENTPD7,Messenger RNA,0.0,0,1,3,0.002092783970407589,0.46999495713565304,0.019736842105263157,1.0
TTPAL,TTPAL,Messenger RNA,0.0,0,1,2,2.231246209077866e-05,0.4412182420703803,0.013157894736842105,1.0
ENSA,ENSA,Messenger RNA,0.0,0,1,3,0.0003031456517835186,0.3874722838137472,0.019736842105263157,0.3333333333333333
PTPRA,PTPRA,Messenger RNA,0.0,0,1,1,0.0,0.415083135391924,0.006578947368421052,
RAPH1,RAPH1,Messenger RNA,0.0,0,1,2,2.231246209077866e-05,0.4412182420703803,0.013157894736842105,1.0
CDC37L1,CDC37L1,Messenger RNA,0.0,0,1,3,0.0003728321969030887,0.45866141732283466,0.019736842105263157,1.0
MBD1,MBD1,Messenger RNA,0.0,0,1,2,4.489057203105293e-05,0.44345757335448055,0.013157894736842105,1.0
GAB1,GAB1,Messenger RNA,0.0,0,1,3,8.650361055146606e-05,0.44268524382520585,0.019736842105263157,1.0
LYSMD3,LYSMD3,Messenger RNA,0.0,0,1,4,0.0007217931721727042,0.44550669216061184,0.02631578947368421,0.8333333333333334
KLHDC10,KLHDC10,Messenger RNA,0.0,0,1,2,4.489057203105293e-05,0.44345757335448055,0.013157894736842105,1.0
SLC30A1,SLC30A1,Messenger RNA,0.0,0,1,3,0.0027641516286849577,0.48066013408973696,0.019736842105263157,1.0
CLCN3,CLCN3,Messenger RNA,0.0,0,1,2,0.0005630392708661354,0.4264795607077486,0.013157894736842105,1.0
VGLL3,VGLL3,Messenger RNA,0.0,0,1,2,3.1594703872944763e-06,0.25867332778240354,0.013157894736842105,1.0
PAX3,PAX3,Messenger RNA,0.0,0,1,1,0.0,0.25848201904409723,0.006578947368421052,
BBX,BBX,Messenger RNA,0.0,0,1,2,0.00012576424567658714,0.4228035687282625,0.013157894736842105,1.0
NCOA3,NCOA3,Messenger RNA,0.0,0,1,2,0.00018114673226254674,0.4363295880149813,0.013157894736842105,1.0
CHIC1,CHIC1,Messenger RNA,0.0,0,1,1,0.0,0.418187256954831,0.006578947368421052,
MMAB,MMAB,Messenger RNA,0.0,0,1,1,0.0,0.41963079693831606,0.006578947368421052,
TBC1D17,TBC1D17,Messenger RNA,0.0,0,1,1,0.0,0.3860278889962723,0.006578947368421052,
CREBZF,CREBZF,Messenger RNA,0.0,0,1,2,3.220492475019834e-05,0.39319364365068205,0.013157894736842105,0.0
WEE1,WEE1,Messenger RNA,0.0,0,1,4,0.0019218684277105922,0.4637585005805275,0.02631578947368421,1.0
RNF111,RNF111,Messenger RNA,0.0,0,1,1,0.0,0.4010902309568211,0.006578947368421052,
PLEKHA5,PLEKHA5,Messenger RNA,0.0,0,1,1,0.0,0.43002153183635805,0.006578947368421052,
GUCY1A1,GUCY1A1,Messenger RNA,0.0,0,1,1,0.0,0.435785536159601,0.006578947368421052,
SATB2,SATB2,Messenger RNA,0.0,0,1,1,0.0,0.22259374253642225,0.006578947368421052,
SRGAP1,SRGAP1,Messenger RNA,0.0,0,1,5,0.007513935425947995,0.5067053280173976,0.03289473684210526,1.0
TBC1D22B,TBC1D22B,Messenger RNA,0.0,0,1,1,0.0,0.41963079693831606,0.006578947368421052,
AGO3,AGO3,Messenger RNA,0.0,0,1,5,0.0013573589679006413,0.4598684210526316,0.03289473684210526,1.0
RNF165,RNF165,Messenger RNA,0.0,0,1,1,0.0,0.41963079693831606,0.006578947368421052,
PAK3,PAK3,Messenger RNA,0.0,0,1,3,0.0006022918561094051,0.45604305985972926,0.019736842105263157,1.0
TARDBP,TARDBP,Messenger RNA,0.0,0,1,3,0.0004849776626373709,0.4333539987600744,0.019736842105263157,0.6666666666666666
AP3M1,AP3M1,Messenger RNA,0.0,0,1,2,0.00023717681695027234,0.4449395289624443,0.013157894736842105,1.0
FSTL4,FSTL4,Messenger RNA,0.0,0,1,4,0.005933699608303551,0.49208025343189016,0.02631578947368421,1.0
MTSS2,MTSS2,Messenger RNA,0.0,0,1,1,0.0,0.415083135391924,0.006578947368421052,
TRAM1,TRAM1,Messenger RNA,0.0,0,1,2,4.489057203105293e-05,0.44345757335448055,0.013157894736842105,1.0
FSD1L,FSD1L,Messenger RNA,0.0,0,1,4,0.00016671667916660348,0.44793335469400836,0.02631578947368421,1.0
POMGNT1,POMGNT1,Messenger RNA,0.0,0,1,1,0.0,0.41963079693831606,0.006578947368421052,
PCMTD1,PCMTD1,Messenger RNA,0.0,0,1,2,0.00013392764542609248,0.42421483841602187,0.013157894736842105,1.0
TNIK,TNIK,Messenger RNA,0.0,0,1,4,0.0033025410109090623,0.48016486347243686,0.02631578947368421,1.0
CNTD1,CNTD1,Messenger RNA,0.0,0,1,1,0.0,0.415083135391924,0.006578947368421052,
ERI2,ERI2,Messenger RNA,0.0,0,1,1,0.0,0.39891567984020543,0.006578947368421052,
TMED4,TMED4,Messenger RNA,0.0,0,1,1,0.0,0.3856551724137931,0.006578947368421052,
NR2C2,NR2C2,Messenger RNA,0.0,0,1,2,2.231246209077866e-05,0.4412182420703803,0.013157894736842105,1.0
TUSC2,TUSC2,Messenger RNA,0.0,0,1,6,0.0073138768649668815,0.4903542616625745,0.039473684210526314,0.8666666666666667
FRZB,FRZB,Messenger RNA,0.0,0,1,1,0.0,0.435785536159601,0.006578947368421052,
MMP15,MMP15,Messenger RNA,0.0,0,1,1,0.0,0.20763404128917273,0.006578947368421052,
INTS8,INTS8,Messenger RNA,0.0,0,1,1,0.0,0.39891567984020543,0.006578947368421052,
ALS2,ALS2,Messenger RNA,0.0,0,1,2,3.958871587481144e-06,0.41446783278980137,0.013157894736842105,1.0
EFS,EFS,Messenger RNA,0.0,0,1,1,0.0,0.32824606715191357,0.006578947368421052,
ARHGAP26,ARHGAP26,Messenger RNA,0.0,0,1,3,0.0010219167512590097,0.47607696237016855,0.019736842105263157,1.0
DSC1,DSC1,Messenger RNA,0.0,0,1,1,0.0,0.42798101943976735,0.006578947368421052,
ESRP2,ESRP2,Messenger RNA,0.0,0,1,1,0.0,0.43002153183635805,0.006578947368421052,
ARMC8,ARMC8,Messenger RNA,0.0,0,1,2,0.0002590251352529276,0.4626075446724024,0.013157894736842105,1.0
CLINT1,CLINT1,Messenger RNA,0.0,0,1,1,0.0,0.40034364261168387,0.006578947368421052,
ERI1,ERI1,Messenger RNA,0.0,0,1,1,0.0,0.435785536159601,0.006578947368421052,
FAT2,FAT2,Messenger RNA,0.0,0,1,1,0.0,0.435785536159601,0.006578947368421052,
CDK2,CDK2,Messenger RNA,0.0,0,1,1,0.0,0.40557006092254133,0.006578947368421052,
CELF1,CELF1,Messenger RNA,0.0,0,1,1,0.0,0.41379310344827586,0.006578947368421052,
CACNB4,CACNB4,Messenger RNA,0.0,0,1,1,0.0,0.3783491204330176,0.006578947368421052,
MYLK4,MYLK4,Messenger RNA,0.0,0,1,1,0.0,0.43002153183635805,0.006578947368421052,
HNF4G,HNF4G,Messenger RNA,0.0,0,1,1,0.0,0.3416839789808139,0.006578947368421052,
ORC2,ORC2,Messenger RNA,0.0,0,1,1,0.0,0.40557006092254133,0.006578947368421052,
PIP5KL1,PIP5KL1,Messenger RNA,0.0,0,1,1,0.0,0.3631168831168831,0.006578947368421052,
PAFAH1B1,PAFAH1B1,Messenger RNA,0.0,0,1,2,2.231246209077866e-05,0.4412182420703803,0.013157894736842105,1.0
DUS2,DUS2,Messenger RNA,0.0,0,1,1,0.0,0.4082347787998248,0.006578947368421052,
CCDC88C,CCDC88C,Messenger RNA,0.0,0,1,1,0.0,0.4080560420315236,0.006578947368421052,
TMEM151B,TMEM151B,Messenger RNA,0.0,0,1,1,0.0,0.41963079693831606,0.006578947368421052,
RBL1,RBL1,Messenger RNA,0.0,0,1,1,0.0,0.435785536159601,0.006578947368421052,
PPP6C,PPP6C,Messenger RNA,11.0,0,1,2,2.118762538775812e-05,0.4344988344988345,0.013157894736842105,1.0
RGS17,RGS17,Messenger RNA,0.0,0,1,3,7.725723259419738e-05,0.2588409553786336,0.019736842105263157,1.0
NPAS4,NPAS4,Messenger RNA,0.0,0,1,5,0.0014230582046406226,0.42765371673294583,0.03289473684210526,0.8
MBOAT1,MBOAT1,Messenger RNA,0.0,0,1,1,0.0,0.41963079693831606,0.006578947368421052,
TBC1D20,TBC1D20,Messenger RNA,0.0,0,1,1,0.0,0.415083135391924,0.006578947368421052,
TBCEL,TBCEL,Messenger RNA,0.0,0,1,3,7.025074583163935e-05,0.4467881112176414,0.019736842105263157,1.0
PDF,PDF,Messenger RNA,0.0,0,1,2,0.0055923136928698975,0.3534319302237391,0.013157894736842105,0.0
LMO3,LMO3,Messenger RNA,0.0,0,1,1,0.0,0.2566786009363812,0.006578947368421052,
SETD1B,SETD1B,Messenger RNA,0.0,0,1,2,0.0003089877773724754,0.43948443885570576,0.013157894736842105,1.0
STMP1,STMP1,Messenger RNA,14.0,0,1,1,0.0,0.40034364261168387,0.006578947368421052,
TMEM233,TMEM233,Messenger RNA,0.0,0,1,1,0.0,0.25848201904409723,0.006578947368421052,
FBXO45,FBXO45,Messenger RNA,0.0,0,1,2,0.0017705130247860172,0.44685951734057855,0.013157894736842105,1.0
TOP1,TOP1,Messenger RNA,0.0,0,1,1,0.0,0.41963079693831606,0.006578947368421052,
ELK1,ELK1,Messenger RNA,4.0,0,1,2,0.0007505803613010231,0.4214651793789569,0.013157894736842105,1.0
RGS9BP,RGS9BP,Messenger RNA,0.0,0,1,2,0.001042519859939916,0.438725874784246,0.013157894736842105,1.0
MARVELD2,MARVELD2,Messenger RNA,0.0,0,1,1,0.0,0.40034364261168387,0.006578947368421052,
ANKRD12,ANKRD12,Messenger RNA,0.0,0,1,2,2.231246209077866e-05,0.4412182420703803,0.013157894736842105,1.0
GOLGA1,GOLGA1,Messenger RNA,0.0,0,1,1,0.0,0.42628449458758955,0.006578947368421052,
PPP1R3B,PPP1R3B,Messenger RNA,0.0,0,1,1,0.0,0.39880188275566963,0.006578947368421052,
CTNNBIP1,CTNNBIP1,Messenger RNA,0.0,0,1,1,0.0,0.4082347787998248,0.006578947368421052,
PHC3,PHC3,Messenger RNA,0.0,0,1,3,8.650361055146606e-05,0.44268524382520585,0.019736842105263157,1.0
DPP8,DPP8,Messenger RNA,0.0,0,1,2,0.00017750144954598466,0.3829612381865498,0.013157894736842105,1.0
ZBTB37,ZBTB37,Messenger RNA,0.0,0,1,4,0.0005724341922936903,0.4480051273834321,0.02631578947368421,1.0
CAPN7,CAPN7,Messenger RNA,0.0,0,1,1,0.0,0.4226757369614512,0.006578947368421052,
ADAM10,ADAM10,Messenger RNA,0.0,0,1,3,0.00024345524789469043,0.4036962171527577,0.019736842105263157,1.0
NF2,NF2,Messenger RNA,0.0,0,1,1,0.0,0.4082347787998248,0.006578947368421052,
WDR26,WDR26,Messenger RNA,0.0,0,1,1,0.0,0.41619529621911283,0.006578947368421052,
IPO11,IPO11,Messenger RNA,0.0,0,1,1,0.0,0.3783491204330176,0.006578947368421052,
ACAP2,ACAP2,Messenger RNA,0.0,0,1,1,0.0,0.418187256954831,0.006578947368421052,
FRMD4B,FRMD4B,Messenger RNA,0.0,0,1,1,0.0,0.435785536159601,0.006578947368421052,
ARHGAP19,ARHGAP19,Messenger RNA,0.0,0,1,2,0.00021620786792524328,0.4363976900265335,0.013157894736842105,1.0
RDX,RDX,Messenger RNA,0.0,0,1,2,6.381176171305411e-05,0.25869726128793485,0.013157894736842105,1.0
EIF2B2,EIF2B2,Messenger RNA,0.0,0,1,2,0.0005116725480890672,0.39480372776051964,0.013157894736842105,0.0
GNA11,GNA11,Messenger RNA,0.0,0,1,2,1.742265621840977e-05,0.4374902206227507,0.013157894736842105,1.0
SRSF6,SRSF6,Messenger RNA,0.0,0,1,1,0.0,0.406041243101946,0.006578947368421052,
SGCZ,SGCZ,Messenger RNA,0.0,0,1,1,0.0,0.4109347442680776,0.006578947368421052,
DUSP8,DUSP8,Messenger RNA,0.0,0,1,1,0.0,0.4101510928560951,0.006578947368421052,
RIOK3,RIOK3,Messenger RNA,0.0,0,1,1,0.0,0.39891567984020543,0.006578947368421052,
C1orf52,C1orf52,Messenger RNA,0.0,0,1,1,0.0,0.39891567984020543,0.006578947368421052,
GLI3,GLI3,Messenger RNA,0.0,0,1,1,0.0,0.3783491204330176,0.006578947368421052,
GNB1,GNB1,Messenger RNA,0.0,0,1,1,0.0,0.40034364261168387,0.006578947368421052,
COL26A1,COL26A1,Messenger RNA,0.0,0,1,1,0.0,0.41963079693831606,0.006578947368421052,
SEC23IP,SEC23IP,Messenger RNA,0.0,0,1,1,0.0,0.3783491204330176,0.006578947368421052,
SETD7,SETD7,Messenger RNA,0.0,0,1,1,0.0,0.2236263296808766,0.006578947368421052,
CNKSR3,CNKSR3,Messenger RNA,0.0,0,1,2,0.0002822230999330338,0.44352791878172587,0.013157894736842105,1.0
MYO1D,MYO1D,Messenger RNA,0.0,0,1,1,0.0,0.3798913043478261,0.006578947368421052,
QSER1,QSER1,Messenger RNA,0.0,0,1,1,0.0,0.4109347442680776,0.006578947368421052,
PALLD,PALLD,Messenger RNA,0.0,0,1,1,0.0,0.435785536159601,0.006578947368421052,
CLYBL,CLYBL,Messenger RNA,0.0,0,1,1,0.0,0.41619529621911283,0.006578947368421052,
TMEM255A,TMEM255A,Messenger RNA,0.0,0,1,1,0.0,0.4010902309568211,0.006578947368421052,
SMNDC1,SMNDC1,Messenger RNA,0.0,0,1,1,0.0,0.3783491204330176,0.006578947368421052,
KIF5A,KIF5A,Messenger RNA,0.0,0,1,2,0.00021402862754353754,0.44793335469400836,0.013157894736842105,1.0
SMAD1,SMAD1,Messenger RNA,0.0,0,1,1,0.0,0.418187256954831,0.006578947368421052,
FEM1C,FEM1C,Messenger RNA,0.0,0,1,1,0.0,0.418187256954831,0.006578947368421052,
ZDHHC21,ZDHHC21,Messenger RNA,0.0,0,1,1,0.0,0.4082347787998248,0.006578947368421052,
GRIN2B,GRIN2B,Messenger RNA,0.0,0,1,4,0.0007369715520158528,0.2252658717370287,0.02631578947368421,0.0
SRSF11,SRSF11,Messenger RNA,0.0,0,1,3,0.00016183467210573326,0.40865244080678165,0.019736842105263157,0.6666666666666666
COX20,COX20,Messenger RNA,0.0,0,1,2,2.675065835310257e-05,0.44261516542662654,0.013157894736842105,1.0
LRRC20,LRRC20,Messenger RNA,0.0,0,1,1,0.0,0.3631168831168831,0.006578947368421052,
DNAJB9,DNAJB9,Messenger RNA,0.0,0,1,2,0.0019838385143874523,0.47819394561313494,0.013157894736842105,1.0
NEMP2,NEMP2,Messenger RNA,0.0,0,1,1,0.0,0.41963079693831606,0.006578947368421052,
KPNA5,KPNA5,Messenger RNA,0.0,0,1,5,0.004548533962693168,0.4782757440985289,0.03289473684210526,0.9
TTC14,TTC14,Messenger RNA,0.0,0,1,2,0.0002828252500134162,0.4413575374901342,0.013157894736842105,1.0
SLK,SLK,Messenger RNA,0.0,0,1,2,2.231246209077866e-05,0.4412182420703803,0.013157894736842105,1.0
JMY,JMY,Messenger RNA,0.0,0,1,1,0.0,0.40557006092254133,0.006578947368421052,
SRD5A3,SRD5A3,Messenger RNA,0.0,0,1,1,0.0,0.42785003825554707,0.006578947368421052,
SLC16A9,SLC16A9,Messenger RNA,0.0,0,1,4,0.003856566785106105,0.4694425789120215,0.02631578947368421,1.0
FBXO3,FBXO3,Messenger RNA,0.0,0,1,1,0.0,0.36828240252897787,0.006578947368421052,
CDYL,CDYL,Messenger RNA,0.0,0,1,1,0.0,0.3860278889962723,0.006578947368421052,
DALRD3,DALRD3,Messenger RNA,0.0,0,1,1,0.0,0.41963079693831606,0.006578947368421052,
HELZ,HELZ,Messenger RNA,0.0,0,1,1,0.0,0.42628449458758955,0.006578947368421052,
SCAPER,SCAPER,Messenger RNA,0.0,0,1,1,0.0,0.41619529621911283,0.006578947368421052,
BMF,BMF,Messenger RNA,0.0,0,1,1,0.0,0.415083135391924,0.006578947368421052,
MCFD2,MCFD2,Messenger RNA,0.0,0,1,1,0.0,0.42798101943976735,0.006578947368421052,
DGKH,DGKH,Messenger RNA,0.0,0,1,3,8.650361055146606e-05,0.44268524382520585,0.019736842105263157,1.0
MIGA1,MIGA1,Messenger RNA,0.0,0,1,2,0.00012773532912729657,0.446716727911807,0.013157894736842105,1.0
BAG5,BAG5,Messenger RNA,0.0,0,1,2,0.00023472379748029824,0.4299554051976011,0.013157894736842105,1.0
HACD3,HACD3,Messenger RNA,0.0,0,1,1,0.0,0.42798101943976735,0.006578947368421052,
DMTN,DMTN,Messenger RNA,0.0,0,1,1,0.0,0.2549699069852271,0.006578947368421052,
SHROOM2,SHROOM2,Messenger RNA,0.0,0,1,1,0.0,0.41963079693831606,0.006578947368421052,
DDOST,DDOST,Messenger RNA,0.0,0,1,1,0.0,0.38586806513938726,0.006578947368421052,
SET,SET,Messenger RNA,0.0,0,1,1,0.0,0.40034364261168387,0.006578947368421052,
TACC1,TACC1,Messenger RNA,0.0,0,1,3,0.0004514181210417856,0.2585059171597633,0.019736842105263157,0.0
FAM3C,FAM3C,Messenger RNA,0.0,0,1,3,4.46042149219153e-05,0.4363295880149813,0.019736842105263157,1.0
PELI2,PELI2,Messenger RNA,0.0,0,1,2,4.489057203105293e-05,0.44345757335448055,0.013157894736842105,1.0
MYEF2,MYEF2,Messenger RNA,0.0,0,1,1,0.0,0.42628449458758955,0.006578947368421052,
MPZL3,MPZL3,Messenger RNA,0.0,0,1,1,0.0,0.41379310344827586,0.006578947368421052,
ZNF607,ZNF607,Messenger RNA,0.0,0,1,1,0.0,0.3416839789808139,0.006578947368421052,
SLC4A5,SLC4A5,Messenger RNA,0.0,0,1,1,0.0,0.3783491204330176,0.006578947368421052,
CBX1,CBX1,Messenger RNA,0.0,0,1,1,0.0,0.38586806513938726,0.006578947368421052,
TBL2,TBL2,Messenger RNA,0.0,0,1,1,0.0,0.38586806513938726,0.006578947368421052,
SLA2,SLA2,Messenger RNA,13.0,0,1,1,0.0,0.415083135391924,0.006578947368421052,
FAM199X,FAM199X,Messenger RNA,0.0,0,1,2,2.231246209077866e-05,0.4412182420703803,0.013157894736842105,1.0
CMTM4,CMTM4,Messenger RNA,0.0,0,1,3,0.0004863927706622102,0.439622641509434,0.019736842105263157,1.0
LRP2,LRP2,Messenger RNA,0.0,0,1,2,0.00018186995036776677,0.4354461921819031,0.013157894736842105,1.0
HCN1,HCN1,Messenger RNA,0.0,0,1,3,0.0010616154465198952,0.3525406632202749,0.019736842105263157,0.0
TMEM248,TMEM248,Messenger RNA,0.0,0,1,2,0.0002704780783028178,0.4094903339191564,0.013157894736842105,0.0
GALNT15,GALNT15,Messenger RNA,0.0,0,1,2,3.1594703872944763e-06,0.25867332778240354,0.013157894736842105,1.0
NXF1,NXF1,Messenger RNA,0.0,0,1,2,0.00019614111208009617,0.3686222808174028,0.013157894736842105,0.0
SNX22,SNX22,Messenger RNA,0.0,0,1,1,0.0,0.406041243101946,0.006578947368421052,
MAP4K2,MAP4K2,Messenger RNA,0.0,0,1,1,0.0,0.39880188275566963,0.006578947368421052,
SNX3,SNX3,Messenger RNA,0.0,0,1,1,0.0,0.20763404128917273,0.006578947368421052,
SRSF12,SRSF12,Messenger RNA,0.0,0,1,1,0.0,0.435785536159601,0.006578947368421052,
HECTD4,HECTD4,Messenger RNA,0.0,0,1,1,0.0,0.42628449458758955,0.006578947368421052,
PPIL6,PPIL6,Messenger RNA,0.0,0,1,1,0.0,0.3783491204330176,0.006578947368421052,
SPOCK1,SPOCK1,Messenger RNA,0.0,0,1,1,0.0,0.2236263296808766,0.006578947368421052,
GUCY1A2,GUCY1A2,Messenger RNA,0.0,0,1,1,0.0,0.2236263296808766,0.006578947368421052,
ZBTB18,ZBTB18,Messenger RNA,0.0,0,1,5,0.0017067403253722192,0.4573110893032385,0.03289473684210526,0.8
PCDHA12,PCDHA12,Messenger RNA,0.0,0,1,1,0.0,0.435785536159601,0.006578947368421052,
LYRM4,LYRM4,Messenger RNA,0.0,0,1,1,0.0,0.3664002096710785,0.006578947368421052,
ZMAT3,ZMAT3,Messenger RNA,0.0,0,1,2,0.00024101496727200946,0.4281120808451998,0.013157894736842105,1.0
SLC1A2,SLC1A2,Messenger RNA,0.0,0,1,2,0.0005283547096032776,0.44268524382520585,0.013157894736842105,1.0
GOLGA7B,GOLGA7B,Messenger RNA,0.0,0,1,1,0.0,0.3631168831168831,0.006578947368421052,
ITGB3,ITGB3,Messenger RNA,0.0,0,1,2,0.0007957705182145538,0.3935810810810811,0.013157894736842105,1.0
MAPK6,MAPK6,Messenger RNA,0.0,0,1,1,0.0,0.3856551724137931,0.006578947368421052,
CISH,CISH,Messenger RNA,0.0,0,1,1,0.0,0.41379310344827586,0.006578947368421052,
WDR47,WDR47,Messenger RNA,0.0,0,1,1,0.0,0.42628449458758955,0.006578947368421052,
PIGV,PIGV,Messenger RNA,0.0,0,1,2,0.0009838188830752685,0.4231234866828087,0.013157894736842105,0.0
SLC39A9,SLC39A9,Messenger RNA,0.0,0,1,4,0.00655721781846788,0.4548560273304051,0.02631578947368421,0.3333333333333333
ORAI2,ORAI2,Messenger RNA,0.0,0,1,1,0.0,0.3354931605471562,0.006578947368421052,
BMP2K,BMP2K,Messenger RNA,0.0,0,1,2,8.361248293380326e-05,0.4240218380345769,0.013157894736842105,1.0
TOGARAM1,TOGARAM1,Messenger RNA,0.0,0,1,1,0.0,0.42628449458758955,0.006578947368421052,
XPO4,XPO4,Messenger RNA,0.0,0,1,3,0.0003568630147086624,0.4245368964470088,0.019736842105263157,0.6666666666666666
EGR3,EGR3,Messenger RNA,0.0,0,1,1,0.0,0.25927299703264095,0.006578947368421052,
EHMT1,EHMT1,Messenger RNA,0.0,0,1,1,0.0,0.40557006092254133,0.006578947368421052,
B3GALT5,B3GALT5,Messenger RNA,0.0,0,1,1,0.0,0.41963079693831606,0.006578947368421052,
RPUSD2,RPUSD2,Messenger RNA,0.0,0,1,2,4.2295142577301244e-05,0.38118609406952964,0.013157894736842105,1.0
SLC6A9,SLC6A9,Messenger RNA,0.0,0,1,1,0.0,0.435785536159601,0.006578947368421052,
CD164L2,CD164L2,Messenger RNA,0.0,0,1,1,0.0,0.41963079693831606,0.006578947368421052,
VWA1,VWA1,Messenger RNA,0.0,0,1,1,0.0,0.32824606715191357,0.006578947368421052,
GRHL2,GRHL2,Messenger RNA,0.0,0,1,1,0.0,0.4226757369614512,0.006578947368421052,
SPATA2,SPATA2,Messenger RNA,0.0,0,1,3,0.0007329214954187999,0.42667480543262626,0.019736842105263157,1.0
ARFGEF3,ARFGEF3,Messenger RNA,0.0,0,1,1,0.0,0.42785003825554707,0.006578947368421052,
BBC3,BBC3,Messenger RNA,0.0,0,1,2,0.00042528063834783476,0.4310158779096655,0.013157894736842105,1.0
PAPOLA,PAPOLA,Messenger RNA,0.0,0,1,1,0.0,0.4082347787998248,0.006578947368421052,
SEC31B,SEC31B,Messenger RNA,0.0,0,1,2,8.404399927631841e-05,0.41147902869757175,0.013157894736842105,1.0
HOXA10,HOXA10,Messenger RNA,0.0,0,1,1,0.0,0.22296650717703348,0.006578947368421052,
FAM110C,FAM110C,Messenger RNA,0.0,0,1,3,0.00039014225532941425,0.44922879177377895,0.019736842105263157,1.0
USP44,USP44,Messenger RNA,16.0,0,1,1,0.0,0.43002153183635805,0.006578947368421052,
HNRNPU,HNRNPU,Messenger RNA,0.0,0,1,2,0.00014382022295061784,0.4012053379250969,0.013157894736842105,1.0
EPB41L3,EPB41L3,Messenger RNA,0.0,0,1,1,0.0,0.2566786009363812,0.006578947368421052,
DAB2IP,DAB2IP,Messenger RNA,0.0,0,1,1,0.0,0.415083135391924,0.006578947368421052,
TP53INP1,TP53INP1,Messenger RNA,0.0,0,1,4,0.0002290229549858602,0.42660970399755876,0.02631578947368421,1.0
TMEM123,TMEM123,Messenger RNA,0.0,0,1,1,0.0,0.4226757369614512,0.006578947368421052,
ZNF248,ZNF248,Messenger RNA,0.0,0,1,1,0.0,0.406041243101946,0.006578947368421052,
TNC,TNC,Messenger RNA,15.0,0,1,1,0.0,0.3631168831168831,0.006578947368421052,
GALNT2,GALNT2,Messenger RNA,0.0,0,1,1,0.0,0.3262543757292882,0.006578947368421052,
SMIM3,SMIM3,Messenger RNA,0.0,0,1,1,0.0,0.2572453767595915,0.006578947368421052,
CIAPIN1,CIAPIN1,Messenger RNA,0.0,0,1,1,0.0,0.43002153183635805,0.006578947368421052,
LIG3,LIG3,Messenger RNA,0.0,0,1,1,0.0,0.41963079693831606,0.006578947368421052,
TENT4B,TENT4B,Messenger RNA,0.0,0,1,2,0.00021813517546165844,0.4228035687282625,0.013157894736842105,1.0
ABL2,ABL2,Messenger RNA,0.0,0,1,4,0.0010826987762823528,0.4510404904016777,0.02631578947368421,1.0
KAT6A,KAT6A,Messenger RNA,0.0,0,1,2,0.00042528063834783476,0.4310158779096655,0.013157894736842105,1.0
SEMA4A,SEMA4A,Messenger RNA,0.0,0,1,1,0.0,0.41963079693831606,0.006578947368421052,
PHF1,PHF1,Messenger RNA,0.0,0,1,1,0.0,0.4226757369614512,0.006578947368421052,
PLA2G2C,PLA2G2C,Messenger RNA,0.0,0,1,1,0.0,0.41963079693831606,0.006578947368421052,
TLCD2,TLCD2,Messenger RNA,0.0,0,1,1,0.0,0.22197523023181961,0.006578947368421052,
SIAH1,SIAH1,Messenger RNA,0.0,0,1,2,4.489057203105293e-05,0.44345757335448055,0.013157894736842105,1.0
ZNF507,ZNF507,Messenger RNA,17.0,0,1,3,0.0004597425551878713,0.42064089062735066,0.019736842105263157,1.0
CNBP,CNBP,Messenger RNA,0.0,0,1,2,0.00034112980177385143,0.40404624277456647,0.013157894736842105,1.0
CEMIP,CEMIP,Messenger RNA,0.0,0,1,1,0.0,0.415083135391924,0.006578947368421052,
POLK,POLK,Messenger RNA,0.0,0,1,1,0.0,0.4082347787998248,0.006578947368421052,
SH3BP4,SH3BP4,Messenger RNA,0.0,0,1,1,0.0,0.3631168831168831,0.006578947368421052,
TMC7,TMC7,Messenger RNA,0.0,0,1,1,0.0,0.2572453767595915,0.006578947368421052,
COQ10B,COQ10B,Messenger RNA,0.0,0,1,1,0.0,0.4101510928560951,0.006578947368421052,
AATK,AATK,Messenger RNA,0.0,0,1,1,0.0,0.4082347787998248,0.006578947368421052,
VMP1,VMP1,Messenger RNA,0.0,0,1,1,0.0,0.32824606715191357,0.006578947368421052,
OSBP2,OSBP2,Messenger RNA,0.0,0,1,1,0.0,0.415083135391924,0.006578947368421052,
YTHDC1,YTHDC1,Messenger RNA,0.0,0,1,1,0.0,0.42798101943976735,0.006578947368421052,
PIM3,PIM3,Messenger RNA,0.0,0,1,1,0.0,0.4080560420315236,0.006578947368421052,
GPATCH2L,GPATCH2L,Messenger RNA,0.0,0,1,1,0.0,0.3669291338582677,0.006578947368421052,
DDR2,DDR2,Messenger RNA,0.0,0,1,3,0.000347249135194104,0.254228041462084,0.019736842105263157,0.3333333333333333
PIGH,PIGH,Messenger RNA,0.0,0,1,2,0.0001653331204249781,0.4143449911084766,0.013157894736842105,1.0
MYO9A,MYO9A,Messenger RNA,0.0,0,1,2,0.0002783090822085092,0.44100946372239747,0.013157894736842105,1.0
KCNJ12,KCNJ12,Messenger RNA,0.0,0,1,1,0.0,0.22188715181334814,0.006578947368421052,
CCDC71L,CCDC71L,Messenger RNA,0.0,0,1,3,0.1779043277235889,0.45956607495069035,0.019736842105263157,0.3333333333333333
SATB1,SATB1,Messenger RNA,0.0,0,1,3,0.0008801517334832204,0.44685951734057855,0.019736842105263157,1.0
TGFA,TGFA,Messenger RNA,0.0,0,1,2,6.876132551503883e-05,0.4038128249566724,0.013157894736842105,1.0
CDCA4,CDCA4,Messenger RNA,0.0,0,1,1,0.0,0.3354931605471562,0.006578947368421052,
KMT2E,KMT2E,Messenger RNA,0.0,0,1,1,0.0,0.3629283489096573,0.006578947368421052,
DENND11,DENND11,Messenger RNA,0.0,0,1,3,0.0003047359173154631,0.42660970399755876,0.019736842105263157,1.0
CEP41,CEP41,Messenger RNA,0.0,0,1,1,0.0,0.4082347787998248,0.006578947368421052,
ZNF75A,ZNF75A,Messenger RNA,17.0,0,1,1,0.0,0.3783491204330176,0.006578947368421052,
CLOCK,CLOCK,Messenger RNA,0.0,0,1,5,0.0011312911642588595,0.47917737789203085,0.03289473684210526,1.0
ARF3,ARF3,Messenger RNA,0.0,0,1,1,0.0,0.32071576049552647,0.006578947368421052,
PSMD12,PSMD12,Messenger RNA,0.0,0,1,1,0.0,0.3856551724137931,0.006578947368421052,
BTG2,BTG2,Messenger RNA,0.0,0,1,2,6.017928054909891e-05,0.258721199222726,0.013157894736842105,1.0
ZFP91,ZFP91,Messenger RNA,0.0,0,1,1,0.0,0.41379310344827586,0.006578947368421052,
NAA20,NAA20,Messenger RNA,0.0,0,1,1,0.0,0.36915764457354105,0.006578947368421052,
IGF2BP3,IGF2BP3,Messenger RNA,0.0,1,0,1,,,,
MRTFB,MRTFB,Messenger RNA,0.0,0,1,3,8.650361055146606e-05,0.44268524382520585,0.019736842105263157,1.0
DHX33,DHX33,Messenger RNA,0.0,0,1,1,0.0,0.41963079693831606,0.006578947368421052,
WDFY3,WDFY3,Messenger RNA,0.0,0,1,3,0.00045995694940911813,0.4516233241802617,0.019736842105263157,1.0
STXBP1,STXBP1,Messenger RNA,0.0,0,1,1,0.0,0.2572927210821754,0.006578947368421052,
DIAPH1,DIAPH1,Messenger RNA,0.0,0,1,3,0.0014000170587426793,0.4547820429407938,0.019736842105263157,0.6666666666666666
ANKIB1,ANKIB1,Messenger RNA,0.0,0,1,2,0.00021397095673419408,0.4344313238036047,0.013157894736842105,1.0
PCP4L1,PCP4L1,Messenger RNA,0.0,0,1,1,0.0,0.3631168831168831,0.006578947368421052,
PSKH1,PSKH1,Messenger RNA,0.0,0,1,1,0.0,0.41963079693831606,0.006578947368421052,
ACVR2B,ACVR2B,Messenger RNA,0.0,0,1,2,0.00013099605921420063,0.4447979637289214,0.013157894736842105,1.0
BACH2,BACH2,Messenger RNA,0.0,0,1,1,0.0,0.43002153183635805,0.006578947368421052,
KIAA0232,KIAA0232,Messenger RNA,0.0,0,1,1,0.0,0.418187256954831,0.006578947368421052,
ZFYVE16,ZFYVE16,Messenger RNA,0.0,0,1,2,2.231246209077866e-05,0.4412182420703803,0.013157894736842105,1.0
PHF20L1,PHF20L1,Messenger RNA,10.0,0,1,1,0.0,0.3860278889962723,0.006578947368421052,
TLR4,TLR4,Messenger RNA,0.0,0,1,1,0.0,0.20522607163828538,0.006578947368421052,
MTHFD2,MTHFD2,Messenger RNA,0.0,0,1,1,0.0,0.41379310344827586,0.006578947368421052,
KIF6,KIF6,Messenger RNA,0.0,0,1,1,0.0,0.39891567984020543,0.006578947368421052,
STX7,STX7,Messenger RNA,0.0,0,1,1,0.0,0.2571743929359823,0.006578947368421052,
KIF3B,KIF3B,Messenger RNA,7.0,0,1,3,0.0007716154397460849,0.47039030955585465,0.019736842105263157,1.0
NFXL1,NFXL1,Messenger RNA,0.0,0,1,1,0.0,0.41963079693831606,0.006578947368421052,
DUSP13,DUSP13,Messenger RNA,0.0,0,1,2,0.0004997399892553835,0.4148367952522255,0.013157894736842105,0.0
UNC13B,UNC13B,Messenger RNA,0.0,0,1,2,0.000700747757167837,0.2042068361086766,0.013157894736842105,0.0
ARL10,ARL10,Messenger RNA,0.0,0,1,3,0.00041300065274736827,0.4510404904016777,0.019736842105263157,1.0
ELAVL2,ELAVL2,Messenger RNA,0.0,0,1,4,0.0013866658735818633,0.4493731918997107,0.02631578947368421,0.5
SORCS1,SORCS1,Messenger RNA,0.0,0,1,2,0.00038507823758494614,0.39308308730493463,0.013157894736842105,0.0
CREG2,CREG2,Messenger RNA,3.0,0,1,1,0.0,0.3856551724137931,0.006578947368421052,
MTMR11,MTMR11,Messenger RNA,0.0,0,1,1,0.0,0.42628449458758955,0.006578947368421052,
LIMK2,LIMK2,Messenger RNA,0.0,0,1,2,0.0003293687737388997,0.4214651793789569,0.013157894736842105,1.0
MYH9,MYH9,Messenger RNA,0.0,0,1,1,0.0,0.42798101943976735,0.006578947368421052,
NPEPPS,NPEPPS,Messenger RNA,0.0,0,1,2,0.0003057481408988121,0.4336228287841191,0.013157894736842105,1.0
LYN,LYN,Messenger RNA,0.0,0,1,1,0.0,0.35231854838709675,0.006578947368421052,
PIK3R3,PIK3R3,Messenger RNA,0.0,0,1,4,0.002664921104410348,0.4274575752942975,0.02631578947368421,0.0
ARHGEF26,ARHGEF26,Messenger RNA,0.0,0,1,1,0.0,0.41379310344827586,0.006578947368421052,
KCNS2,KCNS2,Messenger RNA,0.0,0,1,1,0.0,0.3534319302237391,0.006578947368421052,
ZNF48,ZNF48,Messenger RNA,0.0,0,1,1,0.0,0.38586806513938726,0.006578947368421052,
KLHL28,KLHL28,Messenger RNA,0.0,0,1,1,0.0,0.418187256954831,0.006578947368421052,
SACS,SACS,Messenger RNA,0.0,0,1,2,2.231246209077866e-05,0.4412182420703803,0.013157894736842105,1.0
UBTF,UBTF,Messenger RNA,0.0,0,1,2,0.0001828042246991236,0.4084136722173532,0.013157894736842105,1.0
DTX3L,DTX3L,Messenger RNA,0.0,0,1,1,0.0,0.415083135391924,0.006578947368421052,
SLC30A5,SLC30A5,Messenger RNA,0.0,0,1,1,0.0,0.3664002096710785,0.006578947368421052,
GBA2,GBA2,Messenger RNA,0.0,0,1,1,0.0,0.41963079693831606,0.006578947368421052,
TNRC6B,TNRC6B,Messenger RNA,0.0,0,1,9,0.007422476194025332,0.5054229934924078,0.05921052631578947,0.9166666666666666
UBE2J1,UBE2J1,Messenger RNA,0.0,0,1,2,0.0002590251352529276,0.4626075446724024,0.013157894736842105,1.0
ANKRD40,ANKRD40,Messenger RNA,0.0,0,1,1,0.0,0.22296650717703348,0.006578947368421052,
GTF2A1,GTF2A1,Messenger RNA,0.0,0,1,2,0.00012576424567658714,0.4228035687282625,0.013157894736842105,1.0
RNF24,RNF24,Messenger RNA,12.0,0,1,2,0.000496885268358069,0.4354461921819031,0.013157894736842105,1.0
DDX5,DDX5,Messenger RNA,0.0,0,1,1,0.0,0.37600860677783754,0.006578947368421052,
NFATC2IP,NFATC2IP,Messenger RNA,0.0,0,1,1,0.0,0.4082347787998248,0.006578947368421052,
PAX2,PAX2,Messenger RNA,0.0,0,1,6,0.007747007463395136,0.47421981004070557,0.039473684210526314,0.8
ZFX,ZFX,Messenger RNA,0.0,0,1,1,0.0,0.3860278889962723,0.006578947368421052,
CYLD,CYLD,Messenger RNA,0.0,0,1,2,0.000296213067719285,0.43308550185873607,0.013157894736842105,1.0
SYDE1,SYDE1,Messenger RNA,0.0,0,1,1,0.0,0.22259374253642225,0.006578947368421052,
NR2C1,NR2C1,Messenger RNA,0.0,0,1,2,0.00018634831082314172,0.38020125101985314,0.013157894736842105,1.0
SOX6,SOX6,Messenger RNA,0.0,0,1,5,0.0015876412792639558,0.2838290528880317,0.03289473684210526,1.0
MYCN,MYCN,Messenger RNA,0.0,0,1,2,0.00022089983578508108,0.44366867661059983,0.013157894736842105,1.0
DNAJB12,DNAJB12,Messenger RNA,0.0,0,1,2,0.0008489555137651091,0.4241504854368932,0.013157894736842105,1.0
JPT1,JPT1,Messenger RNA,0.0,0,1,2,1.742265621840977e-05,0.4374902206227507,0.013157894736842105,1.0
AHCYL2,AHCYL2,Messenger RNA,0.0,0,1,2,4.489057203105293e-05,0.44345757335448055,0.013157894736842105,1.0
VPS54,VPS54,Messenger RNA,0.0,0,1,1,0.0,0.4082347787998248,0.006578947368421052,
DSC2,DSC2,Messenger RNA,0.0,0,1,1,0.0,0.4082347787998248,0.006578947368421052,
STAG1,STAG1,Messenger RNA,0.0,0,1,1,0.0,0.43002153183635805,0.006578947368421052,
PRDM16,PRDM16,Messenger RNA,0.0,0,1,2,0.00010377345974665749,0.28114630467571644,0.013157894736842105,1.0
RAB9A,RAB9A,Messenger RNA,0.0,0,1,1,0.0,0.43002153183635805,0.006578947368421052,
TPRG1L,TPRG1L,Messenger RNA,0.0,0,1,3,5.6863509106632646e-05,0.4438095238095238,0.019736842105263157,1.0
EFCAB14,EFCAB14,Messenger RNA,0.0,0,1,1,0.0,0.418187256954831,0.006578947368421052,
STX16,STX16,Messenger RNA,0.0,0,1,1,0.0,0.406041243101946,0.006578947368421052,
CLIC5,CLIC5,Messenger RNA,0.0,0,1,1,0.0,0.2568200606227611,0.006578947368421052,
CSK,CSK,Messenger RNA,0.0,0,1,1,0.0,0.41963079693831606,0.006578947368421052,
PKN2,PKN2,Messenger RNA,0.0,0,1,4,0.00016671667916660348,0.44793335469400836,0.02631578947368421,1.0
MYO1C,MYO1C,Messenger RNA,0.0,0,1,2,0.0001810098961894617,0.257767124550567,0.013157894736842105,0.0
CHRM3,CHRM3,Messenger RNA,0.0,0,1,2,0.00013635925262464414,0.41087435709037473,0.013157894736842105,1.0
PLPPR4,PLPPR4,Messenger RNA,0.0,0,1,2,9.544023663625057e-05,0.28086388749372176,0.013157894736842105,1.0
NEK4,NEK4,Messenger RNA,0.0,0,1,1,0.0,0.41963079693831606,0.006578947368421052,
PLEKHA7,PLEKHA7,Messenger RNA,0.0,0,1,1,0.0,0.42798101943976735,0.006578947368421052,
DIO2,DIO2,Messenger RNA,0.0,0,1,3,0.0018548283300238056,0.41087435709037473,0.019736842105263157,0.3333333333333333
VHL,VHL,Messenger RNA,0.0,0,1,1,0.0,0.3860278889962723,0.006578947368421052,
NFASC,NFASC,Messenger RNA,0.0,0,1,2,0.00022961312877043562,0.42057761732851984,0.013157894736842105,1.0
SLC25A44,SLC25A44,Messenger RNA,0.0,0,1,3,5.046151330822545e-05,0.4421951605250672,0.019736842105263157,1.0
HOXC11,HOXC11,Messenger RNA,0.0,0,1,1,0.0,0.40034364261168387,0.006578947368421052,
DRD2,DRD2,Messenger RNA,0.0,0,1,1,0.0,0.3631168831168831,0.006578947368421052,
SLC25A4,SLC25A4,Messenger RNA,0.0,0,1,2,8.016044908948633e-05,0.37319807794981313,0.013157894736842105,0.0
TNRC6C,TNRC6C,Messenger RNA,0.0,0,1,4,0.0005331935592044671,0.4465740297077144,0.02631578947368421,1.0
KPNB1,KPNB1,Messenger RNA,0.0,0,1,1,0.0,0.40034364261168387,0.006578947368421052,
RNF7,RNF7,Messenger RNA,0.0,0,1,2,0.0005553872768096295,0.43558186633432,0.013157894736842105,1.0
RANBP10,RANBP10,Messenger RNA,0.0,0,1,1,0.0,0.41963079693831606,0.006578947368421052,
WNT8B,WNT8B,Messenger RNA,0.0,0,1,2,0.00044484576785920534,0.42752293577981654,0.013157894736842105,1.0
FOXK2,FOXK2,Messenger RNA,0.0,0,1,1,0.0,0.3856551724137931,0.006578947368421052,
LRP10,LRP10,Messenger RNA,0.0,0,1,1,0.0,0.3631168831168831,0.006578947368421052,
SCN3A,SCN3A,Messenger RNA,0.0,0,1,1,0.0,0.42628449458758955,0.006578947368421052,
MFSD9,MFSD9,Messenger RNA,0.0,0,1,1,0.0,0.435785536159601,0.006578947368421052,
MSL1,MSL1,Messenger RNA,0.0,0,1,1,0.0,0.43002153183635805,0.006578947368421052,
KLHL23,KLHL23,Messenger RNA,0.0,0,1,1,0.0,0.41619529621911283,0.006578947368421052,
UBLCP1,UBLCP1,Messenger RNA,0.0,0,1,1,0.0,0.3783491204330176,0.006578947368421052,
GSK3B,GSK3B,Messenger RNA,0.0,0,1,1,0.0,0.41963079693831606,0.006578947368421052,
CDC14A,CDC14A,Messenger RNA,0.0,0,1,1,0.0,0.41963079693831606,0.006578947368421052,
POLR1C,POLR1C,Messenger RNA,0.0,0,1,1,0.0,0.3860278889962723,0.006578947368421052,
NUCKS1,NUCKS1,Messenger RNA,0.0,0,1,4,0.0005230125535691421,0.41681574239713776,0.02631578947368421,0.6666666666666666
PHLDB1,PHLDB1,Messenger RNA,0.0,0,1,1,0.0,0.2568200606227611,0.006578947368421052,
ANKRD10,ANKRD10,Messenger RNA,0.0,0,1,1,0.0,0.4010902309568211,0.006578947368421052,
SLC30A7,SLC30A7,Messenger RNA,0.0,0,1,1,0.0,0.42785003825554707,0.006578947368421052,
GRAMD2A,GRAMD2A,Messenger RNA,0.0,0,1,2,0.00015880465898182456,0.43592142188961647,0.013157894736842105,1.0
NDRG3,NDRG3,Messenger RNA,0.0,0,1,3,0.00022826621891481932,0.405864421541588,0.019736842105263157,0.3333333333333333
FREM2,FREM2,Messenger RNA,5.0,0,1,1,0.0,0.41963079693831606,0.006578947368421052,
CYSLTR1,CYSLTR1,Messenger RNA,0.0,0,1,1,0.0,0.35231854838709675,0.006578947368421052,
PTBP1,PTBP1,Messenger RNA,0.0,0,1,1,0.0,0.37600860677783754,0.006578947368421052,
FAM126B,FAM126B,Messenger RNA,0.0,0,1,5,0.002082607673839691,0.45038659793814434,0.03289473684210526,0.9
FIGN,FIGN,Messenger RNA,0.0,0,1,2,3.667954468358383e-05,0.25927299703264095,0.013157894736842105,1.0
NECTIN1,NECTIN1,Messenger RNA,0.0,0,1,3,0.0011235222258339464,0.45426482534524776,0.019736842105263157,1.0
TIMM8A,TIMM8A,Messenger RNA,0.0,0,1,1,0.0,0.36096049573973665,0.006578947368421052,
PTP4A1,PTP4A1,Messenger RNA,0.0,0,1,1,0.0,0.38586806513938726,0.006578947368421052,
REEP1,REEP1,Messenger RNA,0.0,0,1,3,0.0008510173848745172,0.42608960682718683,0.019736842105263157,0.6666666666666666
CNKSR2,CNKSR2,Messenger RNA,0.0,0,1,2,0.00011503870218414047,0.25798117733899245,0.013157894736842105,1.0
YRDC,YRDC,Messenger RNA,0.0,0,1,1,0.0,0.43002153183635805,0.006578947368421052,
KSR1,KSR1,Messenger RNA,0.0,0,1,1,0.0,0.2572927210821754,0.006578947368421052,
FBXL13,FBXL13,Messenger RNA,0.0,0,1,1,0.0,0.41379310344827586,0.006578947368421052,
CENPP,CENPP,Messenger RNA,0.0,0,1,3,0.0019777489603688115,0.4469309462915601,0.019736842105263157,1.0
NCKAP1,NCKAP1,Messenger RNA,0.0,0,1,2,0.0003057481408988121,0.4336228287841191,0.013157894736842105,1.0
KBTBD8,KBTBD8,Messenger RNA,0.0,0,1,1,0.0,0.41619529621911283,0.006578947368421052,
TMEM260,TMEM260,Messenger RNA,15.0,0,1,1,0.0,0.406041243101946,0.006578947368421052,
ASPHD2,ASPHD2,Messenger RNA,0.0,0,1,1,0.0,0.40034364261168387,0.006578947368421052,
KIAA1614,KIAA1614,Messenger RNA,0.0,2,0,1,,,,
DLG5,DLG5,Messenger RNA,0.0,0,1,1,0.0,0.42798101943976735,0.006578947368421052,
IDH2,IDH2,Messenger RNA,0.0,0,1,1,0.0,0.3696945656485522,0.006578947368421052,
ZSCAN25,ZSCAN25,Messenger RNA,0.0,0,1,1,0.0,0.4226757369614512,0.006578947368421052,
SORT1,SORT1,Messenger RNA,0.0,0,1,1,0.0,0.2799078986885574,0.006578947368421052,
KCND3,KCND3,Messenger RNA,0.0,0,1,3,0.0005964390593712435,0.4254412659768716,0.019736842105263157,0.6666666666666666
ALCAM,ALCAM,Messenger RNA,0.0,0,1,2,0.00021127469061856625,0.4157620817843866,0.013157894736842105,1.0
ATM,ATM,Messenger RNA,0.0,0,1,1,0.0,0.40557006092254133,0.006578947368421052,
LRRC8E,LRRC8E,Messenger RNA,0.0,0,1,1,0.0,0.415083135391924,0.006578947368421052,
STK40,STK40,Messenger RNA,0.0,0,1,2,0.00021377357628380513,0.25821943110454376,0.013157894736842105,1.0
DENND4A,DENND4A,Messenger RNA,0.0,0,1,1,0.0,0.43002153183635805,0.006578947368421052,
AMER1,AMER1,Messenger RNA,0.0,0,1,1,0.0,0.43002153183635805,0.006578947368421052,
EIF5B,EIF5B,Messenger RNA,4.0,0,1,2,0.000700747757167837,0.3990864972880388,0.013157894736842105,0.0
LRRC8B,LRRC8B,Messenger RNA,0.0,0,1,1,0.0,0.42785003825554707,0.006578947368421052,
CHD3,CHD3,Messenger RNA,0.0,0,1,2,0.00016064452005500542,0.39352568613652356,0.013157894736842105,0.0
ARHGAP6,ARHGAP6,Messenger RNA,0.0,0,1,1,0.0,0.2236263296808766,0.006578947368421052,
TRIM26,TRIM26,Messenger RNA,0.0,0,1,1,0.0,0.42798101943976735,0.006578947368421052,
SYT9,SYT9,Messenger RNA,0.0,0,1,1,0.0,0.25922492119414053,0.006578947368421052,
MPPED2,MPPED2,Messenger RNA,0.0,0,1,2,8.71622412976501e-05,0.4099105702976103,0.013157894736842105,1.0
SMARCA5,SMARCA5,Messenger RNA,0.0,0,1,1,0.0,0.40034364261168387,0.006578947368421052,
DYNLT1,DYNLT1,Messenger RNA,0.0,0,1,1,0.0,0.3354931605471562,0.006578947368421052,
ACTB,ACTB,Messenger RNA,0.0,0,1,1,0.0,0.40034364261168387,0.006578947368421052,
UGCG,UGCG,Messenger RNA,0.0,0,1,1,0.0,0.40034364261168387,0.006578947368421052,
B4GALT1,B4GALT1,Messenger RNA,0.0,0,1,1,0.0,0.4080560420315236,0.006578947368421052,
LEF1,LEF1,Messenger RNA,0.0,0,1,1,0.0,0.3636836628511967,0.006578947368421052,
ARL5A,ARL5A,Messenger RNA,0.0,0,1,3,7.025074583163935e-05,0.4467881112176414,0.019736842105263157,1.0
TNS3,TNS3,Messenger RNA,0.0,0,1,1,0.0,0.22136014567334336,0.006578947368421052,
ATXN7L1,ATXN7L1,Messenger RNA,0.0,0,1,2,0.00047518243711635835,0.429097605893186,0.013157894736842105,1.0
ZBTB12,ZBTB12,Messenger RNA,0.0,0,1,1,0.0,0.3631168831168831,0.006578947368421052,
TNFSF13B,TNFSF13B,Messenger RNA,0.0,0,1,1,0.0,0.2572927210821754,0.006578947368421052,
FLT1,FLT1,Messenger RNA,0.0,0,1,3,9.155278172332999e-06,0.257529704338215,0.019736842105263157,1.0
BMPR1A,BMPR1A,Messenger RNA,0.0,0,1,4,0.0009800712774425046,0.4482924482924483,0.02631578947368421,0.8333333333333334
MLLT11,MLLT11,Messenger RNA,0.0,0,1,1,0.0,0.3354931605471562,0.006578947368421052,
CAMKK1,CAMKK1,Messenger RNA,0.0,0,1,1,0.0,0.42798101943976735,0.006578947368421052,
RCN3,RCN3,Messenger RNA,0.0,0,1,1,0.0,0.20506050605060505,0.006578947368421052,
USP12,USP12,Messenger RNA,0.0,0,1,1,0.0,0.42785003825554707,0.006578947368421052,
DNAJB1,DNAJB1,Messenger RNA,0.0,0,1,2,0.004197164204896594,0.2596341350171789,0.013157894736842105,0.0
ZMYM4,ZMYM4,Messenger RNA,0.0,0,1,3,0.000405589608108009,0.4052173913043478,0.019736842105263157,0.0
ARL8A,ARL8A,Messenger RNA,0.0,0,1,1,0.0,0.3631168831168831,0.006578947368421052,
BNIP2,BNIP2,Messenger RNA,0.0,0,1,2,0.00016514947922167736,0.4191904047976012,0.013157894736842105,1.0
KCTD20,KCTD20,Messenger RNA,0.0,0,1,3,0.0036575633819837606,0.25826713467578055,0.019736842105263157,0.3333333333333333
SERAC1,SERAC1,Messenger RNA,0.0,0,1,1,0.0,0.36828240252897787,0.006578947368421052,
PDE3B,PDE3B,Messenger RNA,0.0,0,1,1,0.0,0.22204574332909785,0.006578947368421052,
NUDT3,NUDT3,Messenger RNA,0.0,0,1,2,0.0006265803754701114,0.4235080278703423,0.013157894736842105,1.0
WNK2,WNK2,Messenger RNA,0.0,0,1,1,0.0,0.41963079693831606,0.006578947368421052,
MAPK10,MAPK10,Messenger RNA,0.0,0,1,2,4.362015195669281e-06,0.22026154088545769,0.013157894736842105,1.0
SNAP25,SNAP25,Messenger RNA,0.0,0,1,2,0.0002769144541758337,0.43254950495049505,0.013157894736842105,1.0
ZBED4,ZBED4,Messenger RNA,0.0,0,1,1,0.0,0.3530748831923223,0.006578947368421052,
CDK14,CDK14,Messenger RNA,0.0,0,1,2,0.0010397916464615021,0.4465027147876078,0.013157894736842105,1.0
RICTOR,RICTOR,Messenger RNA,0.0,0,1,2,8.09168263251014e-05,0.40074530600544644,0.013157894736842105,0.0
GNA13,GNA13,Messenger RNA,0.0,0,1,1,0.0,0.42628449458758955,0.006578947368421052,
PANX1,PANX1,Messenger RNA,0.0,0,1,1,0.0,0.39891567984020543,0.006578947368421052,
KMT5C,KMT5C,Messenger RNA,0.0,0,1,1,0.0,0.41963079693831606,0.006578947368421052,
SYT6,SYT6,Messenger RNA,0.0,0,1,1,0.0,0.3856551724137931,0.006578947368421052,
MAPKBP1,MAPKBP1,Messenger RNA,0.0,0,1,2,0.0004652895148563818,0.4449395289624443,0.013157894736842105,1.0
KYAT3,KYAT3,Messenger RNA,0.0,0,1,1,0.0,0.42798101943976735,0.006578947368421052,
GIPC1,GIPC1,Messenger RNA,0.0,0,1,2,0.001401007358461645,0.3697923555085306,0.013157894736842105,0.0
TMEM161B,TMEM161B,Messenger RNA,0.0,0,1,1,0.0,0.43002153183635805,0.006578947368421052,
ATXN1,ATXN1,Messenger RNA,0.0,0,1,5,0.0019008776574218444,0.463604709003482,0.03289473684210526,1.0
TRPM6,TRPM6,Messenger RNA,0.0,0,1,2,0.00021453810570668953,0.42857142857142855,0.013157894736842105,1.0
SPTY2D1,SPTY2D1,Messenger RNA,0.0,0,1,3,0.0004478703863471851,0.4363295880149813,0.019736842105263157,1.0
TNFAIP1,TNFAIP1,Messenger RNA,0.0,0,1,2,2.231246209077866e-05,0.4412182420703803,0.013157894736842105,1.0
VANGL1,VANGL1,Messenger RNA,0.0,0,1,3,0.00015975474971037632,0.41868823000898475,0.019736842105263157,1.0
RBBP4,RBBP4,Messenger RNA,0.0,0,1,1,0.0,0.3783491204330176,0.006578947368421052,
LAMB3,LAMB3,Messenger RNA,0.0,0,1,1,0.0,0.41963079693831606,0.006578947368421052,
PRKRIP1,PRKRIP1,Messenger RNA,0.0,0,1,1,0.0,0.41963079693831606,0.006578947368421052,
BCLAF3,BCLAF3,Messenger RNA,0.0,0,1,3,0.0007131733550598485,0.43673851921274603,0.019736842105263157,1.0
ZC3H6,ZC3H6,Messenger RNA,0.0,0,1,1,0.0,0.3860278889962723,0.006578947368421052,
ABCB9,ABCB9,Messenger RNA,0.0,0,1,2,0.0004718456240952048,0.424408014571949,0.013157894736842105,1.0
USP6,USP6,Messenger RNA,0.0,0,1,1,0.0,0.34702742956435395,0.006578947368421052,
DNM2,DNM2,Messenger RNA,0.0,0,1,1,0.0,0.435785536159601,0.006578947368421052,
CTBP2,CTBP2,Messenger RNA,0.0,0,1,1,0.0,0.3416839789808139,0.006578947368421052,
TRPM3,TRPM3,Messenger RNA,0.0,0,1,3,0.0004793230060459063,0.4681064791562029,0.019736842105263157,1.0
HNRNPA2B1,HNRNPA2B1,Messenger RNA,0.0,0,1,3,0.003142831618358724,0.43571762505843853,0.019736842105263157,0.3333333333333333
ATP10B,ATP10B,Messenger RNA,0.0,0,1,4,0.0024319158216405587,0.4509677419354839,0.02631578947368421,0.5
CEP97,CEP97,Messenger RNA,0.0,0,1,1,0.0,0.418187256954831,0.006578947368421052,
TBC1D2,TBC1D2,Messenger RNA,0.0,0,1,1,0.0,0.435785536159601,0.006578947368421052,
KLF10,KLF10,Messenger RNA,0.0,0,1,2,0.002800062093427177,0.3532086912582112,0.013157894736842105,0.0
PRMT2,PRMT2,Messenger RNA,0.0,0,1,1,0.0,0.3783491204330176,0.006578947368421052,
CACNB3,CACNB3,Messenger RNA,0.0,0,1,1,0.0,0.40557006092254133,0.006578947368421052,
CBX6,CBX6,Messenger RNA,2.0,0,1,2,0.00014294972591348602,0.3796334012219959,0.013157894736842105,0.0
TBX15,TBX15,Messenger RNA,0.0,0,1,1,0.0,0.21951793986024967,0.006578947368421052,
THAP11,THAP11,Messenger RNA,0.0,0,1,1,0.0,0.28374264258169274,0.006578947368421052,
RSPO4,RSPO4,Messenger RNA,0.0,0,1,1,0.0,0.3664002096710785,0.006578947368421052,
ZBTB33,ZBTB33,Messenger RNA,0.0,0,1,1,0.0,0.42628449458758955,0.006578947368421052,
EIF4E2,EIF4E2,Messenger RNA,0.0,0,1,1,0.0,0.3354931605471562,0.006578947368421052,
VDAC1,VDAC1,Messenger RNA,0.0,0,1,1,0.0,0.32071576049552647,0.006578947368421052,
HMBOX1,HMBOX1,Messenger RNA,0.0,0,1,3,0.00048471445859811984,0.46999495713565304,0.019736842105263157,1.0
PIK3CB,PIK3CB,Messenger RNA,0.0,0,1,1,0.0,0.3783491204330176,0.006578947368421052,
CANT1,CANT1,Messenger RNA,0.0,0,1,1,0.0,0.35549904640813734,0.006578947368421052,
BRWD3,BRWD3,Messenger RNA,0.0,0,1,1,0.0,0.40557006092254133,0.006578947368421052,
HIC2,HIC2,Messenger RNA,0.0,0,1,3,0.0006303808711386964,0.4414272181875592,0.019736842105263157,0.3333333333333333
PTGER3,PTGER3,Messenger RNA,0.0,0,1,1,0.0,0.2568200606227611,0.006578947368421052,
C1orf226,C1orf226,Messenger RNA,0.0,0,1,1,0.0,0.42798101943976735,0.006578947368421052,
XK,XK,Messenger RNA,0.0,0,1,1,0.0,0.3664002096710785,0.006578947368421052,
APPL1,APPL1,Messenger RNA,0.0,0,1,3,0.00047463130531698214,0.4345663661796705,0.019736842105263157,1.0
MED22,MED22,Messenger RNA,0.0,0,1,1,0.0,0.41963079693831606,0.006578947368421052,
TOX3,TOX3,Messenger RNA,0.0,0,1,1,0.0,0.415083135391924,0.006578947368421052,
RAB4A,RAB4A,Messenger RNA,0.0,0,1,2,0.0005874244317760142,0.40610021786492373,0.013157894736842105,0.0
OLR1,OLR1,Messenger RNA,0.0,0,1,1,0.0,0.42785003825554707,0.006578947368421052,
BLMH,BLMH,Messenger RNA,0.0,0,1,1,0.0,0.3354931605471562,0.006578947368421052,
HIF1AN,HIF1AN,Messenger RNA,0.0,0,1,1,0.0,0.39880188275566963,0.006578947368421052,
CACFD1,CACFD1,Messenger RNA,0.0,0,1,1,0.0,0.3696945656485522,0.006578947368421052,
POLR2F,POLR2F,Messenger RNA,0.0,0,1,1,0.0,0.3631168831168831,0.006578947368421052,
CYP19A1,CYP19A1,Messenger RNA,0.0,0,1,2,3.1594703872944763e-06,0.25867332778240354,0.013157894736842105,1.0
DBT,DBT,Messenger RNA,0.0,0,1,1,0.0,0.3525406632202749,0.006578947368421052,
STXBP6,STXBP6,Messenger RNA,0.0,0,1,1,0.0,0.2566786009363812,0.006578947368421052,
RNF152,RNF152,Messenger RNA,0.0,0,1,2,0.00012773532912729657,0.446716727911807,0.013157894736842105,1.0
CAPN15,CAPN15,Messenger RNA,0.0,0,1,1,0.0,0.435785536159601,0.006578947368421052,
SCN5A,SCN5A,Messenger RNA,0.0,0,1,2,3.958871587481144e-06,0.41446783278980137,0.013157894736842105,1.0
TRPM7,TRPM7,Messenger RNA,0.0,0,1,1,0.0,0.41379310344827586,0.006578947368421052,
TMEM135,TMEM135,Messenger RNA,0.0,0,1,3,0.00013791010034492935,0.2598996095928611,0.019736842105263157,1.0
MSI1,MSI1,Messenger RNA,0.0,0,1,1,0.0,0.415083135391924,0.006578947368421052,
HECW2,HECW2,Messenger RNA,0.0,0,1,1,0.0,0.2568200606227611,0.006578947368421052,
NAA50,NAA50,Messenger RNA,0.0,0,1,3,0.0015821941245257318,0.42389326864766524,0.019736842105263157,0.6666666666666666
ADRB2,ADRB2,Messenger RNA,0.0,0,1,1,0.0,0.22197523023181961,0.006578947368421052,
NREP,NREP,Messenger RNA,0.0,0,1,2,0.0009728717463365283,0.42863713015483673,0.013157894736842105,1.0
AGFG2,AGFG2,Messenger RNA,0.0,0,1,3,0.0007255030072126457,0.45396980029225525,0.019736842105263157,1.0
ARIH2,ARIH2,Messenger RNA,0.0,0,1,1,0.0,0.42798101943976735,0.006578947368421052,
ESRRA,ESRRA,Messenger RNA,0.0,0,1,3,0.0017880353219477112,0.4373533552322853,0.019736842105263157,0.3333333333333333
PAX5,PAX5,Messenger RNA,0.0,0,1,1,0.0,0.3525406632202749,0.006578947368421052,
H1-0,H1-0,Messenger RNA,0.0,0,1,2,0.00010289121075193045,0.3877947295423024,0.013157894736842105,1.0
SYT1,SYT1,Messenger RNA,0.0,0,1,2,0.003561671489821731,0.45031406023514253,0.013157894736842105,1.0
MINAR1,MINAR1,Messenger RNA,0.0,0,1,1,0.0,0.415083135391924,0.006578947368421052,
AP1S1,AP1S1,Messenger RNA,0.0,0,1,2,3.8806415776492026e-05,0.36194174757281555,0.013157894736842105,0.0
GPAT4,GPAT4,Messenger RNA,0.0,0,1,1,0.0,0.415083135391924,0.006578947368421052,
FXR1,FXR1,Messenger RNA,0.0,0,1,2,0.0005386918275125612,0.4178123132098028,0.013157894736842105,1.0
UXS1,UXS1,Messenger RNA,0.0,0,1,1,0.0,0.39446952595936796,0.006578947368421052,
PLXNB1,PLXNB1,Messenger RNA,0.0,0,1,2,0.0003057481408988121,0.4336228287841191,0.013157894736842105,1.0
ACP3,ACP3,Messenger RNA,0.0,0,1,2,0.0005553872768096295,0.43558186633432,0.013157894736842105,1.0
FBXW4,FBXW4,Messenger RNA,0.0,0,1,1,0.0,0.41963079693831606,0.006578947368421052,
RTKN,RTKN,Messenger RNA,0.0,0,1,1,0.0,0.40034364261168387,0.006578947368421052,
FRMD4A,FRMD4A,Messenger RNA,0.0,0,1,1,0.0,0.2568200606227611,0.006578947368421052,
ZC3H12B,ZC3H12B,Messenger RNA,0.0,0,1,1,0.0,0.42798101943976735,0.006578947368421052,
DNAL1,DNAL1,Messenger RNA,0.0,0,1,4,0.0038355834448556563,0.48541666666666666,0.02631578947368421,1.0
KHNYN,KHNYN,Messenger RNA,0.0,0,1,2,0.00033247040888524865,0.42936117936117935,0.013157894736842105,1.0
KCNC3,KCNC3,Messenger RNA,0.0,0,1,2,0.00042388736639275366,0.4344988344988345,0.013157894736842105,1.0
LAMP1,LAMP1,Messenger RNA,0.0,0,1,1,0.0,0.39902954188668477,0.006578947368421052,
OSBP,OSBP,Messenger RNA,0.0,0,1,1,0.0,0.41963079693831606,0.006578947368421052,
CHTOP,CHTOP,Messenger RNA,0.0,0,1,1,0.0,0.3416839789808139,0.006578947368421052,
TMEM154,TMEM154,Messenger RNA,0.0,0,1,2,0.00010034153713338926,0.4348367029548989,0.013157894736842105,1.0
RAB35,RAB35,Messenger RNA,0.0,0,1,1,0.0,0.4080560420315236,0.006578947368421052,
GABARAPL1,GABARAPL1,Messenger RNA,0.0,0,1,1,0.0,0.2572927210821754,0.006578947368421052,
FERMT1,FERMT1,Messenger RNA,0.0,0,1,1,0.0,0.41963079693831606,0.006578947368421052,
CLEC16A,CLEC16A,Messenger RNA,0.0,0,1,1,0.0,0.40034364261168387,0.006578947368421052,
ITPRID2,ITPRID2,Messenger RNA,0.0,0,1,1,0.0,0.4082347787998248,0.006578947368421052,
CERT1,CERT1,Messenger RNA,0.0,0,1,2,5.35165410150063e-05,0.258912862302065,0.013157894736842105,1.0
BCAS3,BCAS3,Messenger RNA,0.0,0,1,1,0.0,0.3631168831168831,0.006578947368421052,
FBXO11,FBXO11,Messenger RNA,0.0,0,1,1,0.0,0.4010902309568211,0.006578947368421052,
PHKG2,PHKG2,Messenger RNA,0.0,0,1,2,4.489057203105293e-05,0.44345757335448055,0.013157894736842105,1.0
MYNN,MYNN,Messenger RNA,0.0,0,1,5,0.003348041115431141,0.455820019563091,0.03289473684210526,0.7
CBX3,CBX3,Messenger RNA,0.0,0,1,1,0.0,0.4101510928560951,0.006578947368421052,
RTKN2,RTKN2,Messenger RNA,0.0,0,1,1,0.0,0.3354931605471562,0.006578947368421052,
ATMIN,ATMIN,Messenger RNA,0.0,0,1,1,0.0,0.36828240252897787,0.006578947368421052,
KIAA1755,KIAA1755,Messenger RNA,0.0,0,1,1,0.0,0.3860278889962723,0.006578947368421052,
BCAM,BCAM,Messenger RNA,0.0,0,1,1,0.0,0.2659058487874465,0.006578947368421052,
APBA1,APBA1,Messenger RNA,0.0,0,1,2,0.0005196885039010549,0.42171945701357466,0.013157894736842105,1.0
KDM5A,KDM5A,Messenger RNA,0.0,0,1,1,0.0,0.3636836628511967,0.006578947368421052,
PGK1,PGK1,Messenger RNA,0.0,0,1,1,0.0,0.3534319302237391,0.006578947368421052,
MATR3,MATR3,Messenger RNA,8.0,0,1,1,0.0,0.4010902309568211,0.006578947368421052,
JAM2,JAM2,Messenger RNA,0.0,0,1,1,0.0,0.32816901408450705,0.006578947368421052,
RBM3,RBM3,Messenger RNA,0.0,0,1,2,0.0001828042246991236,0.4084136722173532,0.013157894736842105,1.0
TNFAIP8,TNFAIP8,Messenger RNA,0.0,0,1,3,8.812862549509034e-05,0.22463244155218126,0.019736842105263157,0.6666666666666666
ASXL2,ASXL2,Messenger RNA,0.0,0,1,5,0.001789355986757015,0.4475748359212422,0.03289473684210526,0.7
TRIM2,TRIM2,Messenger RNA,0.0,0,1,2,0.00012239688990050996,0.41238938053097346,0.013157894736842105,1.0
ZDHHC14,ZDHHC14,Messenger RNA,0.0,0,1,3,0.0009453134546443595,0.4536015574302401,0.019736842105263157,1.0
XRN1,XRN1,Messenger RNA,0.0,0,1,3,0.0008112923559248441,0.44628890662410214,0.019736842105263157,1.0
MOCS2,MOCS2,Messenger RNA,0.0,0,1,1,0.0,0.406041243101946,0.006578947368421052,
AVL9,AVL9,Messenger RNA,0.0,0,1,2,0.0004652895148563818,0.4449395289624443,0.013157894736842105,1.0
CDKL1,CDKL1,Messenger RNA,0.0,0,1,1,0.0,0.3783491204330176,0.006578947368421052,
WDFY2,WDFY2,Messenger RNA,0.0,0,1,2,0.00017862016763581695,0.44958996623251324,0.013157894736842105,1.0
SLC28A3,SLC28A3,Messenger RNA,0.0,0,1,1,0.0,0.3236485704363931,0.006578947368421052,
BICRA,BICRA,Messenger RNA,0.0,0,1,1,0.0,0.3783491204330176,0.006578947368421052,
KCTD1,KCTD1,Messenger RNA,0.0,0,1,1,0.0,0.4080560420315236,0.006578947368421052,
HOXA1,HOXA1,Messenger RNA,0.0,0,1,1,0.0,0.3664002096710785,0.006578947368421052,
LMNB1,LMNB1,Messenger RNA,0.0,0,1,1,0.0,0.36915764457354105,0.006578947368421052,
AAMP,AAMP,Messenger RNA,0.0,0,1,1,0.0,0.3631168831168831,0.006578947368421052,
SLC10A7,SLC10A7,Messenger RNA,0.0,0,1,2,4.489057203105293e-05,0.44345757335448055,0.013157894736842105,1.0
CNTFR,CNTFR,Messenger RNA,0.0,0,1,1,0.0,0.22250517268820627,0.006578947368421052,
CHUK,CHUK,Messenger RNA,0.0,0,1,1,0.0,0.42785003825554707,0.006578947368421052,
DCTN5,DCTN5,Messenger RNA,0.0,0,1,1,0.0,0.42628449458758955,0.006578947368421052,
RILPL1,RILPL1,Messenger RNA,0.0,0,1,1,0.0,0.3856551724137931,0.006578947368421052,
SCD5,SCD5,Messenger RNA,0.0,0,1,1,0.0,0.435785536159601,0.006578947368421052,
SGIP1,SGIP1,Messenger RNA,0.0,0,1,1,0.0,0.353030303030303,0.006578947368421052,
HSPA8,HSPA8,Messenger RNA,0.0,0,1,1,0.0,0.39902954188668477,0.006578947368421052,
PODXL,PODXL,Messenger RNA,0.0,0,1,2,0.000352423167386193,0.4052761269749239,0.013157894736842105,1.0
PDE4D,PDE4D,Messenger RNA,0.0,0,1,1,0.0,0.25207356653443924,0.006578947368421052,
LUZP1,LUZP1,Messenger RNA,0.0,0,1,2,0.0002590251352529276,0.4626075446724024,0.013157894736842105,1.0
MBTPS1,MBTPS1,Messenger RNA,0.0,0,1,1,0.0,0.4226757369614512,0.006578947368421052,
TSPYL1,TSPYL1,Messenger RNA,0.0,0,1,1,0.0,0.3856551724137931,0.006578947368421052,
SEMA6D,SEMA6D,Messenger RNA,0.0,0,1,4,0.0015323121715033103,0.4508950169327528,0.02631578947368421,1.0
FAM124A,FAM124A,Messenger RNA,0.0,0,1,1,0.0,0.32816901408450705,0.006578947368421052,
GRM4,GRM4,Messenger RNA,0.0,0,1,1,0.0,0.3798913043478261,0.006578947368421052,
MPLKIP,MPLKIP,Messenger RNA,0.0,0,1,2,0.00037612307834913053,0.41033167009098914,0.013157894736842105,1.0
MTUS2,MTUS2,Messenger RNA,0.0,0,1,1,0.0,0.3664002096710785,0.006578947368421052,
MAPK14,MAPK14,Messenger RNA,0.0,0,1,1,0.0,0.415083135391924,0.006578947368421052,
BACE1,BACE1,Messenger RNA,0.0,0,1,1,0.0,0.3783491204330176,0.006578947368421052,
MED17,MED17,Messenger RNA,0.0,0,1,1,0.0,0.4226757369614512,0.006578947368421052,
PRLR,PRLR,Messenger RNA,0.0,0,1,2,0.0003847826427483642,0.43208159480760316,0.013157894736842105,1.0
SIAH3,SIAH3,Messenger RNA,0.0,0,1,1,0.0,0.41963079693831606,0.006578947368421052,
SRPRA,SRPRA,Messenger RNA,0.0,0,1,2,0.0002828252500134162,0.4413575374901342,0.013157894736842105,1.0
LPP,LPP,Messenger RNA,0.0,0,1,4,0.0017529583923453218,0.44550669216061184,0.02631578947368421,0.6666666666666666
PSMD11,PSMD11,Messenger RNA,0.0,0,1,1,0.0,0.415083135391924,0.006578947368421052,
ZBTB8B,ZBTB8B,Messenger RNA,0.0,0,1,3,0.00036028417699027416,0.39812046134130713,0.019736842105263157,0.0
NUDCD2,NUDCD2,Messenger RNA,0.0,0,1,1,0.0,0.31589650886905435,0.006578947368421052,
PID1,PID1,Messenger RNA,0.0,0,1,1,0.0,0.22197523023181961,0.006578947368421052,
BMPR2,BMPR2,Messenger RNA,0.0,0,1,1,0.0,0.3783491204330176,0.006578947368421052,
GRHL1,GRHL1,Messenger RNA,0.0,0,1,1,0.0,0.4082347787998248,0.006578947368421052,
NFIC,NFIC,Messenger RNA,0.0,0,1,1,0.0,0.38586806513938726,0.006578947368421052,
ZNF572,ZNF572,Messenger RNA,0.0,0,1,1,0.0,0.41963079693831606,0.006578947368421052,
CSRNP2,CSRNP2,Messenger RNA,0.0,0,1,1,0.0,0.41619529621911283,0.006578947368421052,
CLK3,CLK3,Messenger RNA,0.0,0,1,1,0.0,0.3664002096710785,0.006578947368421052,
AMOTL1,AMOTL1,Messenger RNA,0.0,0,1,1,0.0,0.36096049573973665,0.006578947368421052,
KLF7,KLF7,Messenger RNA,0.0,0,1,1,0.0,0.415083135391924,0.006578947368421052,
CPD,CPD,Messenger RNA,0.0,0,1,2,0.0013742599432505563,0.4629139072847682,0.013157894736842105,1.0
RNF217,RNF217,Messenger RNA,0.0,0,1,1,0.0,0.418187256954831,0.006578947368421052,
ENTPD1,ENTPD1,Messenger RNA,0.0,0,1,2,0.0005842485623989644,0.4063362883301846,0.013157894736842105,1.0
LEPROTL1,LEPROTL1,Messenger RNA,0.0,0,1,1,0.0,0.42785003825554707,0.006578947368421052,
CASP3,CASP3,Messenger RNA,0.0,0,1,1,0.0,0.42785003825554707,0.006578947368421052,
DCAF5,DCAF5,Messenger RNA,0.0,0,1,2,4.489057203105293e-05,0.44345757335448055,0.013157894736842105,1.0
RELA,RELA,Messenger RNA,0.0,0,1,1,0.0,0.3631168831168831,0.006578947368421052,
SLC39A11,SLC39A11,Messenger RNA,0.0,0,1,1,0.0,0.32824606715191357,0.006578947368421052,
KIAA1958,KIAA1958,Messenger RNA,0.0,0,1,1,0.0,0.42798101943976735,0.006578947368421052,
ACAA2,ACAA2,Messenger RNA,0.0,0,1,1,0.0,0.21955241460541813,0.006578947368421052,
CCDC134,CCDC134,Messenger RNA,2.0,0,1,1,0.0,0.41963079693831606,0.006578947368421052,
PYGO1,PYGO1,Messenger RNA,0.0,0,1,1,0.0,0.3629283489096573,0.006578947368421052,
PARP6,PARP6,Messenger RNA,0.0,0,1,1,0.0,0.418187256954831,0.006578947368421052,
ZNF711,ZNF711,Messenger RNA,0.0,0,1,1,0.0,0.42798101943976735,0.006578947368421052,
NIBAN1,NIBAN1,Messenger RNA,0.0,0,1,1,0.0,0.435785536159601,0.006578947368421052,
PNN,PNN,Messenger RNA,0.0,0,1,1,0.0,0.42798101943976735,0.006578947368421052,
BEGAIN,BEGAIN,Messenger RNA,0.0,0,1,1,0.0,0.3696945656485522,0.006578947368421052,
ONECUT2,ONECUT2,Messenger RNA,0.0,0,1,2,0.000522598045017675,0.4360573923892701,0.013157894736842105,1.0
BCAT2,BCAT2,Messenger RNA,0.0,0,1,1,0.0,0.42798101943976735,0.006578947368421052,
CHPT1,CHPT1,Messenger RNA,0.0,0,1,1,0.0,0.43002153183635805,0.006578947368421052,
L3MBTL3,L3MBTL3,Messenger RNA,0.0,0,1,1,0.0,0.435785536159601,0.006578947368421052,
GLS2,GLS2,Messenger RNA,0.0,0,1,1,0.0,0.42628449458758955,0.006578947368421052,
RRAGA,RRAGA,Messenger RNA,0.0,0,1,2,0.00013586876114546163,0.4413575374901342,0.013157894736842105,1.0
ZNF706,ZNF706,Messenger RNA,0.0,0,1,1,0.0,0.41379310344827586,0.006578947368421052,
AGAP1,AGAP1,Messenger RNA,0.0,0,1,3,0.0009824650621352961,0.4374217772215269,0.019736842105263157,1.0
MCAT,MCAT,Messenger RNA,0.0,0,1,1,0.0,0.38586806513938726,0.006578947368421052,
KCNK12,KCNK12,Messenger RNA,0.0,0,1,1,0.0,0.41379310344827586,0.006578947368421052,
HSPA4L,HSPA4L,Messenger RNA,0.0,0,1,4,0.0008206454645441646,0.4281120808451998,0.02631578947368421,0.3333333333333333
ANKRD33B,ANKRD33B,Messenger RNA,0.0,0,1,1,0.0,0.25848201904409723,0.006578947368421052,
OSER1,OSER1,Messenger RNA,0.0,0,1,1,0.0,0.4082347787998248,0.006578947368421052,
PLEKHA8,PLEKHA8,Messenger RNA,0.0,0,1,2,4.587938452611409e-05,0.4379013312451057,0.013157894736842105,1.0
VSNL1,VSNL1,Messenger RNA,0.0,0,1,1,0.0,0.42798101943976735,0.006578947368421052,
JAKMIP3,JAKMIP3,Messenger RNA,0.0,0,1,1,0.0,0.40557006092254133,0.006578947368421052,
MAT2A,MAT2A,Messenger RNA,0.0,0,1,3,0.0021390492117249202,0.4395535293192894,0.019736842105263157,0.3333333333333333
RAB9B,RAB9B,Messenger RNA,0.0,0,1,1,0.0,0.43002153183635805,0.006578947368421052,
MAPRE1,MAPRE1,Messenger RNA,0.0,0,1,1,0.0,0.3354931605471562,0.006578947368421052,
SNX27,SNX27,Messenger RNA,0.0,0,1,2,0.00033247040888524865,0.42936117936117935,0.013157894736842105,1.0
FPGT-TNNI3K,FPGT-TNNI3K,Messenger RNA,0.0,0,1,1,0.0,0.3860278889962723,0.006578947368421052,
USP9X,USP9X,Messenger RNA,0.0,0,1,1,0.0,0.3783491204330176,0.006578947368421052,
PCDHA9,PCDHA9,Messenger RNA,0.0,0,1,2,2.231246209077866e-05,0.4412182420703803,0.013157894736842105,1.0
KLHL15,KLHL15,Messenger RNA,0.0,0,1,2,8.361248293380326e-05,0.4240218380345769,0.013157894736842105,1.0
MYO6,MYO6,Messenger RNA,0.0,0,1,1,0.0,0.40034364261168387,0.006578947368421052,
RBM38,RBM38,Messenger RNA,0.0,0,1,2,0.00036985063145942947,0.37359700694815606,0.013157894736842105,0.0
PRPF38B,PRPF38B,Messenger RNA,0.0,0,1,1,0.0,0.42798101943976735,0.006578947368421052,
KMT5B,KMT5B,Messenger RNA,0.0,0,1,2,5.053878717522044e-05,0.40178186521051873,0.013157894736842105,1.0
UBTD2,UBTD2,Messenger RNA,0.0,0,1,2,0.00023901437882057366,0.4169400536832687,0.013157894736842105,1.0
ACBD3,ACBD3,Messenger RNA,0.0,0,1,1,0.0,0.39446952595936796,0.006578947368421052,
LRCH1,LRCH1,Messenger RNA,0.0,0,1,4,0.001477751494121239,0.4577603143418468,0.02631578947368421,1.0
CPEB4,CPEB4,Messenger RNA,0.0,0,1,1,0.0,0.42785003825554707,0.006578947368421052,
SMOC2,SMOC2,Messenger RNA,0.0,4,0,1,,,,
UBP1,UBP1,Messenger RNA,0.0,0,1,1,0.0,0.40557006092254133,0.006578947368421052,
GTPBP8,GTPBP8,Messenger RNA,0.0,0,1,1,0.0,0.3860278889962723,0.006578947368421052,
VXN,VXN,Messenger RNA,0.0,0,1,1,0.0,0.41963079693831606,0.006578947368421052,
C5orf24,C5orf24,Messenger RNA,0.0,0,1,2,0.00014047307915251406,0.418187256954831,0.013157894736842105,1.0
PDZD4,PDZD4,Messenger RNA,0.0,0,1,1,0.0,0.41379310344827586,0.006578947368421052,
FHDC1,FHDC1,Messenger RNA,0.0,0,1,1,0.0,0.4080560420315236,0.006578947368421052,
CNTNAP1,CNTNAP1,Messenger RNA,0.0,0,1,1,0.0,0.2572927210821754,0.006578947368421052,
CENPO,CENPO,Messenger RNA,0.0,0,1,1,0.0,0.39446952595936796,0.006578947368421052,
NPFFR1,NPFFR1,Messenger RNA,0.0,0,1,1,0.0,0.3636836628511967,0.006578947368421052,
UBL3,UBL3,Messenger RNA,0.0,0,1,1,0.0,0.43002153183635805,0.006578947368421052,
SMARCE1,SMARCE1,Messenger RNA,0.0,5,0,1,,,,
BET1L,BET1L,Messenger RNA,0.0,0,1,1,0.0,0.41963079693831606,0.006578947368421052,
PIP4P1,PIP4P1,Messenger RNA,0.0,0,1,3,0.0008092431207193832,0.43653395784543325,0.019736842105263157,0.6666666666666666
DENND6A,DENND6A,Messenger RNA,0.0,0,1,2,0.000296213067719285,0.43308550185873607,0.013157894736842105,1.0
MRPS25,MRPS25,Messenger RNA,0.0,0,1,1,0.0,0.39880188275566963,0.006578947368421052,
GALNTL6,GALNTL6,Messenger RNA,0.0,0,1,1,0.0,0.42798101943976735,0.006578947368421052,
SEL1L3,SEL1L3,Messenger RNA,0.0,0,1,1,0.0,0.42628449458758955,0.006578947368421052,
LRPAP1,LRPAP1,Messenger RNA,0.0,0,1,1,0.0,0.3354931605471562,0.006578947368421052,
SOX17,SOX17,Messenger RNA,0.0,0,1,2,2.684934628791172e-06,0.257767124550567,0.013157894736842105,1.0
UCHL5,UCHL5,Messenger RNA,0.0,0,1,1,0.0,0.36096049573973665,0.006578947368421052,
CNN2,CNN2,Messenger RNA,0.0,0,1,1,0.0,0.35134455893440564,0.006578947368421052,
BTRC,BTRC,Messenger RNA,0.0,0,1,1,0.0,0.42798101943976735,0.006578947368421052,
LMO4,LMO4,Messenger RNA,0.0,0,1,1,0.0,0.41619529621911283,0.006578947368421052,
FBXL20,FBXL20,Messenger RNA,0.0,0,1,1,0.0,0.42628449458758955,0.006578947368421052,
BDNF,BDNF,Messenger RNA,0.0,0,1,2,0.00013099605921420063,0.4447979637289214,0.013157894736842105,1.0
TIMELESS,TIMELESS,Messenger RNA,0.0,0,1,1,0.0,0.4080560420315236,0.006578947368421052,
MYB,MYB,Messenger RNA,0.0,0,1,1,0.0,0.42628449458758955,0.006578947368421052,
UBQLNL,UBQLNL,Messenger RNA,0.0,0,1,1,0.0,0.4080560420315236,0.006578947368421052,
NASP,NASP,Messenger RNA,0.0,0,1,1,0.0,0.3354931605471562,0.006578947368421052,
TAL1,TAL1,Messenger RNA,0.0,0,1,1,0.0,0.20174615773143806,0.006578947368421052,
PAN3,PAN3,Messenger RNA,0.0,0,1,1,0.0,0.39446952595936796,0.006578947368421052,
MKLN1,MKLN1,Messenger RNA,0.0,0,1,3,8.650361055146606e-05,0.44268524382520585,0.019736842105263157,1.0
HERPUD2,HERPUD2,Messenger RNA,0.0,0,1,1,0.0,0.3783491204330176,0.006578947368421052,
ATP2A2,ATP2A2,Messenger RNA,0.0,0,1,2,0.0003847826427483642,0.43208159480760316,0.013157894736842105,1.0
LRIG1,LRIG1,Messenger RNA,0.0,0,1,1,0.0,0.43002153183635805,0.006578947368421052,
FGF1,FGF1,Messenger RNA,0.0,0,1,1,0.0,0.40557006092254133,0.006578947368421052,
UBXN10,UBXN10,Messenger RNA,0.0,0,1,1,0.0,0.42628449458758955,0.006578947368421052,
ZYX,ZYX,Messenger RNA,0.0,0,1,1,0.0,0.4080560420315236,0.006578947368421052,
SUMO2,SUMO2,Messenger RNA,0.0,0,1,1,0.0,0.3856551724137931,0.006578947368421052,
PCDH11X,PCDH11X,Messenger RNA,0.0,0,1,1,0.0,0.4082347787998248,0.006578947368421052,
IPO7,IPO7,Messenger RNA,0.0,0,1,2,0.00019354721243987417,0.44922879177377895,0.013157894736842105,1.0
CDH3,CDH3,Messenger RNA,0.0,0,1,1,0.0,0.3631168831168831,0.006578947368421052,
RASAL2,RASAL2,Messenger RNA,0.0,0,1,2,0.00010888486959572187,0.41226776762017103,0.013157894736842105,1.0
KRT80,KRT80,Messenger RNA,0.0,0,1,1,0.0,0.3631168831168831,0.006578947368421052,
TMEM183A,TMEM183A,Messenger RNA,0.0,0,1,2,3.815267704563697e-05,0.3604486270465386,0.013157894736842105,0.0
KCNJ11,KCNJ11,Messenger RNA,0.0,0,1,2,0.0005553872768096295,0.43558186633432,0.013157894736842105,1.0
G6PC3,G6PC3,Messenger RNA,0.0,0,1,1,0.0,0.3664002096710785,0.006578947368421052,
STX2,STX2,Messenger RNA,0.0,0,1,1,0.0,0.2546216191603679,0.006578947368421052,
ELP1,ELP1,Messenger RNA,0.0,0,1,1,0.0,0.42798101943976735,0.006578947368421052,
SENP7,SENP7,Messenger RNA,0.0,0,1,1,0.0,0.3629283489096573,0.006578947368421052,
RAPGEF5,RAPGEF5,Messenger RNA,0.0,0,1,2,1.8311763934573418e-05,0.42076749435665917,0.013157894736842105,1.0
SPARC,SPARC,Messenger RNA,0.0,1,0,1,,,,
TOR1AIP2,TOR1AIP2,Messenger RNA,0.0,0,1,1,0.0,0.42785003825554707,0.006578947368421052,
PCDHA10,PCDHA10,Messenger RNA,0.0,0,1,1,0.0,0.415083135391924,0.006578947368421052,
PURA,PURA,Messenger RNA,0.0,0,1,2,6.836845444358624e-06,0.39352568613652356,0.013157894736842105,1.0
PARP8,PARP8,Messenger RNA,0.0,0,1,1,0.0,0.42785003825554707,0.006578947368421052,
SLC1A4,SLC1A4,Messenger RNA,0.0,0,1,2,0.0003847826427483642,0.43208159480760316,0.013157894736842105,1.0
PXMP4,PXMP4,Messenger RNA,0.0,0,1,3,0.00044337284753739447,0.39761092150170646,0.019736842105263157,0.0
CAPZB,CAPZB,Messenger RNA,0.0,0,1,1,0.0,0.2959669736424262,0.006578947368421052,
CDK19,CDK19,Messenger RNA,0.0,0,1,1,0.0,0.40557006092254133,0.006578947368421052,
DNAJC10,DNAJC10,Messenger RNA,0.0,0,1,1,0.0,0.42785003825554707,0.006578947368421052,
VPS4B,VPS4B,Messenger RNA,0.0,0,1,1,0.0,0.4082347787998248,0.006578947368421052,
RNF114,RNF114,Messenger RNA,12.0,0,1,1,0.0,0.3416839789808139,0.006578947368421052,
IL23R,IL23R,Messenger RNA,0.0,0,1,1,0.0,0.39017583030979625,0.006578947368421052,
RRAGC,RRAGC,Messenger RNA,0.0,0,1,1,0.0,0.2228954081632653,0.006578947368421052,
SALL4,SALL4,Messenger RNA,0.0,0,1,1,0.0,0.42628449458758955,0.006578947368421052,
ACVR1B,ACVR1B,Messenger RNA,0.0,0,1,2,0.0005888155501371064,0.42032471437161756,0.013157894736842105,1.0
KATNAL1,KATNAL1,Messenger RNA,0.0,0,1,4,0.0010102354381671598,0.28411746773701857,0.02631578947368421,1.0
SERPINE1,SERPINE1,Messenger RNA,0.0,0,1,1,0.0,0.20310910939997096,0.006578947368421052,
SRSF2,SRSF2,Messenger RNA,0.0,0,1,1,0.0,0.3535660091047041,0.006578947368421052,
GALNT10,GALNT10,Messenger RNA,0.0,0,1,2,0.00040385556841057745,0.4485801379752928,0.013157894736842105,1.0
LRP6,LRP6,Messenger RNA,0.0,0,1,1,0.0,0.36828240252897787,0.006578947368421052,
HS2ST1,HS2ST1,Messenger RNA,0.0,0,1,2,2.118762538775812e-05,0.4344988344988345,0.013157894736842105,1.0
WASL,WASL,Messenger RNA,0.0,0,1,2,0.0008336931564818984,0.4314149051072365,0.013157894736842105,1.0
EIF4G2,EIF4G2,Messenger RNA,0.0,0,1,1,0.0,0.42785003825554707,0.006578947368421052,
SPRED1,SPRED1,Messenger RNA,0.0,0,1,2,2.118762538775812e-05,0.4344988344988345,0.013157894736842105,1.0
MYLIP,MYLIP,Messenger RNA,0.0,0,1,1,0.0,0.418187256954831,0.006578947368421052,
WASF3,WASF3,Messenger RNA,0.0,0,1,1,0.0,0.20174615773143806,0.006578947368421052,
MNT,MNT,Messenger RNA,0.0,0,1,2,0.00013586876114546163,0.4413575374901342,0.013157894736842105,1.0
NGFR,NGFR,Messenger RNA,0.0,0,1,1,0.0,0.3631168831168831,0.006578947368421052,
GNS,GNS,Messenger RNA,0.0,0,1,1,0.0,0.25848201904409723,0.006578947368421052,
AQR,AQR,Messenger RNA,0.0,0,1,1,0.0,0.41963079693831606,0.006578947368421052,
PTAR1,PTAR1,Messenger RNA,0.0,0,1,1,0.0,0.3636836628511967,0.006578947368421052,
SLC39A10,SLC39A10,Messenger RNA,0.0,0,1,1,0.0,0.43002153183635805,0.006578947368421052,
PACSIN1,PACSIN1,Messenger RNA,0.0,0,1,1,0.0,0.42798101943976735,0.006578947368421052,
MARCHF6,MARCHF6,Messenger RNA,0.0,0,1,2,3.227478487427729e-05,0.42615454961133975,0.013157894736842105,1.0
ILRUN,ILRUN,Messenger RNA,0.0,0,1,1,0.0,0.2236263296808766,0.006578947368421052,
ERGIC2,ERGIC2,Messenger RNA,0.0,0,1,1,0.0,0.42785003825554707,0.006578947368421052,
GIGYF1,GIGYF1,Messenger RNA,0.0,0,1,2,0.00015630378004340877,0.4342963653308481,0.013157894736842105,1.0
TMCC1,TMCC1,Messenger RNA,0.0,0,1,3,0.0007716154397460849,0.47039030955585465,0.019736842105263157,1.0
RIMS2,RIMS2,Messenger RNA,0.0,0,1,1,0.0,0.41963079693831606,0.006578947368421052,
SLC35D1,SLC35D1,Messenger RNA,0.0,0,1,1,0.0,0.406041243101946,0.006578947368421052,
ABCB8,ABCB8,Messenger RNA,0.0,0,1,1,0.0,0.29335851432168714,0.006578947368421052,
FAM81A,FAM81A,Messenger RNA,0.0,0,1,1,0.0,0.42798101943976735,0.006578947368421052,
CHRM1,CHRM1,Messenger RNA,0.0,0,1,1,0.0,0.3631168831168831,0.006578947368421052,
TIMM17A,TIMM17A,Messenger RNA,0.0,0,1,2,1.742265621840977e-05,0.4374902206227507,0.013157894736842105,1.0
AP1S2,AP1S2,Messenger RNA,0.0,0,1,2,9.544023663625057e-05,0.28086388749372176,0.013157894736842105,1.0
ERN1,ERN1,Messenger RNA,0.0,0,1,2,0.0002592744624589336,0.40236005180601525,0.013157894736842105,0.0
PRCD,PRCD,Messenger RNA,0.0,0,1,1,0.0,0.20522607163828538,0.006578947368421052,
DSEL,DSEL,Messenger RNA,0.0,0,1,1,0.0,0.2572927210821754,0.006578947368421052,
PLEKHA3,PLEKHA3,Messenger RNA,0.0,0,1,4,0.0037375695791788156,0.484659386375455,0.02631578947368421,1.0
EIF5,EIF5,Messenger RNA,0.0,0,1,1,0.0,0.39891567984020543,0.006578947368421052,
ROBO2,ROBO2,Messenger RNA,0.0,0,1,2,6.646670341026331e-06,0.28097678625263794,0.013157894736842105,1.0
ACACB,ACACB,Messenger RNA,0.0,0,1,1,0.0,0.22197523023181961,0.006578947368421052,
TIMM50,TIMM50,Messenger RNA,0.0,0,1,1,0.0,0.3783491204330176,0.006578947368421052,
IRS1,IRS1,Messenger RNA,0.0,0,1,2,9.147757312229233e-05,0.38597459966869135,0.013157894736842105,1.0
ARHGEF17,ARHGEF17,Messenger RNA,0.0,0,1,2,5.791552230699332e-05,0.4036379385015158,0.013157894736842105,1.0
TMC5,TMC5,Messenger RNA,0.0,0,1,1,0.0,0.415083135391924,0.006578947368421052,
METAP2,METAP2,Messenger RNA,0.0,0,1,1,0.0,0.32071576049552647,0.006578947368421052,
GPR12,GPR12,Messenger RNA,0.0,0,1,2,0.0002377822372488758,0.4395535293192894,0.013157894736842105,1.0
DYRK2,DYRK2,Messenger RNA,0.0,0,1,5,0.0019763061777678037,0.4707070707070707,0.03289473684210526,0.8
AARS1,AARS1,Messenger RNA,0.0,0,1,1,0.0,0.36915764457354105,0.006578947368421052,
PFKFB3,PFKFB3,Messenger RNA,0.0,0,1,1,0.0,0.22136014567334336,0.006578947368421052,
GNPNAT1,GNPNAT1,Messenger RNA,0.0,0,1,1,0.0,0.42798101943976735,0.006578947368421052,
CNN1,CNN1,Messenger RNA,0.0,0,1,2,0.00013345753731443984,0.36760452274520117,0.013157894736842105,1.0
DSN1,DSN1,Messenger RNA,0.0,0,1,1,0.0,0.3856551724137931,0.006578947368421052,
MED12L,MED12L,Messenger RNA,0.0,0,1,1,0.0,0.3783491204330176,0.006578947368421052,
SLF2,SLF2,Messenger RNA,0.0,0,1,1,0.0,0.406041243101946,0.006578947368421052,
GRIN2A,GRIN2A,Messenger RNA,0.0,0,1,3,0.001424585562753607,0.39885877318116975,0.019736842105263157,0.3333333333333333
SHISA4,SHISA4,Messenger RNA,0.0,0,1,1,0.0,0.32847744360902253,0.006578947368421052,
RASA2,RASA2,Messenger RNA,0.0,0,1,2,0.00013005247021429854,0.42857142857142855,0.013157894736842105,1.0
EOGT,EOGT,Messenger RNA,0.0,0,1,2,7.021182818350854e-05,0.3994856408058294,0.013157894736842105,1.0
CEP43,CEP43,Messenger RNA,0.0,0,1,1,0.0,0.3629283489096573,0.006578947368421052,
TMUB2,TMUB2,Messenger RNA,0.0,0,1,1,0.0,0.4226757369614512,0.006578947368421052,
GBA,GBA,Messenger RNA,0.0,0,1,1,0.0,0.3140161725067385,0.006578947368421052,
BRMS1L,BRMS1L,Messenger RNA,0.0,0,1,1,0.0,0.4226757369614512,0.006578947368421052,
HMGN2,HMGN2,Messenger RNA,0.0,0,1,2,0.00019491556745365014,0.42817764165390504,0.013157894736842105,1.0
CCNI2,CCNI2,Messenger RNA,0.0,0,1,1,0.0,0.41963079693831606,0.006578947368421052,
MAGOHB,MAGOHB,Messenger RNA,0.0,0,1,1,0.0,0.4226757369614512,0.006578947368421052,
PSMA4,PSMA4,Messenger RNA,0.0,0,1,1,0.0,0.36828240252897787,0.006578947368421052,
ADAM17,ADAM17,Messenger RNA,0.0,0,1,1,0.0,0.40034364261168387,0.006578947368421052,
LPAR5,LPAR5,Messenger RNA,0.0,0,1,2,5.811379452719616e-09,0.38108218617963746,0.013157894736842105,1.0
SNCG,SNCG,Messenger RNA,0.0,0,1,1,0.0,0.2572927210821754,0.006578947368421052,
SLC2A14,SLC2A14,Messenger RNA,0.0,0,1,2,3.958871587481144e-06,0.41446783278980137,0.013157894736842105,1.0
RAB1B,RAB1B,Messenger RNA,0.0,0,1,1,0.0,0.42798101943976735,0.006578947368421052,
CTDSPL,CTDSPL,Messenger RNA,0.0,0,1,1,0.0,0.40557006092254133,0.006578947368421052,
MXD1,MXD1,Messenger RNA,0.0,0,1,2,0.0021912083320795536,0.4322820037105751,0.013157894736842105,1.0
DENND1A,DENND1A,Messenger RNA,0.0,0,1,1,0.0,0.39446952595936796,0.006578947368421052,
ZNF496,ZNF496,Messenger RNA,0.0,0,1,1,0.0,0.36096049573973665,0.006578947368421052,
PCDHA5,PCDHA5,Messenger RNA,0.0,0,1,2,0.0002837818288715259,0.4642975755562936,0.013157894736842105,1.0
SHOC2,SHOC2,Messenger RNA,0.0,0,1,2,0.0002837818288715259,0.4642975755562936,0.013157894736842105,1.0
ZNF282,ZNF282,Messenger RNA,0.0,0,1,2,4.2295142577301244e-05,0.38118609406952964,0.013157894736842105,1.0
RNF207,RNF207,Messenger RNA,0.0,0,1,1,0.0,0.35134455893440564,0.006578947368421052,
ATPAF1,ATPAF1,Messenger RNA,0.0,0,1,2,3.1594703872944763e-06,0.25867332778240354,0.013157894736842105,1.0
TMEM9B,TMEM9B,Messenger RNA,0.0,0,1,1,0.0,0.3535660091047041,0.006578947368421052,
TANC1,TANC1,Messenger RNA,0.0,0,1,1,0.0,0.39880188275566963,0.006578947368421052,
N4BP2L1,N4BP2L1,Messenger RNA,0.0,0,1,1,0.0,0.3416839789808139,0.006578947368421052,
LOXL1,LOXL1,Messenger RNA,0.0,0,1,1,0.0,0.20506050605060505,0.006578947368421052,
DHRS13,DHRS13,Messenger RNA,0.0,0,1,1,0.0,0.39880188275566963,0.006578947368421052,
MMP24,MMP24,Messenger RNA,0.0,0,1,1,0.0,0.4080560420315236,0.006578947368421052,
TMED10,TMED10,Messenger RNA,0.0,0,1,1,0.0,0.38586806513938726,0.006578947368421052,
EPHB3,EPHB3,Messenger RNA,0.0,0,1,1,0.0,0.3631168831168831,0.006578947368421052,
RPRD1B,RPRD1B,Messenger RNA,0.0,0,1,1,0.0,0.36096049573973665,0.006578947368421052,
C6orf62,C6orf62,Messenger RNA,0.0,0,1,2,1.2690194535120172e-05,0.42615454961133975,0.013157894736842105,1.0
PDZD8,PDZD8,Messenger RNA,0.0,0,1,2,0.0005826552660115737,0.4411486273272326,0.013157894736842105,1.0
LDLRAD4,LDLRAD4,Messenger RNA,0.0,0,1,2,0.00018186995036776677,0.4354461921819031,0.013157894736842105,1.0
NSD2,NSD2,Messenger RNA,0.0,0,1,2,0.00040385556841057745,0.4485801379752928,0.013157894736842105,1.0
MRS2,MRS2,Messenger RNA,0.0,0,1,1,0.0,0.3525406632202749,0.006578947368421052,
STAC,STAC,Messenger RNA,0.0,0,1,1,0.0,0.35231854838709675,0.006578947368421052,
ZRANB2,ZRANB2,Messenger RNA,0.0,0,1,1,0.0,0.36096049573973665,0.006578947368421052,
ARPP21,ARPP21,Messenger RNA,0.0,0,1,1,0.0,0.2572927210821754,0.006578947368421052,
SFMBT1,SFMBT1,Messenger RNA,0.0,0,1,3,0.0002658412606297457,0.42876859377396104,0.019736842105263157,0.6666666666666666
ZNF451,ZNF451,Messenger RNA,0.0,0,1,2,0.00015049110619056496,0.4130595361205496,0.013157894736842105,1.0
DDX6,DDX6,Messenger RNA,0.0,0,1,1,0.0,0.39880188275566963,0.006578947368421052,
EML5,EML5,Messenger RNA,0.0,0,1,1,0.0,0.42798101943976735,0.006578947368421052,
VAMP8,VAMP8,Messenger RNA,0.0,0,1,1,0.0,0.42798101943976735,0.006578947368421052,
WDR20,WDR20,Messenger RNA,0.0,0,1,2,0.00011170622283416687,0.40340499206463715,0.013157894736842105,1.0
MGAT1,MGAT1,Messenger RNA,0.0,0,1,1,0.0,0.22259374253642225,0.006578947368421052,
PANK1,PANK1,Messenger RNA,0.0,0,1,1,0.0,0.3629283489096573,0.006578947368421052,
HNRNPR,HNRNPR,Messenger RNA,0.0,0,1,1,0.0,0.38586806513938726,0.006578947368421052,
SPIN1,SPIN1,Messenger RNA,0.0,0,1,2,0.0004652895148563818,0.4449395289624443,0.013157894736842105,1.0
DGKE,DGKE,Messenger RNA,0.0,0,1,1,0.0,0.41379310344827586,0.006578947368421052,
EPHB2,EPHB2,Messenger RNA,0.0,1,0,1,,,,
KCNRG,KCNRG,Messenger RNA,0.0,0,1,1,0.0,0.36828240252897787,0.006578947368421052,
TSHZ2,TSHZ2,Messenger RNA,0.0,0,1,2,0.0004652895148563818,0.4449395289624443,0.013157894736842105,1.0
EML1,EML1,Messenger RNA,0.0,0,1,2,4.728526400609113e-06,0.2574822727691316,0.013157894736842105,1.0
MBTPS2,MBTPS2,Messenger RNA,0.0,0,1,1,0.0,0.41963079693831606,0.006578947368421052,
SLC16A12,SLC16A12,Messenger RNA,0.0,0,1,1,0.0,0.3901213897028045,0.006578947368421052,
C6orf89,C6orf89,Messenger RNA,0.0,0,1,1,0.0,0.4109347442680776,0.006578947368421052,
IKZF2,IKZF2,Messenger RNA,0.0,0,1,1,0.0,0.42785003825554707,0.006578947368421052,
SMIM12,SMIM12,Messenger RNA,0.0,0,1,1,0.0,0.20763404128917273,0.006578947368421052,
AGO4,AGO4,Messenger RNA,0.0,0,1,1,0.0,0.43002153183635805,0.006578947368421052,
SZRD1,SZRD1,Messenger RNA,0.0,0,1,2,0.0006243717655822625,0.42121120819523955,0.013157894736842105,0.0
RAB3IL1,RAB3IL1,Messenger RNA,0.0,0,1,1,0.0,0.2566786009363812,0.006578947368421052,
SREK1,SREK1,Messenger RNA,0.0,0,1,1,0.0,0.42798101943976735,0.006578947368421052,
NRL,NRL,Messenger RNA,0.0,0,1,1,0.0,0.3856551724137931,0.006578947368421052,
ZNF609,ZNF609,Messenger RNA,0.0,0,1,2,0.0002814060336023753,0.4309494451294698,0.013157894736842105,0.0
YAF2,YAF2,Messenger RNA,0.0,0,1,1,0.0,0.41619529621911283,0.006578947368421052,
SCEL,SCEL,Messenger RNA,0.0,0,1,1,0.0,0.2571743929359823,0.006578947368421052,
MAFG,MAFG,Messenger RNA,0.0,0,1,1,0.0,0.34702742956435395,0.006578947368421052,
LMO7,LMO7,Messenger RNA,0.0,0,1,1,0.0,0.4080560420315236,0.006578947368421052,
UQCC1,UQCC1,Messenger RNA,0.0,0,1,2,0.00035903604759550227,0.44850818094321465,0.013157894736842105,1.0
EGLN3,EGLN3,Messenger RNA,0.0,0,1,2,1.0726394999037053e-05,0.4224841341795104,0.013157894736842105,1.0
BTBD10,BTBD10,Messenger RNA,0.0,0,1,1,0.0,0.418187256954831,0.006578947368421052,
HNRNPA0,HNRNPA0,Messenger RNA,0.0,0,1,1,0.0,0.415083135391924,0.006578947368421052,
GDF11,GDF11,Messenger RNA,0.0,0,1,1,0.0,0.406041243101946,0.006578947368421052,
RRAS,RRAS,Messenger RNA,0.0,0,1,1,0.0,0.2228954081632653,0.006578947368421052,
FRRS1L,FRRS1L,Messenger RNA,0.0,0,1,1,0.0,0.418187256954831,0.006578947368421052,
CHRM5,CHRM5,Messenger RNA,0.0,0,1,1,0.0,0.4082347787998248,0.006578947368421052,
ELL,ELL,Messenger RNA,0.0,0,1,1,0.0,0.43002153183635805,0.006578947368421052,
CMPK1,CMPK1,Messenger RNA,0.0,0,1,1,0.0,0.435785536159601,0.006578947368421052,
POLQ,POLQ,Messenger RNA,0.0,0,1,1,0.0,0.435785536159601,0.006578947368421052,
RORB,RORB,Messenger RNA,0.0,0,1,4,0.0002706963596917057,0.2570798087532181,0.02631578947368421,0.3333333333333333
DMXL1,DMXL1,Messenger RNA,0.0,0,1,1,0.0,0.4082347787998248,0.006578947368421052,
CCDC28A,CCDC28A,Messenger RNA,0.0,0,1,1,0.0,0.43002153183635805,0.006578947368421052,
FAR1,FAR1,Messenger RNA,0.0,0,1,1,0.0,0.4082347787998248,0.006578947368421052,
VAV3,VAV3,Messenger RNA,0.0,0,1,2,0.0005553872768096295,0.43558186633432,0.013157894736842105,1.0
OXR1,OXR1,Messenger RNA,0.0,0,1,1,0.0,0.4226757369614512,0.006578947368421052,
WSCD2,WSCD2,Messenger RNA,0.0,0,1,2,4.728526400609113e-06,0.2574822727691316,0.013157894736842105,1.0
MBNL2,MBNL2,Messenger RNA,0.0,0,1,2,4.489057203105293e-05,0.44345757335448055,0.013157894736842105,1.0
IRF2BPL,IRF2BPL,Messenger RNA,0.0,0,1,1,0.0,0.42628449458758955,0.006578947368421052,
RUBCN,RUBCN,Messenger RNA,0.0,0,1,4,0.0019656899648373425,0.4629139072847682,0.02631578947368421,1.0
VTI1A,VTI1A,Messenger RNA,0.0,0,1,2,0.0002590251352529276,0.4626075446724024,0.013157894736842105,1.0
BCL9L,BCL9L,Messenger RNA,0.0,0,1,1,0.0,0.42798101943976735,0.006578947368421052,
PLEKHF2,PLEKHF2,Messenger RNA,0.0,0,1,1,0.0,0.3611469904417463,0.006578947368421052,
ELMOD1,ELMOD1,Messenger RNA,0.0,0,1,1,0.0,0.2572927210821754,0.006578947368421052,
RCAN2,RCAN2,Messenger RNA,0.0,2,0,1,,,,
SCAMP5,SCAMP5,Messenger RNA,0.0,0,1,2,0.00032980257461956094,0.4374217772215269,0.013157894736842105,1.0
KIF2A,KIF2A,Messenger RNA,0.0,0,1,2,0.00017294064597602152,0.4256355609681839,0.013157894736842105,1.0
RC3H1,RC3H1,Messenger RNA,0.0,0,1,1,0.0,0.34702742956435395,0.006578947368421052,
SLC23A2,SLC23A2,Messenger RNA,0.0,0,1,2,0.00021565210206356841,0.42114776321735203,0.013157894736842105,1.0
ACTR3,ACTR3,Messenger RNA,0.0,0,1,2,0.0003593154546629157,0.4101510928560951,0.013157894736842105,0.0
SRSF1,SRSF1,Messenger RNA,0.0,0,1,2,5.811379452719616e-09,0.38108218617963746,0.013157894736842105,1.0
MTMR1,MTMR1,Messenger RNA,0.0,0,1,1,0.0,0.39880188275566963,0.006578947368421052,
RHOBTB1,RHOBTB1,Messenger RNA,0.0,0,1,1,0.0,0.2041919228803038,0.006578947368421052,
MARCHF4,MARCHF4,Messenger RNA,0.0,0,1,1,0.0,0.39017583030979625,0.006578947368421052,
PGPEP1,PGPEP1,Messenger RNA,0.0,0,1,1,0.0,0.3669291338582677,0.006578947368421052,
ITGA1,ITGA1,Messenger RNA,0.0,0,1,1,0.0,0.2566786009363812,0.006578947368421052,
ARF5,ARF5,Messenger RNA,0.0,0,1,1,0.0,0.3354931605471562,0.006578947368421052,
CTNND1,CTNND1,Messenger RNA,0.0,0,1,1,0.0,0.31589650886905435,0.006578947368421052,
CXXC4,CXXC4,Messenger RNA,0.0,0,1,1,0.0,0.406041243101946,0.006578947368421052,
TRAF3,TRAF3,Messenger RNA,0.0,0,1,2,0.00022319834044542925,0.42498860009119926,0.013157894736842105,1.0
RPS6KB1,RPS6KB1,Messenger RNA,0.0,0,1,2,0.0004433660184576475,0.42184671092335546,0.013157894736842105,0.0
C12orf43,C12orf43,Messenger RNA,0.0,0,1,1,0.0,0.41963079693831606,0.006578947368421052,
PTGFR,PTGFR,Messenger RNA,0.0,0,1,2,0.0007007477571678368,0.32470096388340497,0.013157894736842105,0.0
C5orf15,C5orf15,Messenger RNA,0.0,0,1,1,0.0,0.40034364261168387,0.006578947368421052,
ZFHX4,ZFHX4,Messenger RNA,0.0,0,1,1,0.0,0.2799359231077293,0.006578947368421052,
VLDLR,VLDLR,Messenger RNA,0.0,0,1,1,0.0,0.22136014567334336,0.006578947368421052,
ARMCX2,ARMCX2,Messenger RNA,0.0,0,1,1,0.0,0.42628449458758955,0.006578947368421052,
POU6F1,POU6F1,Messenger RNA,0.0,0,1,2,4.587938452611409e-05,0.4379013312451057,0.013157894736842105,1.0
MEIS2,MEIS2,Messenger RNA,0.0,0,1,1,0.0,0.41963079693831606,0.006578947368421052,
TGFB2,TGFB2,Messenger RNA,0.0,0,1,2,0.00015049110619056496,0.4130595361205496,0.013157894736842105,1.0
GPR158,GPR158,Messenger RNA,0.0,0,1,1,0.0,0.22296650717703348,0.006578947368421052,
POLR3G,POLR3G,Messenger RNA,0.0,0,1,2,2.231246209077866e-05,0.4412182420703803,0.013157894736842105,1.0
LRRC59,LRRC59,Messenger RNA,0.0,0,1,2,0.00010790041151766752,0.39441388066017774,0.013157894736842105,1.0
FNIP2,FNIP2,Messenger RNA,0.0,0,1,1,0.0,0.25726904674273093,0.006578947368421052,
STK3,STK3,Messenger RNA,0.0,0,1,1,0.0,0.36915764457354105,0.006578947368421052,
EPB41L1,EPB41L1,Messenger RNA,0.0,0,1,1,0.0,0.22136014567334336,0.006578947368421052,
TLE4,TLE4,Messenger RNA,0.0,0,1,2,0.00013099605921420063,0.4447979637289214,0.013157894736842105,1.0
RIMS3,RIMS3,Messenger RNA,0.0,0,1,2,6.379565982784172e-05,0.28559754851889685,0.013157894736842105,0.0
N4BP1,N4BP1,Messenger RNA,0.0,0,1,2,7.021182818350854e-05,0.3994856408058294,0.013157894736842105,1.0
ZPLD1,ZPLD1,Messenger RNA,0.0,0,1,1,0.0,0.39446952595936796,0.006578947368421052,
EIF5A2,EIF5A2,Messenger RNA,0.0,0,1,1,0.0,0.2572927210821754,0.006578947368421052,
POLR1A,POLR1A,Messenger RNA,0.0,0,1,1,0.0,0.42628449458758955,0.006578947368421052,
MTMR6,MTMR6,Messenger RNA,0.0,0,1,1,0.0,0.39446952595936796,0.006578947368421052,
CLIP1,CLIP1,Messenger RNA,0.0,0,1,1,0.0,0.40034364261168387,0.006578947368421052,
MBD5,MBD5,Messenger RNA,0.0,0,1,1,0.0,0.418187256954831,0.006578947368421052,
LDB3,LDB3,Messenger RNA,0.0,0,1,1,0.0,0.2568200606227611,0.006578947368421052,
EPHA3,EPHA3,Messenger RNA,0.0,0,1,2,3.1594703872944763e-06,0.25867332778240354,0.013157894736842105,1.0
ANKRD28,ANKRD28,Messenger RNA,0.0,0,1,2,0.0010102802890198527,0.4592641261498029,0.013157894736842105,1.0
RAP1B,RAP1B,Messenger RNA,0.0,0,1,1,0.0,0.2799359231077293,0.006578947368421052,
DNAJC5,DNAJC5,Messenger RNA,0.0,0,1,1,0.0,0.4080560420315236,0.006578947368421052,
PDK4,PDK4,Messenger RNA,0.0,0,1,1,0.0,0.2549699069852271,0.006578947368421052,
FCRLB,FCRLB,Messenger RNA,0.0,0,1,2,3.958871587481144e-06,0.41446783278980137,0.013157894736842105,1.0
DAGLA,DAGLA,Messenger RNA,0.0,0,1,1,0.0,0.3631168831168831,0.006578947368421052,
TMX3,TMX3,Messenger RNA,0.0,0,1,1,0.0,0.418187256954831,0.006578947368421052,
MTHFR,MTHFR,Messenger RNA,0.0,0,1,1,0.0,0.41379310344827586,0.006578947368421052,
ZC3H8,ZC3H8,Messenger RNA,0.0,0,1,1,0.0,0.41963079693831606,0.006578947368421052,
MCTP2,MCTP2,Messenger RNA,0.0,0,1,1,0.0,0.41963079693831606,0.006578947368421052,
SNAI1,SNAI1,Messenger RNA,0.0,0,1,1,0.0,0.35231854838709675,0.006578947368421052,
MLEC,MLEC,Messenger RNA,0.0,0,1,2,0.00020617238328534218,0.42127467229169807,0.013157894736842105,1.0
AKIRIN1,AKIRIN1,Messenger RNA,0.0,0,1,1,0.0,0.40034364261168387,0.006578947368421052,
ATXN1L,ATXN1L,Messenger RNA,0.0,0,1,2,0.0002986193477589647,0.4443738080101716,0.013157894736842105,1.0
UBE3C,UBE3C,Messenger RNA,0.0,0,1,1,0.0,0.435785536159601,0.006578947368421052,
BCL2L1,BCL2L1,Messenger RNA,0.0,0,1,1,0.0,0.36915764457354105,0.006578947368421052,
BMPER,BMPER,Messenger RNA,0.0,0,1,1,0.0,0.22259374253642225,0.006578947368421052,
KIAA1328,KIAA1328,Messenger RNA,0.0,0,1,2,5.811379452719616e-09,0.38108218617963746,0.013157894736842105,1.0
SLC38A2,SLC38A2,Messenger RNA,0.0,0,1,1,0.0,0.3783491204330176,0.006578947368421052,
PTPN9,PTPN9,Messenger RNA,0.0,0,1,2,0.0008489555137651091,0.4241504854368932,0.013157894736842105,1.0
KCTD16,KCTD16,Messenger RNA,0.0,0,1,3,0.0067579949472399295,0.329794762915782,0.019736842105263157,0.3333333333333333
PAWR,PAWR,Messenger RNA,0.0,0,1,1,0.0,0.42798101943976735,0.006578947368421052,
SUFU,SUFU,Messenger RNA,0.0,0,1,1,0.0,0.42798101943976735,0.006578947368421052,
TMEM234,TMEM234,Messenger RNA,0.0,0,1,1,0.0,0.3664002096710785,0.006578947368421052,
RYK,RYK,Messenger RNA,0.0,0,1,1,0.0,0.3783491204330176,0.006578947368421052,
NRAS,NRAS,Messenger RNA,0.0,0,1,2,0.004158180211663258,0.45330739299610895,0.013157894736842105,1.0
DDX19A,DDX19A,Messenger RNA,0.0,0,1,1,0.0,0.3696945656485522,0.006578947368421052,
MCF2L,MCF2L,Messenger RNA,0.0,0,1,4,0.0007477752571257444,0.45419103313840153,0.02631578947368421,1.0
DCP2,DCP2,Messenger RNA,0.0,0,1,1,0.0,0.39446952595936796,0.006578947368421052,
TAOK1,TAOK1,Messenger RNA,0.0,0,1,2,0.00015630378004340877,0.4342963653308481,0.013157894736842105,1.0
ELOVL5,ELOVL5,Messenger RNA,0.0,0,1,1,0.0,0.3534319302237391,0.006578947368421052,
SUB1,SUB1,Messenger RNA,0.0,3,0,1,,,,
SYT2,SYT2,Messenger RNA,0.0,0,1,1,0.0,0.4082347787998248,0.006578947368421052,
RHOQ,RHOQ,Messenger RNA,0.0,0,1,1,0.0,0.2568200606227611,0.006578947368421052,
CBFB,CBFB,Messenger RNA,0.0,0,1,1,0.0,0.39446952595936796,0.006578947368421052,
EML4,EML4,Messenger RNA,0.0,0,1,1,0.0,0.41963079693831606,0.006578947368421052,
ZBTB7A,ZBTB7A,Messenger RNA,0.0,0,1,2,0.00014382022295061784,0.4012053379250969,0.013157894736842105,1.0
ICOS,ICOS,Messenger RNA,0.0,0,1,1,0.0,0.42785003825554707,0.006578947368421052,
OCRL,OCRL,Messenger RNA,0.0,0,1,1,0.0,0.42628449458758955,0.006578947368421052,
TP53INP2,TP53INP2,Messenger RNA,0.0,0,1,2,0.0014010073584616448,0.2844354018311292,0.013157894736842105,0.0
TEAD3,TEAD3,Messenger RNA,0.0,0,1,1,0.0,0.3696945656485522,0.006578947368421052,
NT5DC1,NT5DC1,Messenger RNA,0.0,0,1,1,0.0,0.3783491204330176,0.006578947368421052,
TMEM121B,TMEM121B,Messenger RNA,0.0,0,1,1,0.0,0.3330553901131626,0.006578947368421052,
PSMA5,PSMA5,Messenger RNA,0.0,0,1,1,0.0,0.4080560420315236,0.006578947368421052,
SSR1,SSR1,Messenger RNA,0.0,0,1,1,0.0,0.41963079693831606,0.006578947368421052,
PRPF4B,PRPF4B,Messenger RNA,0.0,0,1,1,0.0,0.42798101943976735,0.006578947368421052,
EGR1,EGR1,Messenger RNA,0.0,0,1,1,0.0,0.25927299703264095,0.006578947368421052,
CACNA1E,CACNA1E,Messenger RNA,0.0,0,1,3,0.004467687676422435,0.48190279214064113,0.019736842105263157,1.0
DNMT3A,DNMT3A,Messenger RNA,0.0,0,1,2,0.0002930842120284936,0.36054158607350095,0.013157894736842105,0.0
GRIPAP1,GRIPAP1,Messenger RNA,0.0,0,1,1,0.0,0.32824606715191357,0.006578947368421052,
AKAP11,AKAP11,Messenger RNA,0.0,0,1,1,0.0,0.3901213897028045,0.006578947368421052,
NCAM1,NCAM1,Messenger RNA,0.0,0,1,2,0.0019577169132261717,0.39931448157669236,0.013157894736842105,0.0
NHS,NHS,Messenger RNA,0.0,0,1,2,5.791552230699332e-05,0.4036379385015158,0.013157894736842105,1.0
YIPF4,YIPF4,Messenger RNA,0.0,0,1,2,0.00013801302884187687,0.3702330508474576,0.013157894736842105,0.0
FAM117B,FAM117B,Messenger RNA,0.0,0,1,1,0.0,0.4226757369614512,0.006578947368421052,
RPRD2,RPRD2,Messenger RNA,0.0,0,1,1,0.0,0.42798101943976735,0.006578947368421052,
TMEM184C,TMEM184C,Messenger RNA,0.0,0,1,1,0.0,0.42798101943976735,0.006578947368421052,
ZDHHC17,ZDHHC17,Messenger RNA,0.0,0,1,2,5.791552230699332e-05,0.4036379385015158,0.013157894736842105,1.0
PDE12,PDE12,Messenger RNA,0.0,0,1,1,0.0,0.42785003825554707,0.006578947368421052,
SGK3,SGK3,Messenger RNA,0.0,0,1,1,0.0,0.3629283489096573,0.006578947368421052,
ADCY5,ADCY5,Messenger RNA,0.0,0,1,1,0.0,0.20654502474698974,0.006578947368421052,
ATL3,ATL3,Messenger RNA,0.0,0,1,1,0.0,0.2549699069852271,0.006578947368421052,
PPM1L,PPM1L,Messenger RNA,0.0,0,1,1,0.0,0.2568200606227611,0.006578947368421052,
OSBPL10,OSBPL10,Messenger RNA,0.0,0,1,1,0.0,0.34655428854734754,0.006578947368421052,
IDE,IDE,Messenger RNA,0.0,0,1,1,0.0,0.3783491204330176,0.006578947368421052,
TSPOAP1,TSPOAP1,Messenger RNA,0.0,0,1,1,0.0,0.39446952595936796,0.006578947368421052,
KCNC2,KCNC2,Messenger RNA,0.0,0,1,2,0.0002822230999330338,0.44352791878172587,0.013157894736842105,1.0
IL6ST,IL6ST,Messenger RNA,0.0,0,1,2,6.836845444358624e-06,0.39352568613652356,0.013157894736842105,1.0
CCPG1,CCPG1,Messenger RNA,0.0,0,1,1,0.0,0.20174615773143806,0.006578947368421052,
VAMP3,VAMP3,Messenger RNA,0.0,0,1,1,0.0,0.22257602292628562,0.006578947368421052,
HDAC4,HDAC4,Messenger RNA,0.0,0,1,1,0.0,0.435785536159601,0.006578947368421052,
SLC31A1,SLC31A1,Messenger RNA,0.0,0,1,1,0.0,0.3354931605471562,0.006578947368421052,
FGF7,FGF7,Messenger RNA,0.0,0,1,3,0.0003085659369405929,0.25536578682984745,0.019736842105263157,0.3333333333333333
FOXQ1,FOXQ1,Messenger RNA,0.0,0,1,1,0.0,0.4226757369614512,0.006578947368421052,
LHX6,LHX6,Messenger RNA,0.0,0,1,1,0.0,0.29709913930506854,0.006578947368421052,
PCYOX1,PCYOX1,Messenger RNA,0.0,0,1,1,0.0,0.25848201904409723,0.006578947368421052,
EXT2,EXT2,Messenger RNA,0.0,0,1,1,0.0,0.32071576049552647,0.006578947368421052,
FOXO1,FOXO1,Messenger RNA,5.0,0,1,1,0.0,0.22270011947431304,0.006578947368421052,
IRGQ,IRGQ,Messenger RNA,0.0,0,1,1,0.0,0.42785003825554707,0.006578947368421052,
SREK1IP1,SREK1IP1,Messenger RNA,0.0,0,1,1,0.0,0.353030303030303,0.006578947368421052,
TRIB2,TRIB2,Messenger RNA,0.0,0,1,1,0.0,0.41379310344827586,0.006578947368421052,
FOXJ2,FOXJ2,Messenger RNA,0.0,0,1,1,0.0,0.42798101943976735,0.006578947368421052,
HS3ST3B1,HS3ST3B1,Messenger RNA,0.0,0,1,1,0.0,0.43002153183635805,0.006578947368421052,
SNX24,SNX24,Messenger RNA,0.0,0,1,1,0.0,0.40034364261168387,0.006578947368421052,
RNF145,RNF145,Messenger RNA,0.0,0,1,1,0.0,0.435785536159601,0.006578947368421052,
CCNG2,CCNG2,Messenger RNA,0.0,0,1,1,0.0,0.418187256954831,0.006578947368421052,
EDA2R,EDA2R,Messenger RNA,0.0,0,1,2,1.8311763934573418e-05,0.42076749435665917,0.013157894736842105,1.0
RAB40C,RAB40C,Messenger RNA,0.0,0,1,1,0.0,0.3696945656485522,0.006578947368421052,
IGLON5,IGLON5,Messenger RNA,0.0,0,1,1,0.0,0.2572453767595915,0.006578947368421052,
PIK3CD,PIK3CD,Messenger RNA,0.0,0,1,1,0.0,0.3783491204330176,0.006578947368421052,
SLC25A24,SLC25A24,Messenger RNA,0.0,0,1,1,0.0,0.42785003825554707,0.006578947368421052,
STXBP5,STXBP5,Messenger RNA,0.0,0,1,2,0.0002783090822085092,0.44100946372239747,0.013157894736842105,1.0
EFNA5,EFNA5,Messenger RNA,0.0,0,1,2,0.0004200719660313284,0.41051240640140946,0.013157894736842105,0.0
DOT1L,DOT1L,Messenger RNA,0.0,0,1,1,0.0,0.3354931605471562,0.006578947368421052,
NRXN1,NRXN1,Messenger RNA,0.0,0,1,2,0.0021007788038814256,0.35316407730200833,0.013157894736842105,0.0
PTCH1,PTCH1,Messenger RNA,0.0,0,1,1,0.0,0.42628449458758955,0.006578947368421052,
REEP3,REEP3,Messenger RNA,0.0,0,1,1,0.0,0.418187256954831,0.006578947368421052,
HAS3,HAS3,Messenger RNA,0.0,0,1,1,0.0,0.4082347787998248,0.006578947368421052,
MATN1,MATN1,Messenger RNA,0.0,0,1,1,0.0,0.353030303030303,0.006578947368421052,
NACC2,NACC2,Messenger RNA,0.0,0,1,2,3.48682767163177e-08,0.25150670144823245,0.013157894736842105,1.0
UGT8,UGT8,Messenger RNA,0.0,0,1,1,0.0,0.39880188275566963,0.006578947368421052,
NSF,NSF,Messenger RNA,0.0,0,1,1,0.0,0.29335851432168714,0.006578947368421052,
VCPIP1,VCPIP1,Messenger RNA,0.0,0,1,2,0.0005058084428572982,0.4260246838336127,0.013157894736842105,1.0
MRPS23,MRPS23,Messenger RNA,0.0,0,1,1,0.0,0.42798101943976735,0.006578947368421052,
KDM5C,KDM5C,Messenger RNA,0.0,0,1,1,0.0,0.29335851432168714,0.006578947368421052,
PRORP,PRORP,Messenger RNA,0.0,0,1,1,0.0,0.35549904640813734,0.006578947368421052,
NLGN1,NLGN1,Messenger RNA,0.0,0,1,1,0.0,0.2572927210821754,0.006578947368421052,
ANKS1A,ANKS1A,Messenger RNA,0.0,0,1,1,0.0,0.3664002096710785,0.006578947368421052,
LRATD1,LRATD1,Messenger RNA,0.0,0,1,1,0.0,0.4082347787998248,0.006578947368421052,
SNTB2,SNTB2,Messenger RNA,0.0,0,1,2,6.646670341026331e-06,0.28097678625263794,0.013157894736842105,1.0
GPRC5A,GPRC5A,Messenger RNA,0.0,0,1,2,0.0008291401547088042,0.3860811930405965,0.013157894736842105,1.0
KCNK10,KCNK10,Messenger RNA,0.0,0,1,1,0.0,0.3611469904417463,0.006578947368421052,
JPH1,JPH1,Messenger RNA,0.0,0,1,1,0.0,0.42628449458758955,0.006578947368421052,
RBM23,RBM23,Messenger RNA,0.0,0,1,1,0.0,0.3631168831168831,0.006578947368421052,
SLAIN2,SLAIN2,Messenger RNA,0.0,0,1,1,0.0,0.39017583030979625,0.006578947368421052,
PFKFB2,PFKFB2,Messenger RNA,0.0,0,1,1,0.0,0.3636836628511967,0.006578947368421052,
ARMC1,ARMC1,Messenger RNA,0.0,0,1,1,0.0,0.3860278889962723,0.006578947368421052,
RNF121,RNF121,Messenger RNA,0.0,0,1,1,0.0,0.38586806513938726,0.006578947368421052,
ATP6V1C1,ATP6V1C1,Messenger RNA,0.0,0,1,1,0.0,0.353030303030303,0.006578947368421052,
TRPC3,TRPC3,Messenger RNA,0.0,0,1,1,0.0,0.21991505427088248,0.006578947368421052,
RGS7,RGS7,Messenger RNA,0.0,0,1,1,0.0,0.40034364261168387,0.006578947368421052,
RNF8,RNF8,Messenger RNA,0.0,0,1,1,0.0,0.41963079693831606,0.006578947368421052,
FAIM2,FAIM2,Messenger RNA,0.0,0,1,1,0.0,0.406041243101946,0.006578947368421052,
USP48,USP48,Messenger RNA,0.0,0,1,1,0.0,0.39446952595936796,0.006578947368421052,
NUTF2,NUTF2,Messenger RNA,0.0,0,1,1,0.0,0.38586806513938726,0.006578947368421052,
PRKCH,PRKCH,Messenger RNA,0.0,0,1,1,0.0,0.41963079693831606,0.006578947368421052,
MICOS10,MICOS10,Messenger RNA,0.0,0,1,1,0.0,0.3845413285655343,0.006578947368421052,
MYO10,MYO10,Messenger RNA,0.0,0,1,2,0.0014010073584616453,0.3692551505546751,0.013157894736842105,0.0
EBF3,EBF3,Messenger RNA,0.0,0,1,1,0.0,0.22270011947431304,0.006578947368421052,
TTC4,TTC4,Messenger RNA,0.0,0,1,1,0.0,0.40034364261168387,0.006578947368421052,
TNFSF11,TNFSF11,Messenger RNA,0.0,0,1,1,0.0,0.435785536159601,0.006578947368421052,
LATS2,LATS2,Messenger RNA,0.0,0,1,1,0.0,0.25656083685079834,0.006578947368421052,
LCMT2,LCMT2,Messenger RNA,0.0,0,1,1,0.0,0.2659058487874465,0.006578947368421052,
FBXL19,FBXL19,Messenger RNA,0.0,0,1,2,7.190307795239745e-05,0.39863130881094955,0.013157894736842105,1.0
STRN,STRN,Messenger RNA,0.0,0,1,2,0.00040488154226350466,0.42344388914129943,0.013157894736842105,1.0
FBXO48,FBXO48,Messenger RNA,0.0,0,1,1,0.0,0.3901213897028045,0.006578947368421052,
KLHL18,KLHL18,Messenger RNA,0.0,0,1,1,0.0,0.4080560420315236,0.006578947368421052,
SEC63,SEC63,Messenger RNA,0.0,0,1,1,0.0,0.36096049573973665,0.006578947368421052,
TOB2,TOB2,Messenger RNA,0.0,0,1,1,0.0,0.25848201904409723,0.006578947368421052,
ADGRL3,ADGRL3,Messenger RNA,0.0,0,1,1,0.0,0.42785003825554707,0.006578947368421052,
ANKH,ANKH,Messenger RNA,0.0,0,1,2,2.231246209077866e-05,0.4412182420703803,0.013157894736842105,1.0
SLC25A16,SLC25A16,Messenger RNA,0.0,0,1,2,0.00023696672540251737,0.25793357933579336,0.013157894736842105,0.0
CMPK2,CMPK2,Messenger RNA,0.0,0,1,1,0.0,0.21991505427088248,0.006578947368421052,
SEPHS2,SEPHS2,Messenger RNA,0.0,0,1,1,0.0,0.32189730600967076,0.006578947368421052,
HMGB1,HMGB1,Messenger RNA,0.0,0,1,2,0.00019491556745365014,0.42817764165390504,0.013157894736842105,1.0
ZNF827,ZNF827,Messenger RNA,0.0,0,1,3,0.00046055415778561856,0.45949055053410026,0.019736842105263157,1.0
USP2,USP2,Messenger RNA,0.0,0,1,1,0.0,0.32071576049552647,0.006578947368421052,
CTNNA2,CTNNA2,Messenger RNA,0.0,0,1,1,0.0,0.40034364261168387,0.006578947368421052,
NAV1,NAV1,Messenger RNA,0.0,0,1,1,0.0,0.20522607163828538,0.006578947368421052,
DIO1,DIO1,Messenger RNA,0.0,0,1,1,0.0,0.39891567984020543,0.006578947368421052,
MALSU1,MALSU1,Messenger RNA,0.0,0,1,1,0.0,0.435785536159601,0.006578947368421052,
SLC25A26,SLC25A26,Messenger RNA,0.0,0,1,1,0.0,0.36096049573973665,0.006578947368421052,
PDPR,PDPR,Messenger RNA,0.0,0,1,1,0.0,0.435785536159601,0.006578947368421052,
MAN1A1,MAN1A1,Messenger RNA,0.0,0,1,1,0.0,0.20399824894206917,0.006578947368421052,
PPP2R1A,PPP2R1A,Messenger RNA,0.0,0,1,1,0.0,0.4080560420315236,0.006578947368421052,
EML2,EML2,Messenger RNA,0.0,0,1,1,0.0,0.3631168831168831,0.006578947368421052,
KIF3C,KIF3C,Messenger RNA,0.0,0,1,1,0.0,0.32824606715191357,0.006578947368421052,
NEURL4,NEURL4,Messenger RNA,0.0,0,1,1,0.0,0.39880188275566963,0.006578947368421052,
NR4A3,NR4A3,Messenger RNA,0.0,0,1,1,0.0,0.3403944485025566,0.006578947368421052,
FNBP1,FNBP1,Messenger RNA,0.0,0,1,1,0.0,0.35134455893440564,0.006578947368421052,
CPLX2,CPLX2,Messenger RNA,0.0,0,1,2,0.0007007477571678366,0.2646474207288216,0.013157894736842105,0.0
COL8A1,COL8A1,Messenger RNA,0.0,6,0,1,,,,
GPATCH3,GPATCH3,Messenger RNA,0.0,0,1,1,0.0,0.3696945656485522,0.006578947368421052,
SLC44A1,SLC44A1,Messenger RNA,0.0,0,1,1,0.0,0.3611469904417463,0.006578947368421052,
AP1G1,AP1G1,Messenger RNA,0.0,0,1,1,0.0,0.40034364261168387,0.006578947368421052,
PEX2,PEX2,Messenger RNA,0.0,0,1,1,0.0,0.4101510928560951,0.006578947368421052,
NCOR1,NCOR1,Messenger RNA,9.0,0,1,2,2.118762538775812e-05,0.4344988344988345,0.013157894736842105,1.0
TTBK2,TTBK2,Messenger RNA,0.0,0,1,1,0.0,0.39880188275566963,0.006578947368421052,
NFIX,NFIX,Messenger RNA,0.0,0,1,2,0.002100778803881425,0.36325841236845524,0.013157894736842105,0.0
ADNP,ADNP,Messenger RNA,0.0,0,1,2,0.0004620206829170548,0.43721657544957,0.013157894736842105,1.0
SLC7A6,SLC7A6,Messenger RNA,0.0,0,1,1,0.0,0.2228954081632653,0.006578947368421052,
PTCD3,PTCD3,Messenger RNA,0.0,0,1,1,0.0,0.39880188275566963,0.006578947368421052,
HM13,HM13,Messenger RNA,0.0,0,1,1,0.0,0.3140161725067385,0.006578947368421052,
MMS19,MMS19,Messenger RNA,0.0,0,1,1,0.0,0.42798101943976735,0.006578947368421052,
KATNBL1,KATNBL1,Messenger RNA,0.0,0,1,1,0.0,0.3403944485025566,0.006578947368421052,
NCOA7,NCOA7,Messenger RNA,0.0,0,1,1,0.0,0.32824606715191357,0.006578947368421052,
TMOD2,TMOD2,Messenger RNA,0.0,0,1,1,0.0,0.415083135391924,0.006578947368421052,
RAD54L2,RAD54L2,Messenger RNA,0.0,0,1,3,9.184291358638186e-05,0.39458086367485184,0.019736842105263157,0.3333333333333333
ADCY9,ADCY9,Messenger RNA,0.0,0,1,1,0.0,0.42785003825554707,0.006578947368421052,
MINDY1,MINDY1,Messenger RNA,0.0,0,1,2,4.489057203105293e-05,0.44345757335448055,0.013157894736842105,1.0
ELAPOR1,ELAPOR1,Messenger RNA,0.0,0,1,1,0.0,0.32189730600967076,0.006578947368421052,
FBXO33,FBXO33,Messenger RNA,0.0,0,1,1,0.0,0.353030303030303,0.006578947368421052,
FAS,FAS,Messenger RNA,0.0,0,1,1,0.0,0.42785003825554707,0.006578947368421052,
ARPP19,ARPP19,Messenger RNA,0.0,0,1,1,0.0,0.42628449458758955,0.006578947368421052,
TSC22D2,TSC22D2,Messenger RNA,0.0,0,1,3,0.0022241266775930896,0.4745417515274949,0.019736842105263157,1.0
COL12A1,COL12A1,Messenger RNA,0.0,0,1,1,0.0,0.22197523023181961,0.006578947368421052,
USP25,USP25,Messenger RNA,0.0,0,1,1,0.0,0.42628449458758955,0.006578947368421052,
MFN2,MFN2,Messenger RNA,0.0,0,1,2,0.00013099605921420063,0.4447979637289214,0.013157894736842105,1.0
CDS2,CDS2,Messenger RNA,0.0,0,1,2,0.00011377840495608342,0.4052761269749239,0.013157894736842105,0.0
CDC42SE1,CDC42SE1,Messenger RNA,0.0,0,1,1,0.0,0.3798913043478261,0.006578947368421052,
SALL1,SALL1,Messenger RNA,0.0,0,1,1,0.0,0.42798101943976735,0.006578947368421052,
SLC20A2,SLC20A2,Messenger RNA,0.0,0,1,1,0.0,0.4080560420315236,0.006578947368421052,
NBEAL1,NBEAL1,Messenger RNA,0.0,0,1,1,0.0,0.3901213897028045,0.006578947368421052,
CDH8,CDH8,Messenger RNA,0.0,0,1,1,0.0,0.41619529621911283,0.006578947368421052,
SOCS4,SOCS4,Messenger RNA,0.0,0,1,1,0.0,0.42785003825554707,0.006578947368421052,
C14orf28,C14orf28,Messenger RNA,0.0,0,1,1,0.0,0.4226757369614512,0.006578947368421052,
SLC25A27,SLC25A27,Messenger RNA,0.0,0,1,1,0.0,0.418187256954831,0.006578947368421052,
RBAK,RBAK,Messenger RNA,0.0,0,1,1,0.0,0.42798101943976735,0.006578947368421052,
CTPS1,CTPS1,Messenger RNA,0.0,0,1,1,0.0,0.42785003825554707,0.006578947368421052,
TRMT10B,TRMT10B,Messenger RNA,0.0,0,1,1,0.0,0.41963079693831606,0.006578947368421052,
BEST3,BEST3,Messenger RNA,0.0,0,1,2,5.811379452719616e-09,0.38108218617963746,0.013157894736842105,1.0
NRK,NRK,Messenger RNA,0.0,0,1,1,0.0,0.42785003825554707,0.006578947368421052,
NR1D2,NR1D2,Messenger RNA,0.0,0,1,1,0.0,0.42798101943976735,0.006578947368421052,
RAB18,RAB18,Messenger RNA,0.0,0,1,1,0.0,0.40034364261168387,0.006578947368421052,
FAM13B,FAM13B,Messenger RNA,0.0,0,1,1,0.0,0.39446952595936796,0.006578947368421052,
INSR,INSR,Messenger RNA,0.0,0,1,1,0.0,0.43002153183635805,0.006578947368421052,
CDK1,CDK1,Messenger RNA,0.0,0,1,1,0.0,0.32824606715191357,0.006578947368421052,
RIT1,RIT1,Messenger RNA,0.0,0,1,1,0.0,0.4101510928560951,0.006578947368421052,
TSR1,TSR1,Messenger RNA,0.0,0,1,1,0.0,0.4226757369614512,0.006578947368421052,
CAB39L,CAB39L,Messenger RNA,0.0,0,1,1,0.0,0.3845413285655343,0.006578947368421052,
C1orf131,C1orf131,Messenger RNA,0.0,0,1,1,0.0,0.41963079693831606,0.006578947368421052,
WTAP,WTAP,Messenger RNA,0.0,0,1,1,0.0,0.3629283489096573,0.006578947368421052,
SUSD6,SUSD6,Messenger RNA,0.0,0,1,2,0.00013099605921420063,0.4447979637289214,0.013157894736842105,1.0
TGOLN2,TGOLN2,Messenger RNA,0.0,0,1,1,0.0,0.435785536159601,0.006578947368421052,
LIMD1,LIMD1,Messenger RNA,0.0,0,1,1,0.0,0.39891567984020543,0.006578947368421052,
SLC29A2,SLC29A2,Messenger RNA,0.0,0,1,1,0.0,0.4226757369614512,0.006578947368421052,
BTBD9,BTBD9,Messenger RNA,0.0,0,1,1,0.0,0.35549904640813734,0.006578947368421052,
ALKBH1,ALKBH1,Messenger RNA,0.0,0,1,1,0.0,0.3530748831923223,0.006578947368421052,
PEX5L,PEX5L,Messenger RNA,0.0,0,1,2,5.4168703719436944e-05,0.3977806231327358,0.013157894736842105,1.0
BRD4,BRD4,Messenger RNA,0.0,0,1,2,0.00022267884015575974,0.42576518958428505,0.013157894736842105,1.0
RBFOX1,RBFOX1,Messenger RNA,0.0,0,1,1,0.0,0.3783491204330176,0.006578947368421052,
SEPTIN6,SEPTIN6,Messenger RNA,0.0,0,1,1,0.0,0.3860278889962723,0.006578947368421052,
ATXN3,ATXN3,Messenger RNA,0.0,0,1,1,0.0,0.353030303030303,0.006578947368421052,
RASA1,RASA1,Messenger RNA,0.0,0,1,1,0.0,0.37600860677783754,0.006578947368421052,
ATP1A2,ATP1A2,Messenger RNA,0.0,0,1,2,2.1346748669079136e-05,0.2238949391415759,0.013157894736842105,0.0
MAP4K4,MAP4K4,Messenger RNA,0.0,0,1,2,0.0014010073584616448,0.2566079295154185,0.013157894736842105,0.0
ANGEL1,ANGEL1,Messenger RNA,0.0,0,1,2,0.00035903604759550227,0.44850818094321465,0.013157894736842105,1.0
RCAN1,RCAN1,Messenger RNA,0.0,0,1,1,0.0,0.40034364261168387,0.006578947368421052,
TMEM86A,TMEM86A,Messenger RNA,0.0,0,1,1,0.0,0.22015748031496063,0.006578947368421052,
KDM5B,KDM5B,Messenger RNA,0.0,0,1,1,0.0,0.35134455893440564,0.006578947368421052,
NDST1,NDST1,Messenger RNA,0.0,0,1,2,0.0005345293223416762,0.42286751361161523,0.013157894736842105,0.0
EIF5A,EIF5A,Messenger RNA,0.0,0,1,1,0.0,0.4080560420315236,0.006578947368421052,
ZBTB8A,ZBTB8A,Messenger RNA,0.0,0,1,2,2.231246209077866e-05,0.4412182420703803,0.013157894736842105,1.0
UBALD1,UBALD1,Messenger RNA,0.0,0,1,1,0.0,0.41379310344827586,0.006578947368421052,
LRFN2,LRFN2,Messenger RNA,0.0,0,1,1,0.0,0.41963079693831606,0.006578947368421052,
LSM14A,LSM14A,Messenger RNA,0.0,0,1,1,0.0,0.3416839789808139,0.006578947368421052,
TPM1,TPM1,Messenger RNA,0.0,0,1,1,0.0,0.3354931605471562,0.006578947368421052,
WIPF1,WIPF1,Messenger RNA,0.0,0,1,2,0.0001405836866307769,0.28120285628080055,0.013157894736842105,1.0
PSMF1,PSMF1,Messenger RNA,0.0,0,1,2,0.00043787774368647393,0.43328684332868433,0.013157894736842105,1.0
PKNOX2,PKNOX2,Messenger RNA,0.0,0,1,1,0.0,0.2566786009363812,0.006578947368421052,
LRRC14,LRRC14,Messenger RNA,0.0,0,1,1,0.0,0.42798101943976735,0.006578947368421052,
GNL1,GNL1,Messenger RNA,0.0,0,1,1,0.0,0.3845413285655343,0.006578947368421052,
GGA3,GGA3,Messenger RNA,0.0,0,1,1,0.0,0.42798101943976735,0.006578947368421052,
ACSL6,ACSL6,Messenger RNA,0.0,0,1,1,0.0,0.42785003825554707,0.006578947368421052,
GSTO2,GSTO2,Messenger RNA,0.0,0,1,1,0.0,0.35736196319018404,0.006578947368421052,
ZNF217,ZNF217,Messenger RNA,0.0,0,1,2,0.00029933497671128976,0.4370115661144108,0.013157894736842105,1.0
KIAA0513,KIAA0513,Messenger RNA,0.0,0,1,2,0.0007111866194102725,0.4098504837291117,0.013157894736842105,1.0
FLOT2,FLOT2,Messenger RNA,0.0,0,1,1,0.0,0.42798101943976735,0.006578947368421052,
HAPLN1,HAPLN1,Messenger RNA,0.0,1,0,2,,,,
HIPK2,HIPK2,Messenger RNA,0.0,0,1,1,0.0,0.2677647960160889,0.006578947368421052,
IGF2R,IGF2R,Messenger RNA,0.0,0,1,1,0.0,0.32824606715191357,0.006578947368421052,
TMED9,TMED9,Messenger RNA,0.0,0,1,1,0.0,0.20506050605060505,0.006578947368421052,
EPN1,EPN1,Messenger RNA,0.0,0,1,2,5.811379452719616e-09,0.38108218617963746,0.013157894736842105,1.0
ELN,ELN,Messenger RNA,0.0,0,1,1,0.0,0.2566786009363812,0.006578947368421052,
ZSCAN12,ZSCAN12,Messenger RNA,0.0,0,1,1,0.0,0.3416839789808139,0.006578947368421052,
CD248,CD248,Messenger RNA,0.0,1,0,1,,,,
SETD9,SETD9,Messenger RNA,0.0,7,0,1,,,,
PRPSAP2,PRPSAP2,Messenger RNA,0.0,0,1,1,0.0,0.40034364261168387,0.006578947368421052,
LEMD2,LEMD2,Messenger RNA,0.0,0,1,1,0.0,0.3845413285655343,0.006578947368421052,
RER1,RER1,Messenger RNA,0.0,0,1,1,0.0,0.32824606715191357,0.006578947368421052,
B3GAT2,B3GAT2,Messenger RNA,0.0,0,1,1,0.0,0.41619529621911283,0.006578947368421052,
STK25,STK25,Messenger RNA,0.0,8,0,1,,,,
NOS1,NOS1,Messenger RNA,0.0,0,1,1,0.0,0.42798101943976735,0.006578947368421052,
ISG20L2,ISG20L2,Messenger RNA,0.0,0,1,1,0.0,0.3354931605471562,0.006578947368421052,
YPEL1,YPEL1,Messenger RNA,0.0,0,1,1,0.0,0.435785536159601,0.006578947368421052,
KLK10,KLK10,Messenger RNA,0.0,0,1,1,0.0,0.3696945656485522,0.006578947368421052,
SCAMP2,SCAMP2,Messenger RNA,0.0,0,1,1,0.0,0.435785536159601,0.006578947368421052,
UTP25,UTP25,Messenger RNA,0.0,0,1,1,0.0,0.41963079693831606,0.006578947368421052,
RSPO3,RSPO3,Messenger RNA,0.0,0,1,1,0.0,0.2572927210821754,0.006578947368421052,
CHAF1A,CHAF1A,Messenger RNA,0.0,0,1,1,0.0,0.435785536159601,0.006578947368421052,
ICE1,ICE1,Messenger RNA,0.0,0,1,1,0.0,0.42798101943976735,0.006578947368421052,
RARB,RARB,Messenger RNA,0.0,0,1,1,0.0,0.4226757369614512,0.006578947368421052,
FAF2,FAF2,Messenger RNA,0.0,0,1,1,0.0,0.42798101943976735,0.006578947368421052,
EPDR1,EPDR1,Messenger RNA,0.0,0,1,1,0.0,0.32816901408450705,0.006578947368421052,
GGCT,GGCT,Messenger RNA,0.0,0,1,1,0.0,0.3354931605471562,0.006578947368421052,
CHEK2,CHEK2,Messenger RNA,0.0,0,1,1,0.0,0.3416839789808139,0.006578947368421052,
IREB2,IREB2,Messenger RNA,0.0,0,1,1,0.0,0.3636836628511967,0.006578947368421052,
ARRB1,ARRB1,Messenger RNA,0.0,0,1,1,0.0,0.41379310344827586,0.006578947368421052,
PTPN4,PTPN4,Messenger RNA,0.0,0,1,2,2.231246209077866e-05,0.4412182420703803,0.013157894736842105,1.0
CDK6,CDK6,Messenger RNA,0.0,0,1,2,0.0002837818288715259,0.4642975755562936,0.013157894736842105,1.0
CASP10,CASP10,Messenger RNA,0.0,0,1,1,0.0,0.2566786009363812,0.006578947368421052,
PKDCC,PKDCC,Messenger RNA,0.0,0,1,1,0.0,0.21932852212111703,0.006578947368421052,
KLHL5,KLHL5,Messenger RNA,0.0,0,1,1,0.0,0.2549699069852271,0.006578947368421052,
DCAF16,DCAF16,Messenger RNA,0.0,0,1,1,0.0,0.41963079693831606,0.006578947368421052,
WNT9B,WNT9B,Messenger RNA,0.0,0,1,1,0.0,0.25848201904409723,0.006578947368421052,
FGF18,FGF18,Messenger RNA,0.0,1,0,1,,,,
ADAT2,ADAT2,Messenger RNA,0.0,0,1,1,0.0,0.40557006092254133,0.006578947368421052,
RMND5B,RMND5B,Messenger RNA,0.0,0,1,1,0.0,0.4080560420315236,0.006578947368421052,
IGF2BP1,IGF2BP1,Messenger RNA,0.0,0,1,2,0.00016207520341526545,0.37489943684633953,0.013157894736842105,0.0
RPS15A,RPS15A,Messenger RNA,0.0,0,1,1,0.0,0.3856551724137931,0.006578947368421052,
CNP,CNP,Messenger RNA,0.0,0,1,1,0.0,0.3845413285655343,0.006578947368421052,
TNFRSF11A,TNFRSF11A,Messenger RNA,0.0,0,1,1,0.0,0.3631168831168831,0.006578947368421052,
CLPB,CLPB,Messenger RNA,0.0,0,1,2,0.0008620458237114104,0.4157620817843866,0.013157894736842105,0.0
UTP15,UTP15,Messenger RNA,0.0,0,1,1,0.0,0.42785003825554707,0.006578947368421052,
PPP3R1,PPP3R1,Messenger RNA,0.0,0,1,1,0.0,0.2546216191603679,0.006578947368421052,
TMX4,TMX4,Messenger RNA,0.0,0,1,1,0.0,0.42785003825554707,0.006578947368421052,
STX5,STX5,Messenger RNA,0.0,0,1,1,0.0,0.41963079693831606,0.006578947368421052,
CCND3,CCND3,Messenger RNA,0.0,0,1,1,0.0,0.4080560420315236,0.006578947368421052,
ZFYVE27,ZFYVE27,Messenger RNA,0.0,0,1,1,0.0,0.4080560420315236,0.006578947368421052,
ACVR1,ACVR1,Messenger RNA,0.0,0,1,2,5.811379452719616e-09,0.38108218617963746,0.013157894736842105,1.0
TNKS,TNKS,Messenger RNA,0.0,0,1,1,0.0,0.41963079693831606,0.006578947368421052,
GPR63,GPR63,Messenger RNA,0.0,0,1,2,0.0002837818288715259,0.4642975755562936,0.013157894736842105,1.0
RPGRIP1L,RPGRIP1L,Messenger RNA,0.0,0,1,1,0.0,0.42798101943976735,0.006578947368421052,
HSF2,HSF2,Messenger RNA,0.0,0,1,1,0.0,0.40557006092254133,0.006578947368421052,
KIAA0408,KIAA0408,Messenger RNA,0.0,0,1,1,0.0,0.22136014567334336,0.006578947368421052,
PCDH7,PCDH7,Messenger RNA,0.0,0,1,2,0.00022319834044542925,0.42498860009119926,0.013157894736842105,1.0
KMT2D,KMT2D,Messenger RNA,0.0,0,1,1,0.0,0.43002153183635805,0.006578947368421052,
ZFYVE26,ZFYVE26,Messenger RNA,0.0,0,1,1,0.0,0.418187256954831,0.006578947368421052,
PLEKHA6,PLEKHA6,Messenger RNA,0.0,0,1,1,0.0,0.32189730600967076,0.006578947368421052,
URB1,URB1,Messenger RNA,0.0,0,1,1,0.0,0.3631168831168831,0.006578947368421052,
NIPAL2,NIPAL2,Messenger RNA,0.0,0,1,1,0.0,0.35134455893440564,0.006578947368421052,
SYPL2,SYPL2,Messenger RNA,0.0,0,1,1,0.0,0.2566786009363812,0.006578947368421052,
PEAK1,PEAK1,Messenger RNA,0.0,0,1,1,0.0,0.25726904674273093,0.006578947368421052,
FCHO2,FCHO2,Messenger RNA,0.0,0,1,1,0.0,0.3901213897028045,0.006578947368421052,
BCR,BCR,Messenger RNA,0.0,0,1,1,0.0,0.4080560420315236,0.006578947368421052,
FRMD5,FRMD5,Messenger RNA,0.0,0,1,1,0.0,0.42785003825554707,0.006578947368421052,
COG5,COG5,Messenger RNA,0.0,0,1,1,0.0,0.39446952595936796,0.006578947368421052,
APPL2,APPL2,Messenger RNA,0.0,0,1,1,0.0,0.41963079693831606,0.006578947368421052,
MTCL1,MTCL1,Messenger RNA,0.0,0,1,1,0.0,0.39880188275566963,0.006578947368421052,
B3GAT3,B3GAT3,Messenger RNA,0.0,0,1,1,0.0,0.3696945656485522,0.006578947368421052,
MAF,MAF,Messenger RNA,0.0,0,1,1,0.0,0.2799359231077293,0.006578947368421052,
NAA40,NAA40,Messenger RNA,0.0,0,1,1,0.0,0.3856551724137931,0.006578947368421052,
BMI1,BMI1,Messenger RNA,0.0,0,1,1,0.0,0.4010902309568211,0.006578947368421052,
PPP4R2,PPP4R2,Messenger RNA,0.0,0,1,2,4.068616874175868e-05,0.3900669642857143,0.013157894736842105,1.0
ACTC1,ACTC1,Messenger RNA,0.0,0,1,1,0.0,0.32816901408450705,0.006578947368421052,
RNF6,RNF6,Messenger RNA,0.0,0,1,1,0.0,0.4226757369614512,0.006578947368421052,
PPARGC1B,PPARGC1B,Messenger RNA,0.0,0,1,1,0.0,0.4082347787998248,0.006578947368421052,
E2F2,E2F2,Messenger RNA,0.0,0,1,2,0.0019501872072283494,0.44100946372239747,0.013157894736842105,1.0
PLPP6,PLPP6,Messenger RNA,0.0,0,1,1,0.0,0.42785003825554707,0.006578947368421052,
MORF4L1,MORF4L1,Messenger RNA,0.0,0,1,1,0.0,0.4226757369614512,0.006578947368421052,
TMTC3,TMTC3,Messenger RNA,0.0,0,1,1,0.0,0.34655428854734754,0.006578947368421052,
FGF14,FGF14,Messenger RNA,0.0,0,1,1,0.0,0.3664002096710785,0.006578947368421052,
TRIM41,TRIM41,Messenger RNA,0.0,0,1,1,0.0,0.3696945656485522,0.006578947368421052,
SESN3,SESN3,Messenger RNA,0.0,0,1,2,0.00024012350648781967,0.42171945701357466,0.013157894736842105,1.0
MRGBP,MRGBP,Messenger RNA,0.0,0,1,1,0.0,0.40034364261168387,0.006578947368421052,
UBE4A,UBE4A,Messenger RNA,0.0,0,1,2,0.00011168153682836628,0.43174799258801727,0.013157894736842105,1.0
LRRFIP2,LRRFIP2,Messenger RNA,0.0,0,1,1,0.0,0.4080560420315236,0.006578947368421052,
ELMOD3,ELMOD3,Messenger RNA,0.0,0,1,1,0.0,0.22204574332909785,0.006578947368421052,
MTDH,MTDH,Messenger RNA,0.0,0,1,2,0.0003108057399604272,0.42165585884481976,0.013157894736842105,1.0
KIF16B,KIF16B,Messenger RNA,7.0,0,1,1,0.0,0.3783491204330176,0.006578947368421052,
SSH1,SSH1,Messenger RNA,0.0,0,1,1,0.0,0.418187256954831,0.006578947368421052,
LRRC8D,LRRC8D,Messenger RNA,0.0,0,1,1,0.0,0.42798101943976735,0.006578947368421052,
CCND1,CCND1,Messenger RNA,0.0,0,1,1,0.0,0.435785536159601,0.006578947368421052,
STYX,STYX,Messenger RNA,0.0,0,1,1,0.0,0.4226757369614512,0.006578947368421052,
EIF4H,EIF4H,Messenger RNA,0.0,0,1,1,0.0,0.4226757369614512,0.006578947368421052,
LYSMD2,LYSMD2,Messenger RNA,0.0,0,1,1,0.0,0.39446952595936796,0.006578947368421052,
TAF7L,TAF7L,Messenger RNA,0.0,0,1,1,0.0,0.41963079693831606,0.006578947368421052,
PCDH18,PCDH18,Messenger RNA,0.0,0,1,1,0.0,0.2568200606227611,0.006578947368421052,
GRB2,GRB2,Messenger RNA,0.0,0,1,1,0.0,0.4109347442680776,0.006578947368421052,
FAM135A,FAM135A,Messenger RNA,0.0,0,1,1,0.0,0.43002153183635805,0.006578947368421052,
ATP8B2,ATP8B2,Messenger RNA,0.0,0,1,1,0.0,0.3798913043478261,0.006578947368421052,
PI4K2B,PI4K2B,Messenger RNA,0.0,0,1,1,0.0,0.40034364261168387,0.006578947368421052,
AFF4,AFF4,Messenger RNA,0.0,0,1,1,0.0,0.42798101943976735,0.006578947368421052,
CYP4F22,CYP4F22,Messenger RNA,0.0,0,1,1,0.0,0.3798913043478261,0.006578947368421052,
NUP133,NUP133,Messenger RNA,0.0,0,1,1,0.0,0.3535660091047041,0.006578947368421052,
TTC7B,TTC7B,Messenger RNA,0.0,0,1,1,0.0,0.22003620051939876,0.006578947368421052,
ZNF793,ZNF793,Messenger RNA,0.0,0,1,1,0.0,0.353030303030303,0.006578947368421052,
PCSK5,PCSK5,Messenger RNA,0.0,0,1,1,0.0,0.2568200606227611,0.006578947368421052,
UBE2QL1,UBE2QL1,Messenger RNA,0.0,0,1,1,0.0,0.43002153183635805,0.006578947368421052,
NPTN,NPTN,Messenger RNA,0.0,0,1,1,0.0,0.38586806513938726,0.006578947368421052,
SNX13,SNX13,Messenger RNA,0.0,0,1,2,0.0001517450801837286,0.41172139596524815,0.013157894736842105,1.0
FBRS,FBRS,Messenger RNA,0.0,0,1,1,0.0,0.3354931605471562,0.006578947368421052,
PCDHA2,PCDHA2,Messenger RNA,0.0,0,1,1,0.0,0.43002153183635805,0.006578947368421052,
BEST4,BEST4,Messenger RNA,0.0,0,1,1,0.0,0.42628449458758955,0.006578947368421052,
HS3ST5,HS3ST5,Messenger RNA,0.0,0,1,2,0.00045972715151791345,0.4418457648546144,0.013157894736842105,1.0
ZNF449,ZNF449,Messenger RNA,0.0,0,1,2,4.489057203105293e-05,0.44345757335448055,0.013157894736842105,1.0
SEC23A,SEC23A,Messenger RNA,0.0,0,1,1,0.0,0.32816901408450705,0.006578947368421052,
TMEM30A,TMEM30A,Messenger RNA,0.0,0,1,1,0.0,0.406041243101946,0.006578947368421052,
TFDP2,TFDP2,Messenger RNA,0.0,0,1,2,0.0001517450801837286,0.41172139596524815,0.013157894736842105,1.0
DDX19B,DDX19B,Messenger RNA,0.0,0,1,1,0.0,0.3696945656485522,0.006578947368421052,
AURKA,AURKA,Messenger RNA,0.0,0,1,1,0.0,0.4082347787998248,0.006578947368421052,
LAPTM4A,LAPTM4A,Messenger RNA,0.0,0,1,2,1.742265621840977e-05,0.4374902206227507,0.013157894736842105,1.0
PPP1R12B,PPP1R12B,Messenger RNA,0.0,0,1,1,0.0,0.42785003825554707,0.006578947368421052,
PPP1R15B,PPP1R15B,Messenger RNA,0.0,0,1,1,0.0,0.418187256954831,0.006578947368421052,
DGCR2,DGCR2,Messenger RNA,0.0,0,1,1,0.0,0.32071576049552647,0.006578947368421052,
LIPH,LIPH,Messenger RNA,0.0,0,1,2,0.0003847826427483642,0.43208159480760316,0.013157894736842105,1.0
UNG,UNG,Messenger RNA,0.0,0,1,1,0.0,0.40557006092254133,0.006578947368421052,
GDI1,GDI1,Messenger RNA,0.0,0,1,1,0.0,0.32847744360902253,0.006578947368421052,
PDE5A,PDE5A,Messenger RNA,0.0,0,1,1,0.0,0.41379310344827586,0.006578947368421052,
RAB34,RAB34,Messenger RNA,0.0,0,1,1,0.0,0.39446952595936796,0.006578947368421052,
RANBP3,RANBP3,Messenger RNA,0.0,0,1,1,0.0,0.43002153183635805,0.006578947368421052,
RXRA,RXRA,Messenger RNA,0.0,0,1,2,5.105538050725733e-05,0.22250517268820627,0.013157894736842105,0.0
COG3,COG3,Messenger RNA,0.0,0,1,1,0.0,0.42628449458758955,0.006578947368421052,
SHISAL1,SHISAL1,Messenger RNA,0.0,0,1,1,0.0,0.3845413285655343,0.006578947368421052,
LCLAT1,LCLAT1,Messenger RNA,0.0,0,1,1,0.0,0.3611469904417463,0.006578947368421052,
HCAR3,HCAR3,Messenger RNA,0.0,0,1,1,0.0,0.2571743929359823,0.006578947368421052,
LMLN,LMLN,Messenger RNA,0.0,0,1,1,0.0,0.39446952595936796,0.006578947368421052,
PHF3,PHF3,Messenger RNA,0.0,0,1,1,0.0,0.3525406632202749,0.006578947368421052,
GK5,GK5,Messenger RNA,0.0,0,1,1,0.0,0.41963079693831606,0.006578947368421052,
G3BP2,G3BP2,Messenger RNA,0.0,0,1,1,0.0,0.42798101943976735,0.006578947368421052,
SCRG1,SCRG1,Messenger RNA,0.0,0,1,1,0.0,0.4082347787998248,0.006578947368421052,
PCTP,PCTP,Messenger RNA,0.0,3,0,1,,,,
NR3C2,NR3C2,Messenger RNA,0.0,0,1,2,5.811379452719616e-09,0.38108218617963746,0.013157894736842105,1.0
MSANTD4,MSANTD4,Messenger RNA,0.0,0,1,1,0.0,0.4010902309568211,0.006578947368421052,
MVB12B,MVB12B,Messenger RNA,0.0,0,1,1,0.0,0.2997427101200686,0.006578947368421052,
LRRC8C,LRRC8C,Messenger RNA,0.0,0,1,1,0.0,0.22257602292628562,0.006578947368421052,
FERMT2,FERMT2,Messenger RNA,0.0,9,0,1,,,,
KBTBD2,KBTBD2,Messenger RNA,0.0,0,1,1,0.0,0.3783491204330176,0.006578947368421052,
CROT,CROT,Messenger RNA,3.0,0,1,1,0.0,0.39902954188668477,0.006578947368421052,
RCVRN,RCVRN,Messenger RNA,0.0,10,0,1,,,,
SEMA5A,SEMA5A,Messenger RNA,0.0,0,1,1,0.0,0.4226757369614512,0.006578947368421052,
FAM174B,FAM174B,Messenger RNA,0.0,0,1,1,0.0,0.40034364261168387,0.006578947368421052,
ADCY6,ADCY6,Messenger RNA,0.0,0,1,1,0.0,0.2997427101200686,0.006578947368421052,
NOVA1,NOVA1,Messenger RNA,0.0,0,1,1,0.0,0.22250517268820627,0.006578947368421052,
PRCC,PRCC,Messenger RNA,0.0,0,1,2,0.00363267210331756,0.3641099101445501,0.013157894736842105,0.0
ARHGEF37,ARHGEF37,Messenger RNA,0.0,0,1,1,0.0,0.3631168831168831,0.006578947368421052,
TNFSF10,TNFSF10,Messenger RNA,0.0,0,1,1,0.0,0.39446952595936796,0.006578947368421052,
KRBA1,KRBA1,Messenger RNA,0.0,0,1,1,0.0,0.32189730600967076,0.006578947368421052,
PXYLP1,PXYLP1,Messenger RNA,0.0,0,1,1,0.0,0.3354931605471562,0.006578947368421052,
LONRF2,LONRF2,Messenger RNA,0.0,0,1,1,0.0,0.2997427101200686,0.006578947368421052,
ZRANB3,ZRANB3,Messenger RNA,0.0,0,1,1,0.0,0.40034364261168387,0.006578947368421052,
ZNF24,ZNF24,Messenger RNA,0.0,0,1,1,0.0,0.42785003825554707,0.006578947368421052,
BTG1,BTG1,Messenger RNA,0.0,0,1,1,0.0,0.4226757369614512,0.006578947368421052,
PIAS4,PIAS4,Messenger RNA,0.0,0,1,1,0.0,0.3696945656485522,0.006578947368421052,
PPP1R12A,PPP1R12A,Messenger RNA,0.0,0,1,1,0.0,0.39880188275566963,0.006578947368421052,
PLEKHH3,PLEKHH3,Messenger RNA,0.0,0,1,1,0.0,0.3530748831923223,0.006578947368421052,
RNF43,RNF43,Messenger RNA,0.0,0,1,1,0.0,0.42628449458758955,0.006578947368421052,
KCMF1,KCMF1,Messenger RNA,0.0,0,1,1,0.0,0.40557006092254133,0.006578947368421052,
N4BP2,N4BP2,Messenger RNA,0.0,0,1,1,0.0,0.3525406632202749,0.006578947368421052,
SH3GLB1,SH3GLB1,Messenger RNA,0.0,0,1,1,0.0,0.22257602292628562,0.006578947368421052,
BHLHE41,BHLHE41,Messenger RNA,0.0,0,1,1,0.0,0.3535660091047041,0.006578947368421052,
RBL2,RBL2,Messenger RNA,0.0,0,1,1,0.0,0.435785536159601,0.006578947368421052,
STEAP3,STEAP3,Messenger RNA,0.0,0,1,1,0.0,0.3696945656485522,0.006578947368421052,
RNF141,RNF141,Messenger RNA,0.0,0,1,1,0.0,0.353030303030303,0.006578947368421052,
ATG2B,ATG2B,Messenger RNA,0.0,0,1,1,0.0,0.3901213897028045,0.006578947368421052,
CSDE1,CSDE1,Messenger RNA,0.0,0,1,1,0.0,0.43002153183635805,0.006578947368421052,
RFTN1,RFTN1,Messenger RNA,0.0,0,1,1,0.0,0.22270011947431304,0.006578947368421052,
SYNJ1,SYNJ1,Messenger RNA,0.0,0,1,1,0.0,0.34702742956435395,0.006578947368421052,
LIN54,LIN54,Messenger RNA,0.0,0,1,1,0.0,0.3525406632202749,0.006578947368421052,
SHISA6,SHISA6,Messenger RNA,0.0,0,1,1,0.0,0.2236263296808766,0.006578947368421052,
LIN52,LIN52,Messenger RNA,0.0,0,1,1,0.0,0.4226757369614512,0.006578947368421052,
ADAMTS15,ADAMTS15,Messenger RNA,0.0,0,1,1,0.0,0.3262543757292882,0.006578947368421052,
STT3A,STT3A,Messenger RNA,0.0,0,1,2,8.249715480677274e-05,0.3459967825764138,0.013157894736842105,0.0
PPARD,PPARD,Messenger RNA,0.0,0,1,1,0.0,0.418187256954831,0.006578947368421052,
CPEB2,CPEB2,Messenger RNA,0.0,0,1,1,0.0,0.4082347787998248,0.006578947368421052,
LIF,LIF,Messenger RNA,0.0,0,1,1,0.0,0.418187256954831,0.006578947368421052,
MAD2L1,MAD2L1,Messenger RNA,0.0,0,1,1,0.0,0.32824606715191357,0.006578947368421052,
EPB41L5,EPB41L5,Messenger RNA,0.0,0,1,1,0.0,0.40034364261168387,0.006578947368421052,
CPEB1,CPEB1,Messenger RNA,0.0,0,1,1,0.0,0.42785003825554707,0.006578947368421052,
TGFBR3,TGFBR3,Messenger RNA,0.0,0,1,1,0.0,0.36096049573973665,0.006578947368421052,
ZNF784,ZNF784,Messenger RNA,0.0,0,1,1,0.0,0.3696945656485522,0.006578947368421052,
CPT1A,CPT1A,Messenger RNA,0.0,0,1,1,0.0,0.39880188275566963,0.006578947368421052,
PPP1R3F,PPP1R3F,Messenger RNA,0.0,0,1,1,0.0,0.42628449458758955,0.006578947368421052,
SLC7A11,SLC7A11,Messenger RNA,0.0,0,1,1,0.0,0.3525406632202749,0.006578947368421052,
YPEL4,YPEL4,Messenger RNA,0.0,0,1,1,0.0,0.418187256954831,0.006578947368421052,
PHKA1,PHKA1,Messenger RNA,0.0,0,1,1,0.0,0.4080560420315236,0.006578947368421052,
DKK3,DKK3,Messenger RNA,0.0,0,1,1,0.0,0.2659058487874465,0.006578947368421052,
KCNJ3,KCNJ3,Messenger RNA,0.0,0,1,1,0.0,0.2997427101200686,0.006578947368421052,
PJA2,PJA2,Messenger RNA,0.0,0,1,1,0.0,0.39891567984020543,0.006578947368421052,
CLCN6,CLCN6,Messenger RNA,0.0,0,1,1,0.0,0.39880188275566963,0.006578947368421052,
THOC2,THOC2,Messenger RNA,0.0,0,1,1,0.0,0.42798101943976735,0.006578947368421052,
PGP,PGP,Messenger RNA,0.0,1,0,1,,,,
IPCEF1,IPCEF1,Messenger RNA,0.0,0,1,1,0.0,0.435785536159601,0.006578947368421052,
SRP72,SRP72,Messenger RNA,0.0,0,1,1,0.0,0.42628449458758955,0.006578947368421052,
NOL4L,NOL4L,Messenger RNA,0.0,0,1,1,0.0,0.353030303030303,0.006578947368421052,
RNF44,RNF44,Messenger RNA,0.0,0,1,2,0.0002756503020874795,0.40270776321474866,0.013157894736842105,0.0
VPS13D,VPS13D,Messenger RNA,0.0,0,1,1,0.0,0.3611469904417463,0.006578947368421052,
GSTCD,GSTCD,Messenger RNA,0.0,0,1,1,0.0,0.42798101943976735,0.006578947368421052,
ELAVL4,ELAVL4,Messenger RNA,0.0,0,1,1,0.0,0.39880188275566963,0.006578947368421052,
THRB,THRB,Messenger RNA,0.0,0,1,1,0.0,0.435785536159601,0.006578947368421052,
PANK2,PANK2,Messenger RNA,0.0,0,1,1,0.0,0.3636836628511967,0.006578947368421052,
MTRES1,MTRES1,Messenger RNA,0.0,3,0,1,,,,
TIGIT,TIGIT,Messenger RNA,0.0,0,1,1,0.0,0.353030303030303,0.006578947368421052,
CDC42,CDC42,Messenger RNA,0.0,0,1,1,0.0,0.3856551724137931,0.006578947368421052,
SREBF2,SREBF2,Messenger RNA,0.0,0,1,2,0.00022989462637859208,0.39755438646381347,0.013157894736842105,1.0
TMEM38A,TMEM38A,Messenger RNA,0.0,0,1,1,0.0,0.4080560420315236,0.006578947368421052,
VAPB,VAPB,Messenger RNA,0.0,0,1,2,0.0008801277967921989,0.4347690872337117,0.013157894736842105,0.0
ZC2HC1C,ZC2HC1C,Messenger RNA,0.0,0,1,1,0.0,0.40034364261168387,0.006578947368421052,
MARCHF8,MARCHF8,Messenger RNA,8.0,0,1,1,0.0,0.4082347787998248,0.006578947368421052,
SESTD1,SESTD1,Messenger RNA,0.0,0,1,1,0.0,0.21951793986024967,0.006578947368421052,
FEN1,FEN1,Messenger RNA,0.0,0,1,1,0.0,0.3845413285655343,0.006578947368421052,
FBRSL1,FBRSL1,Messenger RNA,0.0,0,1,1,0.0,0.2997427101200686,0.006578947368421052,
GNAQ,GNAQ,Messenger RNA,0.0,0,1,1,0.0,0.36096049573973665,0.006578947368421052,
CHI3L1,CHI3L1,Messenger RNA,0.0,0,1,1,0.0,0.41963079693831606,0.006578947368421052,
SOX11,SOX11,Messenger RNA,0.0,0,1,2,0.00041442250088183526,0.4111160123511248,0.013157894736842105,0.0
IQSEC2,IQSEC2,Messenger RNA,0.0,0,1,1,0.0,0.435785536159601,0.006578947368421052,
CDKL2,CDKL2,Messenger RNA,0.0,0,1,1,0.0,0.36828240252897787,0.006578947368421052,
H2AW,H2AW,Messenger RNA,0.0,0,1,1,0.0,0.32189730600967076,0.006578947368421052,
UCP3,UCP3,Messenger RNA,0.0,0,1,2,6.270929812323344e-05,0.40799649788413833,0.013157894736842105,1.0
NIN,NIN,Messenger RNA,0.0,0,1,1,0.0,0.418187256954831,0.006578947368421052,
GATA6,GATA6,Messenger RNA,0.0,0,1,1,0.0,0.25922492119414053,0.006578947368421052,
BCL2L12,BCL2L12,Messenger RNA,0.0,0,1,1,0.0,0.41963079693831606,0.006578947368421052,
SLC35E1,SLC35E1,Messenger RNA,0.0,0,1,1,0.0,0.40034364261168387,0.006578947368421052,
SYNJ2BP,SYNJ2BP,Messenger RNA,0.0,0,1,1,0.0,0.42785003825554707,0.006578947368421052,
KANK1,KANK1,Messenger RNA,0.0,0,1,1,0.0,0.2572927210821754,0.006578947368421052,
YIPF2,YIPF2,Messenger RNA,0.0,0,1,1,0.0,0.3845413285655343,0.006578947368421052,
CDKN1C,CDKN1C,Messenger RNA,0.0,0,1,1,0.0,0.20654502474698974,0.006578947368421052,
KDR,KDR,Messenger RNA,0.0,0,1,1,0.0,0.21932852212111703,0.006578947368421052,
STRIP2,STRIP2,Messenger RNA,0.0,0,1,1,0.0,0.418187256954831,0.006578947368421052,
HOOK1,HOOK1,Messenger RNA,0.0,0,1,1,0.0,0.42785003825554707,0.006578947368421052,
RNF213,RNF213,Messenger RNA,0.0,0,1,1,0.0,0.4080560420315236,0.006578947368421052,
CALU,CALU,Messenger RNA,0.0,0,1,1,0.0,0.20752616343798708,0.006578947368421052,
CERS1,CERS1,Messenger RNA,0.0,0,1,1,0.0,0.4080560420315236,0.006578947368421052,
GABRB2,GABRB2,Messenger RNA,0.0,0,1,1,0.0,0.22257602292628562,0.006578947368421052,
PALD1,PALD1,Messenger RNA,0.0,0,1,1,0.0,0.38586806513938726,0.006578947368421052,
IVD,IVD,Messenger RNA,0.0,0,1,1,0.0,0.3845413285655343,0.006578947368421052,
KLHL2,KLHL2,Messenger RNA,0.0,0,1,1,0.0,0.4226757369614512,0.006578947368421052,
COL4A5,COL4A5,Messenger RNA,0.0,0,1,1,0.0,0.3354931605471562,0.006578947368421052,
ATP8A1,ATP8A1,Messenger RNA,0.0,0,1,1,0.0,0.34702742956435395,0.006578947368421052,
TSPYL2,TSPYL2,Messenger RNA,0.0,0,1,1,0.0,0.43002153183635805,0.006578947368421052,
VAV2,VAV2,Messenger RNA,0.0,0,1,1,0.0,0.31643277501131734,0.006578947368421052,
GABRA3,GABRA3,Messenger RNA,0.0,11,0,1,,,,
WNT7B,WNT7B,Messenger RNA,0.0,0,1,1,0.0,0.35231854838709675,0.006578947368421052,
ABRAXAS2,ABRAXAS2,Messenger RNA,0.0,0,1,1,0.0,0.3535660091047041,0.006578947368421052,
GRIN3A,GRIN3A,Messenger RNA,0.0,0,1,2,0.0014649382008188434,0.44024563060935284,0.013157894736842105,1.0
MAP3K4,MAP3K4,Messenger RNA,0.0,0,1,1,0.0,0.39880188275566963,0.006578947368421052,
PFKM,PFKM,Messenger RNA,0.0,0,1,1,0.0,0.2659058487874465,0.006578947368421052,
KCND1,KCND1,Messenger RNA,0.0,0,1,1,0.0,0.4109347442680776,0.006578947368421052,
TXLNG,TXLNG,Messenger RNA,0.0,0,1,1,0.0,0.42628449458758955,0.006578947368421052,
FBXO44,FBXO44,Messenger RNA,0.0,0,1,1,0.0,0.3845413285655343,0.006578947368421052,
ZNF831,ZNF831,Messenger RNA,0.0,0,1,1,0.0,0.42628449458758955,0.006578947368421052,
ACBD5,ACBD5,Messenger RNA,0.0,0,1,1,0.0,0.435785536159601,0.006578947368421052,
SEC24A,SEC24A,Messenger RNA,0.0,0,1,1,0.0,0.43002153183635805,0.006578947368421052,
DPYSL5,DPYSL5,Messenger RNA,0.0,2,0,1,,,,
PTPRQ,PTPRQ,Messenger RNA,0.0,0,1,1,0.0,0.22270011947431304,0.006578947368421052,
NUAK1,NUAK1,Messenger RNA,0.0,0,1,1,0.0,0.2568200606227611,0.006578947368421052,
VSIR,VSIR,Messenger RNA,0.0,1,0,1,,,,
BCLAF1,BCLAF1,Messenger RNA,0.0,0,1,1,0.0,0.3530748831923223,0.006578947368421052,
USP20,USP20,Messenger RNA,0.0,0,1,1,0.0,0.35134455893440564,0.006578947368421052,
RBFOX2,RBFOX2,Messenger RNA,0.0,0,1,1,0.0,0.35736196319018404,0.006578947368421052,
MIDN,MIDN,Messenger RNA,0.0,0,1,1,0.0,0.25927299703264095,0.006578947368421052,
RASGEF1A,RASGEF1A,Messenger RNA,0.0,0,1,1,0.0,0.3535660091047041,0.006578947368421052,
NSUN4,NSUN4,Messenger RNA,0.0,0,1,1,0.0,0.40034364261168387,0.006578947368421052,
TRAK1,TRAK1,Messenger RNA,0.0,0,1,1,0.0,0.43002153183635805,0.006578947368421052,
SHROOM3,SHROOM3,Messenger RNA,0.0,0,1,1,0.0,0.42628449458758955,0.006578947368421052,
CSF1,CSF1,Messenger RNA,0.0,0,1,1,0.0,0.21951793986024967,0.006578947368421052,
ASB13,ASB13,Messenger RNA,1.0,0,1,1,0.0,0.35134455893440564,0.006578947368421052,
SH3PXD2A,SH3PXD2A,Messenger RNA,0.0,0,1,1,0.0,0.4082347787998248,0.006578947368421052,
CXADR,CXADR,Messenger RNA,0.0,0,1,1,0.0,0.3845413285655343,0.006578947368421052,
KCNJ6,KCNJ6,Messenger RNA,0.0,0,1,1,0.0,0.3063773833004602,0.006578947368421052,
MEF2C,MEF2C,Messenger RNA,0.0,0,1,1,0.0,0.25848201904409723,0.006578947368421052,
UBXN7,UBXN7,Messenger RNA,0.0,0,1,1,0.0,0.42798101943976735,0.006578947368421052,
BIN3,BIN3,Messenger RNA,0.0,0,1,1,0.0,0.3696945656485522,0.006578947368421052,
DLGAP2,DLGAP2,Messenger RNA,0.0,0,1,1,0.0,0.3783491204330176,0.006578947368421052,
STRN3,STRN3,Messenger RNA,0.0,0,1,1,0.0,0.3783491204330176,0.006578947368421052,
PPARG,PPARG,Messenger RNA,0.0,0,1,1,0.0,0.21991505427088248,0.006578947368421052,
MMP11,MMP11,Messenger RNA,0.0,0,1,1,0.0,0.268047167098073,0.006578947368421052,
LETM1,LETM1,Messenger RNA,0.0,0,1,1,0.0,0.25207356653443924,0.006578947368421052,
UVRAG,UVRAG,Messenger RNA,0.0,0,1,1,0.0,0.22204574332909785,0.006578947368421052,
APPBP2,APPBP2,Messenger RNA,0.0,0,1,1,0.0,0.3636836628511967,0.006578947368421052,
C1orf74,C1orf74,Messenger RNA,0.0,0,1,1,0.0,0.32824606715191357,0.006578947368421052,
PRRX1,PRRX1,Messenger RNA,0.0,0,1,1,0.0,0.22257602292628562,0.006578947368421052,
MTUS1,MTUS1,Messenger RNA,0.0,0,1,1,0.0,0.42785003825554707,0.006578947368421052,
YPEL2,YPEL2,Messenger RNA,0.0,0,1,1,0.0,0.2553191489361702,0.006578947368421052,
ZNF236,ZNF236,Messenger RNA,0.0,0,1,1,0.0,0.3901213897028045,0.006578947368421052,
SSR3,SSR3,Messenger RNA,0.0,0,1,1,0.0,0.38586806513938726,0.006578947368421052,
CKAP2L,CKAP2L,Messenger RNA,0.0,0,1,1,0.0,0.3631168831168831,0.006578947368421052,
SMARCD2,SMARCD2,Messenger RNA,0.0,0,1,1,0.0,0.39446952595936796,0.006578947368421052,
ARHGAP36,ARHGAP36,Messenger RNA,0.0,0,1,1,0.0,0.32071576049552647,0.006578947368421052,
NR4A2,NR4A2,Messenger RNA,0.0,0,1,1,0.0,0.3236485704363931,0.006578947368421052,
MBD2,MBD2,Messenger RNA,0.0,4,0,1,,,,
UBE2D3,UBE2D3,Messenger RNA,0.0,0,1,1,0.0,0.38586806513938726,0.006578947368421052,
USF3,USF3,Messenger RNA,0.0,0,1,1,0.0,0.41963079693831606,0.006578947368421052,
FBXO34,FBXO34,Messenger RNA,0.0,0,1,1,0.0,0.40034364261168387,0.006578947368421052,
CANX,CANX,Messenger RNA,0.0,0,1,1,0.0,0.39880188275566963,0.006578947368421052,
GIT2,GIT2,Messenger RNA,0.0,0,1,1,0.0,0.435785536159601,0.006578947368421052,
UBAP1,UBAP1,Messenger RNA,0.0,0,1,1,0.0,0.4080560420315236,0.006578947368421052,
B4GAT1,B4GAT1,Messenger RNA,0.0,0,1,1,0.0,0.32847744360902253,0.006578947368421052,
WNT4,WNT4,Messenger RNA,0.0,0,1,1,0.0,0.42798101943976735,0.006578947368421052,
FBXO32,FBXO32,Messenger RNA,0.0,12,0,1,,,,
KPNA1,KPNA1,Messenger RNA,0.0,0,1,1,0.0,0.3783491204330176,0.006578947368421052,
CDC42EP3,CDC42EP3,Messenger RNA,0.0,0,1,1,0.0,0.415083135391924,0.006578947368421052,
ISY1,ISY1,Messenger RNA,0.0,0,1,1,0.0,0.38586806513938726,0.006578947368421052,
WBP2,WBP2,Messenger RNA,0.0,0,1,1,0.0,0.4109347442680776,0.006578947368421052,
SEMA6A,SEMA6A,Messenger RNA,0.0,0,1,1,0.0,0.42798101943976735,0.006578947368421052,
SAP30BP,SAP30BP,Messenger RNA,0.0,0,1,1,0.0,0.35134455893440564,0.006578947368421052,
ELP5,ELP5,Messenger RNA,0.0,0,1,1,0.0,0.41963079693831606,0.006578947368421052,
MANEAL,MANEAL,Messenger RNA,0.0,0,1,1,0.0,0.3354931605471562,0.006578947368421052,
PTPA,PTPA,Messenger RNA,0.0,0,1,1,0.0,0.32847744360902253,0.006578947368421052,
EVI5,EVI5,Messenger RNA,0.0,0,1,1,0.0,0.42628449458758955,0.006578947368421052,
EDNRA,EDNRA,Messenger RNA,0.0,0,1,1,0.0,0.41379310344827586,0.006578947368421052,
CGGBP1,CGGBP1,Messenger RNA,0.0,0,1,1,0.0,0.42798101943976735,0.006578947368421052,
EFNB3,EFNB3,Messenger RNA,0.0,0,1,1,0.0,0.40034364261168387,0.006578947368421052,
TRIQK,TRIQK,Messenger RNA,0.0,0,1,1,0.0,0.4010902309568211,0.006578947368421052,
FGF11,FGF11,Messenger RNA,0.0,0,1,1,0.0,0.35549904640813734,0.006578947368421052,
CCDC120,CCDC120,Messenger RNA,0.0,0,1,1,0.0,0.40034364261168387,0.006578947368421052,
TM9SF2,TM9SF2,Messenger RNA,0.0,5,0,1,,,,
HOXC12,HOXC12,Messenger RNA,0.0,0,1,1,0.0,0.41963079693831606,0.006578947368421052,
ANKRD9,ANKRD9,Messenger RNA,0.0,0,1,1,0.0,0.4226757369614512,0.006578947368421052,
SLC26A9,SLC26A9,Messenger RNA,0.0,0,1,1,0.0,0.42785003825554707,0.006578947368421052,
B3GAT1,B3GAT1,Messenger RNA,0.0,0,1,2,4.2295142577301244e-05,0.38118609406952964,0.013157894736842105,1.0
KCNE4,KCNE4,Messenger RNA,0.0,0,1,1,0.0,0.25207356653443924,0.006578947368421052,
ZNF689,ZNF689,Messenger RNA,0.0,0,1,1,0.0,0.3696945656485522,0.006578947368421052,
JADE1,JADE1,Messenger RNA,0.0,0,1,1,0.0,0.39446952595936796,0.006578947368421052,
CNGB3,CNGB3,Messenger RNA,0.0,0,1,1,0.0,0.435785536159601,0.006578947368421052,
MYCBP,MYCBP,Messenger RNA,0.0,0,1,1,0.0,0.3696945656485522,0.006578947368421052,
SLX4IP,SLX4IP,Messenger RNA,0.0,0,1,1,0.0,0.3530748831923223,0.006578947368421052,
KLHL13,KLHL13,Messenger RNA,0.0,0,1,1,0.0,0.35549904640813734,0.006578947368421052,
REV3L,REV3L,Messenger RNA,0.0,13,0,1,,,,
FAM104A,FAM104A,Messenger RNA,0.0,0,1,1,0.0,0.42785003825554707,0.006578947368421052,
GREM1,GREM1,Messenger RNA,0.0,0,1,1,0.0,0.353030303030303,0.006578947368421052,
RREB1,RREB1,Messenger RNA,0.0,0,1,1,0.0,0.4080560420315236,0.006578947368421052,
RNF180,RNF180,Messenger RNA,0.0,0,1,1,0.0,0.3611469904417463,0.006578947368421052,
DOCK3,DOCK3,Messenger RNA,0.0,0,1,1,0.0,0.3856551724137931,0.006578947368421052,
MSRB3,MSRB3,Messenger RNA,0.0,0,1,1,0.0,0.22136014567334336,0.006578947368421052,
SLC7A6OS,SLC7A6OS,Messenger RNA,0.0,0,1,1,0.0,0.41963079693831606,0.006578947368421052,
ATP8A2,ATP8A2,Messenger RNA,0.0,0,1,1,0.0,0.3856551724137931,0.006578947368421052,
SPOCK3,SPOCK3,Messenger RNA,0.0,0,1,1,0.0,0.22197523023181961,0.006578947368421052,
TOB1,TOB1,Messenger RNA,0.0,0,1,1,0.0,0.3856551724137931,0.006578947368421052,
PACRGL,PACRGL,Messenger RNA,0.0,0,1,1,0.0,0.3636836628511967,0.006578947368421052,
MAGI1,MAGI1,Messenger RNA,0.0,0,1,1,0.0,0.41963079693831606,0.006578947368421052,
RBM27,RBM27,Messenger RNA,0.0,0,1,1,0.0,0.3530748831923223,0.006578947368421052,
PIP4P2,PIP4P2,Messenger RNA,0.0,0,1,1,0.0,0.22204574332909785,0.006578947368421052,
SOCS1,SOCS1,Messenger RNA,0.0,0,1,1,0.0,0.2572453767595915,0.006578947368421052,
PCDHA8,PCDHA8,Messenger RNA,0.0,0,1,1,0.0,0.43002153183635805,0.006578947368421052,
AKAP13,AKAP13,Messenger RNA,0.0,0,1,1,0.0,0.42798101943976735,0.006578947368421052,
SAMD14,SAMD14,Messenger RNA,0.0,0,1,1,0.0,0.20506050605060505,0.006578947368421052,
UBE2Q1,UBE2Q1,Messenger RNA,0.0,0,1,1,0.0,0.42798101943976735,0.006578947368421052,
CTCF,CTCF,Messenger RNA,0.0,0,1,1,0.0,0.36915764457354105,0.006578947368421052,
PPARGC1A,PPARGC1A,Messenger RNA,0.0,0,1,1,0.0,0.353030303030303,0.006578947368421052,
PLP1,PLP1,Messenger RNA,0.0,0,1,1,0.0,0.2041919228803038,0.006578947368421052,
COG8,COG8,Messenger RNA,0.0,0,1,1,0.0,0.3530748831923223,0.006578947368421052,
GSPT1,GSPT1,Messenger RNA,0.0,0,1,1,0.0,0.3636836628511967,0.006578947368421052,
ABHD17C,ABHD17C,Messenger RNA,0.0,0,1,1,0.0,0.35549904640813734,0.006578947368421052,
STK35,STK35,Messenger RNA,0.0,0,1,1,0.0,0.3631168831168831,0.006578947368421052,
CD2AP,CD2AP,Messenger RNA,0.0,0,1,1,0.0,0.3525406632202749,0.006578947368421052,
VAT1,VAT1,Messenger RNA,0.0,0,1,1,0.0,0.2572927210821754,0.006578947368421052,
SRRM3,SRRM3,Messenger RNA,0.0,0,1,1,0.0,0.20506050605060505,0.006578947368421052,
SMUG1,SMUG1,Messenger RNA,0.0,0,1,1,0.0,0.415083135391924,0.006578947368421052,
MOB3C,MOB3C,Messenger RNA,0.0,2,0,1,,,,
BCL3,BCL3,Messenger RNA,0.0,0,1,1,0.0,0.3534319302237391,0.006578947368421052,
LMBRD2,LMBRD2,Messenger RNA,0.0,0,1,1,0.0,0.39446952595936796,0.006578947368421052,
ZNF532,ZNF532,Messenger RNA,0.0,0,1,1,0.0,0.41963079693831606,0.006578947368421052,
SURF4,SURF4,Messenger RNA,0.0,0,1,1,0.0,0.2799359231077293,0.006578947368421052,
STK38L,STK38L,Messenger RNA,0.0,0,1,1,0.0,0.34702742956435395,0.006578947368421052,
FTO,FTO,Messenger RNA,0.0,0,1,1,0.0,0.3856551724137931,0.006578947368421052,
NKAPD1,NKAPD1,Messenger RNA,0.0,0,1,1,0.0,0.35549904640813734,0.006578947368421052,
SLITRK4,SLITRK4,Messenger RNA,0.0,1,0,1,,,,
PHF21A,PHF21A,Messenger RNA,0.0,0,1,1,0.0,0.43002153183635805,0.006578947368421052,
ZC3H12A,ZC3H12A,Messenger RNA,0.0,0,1,1,0.0,0.41619529621911283,0.006578947368421052,
RAPGEF2,RAPGEF2,Messenger RNA,0.0,0,1,1,0.0,0.3901213897028045,0.006578947368421052,
