source,target
LRRC1,REAC:R-HSA-162582
FZD4,REAC:R-HSA-162582
NRP1,REAC:R-HSA-162582
HCAR2,REAC:R-HSA-162582
GNAI1,REAC:R-HSA-162582
ITSN1,REAC:R-HSA-162582
RCC2,REAC:R-HSA-162582
HNRNPA1,REAC:R-HSA-162582
PAK4,REAC:R-HSA-162582
TP53,REAC:R-HSA-162582
YWHAG,REAC:R-HSA-162582
NCOA2,REAC:R-HSA-162582
F2RL1,REAC:R-HSA-162582
PPP5C,REAC:R-HSA-162582
SMARCA4,REAC:R-HSA-162582
IL17RD,REAC:R-HSA-162582
CHEK1,REAC:R-HSA-162582
CUL3,REAC:R-HSA-162582
CHRDL1,REAC:R-HSA-162582
RUNX1,REAC:R-HSA-162582
SKP1,REAC:R-HSA-162582
MTA3,REAC:R-HSA-162582
HNRNPF,REAC:R-HSA-162582
DYNLL2,REAC:R-HSA-162582
TGIF1,REAC:R-HSA-162582
CYP26B1,REAC:R-HSA-162582
AGO1,REAC:R-HSA-162582
H3-3B,REAC:R-HSA-162582
NR5A2,REAC:R-HSA-162582
TPM3,REAC:R-HSA-162582
SYNGAP1,REAC:R-HSA-162582
ABCA1,REAC:R-HSA-162582
STAG2,REAC:R-HSA-162582
ACVR1C,REAC:R-HSA-162582
POU2F1,REAC:R-HSA-162582
CSNK1G2,REAC:R-HSA-162582
IGF1R,REAC:R-HSA-162582
TEK,REAC:R-HSA-162582
FSTL1,REAC:R-HSA-162582
SOWAHC,REAC:R-HSA-162582
E2F5,REAC:R-HSA-162582
MAPK8,REAC:R-HSA-162582
PDE7A,REAC:R-HSA-162582
YWHAQ,REAC:R-HSA-162582
ABI2,REAC:R-HSA-162582
FAM102A,REAC:R-HSA-162582
TLN2,REAC:R-HSA-162582
SOCS6,REAC:R-HSA-162582
COX7A2L,REAC:R-HSA-162582
CDC23,REAC:R-HSA-162582
RBM18,REAC:R-HSA-162582
BAZ2A,REAC:R-HSA-162582
PGRMC2,REAC:R-HSA-162582
VPS53,REAC:R-HSA-162582
HAS2,REAC:R-HSA-162582
SSBP2,REAC:R-HSA-162582
WDR37,REAC:R-HSA-162582
NR6A1,REAC:R-HSA-162582
NRIP3,REAC:R-HSA-162582
PALM2AKAP2,REAC:R-HSA-162582
ABHD6,REAC:R-HSA-162582
TPM4,REAC:R-HSA-162582
CCDC25,REAC:R-HSA-162582
LDLRAD3,REAC:R-HSA-162582
EIF4B,REAC:R-HSA-162582
FAF1,REAC:R-HSA-162582
ZBTB6,REAC:R-HSA-162582
TRUB1,REAC:R-HSA-162582
TVP23B,REAC:R-HSA-162582
MLLT3,REAC:R-HSA-162582
PPM1K,REAC:R-HSA-162582
NPR3,REAC:R-HSA-162582
ZXDA,REAC:R-HSA-162582
TRIM3,REAC:R-HSA-162582
ZFP3,REAC:R-HSA-162582
KIF1B,REAC:R-HSA-162582
SLC2A1,REAC:R-HSA-162582
TAF3,REAC:R-HSA-162582
G3BP1,REAC:R-HSA-162582
RALGPS1,REAC:R-HSA-162582
SMAD2,REAC:R-HSA-162582
ACVR2A,REAC:R-HSA-162582
SAMD8,REAC:R-HSA-162582
CDC6,REAC:R-HSA-162582
CDCA3,REAC:R-HSA-162582
BAHD1,REAC:R-HSA-162582
TFCP2L1,REAC:R-HSA-162582
RNF4,REAC:R-HSA-162582
TMPO,REAC:R-HSA-162582
RERE,REAC:R-HSA-162582
MAP2K6,REAC:R-HSA-162582
CPEB3,REAC:R-HSA-162582
MTARC1,REAC:R-HSA-162582
ANK2,REAC:R-HSA-162582
BZW1,REAC:R-HSA-162582
MIPOL1,REAC:R-HSA-162582
CHST14,REAC:R-HSA-162582
AMMECR1,REAC:R-HSA-162582
FBXW11,REAC:R-HSA-162582
CARMIL1,REAC:R-HSA-162582
TMEM107,REAC:R-HSA-162582
AP2B1,REAC:R-HSA-162582
RTN4,REAC:R-HSA-162582
RPS6KA6,REAC:R-HSA-162582
EXPH5,REAC:R-HSA-162582
RLIM,REAC:R-HSA-162582
PGGT1B,REAC:R-HSA-162582
PSD3,REAC:R-HSA-162582
SRPK2,REAC:R-HSA-162582
SCD,REAC:R-HSA-162582
H2AZ2,REAC:R-HSA-162582
PDXDC1,REAC:R-HSA-162582
FBXO41,REAC:R-HSA-162582
PDCD4,REAC:R-HSA-162582
CCNT2,REAC:R-HSA-162582
RYBP,REAC:R-HSA-162582
GOLGA3,REAC:R-HSA-162582
SCN2B,REAC:R-HSA-162582
XIAP,REAC:R-HSA-162582
ALPK3,REAC:R-HSA-162582
WAPL,REAC:R-HSA-162582
KPNA6,REAC:R-HSA-162582
IGF1,REAC:R-HSA-162582
TOM1L2,REAC:R-HSA-162582
TIMP3,REAC:R-HSA-162582
SMIM14,REAC:R-HSA-162582
UEVLD,REAC:R-HSA-162582
NME7,REAC:R-HSA-162582
SLC4A8,REAC:R-HSA-162582
POLH,REAC:R-HSA-162582
TIAM2,REAC:R-HSA-162582
HECTD2,REAC:R-HSA-162582
HOXB8,REAC:R-HSA-162582
TMEM26,REAC:R-HSA-162582
CDC40,REAC:R-HSA-162582
FBXO28,REAC:R-HSA-162582
PGM2L1,REAC:R-HSA-162582
STK24,REAC:R-HSA-162582
NUP43,REAC:R-HSA-162582
RAB21,REAC:R-HSA-162582
PDK3,REAC:R-HSA-162582
DCX,REAC:R-HSA-162582
TET2,REAC:R-HSA-162582
MASTL,REAC:R-HSA-162582
HNMT,REAC:R-HSA-162582
LHX4,REAC:R-HSA-162582
ZNF428,REAC:R-HSA-162582
ANK3,REAC:R-HSA-162582
PHIP,REAC:R-HSA-162582
FAHD2A,REAC:R-HSA-162582
USP47,REAC:R-HSA-162582
MEF2D,REAC:R-HSA-162582
CALM1,REAC:R-HSA-162582
BEST1,REAC:R-HSA-162582
INO80D,REAC:R-HSA-162582
TBP,REAC:R-HSA-162582
AAK1,REAC:R-HSA-162582
FNBP4,REAC:R-HSA-162582
ETNK2,REAC:R-HSA-162582
ANGPTL2,REAC:R-HSA-162582
LUC7L2,REAC:R-HSA-162582
TENT5C,REAC:R-HSA-162582
GRAMD1B,REAC:R-HSA-162582
PRKCE,REAC:R-HSA-162582
CCSER1,REAC:R-HSA-162582
TSN,REAC:R-HSA-162582
BAK1,REAC:R-HSA-162582
CDC25A,REAC:R-HSA-162582
TNFRSF19,REAC:R-HSA-162582
C2orf69,REAC:R-HSA-162582
ZBTB20,REAC:R-HSA-162582
PLCL2,REAC:R-HSA-162582
SHE,REAC:R-HSA-162582
TRIM5,REAC:R-HSA-162582
VAPA,REAC:R-HSA-162582
ATAD2,REAC:R-HSA-162582
RSBN1L,REAC:R-HSA-162582
HMGCS1,REAC:R-HSA-162582
MKRN1,REAC:R-HSA-162582
PCDHA6,REAC:R-HSA-162582
TMEM178B,REAC:R-HSA-162582
HIF3A,REAC:R-HSA-162582
ABHD2,REAC:R-HSA-162582
PAFAH1B2,REAC:R-HSA-162582
MECP2,REAC:R-HSA-162582
DDIAS,REAC:R-HSA-162582
ARRDC3,REAC:R-HSA-162582
OTUD3,REAC:R-HSA-162582
ZBTB44,REAC:R-HSA-162582
ZNRF3,REAC:R-HSA-162582
SFMBT2,REAC:R-HSA-162582
HAUS8,REAC:R-HSA-162582
BEND3,REAC:R-HSA-162582
DR1,REAC:R-HSA-162582
FAM177A1,REAC:R-HSA-162582
ASB4,REAC:R-HSA-162582
ADIPOR2,REAC:R-HSA-162582
RSF1,REAC:R-HSA-162582
INSIG2,REAC:R-HSA-162582
NCKAP5,REAC:R-HSA-162582
DDI2,REAC:R-HSA-162582
EIF1AX,REAC:R-HSA-162582
EPG5,REAC:R-HSA-162582
RFX3,REAC:R-HSA-162582
ARHGEF10,REAC:R-HSA-162582
XKR4,REAC:R-HSA-162582
NSG1,REAC:R-HSA-162582
ECE1,REAC:R-HSA-162582
TRPV3,REAC:R-HSA-162582
ARAP2,REAC:R-HSA-162582
SMAD5,REAC:R-HSA-162582
INAVA,REAC:R-HSA-162582
DLG2,REAC:R-HSA-162582
HPS5,REAC:R-HSA-162582
AEBP2,REAC:R-HSA-162582
FDXR,REAC:R-HSA-162582
AMMECR1L,REAC:R-HSA-162582
NOL4,REAC:R-HSA-162582
IPMK,REAC:R-HSA-162582
SEPTIN8,REAC:R-HSA-162582
FBXO39,REAC:R-HSA-162582
MACROD2,REAC:R-HSA-162582
RRP12,REAC:R-HSA-162582
PAK5,REAC:R-HSA-162582
BTF3L4,REAC:R-HSA-162582
VIPAS39,REAC:R-HSA-162582
RAB3C,REAC:R-HSA-162582
EPN2,REAC:R-HSA-162582
ARHGAP12,REAC:R-HSA-162582
TNKS2,REAC:R-HSA-162582
NXT2,REAC:R-HSA-162582
CCDC6,REAC:R-HSA-162582
BICD1,REAC:R-HSA-162582
MYLK,REAC:R-HSA-162582
VPS18,REAC:R-HSA-162582
PSME3,REAC:R-HSA-162582
SIM1,REAC:R-HSA-162582
FGF2,REAC:R-HSA-162582
ZBTB10,REAC:R-HSA-162582
SLCO5A1,REAC:R-HSA-162582
RAPH1,REAC:R-HSA-162582
LYSMD3,REAC:R-HSA-162582
SLC30A1,REAC:R-HSA-162582
CLCN3,REAC:R-HSA-162582
PAK3,REAC:R-HSA-162582
AP3M1,REAC:R-HSA-162582
MTSS2,REAC:R-HSA-162582
TNIK,REAC:R-HSA-162582
FRZB,REAC:R-HSA-162582
INTS8,REAC:R-HSA-162582
EFS,REAC:R-HSA-162582
DSC1,REAC:R-HSA-162582
PIP5KL1,REAC:R-HSA-162582
PPP6C,REAC:R-HSA-162582
RGS17,REAC:R-HSA-162582
TBCEL,REAC:R-HSA-162582
PDF,REAC:R-HSA-162582
FBXO45,REAC:R-HSA-162582
RGS9BP,REAC:R-HSA-162582
GOLGA1,REAC:R-HSA-162582
PHC3,REAC:R-HSA-162582
DPP8,REAC:R-HSA-162582
EIF2B2,REAC:R-HSA-162582
GNA11,REAC:R-HSA-162582
SGCZ,REAC:R-HSA-162582
DUSP8,REAC:R-HSA-162582
CNKSR3,REAC:R-HSA-162582
GRIN2B,REAC:R-HSA-162582
TACC1,REAC:R-HSA-162582
LRP2,REAC:R-HSA-162582
HCN1,REAC:R-HSA-162582
PPIL6,REAC:R-HSA-162582
GOLGA7B,REAC:R-HSA-162582
XPO4,REAC:R-HSA-162582
ARFGEF3,REAC:R-HSA-162582
PHF1,REAC:R-HSA-162582
ZNF507,REAC:R-HSA-162582
VMP1,REAC:R-HSA-162582
CCDC71L,REAC:R-HSA-162582
KMT2E,REAC:R-HSA-162582
ZNF75A,REAC:R-HSA-162582
PCP4L1,REAC:R-HSA-162582
PSKH1,REAC:R-HSA-162582
BACH2,REAC:R-HSA-162582
KIAA0232,REAC:R-HSA-162582
ZFYVE16,REAC:R-HSA-162582
UNC13B,REAC:R-HSA-162582
SORCS1,REAC:R-HSA-162582
MTMR11,REAC:R-HSA-162582
LYN,REAC:R-HSA-162582
PIK3R3,REAC:R-HSA-162582
KCNS2,REAC:R-HSA-162582
ZNF48,REAC:R-HSA-162582
GBA2,REAC:R-HSA-162582
UBE2J1,REAC:R-HSA-162582
NFATC2IP,REAC:R-HSA-162582
PAX2,REAC:R-HSA-162582
CYLD,REAC:R-HSA-162582
SYDE1,REAC:R-HSA-162582
DNAJB12,REAC:R-HSA-162582
DSC2,REAC:R-HSA-162582
PRDM16,REAC:R-HSA-162582
EFCAB14,REAC:R-HSA-162582
STX16,REAC:R-HSA-162582
PLEKHA7,REAC:R-HSA-162582
DIO2,REAC:R-HSA-162582
RNF7,REAC:R-HSA-162582
RANBP10,REAC:R-HSA-162582
MSL1,REAC:R-HSA-162582
UBLCP1,REAC:R-HSA-162582
CDC14A,REAC:R-HSA-162582
POLR1C,REAC:R-HSA-162582
GRAMD2A,REAC:R-HSA-162582
REEP1,REAC:R-HSA-162582
KSR1,REAC:R-HSA-162582
FBXL13,REAC:R-HSA-162582
KIAA1614,REAC:R-HSA-162582
IDH2,REAC:R-HSA-162582
ZSCAN25,REAC:R-HSA-162582
KCND3,REAC:R-HSA-162582
STK40,REAC:R-HSA-162582
DENND4A,REAC:R-HSA-162582
EIF5B,REAC:R-HSA-162582
ARHGAP6,REAC:R-HSA-162582
ACTB,REAC:R-HSA-162582
ZBTB12,REAC:R-HSA-162582
TNFSF13B,REAC:R-HSA-162582
USP12,REAC:R-HSA-162582
KCTD20,REAC:R-HSA-162582
SERAC1,REAC:R-HSA-162582
PDE3B,REAC:R-HSA-162582
NUDT3,REAC:R-HSA-162582
RICTOR,REAC:R-HSA-162582
GNA13,REAC:R-HSA-162582
MAPKBP1,REAC:R-HSA-162582
TRPM6,REAC:R-HSA-162582
VANGL1,REAC:R-HSA-162582
ZC3H6,REAC:R-HSA-162582
CTBP2,REAC:R-HSA-162582
HNRNPA2B1,REAC:R-HSA-162582
KLF10,REAC:R-HSA-162582
THAP11,REAC:R-HSA-162582
ZBTB33,REAC:R-HSA-162582
XK,REAC:R-HSA-162582
RNF152,REAC:R-HSA-162582
TRPM7,REAC:R-HSA-162582
ATMIN,REAC:R-HSA-162582
KIAA1755,REAC:R-HSA-162582
KDM5A,REAC:R-HSA-162582
TRIM2,REAC:R-HSA-162582
WDFY2,REAC:R-HSA-162582
KCTD1,REAC:R-HSA-162582
DCTN5,REAC:R-HSA-162582
HSPA8,REAC:R-HSA-162582
SEMA6D,REAC:R-HSA-162582
GRM4,REAC:R-HSA-162582
BACE1,REAC:R-HSA-162582
PRLR,REAC:R-HSA-162582
ZBTB8B,REAC:R-HSA-162582
CPD,REAC:R-HSA-162582
PARP6,REAC:R-HSA-162582
ZNF711,REAC:R-HSA-162582
BEGAIN,REAC:R-HSA-162582
CHPT1,REAC:R-HSA-162582
MAPRE1,REAC:R-HSA-162582
SNX27,REAC:R-HSA-162582
ACBD3,REAC:R-HSA-162582
LRCH1,REAC:R-HSA-162582
SMOC2,REAC:R-HSA-162582
VXN,REAC:R-HSA-162582
PDZD4,REAC:R-HSA-162582
BET1L,REAC:R-HSA-162582
PIP4P1,REAC:R-HSA-162582
DENND6A,REAC:R-HSA-162582
UCHL5,REAC:R-HSA-162582
NASP,REAC:R-HSA-162582
FGF1,REAC:R-HSA-162582
CDH3,REAC:R-HSA-162582
RASAL2,REAC:R-HSA-162582
KRT80,REAC:R-HSA-162582
KCNJ11,REAC:R-HSA-162582
ELP1,REAC:R-HSA-162582
RAPGEF5,REAC:R-HSA-162582
TOR1AIP2,REAC:R-HSA-162582
PCDHA10,REAC:R-HSA-162582
PURA,REAC:R-HSA-162582
SLC1A4,REAC:R-HSA-162582
LRP6,REAC:R-HSA-162582
PTAR1,REAC:R-HSA-162582
SLC39A10,REAC:R-HSA-162582
ABCB8,REAC:R-HSA-162582
ERN1,REAC:R-HSA-162582
IRS1,REAC:R-HSA-162582
ARHGEF17,REAC:R-HSA-162582
TMC5,REAC:R-HSA-162582
MED12L,REAC:R-HSA-162582
LOXL1,REAC:R-HSA-162582
MRS2,REAC:R-HSA-162582
TSHZ2,REAC:R-HSA-162582
SZRD1,REAC:R-HSA-162582
MAFG,REAC:R-HSA-162582
HNRNPA0,REAC:R-HSA-162582
FRRS1L,REAC:R-HSA-162582
ELL,REAC:R-HSA-162582
CMPK1,REAC:R-HSA-162582
FAR1,REAC:R-HSA-162582
WSCD2,REAC:R-HSA-162582
IRF2BPL,REAC:R-HSA-162582
SCAMP5,REAC:R-HSA-162582
SRSF1,REAC:R-HSA-162582
RHOBTB1,REAC:R-HSA-162582
TRAF3,REAC:R-HSA-162582
ZFHX4,REAC:R-HSA-162582
ARMCX2,REAC:R-HSA-162582
MEIS2,REAC:R-HSA-162582
FNIP2,REAC:R-HSA-162582
N4BP1,REAC:R-HSA-162582
LDB3,REAC:R-HSA-162582
ANKRD28,REAC:R-HSA-162582
RAP1B,REAC:R-HSA-162582
PDK4,REAC:R-HSA-162582
DAGLA,REAC:R-HSA-162582
MCTP2,REAC:R-HSA-162582
SNAI1,REAC:R-HSA-162582
UBE3C,REAC:R-HSA-162582
PTPN9,REAC:R-HSA-162582
PAWR,REAC:R-HSA-162582
DDX19A,REAC:R-HSA-162582
MCF2L,REAC:R-HSA-162582
EML4,REAC:R-HSA-162582
TP53INP2,REAC:R-HSA-162582
SSR1,REAC:R-HSA-162582
PRPF4B,REAC:R-HSA-162582
CACNA1E,REAC:R-HSA-162582
NHS,REAC:R-HSA-162582
IDE,REAC:R-HSA-162582
HDAC4,REAC:R-HSA-162582
DOT1L,REAC:R-HSA-162582
NRXN1,REAC:R-HSA-162582
PTCH1,REAC:R-HSA-162582
PRORP,REAC:R-HSA-162582
LRATD1,REAC:R-HSA-162582
RGS7,REAC:R-HSA-162582
EBF3,REAC:R-HSA-162582
FBXL19,REAC:R-HSA-162582
ANKH,REAC:R-HSA-162582
PDPR,REAC:R-HSA-162582
KIF3C,REAC:R-HSA-162582
COL8A1,REAC:R-HSA-162582
ADCY9,REAC:R-HSA-162582
MINDY1,REAC:R-HSA-162582
ELAPOR1,REAC:R-HSA-162582
FBXO33,REAC:R-HSA-162582
ARPP19,REAC:R-HSA-162582
RBAK,REAC:R-HSA-162582
WTAP,REAC:R-HSA-162582
SUSD6,REAC:R-HSA-162582
BTBD9,REAC:R-HSA-162582
BRD4,REAC:R-HSA-162582
SEPTIN6,REAC:R-HSA-162582
ANGEL1,REAC:R-HSA-162582
GGA3,REAC:R-HSA-162582
ZNF217,REAC:R-HSA-162582
KIAA0513,REAC:R-HSA-162582
TMED9,REAC:R-HSA-162582
ZSCAN12,REAC:R-HSA-162582
LEMD2,REAC:R-HSA-162582
RER1,REAC:R-HSA-162582
NOS1,REAC:R-HSA-162582
RSPO3,REAC:R-HSA-162582
ICE1,REAC:R-HSA-162582
RARB,REAC:R-HSA-162582
GGCT,REAC:R-HSA-162582
IREB2,REAC:R-HSA-162582
CDK6,REAC:R-HSA-162582
CASP10,REAC:R-HSA-162582
ADAT2,REAC:R-HSA-162582
IGF2BP1,REAC:R-HSA-162582
STX5,REAC:R-HSA-162582
ZFYVE27,REAC:R-HSA-162582
COG5,REAC:R-HSA-162582
BMI1,REAC:R-HSA-162582
PPP4R2,REAC:R-HSA-162582
PLPP6,REAC:R-HSA-162582
FGF14,REAC:R-HSA-162582
CCND1,REAC:R-HSA-162582
LYSMD2,REAC:R-HSA-162582
PI4K2B,REAC:R-HSA-162582
NUP133,REAC:R-HSA-162582
UBE2QL1,REAC:R-HSA-162582
DDX19B,REAC:R-HSA-162582
LIPH,REAC:R-HSA-162582
PDE5A,REAC:R-HSA-162582
RAB34,REAC:R-HSA-162582
PHF3,REAC:R-HSA-162582
G3BP2,REAC:R-HSA-162582
LRRC8C,REAC:R-HSA-162582
TNFSF10,REAC:R-HSA-162582
LONRF2,REAC:R-HSA-162582
BTG1,REAC:R-HSA-162582
PPP1R12A,REAC:R-HSA-162582
MAD2L1,REAC:R-HSA-162582
TGFBR3,REAC:R-HSA-162582
PHKA1,REAC:R-HSA-162582
VPS13D,REAC:R-HSA-162582
THRB,REAC:R-HSA-162582
TMEM38A,REAC:R-HSA-162582
SESTD1,REAC:R-HSA-162582
GNAQ,REAC:R-HSA-162582
SOX11,REAC:R-HSA-162582
SYNJ2BP,REAC:R-HSA-162582
CALU,REAC:R-HSA-162582
GABRB2,REAC:R-HSA-162582
IVD,REAC:R-HSA-162582
TSPYL2,REAC:R-HSA-162582
WNT7B,REAC:R-HSA-162582
KCND1,REAC:R-HSA-162582
FBXO44,REAC:R-HSA-162582
TRAK1,REAC:R-HSA-162582
SH3PXD2A,REAC:R-HSA-162582
MEF2C,REAC:R-HSA-162582
DLGAP2,REAC:R-HSA-162582
MTUS1,REAC:R-HSA-162582
WBP2,REAC:R-HSA-162582
TRIQK,REAC:R-HSA-162582
CCDC120,REAC:R-HSA-162582
JADE1,REAC:R-HSA-162582
MAGI1,REAC:R-HSA-162582
FZD4,REAC:R-HSA-199991
RAB5B,REAC:R-HSA-199991
ITSN1,REAC:R-HSA-199991
YWHAG,REAC:R-HSA-199991
DENND2B,REAC:R-HSA-199991
GDI2,REAC:R-HSA-199991
TPD52,REAC:R-HSA-199991
COPS7B,REAC:R-HSA-199991
DYNLL2,REAC:R-HSA-199991
GJC1,REAC:R-HSA-199991
TBC1D4,REAC:R-HSA-199991
REPS2,REAC:R-HSA-199991
YWHAQ,REAC:R-HSA-199991
LDLRAP1,REAC:R-HSA-199991
GOSR1,REAC:R-HSA-199991
C9orf85,REAC:R-HSA-199991
VKORC1L1,REAC:R-HSA-199991
VGLL4,REAC:R-HSA-199991
COL4A1,REAC:R-HSA-199991
TIMP2,REAC:R-HSA-199991
ZZZ3,REAC:R-HSA-199991
IPO9,REAC:R-HSA-199991
RERE,REAC:R-HSA-199991
GRK3,REAC:R-HSA-199991
ANK2,REAC:R-HSA-199991
CNR1,REAC:R-HSA-199991
AMMECR1,REAC:R-HSA-199991
LAMA4,REAC:R-HSA-199991
RTN4,REAC:R-HSA-199991
SBNO1,REAC:R-HSA-199991
H2AZ2,REAC:R-HSA-199991
LDOC1,REAC:R-HSA-199991
PDXDC1,REAC:R-HSA-199991
TASP1,REAC:R-HSA-199991
NEDD4L,REAC:R-HSA-199991
ALPK3,REAC:R-HSA-199991
SOST,REAC:R-HSA-199991
SLC30A9,REAC:R-HSA-199991
PPIG,REAC:R-HSA-199991
ZNF148,REAC:R-HSA-199991
OTUD4,REAC:R-HSA-199991
AKAP12,REAC:R-HSA-199991
DOK7,REAC:R-HSA-199991
HMGXB4,REAC:R-HSA-199991
IPPK,REAC:R-HSA-199991
BCL7C,REAC:R-HSA-199991
GMCL1,REAC:R-HSA-199991
CCSER1,REAC:R-HSA-199991
TSN,REAC:R-HSA-199991
FITM2,REAC:R-HSA-199991
MACC1,REAC:R-HSA-199991
ST6GALNAC3,REAC:R-HSA-199991
NETO2,REAC:R-HSA-199991
SHE,REAC:R-HSA-199991
REST,REAC:R-HSA-199991
UBE2N,REAC:R-HSA-199991
PPP2CA,REAC:R-HSA-199991
DR1,REAC:R-HSA-199991
CACNA2D1,REAC:R-HSA-199991
DDI2,REAC:R-HSA-199991
DLG2,REAC:R-HSA-199991
AMMECR1L,REAC:R-HSA-199991
PCGF3,REAC:R-HSA-199991
NFATC2,REAC:R-HSA-199991
TANC2,REAC:R-HSA-199991
UBXN2A,REAC:R-HSA-199991
CYB561D1,REAC:R-HSA-199991
TTPAL,REAC:R-HSA-199991
PAK3,REAC:R-HSA-199991
FSD1L,REAC:R-HSA-199991
FRZB,REAC:R-HSA-199991
ARHGAP26,REAC:R-HSA-199991
CLINT1,REAC:R-HSA-199991
TMEM151B,REAC:R-HSA-199991
CAPN7,REAC:R-HSA-199991
EIF2B2,REAC:R-HSA-199991
ZDHHC21,REAC:R-HSA-199991
MIGA1,REAC:R-HSA-199991
WDR47,REAC:R-HSA-199991
SLC6A9,REAC:R-HSA-199991
ZNF507,REAC:R-HSA-199991
AATK,REAC:R-HSA-199991
BTG2,REAC:R-HSA-199991
NAA20,REAC:R-HSA-199991
PSKH1,REAC:R-HSA-199991
DTX3L,REAC:R-HSA-199991
UBE2J1,REAC:R-HSA-199991
RNF24,REAC:R-HSA-199991
ZFX,REAC:R-HSA-199991
CYSLTR1,REAC:R-HSA-199991
PTP4A1,REAC:R-HSA-199991
NCKAP1,REAC:R-HSA-199991
KIAA1614,REAC:R-HSA-199991
RICTOR,REAC:R-HSA-199991
KYAT3,REAC:R-HSA-199991
KLF10,REAC:R-HSA-199991
XK,REAC:R-HSA-199991
HIF1AN,REAC:R-HSA-199991
POLR2F,REAC:R-HSA-199991
PAX5,REAC:R-HSA-199991
PGK1,REAC:R-HSA-199991
RBM3,REAC:R-HSA-199991
TNFAIP8,REAC:R-HSA-199991
GRM4,REAC:R-HSA-199991
PARP6,REAC:R-HSA-199991
CHPT1,REAC:R-HSA-199991
AGAP1,REAC:R-HSA-199991
PCDHA9,REAC:R-HSA-199991
MYO6,REAC:R-HSA-199991
FGF1,REAC:R-HSA-199991
SUMO2,REAC:R-HSA-199991
RAPGEF5,REAC:R-HSA-199991
PXMP4,REAC:R-HSA-199991
VPS4B,REAC:R-HSA-199991
WASL,REAC:R-HSA-199991
DYRK2,REAC:R-HSA-199991
GNPNAT1,REAC:R-HSA-199991
HMGN2,REAC:R-HSA-199991
ZNF282,REAC:R-HSA-199991
ZRANB2,REAC:R-HSA-199991
SCEL,REAC:R-HSA-199991
HNRNPA0,REAC:R-HSA-199991
FRRS1L,REAC:R-HSA-199991
CCDC28A,REAC:R-HSA-199991
C5orf15,REAC:R-HSA-199991
ZC3H8,REAC:R-HSA-199991
MCTP2,REAC:R-HSA-199991
UBE3C,REAC:R-HSA-199991
SSR1,REAC:R-HSA-199991
EXT2,REAC:R-HSA-199991
MYO10,REAC:R-HSA-199991
TNFSF11,REAC:R-HSA-199991
FBXL19,REAC:R-HSA-199991
TOB2,REAC:R-HSA-199991
RAD54L2,REAC:R-HSA-199991
MFN2,REAC:R-HSA-199991
BTBD9,REAC:R-HSA-199991
ATP1A2,REAC:R-HSA-199991
MAP4K4,REAC:R-HSA-199991
ANGEL1,REAC:R-HSA-199991
TMED9,REAC:R-HSA-199991
ICE1,REAC:R-HSA-199991
RMND5B,REAC:R-HSA-199991
CNP,REAC:R-HSA-199991
FCHO2,REAC:R-HSA-199991
SSH1,REAC:R-HSA-199991
ATP8B2,REAC:R-HSA-199991
TTC7B,REAC:R-HSA-199991
TMEM30A,REAC:R-HSA-199991
SEMA5A,REAC:R-HSA-199991
KANK1,REAC:R-HSA-199991
CXADR,REAC:R-HSA-199991
KCNE4,REAC:R-HSA-199991
DOCK3,REAC:R-HSA-199991
LRRC1,REAC:R-HSA-9012999
ITSN1,REAC:R-HSA-9012999
PAK4,REAC:R-HSA-9012999
CUL3,REAC:R-HSA-9012999
TPM3,REAC:R-HSA-9012999
SOWAHC,REAC:R-HSA-9012999
ABI2,REAC:R-HSA-9012999
RBM18,REAC:R-HSA-9012999
BAZ2A,REAC:R-HSA-9012999
NRIP3,REAC:R-HSA-9012999
ABHD6,REAC:R-HSA-9012999
EIF4B,REAC:R-HSA-9012999
TRUB1,REAC:R-HSA-9012999
MLLT3,REAC:R-HSA-9012999
ZFP3,REAC:R-HSA-9012999
ACVR2A,REAC:R-HSA-9012999
RNF4,REAC:R-HSA-9012999
TMPO,REAC:R-HSA-9012999
CPEB3,REAC:R-HSA-9012999
PSD3,REAC:R-HSA-9012999
H2AZ2,REAC:R-HSA-9012999
CCNT2,REAC:R-HSA-9012999
KPNA6,REAC:R-HSA-9012999
UEVLD,REAC:R-HSA-9012999
NME7,REAC:R-HSA-9012999
TIAM2,REAC:R-HSA-9012999
HOXB8,REAC:R-HSA-9012999
STK24,REAC:R-HSA-9012999
PDK3,REAC:R-HSA-9012999
HNMT,REAC:R-HSA-9012999
USP47,REAC:R-HSA-9012999
CALM1,REAC:R-HSA-9012999
CCSER1,REAC:R-HSA-9012999
ZBTB20,REAC:R-HSA-9012999
SHE,REAC:R-HSA-9012999
PCDHA6,REAC:R-HSA-9012999
TMEM178B,REAC:R-HSA-9012999
HIF3A,REAC:R-HSA-9012999
SFMBT2,REAC:R-HSA-9012999
HAUS8,REAC:R-HSA-9012999
BEND3,REAC:R-HSA-9012999
DDI2,REAC:R-HSA-9012999
EPG5,REAC:R-HSA-9012999
XKR4,REAC:R-HSA-9012999
ECE1,REAC:R-HSA-9012999
NOL4,REAC:R-HSA-9012999
FBXO39,REAC:R-HSA-9012999
MACROD2,REAC:R-HSA-9012999
RRP12,REAC:R-HSA-9012999
MYLK,REAC:R-HSA-9012999
PSME3,REAC:R-HSA-9012999
LYSMD3,REAC:R-HSA-9012999
CLCN3,REAC:R-HSA-9012999
PAK3,REAC:R-HSA-9012999
AP3M1,REAC:R-HSA-9012999
FBXO45,REAC:R-HSA-9012999
CNKSR3,REAC:R-HSA-9012999
ARFGEF3,REAC:R-HSA-9012999
PHF1,REAC:R-HSA-9012999
CCDC71L,REAC:R-HSA-9012999
KIAA0232,REAC:R-HSA-9012999
ZFYVE16,REAC:R-HSA-9012999
PIK3R3,REAC:R-HSA-9012999
NFATC2IP,REAC:R-HSA-9012999
PAX2,REAC:R-HSA-9012999
POLR1C,REAC:R-HSA-9012999
GRAMD2A,REAC:R-HSA-9012999
FBXL13,REAC:R-HSA-9012999
KIAA1614,REAC:R-HSA-9012999
TNFSF13B,REAC:R-HSA-9012999
KCTD20,REAC:R-HSA-9012999
SERAC1,REAC:R-HSA-9012999
MAPKBP1,REAC:R-HSA-9012999
ZBTB33,REAC:R-HSA-9012999
RNF152,REAC:R-HSA-9012999
TRPM7,REAC:R-HSA-9012999
ATMIN,REAC:R-HSA-9012999
GRM4,REAC:R-HSA-9012999
BEGAIN,REAC:R-HSA-9012999
CHPT1,REAC:R-HSA-9012999
UCHL5,REAC:R-HSA-9012999
FGF1,REAC:R-HSA-9012999
RAPGEF5,REAC:R-HSA-9012999
PURA,REAC:R-HSA-9012999
SLC39A10,REAC:R-HSA-9012999
SZRD1,REAC:R-HSA-9012999
ELL,REAC:R-HSA-9012999
CMPK1,REAC:R-HSA-9012999
PDK4,REAC:R-HSA-9012999
MCTP2,REAC:R-HSA-9012999
UBE3C,REAC:R-HSA-9012999
MCF2L,REAC:R-HSA-9012999
SSR1,REAC:R-HSA-9012999
FBXL19,REAC:R-HSA-9012999
ADCY9,REAC:R-HSA-9012999
WTAP,REAC:R-HSA-9012999
SEPTIN6,REAC:R-HSA-9012999
KIAA0513,REAC:R-HSA-9012999
ICE1,REAC:R-HSA-9012999
CDK6,REAC:R-HSA-9012999
ADAT2,REAC:R-HSA-9012999
IGF2BP1,REAC:R-HSA-9012999
ZFYVE27,REAC:R-HSA-9012999
PPP4R2,REAC:R-HSA-9012999
PI4K2B,REAC:R-HSA-9012999
DDX19B,REAC:R-HSA-9012999
LRRC8C,REAC:R-HSA-9012999
MAD2L1,REAC:R-HSA-9012999
TGFBR3,REAC:R-HSA-9012999
GNAQ,REAC:R-HSA-9012999
SYNJ2BP,REAC:R-HSA-9012999
TSPYL2,REAC:R-HSA-9012999
FBXO44,REAC:R-HSA-9012999
SH3PXD2A,REAC:R-HSA-9012999
DLGAP2,REAC:R-HSA-9012999
WBP2,REAC:R-HSA-9012999
CCDC120,REAC:R-HSA-9012999
CHRDL1,REAC:R-HSA-9006936
TGIF1,REAC:R-HSA-9006936
AGO1,REAC:R-HSA-9006936
ACVR1C,REAC:R-HSA-9006936
FSTL1,REAC:R-HSA-9006936
E2F5,REAC:R-HSA-9006936
PGRMC2,REAC:R-HSA-9006936
HAS2,REAC:R-HSA-9006936
LDLRAD3,REAC:R-HSA-9006936
ZXDA,REAC:R-HSA-9006936
TRIM3,REAC:R-HSA-9006936
RALGPS1,REAC:R-HSA-9006936
SMAD2,REAC:R-HSA-9006936
PDCD4,REAC:R-HSA-9006936
SCN2B,REAC:R-HSA-9006936
IGF1,REAC:R-HSA-9006936
DCX,REAC:R-HSA-9006936
INO80D,REAC:R-HSA-9006936
BAK1,REAC:R-HSA-9006936
TNFRSF19,REAC:R-HSA-9006936
INSIG2,REAC:R-HSA-9006936
EIF1AX,REAC:R-HSA-9006936
NSG1,REAC:R-HSA-9006936
TRPV3,REAC:R-HSA-9006936
HPS5,REAC:R-HSA-9006936
SEPTIN8,REAC:R-HSA-9006936
SIM1,REAC:R-HSA-9006936
RAPH1,REAC:R-HSA-9006936
SLC30A1,REAC:R-HSA-9006936
EFS,REAC:R-HSA-9006936
GNA11,REAC:R-HSA-9006936
LRP2,REAC:R-HSA-9006936
KMT2E,REAC:R-HSA-9006936
ZNF75A,REAC:R-HSA-9006936
UNC13B,REAC:R-HSA-9006936
ZNF48,REAC:R-HSA-9006936
PRDM16,REAC:R-HSA-9006936
DENND4A,REAC:R-HSA-9006936
USP12,REAC:R-HSA-9006936
HSPA8,REAC:R-HSA-9006936
BEGAIN,REAC:R-HSA-9006936
LRCH1,REAC:R-HSA-9006936
KRT80,REAC:R-HSA-9006936
KCNJ11,REAC:R-HSA-9006936
MRS2,REAC:R-HSA-9006936
SCAMP5,REAC:R-HSA-9006936
ANKH,REAC:R-HSA-9006936
TMED9,REAC:R-HSA-9006936
CCND1,REAC:R-HSA-9006936
NUP133,REAC:R-HSA-9006936
BTG1,REAC:R-HSA-9006936
TRAK1,REAC:R-HSA-9006936
FZD4,REAC:R-HSA-5663202
TP53,REAC:R-HSA-5663202
SKP1,REAC:R-HSA-5663202
AGO1,REAC:R-HSA-5663202
ETV6,REAC:R-HSA-5663202
TPM3,REAC:R-HSA-5663202
TRIM24,REAC:R-HSA-5663202
QKI,REAC:R-HSA-5663202
KIAA1549,REAC:R-HSA-5663202
MAPK8,REAC:R-HSA-5663202
RBM18,REAC:R-HSA-5663202
VPS53,REAC:R-HSA-5663202
HAS2,REAC:R-HSA-5663202
SSBP2,REAC:R-HSA-5663202
ABHD6,REAC:R-HSA-5663202
LDLRAD3,REAC:R-HSA-5663202
FAF1,REAC:R-HSA-5663202
ZBTB6,REAC:R-HSA-5663202
RALGPS1,REAC:R-HSA-5663202
SAMD8,REAC:R-HSA-5663202
CDCA3,REAC:R-HSA-5663202
TFCP2L1,REAC:R-HSA-5663202
PDXDC1,REAC:R-HSA-5663202
XIAP,REAC:R-HSA-5663202
TOM1L2,REAC:R-HSA-5663202
TIMP3,REAC:R-HSA-5663202
UEVLD,REAC:R-HSA-5663202
AGMAT,REAC:R-HSA-5663202
MASTL,REAC:R-HSA-5663202
ZNF428,REAC:R-HSA-5663202
ANK3,REAC:R-HSA-5663202
MEF2D,REAC:R-HSA-5663202
INO80D,REAC:R-HSA-5663202
FNBP4,REAC:R-HSA-5663202
ETNK2,REAC:R-HSA-5663202
ZNF470,REAC:R-HSA-5663202
C2orf69,REAC:R-HSA-5663202
ATAD2,REAC:R-HSA-5663202
MKRN1,REAC:R-HSA-5663202
DDIAS,REAC:R-HSA-5663202
ZNRF3,REAC:R-HSA-5663202
ADIPOR2,REAC:R-HSA-5663202
DDI2,REAC:R-HSA-5663202
EIF1AX,REAC:R-HSA-5663202
AEBP2,REAC:R-HSA-5663202
IPMK,REAC:R-HSA-5663202
PAK5,REAC:R-HSA-5663202
NXT2,REAC:R-HSA-5663202
CCDC6,REAC:R-HSA-5663202
BICD1,REAC:R-HSA-5663202
SIM1,REAC:R-HSA-5663202
ZBTB10,REAC:R-HSA-5663202
SLC30A1,REAC:R-HSA-5663202
TBCEL,REAC:R-HSA-5663202
GOLGA1,REAC:R-HSA-5663202
LRP2,REAC:R-HSA-5663202
ZNF507,REAC:R-HSA-5663202
VMP1,REAC:R-HSA-5663202
PSKH1,REAC:R-HSA-5663202
BACH2,REAC:R-HSA-5663202
KIAA0232,REAC:R-HSA-5663202
NFATC2IP,REAC:R-HSA-5663202
PRDM16,REAC:R-HSA-5663202
PLEKHA7,REAC:R-HSA-5663202
MSL1,REAC:R-HSA-5663202
UBLCP1,REAC:R-HSA-5663202
REEP1,REAC:R-HSA-5663202
KIAA1614,REAC:R-HSA-5663202
ZBTB12,REAC:R-HSA-5663202
GNA13,REAC:R-HSA-5663202
ZC3H6,REAC:R-HSA-5663202
THAP11,REAC:R-HSA-5663202
DBT,REAC:R-HSA-5663202
KDM5A,REAC:R-HSA-5663202
DCTN5,REAC:R-HSA-5663202
VXN,REAC:R-HSA-5663202
DENND6A,REAC:R-HSA-5663202
ELP1,REAC:R-HSA-5663202
TOR1AIP2,REAC:R-HSA-5663202
PTAR1,REAC:R-HSA-5663202
IRS1,REAC:R-HSA-5663202
ARHGEF17,REAC:R-HSA-5663202
MED12L,REAC:R-HSA-5663202
MRS2,REAC:R-HSA-5663202
WDR20,REAC:R-HSA-5663202
TRAF3,REAC:R-HSA-5663202
ZFHX4,REAC:R-HSA-5663202
N4BP1,REAC:R-HSA-5663202
RAP1B,REAC:R-HSA-5663202
MLEC,REAC:R-HSA-5663202
ATXN1L,REAC:R-HSA-5663202
PTPN9,REAC:R-HSA-5663202
PRPF4B,REAC:R-HSA-5663202
CACNA1E,REAC:R-HSA-5663202
NHS,REAC:R-HSA-5663202
IDE,REAC:R-HSA-5663202
LRATD1,REAC:R-HSA-5663202
EBF3,REAC:R-HSA-5663202
ANKH,REAC:R-HSA-5663202
SUSD6,REAC:R-HSA-5663202
TMED9,REAC:R-HSA-5663202
RER1,REAC:R-HSA-5663202
GGCT,REAC:R-HSA-5663202
IGF2BP1,REAC:R-HSA-5663202
BMI1,REAC:R-HSA-5663202
G3BP2,REAC:R-HSA-5663202
STEAP3,REAC:R-HSA-5663202
VPS13D,REAC:R-HSA-5663202
THRB,REAC:R-HSA-5663202
TIGIT,REAC:R-HSA-5663202
IVD,REAC:R-HSA-5663202
TP53,REAC:R-HSA-9006925
MTA3,REAC:R-HSA-9006925
AGO1,REAC:R-HSA-9006925
SOCS6,REAC:R-HSA-9006925
RBM18,REAC:R-HSA-9006925
SSBP2,REAC:R-HSA-9006925
NR6A1,REAC:R-HSA-9006925
LDLRAD3,REAC:R-HSA-9006925
ZBTB6,REAC:R-HSA-9006925
PPM1K,REAC:R-HSA-9006925
TAF3,REAC:R-HSA-9006925
TFCP2L1,REAC:R-HSA-9006925
RLIM,REAC:R-HSA-9006925
PDXDC1,REAC:R-HSA-9006925
RYBP,REAC:R-HSA-9006925
GOLGA3,REAC:R-HSA-9006925
TOM1L2,REAC:R-HSA-9006925
TIMP3,REAC:R-HSA-9006925
UEVLD,REAC:R-HSA-9006925
SLC4A8,REAC:R-HSA-9006925
NUP43,REAC:R-HSA-9006925
TBP,REAC:R-HSA-9006925
FNBP4,REAC:R-HSA-9006925
ANGPTL2,REAC:R-HSA-9006925
PRKCE,REAC:R-HSA-9006925
PLCL2,REAC:R-HSA-9006925
VAPA,REAC:R-HSA-9006925
ATAD2,REAC:R-HSA-9006925
HMGCS1,REAC:R-HSA-9006925
MKRN1,REAC:R-HSA-9006925
ABHD2,REAC:R-HSA-9006925
MECP2,REAC:R-HSA-9006925
DDIAS,REAC:R-HSA-9006925
NCKAP5,REAC:R-HSA-9006925
PAK5,REAC:R-HSA-9006925
RAB3C,REAC:R-HSA-9006925
NXT2,REAC:R-HSA-9006925
SIM1,REAC:R-HSA-9006925
ZBTB10,REAC:R-HSA-9006925
SLC30A1,REAC:R-HSA-9006925
RGS17,REAC:R-HSA-9006925
ZNF507,REAC:R-HSA-9006925
VMP1,REAC:R-HSA-9006925
KIAA0232,REAC:R-HSA-9006925
UNC13B,REAC:R-HSA-9006925
PRDM16,REAC:R-HSA-9006925
PLEKHA7,REAC:R-HSA-9006925
KSR1,REAC:R-HSA-9006925
EIF5B,REAC:R-HSA-9006925
ZBTB12,REAC:R-HSA-9006925
PDE3B,REAC:R-HSA-9006925
TRPM6,REAC:R-HSA-9006925
ZC3H6,REAC:R-HSA-9006925
KDM5A,REAC:R-HSA-9006925
DCTN5,REAC:R-HSA-9006925
CPD,REAC:R-HSA-9006925
VXN,REAC:R-HSA-9006925
DENND6A,REAC:R-HSA-9006925
CDH3,REAC:R-HSA-9006925
RASAL2,REAC:R-HSA-9006925
PTAR1,REAC:R-HSA-9006925
IRS1,REAC:R-HSA-9006925
MRS2,REAC:R-HSA-9006925
FNIP2,REAC:R-HSA-9006925
PTPN9,REAC:R-HSA-9006925
PAWR,REAC:R-HSA-9006925
EML4,REAC:R-HSA-9006925
CACNA1E,REAC:R-HSA-9006925
NHS,REAC:R-HSA-9006925
IDE,REAC:R-HSA-9006925
LRATD1,REAC:R-HSA-9006925
EBF3,REAC:R-HSA-9006925
PDPR,REAC:R-HSA-9006925
MINDY1,REAC:R-HSA-9006925
SUSD6,REAC:R-HSA-9006925
RER1,REAC:R-HSA-9006925
GGCT,REAC:R-HSA-9006925
STX5,REAC:R-HSA-9006925
LIPH,REAC:R-HSA-9006925
KCND1,REAC:R-HSA-9006925
PPP5C,REAC:R-HSA-5683057
IL17RD,REAC:R-HSA-5683057
CUL3,REAC:R-HSA-5683057
AGO1,REAC:R-HSA-5683057
SYNGAP1,REAC:R-HSA-5683057
TEK,REAC:R-HSA-5683057
SOCS6,REAC:R-HSA-5683057
COX7A2L,REAC:R-HSA-5683057
RBM18,REAC:R-HSA-5683057
LDLRAD3,REAC:R-HSA-5683057
ZBTB6,REAC:R-HSA-5683057
CDC6,REAC:R-HSA-5683057
BAHD1,REAC:R-HSA-5683057
TFCP2L1,REAC:R-HSA-5683057
PDXDC1,REAC:R-HSA-5683057
XIAP,REAC:R-HSA-5683057
TOM1L2,REAC:R-HSA-5683057
TIMP3,REAC:R-HSA-5683057
UEVLD,REAC:R-HSA-5683057
LHX4,REAC:R-HSA-5683057
ZNF428,REAC:R-HSA-5683057
FAHD2A,REAC:R-HSA-5683057
MEF2D,REAC:R-HSA-5683057
LUC7L2,REAC:R-HSA-5683057
TENT5C,REAC:R-HSA-5683057
ATAD2,REAC:R-HSA-5683057
DDIAS,REAC:R-HSA-5683057
DDI2,REAC:R-HSA-5683057
ARAP2,REAC:R-HSA-5683057
AEBP2,REAC:R-HSA-5683057
NXT2,REAC:R-HSA-5683057
CCDC6,REAC:R-HSA-5683057
SIM1,REAC:R-HSA-5683057
FGF2,REAC:R-HSA-5683057
SLCO5A1,REAC:R-HSA-5683057
SLC30A1,REAC:R-HSA-5683057
CLCN3,REAC:R-HSA-5683057
GOLGA1,REAC:R-HSA-5683057
DUSP8,REAC:R-HSA-5683057
LRP2,REAC:R-HSA-5683057
HCN1,REAC:R-HSA-5683057
XPO4,REAC:R-HSA-5683057
ZNF507,REAC:R-HSA-5683057
VMP1,REAC:R-HSA-5683057
UNC13B,REAC:R-HSA-5683057
NFATC2IP,REAC:R-HSA-5683057
PRDM16,REAC:R-HSA-5683057
DIO2,REAC:R-HSA-5683057
MSL1,REAC:R-HSA-5683057
UBLCP1,REAC:R-HSA-5683057
KIAA1614,REAC:R-HSA-5683057
ARHGAP6,REAC:R-HSA-5683057
ZC3H6,REAC:R-HSA-5683057
DCTN5,REAC:R-HSA-5683057
DENND6A,REAC:R-HSA-5683057
UCHL5,REAC:R-HSA-5683057
TOR1AIP2,REAC:R-HSA-5683057
PTAR1,REAC:R-HSA-5683057
ERN1,REAC:R-HSA-5683057
IRS1,REAC:R-HSA-5683057
MED12L,REAC:R-HSA-5683057
MRS2,REAC:R-HSA-5683057
ZFHX4,REAC:R-HSA-5683057
N4BP1,REAC:R-HSA-5683057
RAP1B,REAC:R-HSA-5683057
PTPN9,REAC:R-HSA-5683057
DDX19A,REAC:R-HSA-5683057
CACNA1E,REAC:R-HSA-5683057
NHS,REAC:R-HSA-5683057
EBF3,REAC:R-HSA-5683057
ELAPOR1,REAC:R-HSA-5683057
RBAK,REAC:R-HSA-5683057
SUSD6,REAC:R-HSA-5683057
TMED9,REAC:R-HSA-5683057
RER1,REAC:R-HSA-5683057
NOS1,REAC:R-HSA-5683057
RARB,REAC:R-HSA-5683057
MAD2L1,REAC:R-HSA-5683057
GABRB2,REAC:R-HSA-5683057
DLGAP2,REAC:R-HSA-5683057
JADE1,REAC:R-HSA-5683057
MAGI1,REAC:R-HSA-5683057
LRRC1,REAC:R-HSA-9716542
ITSN1,REAC:R-HSA-9716542
RCC2,REAC:R-HSA-9716542
PAK4,REAC:R-HSA-9716542
YWHAG,REAC:R-HSA-9716542
NCOA2,REAC:R-HSA-9716542
CUL3,REAC:R-HSA-9716542
DYNLL2,REAC:R-HSA-9716542
H3-3B,REAC:R-HSA-9716542
TPM3,REAC:R-HSA-9716542
SOWAHC,REAC:R-HSA-9716542
YWHAQ,REAC:R-HSA-9716542
ABI2,REAC:R-HSA-9716542
RBM18,REAC:R-HSA-9716542
BAZ2A,REAC:R-HSA-9716542
SSBP2,REAC:R-HSA-9716542
NRIP3,REAC:R-HSA-9716542
ABHD6,REAC:R-HSA-9716542
LDLRAD3,REAC:R-HSA-9716542
EIF4B,REAC:R-HSA-9716542
TRUB1,REAC:R-HSA-9716542
MLLT3,REAC:R-HSA-9716542
ZFP3,REAC:R-HSA-9716542
ACVR2A,REAC:R-HSA-9716542
TFCP2L1,REAC:R-HSA-9716542
RNF4,REAC:R-HSA-9716542
TMPO,REAC:R-HSA-9716542
CPEB3,REAC:R-HSA-9716542
MIPOL1,REAC:R-HSA-9716542
PSD3,REAC:R-HSA-9716542
SCD,REAC:R-HSA-9716542
H2AZ2,REAC:R-HSA-9716542
CCNT2,REAC:R-HSA-9716542
KPNA6,REAC:R-HSA-9716542
UEVLD,REAC:R-HSA-9716542
NME7,REAC:R-HSA-9716542
TIAM2,REAC:R-HSA-9716542
HOXB8,REAC:R-HSA-9716542
PGM2L1,REAC:R-HSA-9716542
STK24,REAC:R-HSA-9716542
PDK3,REAC:R-HSA-9716542
TET2,REAC:R-HSA-9716542
HNMT,REAC:R-HSA-9716542
USP47,REAC:R-HSA-9716542
CALM1,REAC:R-HSA-9716542
CCSER1,REAC:R-HSA-9716542
ZBTB20,REAC:R-HSA-9716542
SHE,REAC:R-HSA-9716542
PCDHA6,REAC:R-HSA-9716542
TMEM178B,REAC:R-HSA-9716542
HIF3A,REAC:R-HSA-9716542
DDIAS,REAC:R-HSA-9716542
SFMBT2,REAC:R-HSA-9716542
HAUS8,REAC:R-HSA-9716542
BEND3,REAC:R-HSA-9716542
DDI2,REAC:R-HSA-9716542
EPG5,REAC:R-HSA-9716542
XKR4,REAC:R-HSA-9716542
ECE1,REAC:R-HSA-9716542
DLG2,REAC:R-HSA-9716542
NOL4,REAC:R-HSA-9716542
FBXO39,REAC:R-HSA-9716542
MACROD2,REAC:R-HSA-9716542
RRP12,REAC:R-HSA-9716542
EPN2,REAC:R-HSA-9716542
MYLK,REAC:R-HSA-9716542
PSME3,REAC:R-HSA-9716542
LYSMD3,REAC:R-HSA-9716542
CLCN3,REAC:R-HSA-9716542
PAK3,REAC:R-HSA-9716542
AP3M1,REAC:R-HSA-9716542
FRZB,REAC:R-HSA-9716542
PDF,REAC:R-HSA-9716542
FBXO45,REAC:R-HSA-9716542
EIF2B2,REAC:R-HSA-9716542
CNKSR3,REAC:R-HSA-9716542
ARFGEF3,REAC:R-HSA-9716542
PHF1,REAC:R-HSA-9716542
CCDC71L,REAC:R-HSA-9716542
PCP4L1,REAC:R-HSA-9716542
PSKH1,REAC:R-HSA-9716542
KIAA0232,REAC:R-HSA-9716542
ZFYVE16,REAC:R-HSA-9716542
PIK3R3,REAC:R-HSA-9716542
UBE2J1,REAC:R-HSA-9716542
NFATC2IP,REAC:R-HSA-9716542
PAX2,REAC:R-HSA-9716542
DNAJB12,REAC:R-HSA-9716542
CDC14A,REAC:R-HSA-9716542
POLR1C,REAC:R-HSA-9716542
GRAMD2A,REAC:R-HSA-9716542
FBXL13,REAC:R-HSA-9716542
KIAA1614,REAC:R-HSA-9716542
TNFSF13B,REAC:R-HSA-9716542
KCTD20,REAC:R-HSA-9716542
SERAC1,REAC:R-HSA-9716542
MAPKBP1,REAC:R-HSA-9716542
ZBTB33,REAC:R-HSA-9716542
RNF152,REAC:R-HSA-9716542
TRPM7,REAC:R-HSA-9716542
ATMIN,REAC:R-HSA-9716542
KCTD1,REAC:R-HSA-9716542
GRM4,REAC:R-HSA-9716542
PARP6,REAC:R-HSA-9716542
ZNF711,REAC:R-HSA-9716542
BEGAIN,REAC:R-HSA-9716542
CHPT1,REAC:R-HSA-9716542
MAPRE1,REAC:R-HSA-9716542
UCHL5,REAC:R-HSA-9716542
FGF1,REAC:R-HSA-9716542
RAPGEF5,REAC:R-HSA-9716542
PURA,REAC:R-HSA-9716542
SLC39A10,REAC:R-HSA-9716542
ABCB8,REAC:R-HSA-9716542
SZRD1,REAC:R-HSA-9716542
HNRNPA0,REAC:R-HSA-9716542
FRRS1L,REAC:R-HSA-9716542
ELL,REAC:R-HSA-9716542
CMPK1,REAC:R-HSA-9716542
TRAF3,REAC:R-HSA-9716542
PDK4,REAC:R-HSA-9716542
DAGLA,REAC:R-HSA-9716542
MCTP2,REAC:R-HSA-9716542
UBE3C,REAC:R-HSA-9716542
MCF2L,REAC:R-HSA-9716542
SSR1,REAC:R-HSA-9716542
EBF3,REAC:R-HSA-9716542
FBXL19,REAC:R-HSA-9716542
COL8A1,REAC:R-HSA-9716542
ADCY9,REAC:R-HSA-9716542
WTAP,REAC:R-HSA-9716542
SEPTIN6,REAC:R-HSA-9716542
KIAA0513,REAC:R-HSA-9716542
ICE1,REAC:R-HSA-9716542
CDK6,REAC:R-HSA-9716542
ADAT2,REAC:R-HSA-9716542
IGF2BP1,REAC:R-HSA-9716542
ZFYVE27,REAC:R-HSA-9716542
PPP4R2,REAC:R-HSA-9716542
PLPP6,REAC:R-HSA-9716542
LYSMD2,REAC:R-HSA-9716542
PI4K2B,REAC:R-HSA-9716542
DDX19B,REAC:R-HSA-9716542
PHF3,REAC:R-HSA-9716542
LRRC8C,REAC:R-HSA-9716542
LONRF2,REAC:R-HSA-9716542
MAD2L1,REAC:R-HSA-9716542
TGFBR3,REAC:R-HSA-9716542
GNAQ,REAC:R-HSA-9716542
SYNJ2BP,REAC:R-HSA-9716542
IVD,REAC:R-HSA-9716542
TSPYL2,REAC:R-HSA-9716542
FBXO44,REAC:R-HSA-9716542
SH3PXD2A,REAC:R-HSA-9716542
DLGAP2,REAC:R-HSA-9716542
WBP2,REAC:R-HSA-9716542
CCDC120,REAC:R-HSA-9716542
FZD4,REAC:R-HSA-5653656
RAB5B,REAC:R-HSA-5653656
ITSN1,REAC:R-HSA-5653656
YWHAG,REAC:R-HSA-5653656
DENND2B,REAC:R-HSA-5653656
GDI2,REAC:R-HSA-5653656
TPD52,REAC:R-HSA-5653656
COPS7B,REAC:R-HSA-5653656
DYNLL2,REAC:R-HSA-5653656
GJC1,REAC:R-HSA-5653656
TBC1D4,REAC:R-HSA-5653656
REPS2,REAC:R-HSA-5653656
YWHAQ,REAC:R-HSA-5653656
LDLRAP1,REAC:R-HSA-5653656
GOSR1,REAC:R-HSA-5653656
C9orf85,REAC:R-HSA-5653656
VKORC1L1,REAC:R-HSA-5653656
NPR3,REAC:R-HSA-5653656
VGLL4,REAC:R-HSA-5653656
COL4A1,REAC:R-HSA-5653656
TIMP2,REAC:R-HSA-5653656
ZZZ3,REAC:R-HSA-5653656
IPO9,REAC:R-HSA-5653656
RERE,REAC:R-HSA-5653656
GRK3,REAC:R-HSA-5653656
ANK2,REAC:R-HSA-5653656
CNR1,REAC:R-HSA-5653656
AMMECR1,REAC:R-HSA-5653656
LAMA4,REAC:R-HSA-5653656
RTN4,REAC:R-HSA-5653656
SBNO1,REAC:R-HSA-5653656
H2AZ2,REAC:R-HSA-5653656
LDOC1,REAC:R-HSA-5653656
PDXDC1,REAC:R-HSA-5653656
TASP1,REAC:R-HSA-5653656
NEDD4L,REAC:R-HSA-5653656
ALPK3,REAC:R-HSA-5653656
SOST,REAC:R-HSA-5653656
SLC30A9,REAC:R-HSA-5653656
PPIG,REAC:R-HSA-5653656
ZNF148,REAC:R-HSA-5653656
OTUD4,REAC:R-HSA-5653656
AKAP12,REAC:R-HSA-5653656
DOK7,REAC:R-HSA-5653656
HMGXB4,REAC:R-HSA-5653656
IPPK,REAC:R-HSA-5653656
BCL7C,REAC:R-HSA-5653656
GMCL1,REAC:R-HSA-5653656
CCSER1,REAC:R-HSA-5653656
TSN,REAC:R-HSA-5653656
FITM2,REAC:R-HSA-5653656
MACC1,REAC:R-HSA-5653656
ST6GALNAC3,REAC:R-HSA-5653656
NETO2,REAC:R-HSA-5653656
SHE,REAC:R-HSA-5653656
REST,REAC:R-HSA-5653656
UBE2N,REAC:R-HSA-5653656
PPP2CA,REAC:R-HSA-5653656
DR1,REAC:R-HSA-5653656
CACNA2D1,REAC:R-HSA-5653656
DDI2,REAC:R-HSA-5653656
DLG2,REAC:R-HSA-5653656
AMMECR1L,REAC:R-HSA-5653656
PCGF3,REAC:R-HSA-5653656
NFATC2,REAC:R-HSA-5653656
TANC2,REAC:R-HSA-5653656
UBXN2A,REAC:R-HSA-5653656
CYB561D1,REAC:R-HSA-5653656
TTPAL,REAC:R-HSA-5653656
PAK3,REAC:R-HSA-5653656
FSD1L,REAC:R-HSA-5653656
FRZB,REAC:R-HSA-5653656
ARHGAP26,REAC:R-HSA-5653656
CLINT1,REAC:R-HSA-5653656
TMEM151B,REAC:R-HSA-5653656
CAPN7,REAC:R-HSA-5653656
EIF2B2,REAC:R-HSA-5653656
ZDHHC21,REAC:R-HSA-5653656
MIGA1,REAC:R-HSA-5653656
WDR47,REAC:R-HSA-5653656
SLC6A9,REAC:R-HSA-5653656
ZNF507,REAC:R-HSA-5653656
AATK,REAC:R-HSA-5653656
BTG2,REAC:R-HSA-5653656
NAA20,REAC:R-HSA-5653656
PSKH1,REAC:R-HSA-5653656
DTX3L,REAC:R-HSA-5653656
UBE2J1,REAC:R-HSA-5653656
RNF24,REAC:R-HSA-5653656
ZFX,REAC:R-HSA-5653656
CYSLTR1,REAC:R-HSA-5653656
PTP4A1,REAC:R-HSA-5653656
NCKAP1,REAC:R-HSA-5653656
KIAA1614,REAC:R-HSA-5653656
RICTOR,REAC:R-HSA-5653656
KYAT3,REAC:R-HSA-5653656
KLF10,REAC:R-HSA-5653656
XK,REAC:R-HSA-5653656
HIF1AN,REAC:R-HSA-5653656
POLR2F,REAC:R-HSA-5653656
PAX5,REAC:R-HSA-5653656
PGK1,REAC:R-HSA-5653656
RBM3,REAC:R-HSA-5653656
TNFAIP8,REAC:R-HSA-5653656
GRM4,REAC:R-HSA-5653656
PARP6,REAC:R-HSA-5653656
CHPT1,REAC:R-HSA-5653656
AGAP1,REAC:R-HSA-5653656
PCDHA9,REAC:R-HSA-5653656
MYO6,REAC:R-HSA-5653656
NASP,REAC:R-HSA-5653656
FGF1,REAC:R-HSA-5653656
SUMO2,REAC:R-HSA-5653656
RAPGEF5,REAC:R-HSA-5653656
PXMP4,REAC:R-HSA-5653656
VPS4B,REAC:R-HSA-5653656
WASL,REAC:R-HSA-5653656
DYRK2,REAC:R-HSA-5653656
GNPNAT1,REAC:R-HSA-5653656
HMGN2,REAC:R-HSA-5653656
ZNF282,REAC:R-HSA-5653656
ZRANB2,REAC:R-HSA-5653656
SCEL,REAC:R-HSA-5653656
HNRNPA0,REAC:R-HSA-5653656
FRRS1L,REAC:R-HSA-5653656
CCDC28A,REAC:R-HSA-5653656
C5orf15,REAC:R-HSA-5653656
ZC3H8,REAC:R-HSA-5653656
MCTP2,REAC:R-HSA-5653656
UBE3C,REAC:R-HSA-5653656
SSR1,REAC:R-HSA-5653656
EXT2,REAC:R-HSA-5653656
MYO10,REAC:R-HSA-5653656
TNFSF11,REAC:R-HSA-5653656
FBXL19,REAC:R-HSA-5653656
TOB2,REAC:R-HSA-5653656
RAD54L2,REAC:R-HSA-5653656
MFN2,REAC:R-HSA-5653656
BTBD9,REAC:R-HSA-5653656
ATP1A2,REAC:R-HSA-5653656
MAP4K4,REAC:R-HSA-5653656
ANGEL1,REAC:R-HSA-5653656
TMED9,REAC:R-HSA-5653656
ICE1,REAC:R-HSA-5653656
RMND5B,REAC:R-HSA-5653656
CNP,REAC:R-HSA-5653656
FCHO2,REAC:R-HSA-5653656
SSH1,REAC:R-HSA-5653656
ATP8B2,REAC:R-HSA-5653656
TTC7B,REAC:R-HSA-5653656
TMEM30A,REAC:R-HSA-5653656
SEMA5A,REAC:R-HSA-5653656
KANK1,REAC:R-HSA-5653656
CXADR,REAC:R-HSA-5653656
KCNE4,REAC:R-HSA-5653656
DOCK3,REAC:R-HSA-5653656
LRRC1,REAC:R-HSA-194315
ITSN1,REAC:R-HSA-194315
RCC2,REAC:R-HSA-194315
PAK4,REAC:R-HSA-194315
YWHAG,REAC:R-HSA-194315
NCOA2,REAC:R-HSA-194315
CUL3,REAC:R-HSA-194315
DYNLL2,REAC:R-HSA-194315
H3-3B,REAC:R-HSA-194315
TPM3,REAC:R-HSA-194315
SOWAHC,REAC:R-HSA-194315
YWHAQ,REAC:R-HSA-194315
ABI2,REAC:R-HSA-194315
RBM18,REAC:R-HSA-194315
BAZ2A,REAC:R-HSA-194315
SSBP2,REAC:R-HSA-194315
NRIP3,REAC:R-HSA-194315
ABHD6,REAC:R-HSA-194315
LDLRAD3,REAC:R-HSA-194315
EIF4B,REAC:R-HSA-194315
TRUB1,REAC:R-HSA-194315
MLLT3,REAC:R-HSA-194315
ZFP3,REAC:R-HSA-194315
ACVR2A,REAC:R-HSA-194315
TFCP2L1,REAC:R-HSA-194315
RNF4,REAC:R-HSA-194315
TMPO,REAC:R-HSA-194315
CPEB3,REAC:R-HSA-194315
MIPOL1,REAC:R-HSA-194315
PSD3,REAC:R-HSA-194315
SCD,REAC:R-HSA-194315
H2AZ2,REAC:R-HSA-194315
CCNT2,REAC:R-HSA-194315
KPNA6,REAC:R-HSA-194315
UEVLD,REAC:R-HSA-194315
NME7,REAC:R-HSA-194315
TIAM2,REAC:R-HSA-194315
HOXB8,REAC:R-HSA-194315
PGM2L1,REAC:R-HSA-194315
STK24,REAC:R-HSA-194315
PDK3,REAC:R-HSA-194315
HNMT,REAC:R-HSA-194315
USP47,REAC:R-HSA-194315
CALM1,REAC:R-HSA-194315
CCSER1,REAC:R-HSA-194315
ZBTB20,REAC:R-HSA-194315
SHE,REAC:R-HSA-194315
PCDHA6,REAC:R-HSA-194315
TMEM178B,REAC:R-HSA-194315
HIF3A,REAC:R-HSA-194315
DDIAS,REAC:R-HSA-194315
SFMBT2,REAC:R-HSA-194315
HAUS8,REAC:R-HSA-194315
BEND3,REAC:R-HSA-194315
DDI2,REAC:R-HSA-194315
EPG5,REAC:R-HSA-194315
XKR4,REAC:R-HSA-194315
ECE1,REAC:R-HSA-194315
DLG2,REAC:R-HSA-194315
NOL4,REAC:R-HSA-194315
FBXO39,REAC:R-HSA-194315
MACROD2,REAC:R-HSA-194315
RRP12,REAC:R-HSA-194315
EPN2,REAC:R-HSA-194315
MYLK,REAC:R-HSA-194315
PSME3,REAC:R-HSA-194315
LYSMD3,REAC:R-HSA-194315
CLCN3,REAC:R-HSA-194315
PAK3,REAC:R-HSA-194315
AP3M1,REAC:R-HSA-194315
FRZB,REAC:R-HSA-194315
PDF,REAC:R-HSA-194315
FBXO45,REAC:R-HSA-194315
EIF2B2,REAC:R-HSA-194315
CNKSR3,REAC:R-HSA-194315
ARFGEF3,REAC:R-HSA-194315
PHF1,REAC:R-HSA-194315
CCDC71L,REAC:R-HSA-194315
PCP4L1,REAC:R-HSA-194315
PSKH1,REAC:R-HSA-194315
KIAA0232,REAC:R-HSA-194315
ZFYVE16,REAC:R-HSA-194315
PIK3R3,REAC:R-HSA-194315
NFATC2IP,REAC:R-HSA-194315
PAX2,REAC:R-HSA-194315
CDC14A,REAC:R-HSA-194315
POLR1C,REAC:R-HSA-194315
GRAMD2A,REAC:R-HSA-194315
FBXL13,REAC:R-HSA-194315
KIAA1614,REAC:R-HSA-194315
TNFSF13B,REAC:R-HSA-194315
KCTD20,REAC:R-HSA-194315
SERAC1,REAC:R-HSA-194315
MAPKBP1,REAC:R-HSA-194315
ZBTB33,REAC:R-HSA-194315
RNF152,REAC:R-HSA-194315
TRPM7,REAC:R-HSA-194315
ATMIN,REAC:R-HSA-194315
KCTD1,REAC:R-HSA-194315
GRM4,REAC:R-HSA-194315
ZNF711,REAC:R-HSA-194315
BEGAIN,REAC:R-HSA-194315
CHPT1,REAC:R-HSA-194315
MAPRE1,REAC:R-HSA-194315
UCHL5,REAC:R-HSA-194315
FGF1,REAC:R-HSA-194315
RAPGEF5,REAC:R-HSA-194315
PURA,REAC:R-HSA-194315
SLC39A10,REAC:R-HSA-194315
ABCB8,REAC:R-HSA-194315
SZRD1,REAC:R-HSA-194315
HNRNPA0,REAC:R-HSA-194315
FRRS1L,REAC:R-HSA-194315
ELL,REAC:R-HSA-194315
CMPK1,REAC:R-HSA-194315
TRAF3,REAC:R-HSA-194315
PDK4,REAC:R-HSA-194315
DAGLA,REAC:R-HSA-194315
MCTP2,REAC:R-HSA-194315
UBE3C,REAC:R-HSA-194315
MCF2L,REAC:R-HSA-194315
SSR1,REAC:R-HSA-194315
EBF3,REAC:R-HSA-194315
FBXL19,REAC:R-HSA-194315
ADCY9,REAC:R-HSA-194315
WTAP,REAC:R-HSA-194315
SEPTIN6,REAC:R-HSA-194315
KIAA0513,REAC:R-HSA-194315
ICE1,REAC:R-HSA-194315
CDK6,REAC:R-HSA-194315
ADAT2,REAC:R-HSA-194315
IGF2BP1,REAC:R-HSA-194315
ZFYVE27,REAC:R-HSA-194315
PPP4R2,REAC:R-HSA-194315
PLPP6,REAC:R-HSA-194315
LYSMD2,REAC:R-HSA-194315
PI4K2B,REAC:R-HSA-194315
DDX19B,REAC:R-HSA-194315
PHF3,REAC:R-HSA-194315
LRRC8C,REAC:R-HSA-194315
LONRF2,REAC:R-HSA-194315
MAD2L1,REAC:R-HSA-194315
TGFBR3,REAC:R-HSA-194315
GNAQ,REAC:R-HSA-194315
SYNJ2BP,REAC:R-HSA-194315
TSPYL2,REAC:R-HSA-194315
FBXO44,REAC:R-HSA-194315
SH3PXD2A,REAC:R-HSA-194315
DLGAP2,REAC:R-HSA-194315
WBP2,REAC:R-HSA-194315
CCDC120,REAC:R-HSA-194315
TP53,REAC:R-HSA-1257604
MTA3,REAC:R-HSA-1257604
AGO1,REAC:R-HSA-1257604
SOCS6,REAC:R-HSA-1257604
RBM18,REAC:R-HSA-1257604
SSBP2,REAC:R-HSA-1257604
NR6A1,REAC:R-HSA-1257604
LDLRAD3,REAC:R-HSA-1257604
ZBTB6,REAC:R-HSA-1257604
TFCP2L1,REAC:R-HSA-1257604
RLIM,REAC:R-HSA-1257604
PDXDC1,REAC:R-HSA-1257604
RYBP,REAC:R-HSA-1257604
GOLGA3,REAC:R-HSA-1257604
TOM1L2,REAC:R-HSA-1257604
UEVLD,REAC:R-HSA-1257604
SLC4A8,REAC:R-HSA-1257604
NUP43,REAC:R-HSA-1257604
TBP,REAC:R-HSA-1257604
FNBP4,REAC:R-HSA-1257604
VAPA,REAC:R-HSA-1257604
HMGCS1,REAC:R-HSA-1257604
MKRN1,REAC:R-HSA-1257604
MECP2,REAC:R-HSA-1257604
DDIAS,REAC:R-HSA-1257604
NCKAP5,REAC:R-HSA-1257604
PAK5,REAC:R-HSA-1257604
RAB3C,REAC:R-HSA-1257604
NXT2,REAC:R-HSA-1257604
SIM1,REAC:R-HSA-1257604
ZBTB10,REAC:R-HSA-1257604
SLC30A1,REAC:R-HSA-1257604
RGS17,REAC:R-HSA-1257604
ZNF507,REAC:R-HSA-1257604
VMP1,REAC:R-HSA-1257604
KIAA0232,REAC:R-HSA-1257604
UNC13B,REAC:R-HSA-1257604
PRDM16,REAC:R-HSA-1257604
PLEKHA7,REAC:R-HSA-1257604
KSR1,REAC:R-HSA-1257604
ZBTB12,REAC:R-HSA-1257604
PDE3B,REAC:R-HSA-1257604
TRPM6,REAC:R-HSA-1257604
ZC3H6,REAC:R-HSA-1257604
KDM5A,REAC:R-HSA-1257604
DCTN5,REAC:R-HSA-1257604
CPD,REAC:R-HSA-1257604
VXN,REAC:R-HSA-1257604
DENND6A,REAC:R-HSA-1257604
CDH3,REAC:R-HSA-1257604
RASAL2,REAC:R-HSA-1257604
PTAR1,REAC:R-HSA-1257604
IRS1,REAC:R-HSA-1257604
MRS2,REAC:R-HSA-1257604
FNIP2,REAC:R-HSA-1257604
PTPN9,REAC:R-HSA-1257604
PAWR,REAC:R-HSA-1257604
CACNA1E,REAC:R-HSA-1257604
NHS,REAC:R-HSA-1257604
IDE,REAC:R-HSA-1257604
LRATD1,REAC:R-HSA-1257604
EBF3,REAC:R-HSA-1257604
MINDY1,REAC:R-HSA-1257604
SUSD6,REAC:R-HSA-1257604
RER1,REAC:R-HSA-1257604
GGCT,REAC:R-HSA-1257604
STX5,REAC:R-HSA-1257604
KCND1,REAC:R-HSA-1257604
NRP1,REAC:R-HSA-9006934
HNRNPA1,REAC:R-HSA-9006934
CHEK1,REAC:R-HSA-9006934
HNRNPF,REAC:R-HSA-9006934
IGF1R,REAC:R-HSA-9006934
ABI2,REAC:R-HSA-9006934
TLN2,REAC:R-HSA-9006934
RBM18,REAC:R-HSA-9006934
HAS2,REAC:R-HSA-9006934
SSBP2,REAC:R-HSA-9006934
LDLRAD3,REAC:R-HSA-9006934
ZBTB6,REAC:R-HSA-9006934
TVP23B,REAC:R-HSA-9006934
NPR3,REAC:R-HSA-9006934
ZXDA,REAC:R-HSA-9006934
SLC2A1,REAC:R-HSA-9006934
G3BP1,REAC:R-HSA-9006934
CDC6,REAC:R-HSA-9006934
AMMECR1,REAC:R-HSA-9006934
CARMIL1,REAC:R-HSA-9006934
TMEM107,REAC:R-HSA-9006934
PDXDC1,REAC:R-HSA-9006934
ALPK3,REAC:R-HSA-9006934
WAPL,REAC:R-HSA-9006934
TOM1L2,REAC:R-HSA-9006934
UEVLD,REAC:R-HSA-9006934
POLH,REAC:R-HSA-9006934
FBXO28,REAC:R-HSA-9006934
MASTL,REAC:R-HSA-9006934
ANK3,REAC:R-HSA-9006934
PHIP,REAC:R-HSA-9006934
CALM1,REAC:R-HSA-9006934
TBP,REAC:R-HSA-9006934
ANGPTL2,REAC:R-HSA-9006934
GRAMD1B,REAC:R-HSA-9006934
CCSER1,REAC:R-HSA-9006934
CDC25A,REAC:R-HSA-9006934
PLCL2,REAC:R-HSA-9006934
HMGCS1,REAC:R-HSA-9006934
MKRN1,REAC:R-HSA-9006934
HIF3A,REAC:R-HSA-9006934
DDIAS,REAC:R-HSA-9006934
DDI2,REAC:R-HSA-9006934
SMAD5,REAC:R-HSA-9006934
FDXR,REAC:R-HSA-9006934
AMMECR1L,REAC:R-HSA-9006934
IPMK,REAC:R-HSA-9006934
VIPAS39,REAC:R-HSA-9006934
RAB3C,REAC:R-HSA-9006934
VPS18,REAC:R-HSA-9006934
SIM1,REAC:R-HSA-9006934
ZBTB10,REAC:R-HSA-9006934
CLCN3,REAC:R-HSA-9006934
MTSS2,REAC:R-HSA-9006934
PIP5KL1,REAC:R-HSA-9006934
TBCEL,REAC:R-HSA-9006934
DUSP8,REAC:R-HSA-9006934
LRP2,REAC:R-HSA-9006934
PPIL6,REAC:R-HSA-9006934
ZNF507,REAC:R-HSA-9006934
CCDC71L,REAC:R-HSA-9006934
BACH2,REAC:R-HSA-9006934
KIAA0232,REAC:R-HSA-9006934
ZNF48,REAC:R-HSA-9006934
NFATC2IP,REAC:R-HSA-9006934
EFCAB14,REAC:R-HSA-9006934
RANBP10,REAC:R-HSA-9006934
POLR1C,REAC:R-HSA-9006934
KIAA1614,REAC:R-HSA-9006934
KCND3,REAC:R-HSA-9006934
STK40,REAC:R-HSA-9006934
ACTB,REAC:R-HSA-9006934
ZBTB12,REAC:R-HSA-9006934
USP12,REAC:R-HSA-9006934
NUDT3,REAC:R-HSA-9006934
RICTOR,REAC:R-HSA-9006934
ZC3H6,REAC:R-HSA-9006934
KLF10,REAC:R-HSA-9006934
THAP11,REAC:R-HSA-9006934
KIAA1755,REAC:R-HSA-9006934
KCTD1,REAC:R-HSA-9006934
VXN,REAC:R-HSA-9006934
PIP4P1,REAC:R-HSA-9006934
DENND6A,REAC:R-HSA-9006934
NASP,REAC:R-HSA-9006934
TOR1AIP2,REAC:R-HSA-9006934
PURA,REAC:R-HSA-9006934
PTAR1,REAC:R-HSA-9006934
ARHGEF17,REAC:R-HSA-9006934
SZRD1,REAC:R-HSA-9006934
FAR1,REAC:R-HSA-9006934
ZFHX4,REAC:R-HSA-9006934
RAP1B,REAC:R-HSA-9006934
PAWR,REAC:R-HSA-9006934
TP53INP2,REAC:R-HSA-9006934
CACNA1E,REAC:R-HSA-9006934
DOT1L,REAC:R-HSA-9006934
EBF3,REAC:R-HSA-9006934
ANKH,REAC:R-HSA-9006934
MINDY1,REAC:R-HSA-9006934
FBXO33,REAC:R-HSA-9006934
RBAK,REAC:R-HSA-9006934
BTBD9,REAC:R-HSA-9006934
ANGEL1,REAC:R-HSA-9006934
RER1,REAC:R-HSA-9006934
BMI1,REAC:R-HSA-9006934
FGF14,REAC:R-HSA-9006934
BTG1,REAC:R-HSA-9006934
MAD2L1,REAC:R-HSA-9006934
THRB,REAC:R-HSA-9006934
TMEM38A,REAC:R-HSA-9006934
SESTD1,REAC:R-HSA-9006934
GNAQ,REAC:R-HSA-9006934
CALU,REAC:R-HSA-9006934
WNT7B,REAC:R-HSA-9006934
WBP2,REAC:R-HSA-9006934
TRIQK,REAC:R-HSA-9006934
KAT7,REAC:R-HSA-4839726
PADI2,REAC:R-HSA-4839726
NCOA2,REAC:R-HSA-4839726
SMARCA4,REAC:R-HSA-4839726
PRMT7,REAC:R-HSA-4839726
SMARCD1,REAC:R-HSA-4839726
MTA3,REAC:R-HSA-4839726
ARID4B,REAC:R-HSA-4839726
MSL2,REAC:R-HSA-4839726
HAT1,REAC:R-HSA-4839726
SMARCC1,REAC:R-HSA-4839726
SCN2A,REAC:R-HSA-4839726
NR6A1,REAC:R-HSA-4839726
NMNAT2,REAC:R-HSA-4839726
RAB10,REAC:R-HSA-4839726
EXPH5,REAC:R-HSA-4839726
SCD,REAC:R-HSA-4839726
MSMO1,REAC:R-HSA-4839726
JAZF1,REAC:R-HSA-4839726
NEK7,REAC:R-HSA-4839726
TBP,REAC:R-HSA-4839726
CHMP7,REAC:R-HSA-4839726
ETNK2,REAC:R-HSA-4839726
LRRC32,REAC:R-HSA-4839726
ZNF395,REAC:R-HSA-4839726
YOD1,REAC:R-HSA-4839726
HMGCS1,REAC:R-HSA-4839726
SRPK1,REAC:R-HSA-4839726
SLC25A15,REAC:R-HSA-4839726
ZNRF3,REAC:R-HSA-4839726
SFXN5,REAC:R-HSA-4839726
EMP2,REAC:R-HSA-4839726
CDK17,REAC:R-HSA-4839726
VPS13A,REAC:R-HSA-4839726
SOS2,REAC:R-HSA-4839726
SLC25A22,REAC:R-HSA-4839726
PTPN1,REAC:R-HSA-4839726
STOX2,REAC:R-HSA-4839726
FUBP1,REAC:R-HSA-4839726
NUDCD3,REAC:R-HSA-4839726
CELF1,REAC:R-HSA-4839726
ADAM10,REAC:R-HSA-4839726
SPOCK1,REAC:R-HSA-4839726
BBC3,REAC:R-HSA-4839726
COQ10B,REAC:R-HSA-4839726
TNRC6B,REAC:R-HSA-4839726
CHRM3,REAC:R-HSA-4839726
KSR1,REAC:R-HSA-4839726
KIAA1614,REAC:R-HSA-4839726
BMPR1A,REAC:R-HSA-4839726
PDE3B,REAC:R-HSA-4839726
KCNC3,REAC:R-HSA-4839726
PRLR,REAC:R-HSA-4839726
RRAGA,REAC:R-HSA-4839726
USP9X,REAC:R-HSA-4839726
TIMELESS,REAC:R-HSA-4839726
SNCG,REAC:R-HSA-4839726
TMEM234,REAC:R-HSA-4839726
CCPG1,REAC:R-HSA-4839726
SREK1IP1,REAC:R-HSA-4839726
ANKH,REAC:R-HSA-4839726
RAB18,REAC:R-HSA-4839726
CASP10,REAC:R-HSA-4839726
HSF2,REAC:R-HSA-4839726
PLEKHA6,REAC:R-HSA-4839726
COG5,REAC:R-HSA-4839726
RBFOX2,REAC:R-HSA-4839726
UVRAG,REAC:R-HSA-4839726
CANX,REAC:R-HSA-4839726
TOB1,REAC:R-HSA-4839726
KAT7,REAC:R-HSA-3247509
PADI2,REAC:R-HSA-3247509
NCOA2,REAC:R-HSA-3247509
SMARCA4,REAC:R-HSA-3247509
PRMT7,REAC:R-HSA-3247509
SMARCD1,REAC:R-HSA-3247509
MTA3,REAC:R-HSA-3247509
ARID4B,REAC:R-HSA-3247509
MSL2,REAC:R-HSA-3247509
HAT1,REAC:R-HSA-3247509
SMARCC1,REAC:R-HSA-3247509
SCN2A,REAC:R-HSA-3247509
NR6A1,REAC:R-HSA-3247509
NMNAT2,REAC:R-HSA-3247509
RAB10,REAC:R-HSA-3247509
EXPH5,REAC:R-HSA-3247509
SCD,REAC:R-HSA-3247509
MSMO1,REAC:R-HSA-3247509
JAZF1,REAC:R-HSA-3247509
NEK7,REAC:R-HSA-3247509
TBP,REAC:R-HSA-3247509
CHMP7,REAC:R-HSA-3247509
ETNK2,REAC:R-HSA-3247509
LRRC32,REAC:R-HSA-3247509
ZNF395,REAC:R-HSA-3247509
YOD1,REAC:R-HSA-3247509
HMGCS1,REAC:R-HSA-3247509
SRPK1,REAC:R-HSA-3247509
SLC25A15,REAC:R-HSA-3247509
ZNRF3,REAC:R-HSA-3247509
SFXN5,REAC:R-HSA-3247509
EMP2,REAC:R-HSA-3247509
CDK17,REAC:R-HSA-3247509
VPS13A,REAC:R-HSA-3247509
SOS2,REAC:R-HSA-3247509
SLC25A22,REAC:R-HSA-3247509
PTPN1,REAC:R-HSA-3247509
STOX2,REAC:R-HSA-3247509
FUBP1,REAC:R-HSA-3247509
NUDCD3,REAC:R-HSA-3247509
CELF1,REAC:R-HSA-3247509
ADAM10,REAC:R-HSA-3247509
SPOCK1,REAC:R-HSA-3247509
BBC3,REAC:R-HSA-3247509
COQ10B,REAC:R-HSA-3247509
TNRC6B,REAC:R-HSA-3247509
CHRM3,REAC:R-HSA-3247509
KSR1,REAC:R-HSA-3247509
KIAA1614,REAC:R-HSA-3247509
BMPR1A,REAC:R-HSA-3247509
PDE3B,REAC:R-HSA-3247509
KCNC3,REAC:R-HSA-3247509
PRLR,REAC:R-HSA-3247509
RRAGA,REAC:R-HSA-3247509
USP9X,REAC:R-HSA-3247509
TIMELESS,REAC:R-HSA-3247509
SNCG,REAC:R-HSA-3247509
TMEM234,REAC:R-HSA-3247509
CCPG1,REAC:R-HSA-3247509
SREK1IP1,REAC:R-HSA-3247509
ANKH,REAC:R-HSA-3247509
RAB18,REAC:R-HSA-3247509
CASP10,REAC:R-HSA-3247509
HSF2,REAC:R-HSA-3247509
PLEKHA6,REAC:R-HSA-3247509
COG5,REAC:R-HSA-3247509
RBFOX2,REAC:R-HSA-3247509
UVRAG,REAC:R-HSA-3247509
CANX,REAC:R-HSA-3247509
TOB1,REAC:R-HSA-3247509
AGO1,REAC:R-HSA-9839373
PGRMC2,REAC:R-HSA-9839373
HAS2,REAC:R-HSA-9839373
ZXDA,REAC:R-HSA-9839373
TRIM3,REAC:R-HSA-9839373
SMAD2,REAC:R-HSA-9839373
INO80D,REAC:R-HSA-9839373
BAK1,REAC:R-HSA-9839373
EIF1AX,REAC:R-HSA-9839373
SIM1,REAC:R-HSA-9839373
SLC30A1,REAC:R-HSA-9839373
UNC13B,REAC:R-HSA-9839373
ZNF48,REAC:R-HSA-9839373
PRDM16,REAC:R-HSA-9839373
USP12,REAC:R-HSA-9839373
MRS2,REAC:R-HSA-9839373
SCAMP5,REAC:R-HSA-9839373
TMED9,REAC:R-HSA-9839373
NUP133,REAC:R-HSA-9839373
BTG1,REAC:R-HSA-9839373
RPA1,REAC:R-HSA-74160
ZNF740,REAC:R-HSA-74160
PLXNA4,REAC:R-HSA-74160
TP53,REAC:R-HSA-74160
YWHAG,REAC:R-HSA-74160
XPO5,REAC:R-HSA-74160
MDM4,REAC:R-HSA-74160
SMARCA4,REAC:R-HSA-74160
CHEK1,REAC:R-HSA-74160
TET3,REAC:R-HSA-74160
RUNX1,REAC:R-HSA-74160
SKP1,REAC:R-HSA-74160
SMARCD1,REAC:R-HSA-74160
TTC5,REAC:R-HSA-74160
MTA3,REAC:R-HSA-74160
ARID4B,REAC:R-HSA-74160
NFYA,REAC:R-HSA-74160
ZNF710,REAC:R-HSA-74160
UBE2I,REAC:R-HSA-74160
ANAPC15,REAC:R-HSA-74160
TGIF1,REAC:R-HSA-74160
MYBL1,REAC:R-HSA-74160
OCLN,REAC:R-HSA-74160
AGO1,REAC:R-HSA-74160
H3-3B,REAC:R-HSA-74160
SMARCC1,REAC:R-HSA-74160
POU2F1,REAC:R-HSA-74160
MAX,REAC:R-HSA-74160
KCTD15,REAC:R-HSA-74160
E2F5,REAC:R-HSA-74160
CBX5,REAC:R-HSA-74160
YWHAQ,REAC:R-HSA-74160
SRSF3,REAC:R-HSA-74160
SOCS6,REAC:R-HSA-74160
LAMTOR3,REAC:R-HSA-74160
IKZF3,REAC:R-HSA-74160
FUT9,REAC:R-HSA-74160
DEUP1,REAC:R-HSA-74160
ACP6,REAC:R-HSA-74160
GPR157,REAC:R-HSA-74160
PGRMC2,REAC:R-HSA-74160
SSBP2,REAC:R-HSA-74160
NR6A1,REAC:R-HSA-74160
TPM4,REAC:R-HSA-74160
LDLRAD3,REAC:R-HSA-74160
NEURL1B,REAC:R-HSA-74160
PHF6,REAC:R-HSA-74160
ZXDA,REAC:R-HSA-74160
SCOC,REAC:R-HSA-74160
RNF144B,REAC:R-HSA-74160
FOXP1,REAC:R-HSA-74160
RALGPS1,REAC:R-HSA-74160
NMNAT2,REAC:R-HSA-74160
SAMD8,REAC:R-HSA-74160
HDAC9,REAC:R-HSA-74160
RAB10,REAC:R-HSA-74160
CDCA3,REAC:R-HSA-74160
PPP1R16B,REAC:R-HSA-74160
TFCP2L1,REAC:R-HSA-74160
PPP2R5C,REAC:R-HSA-74160
USP28,REAC:R-HSA-74160
WDR82,REAC:R-HSA-74160
RABEP1,REAC:R-HSA-74160
RLIM,REAC:R-HSA-74160
SCD,REAC:R-HSA-74160
CSNK1G1,REAC:R-HSA-74160
PDCD4,REAC:R-HSA-74160
MSMO1,REAC:R-HSA-74160
TSPYL5,REAC:R-HSA-74160
HBEGF,REAC:R-HSA-74160
SCN2B,REAC:R-HSA-74160
TOM1L2,REAC:R-HSA-74160
TIMP3,REAC:R-HSA-74160
ATE1,REAC:R-HSA-74160
NAA15,REAC:R-HSA-74160
ELMO1,REAC:R-HSA-74160
TFAP2B,REAC:R-HSA-74160
C1orf21,REAC:R-HSA-74160
POLR3H,REAC:R-HSA-74160
JADE2,REAC:R-HSA-74160
CDC40,REAC:R-HSA-74160
PGM2L1,REAC:R-HSA-74160
NUP43,REAC:R-HSA-74160
RAB11FIP1,REAC:R-HSA-74160
PPM1H,REAC:R-HSA-74160
MASTL,REAC:R-HSA-74160
BEST1,REAC:R-HSA-74160
ABI1,REAC:R-HSA-74160
TBP,REAC:R-HSA-74160
FNBP4,REAC:R-HSA-74160
ETNK2,REAC:R-HSA-74160
ESR2,REAC:R-HSA-74160
ANK1,REAC:R-HSA-74160
GRAMD1B,REAC:R-HSA-74160
TSN,REAC:R-HSA-74160
DICER1,REAC:R-HSA-74160
TNFRSF19,REAC:R-HSA-74160
ODF2L,REAC:R-HSA-74160
MYO18A,REAC:R-HSA-74160
KCNJ15,REAC:R-HSA-74160
TRIM5,REAC:R-HSA-74160
TSPAN5,REAC:R-HSA-74160
TMEM87B,REAC:R-HSA-74160
ATAD2,REAC:R-HSA-74160
YOD1,REAC:R-HSA-74160
HMGCS1,REAC:R-HSA-74160
PON2,REAC:R-HSA-74160
MKRN1,REAC:R-HSA-74160
SRPK1,REAC:R-HSA-74160
SLC25A15,REAC:R-HSA-74160
DDIAS,REAC:R-HSA-74160
ZNRF3,REAC:R-HSA-74160
SFXN5,REAC:R-HSA-74160
DR1,REAC:R-HSA-74160
GNAI3,REAC:R-HSA-74160
EMP2,REAC:R-HSA-74160
HDX,REAC:R-HSA-74160
INSIG2,REAC:R-HSA-74160
NCKAP5,REAC:R-HSA-74160
GMEB1,REAC:R-HSA-74160
LTN1,REAC:R-HSA-74160
NSG1,REAC:R-HSA-74160
NCMAP,REAC:R-HSA-74160
CDK17,REAC:R-HSA-74160
SOS2,REAC:R-HSA-74160
DLG2,REAC:R-HSA-74160
HPS5,REAC:R-HSA-74160
AEBP2,REAC:R-HSA-74160
FDXR,REAC:R-HSA-74160
SLC25A22,REAC:R-HSA-74160
POFUT1,REAC:R-HSA-74160
YWHAZ,REAC:R-HSA-74160
SEPTIN8,REAC:R-HSA-74160
KCNK6,REAC:R-HSA-74160
NSD3,REAC:R-HSA-74160
NXT2,REAC:R-HSA-74160
ATXN7L3,REAC:R-HSA-74160
SYTL4,REAC:R-HSA-74160
BICD1,REAC:R-HSA-74160
HHIP,REAC:R-HSA-74160
MON2,REAC:R-HSA-74160
RAPH1,REAC:R-HSA-74160
GAB1,REAC:R-HSA-74160
SLC30A1,REAC:R-HSA-74160
SATB2,REAC:R-HSA-74160
RNF165,REAC:R-HSA-74160
TNIK,REAC:R-HSA-74160
TMED4,REAC:R-HSA-74160
EFS,REAC:R-HSA-74160
ESRP2,REAC:R-HSA-74160
CELF1,REAC:R-HSA-74160
RGS17,REAC:R-HSA-74160
MARVELD2,REAC:R-HSA-74160
PHC3,REAC:R-HSA-74160
GNA11,REAC:R-HSA-74160
DUSP8,REAC:R-HSA-74160
RIOK3,REAC:R-HSA-74160
MYO1D,REAC:R-HSA-74160
CDYL,REAC:R-HSA-74160
SPOCK1,REAC:R-HSA-74160
MAPK6,REAC:R-HSA-74160
CISH,REAC:R-HSA-74160
EGR3,REAC:R-HSA-74160
B3GALT5,REAC:R-HSA-74160
BBC3,REAC:R-HSA-74160
SEC31B,REAC:R-HSA-74160
ZNF507,REAC:R-HSA-74160
TMC7,REAC:R-HSA-74160
VMP1,REAC:R-HSA-74160
OSBP2,REAC:R-HSA-74160
CLOCK,REAC:R-HSA-74160
STX7,REAC:R-HSA-74160
UNC13B,REAC:R-HSA-74160
SORCS1,REAC:R-HSA-74160
ARHGEF26,REAC:R-HSA-74160
PRDM16,REAC:R-HSA-74160
PLEKHA7,REAC:R-HSA-74160
VHL,REAC:R-HSA-74160
FREM2,REAC:R-HSA-74160
FIGN,REAC:R-HSA-74160
KSR1,REAC:R-HSA-74160
TMEM260,REAC:R-HSA-74160
KIAA1614,REAC:R-HSA-74160
ZSCAN25,REAC:R-HSA-74160
ZBTB12,REAC:R-HSA-74160
PDE3B,REAC:R-HSA-74160
TRPM6,REAC:R-HSA-74160
THAP11,REAC:R-HSA-74160
RAB4A,REAC:R-HSA-74160
OLR1,REAC:R-HSA-74160
ARIH2,REAC:R-HSA-74160
FBXW4,REAC:R-HSA-74160
CBX3,REAC:R-HSA-74160
KCTD1,REAC:R-HSA-74160
LMNB1,REAC:R-HSA-74160
DCTN5,REAC:R-HSA-74160
PDE4D,REAC:R-HSA-74160
PRLR,REAC:R-HSA-74160
PID1,REAC:R-HSA-74160
KLF7,REAC:R-HSA-74160
CPD,REAC:R-HSA-74160
RNF217,REAC:R-HSA-74160
BEGAIN,REAC:R-HSA-74160
USP9X,REAC:R-HSA-74160
KLHL15,REAC:R-HSA-74160
VXN,REAC:R-HSA-74160
PDZD4,REAC:R-HSA-74160
CENPO,REAC:R-HSA-74160
SEL1L3,REAC:R-HSA-74160
CDH3,REAC:R-HSA-74160
KCNJ11,REAC:R-HSA-74160
G6PC3,REAC:R-HSA-74160
ERGIC2,REAC:R-HSA-74160
TIMM17A,REAC:R-HSA-74160
TIMM50,REAC:R-HSA-74160
IRS1,REAC:R-HSA-74160
CNN1,REAC:R-HSA-74160
SLF2,REAC:R-HSA-74160
MAGOHB,REAC:R-HSA-74160
MRS2,REAC:R-HSA-74160
DDX6,REAC:R-HSA-74160
EML1,REAC:R-HSA-74160
C6orf89,REAC:R-HSA-74160
CHRM5,REAC:R-HSA-74160
RC3H1,REAC:R-HSA-74160
CTNND1,REAC:R-HSA-74160
POLR3G,REAC:R-HSA-74160
SNAI1,REAC:R-HSA-74160
BMPER,REAC:R-HSA-74160
PTPN9,REAC:R-HSA-74160
TMEM234,REAC:R-HSA-74160
ELOVL5,REAC:R-HSA-74160
PRPF4B,REAC:R-HSA-74160
NHS,REAC:R-HSA-74160
ADCY5,REAC:R-HSA-74160
NRXN1,REAC:R-HSA-74160
RGS7,REAC:R-HSA-74160
EBF3,REAC:R-HSA-74160
LCMT2,REAC:R-HSA-74160
ANKH,REAC:R-HSA-74160
CMPK2,REAC:R-HSA-74160
KIF3C,REAC:R-HSA-74160
NFIX,REAC:R-HSA-74160
TMOD2,REAC:R-HSA-74160
ELAPOR1,REAC:R-HSA-74160
SOCS4,REAC:R-HSA-74160
SLC25A27,REAC:R-HSA-74160
RAB18,REAC:R-HSA-74160
SUSD6,REAC:R-HSA-74160
RASA1,REAC:R-HSA-74160
NDST1,REAC:R-HSA-74160
GGA3,REAC:R-HSA-74160
GSTO2,REAC:R-HSA-74160
ZNF217,REAC:R-HSA-74160
HIPK2,REAC:R-HSA-74160
EPN1,REAC:R-HSA-74160
ELN,REAC:R-HSA-74160
ZSCAN12,REAC:R-HSA-74160
RARB,REAC:R-HSA-74160
CASP10,REAC:R-HSA-74160
PPP3R1,REAC:R-HSA-74160
STX5,REAC:R-HSA-74160
TNKS,REAC:R-HSA-74160
ZFYVE26,REAC:R-HSA-74160
COG5,REAC:R-HSA-74160
MAF,REAC:R-HSA-74160
PPARGC1B,REAC:R-HSA-74160
PLPP6,REAC:R-HSA-74160
TMTC3,REAC:R-HSA-74160
CCND1,REAC:R-HSA-74160
STYX,REAC:R-HSA-74160
NUP133,REAC:R-HSA-74160
RANBP3,REAC:R-HSA-74160
HCAR3,REAC:R-HSA-74160
MVB12B,REAC:R-HSA-74160
LRRC8C,REAC:R-HSA-74160
TNFSF10,REAC:R-HSA-74160
RNF141,REAC:R-HSA-74160
STT3A,REAC:R-HSA-74160
KDR,REAC:R-HSA-74160
WNT7B,REAC:R-HSA-74160
KCND1,REAC:R-HSA-74160
RBFOX2,REAC:R-HSA-74160
RASGEF1A,REAC:R-HSA-74160
NSUN4,REAC:R-HSA-74160
TRAK1,REAC:R-HSA-74160
UBXN7,REAC:R-HSA-74160
LETM1,REAC:R-HSA-74160
SLC26A9,REAC:R-HSA-74160
SYT12,REAC:R-HSA-6794361
N4BP3,REAC:R-HSA-6794361
SPTLC1,REAC:R-HSA-6794361
LHX4,REAC:R-HSA-6794361
TENT5C,REAC:R-HSA-6794361
KIF5C,REAC:R-HSA-6794361
POU5F1B,REAC:R-HSA-6794361
ARAP2,REAC:R-HSA-6794361
DUSP8,REAC:R-HSA-6794361
TOGARAM1,REAC:R-HSA-6794361
KCNJ12,REAC:R-HSA-6794361
NCKAP1,REAC:R-HSA-6794361
HIF1AN,REAC:R-HSA-6794361
KHNYN,REAC:R-HSA-6794361
NFIC,REAC:R-HSA-6794361
TIMM17A,REAC:R-HSA-6794361
MTMR1,REAC:R-HSA-6794361
ZC3H8,REAC:R-HSA-6794361
VAMP3,REAC:R-HSA-6794361
FOXJ2,REAC:R-HSA-6794361
ZRANB3,REAC:R-HSA-6794361
MAP3K4,REAC:R-HSA-6794361
ASB6,REAC:R-HSA-983168
CUL3,REAC:R-HSA-983168
TRIM32,REAC:R-HSA-983168
SKP1,REAC:R-HSA-983168
FBXO21,REAC:R-HSA-983168
DEUP1,REAC:R-HSA-983168
METTL1,REAC:R-HSA-983168
ORC4,REAC:R-HSA-983168
OTUD7A,REAC:R-HSA-983168
ALKBH5,REAC:R-HSA-983168
TRMT13,REAC:R-HSA-983168
CDH20,REAC:R-HSA-983168
RPA2,REAC:R-HSA-983168
SCN2B,REAC:R-HSA-983168
KPNA6,REAC:R-HSA-983168
USP37,REAC:R-HSA-983168
ANKFY1,REAC:R-HSA-983168
CISD2,REAC:R-HSA-983168
ZMYM2,REAC:R-HSA-983168
RRAGD,REAC:R-HSA-983168
DCUN1D3,REAC:R-HSA-983168
DCAF10,REAC:R-HSA-983168
VAPA,REAC:R-HSA-983168
E2F3,REAC:R-HSA-983168
PPP6R3,REAC:R-HSA-983168
ATOH8,REAC:R-HSA-983168
AKAP10,REAC:R-HSA-983168
FOXL1,REAC:R-HSA-983168
FMR1,REAC:R-HSA-983168
C18orf25,REAC:R-HSA-983168
DCAF11,REAC:R-HSA-983168
RAB3C,REAC:R-HSA-983168
NXT2,REAC:R-HSA-983168
RAN,REAC:R-HSA-983168
RAPH1,REAC:R-HSA-983168
USP44,REAC:R-HSA-983168
VMP1,REAC:R-HSA-983168
ACVR2B,REAC:R-HSA-983168
KIF3B,REAC:R-HSA-983168
ARL10,REAC:R-HSA-983168
DNAJB12,REAC:R-HSA-983168
TPRG1L,REAC:R-HSA-983168
GSK3B,REAC:R-HSA-983168
NUCKS1,REAC:R-HSA-983168
CACNB3,REAC:R-HSA-983168
PTGER3,REAC:R-HSA-983168
TOX3,REAC:R-HSA-983168
SCN5A,REAC:R-HSA-983168
UXS1,REAC:R-HSA-983168
DCTN5,REAC:R-HSA-983168
MPLKIP,REAC:R-HSA-983168
SMOC2,REAC:R-HSA-983168
GTPBP8,REAC:R-HSA-983168
PCDH11X,REAC:R-HSA-983168
PCDHA10,REAC:R-HSA-983168
IRS1,REAC:R-HSA-983168
WDR20,REAC:R-HSA-983168
RIMS3,REAC:R-HSA-983168
PTPN9,REAC:R-HSA-983168
ANKS1A,REAC:R-HSA-983168
SUSD6,REAC:R-HSA-983168
SETD9,REAC:R-HSA-983168
ACVR1,REAC:R-HSA-983168
KMT2D,REAC:R-HSA-983168
URB1,REAC:R-HSA-983168
RBL2,REAC:R-HSA-983168
TIGIT,REAC:R-HSA-983168
MARCHF8,REAC:R-HSA-983168
BCL2L12,REAC:R-HSA-983168
ATP8A1,REAC:R-HSA-983168
TRAK1,REAC:R-HSA-983168
UBXN7,REAC:R-HSA-983168
WNT4,REAC:R-HSA-983168
TRIQK,REAC:R-HSA-983168
HOXC12,REAC:R-HSA-983168
UBE2I,REAC:R-HSA-4090294
ODF2L,REAC:R-HSA-4090294
MKRN1,REAC:R-HSA-4090294
SPTLC2,REAC:R-HSA-4090294
ARHGEF26,REAC:R-HSA-4090294
SEL1L3,REAC:R-HSA-4090294
PRPF4B,REAC:R-HSA-4090294
NUP133,REAC:R-HSA-4090294
ZNF449,REAC:R-HSA-4090294
LMLN,REAC:R-HSA-4090294
STT3A,REAC:R-HSA-4090294
KCND1,REAC:R-HSA-4090294
RASGEF1A,REAC:R-HSA-4090294
RPS3,REAC:R-HSA-422475
RPL14,REAC:R-HSA-422475
NRP1,REAC:R-HSA-422475
ITSN1,REAC:R-HSA-422475
DAG1,REAC:R-HSA-422475
PAK4,REAC:R-HSA-422475
PLXNA4,REAC:R-HSA-422475
PITPNA,REAC:R-HSA-422475
ST8SIA2,REAC:R-HSA-422475
ITGA10,REAC:R-HSA-422475
RBM18,REAC:R-HSA-422475
FOXN2,REAC:R-HSA-422475
HAS2,REAC:R-HSA-422475
STXBP4,REAC:R-HSA-422475
LDLRAD3,REAC:R-HSA-422475
MAPK1,REAC:R-HSA-422475
TVP23B,REAC:R-HSA-422475
PPM1K,REAC:R-HSA-422475
NPR3,REAC:R-HSA-422475
G3BP1,REAC:R-HSA-422475
NUFIP2,REAC:R-HSA-422475
GRK3,REAC:R-HSA-422475
MIPOL1,REAC:R-HSA-422475
AMMECR1,REAC:R-HSA-422475
SMS,REAC:R-HSA-422475
MAPK1IP1L,REAC:R-HSA-422475
UBN2,REAC:R-HSA-422475
GINS1,REAC:R-HSA-422475
RPP14,REAC:R-HSA-422475
ALPK3,REAC:R-HSA-422475
MBOAT2,REAC:R-HSA-422475
UEVLD,REAC:R-HSA-422475
CYB561,REAC:R-HSA-422475
SLC39A6,REAC:R-HSA-422475
ENAH,REAC:R-HSA-422475
MASTL,REAC:R-HSA-422475
AKAP12,REAC:R-HSA-422475
LHX4,REAC:R-HSA-422475
BCL7C,REAC:R-HSA-422475
PCDH19,REAC:R-HSA-422475
LUC7L2,REAC:R-HSA-422475
TENT5C,REAC:R-HSA-422475
GRAMD1B,REAC:R-HSA-422475
DLG3,REAC:R-HSA-422475
CDC25A,REAC:R-HSA-422475
ZBTB20,REAC:R-HSA-422475
DERL2,REAC:R-HSA-422475
HIF3A,REAC:R-HSA-422475
SFMBT2,REAC:R-HSA-422475
NCKAP5,REAC:R-HSA-422475
DDI2,REAC:R-HSA-422475
ECE1,REAC:R-HSA-422475
KDM6B,REAC:R-HSA-422475
FBXO39,REAC:R-HSA-422475
PARD6B,REAC:R-HSA-422475
NXT2,REAC:R-HSA-422475
PSME3,REAC:R-HSA-422475
FGF2,REAC:R-HSA-422475
ZBTB10,REAC:R-HSA-422475
LYSMD3,REAC:R-HSA-422475
CLCN3,REAC:R-HSA-422475
TBCEL,REAC:R-HSA-422475
TOP1,REAC:R-HSA-422475
DUSP8,REAC:R-HSA-422475
LRP2,REAC:R-HSA-422475
ARFGEF3,REAC:R-HSA-422475
PAPOLA,REAC:R-HSA-422475
USP44,REAC:R-HSA-422475
VMP1,REAC:R-HSA-422475
PCP4L1,REAC:R-HSA-422475
PSKH1,REAC:R-HSA-422475
BACH2,REAC:R-HSA-422475
KIAA0232,REAC:R-HSA-422475
JPT1,REAC:R-HSA-422475
PKN2,REAC:R-HSA-422475
PLEKHA7,REAC:R-HSA-422475
FAM126B,REAC:R-HSA-422475
KIAA1614,REAC:R-HSA-422475
RICTOR,REAC:R-HSA-422475
ATXN1,REAC:R-HSA-422475
ZC3H6,REAC:R-HSA-422475
PIK3CB,REAC:R-HSA-422475
HIC2,REAC:R-HSA-422475
RNF152,REAC:R-HSA-422475
TNFAIP8,REAC:R-HSA-422475
AVL9,REAC:R-HSA-422475
DCTN5,REAC:R-HSA-422475
RAB9B,REAC:R-HSA-422475
RAPGEF5,REAC:R-HSA-422475
NGFR,REAC:R-HSA-422475
TIMM50,REAC:R-HSA-422475
IRS1,REAC:R-HSA-422475
CCNI2,REAC:R-HSA-422475
DHRS13,REAC:R-HSA-422475
EPHB2,REAC:R-HSA-422475
SZRD1,REAC:R-HSA-422475
FRRS1L,REAC:R-HSA-422475
DMXL1,REAC:R-HSA-422475
BCL9L,REAC:R-HSA-422475
PTGFR,REAC:R-HSA-422475
RAP1B,REAC:R-HSA-422475
PTPN9,REAC:R-HSA-422475
DDX19A,REAC:R-HSA-422475
IDE,REAC:R-HSA-422475
IL6ST,REAC:R-HSA-422475
NRXN1,REAC:R-HSA-422475
NSF,REAC:R-HSA-422475
RBAK,REAC:R-HSA-422475
SUSD6,REAC:R-HSA-422475
ISG20L2,REAC:R-HSA-422475
PPP1R15B,REAC:R-HSA-422475
MAD2L1,REAC:R-HSA-422475
SESTD1,REAC:R-HSA-422475
GNAQ,REAC:R-HSA-422475
YIPF2,REAC:R-HSA-422475
MMP11,REAC:R-HSA-422475
ZNF236,REAC:R-HSA-422475
ZNF689,REAC:R-HSA-422475
RPA1,REAC:R-HSA-5633007
TP53,REAC:R-HSA-5633007
MDM4,REAC:R-HSA-5633007
CHEK1,REAC:R-HSA-5633007
TTC5,REAC:R-HSA-5633007
ACP6,REAC:R-HSA-5633007
SSBP2,REAC:R-HSA-5633007
NR6A1,REAC:R-HSA-5633007
RNF144B,REAC:R-HSA-5633007
TFCP2L1,REAC:R-HSA-5633007
USP28,REAC:R-HSA-5633007
RLIM,REAC:R-HSA-5633007
CSNK1G1,REAC:R-HSA-5633007
MSMO1,REAC:R-HSA-5633007
BEST1,REAC:R-HSA-5633007
GRAMD1B,REAC:R-HSA-5633007
TSN,REAC:R-HSA-5633007
YOD1,REAC:R-HSA-5633007
DDIAS,REAC:R-HSA-5633007
DR1,REAC:R-HSA-5633007
EMP2,REAC:R-HSA-5633007
NCKAP5,REAC:R-HSA-5633007
SLC25A22,REAC:R-HSA-5633007
MON2,REAC:R-HSA-5633007
TNIK,REAC:R-HSA-5633007
MYO1D,REAC:R-HSA-5633007
SPOCK1,REAC:R-HSA-5633007
EGR3,REAC:R-HSA-5633007
BBC3,REAC:R-HSA-5633007
FIGN,REAC:R-HSA-5633007
KSR1,REAC:R-HSA-5633007
ZBTB12,REAC:R-HSA-5633007
PDE3B,REAC:R-HSA-5633007
KCTD1,REAC:R-HSA-5633007
KLHL15,REAC:R-HSA-5633007
ERGIC2,REAC:R-HSA-5633007
RGS7,REAC:R-HSA-5633007
EBF3,REAC:R-HSA-5633007
ELAPOR1,REAC:R-HSA-5633007
RASA1,REAC:R-HSA-5633007
NDST1,REAC:R-HSA-5633007
HIPK2,REAC:R-HSA-5633007
MAF,REAC:R-HSA-5633007
STYX,REAC:R-HSA-5633007
KDR,REAC:R-HSA-5633007
TRIM24,REAC:R-HSA-6802957
QKI,REAC:R-HSA-6802957
KIAA1549,REAC:R-HSA-6802957
LDLRAD3,REAC:R-HSA-6802957
CDCA3,REAC:R-HSA-6802957
XIAP,REAC:R-HSA-6802957
TIMP3,REAC:R-HSA-6802957
ZNF428,REAC:R-HSA-6802957
MEF2D,REAC:R-HSA-6802957
ATAD2,REAC:R-HSA-6802957
DDI2,REAC:R-HSA-6802957
AEBP2,REAC:R-HSA-6802957
IPMK,REAC:R-HSA-6802957
CCDC6,REAC:R-HSA-6802957
GOLGA1,REAC:R-HSA-6802957
LRP2,REAC:R-HSA-6802957
NFATC2IP,REAC:R-HSA-6802957
MSL1,REAC:R-HSA-6802957
UBLCP1,REAC:R-HSA-6802957
KIAA1614,REAC:R-HSA-6802957
DBT,REAC:R-HSA-6802957
TOR1AIP2,REAC:R-HSA-6802957
MED12L,REAC:R-HSA-6802957
ZFHX4,REAC:R-HSA-6802957
RAP1B,REAC:R-HSA-6802957
TMED9,REAC:R-HSA-6802957
STEAP3,REAC:R-HSA-6802957
IVD,REAC:R-HSA-6802957
RPS3,REAC:R-HSA-9675108
RPL14,REAC:R-HSA-9675108
NRP1,REAC:R-HSA-9675108
ITSN1,REAC:R-HSA-9675108
DAG1,REAC:R-HSA-9675108
PAK4,REAC:R-HSA-9675108
PLXNA4,REAC:R-HSA-9675108
PITPNA,REAC:R-HSA-9675108
SMARCA4,REAC:R-HSA-9675108
HMGCR,REAC:R-HSA-9675108
ST8SIA2,REAC:R-HSA-9675108
ITGA10,REAC:R-HSA-9675108
RBM18,REAC:R-HSA-9675108
FOXN2,REAC:R-HSA-9675108
HAS2,REAC:R-HSA-9675108
STXBP4,REAC:R-HSA-9675108
LDLRAD3,REAC:R-HSA-9675108
MAPK1,REAC:R-HSA-9675108
TVP23B,REAC:R-HSA-9675108
PPM1K,REAC:R-HSA-9675108
NPR3,REAC:R-HSA-9675108
G3BP1,REAC:R-HSA-9675108
NUFIP2,REAC:R-HSA-9675108
GRK3,REAC:R-HSA-9675108
MIPOL1,REAC:R-HSA-9675108
AMMECR1,REAC:R-HSA-9675108
SMS,REAC:R-HSA-9675108
MAPK1IP1L,REAC:R-HSA-9675108
UBN2,REAC:R-HSA-9675108
GINS1,REAC:R-HSA-9675108
RPP14,REAC:R-HSA-9675108
ALPK3,REAC:R-HSA-9675108
MBOAT2,REAC:R-HSA-9675108
UEVLD,REAC:R-HSA-9675108
CYB561,REAC:R-HSA-9675108
SLC39A6,REAC:R-HSA-9675108
ENAH,REAC:R-HSA-9675108
MASTL,REAC:R-HSA-9675108
AKAP12,REAC:R-HSA-9675108
LHX4,REAC:R-HSA-9675108
BCL7C,REAC:R-HSA-9675108
PCDH19,REAC:R-HSA-9675108
LUC7L2,REAC:R-HSA-9675108
TENT5C,REAC:R-HSA-9675108
GRAMD1B,REAC:R-HSA-9675108
DLG3,REAC:R-HSA-9675108
CDC25A,REAC:R-HSA-9675108
ZBTB20,REAC:R-HSA-9675108
DERL2,REAC:R-HSA-9675108
HIF3A,REAC:R-HSA-9675108
SFMBT2,REAC:R-HSA-9675108
NCKAP5,REAC:R-HSA-9675108
DDI2,REAC:R-HSA-9675108
ECE1,REAC:R-HSA-9675108
KDM6B,REAC:R-HSA-9675108
FBXO39,REAC:R-HSA-9675108
PARD6B,REAC:R-HSA-9675108
NXT2,REAC:R-HSA-9675108
PSME3,REAC:R-HSA-9675108
FGF2,REAC:R-HSA-9675108
ZBTB10,REAC:R-HSA-9675108
LYSMD3,REAC:R-HSA-9675108
CLCN3,REAC:R-HSA-9675108
TBCEL,REAC:R-HSA-9675108
TOP1,REAC:R-HSA-9675108
DUSP8,REAC:R-HSA-9675108
LRP2,REAC:R-HSA-9675108
ARFGEF3,REAC:R-HSA-9675108
PAPOLA,REAC:R-HSA-9675108
USP44,REAC:R-HSA-9675108
VMP1,REAC:R-HSA-9675108
PCP4L1,REAC:R-HSA-9675108
PSKH1,REAC:R-HSA-9675108
BACH2,REAC:R-HSA-9675108
KIAA0232,REAC:R-HSA-9675108
JPT1,REAC:R-HSA-9675108
PKN2,REAC:R-HSA-9675108
PLEKHA7,REAC:R-HSA-9675108
FAM126B,REAC:R-HSA-9675108
KIAA1614,REAC:R-HSA-9675108
RICTOR,REAC:R-HSA-9675108
ATXN1,REAC:R-HSA-9675108
ZC3H6,REAC:R-HSA-9675108
PIK3CB,REAC:R-HSA-9675108
HIC2,REAC:R-HSA-9675108
RNF152,REAC:R-HSA-9675108
JAM2,REAC:R-HSA-9675108
TNFAIP8,REAC:R-HSA-9675108
AVL9,REAC:R-HSA-9675108
DCTN5,REAC:R-HSA-9675108
RAB9B,REAC:R-HSA-9675108
RAPGEF5,REAC:R-HSA-9675108
NGFR,REAC:R-HSA-9675108
TIMM50,REAC:R-HSA-9675108
IRS1,REAC:R-HSA-9675108
CCNI2,REAC:R-HSA-9675108
DHRS13,REAC:R-HSA-9675108
EPHB2,REAC:R-HSA-9675108
SZRD1,REAC:R-HSA-9675108
FRRS1L,REAC:R-HSA-9675108
DMXL1,REAC:R-HSA-9675108
BCL9L,REAC:R-HSA-9675108
PTGFR,REAC:R-HSA-9675108
RAP1B,REAC:R-HSA-9675108
PTPN9,REAC:R-HSA-9675108
DDX19A,REAC:R-HSA-9675108
IDE,REAC:R-HSA-9675108
IL6ST,REAC:R-HSA-9675108
NRXN1,REAC:R-HSA-9675108
NSF,REAC:R-HSA-9675108
RBAK,REAC:R-HSA-9675108
SUSD6,REAC:R-HSA-9675108
ISG20L2,REAC:R-HSA-9675108
PPP1R15B,REAC:R-HSA-9675108
MAD2L1,REAC:R-HSA-9675108
EPB41L5,REAC:R-HSA-9675108
SESTD1,REAC:R-HSA-9675108
GNAQ,REAC:R-HSA-9675108
YIPF2,REAC:R-HSA-9675108
MMP11,REAC:R-HSA-9675108
ZNF236,REAC:R-HSA-9675108
ZNF689,REAC:R-HSA-9675108
FZD4,REAC:R-HSA-8856828
RAB5B,REAC:R-HSA-8856828
ITSN1,REAC:R-HSA-8856828
COPS7B,REAC:R-HSA-8856828
REPS2,REAC:R-HSA-8856828
LDLRAP1,REAC:R-HSA-8856828
VGLL4,REAC:R-HSA-8856828
RERE,REAC:R-HSA-8856828
AMMECR1,REAC:R-HSA-8856828
H2AZ2,REAC:R-HSA-8856828
LDOC1,REAC:R-HSA-8856828
PDXDC1,REAC:R-HSA-8856828
ALPK3,REAC:R-HSA-8856828
DOK7,REAC:R-HSA-8856828
HMGXB4,REAC:R-HSA-8856828
CCSER1,REAC:R-HSA-8856828
DDI2,REAC:R-HSA-8856828
AMMECR1L,REAC:R-HSA-8856828
NFATC2,REAC:R-HSA-8856828
MIGA1,REAC:R-HSA-8856828
ZNF507,REAC:R-HSA-8856828
NCKAP1,REAC:R-HSA-8856828
KIAA1614,REAC:R-HSA-8856828
RICTOR,REAC:R-HSA-8856828
XK,REAC:R-HSA-8856828
HIF1AN,REAC:R-HSA-8856828
RBM3,REAC:R-HSA-8856828
TNFAIP8,REAC:R-HSA-8856828
RAPGEF5,REAC:R-HSA-8856828
VPS4B,REAC:R-HSA-8856828
ZNF282,REAC:R-HSA-8856828
FRRS1L,REAC:R-HSA-8856828
ZC3H8,REAC:R-HSA-8856828
UBE3C,REAC:R-HSA-8856828
SSR1,REAC:R-HSA-8856828
FBXL19,REAC:R-HSA-8856828
MFN2,REAC:R-HSA-8856828
ATP1A2,REAC:R-HSA-8856828
ANGEL1,REAC:R-HSA-8856828
TMED9,REAC:R-HSA-8856828
RMND5B,REAC:R-HSA-8856828
SEMA5A,REAC:R-HSA-8856828
SOWAHC,REAC:R-HSA-9035034
TRUB1,REAC:R-HSA-9035034
ACVR2A,REAC:R-HSA-9035034
RNF4,REAC:R-HSA-9035034
CPEB3,REAC:R-HSA-9035034
UEVLD,REAC:R-HSA-9035034
STK24,REAC:R-HSA-9035034
PDK3,REAC:R-HSA-9035034
RRP12,REAC:R-HSA-9035034
CCDC71L,REAC:R-HSA-9035034
PIK3R3,REAC:R-HSA-9035034
KIAA1614,REAC:R-HSA-9035034
SERAC1,REAC:R-HSA-9035034
ATMIN,REAC:R-HSA-9035034
FGF1,REAC:R-HSA-9035034
ELL,REAC:R-HSA-9035034
SSR1,REAC:R-HSA-9035034
LRRC8C,REAC:R-HSA-9035034
ASB6,REAC:R-HSA-983169
CUL3,REAC:R-HSA-983169
TRIM32,REAC:R-HSA-983169
SKP1,REAC:R-HSA-983169
FBXO21,REAC:R-HSA-983169
SEC61A1,REAC:R-HSA-983169
DEUP1,REAC:R-HSA-983169
METTL1,REAC:R-HSA-983169
ORC4,REAC:R-HSA-983169
OTUD7A,REAC:R-HSA-983169
ALKBH5,REAC:R-HSA-983169
TRMT13,REAC:R-HSA-983169
CDH20,REAC:R-HSA-983169
RPA2,REAC:R-HSA-983169
SCN2B,REAC:R-HSA-983169
KPNA6,REAC:R-HSA-983169
USP37,REAC:R-HSA-983169
ANKFY1,REAC:R-HSA-983169
CISD2,REAC:R-HSA-983169
ZMYM2,REAC:R-HSA-983169
RRAGD,REAC:R-HSA-983169
DCUN1D3,REAC:R-HSA-983169
NETO2,REAC:R-HSA-983169
ITPR3,REAC:R-HSA-983169
DCAF10,REAC:R-HSA-983169
VAPA,REAC:R-HSA-983169
E2F3,REAC:R-HSA-983169
OTUD3,REAC:R-HSA-983169
PPP6R3,REAC:R-HSA-983169
ATOH8,REAC:R-HSA-983169
AKAP10,REAC:R-HSA-983169
FOXL1,REAC:R-HSA-983169
FMR1,REAC:R-HSA-983169
C18orf25,REAC:R-HSA-983169
DCAF11,REAC:R-HSA-983169
RAB3C,REAC:R-HSA-983169
NXT2,REAC:R-HSA-983169
RAN,REAC:R-HSA-983169
RAPH1,REAC:R-HSA-983169
USP44,REAC:R-HSA-983169
VMP1,REAC:R-HSA-983169
ARF3,REAC:R-HSA-983169
ACVR2B,REAC:R-HSA-983169
KIF3B,REAC:R-HSA-983169
ARL10,REAC:R-HSA-983169
DNAJB12,REAC:R-HSA-983169
TPRG1L,REAC:R-HSA-983169
GSK3B,REAC:R-HSA-983169
NUCKS1,REAC:R-HSA-983169
CACNB3,REAC:R-HSA-983169
PTGER3,REAC:R-HSA-983169
TOX3,REAC:R-HSA-983169
SCN5A,REAC:R-HSA-983169
UXS1,REAC:R-HSA-983169
KDM5A,REAC:R-HSA-983169
DCTN5,REAC:R-HSA-983169
MPLKIP,REAC:R-HSA-983169
SMOC2,REAC:R-HSA-983169
GTPBP8,REAC:R-HSA-983169
PCDH11X,REAC:R-HSA-983169
PCDHA10,REAC:R-HSA-983169
IRS1,REAC:R-HSA-983169
ZNF282,REAC:R-HSA-983169
WDR20,REAC:R-HSA-983169
RIMS3,REAC:R-HSA-983169
PTPN9,REAC:R-HSA-983169
SSR1,REAC:R-HSA-983169
ANKS1A,REAC:R-HSA-983169
ATP6V1C1,REAC:R-HSA-983169
SUSD6,REAC:R-HSA-983169
SETD9,REAC:R-HSA-983169
ACVR1,REAC:R-HSA-983169
KMT2D,REAC:R-HSA-983169
URB1,REAC:R-HSA-983169
SSH1,REAC:R-HSA-983169
RBL2,REAC:R-HSA-983169
TIGIT,REAC:R-HSA-983169
MARCHF8,REAC:R-HSA-983169
BCL2L12,REAC:R-HSA-983169
KANK1,REAC:R-HSA-983169
ATP8A1,REAC:R-HSA-983169
TRAK1,REAC:R-HSA-983169
ASB13,REAC:R-HSA-983169
UBXN7,REAC:R-HSA-983169
WNT4,REAC:R-HSA-983169
TRIQK,REAC:R-HSA-983169
HOXC12,REAC:R-HSA-983169
SMARCA4,REAC:R-HSA-8939243
RUNX1,REAC:R-HSA-8939243
SMARCD1,REAC:R-HSA-8939243
SMARCC1,REAC:R-HSA-8939243
HBEGF,REAC:R-HSA-8939243
PON2,REAC:R-HSA-8939243
SRPK1,REAC:R-HSA-8939243
NCKAP5,REAC:R-HSA-8939243
RGS17,REAC:R-HSA-8939243
TRPM6,REAC:R-HSA-8939243
USP9X,REAC:R-HSA-8939243
DDX6,REAC:R-HSA-8939243
SNAI1,REAC:R-HSA-8939243
RASA1,REAC:R-HSA-8939243
STX5,REAC:R-HSA-8939243
RBFOX2,REAC:R-HSA-8939243
ITSN1,REAC:R-HSA-3928662
MAPK1,REAC:R-HSA-3928662
MASTL,REAC:R-HSA-3928662
LHX4,REAC:R-HSA-3928662
ZBTB20,REAC:R-HSA-3928662
DDI2,REAC:R-HSA-3928662
DUSP8,REAC:R-HSA-3928662
PCP4L1,REAC:R-HSA-3928662
BACH2,REAC:R-HSA-3928662
KIAA1614,REAC:R-HSA-3928662
RAPGEF5,REAC:R-HSA-3928662
CCNI2,REAC:R-HSA-3928662
DHRS13,REAC:R-HSA-3928662
FRRS1L,REAC:R-HSA-3928662
RBAK,REAC:R-HSA-3928662
MAD2L1,REAC:R-HSA-3928662
ZNF236,REAC:R-HSA-3928662
GNAI1,REAC:R-HSA-112316
KCNAB3,REAC:R-HSA-112316
GJC1,REAC:R-HSA-112316
SYT12,REAC:R-HSA-112316
CDC23,REAC:R-HSA-112316
SSBP2,REAC:R-HSA-112316
LDLRAD3,REAC:R-HSA-112316
ZBTB6,REAC:R-HSA-112316
MAP3K9,REAC:R-HSA-112316
PPM1K,REAC:R-HSA-112316
VGLL4,REAC:R-HSA-112316
MGLL,REAC:R-HSA-112316
BCL2L11,REAC:R-HSA-112316
N4BP3,REAC:R-HSA-112316
SMS,REAC:R-HSA-112316
RPS6KA6,REAC:R-HSA-112316
C9orf64,REAC:R-HSA-112316
SPTLC1,REAC:R-HSA-112316
TIMP3,REAC:R-HSA-112316
HECTD2,REAC:R-HSA-112316
LOX,REAC:R-HSA-112316
LHX4,REAC:R-HSA-112316
FAHD2A,REAC:R-HSA-112316
TENT5C,REAC:R-HSA-112316
PRKCE,REAC:R-HSA-112316
TSN,REAC:R-HSA-112316
SETD6,REAC:R-HSA-112316
KIF5C,REAC:R-HSA-112316
ATAD2,REAC:R-HSA-112316
ABHD2,REAC:R-HSA-112316
ADCY2,REAC:R-HSA-112316
IKBKB,REAC:R-HSA-112316
DR1,REAC:R-HSA-112316
NCS1,REAC:R-HSA-112316
ASB4,REAC:R-HSA-112316
POU5F1B,REAC:R-HSA-112316
ARAP2,REAC:R-HSA-112316
TRIM33,REAC:R-HSA-112316
VPS18,REAC:R-HSA-112316
DPP8,REAC:R-HSA-112316
DUSP8,REAC:R-HSA-112316
BAG5,REAC:R-HSA-112316
FAM199X,REAC:R-HSA-112316
TOGARAM1,REAC:R-HSA-112316
PLA2G2C,REAC:R-HSA-112316
KCNJ12,REAC:R-HSA-112316
MRTFB,REAC:R-HSA-112316
PHF20L1,REAC:R-HSA-112316
PTBP1,REAC:R-HSA-112316
NCKAP1,REAC:R-HSA-112316
EIF5B,REAC:R-HSA-112316
ARL5A,REAC:R-HSA-112316
FLT1,REAC:R-HSA-112316
ATXN1,REAC:R-HSA-112316
HIF1AN,REAC:R-HSA-112316
ADRB2,REAC:R-HSA-112316
KHNYN,REAC:R-HSA-112316
TNFAIP8,REAC:R-HSA-112316
NFIC,REAC:R-HSA-112316
KLF7,REAC:R-HSA-112316
CHPT1,REAC:R-HSA-112316
LMO4,REAC:R-HSA-112316
TIMM17A,REAC:R-HSA-112316
MTMR1,REAC:R-HSA-112316
VLDLR,REAC:R-HSA-112316
POLR1A,REAC:R-HSA-112316
RAP1B,REAC:R-HSA-112316
ZC3H8,REAC:R-HSA-112316
SUFU,REAC:R-HSA-112316
EML4,REAC:R-HSA-112316
TEAD3,REAC:R-HSA-112316
NT5DC1,REAC:R-HSA-112316
VAMP3,REAC:R-HSA-112316
EXT2,REAC:R-HSA-112316
FOXJ2,REAC:R-HSA-112316
EDA2R,REAC:R-HSA-112316
PDPR,REAC:R-HSA-112316
TSR1,REAC:R-HSA-112316
SEPTIN6,REAC:R-HSA-112316
SESN3,REAC:R-HSA-112316
LIPH,REAC:R-HSA-112316
ZRANB3,REAC:R-HSA-112316
BHLHE41,REAC:R-HSA-112316
TMEM38A,REAC:R-HSA-112316
CHI3L1,REAC:R-HSA-112316
CDKL2,REAC:R-HSA-112316
NIN,REAC:R-HSA-112316
GABRA3,REAC:R-HSA-112316
MAP3K4,REAC:R-HSA-112316
SPOCK3,REAC:R-HSA-112316
PPP5C,REAC:R-HSA-5673001
IL17RD,REAC:R-HSA-5673001
CUL3,REAC:R-HSA-5673001
SYNGAP1,REAC:R-HSA-5673001
TEK,REAC:R-HSA-5673001
SOCS6,REAC:R-HSA-5673001
RBM18,REAC:R-HSA-5673001
LDLRAD3,REAC:R-HSA-5673001
ZBTB6,REAC:R-HSA-5673001
CDC6,REAC:R-HSA-5673001
BAHD1,REAC:R-HSA-5673001
TFCP2L1,REAC:R-HSA-5673001
PDXDC1,REAC:R-HSA-5673001
XIAP,REAC:R-HSA-5673001
TOM1L2,REAC:R-HSA-5673001
TIMP3,REAC:R-HSA-5673001
UEVLD,REAC:R-HSA-5673001
LHX4,REAC:R-HSA-5673001
ZNF428,REAC:R-HSA-5673001
FAHD2A,REAC:R-HSA-5673001
MEF2D,REAC:R-HSA-5673001
LUC7L2,REAC:R-HSA-5673001
TENT5C,REAC:R-HSA-5673001
ATAD2,REAC:R-HSA-5673001
DDIAS,REAC:R-HSA-5673001
DDI2,REAC:R-HSA-5673001
ARAP2,REAC:R-HSA-5673001
AEBP2,REAC:R-HSA-5673001
NXT2,REAC:R-HSA-5673001
CCDC6,REAC:R-HSA-5673001
SIM1,REAC:R-HSA-5673001
FGF2,REAC:R-HSA-5673001
GOLGA1,REAC:R-HSA-5673001
DUSP8,REAC:R-HSA-5673001
LRP2,REAC:R-HSA-5673001
XPO4,REAC:R-HSA-5673001
ZNF507,REAC:R-HSA-5673001
VMP1,REAC:R-HSA-5673001
NFATC2IP,REAC:R-HSA-5673001
MSL1,REAC:R-HSA-5673001
UBLCP1,REAC:R-HSA-5673001
KIAA1614,REAC:R-HSA-5673001
ZC3H6,REAC:R-HSA-5673001
DCTN5,REAC:R-HSA-5673001
DENND6A,REAC:R-HSA-5673001
UCHL5,REAC:R-HSA-5673001
TOR1AIP2,REAC:R-HSA-5673001
PTAR1,REAC:R-HSA-5673001
ERN1,REAC:R-HSA-5673001
IRS1,REAC:R-HSA-5673001
MED12L,REAC:R-HSA-5673001
ZFHX4,REAC:R-HSA-5673001
N4BP1,REAC:R-HSA-5673001
RAP1B,REAC:R-HSA-5673001
PTPN9,REAC:R-HSA-5673001
DDX19A,REAC:R-HSA-5673001
CACNA1E,REAC:R-HSA-5673001
EBF3,REAC:R-HSA-5673001
RBAK,REAC:R-HSA-5673001
SUSD6,REAC:R-HSA-5673001
TMED9,REAC:R-HSA-5673001
RER1,REAC:R-HSA-5673001
GABRB2,REAC:R-HSA-5673001
JADE1,REAC:R-HSA-5673001
MAGI1,REAC:R-HSA-5673001
PPP5C,REAC:R-HSA-5684996
IL17RD,REAC:R-HSA-5684996
CUL3,REAC:R-HSA-5684996
SYNGAP1,REAC:R-HSA-5684996
TEK,REAC:R-HSA-5684996
SOCS6,REAC:R-HSA-5684996
RBM18,REAC:R-HSA-5684996
LDLRAD3,REAC:R-HSA-5684996
ZBTB6,REAC:R-HSA-5684996
CDC6,REAC:R-HSA-5684996
BAHD1,REAC:R-HSA-5684996
TFCP2L1,REAC:R-HSA-5684996
PDXDC1,REAC:R-HSA-5684996
XIAP,REAC:R-HSA-5684996
TOM1L2,REAC:R-HSA-5684996
TIMP3,REAC:R-HSA-5684996
UEVLD,REAC:R-HSA-5684996
LHX4,REAC:R-HSA-5684996
ZNF428,REAC:R-HSA-5684996
FAHD2A,REAC:R-HSA-5684996
MEF2D,REAC:R-HSA-5684996
LUC7L2,REAC:R-HSA-5684996
TENT5C,REAC:R-HSA-5684996
ATAD2,REAC:R-HSA-5684996
DDIAS,REAC:R-HSA-5684996
DDI2,REAC:R-HSA-5684996
ARAP2,REAC:R-HSA-5684996
AEBP2,REAC:R-HSA-5684996
NXT2,REAC:R-HSA-5684996
CCDC6,REAC:R-HSA-5684996
SIM1,REAC:R-HSA-5684996
FGF2,REAC:R-HSA-5684996
GOLGA1,REAC:R-HSA-5684996
DUSP8,REAC:R-HSA-5684996
LRP2,REAC:R-HSA-5684996
XPO4,REAC:R-HSA-5684996
ZNF507,REAC:R-HSA-5684996
VMP1,REAC:R-HSA-5684996
NFATC2IP,REAC:R-HSA-5684996
MSL1,REAC:R-HSA-5684996
UBLCP1,REAC:R-HSA-5684996
KIAA1614,REAC:R-HSA-5684996
ZC3H6,REAC:R-HSA-5684996
DCTN5,REAC:R-HSA-5684996
DENND6A,REAC:R-HSA-5684996
UCHL5,REAC:R-HSA-5684996
TOR1AIP2,REAC:R-HSA-5684996
PTAR1,REAC:R-HSA-5684996
ERN1,REAC:R-HSA-5684996
IRS1,REAC:R-HSA-5684996
MED12L,REAC:R-HSA-5684996
ZFHX4,REAC:R-HSA-5684996
N4BP1,REAC:R-HSA-5684996
RAP1B,REAC:R-HSA-5684996
PTPN9,REAC:R-HSA-5684996
DDX19A,REAC:R-HSA-5684996
CACNA1E,REAC:R-HSA-5684996
EBF3,REAC:R-HSA-5684996
ELAPOR1,REAC:R-HSA-5684996
RBAK,REAC:R-HSA-5684996
SUSD6,REAC:R-HSA-5684996
TMED9,REAC:R-HSA-5684996
RER1,REAC:R-HSA-5684996
GABRB2,REAC:R-HSA-5684996
JADE1,REAC:R-HSA-5684996
MAGI1,REAC:R-HSA-5684996
BAZ2A,REAC:R-HSA-9013405
TRUB1,REAC:R-HSA-9013405
RNF4,REAC:R-HSA-9013405
UEVLD,REAC:R-HSA-9013405
HOXB8,REAC:R-HSA-9013405
STK24,REAC:R-HSA-9013405
PDK3,REAC:R-HSA-9013405
SHE,REAC:R-HSA-9013405
FBXO39,REAC:R-HSA-9013405
RRP12,REAC:R-HSA-9013405
PSME3,REAC:R-HSA-9013405
AP3M1,REAC:R-HSA-9013405
CCDC71L,REAC:R-HSA-9013405
SERAC1,REAC:R-HSA-9013405
RNF152,REAC:R-HSA-9013405
ATMIN,REAC:R-HSA-9013405
FGF1,REAC:R-HSA-9013405
SSR1,REAC:R-HSA-9013405
LRRC8C,REAC:R-HSA-9013405
TGFBR3,REAC:R-HSA-9013405
PAK4,REAC:R-HSA-9013424
TPM3,REAC:R-HSA-9013424
ABHD6,REAC:R-HSA-9013424
UEVLD,REAC:R-HSA-9013424
MACROD2,REAC:R-HSA-9013424
RRP12,REAC:R-HSA-9013424
PSME3,REAC:R-HSA-9013424
PHF1,REAC:R-HSA-9013424
GRAMD2A,REAC:R-HSA-9013424
SERAC1,REAC:R-HSA-9013424
MAPKBP1,REAC:R-HSA-9013424
BEGAIN,REAC:R-HSA-9013424
RAPGEF5,REAC:R-HSA-9013424
ADAT2,REAC:R-HSA-9013424
MAD2L1,REAC:R-HSA-9013424
SH3PXD2A,REAC:R-HSA-9013424
ZNF423,REAC:R-HSA-9844594
MTA3,REAC:R-HSA-9844594
NR6A1,REAC:R-HSA-9844594
EXPH5,REAC:R-HSA-9844594
GNA11,REAC:R-HSA-9844594
BMP2K,REAC:R-HSA-9844594
TNRC6B,REAC:R-HSA-9844594
MYCN,REAC:R-HSA-9844594
KSR1,REAC:R-HSA-9844594
PDE3B,REAC:R-HSA-9844594
TNKS,REAC:R-HSA-9844594
NUP133,REAC:R-HSA-9844594
KCND1,REAC:R-HSA-9844594
SLC26A9,REAC:R-HSA-9844594
ZNF423,REAC:R-HSA-9843743
MTA3,REAC:R-HSA-9843743
NR6A1,REAC:R-HSA-9843743
EXPH5,REAC:R-HSA-9843743
GNA11,REAC:R-HSA-9843743
BMP2K,REAC:R-HSA-9843743
TNRC6B,REAC:R-HSA-9843743
MYCN,REAC:R-HSA-9843743
KSR1,REAC:R-HSA-9843743
PDE3B,REAC:R-HSA-9843743
TNKS,REAC:R-HSA-9843743
NUP133,REAC:R-HSA-9843743
KCND1,REAC:R-HSA-9843743
SLC26A9,REAC:R-HSA-9843743
IKZF3,REAC:R-HSA-383280
FNBP4,REAC:R-HSA-383280
ODF2L,REAC:R-HSA-383280
MKRN1,REAC:R-HSA-383280
SATB2,REAC:R-HSA-383280
TMED4,REAC:R-HSA-383280
ARHGEF26,REAC:R-HSA-383280
RAB4A,REAC:R-HSA-383280
C6orf89,REAC:R-HSA-383280
ANKH,REAC:R-HSA-383280
TMOD2,REAC:R-HSA-383280
ZNF217,REAC:R-HSA-383280
NUP133,REAC:R-HSA-383280
TNFSF10,REAC:R-HSA-383280
STT3A,REAC:R-HSA-383280
KCND1,REAC:R-HSA-383280
RASGEF1A,REAC:R-HSA-383280
RUNX1,REAC:R-HSA-8934593
AGO1,REAC:R-HSA-8934593
SLC30A1,REAC:R-HSA-8934593
UNC13B,REAC:R-HSA-8934593
PRDM16,REAC:R-HSA-8934593
MRS2,REAC:R-HSA-8934593
SNAI1,REAC:R-HSA-8934593
ELN,REAC:R-HSA-8934593
RARB,REAC:R-HSA-8934593
COG5,REAC:R-HSA-8934593
PLEKHA1,REAC:R-HSA-1660499
MTMR3,REAC:R-HSA-1660499
IPO9,REAC:R-HSA-1660499
TOMM20,REAC:R-HSA-1660499
RLIM,REAC:R-HSA-1660499
UEVLD,REAC:R-HSA-1660499
RRN3,REAC:R-HSA-1660499
CDC37L1,REAC:R-HSA-1660499
KIAA0232,REAC:R-HSA-1660499
ZC3H6,REAC:R-HSA-1660499
KLF10,REAC:R-HSA-1660499
KIAA1958,REAC:R-HSA-1660499
WASF3,REAC:R-HSA-1660499
ELL,REAC:R-HSA-1660499
CXXC4,REAC:R-HSA-1660499
UBE3C,REAC:R-HSA-1660499
IDE,REAC:R-HSA-1660499
KLHL5,REAC:R-HSA-1660499
RNF6,REAC:R-HSA-1660499
SEMA5A,REAC:R-HSA-1660499
C9orf85,REAC:R-HSA-6811440
VKORC1L1,REAC:R-HSA-6811440
COL4A1,REAC:R-HSA-6811440
TASP1,REAC:R-HSA-6811440
SOST,REAC:R-HSA-6811440
REST,REAC:R-HSA-6811440
TMEM151B,REAC:R-HSA-6811440
DTX3L,REAC:R-HSA-6811440
UBE2J1,REAC:R-HSA-6811440
RNF24,REAC:R-HSA-6811440
PARP6,REAC:R-HSA-6811440
SCEL,REAC:R-HSA-6811440
SSR1,REAC:R-HSA-6811440
EXT2,REAC:R-HSA-6811440
MFN2,REAC:R-HSA-6811440
ATP1A2,REAC:R-HSA-6811440
CNP,REAC:R-HSA-6811440
TTC7B,REAC:R-HSA-6811440
KCNE4,REAC:R-HSA-6811440
SOWAHC,REAC:R-HSA-9013026
TRUB1,REAC:R-HSA-9013026
UEVLD,REAC:R-HSA-9013026
ZBTB20,REAC:R-HSA-9013026
SHE,REAC:R-HSA-9013026
SFMBT2,REAC:R-HSA-9013026
BEND3,REAC:R-HSA-9013026
EPG5,REAC:R-HSA-9013026
AP3M1,REAC:R-HSA-9013026
CNKSR3,REAC:R-HSA-9013026
PHF1,REAC:R-HSA-9013026
CCDC71L,REAC:R-HSA-9013026
PAX2,REAC:R-HSA-9013026
SERAC1,REAC:R-HSA-9013026
TRPM7,REAC:R-HSA-9013026
SLC39A10,REAC:R-HSA-9013026
PDK4,REAC:R-HSA-9013026
SSR1,REAC:R-HSA-9013026
SEPTIN6,REAC:R-HSA-9013026
CDK6,REAC:R-HSA-9013026
IGF2BP1,REAC:R-HSA-9013026
ZFYVE27,REAC:R-HSA-9013026
GNAQ,REAC:R-HSA-9013026
CCDC120,REAC:R-HSA-9013026
AGO1,REAC:R-HSA-8986944
TIMP3,REAC:R-HSA-8986944
ETNK2,REAC:R-HSA-8986944
ATAD2,REAC:R-HSA-8986944
ZNRF3,REAC:R-HSA-8986944
NCMAP,REAC:R-HSA-8986944
FDXR,REAC:R-HSA-8986944
SLC30A1,REAC:R-HSA-8986944
DUSP8,REAC:R-HSA-8986944
UNC13B,REAC:R-HSA-8986944
PRDM16,REAC:R-HSA-8986944
VXN,REAC:R-HSA-8986944
TIMM17A,REAC:R-HSA-8986944
MRS2,REAC:R-HSA-8986944
NRXN1,REAC:R-HSA-8986944
ANKH,REAC:R-HSA-8986944
SOCS4,REAC:R-HSA-8986944
RASA1,REAC:R-HSA-8986944
EPN1,REAC:R-HSA-8986944
WNT7B,REAC:R-HSA-8986944
KCND1,REAC:R-HSA-8986944
CADM1,REAC:R-HSA-418990
ZEB2,REAC:R-HSA-418990
HOXC8,REAC:R-HSA-418990
AGO1,REAC:R-HSA-418990
GALNT7,REAC:R-HSA-418990
TMEM170A,REAC:R-HSA-418990
DDI2,REAC:R-HSA-418990
KDSR,REAC:R-HSA-418990
BICRAL,REAC:R-HSA-418990
SLC30A1,REAC:R-HSA-418990
UNC13B,REAC:R-HSA-418990
PRDM16,REAC:R-HSA-418990
FOXK2,REAC:R-HSA-418990
KIAA1614,REAC:R-HSA-418990
SOX17,REAC:R-HSA-418990
MRS2,REAC:R-HSA-418990
FAR1,REAC:R-HSA-418990
FNIP2,REAC:R-HSA-418990
TTBK2,REAC:R-HSA-418990
PACRGL,REAC:R-HSA-418990
SYT12,REAC:R-HSA-6794362
MGLL,REAC:R-HSA-6794362
N4BP3,REAC:R-HSA-6794362
SPTLC1,REAC:R-HSA-6794362
LHX4,REAC:R-HSA-6794362
TENT5C,REAC:R-HSA-6794362
KIF5C,REAC:R-HSA-6794362
POU5F1B,REAC:R-HSA-6794362
ARAP2,REAC:R-HSA-6794362
VPS18,REAC:R-HSA-6794362
DUSP8,REAC:R-HSA-6794362
TOGARAM1,REAC:R-HSA-6794362
KCNJ12,REAC:R-HSA-6794362
NCKAP1,REAC:R-HSA-6794362
HIF1AN,REAC:R-HSA-6794362
KHNYN,REAC:R-HSA-6794362
NFIC,REAC:R-HSA-6794362
TIMM17A,REAC:R-HSA-6794362
MTMR1,REAC:R-HSA-6794362
ZC3H8,REAC:R-HSA-6794362
VAMP3,REAC:R-HSA-6794362
FOXJ2,REAC:R-HSA-6794362
TSR1,REAC:R-HSA-6794362
SEPTIN6,REAC:R-HSA-6794362
ZRANB3,REAC:R-HSA-6794362
MAP3K4,REAC:R-HSA-6794362
SPOCK3,REAC:R-HSA-6794362
TP53,REAC:R-HSA-6807070
MTA3,REAC:R-HSA-6807070
AGO1,REAC:R-HSA-6807070
SOCS6,REAC:R-HSA-6807070
NR6A1,REAC:R-HSA-6807070
LDLRAD3,REAC:R-HSA-6807070
RYBP,REAC:R-HSA-6807070
GOLGA3,REAC:R-HSA-6807070
NUP43,REAC:R-HSA-6807070
TBP,REAC:R-HSA-6807070
VAPA,REAC:R-HSA-6807070
HMGCS1,REAC:R-HSA-6807070
MECP2,REAC:R-HSA-6807070
NCKAP5,REAC:R-HSA-6807070
PAK5,REAC:R-HSA-6807070
RAB3C,REAC:R-HSA-6807070
NXT2,REAC:R-HSA-6807070
SLC30A1,REAC:R-HSA-6807070
RGS17,REAC:R-HSA-6807070
VMP1,REAC:R-HSA-6807070
UNC13B,REAC:R-HSA-6807070
PRDM16,REAC:R-HSA-6807070
KSR1,REAC:R-HSA-6807070
PDE3B,REAC:R-HSA-6807070
TRPM6,REAC:R-HSA-6807070
DCTN5,REAC:R-HSA-6807070
CPD,REAC:R-HSA-6807070
CDH3,REAC:R-HSA-6807070
RASAL2,REAC:R-HSA-6807070
IRS1,REAC:R-HSA-6807070
MRS2,REAC:R-HSA-6807070
FNIP2,REAC:R-HSA-6807070
PTPN9,REAC:R-HSA-6807070
PAWR,REAC:R-HSA-6807070
SUSD6,REAC:R-HSA-6807070
GGCT,REAC:R-HSA-6807070
STX5,REAC:R-HSA-6807070
KCND1,REAC:R-HSA-6807070
SOWAHC,REAC:R-HSA-8980692
BAZ2A,REAC:R-HSA-8980692
EIF4B,REAC:R-HSA-8980692
TRUB1,REAC:R-HSA-8980692
RNF4,REAC:R-HSA-8980692
TMPO,REAC:R-HSA-8980692
CPEB3,REAC:R-HSA-8980692
UEVLD,REAC:R-HSA-8980692
TIAM2,REAC:R-HSA-8980692
ZBTB20,REAC:R-HSA-8980692
SHE,REAC:R-HSA-8980692
PCDHA6,REAC:R-HSA-8980692
SFMBT2,REAC:R-HSA-8980692
BEND3,REAC:R-HSA-8980692
EPG5,REAC:R-HSA-8980692
XKR4,REAC:R-HSA-8980692
LYSMD3,REAC:R-HSA-8980692
AP3M1,REAC:R-HSA-8980692
FBXO45,REAC:R-HSA-8980692
CNKSR3,REAC:R-HSA-8980692
PHF1,REAC:R-HSA-8980692
CCDC71L,REAC:R-HSA-8980692
PAX2,REAC:R-HSA-8980692
FBXL13,REAC:R-HSA-8980692
SERAC1,REAC:R-HSA-8980692
TRPM7,REAC:R-HSA-8980692
SLC39A10,REAC:R-HSA-8980692
SZRD1,REAC:R-HSA-8980692
PDK4,REAC:R-HSA-8980692
SSR1,REAC:R-HSA-8980692
SEPTIN6,REAC:R-HSA-8980692
KIAA0513,REAC:R-HSA-8980692
ICE1,REAC:R-HSA-8980692
CDK6,REAC:R-HSA-8980692
IGF2BP1,REAC:R-HSA-8980692
ZFYVE27,REAC:R-HSA-8980692
TGFBR3,REAC:R-HSA-8980692
GNAQ,REAC:R-HSA-8980692
SYNJ2BP,REAC:R-HSA-8980692
CCDC120,REAC:R-HSA-8980692
ITSN1,REAC:R-HSA-9013148
PAK4,REAC:R-HSA-9013148
EIF4B,REAC:R-HSA-9013148
TRUB1,REAC:R-HSA-9013148
ZFP3,REAC:R-HSA-9013148
RNF4,REAC:R-HSA-9013148
TMPO,REAC:R-HSA-9013148
CPEB3,REAC:R-HSA-9013148
H2AZ2,REAC:R-HSA-9013148
UEVLD,REAC:R-HSA-9013148
TIAM2,REAC:R-HSA-9013148
USP47,REAC:R-HSA-9013148
SHE,REAC:R-HSA-9013148
TMEM178B,REAC:R-HSA-9013148
SFMBT2,REAC:R-HSA-9013148
EPG5,REAC:R-HSA-9013148
XKR4,REAC:R-HSA-9013148
NOL4,REAC:R-HSA-9013148
FBXO39,REAC:R-HSA-9013148
PSME3,REAC:R-HSA-9013148
LYSMD3,REAC:R-HSA-9013148
CLCN3,REAC:R-HSA-9013148
AP3M1,REAC:R-HSA-9013148
ZFYVE16,REAC:R-HSA-9013148
PIK3R3,REAC:R-HSA-9013148
TNFSF13B,REAC:R-HSA-9013148
SERAC1,REAC:R-HSA-9013148
RAPGEF5,REAC:R-HSA-9013148
SZRD1,REAC:R-HSA-9013148
PDK4,REAC:R-HSA-9013148
SSR1,REAC:R-HSA-9013148
FBXL19,REAC:R-HSA-9013148
ADCY9,REAC:R-HSA-9013148
WTAP,REAC:R-HSA-9013148
IGF2BP1,REAC:R-HSA-9013148
LRRC8C,REAC:R-HSA-9013148
MAD2L1,REAC:R-HSA-9013148
GNAQ,REAC:R-HSA-9013148
TSPYL2,REAC:R-HSA-9013148
SH3PXD2A,REAC:R-HSA-9013148
DLGAP2,REAC:R-HSA-9013148
NCOA2,REAC:R-HSA-1655829
NFYA,REAC:R-HSA-1655829
EXPH5,REAC:R-HSA-1655829
SRPK2,REAC:R-HSA-1655829
ETNK2,REAC:R-HSA-1655829
NETO2,REAC:R-HSA-1655829
DIPK2B,REAC:R-HSA-1655829
ZNRF3,REAC:R-HSA-1655829
PRKAB2,REAC:R-HSA-1655829
CSNK2A1,REAC:R-HSA-1655829
SYTL4,REAC:R-HSA-1655829
RAB9A,REAC:R-HSA-1655829
XRN1,REAC:R-HSA-1655829
GNS,REAC:R-HSA-1655829
RPRD1B,REAC:R-HSA-1655829
SSH1,REAC:R-HSA-1655829
NUP133,REAC:R-HSA-1655829
EPB41L5,REAC:R-HSA-1655829
KANK1,REAC:R-HSA-1655829
MAX,REAC:R-HSA-1538133
E2F5,REAC:R-HSA-1538133
ZNF597,REAC:R-HSA-1538133
VTI1B,REAC:R-HSA-1538133
TRAPPC8,REAC:R-HSA-1538133
TNIK,REAC:R-HSA-1538133
EFS,REAC:R-HSA-1538133
PDE3B,REAC:R-HSA-1538133
ELAPOR1,REAC:R-HSA-1538133
CCND1,REAC:R-HSA-1538133
MVB12B,REAC:R-HSA-1538133
FAM174B,REAC:R-HSA-1538133
DYNLL2,REAC:R-HSA-6811442
GOSR1,REAC:R-HSA-6811442
C9orf85,REAC:R-HSA-6811442
VKORC1L1,REAC:R-HSA-6811442
COL4A1,REAC:R-HSA-6811442
TIMP2,REAC:R-HSA-6811442
ANK2,REAC:R-HSA-6811442
TASP1,REAC:R-HSA-6811442
SOST,REAC:R-HSA-6811442
ZNF148,REAC:R-HSA-6811442
ST6GALNAC3,REAC:R-HSA-6811442
SHE,REAC:R-HSA-6811442
REST,REAC:R-HSA-6811442
UBE2N,REAC:R-HSA-6811442
CACNA2D1,REAC:R-HSA-6811442
TANC2,REAC:R-HSA-6811442
UBXN2A,REAC:R-HSA-6811442
FRZB,REAC:R-HSA-6811442
TMEM151B,REAC:R-HSA-6811442
EIF2B2,REAC:R-HSA-6811442
SLC6A9,REAC:R-HSA-6811442
AATK,REAC:R-HSA-6811442
BTG2,REAC:R-HSA-6811442
NAA20,REAC:R-HSA-6811442
DTX3L,REAC:R-HSA-6811442
UBE2J1,REAC:R-HSA-6811442
RNF24,REAC:R-HSA-6811442
PGK1,REAC:R-HSA-6811442
PARP6,REAC:R-HSA-6811442
PCDHA9,REAC:R-HSA-6811442
FGF1,REAC:R-HSA-6811442
DYRK2,REAC:R-HSA-6811442
HMGN2,REAC:R-HSA-6811442
SCEL,REAC:R-HSA-6811442
HNRNPA0,REAC:R-HSA-6811442
CCDC28A,REAC:R-HSA-6811442
SSR1,REAC:R-HSA-6811442
EXT2,REAC:R-HSA-6811442
MYO10,REAC:R-HSA-6811442
TNFSF11,REAC:R-HSA-6811442
RAD54L2,REAC:R-HSA-6811442
MFN2,REAC:R-HSA-6811442
ATP1A2,REAC:R-HSA-6811442
MAP4K4,REAC:R-HSA-6811442
ICE1,REAC:R-HSA-6811442
CNP,REAC:R-HSA-6811442
FCHO2,REAC:R-HSA-6811442
TTC7B,REAC:R-HSA-6811442
KCNE4,REAC:R-HSA-6811442
DOCK3,REAC:R-HSA-6811442
CHEK1,REAC:R-HSA-8953750
MAX,REAC:R-HSA-8953750
CBX5,REAC:R-HSA-8953750
HBEGF,REAC:R-HSA-8953750
GNAI3,REAC:R-HSA-8953750
CDK17,REAC:R-HSA-8953750
MON2,REAC:R-HSA-8953750
RGS17,REAC:R-HSA-8953750
SPOCK1,REAC:R-HSA-8953750
PDE3B,REAC:R-HSA-8953750
FBXW4,REAC:R-HSA-8953750
DDX6,REAC:R-HSA-8953750
STX5,REAC:R-HSA-8953750
CCND1,REAC:R-HSA-8953750
TGIF1,REAC:R-HSA-2173793
E2F5,REAC:R-HSA-2173793
LDLRAD3,REAC:R-HSA-2173793
RALGPS1,REAC:R-HSA-2173793
PDCD4,REAC:R-HSA-2173793
SCN2B,REAC:R-HSA-2173793
TNFRSF19,REAC:R-HSA-2173793
INSIG2,REAC:R-HSA-2173793
NSG1,REAC:R-HSA-2173793
HPS5,REAC:R-HSA-2173793
SEPTIN8,REAC:R-HSA-2173793
RAPH1,REAC:R-HSA-2173793
EFS,REAC:R-HSA-2173793
BEGAIN,REAC:R-HSA-2173793
KCNJ11,REAC:R-HSA-2173793
ANKH,REAC:R-HSA-2173793
CCND1,REAC:R-HSA-2173793
TRAK1,REAC:R-HSA-2173793
ITSN1,REAC:R-HSA-2682334
HAS2,REAC:R-HSA-2682334
MAPK1,REAC:R-HSA-2682334
AMMECR1,REAC:R-HSA-2682334
MASTL,REAC:R-HSA-2682334
LHX4,REAC:R-HSA-2682334
ZBTB20,REAC:R-HSA-2682334
DERL2,REAC:R-HSA-2682334
DDI2,REAC:R-HSA-2682334
CLCN3,REAC:R-HSA-2682334
TBCEL,REAC:R-HSA-2682334
DUSP8,REAC:R-HSA-2682334
PCP4L1,REAC:R-HSA-2682334
PSKH1,REAC:R-HSA-2682334
BACH2,REAC:R-HSA-2682334
KIAA1614,REAC:R-HSA-2682334
RAPGEF5,REAC:R-HSA-2682334
CCNI2,REAC:R-HSA-2682334
DHRS13,REAC:R-HSA-2682334
SZRD1,REAC:R-HSA-2682334
FRRS1L,REAC:R-HSA-2682334
PTGFR,REAC:R-HSA-2682334
IL6ST,REAC:R-HSA-2682334
RBAK,REAC:R-HSA-2682334
MAD2L1,REAC:R-HSA-2682334
GNAQ,REAC:R-HSA-2682334
ZNF236,REAC:R-HSA-2682334
RPA1,REAC:R-HSA-73857
ZNF740,REAC:R-HSA-73857
PLXNA4,REAC:R-HSA-73857
TP53,REAC:R-HSA-73857
YWHAG,REAC:R-HSA-73857
MDM4,REAC:R-HSA-73857
SMARCA4,REAC:R-HSA-73857
CHEK1,REAC:R-HSA-73857
RUNX1,REAC:R-HSA-73857
SKP1,REAC:R-HSA-73857
SMARCD1,REAC:R-HSA-73857
TTC5,REAC:R-HSA-73857
NFYA,REAC:R-HSA-73857
ZNF710,REAC:R-HSA-73857
UBE2I,REAC:R-HSA-73857
ANAPC15,REAC:R-HSA-73857
TGIF1,REAC:R-HSA-73857
OCLN,REAC:R-HSA-73857
AGO1,REAC:R-HSA-73857
H3-3B,REAC:R-HSA-73857
SMARCC1,REAC:R-HSA-73857
POU2F1,REAC:R-HSA-73857
MAX,REAC:R-HSA-73857
KCTD15,REAC:R-HSA-73857
E2F5,REAC:R-HSA-73857
CBX5,REAC:R-HSA-73857
YWHAQ,REAC:R-HSA-73857
SRSF3,REAC:R-HSA-73857
SOCS6,REAC:R-HSA-73857
LAMTOR3,REAC:R-HSA-73857
IKZF3,REAC:R-HSA-73857
FUT9,REAC:R-HSA-73857
DEUP1,REAC:R-HSA-73857
ACP6,REAC:R-HSA-73857
PGRMC2,REAC:R-HSA-73857
SSBP2,REAC:R-HSA-73857
NR6A1,REAC:R-HSA-73857
TPM4,REAC:R-HSA-73857
LDLRAD3,REAC:R-HSA-73857
NEURL1B,REAC:R-HSA-73857
PHF6,REAC:R-HSA-73857
ZXDA,REAC:R-HSA-73857
SCOC,REAC:R-HSA-73857
RNF144B,REAC:R-HSA-73857
FOXP1,REAC:R-HSA-73857
RALGPS1,REAC:R-HSA-73857
SAMD8,REAC:R-HSA-73857
CDCA3,REAC:R-HSA-73857
TFCP2L1,REAC:R-HSA-73857
USP28,REAC:R-HSA-73857
WDR82,REAC:R-HSA-73857
RABEP1,REAC:R-HSA-73857
RLIM,REAC:R-HSA-73857
SCD,REAC:R-HSA-73857
CSNK1G1,REAC:R-HSA-73857
PDCD4,REAC:R-HSA-73857
MSMO1,REAC:R-HSA-73857
HBEGF,REAC:R-HSA-73857
SCN2B,REAC:R-HSA-73857
TOM1L2,REAC:R-HSA-73857
TIMP3,REAC:R-HSA-73857
NAA15,REAC:R-HSA-73857
TFAP2B,REAC:R-HSA-73857
C1orf21,REAC:R-HSA-73857
POLR3H,REAC:R-HSA-73857
JADE2,REAC:R-HSA-73857
CDC40,REAC:R-HSA-73857
NUP43,REAC:R-HSA-73857
PPM1H,REAC:R-HSA-73857
MASTL,REAC:R-HSA-73857
BEST1,REAC:R-HSA-73857
TBP,REAC:R-HSA-73857
FNBP4,REAC:R-HSA-73857
ETNK2,REAC:R-HSA-73857
GRAMD1B,REAC:R-HSA-73857
TSN,REAC:R-HSA-73857
DICER1,REAC:R-HSA-73857
TNFRSF19,REAC:R-HSA-73857
ODF2L,REAC:R-HSA-73857
MYO18A,REAC:R-HSA-73857
KCNJ15,REAC:R-HSA-73857
TRIM5,REAC:R-HSA-73857
TSPAN5,REAC:R-HSA-73857
ATAD2,REAC:R-HSA-73857
YOD1,REAC:R-HSA-73857
HMGCS1,REAC:R-HSA-73857
PON2,REAC:R-HSA-73857
MKRN1,REAC:R-HSA-73857
SRPK1,REAC:R-HSA-73857
SLC25A15,REAC:R-HSA-73857
DDIAS,REAC:R-HSA-73857
ZNRF3,REAC:R-HSA-73857
DR1,REAC:R-HSA-73857
GNAI3,REAC:R-HSA-73857
EMP2,REAC:R-HSA-73857
HDX,REAC:R-HSA-73857
INSIG2,REAC:R-HSA-73857
NCKAP5,REAC:R-HSA-73857
LTN1,REAC:R-HSA-73857
NSG1,REAC:R-HSA-73857
NCMAP,REAC:R-HSA-73857
CDK17,REAC:R-HSA-73857
DLG2,REAC:R-HSA-73857
HPS5,REAC:R-HSA-73857
AEBP2,REAC:R-HSA-73857
FDXR,REAC:R-HSA-73857
SLC25A22,REAC:R-HSA-73857
POFUT1,REAC:R-HSA-73857
SEPTIN8,REAC:R-HSA-73857
KCNK6,REAC:R-HSA-73857
NXT2,REAC:R-HSA-73857
BICD1,REAC:R-HSA-73857
HHIP,REAC:R-HSA-73857
MON2,REAC:R-HSA-73857
RAPH1,REAC:R-HSA-73857
GAB1,REAC:R-HSA-73857
SLC30A1,REAC:R-HSA-73857
SATB2,REAC:R-HSA-73857
RNF165,REAC:R-HSA-73857
TNIK,REAC:R-HSA-73857
TMED4,REAC:R-HSA-73857
EFS,REAC:R-HSA-73857
ESRP2,REAC:R-HSA-73857
CELF1,REAC:R-HSA-73857
RGS17,REAC:R-HSA-73857
MARVELD2,REAC:R-HSA-73857
PHC3,REAC:R-HSA-73857
GNA11,REAC:R-HSA-73857
DUSP8,REAC:R-HSA-73857
RIOK3,REAC:R-HSA-73857
MYO1D,REAC:R-HSA-73857
CDYL,REAC:R-HSA-73857
SPOCK1,REAC:R-HSA-73857
MAPK6,REAC:R-HSA-73857
CISH,REAC:R-HSA-73857
EGR3,REAC:R-HSA-73857
B3GALT5,REAC:R-HSA-73857
BBC3,REAC:R-HSA-73857
ZNF507,REAC:R-HSA-73857
TMC7,REAC:R-HSA-73857
VMP1,REAC:R-HSA-73857
OSBP2,REAC:R-HSA-73857
UNC13B,REAC:R-HSA-73857
SORCS1,REAC:R-HSA-73857
ARHGEF26,REAC:R-HSA-73857
PRDM16,REAC:R-HSA-73857
PLEKHA7,REAC:R-HSA-73857
FREM2,REAC:R-HSA-73857
FIGN,REAC:R-HSA-73857
KSR1,REAC:R-HSA-73857
ZSCAN25,REAC:R-HSA-73857
ZBTB12,REAC:R-HSA-73857
PDE3B,REAC:R-HSA-73857
TRPM6,REAC:R-HSA-73857
THAP11,REAC:R-HSA-73857
RAB4A,REAC:R-HSA-73857
OLR1,REAC:R-HSA-73857
ARIH2,REAC:R-HSA-73857
FBXW4,REAC:R-HSA-73857
CBX3,REAC:R-HSA-73857
KCTD1,REAC:R-HSA-73857
LMNB1,REAC:R-HSA-73857
DCTN5,REAC:R-HSA-73857
PRLR,REAC:R-HSA-73857
PID1,REAC:R-HSA-73857
KLF7,REAC:R-HSA-73857
CPD,REAC:R-HSA-73857
RNF217,REAC:R-HSA-73857
BEGAIN,REAC:R-HSA-73857
USP9X,REAC:R-HSA-73857
KLHL15,REAC:R-HSA-73857
VXN,REAC:R-HSA-73857
PDZD4,REAC:R-HSA-73857
CENPO,REAC:R-HSA-73857
CDH3,REAC:R-HSA-73857
KCNJ11,REAC:R-HSA-73857
G6PC3,REAC:R-HSA-73857
ERGIC2,REAC:R-HSA-73857
TIMM17A,REAC:R-HSA-73857
TIMM50,REAC:R-HSA-73857
IRS1,REAC:R-HSA-73857
CNN1,REAC:R-HSA-73857
SLF2,REAC:R-HSA-73857
MAGOHB,REAC:R-HSA-73857
MRS2,REAC:R-HSA-73857
DDX6,REAC:R-HSA-73857
EML1,REAC:R-HSA-73857
C6orf89,REAC:R-HSA-73857
CHRM5,REAC:R-HSA-73857
POLR3G,REAC:R-HSA-73857
SNAI1,REAC:R-HSA-73857
BMPER,REAC:R-HSA-73857
PTPN9,REAC:R-HSA-73857
ELOVL5,REAC:R-HSA-73857
PRPF4B,REAC:R-HSA-73857
NHS,REAC:R-HSA-73857
ADCY5,REAC:R-HSA-73857
NRXN1,REAC:R-HSA-73857
RGS7,REAC:R-HSA-73857
EBF3,REAC:R-HSA-73857
LCMT2,REAC:R-HSA-73857
ANKH,REAC:R-HSA-73857
KIF3C,REAC:R-HSA-73857
NFIX,REAC:R-HSA-73857
TMOD2,REAC:R-HSA-73857
ELAPOR1,REAC:R-HSA-73857
SOCS4,REAC:R-HSA-73857
SLC25A27,REAC:R-HSA-73857
RAB18,REAC:R-HSA-73857
SUSD6,REAC:R-HSA-73857
RASA1,REAC:R-HSA-73857
NDST1,REAC:R-HSA-73857
GGA3,REAC:R-HSA-73857
GSTO2,REAC:R-HSA-73857
ZNF217,REAC:R-HSA-73857
HIPK2,REAC:R-HSA-73857
EPN1,REAC:R-HSA-73857
ELN,REAC:R-HSA-73857
ZSCAN12,REAC:R-HSA-73857
RARB,REAC:R-HSA-73857
CASP10,REAC:R-HSA-73857
PPP3R1,REAC:R-HSA-73857
STX5,REAC:R-HSA-73857
TNKS,REAC:R-HSA-73857
ZFYVE26,REAC:R-HSA-73857
COG5,REAC:R-HSA-73857
MAF,REAC:R-HSA-73857
PPARGC1B,REAC:R-HSA-73857
TMTC3,REAC:R-HSA-73857
CCND1,REAC:R-HSA-73857
STYX,REAC:R-HSA-73857
NUP133,REAC:R-HSA-73857
RANBP3,REAC:R-HSA-73857
HCAR3,REAC:R-HSA-73857
MVB12B,REAC:R-HSA-73857
LRRC8C,REAC:R-HSA-73857
TNFSF10,REAC:R-HSA-73857
RNF141,REAC:R-HSA-73857
STT3A,REAC:R-HSA-73857
KDR,REAC:R-HSA-73857
WNT7B,REAC:R-HSA-73857
KCND1,REAC:R-HSA-73857
RBFOX2,REAC:R-HSA-73857
RASGEF1A,REAC:R-HSA-73857
TRAK1,REAC:R-HSA-73857
UBXN7,REAC:R-HSA-73857
SLC26A9,REAC:R-HSA-73857
PAK4,REAC:R-HSA-9013149
ABI2,REAC:R-HSA-9013149
EIF4B,REAC:R-HSA-9013149
TRUB1,REAC:R-HSA-9013149
ZFP3,REAC:R-HSA-9013149
RNF4,REAC:R-HSA-9013149
TMPO,REAC:R-HSA-9013149
CPEB3,REAC:R-HSA-9013149
UEVLD,REAC:R-HSA-9013149
NME7,REAC:R-HSA-9013149
TIAM2,REAC:R-HSA-9013149
CALM1,REAC:R-HSA-9013149
SHE,REAC:R-HSA-9013149
TMEM178B,REAC:R-HSA-9013149
HAUS8,REAC:R-HSA-9013149
EPG5,REAC:R-HSA-9013149
XKR4,REAC:R-HSA-9013149
ECE1,REAC:R-HSA-9013149
FBXO39,REAC:R-HSA-9013149
RRP12,REAC:R-HSA-9013149
MYLK,REAC:R-HSA-9013149
PSME3,REAC:R-HSA-9013149
LYSMD3,REAC:R-HSA-9013149
CLCN3,REAC:R-HSA-9013149
PAK3,REAC:R-HSA-9013149
AP3M1,REAC:R-HSA-9013149
ARFGEF3,REAC:R-HSA-9013149
KIAA0232,REAC:R-HSA-9013149
PAX2,REAC:R-HSA-9013149
POLR1C,REAC:R-HSA-9013149
TNFSF13B,REAC:R-HSA-9013149
SERAC1,REAC:R-HSA-9013149
RAPGEF5,REAC:R-HSA-9013149
PURA,REAC:R-HSA-9013149
SZRD1,REAC:R-HSA-9013149
PDK4,REAC:R-HSA-9013149
MCF2L,REAC:R-HSA-9013149
SSR1,REAC:R-HSA-9013149
ADCY9,REAC:R-HSA-9013149
WTAP,REAC:R-HSA-9013149
IGF2BP1,REAC:R-HSA-9013149
DDX19B,REAC:R-HSA-9013149
MAD2L1,REAC:R-HSA-9013149
GNAQ,REAC:R-HSA-9013149
SH3PXD2A,REAC:R-HSA-9013149
WBP2,REAC:R-HSA-9013149
INO80D,REAC:R-HSA-9839389
EIF1AX,REAC:R-HSA-9839389
USP12,REAC:R-HSA-9839389
SCAMP5,REAC:R-HSA-9839389
TMED9,REAC:R-HSA-9839389
BTG1,REAC:R-HSA-9839389
TRUB1,REAC:R-HSA-9013106
RNF4,REAC:R-HSA-9013106
UEVLD,REAC:R-HSA-9013106
ZBTB20,REAC:R-HSA-9013106
SHE,REAC:R-HSA-9013106
SFMBT2,REAC:R-HSA-9013106
EPG5,REAC:R-HSA-9013106
AP3M1,REAC:R-HSA-9013106
CNKSR3,REAC:R-HSA-9013106
CCDC71L,REAC:R-HSA-9013106
PAX2,REAC:R-HSA-9013106
SERAC1,REAC:R-HSA-9013106
TRPM7,REAC:R-HSA-9013106
SLC39A10,REAC:R-HSA-9013106
PDK4,REAC:R-HSA-9013106
SSR1,REAC:R-HSA-9013106
SEPTIN6,REAC:R-HSA-9013106
ICE1,REAC:R-HSA-9013106
IGF2BP1,REAC:R-HSA-9013106
TGFBR3,REAC:R-HSA-9013106
GNAQ,REAC:R-HSA-9013106
SYNJ2BP,REAC:R-HSA-9013106
CCDC120,REAC:R-HSA-9013106
GNAI1,REAC:R-HSA-163685
CDC23,REAC:R-HSA-163685
PPM1K,REAC:R-HSA-163685
VGLL4,REAC:R-HSA-163685
IGSF3,REAC:R-HSA-163685
NUFIP2,REAC:R-HSA-163685
BCL2L11,REAC:R-HSA-163685
RPS6KA6,REAC:R-HSA-163685
HECTD2,REAC:R-HSA-163685
TSN,REAC:R-HSA-163685
PLCL2,REAC:R-HSA-163685
ABHD2,REAC:R-HSA-163685
DDIAS,REAC:R-HSA-163685
SPOPL,REAC:R-HSA-163685
DR1,REAC:R-HSA-163685
RGS9BP,REAC:R-HSA-163685
DPP8,REAC:R-HSA-163685
KCNJ12,REAC:R-HSA-163685
CYLD,REAC:R-HSA-163685
ARL5A,REAC:R-HSA-163685
ATXN1,REAC:R-HSA-163685
LMO4,REAC:R-HSA-163685
GNS,REAC:R-HSA-163685
SUFU,REAC:R-HSA-163685
EML4,REAC:R-HSA-163685
NT5DC1,REAC:R-HSA-163685
EBF3,REAC:R-HSA-163685
PDPR,REAC:R-HSA-163685
LIPH,REAC:R-HSA-163685
PHKA1,REAC:R-HSA-163685
TP53,REAC:R-HSA-6804757
MDM4,REAC:R-HSA-6804757
ACP6,REAC:R-HSA-6804757
SSBP2,REAC:R-HSA-6804757
TFCP2L1,REAC:R-HSA-6804757
MSMO1,REAC:R-HSA-6804757
DDIAS,REAC:R-HSA-6804757
TNIK,REAC:R-HSA-6804757
FIGN,REAC:R-HSA-6804757
ZBTB12,REAC:R-HSA-6804757
RGS7,REAC:R-HSA-6804757
EBF3,REAC:R-HSA-6804757
ELAPOR1,REAC:R-HSA-6804757
HIPK2,REAC:R-HSA-6804757
RPA1,REAC:R-HSA-3700989
TP53,REAC:R-HSA-3700989
YWHAG,REAC:R-HSA-3700989
MDM4,REAC:R-HSA-3700989
CHEK1,REAC:R-HSA-3700989
TTC5,REAC:R-HSA-3700989
AGO1,REAC:R-HSA-3700989
YWHAQ,REAC:R-HSA-3700989
SOCS6,REAC:R-HSA-3700989
LAMTOR3,REAC:R-HSA-3700989
ACP6,REAC:R-HSA-3700989
SSBP2,REAC:R-HSA-3700989
NR6A1,REAC:R-HSA-3700989
RNF144B,REAC:R-HSA-3700989
TFCP2L1,REAC:R-HSA-3700989
USP28,REAC:R-HSA-3700989
RLIM,REAC:R-HSA-3700989
CSNK1G1,REAC:R-HSA-3700989
PDCD4,REAC:R-HSA-3700989
MSMO1,REAC:R-HSA-3700989
TFAP2B,REAC:R-HSA-3700989
C1orf21,REAC:R-HSA-3700989
NUP43,REAC:R-HSA-3700989
PPM1H,REAC:R-HSA-3700989
BEST1,REAC:R-HSA-3700989
TBP,REAC:R-HSA-3700989
GRAMD1B,REAC:R-HSA-3700989
TSN,REAC:R-HSA-3700989
KCNJ15,REAC:R-HSA-3700989
YOD1,REAC:R-HSA-3700989
DDIAS,REAC:R-HSA-3700989
DR1,REAC:R-HSA-3700989
EMP2,REAC:R-HSA-3700989
NCKAP5,REAC:R-HSA-3700989
DLG2,REAC:R-HSA-3700989
SLC25A22,REAC:R-HSA-3700989
SEPTIN8,REAC:R-HSA-3700989
MON2,REAC:R-HSA-3700989
SLC30A1,REAC:R-HSA-3700989
TNIK,REAC:R-HSA-3700989
EFS,REAC:R-HSA-3700989
MYO1D,REAC:R-HSA-3700989
SPOCK1,REAC:R-HSA-3700989
MAPK6,REAC:R-HSA-3700989
EGR3,REAC:R-HSA-3700989
BBC3,REAC:R-HSA-3700989
OSBP2,REAC:R-HSA-3700989
UNC13B,REAC:R-HSA-3700989
PRDM16,REAC:R-HSA-3700989
FIGN,REAC:R-HSA-3700989
KSR1,REAC:R-HSA-3700989
ZBTB12,REAC:R-HSA-3700989
PDE3B,REAC:R-HSA-3700989
THAP11,REAC:R-HSA-3700989
KCTD1,REAC:R-HSA-3700989
KLF7,REAC:R-HSA-3700989
CPD,REAC:R-HSA-3700989
KLHL15,REAC:R-HSA-3700989
CDH3,REAC:R-HSA-3700989
ERGIC2,REAC:R-HSA-3700989
MRS2,REAC:R-HSA-3700989
EML1,REAC:R-HSA-3700989
RGS7,REAC:R-HSA-3700989
EBF3,REAC:R-HSA-3700989
KIF3C,REAC:R-HSA-3700989
ELAPOR1,REAC:R-HSA-3700989
RASA1,REAC:R-HSA-3700989
NDST1,REAC:R-HSA-3700989
HIPK2,REAC:R-HSA-3700989
ZSCAN12,REAC:R-HSA-3700989
ZFYVE26,REAC:R-HSA-3700989
MAF,REAC:R-HSA-3700989
CCND1,REAC:R-HSA-3700989
STYX,REAC:R-HSA-3700989
MVB12B,REAC:R-HSA-3700989
LRRC8C,REAC:R-HSA-3700989
KDR,REAC:R-HSA-3700989
GNAI1,REAC:R-HSA-112315
CDC23,REAC:R-HSA-112315
SSBP2,REAC:R-HSA-112315
LDLRAD3,REAC:R-HSA-112315
ZBTB6,REAC:R-HSA-112315
MAP3K9,REAC:R-HSA-112315
PPM1K,REAC:R-HSA-112315
VGLL4,REAC:R-HSA-112315
SMS,REAC:R-HSA-112315
RPS6KA6,REAC:R-HSA-112315
C9orf64,REAC:R-HSA-112315
SPTLC1,REAC:R-HSA-112315
TIMP3,REAC:R-HSA-112315
HECTD2,REAC:R-HSA-112315
LHX4,REAC:R-HSA-112315
FAHD2A,REAC:R-HSA-112315
TENT5C,REAC:R-HSA-112315
PRKCE,REAC:R-HSA-112315
TSN,REAC:R-HSA-112315
SETD6,REAC:R-HSA-112315
ATAD2,REAC:R-HSA-112315
ABHD2,REAC:R-HSA-112315
ADCY2,REAC:R-HSA-112315
IKBKB,REAC:R-HSA-112315
DR1,REAC:R-HSA-112315
NCS1,REAC:R-HSA-112315
ASB4,REAC:R-HSA-112315
POU5F1B,REAC:R-HSA-112315
ARAP2,REAC:R-HSA-112315
DPP8,REAC:R-HSA-112315
DUSP8,REAC:R-HSA-112315
FAM199X,REAC:R-HSA-112315
PLA2G2C,REAC:R-HSA-112315
MRTFB,REAC:R-HSA-112315
EIF5B,REAC:R-HSA-112315
ARL5A,REAC:R-HSA-112315
ATXN1,REAC:R-HSA-112315
HIF1AN,REAC:R-HSA-112315
KHNYN,REAC:R-HSA-112315
TNFAIP8,REAC:R-HSA-112315
KLF7,REAC:R-HSA-112315
CHPT1,REAC:R-HSA-112315
TIMM17A,REAC:R-HSA-112315
MTMR1,REAC:R-HSA-112315
VLDLR,REAC:R-HSA-112315
POLR1A,REAC:R-HSA-112315
RAP1B,REAC:R-HSA-112315
SUFU,REAC:R-HSA-112315
EML4,REAC:R-HSA-112315
TEAD3,REAC:R-HSA-112315
EXT2,REAC:R-HSA-112315
PDPR,REAC:R-HSA-112315
SESN3,REAC:R-HSA-112315
LIPH,REAC:R-HSA-112315
BHLHE41,REAC:R-HSA-112315
TMEM38A,REAC:R-HSA-112315
CHI3L1,REAC:R-HSA-112315
CDKL2,REAC:R-HSA-112315
GABRA3,REAC:R-HSA-112315
SSBP2,REAC:R-HSA-442742
LDLRAD3,REAC:R-HSA-442742
SMS,REAC:R-HSA-442742
TIMP3,REAC:R-HSA-442742
LHX4,REAC:R-HSA-442742
FAHD2A,REAC:R-HSA-442742
TENT5C,REAC:R-HSA-442742
ATAD2,REAC:R-HSA-442742
ARAP2,REAC:R-HSA-442742
DUSP8,REAC:R-HSA-442742
RAP1B,REAC:R-HSA-442742
AGO1,REAC:R-HSA-9839394
PGRMC2,REAC:R-HSA-9839394
ZXDA,REAC:R-HSA-9839394
BAK1,REAC:R-HSA-9839394
SLC30A1,REAC:R-HSA-9839394
UNC13B,REAC:R-HSA-9839394
ZNF48,REAC:R-HSA-9839394
PRDM16,REAC:R-HSA-9839394
MRS2,REAC:R-HSA-9839394
NUP133,REAC:R-HSA-9839394
BTG1,REAC:R-HSA-9839394
NRP1,REAC:R-HSA-194306
CDC25A,REAC:R-HSA-194306
STK40,REAC:R-HSA-194306
THRB,REAC:R-HSA-194306
MAX,REAC:R-HSA-1362277
E2F5,REAC:R-HSA-1362277
VTI1B,REAC:R-HSA-1362277
TRAPPC8,REAC:R-HSA-1362277
EFS,REAC:R-HSA-1362277
PDE3B,REAC:R-HSA-1362277
CCND1,REAC:R-HSA-1362277
MVB12B,REAC:R-HSA-1362277
FAM174B,REAC:R-HSA-1362277
NRP1,REAC:R-HSA-373760
ITGA10,REAC:R-HSA-373760
FOXN2,REAC:R-HSA-373760
LDLRAD3,REAC:R-HSA-373760
TVP23B,REAC:R-HSA-373760
G3BP1,REAC:R-HSA-373760
GRK3,REAC:R-HSA-373760
AMMECR1,REAC:R-HSA-373760
SMS,REAC:R-HSA-373760
UBN2,REAC:R-HSA-373760
GINS1,REAC:R-HSA-373760
SLC39A6,REAC:R-HSA-373760
AKAP12,REAC:R-HSA-373760
BCL7C,REAC:R-HSA-373760
TENT5C,REAC:R-HSA-373760
CDC25A,REAC:R-HSA-373760
NCKAP5,REAC:R-HSA-373760
DDI2,REAC:R-HSA-373760
TOP1,REAC:R-HSA-373760
LRP2,REAC:R-HSA-373760
JPT1,REAC:R-HSA-373760
PKN2,REAC:R-HSA-373760
FAM126B,REAC:R-HSA-373760
KIAA1614,REAC:R-HSA-373760
RICTOR,REAC:R-HSA-373760
PIK3CB,REAC:R-HSA-373760
TNFAIP8,REAC:R-HSA-373760
RAB9B,REAC:R-HSA-373760
DHRS13,REAC:R-HSA-373760
DMXL1,REAC:R-HSA-373760
DDX19A,REAC:R-HSA-373760
GNAQ,REAC:R-HSA-373760
TGIF1,REAC:R-HSA-2173795
LDLRAD3,REAC:R-HSA-2173795
RALGPS1,REAC:R-HSA-2173795
SCN2B,REAC:R-HSA-2173795
TNFRSF19,REAC:R-HSA-2173795
INSIG2,REAC:R-HSA-2173795
NSG1,REAC:R-HSA-2173795
HPS5,REAC:R-HSA-2173795
RAPH1,REAC:R-HSA-2173795
BEGAIN,REAC:R-HSA-2173795
ANKH,REAC:R-HSA-2173795
TRAK1,REAC:R-HSA-2173795
TP53,REAC:R-HSA-6806003
MDM4,REAC:R-HSA-6806003
ACP6,REAC:R-HSA-6806003
SSBP2,REAC:R-HSA-6806003
TFCP2L1,REAC:R-HSA-6806003
MSMO1,REAC:R-HSA-6806003
DDIAS,REAC:R-HSA-6806003
TNIK,REAC:R-HSA-6806003
FIGN,REAC:R-HSA-6806003
ZBTB12,REAC:R-HSA-6806003
RGS7,REAC:R-HSA-6806003
EBF3,REAC:R-HSA-6806003
ELAPOR1,REAC:R-HSA-6806003
HIPK2,REAC:R-HSA-6806003
TP53,REAC:R-HSA-2559585
MDM4,REAC:R-HSA-2559585
AGO1,REAC:R-HSA-2559585
LDLRAD3,REAC:R-HSA-2559585
SEMA3A,REAC:R-HSA-2559585
RSBN1L,REAC:R-HSA-2559585
SLC30A1,REAC:R-HSA-2559585
UNC13B,REAC:R-HSA-2559585
PRDM16,REAC:R-HSA-2559585
MRS2,REAC:R-HSA-2559585
ELN,REAC:R-HSA-2559585
GPR63,REAC:R-HSA-2559585
CCND1,REAC:R-HSA-2559585
RUNX1,REAC:R-HSA-8951936
CDC40,REAC:R-HSA-8951936
AEBP2,REAC:R-HSA-8951936
SNAI1,REAC:R-HSA-8951936
PRPF4B,REAC:R-HSA-8951936
COG5,REAC:R-HSA-8951936
AGO1,REAC:R-HSA-9759811
KDSR,REAC:R-HSA-9759811
SLC30A1,REAC:R-HSA-9759811
UNC13B,REAC:R-HSA-9759811
PRDM16,REAC:R-HSA-9759811
MRS2,REAC:R-HSA-9759811
AGO1,REAC:R-HSA-9768778
SLC30A1,REAC:R-HSA-9768778
ESRP2,REAC:R-HSA-9768778
UNC13B,REAC:R-HSA-9768778
PRDM16,REAC:R-HSA-9768778
MRS2,REAC:R-HSA-9768778
TP53,REAC:R-HSA-8943724
MTA3,REAC:R-HSA-8943724
SOCS6,REAC:R-HSA-8943724
NR6A1,REAC:R-HSA-8943724
LDLRAD3,REAC:R-HSA-8943724
NUP43,REAC:R-HSA-8943724
TBP,REAC:R-HSA-8943724
HMGCS1,REAC:R-HSA-8943724
RGS17,REAC:R-HSA-8943724
KSR1,REAC:R-HSA-8943724
PDE3B,REAC:R-HSA-8943724
TRPM6,REAC:R-HSA-8943724
CPD,REAC:R-HSA-8943724
CDH3,REAC:R-HSA-8943724
RASAL2,REAC:R-HSA-8943724
FNIP2,REAC:R-HSA-8943724
PAWR,REAC:R-HSA-8943724
STX5,REAC:R-HSA-8943724
KCND1,REAC:R-HSA-8943724
TRIM24,REAC:R-HSA-6802952
QKI,REAC:R-HSA-6802952
KIAA1549,REAC:R-HSA-6802952
LDLRAD3,REAC:R-HSA-6802952
CDCA3,REAC:R-HSA-6802952
TIMP3,REAC:R-HSA-6802952
ATAD2,REAC:R-HSA-6802952
DDI2,REAC:R-HSA-6802952
IPMK,REAC:R-HSA-6802952
LRP2,REAC:R-HSA-6802952
NFATC2IP,REAC:R-HSA-6802952
MSL1,REAC:R-HSA-6802952
UBLCP1,REAC:R-HSA-6802952
KIAA1614,REAC:R-HSA-6802952
DBT,REAC:R-HSA-6802952
ZFHX4,REAC:R-HSA-6802952
RAP1B,REAC:R-HSA-6802952
TMED9,REAC:R-HSA-6802952
STEAP3,REAC:R-HSA-6802952
IVD,REAC:R-HSA-6802952
PAK4,REAC:R-HSA-9013409
TRUB1,REAC:R-HSA-9013409
ZFP3,REAC:R-HSA-9013409
RNF4,REAC:R-HSA-9013409
H2AZ2,REAC:R-HSA-9013409
UEVLD,REAC:R-HSA-9013409
STK24,REAC:R-HSA-9013409
CLCN3,REAC:R-HSA-9013409
AP3M1,REAC:R-HSA-9013409
PIK3R3,REAC:R-HSA-9013409
SERAC1,REAC:R-HSA-9013409
RAPGEF5,REAC:R-HSA-9013409
UBE3C,REAC:R-HSA-9013409
SSR1,REAC:R-HSA-9013409
FBXL19,REAC:R-HSA-9013409
LRRC8C,REAC:R-HSA-9013409
MAD2L1,REAC:R-HSA-9013409
SH3PXD2A,REAC:R-HSA-9013409
ZEB2,REAC:R-HSA-9764260
HOXC8,REAC:R-HSA-9764260
AGO1,REAC:R-HSA-9764260
KDSR,REAC:R-HSA-9764260
SLC30A1,REAC:R-HSA-9764260
UNC13B,REAC:R-HSA-9764260
PRDM16,REAC:R-HSA-9764260
MRS2,REAC:R-HSA-9764260
FAR1,REAC:R-HSA-9764260
FNIP2,REAC:R-HSA-9764260
TTBK2,REAC:R-HSA-9764260
PACRGL,REAC:R-HSA-9764260
TGIF1,REAC:R-HSA-170834
E2F5,REAC:R-HSA-170834
LDLRAD3,REAC:R-HSA-170834
RALGPS1,REAC:R-HSA-170834
PDCD4,REAC:R-HSA-170834
SCN2B,REAC:R-HSA-170834
IGF1,REAC:R-HSA-170834
DCX,REAC:R-HSA-170834
INO80D,REAC:R-HSA-170834
TNFRSF19,REAC:R-HSA-170834
INSIG2,REAC:R-HSA-170834
EIF1AX,REAC:R-HSA-170834
NSG1,REAC:R-HSA-170834
HPS5,REAC:R-HSA-170834
SEPTIN8,REAC:R-HSA-170834
RAPH1,REAC:R-HSA-170834
EFS,REAC:R-HSA-170834
LRP2,REAC:R-HSA-170834
BEGAIN,REAC:R-HSA-170834
LRCH1,REAC:R-HSA-170834
KCNJ11,REAC:R-HSA-170834
SCAMP5,REAC:R-HSA-170834
ANKH,REAC:R-HSA-170834
CCND1,REAC:R-HSA-170834
BTG1,REAC:R-HSA-170834
TRAK1,REAC:R-HSA-170834
ZEB2,REAC:R-HSA-9759476
HOXC8,REAC:R-HSA-9759476
AGO1,REAC:R-HSA-9759476
KDSR,REAC:R-HSA-9759476
SLC30A1,REAC:R-HSA-9759476
UNC13B,REAC:R-HSA-9759476
PRDM16,REAC:R-HSA-9759476
MRS2,REAC:R-HSA-9759476
FAR1,REAC:R-HSA-9759476
FNIP2,REAC:R-HSA-9759476
TTBK2,REAC:R-HSA-9759476
PACRGL,REAC:R-HSA-9759476
RPA1,REAC:R-HSA-212436
ZNF740,REAC:R-HSA-212436
PLXNA4,REAC:R-HSA-212436
TP53,REAC:R-HSA-212436
YWHAG,REAC:R-HSA-212436
MDM4,REAC:R-HSA-212436
SMARCA4,REAC:R-HSA-212436
CHEK1,REAC:R-HSA-212436
RUNX1,REAC:R-HSA-212436
SKP1,REAC:R-HSA-212436
SMARCD1,REAC:R-HSA-212436
TTC5,REAC:R-HSA-212436
NFYA,REAC:R-HSA-212436
ZNF710,REAC:R-HSA-212436
UBE2I,REAC:R-HSA-212436
ANAPC15,REAC:R-HSA-212436
TGIF1,REAC:R-HSA-212436
OCLN,REAC:R-HSA-212436
AGO1,REAC:R-HSA-212436
H3-3B,REAC:R-HSA-212436
SMARCC1,REAC:R-HSA-212436
MAX,REAC:R-HSA-212436
KCTD15,REAC:R-HSA-212436
E2F5,REAC:R-HSA-212436
CBX5,REAC:R-HSA-212436
YWHAQ,REAC:R-HSA-212436
SOCS6,REAC:R-HSA-212436
LAMTOR3,REAC:R-HSA-212436
IKZF3,REAC:R-HSA-212436
FUT9,REAC:R-HSA-212436
DEUP1,REAC:R-HSA-212436
ACP6,REAC:R-HSA-212436
PGRMC2,REAC:R-HSA-212436
SSBP2,REAC:R-HSA-212436
NR6A1,REAC:R-HSA-212436
TPM4,REAC:R-HSA-212436
LDLRAD3,REAC:R-HSA-212436
NEURL1B,REAC:R-HSA-212436
ZXDA,REAC:R-HSA-212436
SCOC,REAC:R-HSA-212436
RNF144B,REAC:R-HSA-212436
FOXP1,REAC:R-HSA-212436
RALGPS1,REAC:R-HSA-212436
SAMD8,REAC:R-HSA-212436
CDCA3,REAC:R-HSA-212436
TFCP2L1,REAC:R-HSA-212436
USP28,REAC:R-HSA-212436
WDR82,REAC:R-HSA-212436
RABEP1,REAC:R-HSA-212436
RLIM,REAC:R-HSA-212436
SCD,REAC:R-HSA-212436
CSNK1G1,REAC:R-HSA-212436
PDCD4,REAC:R-HSA-212436
MSMO1,REAC:R-HSA-212436
HBEGF,REAC:R-HSA-212436
SCN2B,REAC:R-HSA-212436
TOM1L2,REAC:R-HSA-212436
TIMP3,REAC:R-HSA-212436
NAA15,REAC:R-HSA-212436
TFAP2B,REAC:R-HSA-212436
C1orf21,REAC:R-HSA-212436
CDC40,REAC:R-HSA-212436
NUP43,REAC:R-HSA-212436
PPM1H,REAC:R-HSA-212436
MASTL,REAC:R-HSA-212436
BEST1,REAC:R-HSA-212436
TBP,REAC:R-HSA-212436
FNBP4,REAC:R-HSA-212436
ETNK2,REAC:R-HSA-212436
GRAMD1B,REAC:R-HSA-212436
TSN,REAC:R-HSA-212436
DICER1,REAC:R-HSA-212436
TNFRSF19,REAC:R-HSA-212436
ODF2L,REAC:R-HSA-212436
MYO18A,REAC:R-HSA-212436
KCNJ15,REAC:R-HSA-212436
TRIM5,REAC:R-HSA-212436
TSPAN5,REAC:R-HSA-212436
ATAD2,REAC:R-HSA-212436
YOD1,REAC:R-HSA-212436
HMGCS1,REAC:R-HSA-212436
PON2,REAC:R-HSA-212436
MKRN1,REAC:R-HSA-212436
SRPK1,REAC:R-HSA-212436
SLC25A15,REAC:R-HSA-212436
DDIAS,REAC:R-HSA-212436
ZNRF3,REAC:R-HSA-212436
DR1,REAC:R-HSA-212436
GNAI3,REAC:R-HSA-212436
EMP2,REAC:R-HSA-212436
INSIG2,REAC:R-HSA-212436
NCKAP5,REAC:R-HSA-212436
NSG1,REAC:R-HSA-212436
NCMAP,REAC:R-HSA-212436
CDK17,REAC:R-HSA-212436
DLG2,REAC:R-HSA-212436
HPS5,REAC:R-HSA-212436
AEBP2,REAC:R-HSA-212436
FDXR,REAC:R-HSA-212436
SLC25A22,REAC:R-HSA-212436
SEPTIN8,REAC:R-HSA-212436
KCNK6,REAC:R-HSA-212436
NXT2,REAC:R-HSA-212436
BICD1,REAC:R-HSA-212436
MON2,REAC:R-HSA-212436
RAPH1,REAC:R-HSA-212436
GAB1,REAC:R-HSA-212436
SLC30A1,REAC:R-HSA-212436
SATB2,REAC:R-HSA-212436
TNIK,REAC:R-HSA-212436
TMED4,REAC:R-HSA-212436
EFS,REAC:R-HSA-212436
ESRP2,REAC:R-HSA-212436
CELF1,REAC:R-HSA-212436
RGS17,REAC:R-HSA-212436
PHC3,REAC:R-HSA-212436
GNA11,REAC:R-HSA-212436
DUSP8,REAC:R-HSA-212436
MYO1D,REAC:R-HSA-212436
CDYL,REAC:R-HSA-212436
SPOCK1,REAC:R-HSA-212436
MAPK6,REAC:R-HSA-212436
EGR3,REAC:R-HSA-212436
B3GALT5,REAC:R-HSA-212436
BBC3,REAC:R-HSA-212436
ZNF507,REAC:R-HSA-212436
TMC7,REAC:R-HSA-212436
VMP1,REAC:R-HSA-212436
OSBP2,REAC:R-HSA-212436
UNC13B,REAC:R-HSA-212436
ARHGEF26,REAC:R-HSA-212436
PRDM16,REAC:R-HSA-212436
PLEKHA7,REAC:R-HSA-212436
FREM2,REAC:R-HSA-212436
FIGN,REAC:R-HSA-212436
KSR1,REAC:R-HSA-212436
ZSCAN25,REAC:R-HSA-212436
ZBTB12,REAC:R-HSA-212436
PDE3B,REAC:R-HSA-212436
TRPM6,REAC:R-HSA-212436
THAP11,REAC:R-HSA-212436
RAB4A,REAC:R-HSA-212436
OLR1,REAC:R-HSA-212436
FBXW4,REAC:R-HSA-212436
CBX3,REAC:R-HSA-212436
KCTD1,REAC:R-HSA-212436
LMNB1,REAC:R-HSA-212436
DCTN5,REAC:R-HSA-212436
PRLR,REAC:R-HSA-212436
PID1,REAC:R-HSA-212436
KLF7,REAC:R-HSA-212436
CPD,REAC:R-HSA-212436
RNF217,REAC:R-HSA-212436
BEGAIN,REAC:R-HSA-212436
USP9X,REAC:R-HSA-212436
KLHL15,REAC:R-HSA-212436
VXN,REAC:R-HSA-212436
PDZD4,REAC:R-HSA-212436
CENPO,REAC:R-HSA-212436
CDH3,REAC:R-HSA-212436
KCNJ11,REAC:R-HSA-212436
ERGIC2,REAC:R-HSA-212436
TIMM17A,REAC:R-HSA-212436
IRS1,REAC:R-HSA-212436
CNN1,REAC:R-HSA-212436
SLF2,REAC:R-HSA-212436
MRS2,REAC:R-HSA-212436
DDX6,REAC:R-HSA-212436
EML1,REAC:R-HSA-212436
C6orf89,REAC:R-HSA-212436
SNAI1,REAC:R-HSA-212436
BMPER,REAC:R-HSA-212436
PTPN9,REAC:R-HSA-212436
PRPF4B,REAC:R-HSA-212436
NHS,REAC:R-HSA-212436
ADCY5,REAC:R-HSA-212436
NRXN1,REAC:R-HSA-212436
RGS7,REAC:R-HSA-212436
EBF3,REAC:R-HSA-212436
LCMT2,REAC:R-HSA-212436
ANKH,REAC:R-HSA-212436
KIF3C,REAC:R-HSA-212436
NFIX,REAC:R-HSA-212436
TMOD2,REAC:R-HSA-212436
ELAPOR1,REAC:R-HSA-212436
SOCS4,REAC:R-HSA-212436
SLC25A27,REAC:R-HSA-212436
RAB18,REAC:R-HSA-212436
SUSD6,REAC:R-HSA-212436
RASA1,REAC:R-HSA-212436
NDST1,REAC:R-HSA-212436
GGA3,REAC:R-HSA-212436
ZNF217,REAC:R-HSA-212436
HIPK2,REAC:R-HSA-212436
EPN1,REAC:R-HSA-212436
ELN,REAC:R-HSA-212436
ZSCAN12,REAC:R-HSA-212436
RARB,REAC:R-HSA-212436
CASP10,REAC:R-HSA-212436
PPP3R1,REAC:R-HSA-212436
STX5,REAC:R-HSA-212436
TNKS,REAC:R-HSA-212436
ZFYVE26,REAC:R-HSA-212436
COG5,REAC:R-HSA-212436
MAF,REAC:R-HSA-212436
TMTC3,REAC:R-HSA-212436
CCND1,REAC:R-HSA-212436
STYX,REAC:R-HSA-212436
NUP133,REAC:R-HSA-212436
RANBP3,REAC:R-HSA-212436
HCAR3,REAC:R-HSA-212436
MVB12B,REAC:R-HSA-212436
LRRC8C,REAC:R-HSA-212436
TNFSF10,REAC:R-HSA-212436
STT3A,REAC:R-HSA-212436
KDR,REAC:R-HSA-212436
WNT7B,REAC:R-HSA-212436
KCND1,REAC:R-HSA-212436
RBFOX2,REAC:R-HSA-212436
RASGEF1A,REAC:R-HSA-212436
TRAK1,REAC:R-HSA-212436
UBXN7,REAC:R-HSA-212436
SLC26A9,REAC:R-HSA-212436
TP53,REAC:R-HSA-6804760
MDM4,REAC:R-HSA-6804760
TTC5,REAC:R-HSA-6804760
SLC25A22,REAC:R-HSA-6804760
MYO1D,REAC:R-HSA-6804760
SPOCK1,REAC:R-HSA-6804760
FIGN,REAC:R-HSA-6804760
NDST1,REAC:R-HSA-6804760
HIPK2,REAC:R-HSA-6804760
GNAI1,REAC:R-HSA-112314
CDC23,REAC:R-HSA-112314
SSBP2,REAC:R-HSA-112314
LDLRAD3,REAC:R-HSA-112314
ZBTB6,REAC:R-HSA-112314
PPM1K,REAC:R-HSA-112314
SMS,REAC:R-HSA-112314
RPS6KA6,REAC:R-HSA-112314
C9orf64,REAC:R-HSA-112314
SPTLC1,REAC:R-HSA-112314
TIMP3,REAC:R-HSA-112314
HECTD2,REAC:R-HSA-112314
LHX4,REAC:R-HSA-112314
FAHD2A,REAC:R-HSA-112314
TENT5C,REAC:R-HSA-112314
PRKCE,REAC:R-HSA-112314
TSN,REAC:R-HSA-112314
SETD6,REAC:R-HSA-112314
ATAD2,REAC:R-HSA-112314
ABHD2,REAC:R-HSA-112314
ADCY2,REAC:R-HSA-112314
IKBKB,REAC:R-HSA-112314
DR1,REAC:R-HSA-112314
NCS1,REAC:R-HSA-112314
ASB4,REAC:R-HSA-112314
POU5F1B,REAC:R-HSA-112314
ARAP2,REAC:R-HSA-112314
DPP8,REAC:R-HSA-112314
DUSP8,REAC:R-HSA-112314
PLA2G2C,REAC:R-HSA-112314
EIF5B,REAC:R-HSA-112314
KHNYN,REAC:R-HSA-112314
CHPT1,REAC:R-HSA-112314
TIMM17A,REAC:R-HSA-112314
MTMR1,REAC:R-HSA-112314
RAP1B,REAC:R-HSA-112314
EML4,REAC:R-HSA-112314
EXT2,REAC:R-HSA-112314
PDPR,REAC:R-HSA-112314
SESN3,REAC:R-HSA-112314
LIPH,REAC:R-HSA-112314
BHLHE41,REAC:R-HSA-112314
TMEM38A,REAC:R-HSA-112314
CHI3L1,REAC:R-HSA-112314
CDKL2,REAC:R-HSA-112314
GABRA3,REAC:R-HSA-112314
GHR,REAC:R-HSA-982772
LDLRAD3,REAC:R-HSA-982772
ANK3,REAC:R-HSA-982772
FDXR,REAC:R-HSA-982772
TMEM248,REAC:R-HSA-982772
BACH2,REAC:R-HSA-982772
AAMP,REAC:R-HSA-982772
PTAR1,REAC:R-HSA-982772
ARHGEF17,REAC:R-HSA-982772
TRIQK,REAC:R-HSA-982772
ZEB2,REAC:R-HSA-9759475
HOXC8,REAC:R-HSA-9759475
AGO1,REAC:R-HSA-9759475
KDSR,REAC:R-HSA-9759475
SLC30A1,REAC:R-HSA-9759475
UNC13B,REAC:R-HSA-9759475
PRDM16,REAC:R-HSA-9759475
MRS2,REAC:R-HSA-9759475
FAR1,REAC:R-HSA-9759475
FNIP2,REAC:R-HSA-9759475
TTBK2,REAC:R-HSA-9759475
YWHAG,REAC:R-HSA-75035
CHEK1,REAC:R-HSA-75035
YWHAQ,REAC:R-HSA-75035
DLG2,REAC:R-HSA-75035
PTPRA,REAC:R-HSA-75035
ELAPOR1,REAC:R-HSA-75035
HIPK2,REAC:R-HSA-75035
TP53,REAC:R-HSA-168142
SKP1,REAC:R-HSA-168142
MAPK8,REAC:R-HSA-168142
LDLRAD3,REAC:R-HSA-168142
G3BP1,REAC:R-HSA-168142
USP28,REAC:R-HSA-168142
TRMT13,REAC:R-HSA-168142
RTN4,REAC:R-HSA-168142
TBP,REAC:R-HSA-168142
E2F3,REAC:R-HSA-168142
DDIAS,REAC:R-HSA-168142
OTUD3,REAC:R-HSA-168142
TBX4,REAC:R-HSA-168142
FOXL1,REAC:R-HSA-168142
PIP5KL1,REAC:R-HSA-168142
SRD5A3,REAC:R-HSA-168142
LEF1,REAC:R-HSA-168142
KDM5A,REAC:R-HSA-168142
KCTD1,REAC:R-HSA-168142
PRLR,REAC:R-HSA-168142
SMOC2,REAC:R-HSA-168142
PGPEP1,REAC:R-HSA-168142
ATP6V1C1,REAC:R-HSA-168142
EBF3,REAC:R-HSA-168142
LIMD1,REAC:R-HSA-168142
WNT7B,REAC:R-HSA-168142
RAB5B,REAC:R-HSA-9007101
DENND2B,REAC:R-HSA-9007101
GDI2,REAC:R-HSA-9007101
ZZZ3,REAC:R-HSA-9007101
IPO9,REAC:R-HSA-9007101
LAMA4,REAC:R-HSA-9007101
TASP1,REAC:R-HSA-9007101
NEDD4L,REAC:R-HSA-9007101
SLC30A9,REAC:R-HSA-9007101
OTUD4,REAC:R-HSA-9007101
DOK7,REAC:R-HSA-9007101
GMCL1,REAC:R-HSA-9007101
FITM2,REAC:R-HSA-9007101
MACC1,REAC:R-HSA-9007101
AMMECR1L,REAC:R-HSA-9007101
TTPAL,REAC:R-HSA-9007101
PAK3,REAC:R-HSA-9007101
CLINT1,REAC:R-HSA-9007101
UBE2J1,REAC:R-HSA-9007101
PTP4A1,REAC:R-HSA-9007101
KYAT3,REAC:R-HSA-9007101
KLF10,REAC:R-HSA-9007101
PAX5,REAC:R-HSA-9007101
PARP6,REAC:R-HSA-9007101
MYO6,REAC:R-HSA-9007101
DYRK2,REAC:R-HSA-9007101
GNPNAT1,REAC:R-HSA-9007101
ZRANB2,REAC:R-HSA-9007101
RAD54L2,REAC:R-HSA-9007101
BTBD9,REAC:R-HSA-9007101
ATP8B2,REAC:R-HSA-9007101
TP53,REAC:R-HSA-975871
SKP1,REAC:R-HSA-975871
MAPK8,REAC:R-HSA-975871
LDLRAD3,REAC:R-HSA-975871
G3BP1,REAC:R-HSA-975871
USP28,REAC:R-HSA-975871
TRMT13,REAC:R-HSA-975871
RTN4,REAC:R-HSA-975871
TBP,REAC:R-HSA-975871
E2F3,REAC:R-HSA-975871
DDIAS,REAC:R-HSA-975871
OTUD3,REAC:R-HSA-975871
TBX4,REAC:R-HSA-975871
FOXL1,REAC:R-HSA-975871
PIP5KL1,REAC:R-HSA-975871
SRD5A3,REAC:R-HSA-975871
LEF1,REAC:R-HSA-975871
KDM5A,REAC:R-HSA-975871
KCTD1,REAC:R-HSA-975871
PRLR,REAC:R-HSA-975871
SMOC2,REAC:R-HSA-975871
PGPEP1,REAC:R-HSA-975871
ATP6V1C1,REAC:R-HSA-975871
EBF3,REAC:R-HSA-975871
LIMD1,REAC:R-HSA-975871
WNT7B,REAC:R-HSA-975871
TP53,REAC:R-HSA-975138
SKP1,REAC:R-HSA-975138
MAPK8,REAC:R-HSA-975138
LDLRAD3,REAC:R-HSA-975138
G3BP1,REAC:R-HSA-975138
USP28,REAC:R-HSA-975138
TRMT13,REAC:R-HSA-975138
RTN4,REAC:R-HSA-975138
TBP,REAC:R-HSA-975138
E2F3,REAC:R-HSA-975138
DDIAS,REAC:R-HSA-975138
OTUD3,REAC:R-HSA-975138
TBX4,REAC:R-HSA-975138
FOXL1,REAC:R-HSA-975138
PIP5KL1,REAC:R-HSA-975138
SRD5A3,REAC:R-HSA-975138
ARF3,REAC:R-HSA-975138
LEF1,REAC:R-HSA-975138
KDM5A,REAC:R-HSA-975138
KCTD1,REAC:R-HSA-975138
PRLR,REAC:R-HSA-975138
SMOC2,REAC:R-HSA-975138
PGPEP1,REAC:R-HSA-975138
ATP6V1C1,REAC:R-HSA-975138
EBF3,REAC:R-HSA-975138
LIMD1,REAC:R-HSA-975138
WNT7B,REAC:R-HSA-975138
FZD4,REAC:R-HSA-8856825
ITSN1,REAC:R-HSA-8856825
COPS7B,REAC:R-HSA-8856825
REPS2,REAC:R-HSA-8856825
LDLRAP1,REAC:R-HSA-8856825
VGLL4,REAC:R-HSA-8856825
RERE,REAC:R-HSA-8856825
AMMECR1,REAC:R-HSA-8856825
LDOC1,REAC:R-HSA-8856825
PDXDC1,REAC:R-HSA-8856825
ALPK3,REAC:R-HSA-8856825
HMGXB4,REAC:R-HSA-8856825
CCSER1,REAC:R-HSA-8856825
NFATC2,REAC:R-HSA-8856825
MIGA1,REAC:R-HSA-8856825
ZNF507,REAC:R-HSA-8856825
NCKAP1,REAC:R-HSA-8856825
XK,REAC:R-HSA-8856825
HIF1AN,REAC:R-HSA-8856825
RBM3,REAC:R-HSA-8856825
ZNF282,REAC:R-HSA-8856825
ZC3H8,REAC:R-HSA-8856825
SSR1,REAC:R-HSA-8856825
MFN2,REAC:R-HSA-8856825
ATP1A2,REAC:R-HSA-8856825
ANGEL1,REAC:R-HSA-8856825
TMED9,REAC:R-HSA-8856825
RMND5B,REAC:R-HSA-8856825
TP53,REAC:R-HSA-168176
SKP1,REAC:R-HSA-168176
MAPK8,REAC:R-HSA-168176
LDLRAD3,REAC:R-HSA-168176
G3BP1,REAC:R-HSA-168176
USP28,REAC:R-HSA-168176
TRMT13,REAC:R-HSA-168176
RTN4,REAC:R-HSA-168176
TBP,REAC:R-HSA-168176
E2F3,REAC:R-HSA-168176
DDIAS,REAC:R-HSA-168176
OTUD3,REAC:R-HSA-168176
TBX4,REAC:R-HSA-168176
FOXL1,REAC:R-HSA-168176
PIP5KL1,REAC:R-HSA-168176
SRD5A3,REAC:R-HSA-168176
LEF1,REAC:R-HSA-168176
KDM5A,REAC:R-HSA-168176
KCTD1,REAC:R-HSA-168176
PRLR,REAC:R-HSA-168176
SMOC2,REAC:R-HSA-168176
PGPEP1,REAC:R-HSA-168176
ATP6V1C1,REAC:R-HSA-168176
EBF3,REAC:R-HSA-168176
LIMD1,REAC:R-HSA-168176
WNT7B,REAC:R-HSA-168176
AGO1,REAC:R-HSA-9768759
HMGCS1,REAC:R-HSA-9768759
SLC30A1,REAC:R-HSA-9768759
ESRP2,REAC:R-HSA-9768759
UNC13B,REAC:R-HSA-9768759
PRDM16,REAC:R-HSA-9768759
MRS2,REAC:R-HSA-9768759
AGO1,REAC:R-HSA-426496
SLC30A1,REAC:R-HSA-426496
UNC13B,REAC:R-HSA-426496
PRDM16,REAC:R-HSA-426496
MRS2,REAC:R-HSA-426496
GNAI1,REAC:R-HSA-112040
LDLRAD3,REAC:R-HSA-112040
PPM1K,REAC:R-HSA-112040
TAF3,REAC:R-HSA-112040
TIMP3,REAC:R-HSA-112040
HECTD2,REAC:R-HSA-112040
PRKCE,REAC:R-HSA-112040
PLCL2,REAC:R-HSA-112040
ATAD2,REAC:R-HSA-112040
ABHD2,REAC:R-HSA-112040
ASB4,REAC:R-HSA-112040
RGS9BP,REAC:R-HSA-112040
EIF5B,REAC:R-HSA-112040
EML4,REAC:R-HSA-112040
PDPR,REAC:R-HSA-112040
LIPH,REAC:R-HSA-112040
PHKA1,REAC:R-HSA-112040
BTBD7,REAC:R-HSA-2465910
DDIAS,REAC:R-HSA-2465910
ZNRF2,REAC:R-HSA-2465910
EBF3,REAC:R-HSA-2465910
NEURL4,REAC:R-HSA-2465910
ELAPOR1,REAC:R-HSA-2465910
PGRMC2,REAC:R-HSA-525793
ZXDA,REAC:R-HSA-525793
USP28,REAC:R-HSA-525793
PHIP,REAC:R-HSA-525793
BAK1,REAC:R-HSA-525793
KDM6B,REAC:R-HSA-525793
MPPED2,REAC:R-HSA-525793
KCTD1,REAC:R-HSA-525793
RNF8,REAC:R-HSA-525793
MAD2L1,REAC:R-HSA-525793
WNT7B,REAC:R-HSA-525793
TP53,REAC:R-HSA-975155
SKP1,REAC:R-HSA-975155
MAPK8,REAC:R-HSA-975155
LDLRAD3,REAC:R-HSA-975155
G3BP1,REAC:R-HSA-975155
USP28,REAC:R-HSA-975155
TRMT13,REAC:R-HSA-975155
RTN4,REAC:R-HSA-975155
TBP,REAC:R-HSA-975155
E2F3,REAC:R-HSA-975155
DDIAS,REAC:R-HSA-975155
OTUD3,REAC:R-HSA-975155
TBX4,REAC:R-HSA-975155
FOXL1,REAC:R-HSA-975155
PIP5KL1,REAC:R-HSA-975155
SRD5A3,REAC:R-HSA-975155
ARF3,REAC:R-HSA-975155
LEF1,REAC:R-HSA-975155
KDM5A,REAC:R-HSA-975155
KCTD1,REAC:R-HSA-975155
PRLR,REAC:R-HSA-975155
SMOC2,REAC:R-HSA-975155
PGPEP1,REAC:R-HSA-975155
ATP6V1C1,REAC:R-HSA-975155
EBF3,REAC:R-HSA-975155
LIMD1,REAC:R-HSA-975155
WNT7B,REAC:R-HSA-975155
RPA1,REAC:R-HSA-597592
RAB5B,REAC:R-HSA-597592
DAG1,REAC:R-HSA-597592
ASB6,REAC:R-HSA-597592
TP53,REAC:R-HSA-597592
NEGR1,REAC:R-HSA-597592
NCOA2,REAC:R-HSA-597592
MDM4,REAC:R-HSA-597592
CUL3,REAC:R-HSA-597592
CHRDL1,REAC:R-HSA-597592
COPS7B,REAC:R-HSA-597592
SKP1,REAC:R-HSA-597592
WDTC1,REAC:R-HSA-597592
USP3,REAC:R-HSA-597592
UBE2I,REAC:R-HSA-597592
DYNLL2,REAC:R-HSA-597592
ST8SIA2,REAC:R-HSA-597592
QSOX1,REAC:R-HSA-597592
STAG2,REAC:R-HSA-597592
RAB15,REAC:R-HSA-597592
FSTL1,REAC:R-HSA-597592
FBXO21,REAC:R-HSA-597592
CBX5,REAC:R-HSA-597592
GOSR1,REAC:R-HSA-597592
FAM102A,REAC:R-HSA-597592
TLN2,REAC:R-HSA-597592
TPM4,REAC:R-HSA-597592
MAPK1,REAC:R-HSA-597592
TVP23B,REAC:R-HSA-597592
METTL1,REAC:R-HSA-597592
PDE1C,REAC:R-HSA-597592
RALGPS1,REAC:R-HSA-597592
ZZZ3,REAC:R-HSA-597592
HOXA9,REAC:R-HSA-597592
CACNA1C,REAC:R-HSA-597592
IPO9,REAC:R-HSA-597592
FAM133B,REAC:R-HSA-597592
CACUL1,REAC:R-HSA-597592
GRK3,REAC:R-HSA-597592
ITIH5,REAC:R-HSA-597592
TRMT13,REAC:R-HSA-597592
RTN4,REAC:R-HSA-597592
CCNJL,REAC:R-HSA-597592
EXPH5,REAC:R-HSA-597592
SBNO1,REAC:R-HSA-597592
NPNT,REAC:R-HSA-597592
GMPPB,REAC:R-HSA-597592
MGAT4A,REAC:R-HSA-597592
RPA2,REAC:R-HSA-597592
TOLLIP,REAC:R-HSA-597592
LRIG2,REAC:R-HSA-597592
NEDD4L,REAC:R-HSA-597592
PPIG,REAC:R-HSA-597592
ELP4,REAC:R-HSA-597592
ATE1,REAC:R-HSA-597592
NAA15,REAC:R-HSA-597592
TMEM26,REAC:R-HSA-597592
ANKFY1,REAC:R-HSA-597592
IFFO2,REAC:R-HSA-597592
ZMYM2,REAC:R-HSA-597592
PGM2L1,REAC:R-HSA-597592
OTUD4,REAC:R-HSA-597592
SLC4A7,REAC:R-HSA-597592
RRAGD,REAC:R-HSA-597592
DCX,REAC:R-HSA-597592
AKAP12,REAC:R-HSA-597592
EIF2S1,REAC:R-HSA-597592
SYNCRIP,REAC:R-HSA-597592
DCUN1D3,REAC:R-HSA-597592
RASGRF1,REAC:R-HSA-597592
INO80D,REAC:R-HSA-597592
CHMP7,REAC:R-HSA-597592
BCL7C,REAC:R-HSA-597592
TRAPPC8,REAC:R-HSA-597592
CCSER1,REAC:R-HSA-597592
FITM2,REAC:R-HSA-597592
ODF2L,REAC:R-HSA-597592
CCNYL1,REAC:R-HSA-597592
C2orf69,REAC:R-HSA-597592
ST6GALNAC3,REAC:R-HSA-597592
NETO2,REAC:R-HSA-597592
NAIF1,REAC:R-HSA-597592
RUFY2,REAC:R-HSA-597592
DCAF10,REAC:R-HSA-597592
MKRN1,REAC:R-HSA-597592
E2F3,REAC:R-HSA-597592
XKRX,REAC:R-HSA-597592
NAA30,REAC:R-HSA-597592
INSYN2B,REAC:R-HSA-597592
NEK10,REAC:R-HSA-597592
DCUN1D4,REAC:R-HSA-597592
MECP2,REAC:R-HSA-597592
PPP2CA,REAC:R-HSA-597592
PPP6R3,REAC:R-HSA-597592
ATOH8,REAC:R-HSA-597592
ZC2HC1A,REAC:R-HSA-597592
GMEB1,REAC:R-HSA-597592
SP6,REAC:R-HSA-597592
NAA25,REAC:R-HSA-597592
EIF1AX,REAC:R-HSA-597592
FMR1,REAC:R-HSA-597592
MAFK,REAC:R-HSA-597592
SMAD5,REAC:R-HSA-597592
TRIM71,REAC:R-HSA-597592
CDH11,REAC:R-HSA-597592
DCAF11,REAC:R-HSA-597592
NSD3,REAC:R-HSA-597592
INPP5K,REAC:R-HSA-597592
ENTPD4,REAC:R-HSA-597592
PAK5,REAC:R-HSA-597592
SPTLC2,REAC:R-HSA-597592
NXT2,REAC:R-HSA-597592
MAML3,REAC:R-HSA-597592
SLC6A17,REAC:R-HSA-597592
PCDHA7,REAC:R-HSA-597592
GAB1,REAC:R-HSA-597592
TBC1D17,REAC:R-HSA-597592
ARHGAP26,REAC:R-HSA-597592
CLINT1,REAC:R-HSA-597592
ORC2,REAC:R-HSA-597592
RGS17,REAC:R-HSA-597592
TBCEL,REAC:R-HSA-597592
CAPN7,REAC:R-HSA-597592
GNA11,REAC:R-HSA-597592
SRSF6,REAC:R-HSA-597592
QSER1,REAC:R-HSA-597592
ZDHHC21,REAC:R-HSA-597592
KPNA5,REAC:R-HSA-597592
DMTN,REAC:R-HSA-597592
TACC1,REAC:R-HSA-597592
TMEM248,REAC:R-HSA-597592
NXF1,REAC:R-HSA-597592
ZMAT3,REAC:R-HSA-597592
WDR47,REAC:R-HSA-597592
ORAI2,REAC:R-HSA-597592
RPUSD2,REAC:R-HSA-597592
SLC6A9,REAC:R-HSA-597592
SEMA4A,REAC:R-HSA-597592
SIAH1,REAC:R-HSA-597592
ZNF507,REAC:R-HSA-597592
AATK,REAC:R-HSA-597592
VMP1,REAC:R-HSA-597592
MTMR11,REAC:R-HSA-597592
LYN,REAC:R-HSA-597592
ARHGEF26,REAC:R-HSA-597592
GBA2,REAC:R-HSA-597592
UBE2J1,REAC:R-HSA-597592
DNAJB12,REAC:R-HSA-597592
TPRG1L,REAC:R-HSA-597592
CLIC5,REAC:R-HSA-597592
GSK3B,REAC:R-HSA-597592
NUCKS1,REAC:R-HSA-597592
REEP1,REAC:R-HSA-597592
KSR1,REAC:R-HSA-597592
KIAA1614,REAC:R-HSA-597592
IDH2,REAC:R-HSA-597592
CHD3,REAC:R-HSA-597592
PRKRIP1,REAC:R-HSA-597592
KLF10,REAC:R-HSA-597592
ZBTB33,REAC:R-HSA-597592
VDAC1,REAC:R-HSA-597592
XK,REAC:R-HSA-597592
SCN5A,REAC:R-HSA-597592
PAX5,REAC:R-HSA-597592
UXS1,REAC:R-HSA-597592
RAB35,REAC:R-HSA-597592
PGK1,REAC:R-HSA-597592
TNFAIP8,REAC:R-HSA-597592
XRN1,REAC:R-HSA-597592
DCTN5,REAC:R-HSA-597592
MED17,REAC:R-HSA-597592
PRLR,REAC:R-HSA-597592
CPD,REAC:R-HSA-597592
PARP6,REAC:R-HSA-597592
BEGAIN,REAC:R-HSA-597592
PCDHA9,REAC:R-HSA-597592
PRPF38B,REAC:R-HSA-597592
LRCH1,REAC:R-HSA-597592
SMOC2,REAC:R-HSA-597592
GTPBP8,REAC:R-HSA-597592
SEL1L3,REAC:R-HSA-597592
FGF1,REAC:R-HSA-597592
STX2,REAC:R-HSA-597592
RNF114,REAC:R-HSA-597592
RIMS2,REAC:R-HSA-597592
IRS1,REAC:R-HSA-597592
DYRK2,REAC:R-HSA-597592
HMGN2,REAC:R-HSA-597592
RNF207,REAC:R-HSA-597592
ATPAF1,REAC:R-HSA-597592
WDR20,REAC:R-HSA-597592
CCDC28A,REAC:R-HSA-597592
OXR1,REAC:R-HSA-597592
ARF5,REAC:R-HSA-597592
RPS6KB1,REAC:R-HSA-597592
C5orf15,REAC:R-HSA-597592
STK3,REAC:R-HSA-597592
PTPN9,REAC:R-HSA-597592
TMEM234,REAC:R-HSA-597592
TP53INP2,REAC:R-HSA-597592
PRPF4B,REAC:R-HSA-597592
PPM1L,REAC:R-HSA-597592
EXT2,REAC:R-HSA-597592
FOXO1,REAC:R-HSA-597592
MATN1,REAC:R-HSA-597592
ANKS1A,REAC:R-HSA-597592
RGS7,REAC:R-HSA-597592
MYO10,REAC:R-HSA-597592
ADGRL3,REAC:R-HSA-597592
CPLX2,REAC:R-HSA-597592
RAD54L2,REAC:R-HSA-597592
ELAPOR1,REAC:R-HSA-597592
MFN2,REAC:R-HSA-597592
SLC25A27,REAC:R-HSA-597592
INSR,REAC:R-HSA-597592
SUSD6,REAC:R-HSA-597592
RASA1,REAC:R-HSA-597592
MAP4K4,REAC:R-HSA-597592
TMED9,REAC:R-HSA-597592
SETD9,REAC:R-HSA-597592
PRPSAP2,REAC:R-HSA-597592
ICE1,REAC:R-HSA-597592
GGCT,REAC:R-HSA-597592
CNP,REAC:R-HSA-597592
STX5,REAC:R-HSA-597592
PLPP6,REAC:R-HSA-597592
SSH1,REAC:R-HSA-597592
STYX,REAC:R-HSA-597592
AFF4,REAC:R-HSA-597592
NUP133,REAC:R-HSA-597592
TTC7B,REAC:R-HSA-597592
ZNF449,REAC:R-HSA-597592
PPP1R15B,REAC:R-HSA-597592
LMLN,REAC:R-HSA-597592
PRCC,REAC:R-HSA-597592
ARHGEF37,REAC:R-HSA-597592
STT3A,REAC:R-HSA-597592
CDC42,REAC:R-HSA-597592
MARCHF8,REAC:R-HSA-597592
IQSEC2,REAC:R-HSA-597592
BCL2L12,REAC:R-HSA-597592
KANK1,REAC:R-HSA-597592
RNF213,REAC:R-HSA-597592
COL4A5,REAC:R-HSA-597592
ATP8A1,REAC:R-HSA-597592
ABRAXAS2,REAC:R-HSA-597592
KCND1,REAC:R-HSA-597592
RASGEF1A,REAC:R-HSA-597592
TRAK1,REAC:R-HSA-597592
ASB13,REAC:R-HSA-597592
KCNJ6,REAC:R-HSA-597592
UBXN7,REAC:R-HSA-597592
MBD2,REAC:R-HSA-597592
WNT4,REAC:R-HSA-597592
SLC26A9,REAC:R-HSA-597592
KCNE4,REAC:R-HSA-597592
TP53,REAC:R-HSA-109606
YWHAG,REAC:R-HSA-109606
DYNLL2,REAC:R-HSA-109606
MAPK8,REAC:R-HSA-109606
YWHAQ,REAC:R-HSA-109606
LDLRAD3,REAC:R-HSA-109606
CDCA3,REAC:R-HSA-109606
GOLGA3,REAC:R-HSA-109606
ANK3,REAC:R-HSA-109606
TADA2B,REAC:R-HSA-109606
DLG2,REAC:R-HSA-109606
FEM1C,REAC:R-HSA-109606
MAPK6,REAC:R-HSA-109606
BACE1,REAC:R-HSA-109606
N4BP1,REAC:R-HSA-109606
RSPO3,REAC:R-HSA-109606
CCND1,REAC:R-HSA-109606
RSBN1L,REAC:R-HSA-9659787
TNIK,REAC:R-HSA-9659787
ELN,REAC:R-HSA-9659787
RARB,REAC:R-HSA-9659787
GPR63,REAC:R-HSA-9659787
COG5,REAC:R-HSA-9659787
CCND1,REAC:R-HSA-9659787
ELAVL4,REAC:R-HSA-9659787
RSBN1L,REAC:R-HSA-9661069
TNIK,REAC:R-HSA-9661069
ELN,REAC:R-HSA-9661069
RARB,REAC:R-HSA-9661069
GPR63,REAC:R-HSA-9661069
COG5,REAC:R-HSA-9661069
CCND1,REAC:R-HSA-9661069
ELAVL4,REAC:R-HSA-9661069
ITSN1,REAC:R-HSA-193648
MAPK8,REAC:R-HSA-193648
EIF4B,REAC:R-HSA-193648
CDCA3,REAC:R-HSA-193648
NME7,REAC:R-HSA-193648
SFMBT2,REAC:R-HSA-193648
BEND3,REAC:R-HSA-193648
EPG5,REAC:R-HSA-193648
ECE1,REAC:R-HSA-193648
ZFYVE16,REAC:R-HSA-193648
TNFSF13B,REAC:R-HSA-193648
SLC1A4,REAC:R-HSA-193648
SLC39A10,REAC:R-HSA-193648
SZRD1,REAC:R-HSA-193648
PDK4,REAC:R-HSA-193648
PDE5A,REAC:R-HSA-193648
GNAQ,REAC:R-HSA-193648
CCDC120,REAC:R-HSA-193648
GNAI1,REAC:R-HSA-422356
CDC23,REAC:R-HSA-422356
PPM1K,REAC:R-HSA-422356
VGLL4,REAC:R-HSA-422356
IGSF3,REAC:R-HSA-422356
NUFIP2,REAC:R-HSA-422356
BCL2L11,REAC:R-HSA-422356
RPS6KA6,REAC:R-HSA-422356
HECTD2,REAC:R-HSA-422356
PLCL2,REAC:R-HSA-422356
RGS9BP,REAC:R-HSA-422356
DPP8,REAC:R-HSA-422356
KCNJ12,REAC:R-HSA-422356
CYLD,REAC:R-HSA-422356
ARL5A,REAC:R-HSA-422356
ATXN1,REAC:R-HSA-422356
LMO4,REAC:R-HSA-422356
SUFU,REAC:R-HSA-422356
EML4,REAC:R-HSA-422356
NT5DC1,REAC:R-HSA-422356
LIPH,REAC:R-HSA-422356
PHKA1,REAC:R-HSA-422356
GNAI1,REAC:R-HSA-111885
CDC23,REAC:R-HSA-111885
LDLRAD3,REAC:R-HSA-111885
PPM1K,REAC:R-HSA-111885
TAF3,REAC:R-HSA-111885
RPS6KA6,REAC:R-HSA-111885
TIMP3,REAC:R-HSA-111885
HECTD2,REAC:R-HSA-111885
PRKCE,REAC:R-HSA-111885
PLCL2,REAC:R-HSA-111885
ATAD2,REAC:R-HSA-111885
ABHD2,REAC:R-HSA-111885
DDIAS,REAC:R-HSA-111885
ASB4,REAC:R-HSA-111885
RGS9BP,REAC:R-HSA-111885
DPP8,REAC:R-HSA-111885
EIF5B,REAC:R-HSA-111885
TRIM2,REAC:R-HSA-111885
EML4,REAC:R-HSA-111885
EBF3,REAC:R-HSA-111885
PDPR,REAC:R-HSA-111885
RSPO3,REAC:R-HSA-111885
LIPH,REAC:R-HSA-111885
PHKA1,REAC:R-HSA-111885
NCOA2,REAC:R-HSA-9843745
ZNF423,REAC:R-HSA-9843745
EBF1,REAC:R-HSA-9843745
MTA3,REAC:R-HSA-9843745
NR6A1,REAC:R-HSA-9843745
FOXP1,REAC:R-HSA-9843745
RABEP1,REAC:R-HSA-9843745
EXPH5,REAC:R-HSA-9843745
ETNK2,REAC:R-HSA-9843745
ZNRF3,REAC:R-HSA-9843745
SLCO5A1,REAC:R-HSA-9843745
GNA11,REAC:R-HSA-9843745
BMP2K,REAC:R-HSA-9843745
TNRC6B,REAC:R-HSA-9843745
MYCN,REAC:R-HSA-9843745
KSR1,REAC:R-HSA-9843745
PDE3B,REAC:R-HSA-9843745
CEP97,REAC:R-HSA-9843745
LMNB1,REAC:R-HSA-9843745
PRLR,REAC:R-HSA-9843745
UBXN10,REAC:R-HSA-9843745
ANKH,REAC:R-HSA-9843745
RARB,REAC:R-HSA-9843745
TNKS,REAC:R-HSA-9843745
NUP133,REAC:R-HSA-9843745
EPB41L5,REAC:R-HSA-9843745
KCND1,REAC:R-HSA-9843745
SLC26A9,REAC:R-HSA-9843745
AGO1,REAC:R-HSA-9022692
TIMP3,REAC:R-HSA-9022692
ETNK2,REAC:R-HSA-9022692
ATAD2,REAC:R-HSA-9022692
ZNRF3,REAC:R-HSA-9022692
SLC30A1,REAC:R-HSA-9022692
UNC13B,REAC:R-HSA-9022692
PRDM16,REAC:R-HSA-9022692
MRS2,REAC:R-HSA-9022692
ANKH,REAC:R-HSA-9022692
RASA1,REAC:R-HSA-9022692
TGFBR2,REAC:R-HSA-200425
TSN,REAC:R-HSA-200425
DR1,REAC:R-HSA-200425
GNS,REAC:R-HSA-200425
NUP133,REAC:R-HSA-200425
TNFSF10,REAC:R-HSA-200425
PPP1R12A,REAC:R-HSA-200425
PLEKHA1,REAC:R-HSA-1483255
MTMR3,REAC:R-HSA-1483255
IPO9,REAC:R-HSA-1483255
TOMM20,REAC:R-HSA-1483255
RLIM,REAC:R-HSA-1483255
UEVLD,REAC:R-HSA-1483255
RRN3,REAC:R-HSA-1483255
CDC37L1,REAC:R-HSA-1483255
AATK,REAC:R-HSA-1483255
KIAA0232,REAC:R-HSA-1483255
ZC3H6,REAC:R-HSA-1483255
KLF10,REAC:R-HSA-1483255
TMEM154,REAC:R-HSA-1483255
KIAA1958,REAC:R-HSA-1483255
KLHL15,REAC:R-HSA-1483255
WASF3,REAC:R-HSA-1483255
ELL,REAC:R-HSA-1483255
CXXC4,REAC:R-HSA-1483255
UBE3C,REAC:R-HSA-1483255
IDE,REAC:R-HSA-1483255
KLHL5,REAC:R-HSA-1483255
RNF6,REAC:R-HSA-1483255
SEMA5A,REAC:R-HSA-1483255
GNAI1,REAC:R-HSA-8939211
NCOA2,REAC:R-HSA-8939211
PPP5C,REAC:R-HSA-8939211
RUNX1,REAC:R-HSA-8939211
AGO1,REAC:R-HSA-8939211
H3-3B,REAC:R-HSA-8939211
NR5A2,REAC:R-HSA-8939211
STAG2,REAC:R-HSA-8939211
POU2F1,REAC:R-HSA-8939211
IGF1R,REAC:R-HSA-8939211
CDC23,REAC:R-HSA-8939211
SSBP2,REAC:R-HSA-8939211
TPM4,REAC:R-HSA-8939211
LDLRAD3,REAC:R-HSA-8939211
MAP2K6,REAC:R-HSA-8939211
RPS6KA6,REAC:R-HSA-8939211
EXPH5,REAC:R-HSA-8939211
SCD,REAC:R-HSA-8939211
PDXDC1,REAC:R-HSA-8939211
UEVLD,REAC:R-HSA-8939211
BEST1,REAC:R-HSA-8939211
TBP,REAC:R-HSA-8939211
AAK1,REAC:R-HSA-8939211
FNBP4,REAC:R-HSA-8939211
MKRN1,REAC:R-HSA-8939211
ASB4,REAC:R-HSA-8939211
SEPTIN8,REAC:R-HSA-8939211
SLCO5A1,REAC:R-HSA-8939211
SLC30A1,REAC:R-HSA-8939211
PIP5KL1,REAC:R-HSA-8939211
DPP8,REAC:R-HSA-8939211
SGCZ,REAC:R-HSA-8939211
ZNF507,REAC:R-HSA-8939211
KIAA0232,REAC:R-HSA-8939211
UNC13B,REAC:R-HSA-8939211
SORCS1,REAC:R-HSA-8939211
MTMR11,REAC:R-HSA-8939211
GBA2,REAC:R-HSA-8939211
PRDM16,REAC:R-HSA-8939211
THAP11,REAC:R-HSA-8939211
PDZD4,REAC:R-HSA-8939211
MRS2,REAC:R-HSA-8939211
RAP1B,REAC:R-HSA-8939211
SNAI1,REAC:R-HSA-8939211
LRATD1,REAC:R-HSA-8939211
BRD4,REAC:R-HSA-8939211
COG5,REAC:R-HSA-8939211
VPS13D,REAC:R-HSA-8939211
RPA1,REAC:R-HSA-3108232
TP53,REAC:R-HSA-3108232
NCOA2,REAC:R-HSA-3108232
UBE2I,REAC:R-HSA-3108232
STAG2,REAC:R-HSA-3108232
CBX5,REAC:R-HSA-3108232
EXPH5,REAC:R-HSA-3108232
ATE1,REAC:R-HSA-3108232
NAA15,REAC:R-HSA-3108232
PGM2L1,REAC:R-HSA-3108232
ODF2L,REAC:R-HSA-3108232
MKRN1,REAC:R-HSA-3108232
GMEB1,REAC:R-HSA-3108232
NSD3,REAC:R-HSA-3108232
SPTLC2,REAC:R-HSA-3108232
PCDHA7,REAC:R-HSA-3108232
GAB1,REAC:R-HSA-3108232
ORC2,REAC:R-HSA-3108232
RGS17,REAC:R-HSA-3108232
SIAH1,REAC:R-HSA-3108232
MTMR11,REAC:R-HSA-3108232
ARHGEF26,REAC:R-HSA-3108232
GBA2,REAC:R-HSA-3108232
DNAJB12,REAC:R-HSA-3108232
KSR1,REAC:R-HSA-3108232
PRLR,REAC:R-HSA-3108232
SEL1L3,REAC:R-HSA-3108232
TMEM234,REAC:R-HSA-3108232
PRPF4B,REAC:R-HSA-3108232
RASA1,REAC:R-HSA-3108232
STX5,REAC:R-HSA-3108232
PLPP6,REAC:R-HSA-3108232
STYX,REAC:R-HSA-3108232
NUP133,REAC:R-HSA-3108232
ZNF449,REAC:R-HSA-3108232
LMLN,REAC:R-HSA-3108232
STT3A,REAC:R-HSA-3108232
KCND1,REAC:R-HSA-3108232
RASGEF1A,REAC:R-HSA-3108232
SLC26A9,REAC:R-HSA-3108232
ETV6,REAC:R-HSA-9671555
UEVLD,REAC:R-HSA-9671555
ANK3,REAC:R-HSA-9671555
ZC3H6,REAC:R-HSA-9671555
RAP1B,REAC:R-HSA-9671555
LRATD1,REAC:R-HSA-9671555
VPS13D,REAC:R-HSA-9671555
THRB,REAC:R-HSA-9671555
SKP1,REAC:R-HSA-69231
E2F5,REAC:R-HSA-69231
RSBN1L,REAC:R-HSA-69231
DDIAS,REAC:R-HSA-69231
TNIK,REAC:R-HSA-69231
EFS,REAC:R-HSA-69231
BACH2,REAC:R-HSA-69231
EBF3,REAC:R-HSA-69231
ELN,REAC:R-HSA-69231
RARB,REAC:R-HSA-69231
GPR63,REAC:R-HSA-69231
COG5,REAC:R-HSA-69231
CCND1,REAC:R-HSA-69231
MVB12B,REAC:R-HSA-69231
ELAVL4,REAC:R-HSA-69231
TIMP3,REAC:R-HSA-442982
LHX4,REAC:R-HSA-442982
FAHD2A,REAC:R-HSA-442982
TENT5C,REAC:R-HSA-442982
ATAD2,REAC:R-HSA-442982
ARAP2,REAC:R-HSA-442982
DUSP8,REAC:R-HSA-442982
RAP1B,REAC:R-HSA-442982
RPA1,REAC:R-HSA-2990846
TP53,REAC:R-HSA-2990846
NCOA2,REAC:R-HSA-2990846
UBE2I,REAC:R-HSA-2990846
STAG2,REAC:R-HSA-2990846
CBX5,REAC:R-HSA-2990846
EXPH5,REAC:R-HSA-2990846
ATE1,REAC:R-HSA-2990846
NAA15,REAC:R-HSA-2990846
IFFO2,REAC:R-HSA-2990846
PGM2L1,REAC:R-HSA-2990846
ODF2L,REAC:R-HSA-2990846
MKRN1,REAC:R-HSA-2990846
GMEB1,REAC:R-HSA-2990846
NSD3,REAC:R-HSA-2990846
SPTLC2,REAC:R-HSA-2990846
PCDHA7,REAC:R-HSA-2990846
GAB1,REAC:R-HSA-2990846
ORC2,REAC:R-HSA-2990846
RGS17,REAC:R-HSA-2990846
SIAH1,REAC:R-HSA-2990846
MTMR11,REAC:R-HSA-2990846
ARHGEF26,REAC:R-HSA-2990846
GBA2,REAC:R-HSA-2990846
DNAJB12,REAC:R-HSA-2990846
KSR1,REAC:R-HSA-2990846
PRLR,REAC:R-HSA-2990846
SEL1L3,REAC:R-HSA-2990846
TMEM234,REAC:R-HSA-2990846
PRPF4B,REAC:R-HSA-2990846
RASA1,REAC:R-HSA-2990846
STX5,REAC:R-HSA-2990846
PLPP6,REAC:R-HSA-2990846
STYX,REAC:R-HSA-2990846
NUP133,REAC:R-HSA-2990846
ZNF449,REAC:R-HSA-2990846
LMLN,REAC:R-HSA-2990846
STT3A,REAC:R-HSA-2990846
KCND1,REAC:R-HSA-2990846
RASGEF1A,REAC:R-HSA-2990846
SLC26A9,REAC:R-HSA-2990846
NCOA2,REAC:R-HSA-9707616
BAZ2A,REAC:R-HSA-9707616
EXPH5,REAC:R-HSA-9707616
PHIP,REAC:R-HSA-9707616
TBP,REAC:R-HSA-9707616
ETNK2,REAC:R-HSA-9707616
ODF2L,REAC:R-HSA-9707616
ZNRF3,REAC:R-HSA-9707616
TNPO1,REAC:R-HSA-9707616
COQ10B,REAC:R-HSA-9707616
ARF3,REAC:R-HSA-9707616
ANKH,REAC:R-HSA-9707616
NUP133,REAC:R-HSA-9707616
WNT7B,REAC:R-HSA-9707616
SLC26A9,REAC:R-HSA-9707616
SKP1,REAC:R-HSA-69236
E2F5,REAC:R-HSA-69236
RSBN1L,REAC:R-HSA-69236
DDIAS,REAC:R-HSA-69236
TNIK,REAC:R-HSA-69236
EFS,REAC:R-HSA-69236
BACH2,REAC:R-HSA-69236
EBF3,REAC:R-HSA-69236
ELN,REAC:R-HSA-69236
RARB,REAC:R-HSA-69236
GPR63,REAC:R-HSA-69236
COG5,REAC:R-HSA-69236
CCND1,REAC:R-HSA-69236
MVB12B,REAC:R-HSA-69236
ELAVL4,REAC:R-HSA-69236
FZD4,REAC:R-HSA-4791275
VPS53,REAC:R-HSA-4791275
TFCP2L1,REAC:R-HSA-4791275
DDIAS,REAC:R-HSA-4791275
PAK5,REAC:R-HSA-4791275
PLEKHA7,REAC:R-HSA-4791275
REEP1,REAC:R-HSA-4791275
GNA13,REAC:R-HSA-4791275
ELP1,REAC:R-HSA-4791275
EBF3,REAC:R-HSA-4791275
GGCT,REAC:R-HSA-4791275
G3BP2,REAC:R-HSA-4791275
AGO1,REAC:R-HSA-8948700
SLC30A1,REAC:R-HSA-8948700
UNC13B,REAC:R-HSA-8948700
PRDM16,REAC:R-HSA-8948700
MRS2,REAC:R-HSA-8948700
IGF1R,REAC:R-HSA-2428928
RBM18,REAC:R-HSA-2428928
SSBP2,REAC:R-HSA-2428928
WAPL,REAC:R-HSA-2428928
UEVLD,REAC:R-HSA-2428928
SIM1,REAC:R-HSA-2428928
ZBTB10,REAC:R-HSA-2428928
ACTB,REAC:R-HSA-2428928
ZC3H6,REAC:R-HSA-2428928
DENND6A,REAC:R-HSA-2428928
PTAR1,REAC:R-HSA-2428928
RAP1B,REAC:R-HSA-2428928
CACNA1E,REAC:R-HSA-2428928
RER1,REAC:R-HSA-2428928
TP53,REAC:R-HSA-168181
SKP1,REAC:R-HSA-168181
MAPK8,REAC:R-HSA-168181
LDLRAD3,REAC:R-HSA-168181
G3BP1,REAC:R-HSA-168181
USP28,REAC:R-HSA-168181
TRMT13,REAC:R-HSA-168181
RTN4,REAC:R-HSA-168181
TBP,REAC:R-HSA-168181
E2F3,REAC:R-HSA-168181
DDIAS,REAC:R-HSA-168181
OTUD3,REAC:R-HSA-168181
TBX4,REAC:R-HSA-168181
FOXL1,REAC:R-HSA-168181
PIP5KL1,REAC:R-HSA-168181
SRD5A3,REAC:R-HSA-168181
ARF3,REAC:R-HSA-168181
LEF1,REAC:R-HSA-168181
KDM5A,REAC:R-HSA-168181
KCTD1,REAC:R-HSA-168181
PRLR,REAC:R-HSA-168181
SMOC2,REAC:R-HSA-168181
PGPEP1,REAC:R-HSA-168181
ATP6V1C1,REAC:R-HSA-168181
EBF3,REAC:R-HSA-168181
LIMD1,REAC:R-HSA-168181
WNT7B,REAC:R-HSA-168181
GNAI1,REAC:R-HSA-977444
CDC23,REAC:R-HSA-977444
RPS6KA6,REAC:R-HSA-977444
SETD6,REAC:R-HSA-977444
ABHD2,REAC:R-HSA-977444
NCS1,REAC:R-HSA-977444
ASB4,REAC:R-HSA-977444
DPP8,REAC:R-HSA-977444
PLA2G2C,REAC:R-HSA-977444
EML4,REAC:R-HSA-977444
PDPR,REAC:R-HSA-977444
LIPH,REAC:R-HSA-977444
BHLHE41,REAC:R-HSA-977444
GABRA3,REAC:R-HSA-977444
IGF1R,REAC:R-HSA-2428924
RBM18,REAC:R-HSA-2428924
SSBP2,REAC:R-HSA-2428924
WAPL,REAC:R-HSA-2428924
UEVLD,REAC:R-HSA-2428924
SIM1,REAC:R-HSA-2428924
ZBTB10,REAC:R-HSA-2428924
ACTB,REAC:R-HSA-2428924
ZC3H6,REAC:R-HSA-2428924
DENND6A,REAC:R-HSA-2428924
PTAR1,REAC:R-HSA-2428924
RAP1B,REAC:R-HSA-2428924
CACNA1E,REAC:R-HSA-2428924
RER1,REAC:R-HSA-2428924
GNAI1,REAC:R-HSA-991365
CDC23,REAC:R-HSA-991365
RPS6KA6,REAC:R-HSA-991365
SETD6,REAC:R-HSA-991365
ABHD2,REAC:R-HSA-991365
NCS1,REAC:R-HSA-991365
ASB4,REAC:R-HSA-991365
DPP8,REAC:R-HSA-991365
PLA2G2C,REAC:R-HSA-991365
EML4,REAC:R-HSA-991365
PDPR,REAC:R-HSA-991365
LIPH,REAC:R-HSA-991365
BHLHE41,REAC:R-HSA-991365
GABRA3,REAC:R-HSA-991365
ASB6,REAC:R-HSA-8951664
CUL3,REAC:R-HSA-8951664
COPS7B,REAC:R-HSA-8951664
SKP1,REAC:R-HSA-8951664
WDTC1,REAC:R-HSA-8951664
FBXO21,REAC:R-HSA-8951664
FAM102A,REAC:R-HSA-8951664
TLN2,REAC:R-HSA-8951664
TRMT13,REAC:R-HSA-8951664
RPA2,REAC:R-HSA-8951664
ZMYM2,REAC:R-HSA-8951664
RRAGD,REAC:R-HSA-8951664
EIF2S1,REAC:R-HSA-8951664
DCUN1D3,REAC:R-HSA-8951664
NAIF1,REAC:R-HSA-8951664
XKRX,REAC:R-HSA-8951664
INSYN2B,REAC:R-HSA-8951664
NEK10,REAC:R-HSA-8951664
ATOH8,REAC:R-HSA-8951664
NAA25,REAC:R-HSA-8951664
TRIM71,REAC:R-HSA-8951664
CDH11,REAC:R-HSA-8951664
DCAF11,REAC:R-HSA-8951664
NXT2,REAC:R-HSA-8951664
SRSF6,REAC:R-HSA-8951664
TMEM248,REAC:R-HSA-8951664
VMP1,REAC:R-HSA-8951664
DNAJB12,REAC:R-HSA-8951664
TPRG1L,REAC:R-HSA-8951664
GSK3B,REAC:R-HSA-8951664
NUCKS1,REAC:R-HSA-8951664
REEP1,REAC:R-HSA-8951664
SCN5A,REAC:R-HSA-8951664
UXS1,REAC:R-HSA-8951664
DCTN5,REAC:R-HSA-8951664
MED17,REAC:R-HSA-8951664
SMOC2,REAC:R-HSA-8951664
GTPBP8,REAC:R-HSA-8951664
IRS1,REAC:R-HSA-8951664
WDR20,REAC:R-HSA-8951664
PTPN9,REAC:R-HSA-8951664
ANKS1A,REAC:R-HSA-8951664
SUSD6,REAC:R-HSA-8951664
SETD9,REAC:R-HSA-8951664
PRPSAP2,REAC:R-HSA-8951664
MARCHF8,REAC:R-HSA-8951664
BCL2L12,REAC:R-HSA-8951664
ATP8A1,REAC:R-HSA-8951664
ABRAXAS2,REAC:R-HSA-8951664
TRAK1,REAC:R-HSA-8951664
UBXN7,REAC:R-HSA-8951664
MBD2,REAC:R-HSA-8951664
WNT4,REAC:R-HSA-8951664
GNAI1,REAC:R-HSA-9006931
NCOA2,REAC:R-HSA-9006931
PPP5C,REAC:R-HSA-9006931
RUNX1,REAC:R-HSA-9006931
CYP26B1,REAC:R-HSA-9006931
AGO1,REAC:R-HSA-9006931
H3-3B,REAC:R-HSA-9006931
NR5A2,REAC:R-HSA-9006931
ABCA1,REAC:R-HSA-9006931
STAG2,REAC:R-HSA-9006931
POU2F1,REAC:R-HSA-9006931
IGF1R,REAC:R-HSA-9006931
CDC23,REAC:R-HSA-9006931
SSBP2,REAC:R-HSA-9006931
TPM4,REAC:R-HSA-9006931
LDLRAD3,REAC:R-HSA-9006931
MAP2K6,REAC:R-HSA-9006931
RPS6KA6,REAC:R-HSA-9006931
EXPH5,REAC:R-HSA-9006931
SRPK2,REAC:R-HSA-9006931
SCD,REAC:R-HSA-9006931
PDXDC1,REAC:R-HSA-9006931
UEVLD,REAC:R-HSA-9006931
RAB21,REAC:R-HSA-9006931
BEST1,REAC:R-HSA-9006931
TBP,REAC:R-HSA-9006931
AAK1,REAC:R-HSA-9006931
FNBP4,REAC:R-HSA-9006931
ETNK2,REAC:R-HSA-9006931
MKRN1,REAC:R-HSA-9006931
ZNRF3,REAC:R-HSA-9006931
ASB4,REAC:R-HSA-9006931
SEPTIN8,REAC:R-HSA-9006931
SLCO5A1,REAC:R-HSA-9006931
SLC30A1,REAC:R-HSA-9006931
PIP5KL1,REAC:R-HSA-9006931
DPP8,REAC:R-HSA-9006931
SGCZ,REAC:R-HSA-9006931
ZNF507,REAC:R-HSA-9006931
KIAA0232,REAC:R-HSA-9006931
UNC13B,REAC:R-HSA-9006931
SORCS1,REAC:R-HSA-9006931
MTMR11,REAC:R-HSA-9006931
GBA2,REAC:R-HSA-9006931
PRDM16,REAC:R-HSA-9006931
THAP11,REAC:R-HSA-9006931
PDZD4,REAC:R-HSA-9006931
PCDHA10,REAC:R-HSA-9006931
MRS2,REAC:R-HSA-9006931
ARMCX2,REAC:R-HSA-9006931
RAP1B,REAC:R-HSA-9006931
SNAI1,REAC:R-HSA-9006931
LRATD1,REAC:R-HSA-9006931
ANKH,REAC:R-HSA-9006931
BRD4,REAC:R-HSA-9006931
ZNF217,REAC:R-HSA-9006931
COG5,REAC:R-HSA-9006931
NUP133,REAC:R-HSA-9006931
TNFSF10,REAC:R-HSA-9006931
PPP1R12A,REAC:R-HSA-9006931
VPS13D,REAC:R-HSA-9006931
NCOA2,REAC:R-HSA-2151201
FOXJ3,REAC:R-HSA-2151201
EXPH5,REAC:R-HSA-2151201
PHIP,REAC:R-HSA-2151201
TBP,REAC:R-HSA-2151201
ETNK2,REAC:R-HSA-2151201
TMEM87B,REAC:R-HSA-2151201
ZNRF3,REAC:R-HSA-2151201
PANK3,REAC:R-HSA-2151201
NDRG3,REAC:R-HSA-2151201
RAB4A,REAC:R-HSA-2151201
ANKH,REAC:R-HSA-2151201
TNKS,REAC:R-HSA-2151201
NUP133,REAC:R-HSA-2151201
WNT7B,REAC:R-HSA-2151201
SLC26A9,REAC:R-HSA-2151201
TP53,REAC:R-HSA-114452
YWHAG,REAC:R-HSA-114452
DYNLL2,REAC:R-HSA-114452
MAPK8,REAC:R-HSA-114452
YWHAQ,REAC:R-HSA-114452
CDCA3,REAC:R-HSA-114452
DLG2,REAC:R-HSA-114452
FEM1C,REAC:R-HSA-114452
MAPK6,REAC:R-HSA-114452
RSPO3,REAC:R-HSA-114452
CCND1,REAC:R-HSA-114452
TP53,REAC:R-HSA-166058
SKP1,REAC:R-HSA-166058
MAPK8,REAC:R-HSA-166058
LDLRAD3,REAC:R-HSA-166058
G3BP1,REAC:R-HSA-166058
USP28,REAC:R-HSA-166058
TRMT13,REAC:R-HSA-166058
RTN4,REAC:R-HSA-166058
TBP,REAC:R-HSA-166058
E2F3,REAC:R-HSA-166058
DDIAS,REAC:R-HSA-166058
OTUD3,REAC:R-HSA-166058
TBX4,REAC:R-HSA-166058
FOXL1,REAC:R-HSA-166058
PIP5KL1,REAC:R-HSA-166058
SRD5A3,REAC:R-HSA-166058
ARF3,REAC:R-HSA-166058
LEF1,REAC:R-HSA-166058
KDM5A,REAC:R-HSA-166058
KCTD1,REAC:R-HSA-166058
PRLR,REAC:R-HSA-166058
SMOC2,REAC:R-HSA-166058
PGPEP1,REAC:R-HSA-166058
ATP6V1C1,REAC:R-HSA-166058
EBF3,REAC:R-HSA-166058
LIMD1,REAC:R-HSA-166058
WNT7B,REAC:R-HSA-166058
TRIQK,REAC:R-HSA-166058
TP53,REAC:R-HSA-168188
SKP1,REAC:R-HSA-168188
MAPK8,REAC:R-HSA-168188
LDLRAD3,REAC:R-HSA-168188
G3BP1,REAC:R-HSA-168188
USP28,REAC:R-HSA-168188
TRMT13,REAC:R-HSA-168188
RTN4,REAC:R-HSA-168188
TBP,REAC:R-HSA-168188
E2F3,REAC:R-HSA-168188
DDIAS,REAC:R-HSA-168188
OTUD3,REAC:R-HSA-168188
TBX4,REAC:R-HSA-168188
FOXL1,REAC:R-HSA-168188
PIP5KL1,REAC:R-HSA-168188
SRD5A3,REAC:R-HSA-168188
ARF3,REAC:R-HSA-168188
LEF1,REAC:R-HSA-168188
KDM5A,REAC:R-HSA-168188
KCTD1,REAC:R-HSA-168188
PRLR,REAC:R-HSA-168188
SMOC2,REAC:R-HSA-168188
PGPEP1,REAC:R-HSA-168188
ATP6V1C1,REAC:R-HSA-168188
EBF3,REAC:R-HSA-168188
LIMD1,REAC:R-HSA-168188
WNT7B,REAC:R-HSA-168188
TRIQK,REAC:R-HSA-168188
LDLRAD3,REAC:R-HSA-112043
PPM1K,REAC:R-HSA-112043
TAF3,REAC:R-HSA-112043
TIMP3,REAC:R-HSA-112043
HECTD2,REAC:R-HSA-112043
PRKCE,REAC:R-HSA-112043
PLCL2,REAC:R-HSA-112043
ATAD2,REAC:R-HSA-112043
ABHD2,REAC:R-HSA-112043
RGS9BP,REAC:R-HSA-112043
EIF5B,REAC:R-HSA-112043
EML4,REAC:R-HSA-112043
PDPR,REAC:R-HSA-112043
LIPH,REAC:R-HSA-112043
PHKA1,REAC:R-HSA-112043
SIM1,REAC:R-HSA-9839397
USP12,REAC:R-HSA-9839397
BTG1,REAC:R-HSA-9839397
RPA1,REAC:R-HSA-453279
SKP1,REAC:R-HSA-453279
PRIM2,REAC:R-HSA-453279
MAX,REAC:R-HSA-453279
E2F5,REAC:R-HSA-453279
ZNF597,REAC:R-HSA-453279
WDR55,REAC:R-HSA-453279
VTI1B,REAC:R-HSA-453279
CSNK1G1,REAC:R-HSA-453279
TRAPPC8,REAC:R-HSA-453279
RSBN1L,REAC:R-HSA-453279
DDIAS,REAC:R-HSA-453279
GNAI3,REAC:R-HSA-453279
NXT2,REAC:R-HSA-453279
PTPRA,REAC:R-HSA-453279
TNIK,REAC:R-HSA-453279
NR2C2,REAC:R-HSA-453279
EFS,REAC:R-HSA-453279
VMP1,REAC:R-HSA-453279
BACH2,REAC:R-HSA-453279
PDE3B,REAC:R-HSA-453279
DCTN5,REAC:R-HSA-453279
IRS1,REAC:R-HSA-453279
PTPN9,REAC:R-HSA-453279
EBF3,REAC:R-HSA-453279
ELAPOR1,REAC:R-HSA-453279
SUSD6,REAC:R-HSA-453279
ELN,REAC:R-HSA-453279
RARB,REAC:R-HSA-453279
GPR63,REAC:R-HSA-453279
COG5,REAC:R-HSA-453279
CCND1,REAC:R-HSA-453279
MVB12B,REAC:R-HSA-453279
FAM174B,REAC:R-HSA-453279
ELAVL4,REAC:R-HSA-453279
SKP1,REAC:R-HSA-450294
MAPK8,REAC:R-HSA-450294
LDLRAD3,REAC:R-HSA-450294
G3BP1,REAC:R-HSA-450294
USP28,REAC:R-HSA-450294
TRMT13,REAC:R-HSA-450294
TBP,REAC:R-HSA-450294
E2F3,REAC:R-HSA-450294
DDIAS,REAC:R-HSA-450294
OTUD3,REAC:R-HSA-450294
FOXL1,REAC:R-HSA-450294
PIP5KL1,REAC:R-HSA-450294
LEF1,REAC:R-HSA-450294
KDM5A,REAC:R-HSA-450294
KCTD1,REAC:R-HSA-450294
SMOC2,REAC:R-HSA-450294
EBF3,REAC:R-HSA-450294
WNT7B,REAC:R-HSA-450294
SMARCA4,REAC:R-HSA-9856651
SMARCD1,REAC:R-HSA-9856651
AGO1,REAC:R-HSA-9856651
SMARCC1,REAC:R-HSA-9856651
FBXO28,REAC:R-HSA-9856651
ABI1,REAC:R-HSA-9856651
ANK1,REAC:R-HSA-9856651
TRIM5,REAC:R-HSA-9856651
ATXN7L3,REAC:R-HSA-9856651
SLC30A1,REAC:R-HSA-9856651
TNIK,REAC:R-HSA-9856651
CCDC71L,REAC:R-HSA-9856651
UNC13B,REAC:R-HSA-9856651
PRDM16,REAC:R-HSA-9856651
KIAA1614,REAC:R-HSA-9856651
ZSCAN25,REAC:R-HSA-9856651
KCTD1,REAC:R-HSA-9856651
USP9X,REAC:R-HSA-9856651
MRS2,REAC:R-HSA-9856651
DOT1L,REAC:R-HSA-9856651
COG5,REAC:R-HSA-9856651
RBFOX2,REAC:R-HSA-9856651
SLC26A9,REAC:R-HSA-9856651
SOCS4,REAC:R-HSA-9022707
WNT7B,REAC:R-HSA-9022707
KCND1,REAC:R-HSA-9022707
DYNLL2,REAC:R-HSA-139910
MAPK8,REAC:R-HSA-139910
FEM1C,REAC:R-HSA-139910
VGLL4,REAC:R-HSA-5250958
HIF1AN,REAC:R-HSA-5250958
ZC3H8,REAC:R-HSA-5250958
ABI2,REAC:R-HSA-5663213
LDLRAD3,REAC:R-HSA-5663213
ZFP3,REAC:R-HSA-5663213
CALM1,REAC:R-HSA-5663213
DDI2,REAC:R-HSA-5663213
POLR1C,REAC:R-HSA-5663213
KIAA1614,REAC:R-HSA-5663213
RAPGEF5,REAC:R-HSA-5663213
PURA,REAC:R-HSA-5663213
FRRS1L,REAC:R-HSA-5663213
WTAP,REAC:R-HSA-5663213
MAD2L1,REAC:R-HSA-5663213
UBE2I,REAC:R-HSA-9694631
VPS53,REAC:R-HSA-9694631
SIX1,REAC:R-HSA-9694631
DOCK6,REAC:R-HSA-9694631
PLEKHA7,REAC:R-HSA-9694631
NUDCD2,REAC:R-HSA-9694631
HERPUD2,REAC:R-HSA-9694631
E2F5,REAC:R-HSA-1362300
EFS,REAC:R-HSA-1362300
PDE3B,REAC:R-HSA-1362300
ELAPOR1,REAC:R-HSA-1362300
CCND1,REAC:R-HSA-1362300
MVB12B,REAC:R-HSA-1362300
FAM174B,REAC:R-HSA-1362300
GNAI1,REAC:R-HSA-9009391
IGF1R,REAC:R-HSA-9009391
CDC23,REAC:R-HSA-9009391
SSBP2,REAC:R-HSA-9009391
LDLRAD3,REAC:R-HSA-9009391
MAP2K6,REAC:R-HSA-9009391
RPS6KA6,REAC:R-HSA-9009391
PDXDC1,REAC:R-HSA-9009391
UEVLD,REAC:R-HSA-9009391
FNBP4,REAC:R-HSA-9009391
MKRN1,REAC:R-HSA-9009391
ASB4,REAC:R-HSA-9009391
PIP5KL1,REAC:R-HSA-9009391
DPP8,REAC:R-HSA-9009391
SGCZ,REAC:R-HSA-9009391
ZNF507,REAC:R-HSA-9009391
KIAA0232,REAC:R-HSA-9009391
RAP1B,REAC:R-HSA-9009391
LRATD1,REAC:R-HSA-9009391
COG5,REAC:R-HSA-9009391
TP53,REAC:R-HSA-166166
SKP1,REAC:R-HSA-166166
MAPK8,REAC:R-HSA-166166
LDLRAD3,REAC:R-HSA-166166
G3BP1,REAC:R-HSA-166166
USP28,REAC:R-HSA-166166
TRMT13,REAC:R-HSA-166166
RTN4,REAC:R-HSA-166166
TBP,REAC:R-HSA-166166
E2F3,REAC:R-HSA-166166
DDIAS,REAC:R-HSA-166166
OTUD3,REAC:R-HSA-166166
FOXL1,REAC:R-HSA-166166
PIP5KL1,REAC:R-HSA-166166
ARF3,REAC:R-HSA-166166
LEF1,REAC:R-HSA-166166
KDM5A,REAC:R-HSA-166166
KCTD1,REAC:R-HSA-166166
PRLR,REAC:R-HSA-166166
SMOC2,REAC:R-HSA-166166
OXR1,REAC:R-HSA-166166
PGPEP1,REAC:R-HSA-166166
ATP6V1C1,REAC:R-HSA-166166
EBF3,REAC:R-HSA-166166
LIMD1,REAC:R-HSA-166166
WNT7B,REAC:R-HSA-166166
TRAK1,REAC:R-HSA-166166
TP53,REAC:R-HSA-937061
SKP1,REAC:R-HSA-937061
MAPK8,REAC:R-HSA-937061
LDLRAD3,REAC:R-HSA-937061
G3BP1,REAC:R-HSA-937061
USP28,REAC:R-HSA-937061
TRMT13,REAC:R-HSA-937061
RTN4,REAC:R-HSA-937061
TBP,REAC:R-HSA-937061
E2F3,REAC:R-HSA-937061
DDIAS,REAC:R-HSA-937061
OTUD3,REAC:R-HSA-937061
FOXL1,REAC:R-HSA-937061
PIP5KL1,REAC:R-HSA-937061
ARF3,REAC:R-HSA-937061
LEF1,REAC:R-HSA-937061
KDM5A,REAC:R-HSA-937061
KCTD1,REAC:R-HSA-937061
PRLR,REAC:R-HSA-937061
SMOC2,REAC:R-HSA-937061
OXR1,REAC:R-HSA-937061
PGPEP1,REAC:R-HSA-937061
ATP6V1C1,REAC:R-HSA-937061
EBF3,REAC:R-HSA-937061
LIMD1,REAC:R-HSA-937061
WNT7B,REAC:R-HSA-937061
TRAK1,REAC:R-HSA-937061
IGF1R,REAC:R-HSA-2404192
RBM18,REAC:R-HSA-2404192
SSBP2,REAC:R-HSA-2404192
WAPL,REAC:R-HSA-2404192
UEVLD,REAC:R-HSA-2404192
SIM1,REAC:R-HSA-2404192
ZBTB10,REAC:R-HSA-2404192
ACTB,REAC:R-HSA-2404192
ZC3H6,REAC:R-HSA-2404192
DENND6A,REAC:R-HSA-2404192
PTAR1,REAC:R-HSA-2404192
RAP1B,REAC:R-HSA-2404192
CACNA1E,REAC:R-HSA-2404192
RER1,REAC:R-HSA-2404192
RBM18,REAC:R-HSA-6811558
LDLRAD3,REAC:R-HSA-6811558
ZBTB6,REAC:R-HSA-6811558
TFCP2L1,REAC:R-HSA-6811558
RLIM,REAC:R-HSA-6811558
PDXDC1,REAC:R-HSA-6811558
TOM1L2,REAC:R-HSA-6811558
UEVLD,REAC:R-HSA-6811558
FNBP4,REAC:R-HSA-6811558
MKRN1,REAC:R-HSA-6811558
DDIAS,REAC:R-HSA-6811558
SIM1,REAC:R-HSA-6811558
ZBTB10,REAC:R-HSA-6811558
ZNF507,REAC:R-HSA-6811558
KIAA0232,REAC:R-HSA-6811558
ZC3H6,REAC:R-HSA-6811558
VXN,REAC:R-HSA-6811558
DENND6A,REAC:R-HSA-6811558
PTAR1,REAC:R-HSA-6811558
CACNA1E,REAC:R-HSA-6811558
IDE,REAC:R-HSA-6811558
LRATD1,REAC:R-HSA-6811558
EBF3,REAC:R-HSA-6811558
MINDY1,REAC:R-HSA-6811558
RER1,REAC:R-HSA-6811558
CADM1,REAC:R-HSA-421270
ZEB2,REAC:R-HSA-421270
HOXC8,REAC:R-HSA-421270
AGO1,REAC:R-HSA-421270
GALNT7,REAC:R-HSA-421270
UNC5D,REAC:R-HSA-421270
CDK5R1,REAC:R-HSA-421270
TMEM170A,REAC:R-HSA-421270
DDI2,REAC:R-HSA-421270
KDSR,REAC:R-HSA-421270
MACROD2,REAC:R-HSA-421270
BICRAL,REAC:R-HSA-421270
SLC30A1,REAC:R-HSA-421270
UNC13B,REAC:R-HSA-421270
PRDM16,REAC:R-HSA-421270
FOXK2,REAC:R-HSA-421270
KIAA1614,REAC:R-HSA-421270
SOX17,REAC:R-HSA-421270
MRS2,REAC:R-HSA-421270
FAR1,REAC:R-HSA-421270
FNIP2,REAC:R-HSA-421270
TTBK2,REAC:R-HSA-421270
PACRGL,REAC:R-HSA-421270
HNRNPA1,REAC:R-HSA-190236
HNRNPF,REAC:R-HSA-190236
RBM18,REAC:R-HSA-190236
LDLRAD3,REAC:R-HSA-190236
UEVLD,REAC:R-HSA-190236
DDIAS,REAC:R-HSA-190236
IPMK,REAC:R-HSA-190236
SIM1,REAC:R-HSA-190236
ZBTB10,REAC:R-HSA-190236
MTSS2,REAC:R-HSA-190236
RANBP10,REAC:R-HSA-190236
USP12,REAC:R-HSA-190236
THAP11,REAC:R-HSA-190236
DENND6A,REAC:R-HSA-190236
TOR1AIP2,REAC:R-HSA-190236
RAP1B,REAC:R-HSA-190236
CACNA1E,REAC:R-HSA-190236
EBF3,REAC:R-HSA-190236
RER1,REAC:R-HSA-190236
BTG1,REAC:R-HSA-190236
CALU,REAC:R-HSA-190236
CHRDL1,REAC:R-HSA-201451
FSTL1,REAC:R-HSA-201451
SMAD2,REAC:R-HSA-201451
TRPV3,REAC:R-HSA-201451
GNA11,REAC:R-HSA-201451
KMT2E,REAC:R-HSA-201451
ZNF75A,REAC:R-HSA-201451
DENND4A,REAC:R-HSA-201451
HSPA8,REAC:R-HSA-201451
BTG1,REAC:R-HSA-201451
TRAK1,REAC:R-HSA-201451
FOXN2,REAC:R-HSA-445095
GRK3,REAC:R-HSA-445095
UBN2,REAC:R-HSA-445095
GINS1,REAC:R-HSA-445095
AKAP12,REAC:R-HSA-445095
BCL7C,REAC:R-HSA-445095
DDI2,REAC:R-HSA-445095
JPT1,REAC:R-HSA-445095
PKN2,REAC:R-HSA-445095
KIAA1614,REAC:R-HSA-445095
PIK3CB,REAC:R-HSA-445095
HAS2,REAC:R-HSA-3928665
AMMECR1,REAC:R-HSA-3928665
MASTL,REAC:R-HSA-3928665
DERL2,REAC:R-HSA-3928665
DDI2,REAC:R-HSA-3928665
TBCEL,REAC:R-HSA-3928665
BACH2,REAC:R-HSA-3928665
KIAA1614,REAC:R-HSA-3928665
CCNI2,REAC:R-HSA-3928665
DHRS13,REAC:R-HSA-3928665
SZRD1,REAC:R-HSA-3928665
PTGFR,REAC:R-HSA-3928665
IL6ST,REAC:R-HSA-3928665
GNAQ,REAC:R-HSA-3928665
ZNF236,REAC:R-HSA-3928665
TP53,REAC:R-HSA-168138
SKP1,REAC:R-HSA-168138
MAPK8,REAC:R-HSA-168138
LDLRAD3,REAC:R-HSA-168138
G3BP1,REAC:R-HSA-168138
USP28,REAC:R-HSA-168138
TRMT13,REAC:R-HSA-168138
RTN4,REAC:R-HSA-168138
TBP,REAC:R-HSA-168138
E2F3,REAC:R-HSA-168138
DDIAS,REAC:R-HSA-168138
OTUD3,REAC:R-HSA-168138
TBX4,REAC:R-HSA-168138
FOXL1,REAC:R-HSA-168138
PIP5KL1,REAC:R-HSA-168138
SRD5A3,REAC:R-HSA-168138
ARF3,REAC:R-HSA-168138
LEF1,REAC:R-HSA-168138
KDM5A,REAC:R-HSA-168138
KCTD1,REAC:R-HSA-168138
PRLR,REAC:R-HSA-168138
SMOC2,REAC:R-HSA-168138
PGPEP1,REAC:R-HSA-168138
ATP6V1C1,REAC:R-HSA-168138
EBF3,REAC:R-HSA-168138
LIMD1,REAC:R-HSA-168138
WNT7B,REAC:R-HSA-168138
TP53,REAC:R-HSA-168164
SKP1,REAC:R-HSA-168164
MAPK8,REAC:R-HSA-168164
LDLRAD3,REAC:R-HSA-168164
G3BP1,REAC:R-HSA-168164
USP28,REAC:R-HSA-168164
TRMT13,REAC:R-HSA-168164
RTN4,REAC:R-HSA-168164
TBP,REAC:R-HSA-168164
E2F3,REAC:R-HSA-168164
DDIAS,REAC:R-HSA-168164
OTUD3,REAC:R-HSA-168164
FOXL1,REAC:R-HSA-168164
PIP5KL1,REAC:R-HSA-168164
LEF1,REAC:R-HSA-168164
KDM5A,REAC:R-HSA-168164
KCTD1,REAC:R-HSA-168164
PRLR,REAC:R-HSA-168164
SMOC2,REAC:R-HSA-168164
OXR1,REAC:R-HSA-168164
PGPEP1,REAC:R-HSA-168164
ATP6V1C1,REAC:R-HSA-168164
EBF3,REAC:R-HSA-168164
LIMD1,REAC:R-HSA-168164
WNT7B,REAC:R-HSA-168164
TRAK1,REAC:R-HSA-168164
RPS3,REAC:R-HSA-1266738
RPL14,REAC:R-HSA-1266738
NRP1,REAC:R-HSA-1266738
EMX2,REAC:R-HSA-1266738
ITSN1,REAC:R-HSA-1266738
DAG1,REAC:R-HSA-1266738
PAK4,REAC:R-HSA-1266738
PLXNA4,REAC:R-HSA-1266738
PITPNA,REAC:R-HSA-1266738
ZFPM2,REAC:R-HSA-1266738
TP53,REAC:R-HSA-1266738
ZEB2,REAC:R-HSA-1266738
NCOA2,REAC:R-HSA-1266738
SMARCA4,REAC:R-HSA-1266738
TET3,REAC:R-HSA-1266738
HMGCR,REAC:R-HSA-1266738
ZNF423,REAC:R-HSA-1266738
EBF1,REAC:R-HSA-1266738
RUNX1,REAC:R-HSA-1266738
SMARCD1,REAC:R-HSA-1266738
MTA3,REAC:R-HSA-1266738
ST8SIA2,REAC:R-HSA-1266738
AGO1,REAC:R-HSA-1266738
H3-3B,REAC:R-HSA-1266738
ITGA10,REAC:R-HSA-1266738
SMARCC1,REAC:R-HSA-1266738
ACVR1C,REAC:R-HSA-1266738
FLI1,REAC:R-HSA-1266738
FAM102A,REAC:R-HSA-1266738
RBM18,REAC:R-HSA-1266738
FOXN2,REAC:R-HSA-1266738
PGRMC2,REAC:R-HSA-1266738
HAS2,REAC:R-HSA-1266738
STXBP4,REAC:R-HSA-1266738
NR6A1,REAC:R-HSA-1266738
TPM4,REAC:R-HSA-1266738
CCDC25,REAC:R-HSA-1266738
LDLRAD3,REAC:R-HSA-1266738
MAPK1,REAC:R-HSA-1266738
TVP23B,REAC:R-HSA-1266738
PPM1K,REAC:R-HSA-1266738
NPR3,REAC:R-HSA-1266738
ZXDA,REAC:R-HSA-1266738
ZNF644,REAC:R-HSA-1266738
FOXP1,REAC:R-HSA-1266738
G3BP1,REAC:R-HSA-1266738
RALGPS1,REAC:R-HSA-1266738
SMAD2,REAC:R-HSA-1266738
NUFIP2,REAC:R-HSA-1266738
USP28,REAC:R-HSA-1266738
GRK3,REAC:R-HSA-1266738
MIPOL1,REAC:R-HSA-1266738
AMMECR1,REAC:R-HSA-1266738
SMS,REAC:R-HSA-1266738
RABEP1,REAC:R-HSA-1266738
EXPH5,REAC:R-HSA-1266738
MSI2,REAC:R-HSA-1266738
MAPK1IP1L,REAC:R-HSA-1266738
NAPEPLD,REAC:R-HSA-1266738
SCD,REAC:R-HSA-1266738
UBN2,REAC:R-HSA-1266738
GINS1,REAC:R-HSA-1266738
RPP14,REAC:R-HSA-1266738
ALPK3,REAC:R-HSA-1266738
TOM1L2,REAC:R-HSA-1266738
MBOAT2,REAC:R-HSA-1266738
UEVLD,REAC:R-HSA-1266738
NAA15,REAC:R-HSA-1266738
TFAP2B,REAC:R-HSA-1266738
C1orf21,REAC:R-HSA-1266738
FBXO28,REAC:R-HSA-1266738
CYB561,REAC:R-HSA-1266738
SLC39A6,REAC:R-HSA-1266738
ENAH,REAC:R-HSA-1266738
MASTL,REAC:R-HSA-1266738
AKAP12,REAC:R-HSA-1266738
LHX4,REAC:R-HSA-1266738
ANK3,REAC:R-HSA-1266738
PHIP,REAC:R-HSA-1266738
ABI1,REAC:R-HSA-1266738
CYP4F11,REAC:R-HSA-1266738
BCL7C,REAC:R-HSA-1266738
ETNK2,REAC:R-HSA-1266738
PCDH19,REAC:R-HSA-1266738
LUC7L2,REAC:R-HSA-1266738
TENT5C,REAC:R-HSA-1266738
ANK1,REAC:R-HSA-1266738
GRAMD1B,REAC:R-HSA-1266738
DLG3,REAC:R-HSA-1266738
BAK1,REAC:R-HSA-1266738
CDC25A,REAC:R-HSA-1266738
KCNJ15,REAC:R-HSA-1266738
ZBTB20,REAC:R-HSA-1266738
DERL2,REAC:R-HSA-1266738
TRIM5,REAC:R-HSA-1266738
XKRX,REAC:R-HSA-1266738
HIF3A,REAC:R-HSA-1266738
DOCK6,REAC:R-HSA-1266738
SLC25A15,REAC:R-HSA-1266738
ZNRF3,REAC:R-HSA-1266738
SFMBT2,REAC:R-HSA-1266738
NCKAP5,REAC:R-HSA-1266738
DDI2,REAC:R-HSA-1266738
BCL11B,REAC:R-HSA-1266738
ECE1,REAC:R-HSA-1266738
UBE2Z,REAC:R-HSA-1266738
VPS13A,REAC:R-HSA-1266738
HPS5,REAC:R-HSA-1266738
KDM6B,REAC:R-HSA-1266738
FBXO39,REAC:R-HSA-1266738
PARD6B,REAC:R-HSA-1266738
NXT2,REAC:R-HSA-1266738
ATXN7L3,REAC:R-HSA-1266738
BICD1,REAC:R-HSA-1266738
S1PR1,REAC:R-HSA-1266738
PSME3,REAC:R-HSA-1266738
SIM1,REAC:R-HSA-1266738
FGF2,REAC:R-HSA-1266738
ZBTB10,REAC:R-HSA-1266738
NUDCD3,REAC:R-HSA-1266738
SLCO5A1,REAC:R-HSA-1266738
LYSMD3,REAC:R-HSA-1266738
SLC30A1,REAC:R-HSA-1266738
CLCN3,REAC:R-HSA-1266738
FSTL4,REAC:R-HSA-1266738
TNIK,REAC:R-HSA-1266738
TMED4,REAC:R-HSA-1266738
TBCEL,REAC:R-HSA-1266738
TOP1,REAC:R-HSA-1266738
GNA11,REAC:R-HSA-1266738
DUSP8,REAC:R-HSA-1266738
LRP2,REAC:R-HSA-1266738
BMP2K,REAC:R-HSA-1266738
ARFGEF3,REAC:R-HSA-1266738
PAPOLA,REAC:R-HSA-1266738
USP44,REAC:R-HSA-1266738
VMP1,REAC:R-HSA-1266738
CCDC71L,REAC:R-HSA-1266738
KMT2E,REAC:R-HSA-1266738
PCP4L1,REAC:R-HSA-1266738
PSKH1,REAC:R-HSA-1266738
BACH2,REAC:R-HSA-1266738
KIAA0232,REAC:R-HSA-1266738
UNC13B,REAC:R-HSA-1266738
MYH9,REAC:R-HSA-1266738
SLC30A5,REAC:R-HSA-1266738
TNRC6B,REAC:R-HSA-1266738
MYCN,REAC:R-HSA-1266738
JPT1,REAC:R-HSA-1266738
VPS54,REAC:R-HSA-1266738
PRDM16,REAC:R-HSA-1266738
PKN2,REAC:R-HSA-1266738
PLEKHA7,REAC:R-HSA-1266738
FAM126B,REAC:R-HSA-1266738
KSR1,REAC:R-HSA-1266738
KIAA1614,REAC:R-HSA-1266738
ZSCAN25,REAC:R-HSA-1266738
MPPED2,REAC:R-HSA-1266738
PDE3B,REAC:R-HSA-1266738
RICTOR,REAC:R-HSA-1266738
ATXN1,REAC:R-HSA-1266738
ZC3H6,REAC:R-HSA-1266738
CEP97,REAC:R-HSA-1266738
THAP11,REAC:R-HSA-1266738
PIK3CB,REAC:R-HSA-1266738
HIC2,REAC:R-HSA-1266738
RNF152,REAC:R-HSA-1266738
KCNC3,REAC:R-HSA-1266738
JAM2,REAC:R-HSA-1266738
TNFAIP8,REAC:R-HSA-1266738
AVL9,REAC:R-HSA-1266738
KCTD1,REAC:R-HSA-1266738
LMNB1,REAC:R-HSA-1266738
DCTN5,REAC:R-HSA-1266738
PRLR,REAC:R-HSA-1266738
RAB9B,REAC:R-HSA-1266738
USP9X,REAC:R-HSA-1266738
ACBD3,REAC:R-HSA-1266738
PDZD4,REAC:R-HSA-1266738
CENPO,REAC:R-HSA-1266738
PIP4P1,REAC:R-HSA-1266738
CNN2,REAC:R-HSA-1266738
UBXN10,REAC:R-HSA-1266738
RASAL2,REAC:R-HSA-1266738
KRT80,REAC:R-HSA-1266738
RAPGEF5,REAC:R-HSA-1266738
NGFR,REAC:R-HSA-1266738
TIMM50,REAC:R-HSA-1266738
IRS1,REAC:R-HSA-1266738
CCNI2,REAC:R-HSA-1266738
DHRS13,REAC:R-HSA-1266738
MRS2,REAC:R-HSA-1266738
EPHB2,REAC:R-HSA-1266738
SZRD1,REAC:R-HSA-1266738
FRRS1L,REAC:R-HSA-1266738
DMXL1,REAC:R-HSA-1266738
BCL9L,REAC:R-HSA-1266738
PTGFR,REAC:R-HSA-1266738
FNIP2,REAC:R-HSA-1266738
RAP1B,REAC:R-HSA-1266738
SNAI1,REAC:R-HSA-1266738
PTPN9,REAC:R-HSA-1266738
DDX19A,REAC:R-HSA-1266738
NHS,REAC:R-HSA-1266738
IDE,REAC:R-HSA-1266738
IL6ST,REAC:R-HSA-1266738
DOT1L,REAC:R-HSA-1266738
NRXN1,REAC:R-HSA-1266738
NSF,REAC:R-HSA-1266738
RNF8,REAC:R-HSA-1266738
ANKH,REAC:R-HSA-1266738
AP1G1,REAC:R-HSA-1266738
RBAK,REAC:R-HSA-1266738
RAB18,REAC:R-HSA-1266738
SUSD6,REAC:R-HSA-1266738
ZNF217,REAC:R-HSA-1266738
LEMD2,REAC:R-HSA-1266738
ISG20L2,REAC:R-HSA-1266738
RARB,REAC:R-HSA-1266738
CASP10,REAC:R-HSA-1266738
TNKS,REAC:R-HSA-1266738
COG5,REAC:R-HSA-1266738
CCND1,REAC:R-HSA-1266738
FAM135A,REAC:R-HSA-1266738
NUP133,REAC:R-HSA-1266738
PPP1R15B,REAC:R-HSA-1266738
MAD2L1,REAC:R-HSA-1266738
EPB41L5,REAC:R-HSA-1266738
IPCEF1,REAC:R-HSA-1266738
SESTD1,REAC:R-HSA-1266738
GNAQ,REAC:R-HSA-1266738
YIPF2,REAC:R-HSA-1266738
WNT7B,REAC:R-HSA-1266738
KCND1,REAC:R-HSA-1266738
RBFOX2,REAC:R-HSA-1266738
MEF2C,REAC:R-HSA-1266738
MMP11,REAC:R-HSA-1266738
ZNF236,REAC:R-HSA-1266738
KPNA1,REAC:R-HSA-1266738
ANKRD9,REAC:R-HSA-1266738
SLC26A9,REAC:R-HSA-1266738
ZNF689,REAC:R-HSA-1266738
TP53,REAC:R-HSA-181438
SKP1,REAC:R-HSA-181438
MAPK8,REAC:R-HSA-181438
LDLRAD3,REAC:R-HSA-181438
G3BP1,REAC:R-HSA-181438
USP28,REAC:R-HSA-181438
TRMT13,REAC:R-HSA-181438
RTN4,REAC:R-HSA-181438
TBP,REAC:R-HSA-181438
E2F3,REAC:R-HSA-181438
DDIAS,REAC:R-HSA-181438
OTUD3,REAC:R-HSA-181438
TBX4,REAC:R-HSA-181438
FOXL1,REAC:R-HSA-181438
PIP5KL1,REAC:R-HSA-181438
SRD5A3,REAC:R-HSA-181438
ARF3,REAC:R-HSA-181438
LEF1,REAC:R-HSA-181438
KDM5A,REAC:R-HSA-181438
KCTD1,REAC:R-HSA-181438
PRLR,REAC:R-HSA-181438
SMOC2,REAC:R-HSA-181438
PGPEP1,REAC:R-HSA-181438
ATP6V1C1,REAC:R-HSA-181438
EBF3,REAC:R-HSA-181438
LIMD1,REAC:R-HSA-181438
WNT7B,REAC:R-HSA-181438
TRIQK,REAC:R-HSA-181438
RBM18,REAC:R-HSA-74751
SSBP2,REAC:R-HSA-74751
LDLRAD3,REAC:R-HSA-74751
UEVLD,REAC:R-HSA-74751
SIM1,REAC:R-HSA-74751
ZBTB10,REAC:R-HSA-74751
ACTB,REAC:R-HSA-74751
ZC3H6,REAC:R-HSA-74751
DENND6A,REAC:R-HSA-74751
PTAR1,REAC:R-HSA-74751
RAP1B,REAC:R-HSA-74751
CACNA1E,REAC:R-HSA-74751
MINDY1,REAC:R-HSA-74751
RER1,REAC:R-HSA-74751
TP53,REAC:R-HSA-168179
SKP1,REAC:R-HSA-168179
MAPK8,REAC:R-HSA-168179
LDLRAD3,REAC:R-HSA-168179
G3BP1,REAC:R-HSA-168179
USP28,REAC:R-HSA-168179
TRMT13,REAC:R-HSA-168179
RTN4,REAC:R-HSA-168179
TBP,REAC:R-HSA-168179
E2F3,REAC:R-HSA-168179
DDIAS,REAC:R-HSA-168179
OTUD3,REAC:R-HSA-168179
TBX4,REAC:R-HSA-168179
FOXL1,REAC:R-HSA-168179
PIP5KL1,REAC:R-HSA-168179
SRD5A3,REAC:R-HSA-168179
ARF3,REAC:R-HSA-168179
LEF1,REAC:R-HSA-168179
KDM5A,REAC:R-HSA-168179
KCTD1,REAC:R-HSA-168179
PRLR,REAC:R-HSA-168179
SMOC2,REAC:R-HSA-168179
PGPEP1,REAC:R-HSA-168179
ATP6V1C1,REAC:R-HSA-168179
EBF3,REAC:R-HSA-168179
LIMD1,REAC:R-HSA-168179
WNT7B,REAC:R-HSA-168179
TRIQK,REAC:R-HSA-168179
RAB5B,REAC:R-HSA-8873719
RAB15,REAC:R-HSA-8873719
ZZZ3,REAC:R-HSA-8873719
IPO9,REAC:R-HSA-8873719
NEDD4L,REAC:R-HSA-8873719
OTUD4,REAC:R-HSA-8873719
FITM2,REAC:R-HSA-8873719
DCUN1D4,REAC:R-HSA-8873719
INPP5K,REAC:R-HSA-8873719
ENTPD4,REAC:R-HSA-8873719
UBE2J1,REAC:R-HSA-8873719
KLF10,REAC:R-HSA-8873719
PAX5,REAC:R-HSA-8873719
PARP6,REAC:R-HSA-8873719
DYRK2,REAC:R-HSA-8873719
PPM1L,REAC:R-HSA-8873719
RAD54L2,REAC:R-HSA-8873719
AFF4,REAC:R-HSA-8873719
RBM18,REAC:R-HSA-199418
LDLRAD3,REAC:R-HSA-199418
ZBTB6,REAC:R-HSA-199418
TFCP2L1,REAC:R-HSA-199418
RLIM,REAC:R-HSA-199418
PDXDC1,REAC:R-HSA-199418
TOM1L2,REAC:R-HSA-199418
UEVLD,REAC:R-HSA-199418
SLC4A8,REAC:R-HSA-199418
FNBP4,REAC:R-HSA-199418
MKRN1,REAC:R-HSA-199418
DDIAS,REAC:R-HSA-199418
SIM1,REAC:R-HSA-199418
ZBTB10,REAC:R-HSA-199418
ZNF507,REAC:R-HSA-199418
KIAA0232,REAC:R-HSA-199418
ZC3H6,REAC:R-HSA-199418
VXN,REAC:R-HSA-199418
DENND6A,REAC:R-HSA-199418
PTAR1,REAC:R-HSA-199418
CACNA1E,REAC:R-HSA-199418
IDE,REAC:R-HSA-199418
LRATD1,REAC:R-HSA-199418
EBF3,REAC:R-HSA-199418
MINDY1,REAC:R-HSA-199418
RER1,REAC:R-HSA-199418
HNRNPA1,REAC:R-HSA-5654738
HNRNPF,REAC:R-HSA-5654738
RBM18,REAC:R-HSA-5654738
LDLRAD3,REAC:R-HSA-5654738
UEVLD,REAC:R-HSA-5654738
DDIAS,REAC:R-HSA-5654738
IPMK,REAC:R-HSA-5654738
SIM1,REAC:R-HSA-5654738
ZBTB10,REAC:R-HSA-5654738
MTSS2,REAC:R-HSA-5654738
RANBP10,REAC:R-HSA-5654738
THAP11,REAC:R-HSA-5654738
DENND6A,REAC:R-HSA-5654738
RAP1B,REAC:R-HSA-5654738
CACNA1E,REAC:R-HSA-5654738
EBF3,REAC:R-HSA-5654738
RER1,REAC:R-HSA-5654738
CALU,REAC:R-HSA-5654738
NRP1,REAC:R-HSA-373755
PLXNA4,REAC:R-HSA-373755
STXBP4,REAC:R-HSA-373755
GRAMD1B,REAC:R-HSA-373755
DLG3,REAC:R-HSA-373755
SFMBT2,REAC:R-HSA-373755
CLCN3,REAC:R-HSA-373755
PAPOLA,REAC:R-HSA-373755
PCP4L1,REAC:R-HSA-373755
PSKH1,REAC:R-HSA-373755
PLEKHA7,REAC:R-HSA-373755
RNF152,REAC:R-HSA-373755
AVL9,REAC:R-HSA-373755
EPHB2,REAC:R-HSA-373755
DMXL1,REAC:R-HSA-373755
PPP1R15B,REAC:R-HSA-373755
YIPF2,REAC:R-HSA-373755
MMP11,REAC:R-HSA-373755
NRP1,REAC:R-HSA-194138
ABI2,REAC:R-HSA-194138
SSBP2,REAC:R-HSA-194138
UEVLD,REAC:R-HSA-194138
POLH,REAC:R-HSA-194138
CALM1,REAC:R-HSA-194138
CDC25A,REAC:R-HSA-194138
PLCL2,REAC:R-HSA-194138
DDI2,REAC:R-HSA-194138
CLCN3,REAC:R-HSA-194138
LRP2,REAC:R-HSA-194138
POLR1C,REAC:R-HSA-194138
KIAA1614,REAC:R-HSA-194138
STK40,REAC:R-HSA-194138
ZBTB12,REAC:R-HSA-194138
ZC3H6,REAC:R-HSA-194138
KIAA1755,REAC:R-HSA-194138
KCTD1,REAC:R-HSA-194138
PURA,REAC:R-HSA-194138
SZRD1,REAC:R-HSA-194138
FAR1,REAC:R-HSA-194138
RAP1B,REAC:R-HSA-194138
RBAK,REAC:R-HSA-194138
MAD2L1,REAC:R-HSA-194138
THRB,REAC:R-HSA-194138
GNAQ,REAC:R-HSA-194138
AGO1,REAC:R-HSA-5687128
COX7A2L,REAC:R-HSA-5687128
NXT2,REAC:R-HSA-5687128
SLCO5A1,REAC:R-HSA-5687128
SLC30A1,REAC:R-HSA-5687128
CLCN3,REAC:R-HSA-5687128
HCN1,REAC:R-HSA-5687128
VMP1,REAC:R-HSA-5687128
UNC13B,REAC:R-HSA-5687128
PRDM16,REAC:R-HSA-5687128
DIO2,REAC:R-HSA-5687128
ARHGAP6,REAC:R-HSA-5687128
DCTN5,REAC:R-HSA-5687128
IRS1,REAC:R-HSA-5687128
MRS2,REAC:R-HSA-5687128
PTPN9,REAC:R-HSA-5687128
NHS,REAC:R-HSA-5687128
ELAPOR1,REAC:R-HSA-5687128
SUSD6,REAC:R-HSA-5687128
NOS1,REAC:R-HSA-5687128
RARB,REAC:R-HSA-5687128
MAD2L1,REAC:R-HSA-5687128
DLGAP2,REAC:R-HSA-5687128
PAK4,REAC:R-HSA-9013423
ABI2,REAC:R-HSA-9013423
BAZ2A,REAC:R-HSA-9013423
TRUB1,REAC:R-HSA-9013423
RNF4,REAC:R-HSA-9013423
UEVLD,REAC:R-HSA-9013423
CALM1,REAC:R-HSA-9013423
SHE,REAC:R-HSA-9013423
HAUS8,REAC:R-HSA-9013423
XKR4,REAC:R-HSA-9013423
AP3M1,REAC:R-HSA-9013423
ARFGEF3,REAC:R-HSA-9013423
PIK3R3,REAC:R-HSA-9013423
POLR1C,REAC:R-HSA-9013423
FBXL13,REAC:R-HSA-9013423
SERAC1,REAC:R-HSA-9013423
UBE3C,REAC:R-HSA-9013423
MCF2L,REAC:R-HSA-9013423
SSR1,REAC:R-HSA-9013423
IGF2BP1,REAC:R-HSA-9013423
DDX19B,REAC:R-HSA-9013423
MAD2L1,REAC:R-HSA-9013423
GNAQ,REAC:R-HSA-9013423
SH3PXD2A,REAC:R-HSA-9013423
TRIM24,REAC:R-HSA-5655302
RBM18,REAC:R-HSA-5655302
UEVLD,REAC:R-HSA-5655302
AGMAT,REAC:R-HSA-5655302
ANK3,REAC:R-HSA-5655302
ZNF470,REAC:R-HSA-5655302
SIM1,REAC:R-HSA-5655302
ZBTB10,REAC:R-HSA-5655302
DENND6A,REAC:R-HSA-5655302
RAP1B,REAC:R-HSA-5655302
IGF2BP1,REAC:R-HSA-5655302
TPD52,REAC:R-HSA-432722
VGLL4,REAC:R-HSA-432722
FSD1L,REAC:R-HSA-432722
CYSLTR1,REAC:R-HSA-432722
RICTOR,REAC:R-HSA-432722
POLR2F,REAC:R-HSA-432722
TNFAIP8,REAC:R-HSA-432722
GRM4,REAC:R-HSA-432722
AGAP1,REAC:R-HSA-432722
WASL,REAC:R-HSA-432722
ZNF282,REAC:R-HSA-432722
UBE3C,REAC:R-HSA-432722
TOB2,REAC:R-HSA-432722
MFN2,REAC:R-HSA-432722
ATP1A2,REAC:R-HSA-432722
TMED9,REAC:R-HSA-432722
AGO1,REAC:R-HSA-426486
ESR2,REAC:R-HSA-426486
ANK1,REAC:R-HSA-426486
SLC30A1,REAC:R-HSA-426486
MRS2,REAC:R-HSA-426486
NRP1,REAC:R-HSA-447041
ITGA10,REAC:R-HSA-447041
BCL7C,REAC:R-HSA-447041
TNFAIP8,REAC:R-HSA-447041
DMXL1,REAC:R-HSA-447041
NRP1,REAC:R-HSA-399956
PLXNA4,REAC:R-HSA-399956
STXBP4,REAC:R-HSA-399956
GRAMD1B,REAC:R-HSA-399956
DLG3,REAC:R-HSA-399956
PLEKHA7,REAC:R-HSA-399956
YIPF2,REAC:R-HSA-399956
AGO1,REAC:R-HSA-8943723
SLC30A1,REAC:R-HSA-8943723
UNC13B,REAC:R-HSA-8943723
PRDM16,REAC:R-HSA-8943723
MRS2,REAC:R-HSA-8943723
CDCA3,REAC:R-HSA-111453
ANK3,REAC:R-HSA-111453
FEM1C,REAC:R-HSA-111453
MAPK6,REAC:R-HSA-111453
N4BP1,REAC:R-HSA-111453
SLC2A1,REAC:R-HSA-8875656
AMMECR1L,REAC:R-HSA-8875656
ZBTB10,REAC:R-HSA-8875656
KLF10,REAC:R-HSA-8875656
BTBD9,REAC:R-HSA-8875656
GNAI1,REAC:R-HSA-977443
CDC23,REAC:R-HSA-977443
RPS6KA6,REAC:R-HSA-977443
SETD6,REAC:R-HSA-977443
ABHD2,REAC:R-HSA-977443
NCS1,REAC:R-HSA-977443
ASB4,REAC:R-HSA-977443
DPP8,REAC:R-HSA-977443
PLA2G2C,REAC:R-HSA-977443
EML4,REAC:R-HSA-977443
PDPR,REAC:R-HSA-977443
SESN3,REAC:R-HSA-977443
LIPH,REAC:R-HSA-977443
BHLHE41,REAC:R-HSA-977443
TMEM38A,REAC:R-HSA-977443
CHI3L1,REAC:R-HSA-977443
GABRA3,REAC:R-HSA-977443
RUNX1,REAC:R-HSA-8939256
MKRN1,REAC:R-HSA-8939256
SNAI1,REAC:R-HSA-8939256
GGA3,REAC:R-HSA-8939256
MEF2D,REAC:R-HSA-6802953
CCDC6,REAC:R-HSA-6802953
TOR1AIP2,REAC:R-HSA-6802953
RAP1B,REAC:R-HSA-6802953
FZD4,REAC:R-HSA-195721
SMARCA4,REAC:R-HSA-195721
CUL3,REAC:R-HSA-195721
SKP1,REAC:R-HSA-195721
AGO1,REAC:R-HSA-195721
H3-3B,REAC:R-HSA-195721
CSNK1G2,REAC:R-HSA-195721
CDC23,REAC:R-HSA-195721
VPS53,REAC:R-HSA-195721
WDR37,REAC:R-HSA-195721
TFCP2L1,REAC:R-HSA-195721
CHST14,REAC:R-HSA-195721
AMMECR1,REAC:R-HSA-195721
RPS6KA6,REAC:R-HSA-195721
SCD,REAC:R-HSA-195721
FBXO41,REAC:R-HSA-195721
GOLGA3,REAC:R-HSA-195721
SMIM14,REAC:R-HSA-195721
HECTD2,REAC:R-HSA-195721
TMEM26,REAC:R-HSA-195721
CDC40,REAC:R-HSA-195721
PLCL2,REAC:R-HSA-195721
TRIM5,REAC:R-HSA-195721
DDIAS,REAC:R-HSA-195721
ARRDC3,REAC:R-HSA-195721
NCKAP5,REAC:R-HSA-195721
SMAD5,REAC:R-HSA-195721
DLG2,REAC:R-HSA-195721
PAK5,REAC:R-HSA-195721
NXT2,REAC:R-HSA-195721
SLC30A1,REAC:R-HSA-195721
INTS8,REAC:R-HSA-195721
PPP6C,REAC:R-HSA-195721
DPP8,REAC:R-HSA-195721
TACC1,REAC:R-HSA-195721
VMP1,REAC:R-HSA-195721
UNC13B,REAC:R-HSA-195721
KCNS2,REAC:R-HSA-195721
PRDM16,REAC:R-HSA-195721
STX16,REAC:R-HSA-195721
PLEKHA7,REAC:R-HSA-195721
REEP1,REAC:R-HSA-195721
ZSCAN25,REAC:R-HSA-195721
GNA13,REAC:R-HSA-195721
VANGL1,REAC:R-HSA-195721
DCTN5,REAC:R-HSA-195721
ZBTB8B,REAC:R-HSA-195721
ACBD3,REAC:R-HSA-195721
SMOC2,REAC:R-HSA-195721
ELP1,REAC:R-HSA-195721
IRS1,REAC:R-HSA-195721
MRS2,REAC:R-HSA-195721
MAFG,REAC:R-HSA-195721
RHOBTB1,REAC:R-HSA-195721
ANKRD28,REAC:R-HSA-195721
PTPN9,REAC:R-HSA-195721
EBF3,REAC:R-HSA-195721
SUSD6,REAC:R-HSA-195721
GGA3,REAC:R-HSA-195721
LEMD2,REAC:R-HSA-195721
RSPO3,REAC:R-HSA-195721
GGCT,REAC:R-HSA-195721
CASP10,REAC:R-HSA-195721
G3BP2,REAC:R-HSA-195721
SOX11,REAC:R-HSA-195721
MEF2C,REAC:R-HSA-195721
RBM18,REAC:R-HSA-2219530
ZBTB6,REAC:R-HSA-2219530
PDXDC1,REAC:R-HSA-2219530
TOM1L2,REAC:R-HSA-2219530
UEVLD,REAC:R-HSA-2219530
FNBP4,REAC:R-HSA-2219530
MKRN1,REAC:R-HSA-2219530
SIM1,REAC:R-HSA-2219530
ZBTB10,REAC:R-HSA-2219530
ZNF507,REAC:R-HSA-2219530
KIAA0232,REAC:R-HSA-2219530
ZC3H6,REAC:R-HSA-2219530
VXN,REAC:R-HSA-2219530
DENND6A,REAC:R-HSA-2219530
PTAR1,REAC:R-HSA-2219530
CACNA1E,REAC:R-HSA-2219530
IDE,REAC:R-HSA-2219530
LRATD1,REAC:R-HSA-2219530
RER1,REAC:R-HSA-2219530
CDC6,REAC:R-HSA-177929
PDXDC1,REAC:R-HSA-177929
ALPK3,REAC:R-HSA-177929
UEVLD,REAC:R-HSA-177929
CCSER1,REAC:R-HSA-177929
ZBTB10,REAC:R-HSA-177929
TBCEL,REAC:R-HSA-177929
ZNF507,REAC:R-HSA-177929
NFATC2IP,REAC:R-HSA-177929
KIAA1755,REAC:R-HSA-177929
PIP4P1,REAC:R-HSA-177929
ARHGEF17,REAC:R-HSA-177929
RAP1B,REAC:R-HSA-177929
ANGEL1,REAC:R-HSA-177929
MAD2L1,REAC:R-HSA-177929
RBM18,REAC:R-HSA-2219528
SSBP2,REAC:R-HSA-2219528
ZBTB6,REAC:R-HSA-2219528
PDXDC1,REAC:R-HSA-2219528
TOM1L2,REAC:R-HSA-2219528
UEVLD,REAC:R-HSA-2219528
FNBP4,REAC:R-HSA-2219528
MKRN1,REAC:R-HSA-2219528
SIM1,REAC:R-HSA-2219528
ZBTB10,REAC:R-HSA-2219528
ZNF507,REAC:R-HSA-2219528
KIAA0232,REAC:R-HSA-2219528
PLEKHA7,REAC:R-HSA-2219528
ZBTB12,REAC:R-HSA-2219528
ZC3H6,REAC:R-HSA-2219528
KDM5A,REAC:R-HSA-2219528
VXN,REAC:R-HSA-2219528
DENND6A,REAC:R-HSA-2219528
PTAR1,REAC:R-HSA-2219528
CACNA1E,REAC:R-HSA-2219528
NHS,REAC:R-HSA-2219528
IDE,REAC:R-HSA-2219528
LRATD1,REAC:R-HSA-2219528
RER1,REAC:R-HSA-2219528
TVP23B,REAC:R-HSA-6806834
SLC2A1,REAC:R-HSA-6806834
CARMIL1,REAC:R-HSA-6806834
TMEM107,REAC:R-HSA-6806834
ALPK3,REAC:R-HSA-6806834
UEVLD,REAC:R-HSA-6806834
ANK3,REAC:R-HSA-6806834
CCSER1,REAC:R-HSA-6806834
SMAD5,REAC:R-HSA-6806834
FDXR,REAC:R-HSA-6806834
AMMECR1L,REAC:R-HSA-6806834
ZBTB10,REAC:R-HSA-6806834
EFCAB14,REAC:R-HSA-6806834
KCND3,REAC:R-HSA-6806834
NUDT3,REAC:R-HSA-6806834
KLF10,REAC:R-HSA-6806834
PIP4P1,REAC:R-HSA-6806834
ZFHX4,REAC:R-HSA-6806834
RAP1B,REAC:R-HSA-6806834
BTBD9,REAC:R-HSA-6806834
ITSN1,REAC:R-HSA-204998
MAPK8,REAC:R-HSA-204998
HAS2,REAC:R-HSA-204998
EIF4B,REAC:R-HSA-204998
CDCA3,REAC:R-HSA-204998
NME7,REAC:R-HSA-204998
SFMBT2,REAC:R-HSA-204998
BEND3,REAC:R-HSA-204998
EPG5,REAC:R-HSA-204998
ECE1,REAC:R-HSA-204998
ZFYVE16,REAC:R-HSA-204998
TNFSF13B,REAC:R-HSA-204998
BACE1,REAC:R-HSA-204998
SLC1A4,REAC:R-HSA-204998
SLC39A10,REAC:R-HSA-204998
SZRD1,REAC:R-HSA-204998
PDK4,REAC:R-HSA-204998
PDE5A,REAC:R-HSA-204998
GNAQ,REAC:R-HSA-204998
CCDC120,REAC:R-HSA-204998
RBM18,REAC:R-HSA-5654710
UEVLD,REAC:R-HSA-5654710
SIM1,REAC:R-HSA-5654710
ZBTB10,REAC:R-HSA-5654710
DENND6A,REAC:R-HSA-5654710
RER1,REAC:R-HSA-5654710
ITSN1,REAC:R-HSA-193704
MAPK8,REAC:R-HSA-193704
HAS2,REAC:R-HSA-193704
EIF4B,REAC:R-HSA-193704
CDCA3,REAC:R-HSA-193704
AP2B1,REAC:R-HSA-193704
NME7,REAC:R-HSA-193704
OTUD3,REAC:R-HSA-193704
SFMBT2,REAC:R-HSA-193704
BEND3,REAC:R-HSA-193704
EPG5,REAC:R-HSA-193704
ECE1,REAC:R-HSA-193704
ZFYVE16,REAC:R-HSA-193704
TNFSF13B,REAC:R-HSA-193704
BACE1,REAC:R-HSA-193704
PRLR,REAC:R-HSA-193704
SLC1A4,REAC:R-HSA-193704
SLC39A10,REAC:R-HSA-193704
ARHGEF17,REAC:R-HSA-193704
SZRD1,REAC:R-HSA-193704
PDK4,REAC:R-HSA-193704
PDE5A,REAC:R-HSA-193704
GNAQ,REAC:R-HSA-193704
CCDC120,REAC:R-HSA-193704
TOM1L2,REAC:R-HSA-9670439
UEVLD,REAC:R-HSA-9670439
MASTL,REAC:R-HSA-9670439
ANK3,REAC:R-HSA-9670439
BACH2,REAC:R-HSA-9670439
KIAA0232,REAC:R-HSA-9670439
RAP1B,REAC:R-HSA-9670439
YWHAG,REAC:R-HSA-1445148
TBC1D4,REAC:R-HSA-1445148
YWHAQ,REAC:R-HSA-1445148
VGLL4,REAC:R-HSA-1445148
ZZZ3,REAC:R-HSA-1445148
IPO9,REAC:R-HSA-1445148
ANK2,REAC:R-HSA-1445148
NEDD4L,REAC:R-HSA-1445148
TSN,REAC:R-HSA-1445148
FITM2,REAC:R-HSA-1445148
DR1,REAC:R-HSA-1445148
DDI2,REAC:R-HSA-1445148
DLG2,REAC:R-HSA-1445148
NAA20,REAC:R-HSA-1445148
PSKH1,REAC:R-HSA-1445148
ZFX,REAC:R-HSA-1445148
KIAA1614,REAC:R-HSA-1445148
KLF10,REAC:R-HSA-1445148
MCTP2,REAC:R-HSA-1445148
ZBTB6,REAC:R-HSA-9620244
TIMP3,REAC:R-HSA-9620244
LHX4,REAC:R-HSA-9620244
TENT5C,REAC:R-HSA-9620244
ATAD2,REAC:R-HSA-9620244
ARAP2,REAC:R-HSA-9620244
DUSP8,REAC:R-HSA-9620244
TIMM17A,REAC:R-HSA-9620244
RBM18,REAC:R-HSA-9006115
UEVLD,REAC:R-HSA-9006115
GRAMD1B,REAC:R-HSA-9006115
ZBTB10,REAC:R-HSA-9006115
DUSP8,REAC:R-HSA-9006115
VXN,REAC:R-HSA-9006115
RAP1B,REAC:R-HSA-9006115
WBP2,REAC:R-HSA-9006115
TOM1L2,REAC:R-HSA-9669938
UEVLD,REAC:R-HSA-9669938
MASTL,REAC:R-HSA-9669938
ANK3,REAC:R-HSA-9669938
BACH2,REAC:R-HSA-9669938
KIAA0232,REAC:R-HSA-9669938
RAP1B,REAC:R-HSA-9669938
FZD4,REAC:R-HSA-4641263
WDR37,REAC:R-HSA-4641263
ARRDC3,REAC:R-HSA-4641263
SMAD5,REAC:R-HSA-4641263
VANGL1,REAC:R-HSA-4641263
ELP1,REAC:R-HSA-4641263
GGA3,REAC:R-HSA-4641263
G3BP2,REAC:R-HSA-4641263
RBM18,REAC:R-HSA-5655332
UEVLD,REAC:R-HSA-5655332
SIM1,REAC:R-HSA-5655332
ZBTB10,REAC:R-HSA-5655332
DENND6A,REAC:R-HSA-5655332
RAP1B,REAC:R-HSA-5655332
RER1,REAC:R-HSA-5655332
RBM18,REAC:R-HSA-5654736
LDLRAD3,REAC:R-HSA-5654736
UEVLD,REAC:R-HSA-5654736
DDIAS,REAC:R-HSA-5654736
SIM1,REAC:R-HSA-5654736
ZBTB10,REAC:R-HSA-5654736
USP12,REAC:R-HSA-5654736
DENND6A,REAC:R-HSA-5654736
TOR1AIP2,REAC:R-HSA-5654736
RAP1B,REAC:R-HSA-5654736
EBF3,REAC:R-HSA-5654736
RER1,REAC:R-HSA-5654736
BTG1,REAC:R-HSA-5654736
MSI2,REAC:R-HSA-9830674
NAPEPLD,REAC:R-HSA-9830674
LUC7L2,REAC:R-HSA-9830674
MYH9,REAC:R-HSA-9830674
VPS54,REAC:R-HSA-9830674
NGFR,REAC:R-HSA-9830674
AP1G1,REAC:R-HSA-9830674
KPNA1,REAC:R-HSA-9830674
ACVR1C,REAC:R-HSA-1502540
LDLRAD3,REAC:R-HSA-1502540
RALGPS1,REAC:R-HSA-1502540
SMAD2,REAC:R-HSA-1502540
KMT2E,REAC:R-HSA-1502540
KRT80,REAC:R-HSA-1502540
BTG1,REAC:R-HSA-1502540
RAB5B,REAC:R-HSA-8876198
DENND2B,REAC:R-HSA-8876198
GDI2,REAC:R-HSA-8876198
ZZZ3,REAC:R-HSA-8876198
IPO9,REAC:R-HSA-8876198
TASP1,REAC:R-HSA-8876198
NEDD4L,REAC:R-HSA-8876198
SLC30A9,REAC:R-HSA-8876198
OTUD4,REAC:R-HSA-8876198
DOK7,REAC:R-HSA-8876198
GMCL1,REAC:R-HSA-8876198
PAK3,REAC:R-HSA-8876198
UBE2J1,REAC:R-HSA-8876198
PTP4A1,REAC:R-HSA-8876198
PAX5,REAC:R-HSA-8876198
PARP6,REAC:R-HSA-8876198
MYO6,REAC:R-HSA-8876198
DYRK2,REAC:R-HSA-8876198
GNPNAT1,REAC:R-HSA-8876198
ZRANB2,REAC:R-HSA-8876198
RAD54L2,REAC:R-HSA-8876198
ATP8B2,REAC:R-HSA-8876198
SSBP2,REAC:R-HSA-442755
LDLRAD3,REAC:R-HSA-442755
ZBTB6,REAC:R-HSA-442755
PPM1K,REAC:R-HSA-442755
SMS,REAC:R-HSA-442755
SPTLC1,REAC:R-HSA-442755
TIMP3,REAC:R-HSA-442755
LHX4,REAC:R-HSA-442755
FAHD2A,REAC:R-HSA-442755
TENT5C,REAC:R-HSA-442755
PRKCE,REAC:R-HSA-442755
TSN,REAC:R-HSA-442755
ATAD2,REAC:R-HSA-442755
DR1,REAC:R-HSA-442755
POU5F1B,REAC:R-HSA-442755
ARAP2,REAC:R-HSA-442755
DUSP8,REAC:R-HSA-442755
EIF5B,REAC:R-HSA-442755
KHNYN,REAC:R-HSA-442755
TIMM17A,REAC:R-HSA-442755
RAP1B,REAC:R-HSA-442755
CDKL2,REAC:R-HSA-442755
MAPK8,REAC:R-HSA-450282
LDLRAD3,REAC:R-HSA-450282
G3BP1,REAC:R-HSA-450282
TBP,REAC:R-HSA-450282
DDIAS,REAC:R-HSA-450282
PIP5KL1,REAC:R-HSA-450282
LEF1,REAC:R-HSA-450282
KCTD1,REAC:R-HSA-450282
EBF3,REAC:R-HSA-450282
WNT7B,REAC:R-HSA-450282
IL17RD,REAC:R-HSA-5674135
SOCS6,REAC:R-HSA-5674135
LDLRAD3,REAC:R-HSA-5674135
DDI2,REAC:R-HSA-5674135
LRP2,REAC:R-HSA-5674135
NFATC2IP,REAC:R-HSA-5674135
MSL1,REAC:R-HSA-5674135
UBLCP1,REAC:R-HSA-5674135
KIAA1614,REAC:R-HSA-5674135
ZFHX4,REAC:R-HSA-5674135
RAP1B,REAC:R-HSA-5674135
TMED9,REAC:R-HSA-5674135
RBM18,REAC:R-HSA-112399
SSBP2,REAC:R-HSA-112399
UEVLD,REAC:R-HSA-112399
SIM1,REAC:R-HSA-112399
ZBTB10,REAC:R-HSA-112399
ACTB,REAC:R-HSA-112399
ZC3H6,REAC:R-HSA-112399
DENND6A,REAC:R-HSA-112399
PTAR1,REAC:R-HSA-112399
RAP1B,REAC:R-HSA-112399
CACNA1E,REAC:R-HSA-112399
RER1,REAC:R-HSA-112399
TP53,REAC:R-HSA-6804758
NR6A1,REAC:R-HSA-6804758
USP28,REAC:R-HSA-6804758
RLIM,REAC:R-HSA-6804758
YOD1,REAC:R-HSA-6804758
EMP2,REAC:R-HSA-6804758
BBC3,REAC:R-HSA-6804758
KSR1,REAC:R-HSA-6804758
PDE3B,REAC:R-HSA-6804758
KLHL15,REAC:R-HSA-6804758
TP53,REAC:R-HSA-8853884
ANAPC15,REAC:R-HSA-8853884
AGO1,REAC:R-HSA-8853884
DEUP1,REAC:R-HSA-8853884
SLC30A1,REAC:R-HSA-8853884
SPOCK1,REAC:R-HSA-8853884
UNC13B,REAC:R-HSA-8853884
PRDM16,REAC:R-HSA-8853884
ZSCAN25,REAC:R-HSA-8853884
PRLR,REAC:R-HSA-8853884
MRS2,REAC:R-HSA-8853884
COG5,REAC:R-HSA-8853884
RBM18,REAC:R-HSA-74752
SSBP2,REAC:R-HSA-74752
LDLRAD3,REAC:R-HSA-74752
UEVLD,REAC:R-HSA-74752
FBXO28,REAC:R-HSA-74752
FDXR,REAC:R-HSA-74752
VPS18,REAC:R-HSA-74752
SIM1,REAC:R-HSA-74752
ZBTB10,REAC:R-HSA-74752
ACTB,REAC:R-HSA-74752
ZC3H6,REAC:R-HSA-74752
DENND6A,REAC:R-HSA-74752
PTAR1,REAC:R-HSA-74752
RAP1B,REAC:R-HSA-74752
TP53INP2,REAC:R-HSA-74752
CACNA1E,REAC:R-HSA-74752
DOT1L,REAC:R-HSA-74752
MINDY1,REAC:R-HSA-74752
RER1,REAC:R-HSA-74752
SLC4A4,REAC:R-HSA-425381
RAB3IP,REAC:R-HSA-425381
STK24,REAC:R-HSA-425381
DALRD3,REAC:R-HSA-425381
UBTF,REAC:R-HSA-425381
MAPK8,REAC:R-HSA-450341
LDLRAD3,REAC:R-HSA-450341
TBP,REAC:R-HSA-450341
LEF1,REAC:R-HSA-450341
KCTD1,REAC:R-HSA-450341
VGLL4,REAC:R-HSA-168799
TBC1D30,REAC:R-HSA-168799
ARL5A,REAC:R-HSA-168799
HIF1AN,REAC:R-HSA-168799
ZC3H8,REAC:R-HSA-168799
