source,target,mirtarbase,correlation,qvalue
hsa-miR-22-3p,RPS3,,-0.816,0.0
hsa-miR-452-5p,RPA1,,-0.81,0.0
hsa-miR-22-3p,RPL14,,-0.804,0.0
hsa-miR-22-3p,LRRC1,MIRT030660,-0.8,0.0
hsa-miR-141-3p,FZD4,,-0.799,0.0
hsa-miR-22-3p,RAB5B,MIRT030657,-0.795,0.0
hsa-miR-200a-3p,FZD4,,-0.793,0.0
hsa-miR-22-3p,KAT7,,-0.791,0.0
hsa-miR-22-3p,CADM1,,-0.782,0.0
hsa-miR-141-3p,NRP1,,-0.776,0.0
hsa-miR-141-3p,HCAR2,,-0.77,0.0
hsa-miR-200a-3p,NRP1,,-0.767,0.0
hsa-miR-141-3p,GNAI1,,-0.763,0.0
hsa-miR-181c-5p,EMX2,,-0.762,0.0
hsa-miR-141-3p,ITSN1,,-0.761,0.0
hsa-miR-378a-3p,RCC2,MIRT712249,-0.759,0.0
hsa-miR-378a-3p,HNRNPA1,,-0.759,0.0
hsa-miR-452-5p,DAG1,,-0.759,0.0
hsa-miR-224-5p,PAK4,,-0.756,0.0
hsa-miR-22-3p,ZNF740,,-0.752,0.0
hsa-miR-141-3p,PLXNA4,,-0.75,0.0
hsa-miR-378a-3p,PITPNA,,-0.75,0.0
hsa-miR-135b-5p,GHR,,-0.747,0.0
hsa-miR-22-3p,ASB6,,-0.739,0.0
hsa-miR-22-3p,TP53,,-0.737,0.0
hsa-miR-139-5p,PITPNA,,-0.73,0.0
hsa-miR-200a-3p,ZEB2,MIRT001035,-0.727,0.0
hsa-miR-22-3p,PADI2,,-0.727,0.0
hsa-miR-200a-3p,ITSN1,,-0.723,0.0
hsa-miR-200a-3p,GNAI1,,-0.72,0.0
hsa-miR-378a-3p,XPO5,,-0.713,0.0
hsa-miR-185-5p,NCOA2,,-0.711,0.0
hsa-miR-185-5p,MDM4,,-0.708,0.0
hsa-miR-224-5p,F2RL1,,-0.705,0.0
hsa-miR-365a-3p,PPP5C,,-0.703,0.0
hsa-miR-365b-3p,PPP5C,,-0.703,0.0
hsa-miR-200b-3p,SLC4A4,,-0.693,0.0
hsa-miR-486-5p,TET3,,-0.693,0.0
hsa-miR-200c-3p,SLC4A4,,-0.689,0.0
hsa-miR-22-3p,CUL3,,-0.687,0.0
hsa-miR-22-3p,RCC2,MIRT700249,-0.682,0.0
hsa-miR-139-5p,HMGCR,,-0.678,0.0
hsa-miR-486-5p,ZNF740,,-0.675,0.0
hsa-miR-139-5p,GDI2,,-0.675,0.0
hsa-miR-429,CHRDL1,,-0.673,0.0
hsa-miR-224-5p,TPD52,MIRT437894,-0.672,0.0
hsa-miR-135b-5p,EBF1,,-0.669,0.0
hsa-miR-429,PLXNA4,,-0.668,0.0
hsa-miR-486-5p,COPS7B,,-0.664,0.0
hsa-miR-193b-3p,SKP1,,-0.664,0.0
hsa-miR-185-5p,TTC5,,-0.662,0.0
hsa-miR-486-5p,MTA3,,-0.661,0.0
hsa-miR-22-3p,WDTC1,,-0.661,0.0
hsa-let-7b-5p,FZD4,,-0.66,0.0
hsa-miR-486-5p,ARID4B,,-0.66,0.0
hsa-miR-22-3p,NFYA,,-0.658,0.0
hsa-miR-224-5p,ZNF710,,-0.658,0.0
hsa-miR-139-5p,HNRNPF,MIRT475568,-0.657,0.0
hsa-miR-652-3p,UBE2I,MIRT753413,-0.656,0.0
hsa-miR-22-3p,MSL2,,-0.656,0.0
hsa-miR-193b-3p,ANAPC15,,-0.654,0.0
hsa-miR-139-5p,DYNLL2,,-0.654,0.0
hsa-miR-452-5p,ST8SIA2,,-0.654,0.0
hsa-miR-196a-5p,HOXC8,MIRT002942,-0.653,0.0
hsa-miR-139-5p,MYBL1,,-0.653,0.0
hsa-miR-224-5p,OCLN,,-0.652,0.0
hsa-miR-185-5p,KCNAB3,,-0.652,0.0
hsa-miR-141-3p,CYP26B1,,-0.652,0.0
hsa-miR-22-3p,AGO1,,-0.652,0.0
hsa-miR-193b-3p,PAK4,,-0.651,0.0
hsa-miR-200c-3p,NR5A2,,-0.65,0.0
hsa-miR-429,GJC1,,-0.649,0.0
hsa-miR-22-3p,QSOX1,,-0.649,0.0
hsa-miR-200a-3p,CYP26B1,,-0.645,0.0
hsa-miR-486-5p,HAT1,MIRT735253,-0.644,0.0
hsa-miR-200b-3p,ABCA1,,-0.644,0.0
hsa-let-7b-5p,ACVR1C,,-0.643,0.0
hsa-miR-378a-3p,RAB15,,-0.642,0.0
hsa-miR-139-5p,CADM1,,-0.642,0.0
hsa-miR-486-5p,CADM1,MIRT438847,-0.642,0.0
hsa-miR-200b-3p,FLI1,,-0.64,0.0
hsa-miR-378a-3p,AGO1,MIRT043875,-0.64,0.0
hsa-miR-378a-3p,CSNK1G2,,-0.64,0.0
hsa-miR-223-3p,TBC1D4,,-0.639,0.0
hsa-miR-22-3p,MAX,MIRT030633,-0.639,0.0
hsa-miR-378a-3p,SYT12,,-0.639,0.0
hsa-miR-139-5p,IGF1R,MIRT006942,-0.638,0.0
hsa-miR-200c-3p,FSTL1,,-0.636,0.0
hsa-miR-200b-3p,FSTL1,,-0.635,0.0
hsa-miR-139-5p,CUL3,,-0.634,0.0
hsa-miR-452-5p,SKP1,,-0.634,0.0
hsa-miR-20b-5p,MTMR3,MIRT157601,-0.632,0.0
hsa-miR-139-5p,KCTD15,,-0.632,0.0
hsa-miR-20b-5p,FBXO21,MIRT727673,-0.631,0.0
hsa-miR-20b-5p,E2F5,MIRT173123,-0.63,0.0
hsa-miR-378a-3p,CBX5,,-0.629,0.0
hsa-miR-200b-3p,GJC1,,-0.629,0.0
hsa-miR-378a-3p,ABI2,,-0.628,0.0
hsa-miR-196a-5p,EBF1,,-0.627,0.0
hsa-miR-185-5p,AGO1,MIRT045361,-0.627,0.0
hsa-miR-193a-5p,SEC61A1,,-0.626,0.0
hsa-miR-20b-5p,GOSR1,,-0.626,0.0
hsa-miR-20b-5p,SOCS6,,-0.623,0.0
hsa-miR-15a-5p,LAMTOR3,,-0.623,0.0
hsa-miR-181c-5p,ACVR1C,,-0.621,0.0
hsa-miR-185-5p,CBX5,,-0.619,0.0
hsa-miR-224-5p,CBX5,,-0.617,0.0
hsa-miR-200a-3p,GJC1,,-0.616,0.0
hsa-miR-141-3p,PGRMC2,,-0.613,0.0
hsa-miR-200b-3p,NR5A2,,-0.61,0.0
hsa-miR-20b-5p,CUL3,,-0.606,0.0
hsa-let-7b-5p,ITSN1,,-0.604,0.0
hsa-miR-30e-5p,ABHD6,,-0.604,0.0
hsa-miR-30a-5p,ABHD6,,-0.603,0.0
hsa-miR-185-5p,EIF4B,,-0.602,0.0
hsa-miR-185-5p,KAT7,MIRT567093,-0.601,0.0
hsa-miR-31-5p,FZD4,,-0.598,0.0
hsa-let-7b-5p,GJC1,,-0.598,0.0
hsa-miR-20b-5p,RAB5B,MIRT065891,-0.598,0.0
hsa-miR-193a-5p,SYT12,,-0.594,0.0
hsa-miR-185-5p,TPD52,,-0.593,0.0
hsa-miR-193b-3p,CADM1,,-0.588,0.0
hsa-miR-22-3p,FOXP1,MIRT030641,-0.585,0.0
hsa-miR-186-5p,SEC61A1,,-0.582,0.0
hsa-miR-486-5p,SMAD2,MIRT732557,-0.582,0.0
hsa-miR-20b-5p,AGO1,MIRT137255,-0.582,0.0
hsa-miR-182-5p,HDAC9,,-0.579,0.0
hsa-miR-182-5p,GJC1,,-0.577,0.0
hsa-miR-181c-5p,CYP26B1,,-0.576,0.0
hsa-let-7b-5p,GHR,,-0.575,0.0
hsa-miR-193b-3p,PPP2R5C,MIRT726879,-0.571,0.0
hsa-miR-20b-5p,WDR82,,-0.57,0.0
hsa-let-7b-5p,GRK3,,-0.568,0.0
hsa-miR-148a-3p,ANK2,,-0.568,0.0
hsa-miR-181d-5p,ITSN1,,-0.565,0.0
hsa-miR-20b-5p,AP2B1,,-0.565,0.0
hsa-miR-145-5p,SKP1,,-0.564,0.0
hsa-miR-148a-3p,RTN4,,-0.563,0.0
hsa-miR-140-5p,PAK4,,-0.56,0.0
hsa-miR-24-3p,GMPPB,,-0.554,0.0
hsa-let-7b-5p,SCD,MIRT032312,-0.554,0.0
hsa-miR-181d-5p,ACVR1C,,-0.554,0.0
hsa-miR-139-5p,MGAT4A,,-0.554,0.0
hsa-miR-144-3p,MYBL1,,-0.549,0.0
hsa-miR-486-5p,GOLGA3,,-0.549,0.0
hsa-miR-20b-5p,XIAP,MIRT108724,-0.548,0.0
hsa-let-7b-5p,IGF1,,-0.545,0.0
hsa-miR-181d-5p,CYP26B1,,-0.544,0.0
hsa-miR-193b-3p,WDR82,MIRT726103,-0.543,0.0
hsa-miR-193b-3p,ABI2,MIRT016520,-0.543,0.0
hsa-miR-365a-3p,TIAM2,,-0.54,0.0
hsa-miR-365b-3p,TIAM2,,-0.54,0.0
hsa-miR-452-5p,TFAP2B,,-0.539,0.0
hsa-miR-195-5p,PLXNA4,,-0.538,0.0
hsa-miR-532-3p,DYNLL2,,-0.535,0.0
hsa-miR-181a-5p,HOXC8,,-0.535,0.001
hsa-miR-15a-5p,ABI2,,-0.533,0.001
hsa-miR-363-3p,NUP43,MIRT555941,-0.531,0.001
hsa-miR-185-5p,CADM1,MIRT494393,-0.531,0.001
hsa-miR-185-5p,ST8SIA2,,-0.53,0.001
hsa-miR-139-5p,ENAH,,-0.529,0.001
hsa-miR-15a-5p,WDR82,,-0.528,0.001
hsa-miR-18a-5p,ANK3,,-0.527,0.001
hsa-miR-20b-5p,PHIP,,-0.527,0.001
hsa-miR-200b-3p,DCUN1D3,,-0.526,0.001
hsa-miR-378c,MEF2D,,-0.525,0.001
hsa-miR-195-5p,CALM1,,-0.525,0.001
hsa-miR-9-5p,ANK2,,-0.524,0.001
hsa-miR-20b-5p,INO80D,,-0.524,0.001
hsa-miR-15a-5p,TBP,,-0.523,0.001
hsa-miR-20b-5p,ARID4B,MIRT004072,-0.523,0.001
hsa-miR-193a-5p,BCL7C,,-0.522,0.001
hsa-miR-15a-5p,GDI2,MIRT051332,-0.522,0.001
hsa-miR-30e-5p,PCDH19,,-0.522,0.001
hsa-miR-193a-5p,CUL3,,-0.522,0.001
hsa-miR-195-5p,ESR2,,-0.522,0.001
hsa-miR-16-5p,ENAH,,-0.521,0.001
hsa-miR-181d-5p,ANK1,,-0.521,0.001
hsa-miR-363-3p,PRKCE,,-0.52,0.001
hsa-miR-185-5p,TSN,,-0.519,0.001
hsa-miR-339-5p,DLG3,,-0.519,0.001
hsa-miR-16-5p,DICER1,MIRT051245,-0.518,0.001
hsa-miR-18a-5p,SMAD2,MIRT387526,-0.516,0.001
hsa-miR-182-5p,ST6GALNAC3,,-0.514,0.001
hsa-miR-93-5p,RAB5B,MIRT027977,-0.512,0.001
hsa-miR-15a-5p,EIF4B,,-0.511,0.001
hsa-miR-15a-5p,DCAF10,,-0.511,0.001
hsa-miR-20b-5p,ATAD2,MIRT450957,-0.511,0.001
hsa-miR-335-5p,RCC2,,-0.511,0.001
hsa-miR-93-5p,MKRN1,MIRT727184,-0.51,0.001
hsa-miR-181d-5p,HDAC9,,-0.51,0.001
hsa-miR-196a-5p,IGF1,,-0.508,0.001
hsa-let-7b-5p,HIF3A,,-0.508,0.001
hsa-miR-363-3p,DAG1,,-0.507,0.001
hsa-miR-182-5p,ZEB2,,-0.507,0.001
hsa-miR-107,FOXP1,,-0.507,0.001
hsa-miR-15a-5p,AGO1,,-0.506,0.001
hsa-miR-16-5p,DCUN1D4,,-0.506,0.001
hsa-miR-152-3p,ADCY2,,-0.505,0.001
hsa-miR-195-5p,FZD4,,-0.505,0.001
hsa-miR-20b-5p,OTUD3,,-0.505,0.001
hsa-miR-15a-5p,ZNRF3,MIRT087424,-0.503,0.001
hsa-miR-224-5p,ENAH,,-0.503,0.001
hsa-miR-16-5p,PPP6R3,MIRT737990,-0.502,0.001
hsa-miR-452-5p,DR1,,-0.501,0.001
hsa-miR-93-5p,GOSR1,,-0.501,0.001
hsa-miR-20b-5p,PITPNA,MIRT471009,-0.5,0.001
hsa-miR-370-5p,HIF3A,,-0.5,0.001
hsa-miR-532-3p,PAK4,,-0.495,0.002
hsa-miR-20b-5p,ARHGEF10,,-0.492,0.002
hsa-miR-106a-5p,XIAP,MIRT048312,-0.491,0.002
hsa-miR-139-5p,ECE1,,-0.49,0.002
hsa-miR-20b-5p,ARAP2,MIRT728321,-0.49,0.002
hsa-miR-106a-5p,SMAD5,,-0.489,0.002
hsa-miR-141-3p,DCUN1D3,,-0.488,0.002
hsa-miR-106a-5p,KDM6B,MIRT289575,-0.487,0.002
hsa-miR-18a-5p,NCOA2,,-0.487,0.002
hsa-miR-454-3p,ZNRF3,,-0.486,0.002
hsa-miR-16-5p,DCAF10,,-0.486,0.002
hsa-miR-320b,YWHAZ,,-0.486,0.002
hsa-miR-24-3p,DCAF11,,-0.485,0.002
hsa-miR-205-5p,ANK2,,-0.485,0.002
hsa-miR-195-5p,SLC4A4,,-0.485,0.002
hsa-miR-15a-5p,PHIP,,-0.485,0.002
hsa-miR-195-5p,IGF1,,-0.484,0.002
hsa-miR-200a-3p,DCUN1D3,,-0.483,0.002
hsa-miR-15a-5p,IGF1R,,-0.482,0.002
hsa-miR-15a-5p,SMAD5,,-0.481,0.002
hsa-miR-93-5p,PAK5,,-0.481,0.002
hsa-miR-93-5p,FBXO21,MIRT727672,-0.48,0.002
hsa-miR-24-3p,RAB15,,-0.479,0.002
hsa-miR-20b-5p,TET3,MIRT160022,-0.479,0.002
hsa-miR-93-5p,ARHGAP12,MIRT027984,-0.478,0.003
hsa-miR-144-3p,TNKS2,,-0.477,0.003
hsa-miR-363-3p,ABI2,,-0.476,0.003
hsa-miR-193b-3p,MYLK,MIRT016318,-0.475,0.003
hsa-let-7c-5p,FZD4,,-0.474,0.003
hsa-miR-195-5p,FGF2,MIRT211200,-0.471,0.003
hsa-miR-15a-5p,ASB6,,-0.47,0.003
hsa-miR-185-5p,PADI2,,-0.47,0.003
hsa-miR-16-5p,TBP,MIRT051286,-0.469,0.003
hsa-miR-30e-5p,DCUN1D3,,-0.469,0.003
hsa-miR-378c,AGO1,,-0.468,0.003
hsa-miR-200b-3p,SCD,,-0.467,0.003
hsa-miR-31-5p,SATB2,MIRT006567,-0.467,0.003
hsa-miR-107,DYNLL2,,-0.466,0.004
hsa-miR-107,PAK3,,-0.466,0.004
hsa-miR-455-5p,EBF1,,-0.466,0.004
hsa-miR-196a-5p,HDAC9,,-0.465,0.004
hsa-miR-181d-5p,FSTL1,,-0.465,0.004
hsa-miR-425-5p,PHIP,,-0.465,0.004
hsa-miR-363-3p,DCAF10,,-0.462,0.004
hsa-miR-182-5p,RGS17,,-0.462,0.004
hsa-miR-20b-5p,PHC3,,-0.46,0.004
hsa-miR-20b-5p,GNA11,,-0.459,0.004
hsa-miR-378c,DUSP8,,-0.459,0.004
hsa-miR-378c,SYT12,,-0.459,0.004
hsa-miR-378c,CBX5,,-0.457,0.004
hsa-miR-1306-5p,DYNLL2,,-0.457,0.004
hsa-miR-18a-5p,INO80D,,-0.452,0.005
hsa-miR-501-3p,ADCY2,,-0.451,0.005
hsa-miR-34c-5p,ANK2,,-0.451,0.005
hsa-miR-362-5p,QSOX1,,-0.451,0.005
hsa-miR-223-3p,CBX5,,-0.451,0.005
hsa-miR-181b-5p,ANK1,,-0.45,0.005
hsa-miR-378c,IGF1R,,-0.45,0.005
hsa-miR-452-5p,SMAD2,,-0.449,0.005
hsa-miR-139-5p,BBC3,,-0.448,0.005
hsa-miR-15a-5p,ENAH,,-0.447,0.006
hsa-miR-15a-5p,PAK5,,-0.445,0.006
hsa-miR-501-3p,ABI2,,-0.445,0.006
hsa-miR-186-5p,ZNF710,,-0.445,0.006
hsa-miR-132-3p,KCNJ12,,-0.444,0.006
hsa-miR-93-5p,PPP6R3,MIRT060498,-0.443,0.006
hsa-miR-24-3p,CBX5,,-0.443,0.006
hsa-miR-20b-5p,ZFYVE16,,-0.442,0.006
hsa-miR-106a-5p,ZFYVE16,,-0.442,0.006
hsa-miR-107,MYH9,,-0.441,0.006
hsa-miR-30c-5p,LYN,,-0.44,0.006
hsa-miR-224-5p,INO80D,,-0.44,0.006
hsa-miR-33b-5p,PIK3R3,,-0.44,0.006
hsa-miR-338-3p,CADM1,,-0.439,0.007
hsa-miR-181b-5p,NRP1,,-0.439,0.007
hsa-miR-15a-5p,CYLD,MIRT727910,-0.438,0.007
hsa-miR-31-5p,SYDE1,,-0.438,0.007
hsa-miR-181b-5p,FSTL1,,-0.437,0.007
hsa-miR-378a-3p,MEF2D,,-0.436,0.007
hsa-miR-24-3p,RANBP10,,-0.436,0.007
hsa-miR-100-5p,CYP26B1,,-0.436,0.007
hsa-miR-363-3p,MEF2D,,-0.435,0.007
hsa-miR-144-3p,CUL3,,-0.435,0.007
hsa-miR-454-3p,RAB5B,MIRT065898,-0.435,0.007
hsa-miR-195-5p,KSR1,,-0.434,0.007
hsa-miR-301a-3p,SKP1,,-0.432,0.008
hsa-miR-106a-5p,ARID4B,MIRT004028,-0.432,0.008
hsa-miR-181b-5p,CALM1,,-0.432,0.008
hsa-miR-491-5p,CHD3,,-0.432,0.008
hsa-miR-135b-5p,ARHGAP6,,-0.432,0.008
hsa-miR-145-5p,ACTB,MIRT053374,-0.431,0.008
hsa-miR-338-3p,MSL2,,-0.431,0.008
hsa-miR-106a-5p,PHC3,,-0.43,0.008
hsa-miR-370-5p,PDE3B,,-0.43,0.008
hsa-miR-215-5p,RICTOR,,-0.429,0.008
hsa-miR-16-5p,GNA13,,-0.429,0.008
hsa-miR-132-3p,ZEB2,,-0.428,0.008
hsa-miR-144-3p,VANGL1,,-0.428,0.008
hsa-miR-339-5p,HNRNPA1,MIRT042762,-0.427,0.008
hsa-miR-338-3p,CTBP2,,-0.427,0.009
hsa-miR-107,TPD52,,-0.427,0.009
hsa-miR-324-5p,VDAC1,,-0.426,0.009
hsa-miR-193a-5p,XK,,-0.425,0.009
hsa-miR-144-3p,MGAT4A,,-0.423,0.009
hsa-miR-16-5p,ZNRF3,MIRT031450,-0.423,0.009
hsa-miR-16-5p,ABI2,,-0.423,0.009
hsa-miR-106a-5p,TNKS2,MIRT057386,-0.423,0.009
hsa-miR-31-5p,NR5A2,,-0.422,0.009
hsa-miR-424-5p,CYP26B1,MIRT558507,-0.422,0.01
hsa-miR-181b-5p,ITSN1,,-0.421,0.01
hsa-miR-15b-5p,RAB35,,-0.421,0.01
hsa-miR-152-3p,SMAD5,,-0.421,0.01
hsa-miR-93-5p,SMAD5,MIRT095201,-0.421,0.01
hsa-miR-378c,CBX3,,-0.42,0.01
hsa-miR-181b-5p,CYP26B1,,-0.42,0.01
hsa-miR-185-5p,MYLK,,-0.42,0.01
hsa-miR-193b-3p,INO80D,MIRT498447,-0.419,0.01
hsa-miR-181a-5p,CALM1,,-0.418,0.01
hsa-miR-326,DLG3,,-0.418,0.01
hsa-miR-15b-5p,KCTD1,,-0.418,0.01
hsa-miR-16-5p,AGO1,,-0.418,0.01
hsa-miR-16-5p,DCTN5,MIRT142238,-0.418,0.01
hsa-miR-421,XIAP,MIRT175554,-0.417,0.01
hsa-miR-378c,ABI2,,-0.416,0.011
hsa-miR-15a-5p,CPD,,-0.415,0.011
hsa-miR-15b-5p,ENAH,,-0.415,0.011
hsa-miR-24-3p,ABI2,,-0.415,0.011
hsa-miR-18a-5p,CBX5,,-0.414,0.011
hsa-miR-29b-3p,HNRNPF,,-0.413,0.012
hsa-miR-106a-5p,ARHGAP12,MIRT549326,-0.413,0.012
hsa-miR-186-5p,OCLN,,-0.412,0.012
hsa-miR-181a-5p,ITSN1,,-0.412,0.012
hsa-miR-145-5p,MYO6,MIRT000457,-0.411,0.012
hsa-miR-7-5p,IGF1R,MIRT005364,-0.409,0.012
hsa-miR-501-3p,UCHL5,,-0.409,0.012
hsa-miR-150-5p,SKP1,,-0.409,0.012
hsa-miR-18a-5p,FGF1,,-0.407,0.013
hsa-miR-378c,RCC2,MIRT712242,-0.407,0.013
hsa-miR-423-5p,RASAL2,,-0.407,0.013
hsa-miR-7-5p,RCC2,MIRT025685,-0.407,0.013
hsa-miR-142-5p,SMAD5,,-0.406,0.013
hsa-miR-363-3p,VPS4B,MIRT546041,-0.405,0.013
hsa-miR-19b-3p,PIK3R3,MIRT726938,-0.405,0.013
hsa-miR-381-3p,SLC4A4,,-0.405,0.013
hsa-miR-93-5p,MTMR3,MIRT157586,-0.405,0.013
hsa-miR-424-5p,PLXNA4,,-0.405,0.013
hsa-miR-362-5p,LRP6,,-0.405,0.013
hsa-miR-223-3p,WASL,MIRT520210,-0.404,0.014
hsa-miR-362-5p,CYLD,MIRT053602,-0.403,0.014
hsa-miR-148b-3p,DCUN1D4,,-0.402,0.014
hsa-miR-7-5p,IRS1,MIRT003807,-0.401,0.014
hsa-miR-152-3p,ARHGEF17,,-0.401,0.014
hsa-miR-106b-5p,SMAD5,MIRT095203,-0.401,0.015
hsa-let-7b-5p,DCUN1D3,,-0.4,0.015
hsa-miR-106a-5p,ARAP2,,-0.4,0.015
hsa-miR-152-3p,MDM4,,-0.399,0.015
hsa-miR-26a-5p,DCUN1D3,,-0.397,0.016
hsa-let-7c-5p,IGF1,,-0.397,0.016
hsa-miR-107,ABI2,,-0.395,0.016
hsa-miR-501-3p,WDR82,,-0.395,0.017
hsa-miR-204-5p,EPHB2,,-0.394,0.017
hsa-miR-24-3p,AGO1,,-0.394,0.017
hsa-miR-1-3p,AGO1,MIRT438862,-0.393,0.017
hsa-miR-378c,RAB15,,-0.392,0.018
hsa-miR-150-5p,DYNLL2,,-0.392,0.018
hsa-miR-24-3p,AP2B1,,-0.391,0.018
hsa-miR-93-5p,XIAP,MIRT108720,-0.391,0.018
hsa-miR-16-5p,LAMTOR3,MIRT005437,-0.391,0.018
hsa-miR-15a-5p,MYLK,,-0.39,0.018
hsa-miR-29c-3p,RHOBTB1,,-0.39,0.018
hsa-miR-29b-3p,ARF5,,-0.389,0.018
hsa-miR-30d-5p,ITSN1,,-0.389,0.018
hsa-miR-454-3p,MYBL1,,-0.389,0.019
hsa-miR-24-3p,RAB5B,,-0.389,0.019
hsa-miR-200c-3p,RAP1B,,-0.387,0.019
hsa-miR-326,DAGLA,,-0.387,0.019
hsa-miR-141-3p,RGS17,,-0.387,0.019
hsa-miR-301a-3p,ARAP2,,-0.386,0.02
hsa-miR-152-3p,RICTOR,,-0.386,0.02
hsa-miR-19b-3p,ELOVL5,MIRT050635,-0.385,0.02
hsa-miR-363-3p,RASAL2,,-0.384,0.02
hsa-miR-15a-5p,DICER1,MIRT727876,-0.383,0.021
hsa-let-7d-5p,CPD,,-0.383,0.021
hsa-miR-152-3p,AGO1,,-0.383,0.021
hsa-miR-106a-5p,PAK3,,-0.382,0.021
hsa-miR-107,KAT7,,-0.382,0.021
hsa-miR-20b-5p,HDAC4,,-0.382,0.021
hsa-miR-328-3p,DYNLL2,,-0.381,0.021
hsa-miR-24-3p,WDTC1,,-0.381,0.022
hsa-let-7c-5p,DCUN1D3,,-0.381,0.022
hsa-miR-22-3p,KDM6B,,-0.38,0.022
hsa-miR-185-5p,PITPNA,,-0.38,0.022
hsa-miR-199b-3p,PGRMC2,,-0.38,0.022
hsa-miR-93-5p,OTUD3,,-0.38,0.022
hsa-miR-148a-3p,IGF1,,-0.38,0.022
hsa-let-7c-5p,ITSN1,,-0.378,0.023
hsa-miR-16-5p,PTCH1,,-0.378,0.023
hsa-miR-17-5p,GNA11,,-0.378,0.023
hsa-miR-378c,VANGL1,,-0.377,0.023
hsa-miR-140-5p,NFYA,,-0.377,0.023
hsa-miR-24-3p,SOCS6,,-0.376,0.024
hsa-miR-199a-3p,PGRMC2,,-0.376,0.024
hsa-miR-363-3p,PIK3R3,,-0.376,0.024
hsa-miR-145-5p,RGS7,,-0.376,0.024
hsa-miR-491-5p,PADI2,,-0.375,0.024
hsa-miR-186-5p,PIK3R3,,-0.375,0.024
hsa-miR-18a-5p,DICER1,MIRT007178,-0.374,0.025
hsa-miR-193b-3p,PAK3,,-0.373,0.025
hsa-miR-363-3p,OTUD3,,-0.373,0.025
hsa-miR-409-3p,MYLK,,-0.372,0.025
hsa-miR-93-5p,PHIP,,-0.372,0.026
hsa-miR-532-3p,CHD3,,-0.371,0.026
hsa-let-7d-5p,ADCY9,MIRT032153,-0.371,0.026
hsa-miR-107,EIF4B,,-0.37,0.026
hsa-miR-106a-5p,CUL3,,-0.37,0.026
hsa-let-7d-5p,SOCS4,,-0.37,0.026
hsa-miR-152-3p,NFYA,,-0.37,0.027
hsa-miR-181b-5p,ACVR1C,,-0.369,0.027
hsa-let-7d-5p,KCTD15,,-0.369,0.027
hsa-miR-454-3p,ENAH,,-0.368,0.027
hsa-let-7d-5p,CBX5,MIRT549022,-0.368,0.027
hsa-let-7c-5p,SCD,,-0.368,0.028
hsa-miR-532-3p,MTA3,,-0.367,0.028
hsa-miR-326,ST8SIA2,,-0.367,0.028
hsa-miR-107,PPP2R5C,MIRT277506,-0.366,0.028
hsa-miR-107,GGA3,,-0.366,0.028
hsa-miR-106a-5p,ZNF217,,-0.365,0.029
hsa-miR-340-5p,HIPK2,,-0.365,0.029
hsa-miR-34c-5p,ITSN1,,-0.365,0.029
hsa-let-7c-5p,GJC1,,-0.365,0.029
hsa-miR-15b-5p,DYNLL2,MIRT251491,-0.364,0.029
hsa-miR-195-5p,RSPO3,,-0.364,0.029
hsa-miR-93-5p,RARB,,-0.364,0.029
hsa-miR-24-3p,BBC3,MIRT739221,-0.363,0.03
hsa-miR-24-3p,ZNF217,MIRT007012,-0.363,0.03
hsa-miR-93-5p,ARID4B,MIRT028050,-0.363,0.03
hsa-miR-582-5p,SKP1,,-0.362,0.03
hsa-miR-107,AGO1,MIRT026978,-0.362,0.03
hsa-miR-1-3p,E2F5,MIRT023808,-0.362,0.03
hsa-miR-24-3p,STX5,,-0.362,0.031
hsa-miR-221-3p,SLC4A4,,-0.361,0.031
hsa-let-7c-5p,HIF3A,,-0.361,0.031
hsa-miR-130b-3p,SKP1,,-0.36,0.031
hsa-miR-103a-3p,EIF4B,,-0.36,0.031
hsa-miR-200c-3p,MAF,,-0.359,0.032
hsa-miR-363-3p,PPARGC1B,,-0.359,0.032
hsa-miR-24-3p,ZNF740,,-0.359,0.032
hsa-let-7e-5p,HNRNPA1,,-0.359,0.032
hsa-miR-106b-5p,XIAP,MIRT108722,-0.359,0.032
hsa-miR-16-5p,WDR82,,-0.358,0.032
hsa-miR-20b-5p,CCND1,MIRT268274,-0.358,0.032
hsa-miR-301a-3p,NUP133,,-0.357,0.033
hsa-miR-760,DCAF11,,-0.356,0.034
hsa-miR-22-3p,PDE5A,,-0.354,0.035
hsa-miR-181b-5p,HDAC9,,-0.354,0.035
hsa-miR-421,ENAH,,-0.353,0.035
hsa-let-7e-5p,ZNF710,,-0.352,0.036
hsa-miR-24-3p,HNRNPA1,MIRT493589,-0.351,0.037
hsa-miR-152-3p,PPP1R12A,,-0.351,0.037
hsa-miR-10a-5p,ANK3,,-0.35,0.037
hsa-miR-106a-5p,GOSR1,,-0.35,0.037
hsa-miR-181a-5p,CYP26B1,,-0.349,0.038
hsa-miR-222-3p,SLC4A4,,-0.349,0.038
hsa-miR-143-3p,MAD2L1,,-0.349,0.038
hsa-miR-501-3p,TGFBR3,,-0.349,0.038
hsa-miR-152-3p,CADM1,,-0.348,0.039
hsa-miR-93-5p,INO80D,,-0.348,0.039
hsa-miR-429,SCD,,-0.348,0.039
hsa-miR-15b-5p,HMGCR,,-0.347,0.039
hsa-miR-205-5p,CALM1,,-0.347,0.039
hsa-let-7g-5p,KCTD15,,-0.347,0.04
hsa-miR-106b-5p,PHC3,,-0.346,0.04
hsa-miR-501-3p,GNAQ,,-0.346,0.04
hsa-miR-106a-5p,OTUD3,,-0.346,0.04
hsa-miR-143-3p,DLG3,,-0.345,0.041
hsa-miR-370-5p,ST6GALNAC3,,-0.345,0.041
hsa-let-7e-5p,RAB15,,-0.344,0.041
hsa-miR-98-5p,FBXO21,,-0.344,0.042
hsa-miR-30c-5p,WNT7B,,-0.343,0.042
hsa-miR-144-3p,IRS1,MIRT734527,-0.343,0.042
hsa-miR-30e-5p,HDAC9,,-0.342,0.043
hsa-miR-24-3p,MGAT4A,,-0.342,0.043
hsa-miR-205-5p,ZEB2,MIRT003666,-0.342,0.043
hsa-miR-1306-5p,CBX5,,-0.342,0.043
hsa-miR-17-5p,PITPNA,MIRT471011,-0.342,0.043
hsa-miR-15a-5p,TRAK1,MIRT614697,-0.341,0.043
hsa-miR-491-5p,ASB13,,-0.341,0.044
hsa-let-7b-5p,MEF2C,MIRT052262,-0.341,0.044
hsa-let-7d-5p,WASL,MIRT533189,-0.341,0.044
hsa-miR-25-3p,DCAF10,,-0.341,0.044
hsa-miR-107,UBXN7,,-0.341,0.044
hsa-miR-106a-5p,AGO1,MIRT048332,-0.341,0.044
hsa-miR-15b-5p,MYBL1,,-0.341,0.044
hsa-miR-335-5p,KAT7,,-0.34,0.044
hsa-miR-17-5p,VANGL1,,-0.34,0.044
hsa-miR-148b-3p,ARHGEF17,,-0.338,0.046
hsa-miR-29b-3p,HMGCR,MIRT733945,-0.336,0.047
hsa-miR-200a-3p,RGS17,,-0.335,0.048
hsa-miR-129-5p,ITSN1,,-0.333,0.05
hsa-miR-140-5p,CUL3,,-0.333,0.05
hsa-miR-423-5p,CBX5,,-0.333,0.05
PL09258,R-HSA-162582,,,
PL09259,R-HSA-162582,,,
PL09260,R-HSA-162582,,,
PL09261,R-HSA-162582,,,
PL09262,R-HSA-162582,,,
PL09263,R-HSA-162582,,,
PL09264,R-HSA-162582,,,
PL09265,R-HSA-162582,,,
PL09266,R-HSA-162582,,,
PL09267,R-HSA-162582,,,
PL09268,R-HSA-162582,,,
PL09269,R-HSA-162582,,,
PL09270,R-HSA-162582,,,
PL09271,R-HSA-162582,,,
PL09315,R-HSA-162582,,,
PL09316,R-HSA-162582,,,
PL09328,R-HSA-162582,,,
PL09334,R-HSA-162582,,,
PL09335,R-HSA-162582,,,
PL09336,R-HSA-162582,,,
PL09337,R-HSA-162582,,,
PL09338,R-HSA-162582,,,
PL09339,R-HSA-162582,,,
PL09340,R-HSA-162582,,,
PL09341,R-HSA-162582,,,
PL09342,R-HSA-162582,,,
PL09343,R-HSA-162582,,,
PL09344,R-HSA-162582,,,
PL09345,R-HSA-162582,,,
PL09347,R-HSA-162582,,,
PL09352,R-HSA-162582,,,
PL09353,R-HSA-162582,,,
PL09354,R-HSA-162582,,,
PL09355,R-HSA-162582,,,
PL09364,R-HSA-162582,,,
PL09365,R-HSA-162582,,,
PL09368,R-HSA-162582,,,
PL09369,R-HSA-162582,,,
PL09370,R-HSA-162582,,,
PL09371,R-HSA-162582,,,
PL09372,R-HSA-162582,,,
PL09373,R-HSA-162582,,,
PL09385,R-HSA-162582,,,
PL09386,R-HSA-162582,,,
PL09387,R-HSA-162582,,,
PL09388,R-HSA-162582,,,
PL09389,R-HSA-162582,,,
PL09390,R-HSA-162582,,,
PL09391,R-HSA-162582,,,
PL09392,R-HSA-162582,,,
PL09393,R-HSA-162582,,,
PL09394,R-HSA-162582,,,
PL09395,R-HSA-162582,,,
PL09396,R-HSA-162582,,,
PL09397,R-HSA-162582,,,
PL09398,R-HSA-162582,,,
PL09399,R-HSA-162582,,,
PL09400,R-HSA-162582,,,
PL09401,R-HSA-162582,,,
PL09402,R-HSA-162582,,,
PL09403,R-HSA-162582,,,
PL09404,R-HSA-162582,,,
PL09406,R-HSA-162582,,,
PL09452,R-HSA-162582,,,
PL09453,R-HSA-162582,,,
PL09456,R-HSA-162582,,,
PL09457,R-HSA-162582,,,
PL09460,R-HSA-162582,,,
PL09461,R-HSA-162582,,,
PL09462,R-HSA-162582,,,
PL09463,R-HSA-162582,,,
PL09464,R-HSA-162582,,,
PL09465,R-HSA-162582,,,
PL09467,R-HSA-162582,,,
PL09489,R-HSA-162582,,,
PL09490,R-HSA-162582,,,
PL09493,R-HSA-162582,,,
PL09497,R-HSA-162582,,,
PL09500,R-HSA-162582,,,
PL09517,R-HSA-162582,,,
PL09529,R-HSA-162582,,,
PL09533,R-HSA-162582,,,
PL09537,R-HSA-162582,,,
PL09538,R-HSA-162582,,,
PL09545,R-HSA-162582,,,
PL09559,R-HSA-162582,,,
PL09568,R-HSA-162582,,,
PL09575,R-HSA-162582,,,
PL09576,R-HSA-162582,,,
PL09601,R-HSA-162582,,,
PL09603,R-HSA-162582,,,
PL09604,R-HSA-162582,,,
PL09616,R-HSA-162582,,,
PL09617,R-HSA-162582,,,
PL09618,R-HSA-162582,,,
PL09619,R-HSA-162582,,,
PL09622,R-HSA-162582,,,
PL09627,R-HSA-162582,,,
PL09631,R-HSA-162582,,,
PL09632,R-HSA-162582,,,
PL09637,R-HSA-162582,,,
PL09638,R-HSA-162582,,,
PL09639,R-HSA-162582,,,
PL09640,R-HSA-162582,,,
PL09641,R-HSA-162582,,,
PL09644,R-HSA-162582,,,
PL09657,R-HSA-162582,,,
PL09659,R-HSA-162582,,,
PL09660,R-HSA-162582,,,
PL09680,R-HSA-162582,,,
PL09685,R-HSA-162582,,,
PL09694,R-HSA-162582,,,
PL09705,R-HSA-162582,,,
PL09725,R-HSA-162582,,,
PL09785,R-HSA-162582,,,
PL09786,R-HSA-162582,,,
PL09787,R-HSA-162582,,,
PL09848,R-HSA-162582,,,
PL09849,R-HSA-162582,,,
PL09881,R-HSA-162582,,,
PL09956,R-HSA-162582,,,
PL09958,R-HSA-162582,,,
PL09971,R-HSA-162582,,,
PL09972,R-HSA-162582,,,
PL09982,R-HSA-162582,,,
PL09983,R-HSA-162582,,,
PL09984,R-HSA-162582,,,
PL09985,R-HSA-162582,,,
PL09986,R-HSA-162582,,,
PL09987,R-HSA-162582,,,
PL09989,R-HSA-162582,,,
PL09993,R-HSA-162582,,,
PL10057,R-HSA-162582,,,
PL10110,R-HSA-162582,,,
PL10112,R-HSA-162582,,,
PL10113,R-HSA-162582,,,
PL10116,R-HSA-162582,,,
PL10121,R-HSA-162582,,,
PL10123,R-HSA-162582,,,
PL10128,R-HSA-162582,,,
PL10129,R-HSA-162582,,,
PL10130,R-HSA-162582,,,
PL10131,R-HSA-162582,,,
PL10139,R-HSA-162582,,,
PL10140,R-HSA-162582,,,
PL10141,R-HSA-162582,,,
PL10142,R-HSA-162582,,,
PL10143,R-HSA-162582,,,
PL10144,R-HSA-162582,,,
PL10151,R-HSA-162582,,,
PL10153,R-HSA-162582,,,
PL10154,R-HSA-162582,,,
PL10156,R-HSA-162582,,,
PL10157,R-HSA-162582,,,
PL10158,R-HSA-162582,,,
PL10160,R-HSA-162582,,,
PL10161,R-HSA-162582,,,
PL10162,R-HSA-162582,,,
PL10231,R-HSA-162582,,,
PL10237,R-HSA-162582,,,
PL10238,R-HSA-162582,,,
PL10239,R-HSA-162582,,,
PL10244,R-HSA-162582,,,
PL10245,R-HSA-162582,,,
PL10250,R-HSA-162582,,,
PL10261,R-HSA-162582,,,
PL10264,R-HSA-162582,,,
PL10265,R-HSA-162582,,,
PL10268,R-HSA-162582,,,
PL10269,R-HSA-162582,,,
PL10270,R-HSA-162582,,,
PL10271,R-HSA-162582,,,
PL10272,R-HSA-162582,,,
PL10274,R-HSA-162582,,,
PL10275,R-HSA-162582,,,
PL10276,R-HSA-162582,,,
PL10277,R-HSA-162582,,,
PL10278,R-HSA-162582,,,
PL10279,R-HSA-162582,,,
PL10284,R-HSA-162582,,,
PL10285,R-HSA-162582,,,
PL10286,R-HSA-162582,,,
PL10287,R-HSA-162582,,,
PL10289,R-HSA-162582,,,
PL10290,R-HSA-162582,,,
PL10292,R-HSA-162582,,,
PL10308,R-HSA-162582,,,
PL10309,R-HSA-162582,,,
PL10310,R-HSA-162582,,,
PL10313,R-HSA-162582,,,
PL10314,R-HSA-162582,,,
PL10319,R-HSA-162582,,,
PL10321,R-HSA-162582,,,
PL10322,R-HSA-162582,,,
PL10334,R-HSA-162582,,,
PL10335,R-HSA-162582,,,
PL10346,R-HSA-162582,,,
PL10349,R-HSA-162582,,,
PL10352,R-HSA-162582,,,
PL10353,R-HSA-162582,,,
PL10354,R-HSA-162582,,,
PL10355,R-HSA-162582,,,
PL10367,R-HSA-162582,,,
PL10370,R-HSA-162582,,,
PL10374,R-HSA-162582,,,
PL10379,R-HSA-162582,,,
PL10382,R-HSA-162582,,,
PL10385,R-HSA-162582,,,
PL10386,R-HSA-162582,,,
PL10387,R-HSA-162582,,,
PL10389,R-HSA-162582,,,
PL10390,R-HSA-162582,,,
PL10394,R-HSA-162582,,,
PL10402,R-HSA-162582,,,
PL10403,R-HSA-162582,,,
PL10406,R-HSA-162582,,,
PL10407,R-HSA-162582,,,
PL10411,R-HSA-162582,,,
PL10412,R-HSA-162582,,,
PL10413,R-HSA-162582,,,
PL10415,R-HSA-162582,,,
PL10416,R-HSA-162582,,,
PL10417,R-HSA-162582,,,
PL10418,R-HSA-162582,,,
PL10419,R-HSA-162582,,,
PL10423,R-HSA-162582,,,
PL10425,R-HSA-162582,,,
PL10460,R-HSA-162582,,,
PL10467,R-HSA-162582,,,
PL10468,R-HSA-162582,,,
PL10485,R-HSA-162582,,,
PL10486,R-HSA-162582,,,
PL10487,R-HSA-162582,,,
PL10499,R-HSA-162582,,,
PL10501,R-HSA-162582,,,
PL10502,R-HSA-162582,,,
PL10506,R-HSA-162582,,,
PL10507,R-HSA-162582,,,
PL10509,R-HSA-162582,,,
PL10511,R-HSA-162582,,,
PL10514,R-HSA-162582,,,
PL10515,R-HSA-162582,,,
PL10516,R-HSA-162582,,,
PL10567,R-HSA-162582,,,
PL10584,R-HSA-162582,,,
PL10585,R-HSA-162582,,,
PL10586,R-HSA-162582,,,
PL10587,R-HSA-162582,,,
PL10590,R-HSA-162582,,,
PL10595,R-HSA-162582,,,
PL10618,R-HSA-162582,,,
PL10619,R-HSA-162582,,,
PL10620,R-HSA-162582,,,
PL10621,R-HSA-162582,,,
PL10622,R-HSA-162582,,,
PL10624,R-HSA-162582,,,
PL10627,R-HSA-162582,,,
PL10628,R-HSA-162582,,,
PL10629,R-HSA-162582,,,
PL10652,R-HSA-162582,,,
PL10653,R-HSA-162582,,,
PL10654,R-HSA-162582,,,
PL10655,R-HSA-162582,,,
PL10660,R-HSA-162582,,,
PL10663,R-HSA-162582,,,
PL10677,R-HSA-162582,,,
PL10679,R-HSA-162582,,,
PL10680,R-HSA-162582,,,
PL10681,R-HSA-162582,,,
PL10682,R-HSA-162582,,,
PL10690,R-HSA-162582,,,
PL10701,R-HSA-162582,,,
PL10706,R-HSA-162582,,,
PL10715,R-HSA-162582,,,
PL10716,R-HSA-162582,,,
PL10717,R-HSA-162582,,,
PL10718,R-HSA-162582,,,
PL10719,R-HSA-162582,,,
PL10720,R-HSA-162582,,,
PL10729,R-HSA-162582,,,
PL10752,R-HSA-162582,,,
PL10753,R-HSA-162582,,,
PL10762,R-HSA-162582,,,
PL10763,R-HSA-162582,,,
PL10764,R-HSA-162582,,,
PL10835,R-HSA-162582,,,
PL10836,R-HSA-162582,,,
PL10841,R-HSA-162582,,,
PL10843,R-HSA-162582,,,
PL10844,R-HSA-162582,,,
PL10845,R-HSA-162582,,,
PL10846,R-HSA-162582,,,
PL10847,R-HSA-162582,,,
PL10851,R-HSA-162582,,,
PL10852,R-HSA-162582,,,
PL10853,R-HSA-162582,,,
PL10854,R-HSA-162582,,,
PL10858,R-HSA-162582,,,
PL10859,R-HSA-162582,,,
PL10860,R-HSA-162582,,,
PL10861,R-HSA-162582,,,
PL10862,R-HSA-162582,,,
PL10863,R-HSA-162582,,,
PL10864,R-HSA-162582,,,
PL10865,R-HSA-162582,,,
PL10889,R-HSA-162582,,,
PL10890,R-HSA-162582,,,
PL10891,R-HSA-162582,,,
PL10894,R-HSA-162582,,,
PL10895,R-HSA-162582,,,
PL10896,R-HSA-162582,,,
PL10912,R-HSA-162582,,,
PL10913,R-HSA-162582,,,
PL10914,R-HSA-162582,,,
PL10939,R-HSA-162582,,,
PL10940,R-HSA-162582,,,
PL10941,R-HSA-162582,,,
PL10942,R-HSA-162582,,,
PL10943,R-HSA-162582,,,
PL10944,R-HSA-162582,,,
PL10946,R-HSA-162582,,,
PL10947,R-HSA-162582,,,
PL10965,R-HSA-162582,,,
PL10967,R-HSA-162582,,,
PL10969,R-HSA-162582,,,
PL10974,R-HSA-162582,,,
PL10979,R-HSA-162582,,,
PL10984,R-HSA-162582,,,
PL10985,R-HSA-162582,,,
PL10986,R-HSA-162582,,,
PL10987,R-HSA-162582,,,
PL10990,R-HSA-162582,,,
PL10991,R-HSA-162582,,,
PL10992,R-HSA-162582,,,
PL10995,R-HSA-162582,,,
PL10997,R-HSA-162582,,,
PL11004,R-HSA-162582,,,
PL11005,R-HSA-162582,,,
PL11006,R-HSA-162582,,,
PL11011,R-HSA-162582,,,
PL11014,R-HSA-162582,,,
PL11017,R-HSA-162582,,,
PL11023,R-HSA-162582,,,
PL11024,R-HSA-162582,,,
PL11025,R-HSA-162582,,,
PL11028,R-HSA-162582,,,
PL11029,R-HSA-162582,,,
PL11032,R-HSA-162582,,,
PL11042,R-HSA-162582,,,
PL11048,R-HSA-162582,,,
PL11050,R-HSA-162582,,,
PL11051,R-HSA-162582,,,
PL11052,R-HSA-162582,,,
PL11053,R-HSA-162582,,,
PL11056,R-HSA-162582,,,
PL11057,R-HSA-162582,,,
PL11058,R-HSA-162582,,,
PL11059,R-HSA-162582,,,
PL11092,R-HSA-162582,,,
PL11096,R-HSA-162582,,,
PL11099,R-HSA-162582,,,
PL11105,R-HSA-162582,,,
PL11106,R-HSA-162582,,,
PL11127,R-HSA-162582,,,
PL11128,R-HSA-162582,,,
PL11134,R-HSA-162582,,,
PL11136,R-HSA-162582,,,
PL11144,R-HSA-162582,,,
PL11145,R-HSA-162582,,,
PL11150,R-HSA-162582,,,
PL11152,R-HSA-162582,,,
PL11153,R-HSA-162582,,,
PL11154,R-HSA-162582,,,
PL11155,R-HSA-162582,,,
PL11156,R-HSA-162582,,,
PL11157,R-HSA-162582,,,
PL11180,R-HSA-162582,,,
PL11181,R-HSA-162582,,,
PL11184,R-HSA-162582,,,
PL11206,R-HSA-162582,,,
PL11215,R-HSA-162582,,,
PL11219,R-HSA-162582,,,
PL11220,R-HSA-162582,,,
PL11221,R-HSA-162582,,,
PL11241,R-HSA-162582,,,
PL11242,R-HSA-162582,,,
PL11243,R-HSA-162582,,,
PL11244,R-HSA-162582,,,
PL11245,R-HSA-162582,,,
PL11246,R-HSA-162582,,,
PL11262,R-HSA-162582,,,
PL11263,R-HSA-162582,,,
PL11282,R-HSA-162582,,,
PL11293,R-HSA-162582,,,
PL11303,R-HSA-162582,,,
PL11335,R-HSA-162582,,,
PL11336,R-HSA-162582,,,
PL11337,R-HSA-162582,,,
PL11338,R-HSA-162582,,,
PL11341,R-HSA-162582,,,
PL11342,R-HSA-162582,,,
PL11350,R-HSA-162582,,,
PL11351,R-HSA-162582,,,
PL11352,R-HSA-162582,,,
PL11353,R-HSA-162582,,,
PL11358,R-HSA-162582,,,
PL11359,R-HSA-162582,,,
PL11360,R-HSA-162582,,,
PL11361,R-HSA-162582,,,
PL11362,R-HSA-162582,,,
PL11363,R-HSA-162582,,,
PL11364,R-HSA-162582,,,
PL11366,R-HSA-162582,,,
PL11548,R-HSA-162582,,,
PL11549,R-HSA-162582,,,
PL11576,R-HSA-162582,,,
PL11618,R-HSA-162582,,,
PL11621,R-HSA-162582,,,
PL11622,R-HSA-162582,,,
PL11634,R-HSA-162582,,,
PL11641,R-HSA-162582,,,
PL11642,R-HSA-162582,,,
PL11643,R-HSA-162582,,,
PL11644,R-HSA-162582,,,
PL11645,R-HSA-162582,,,
PL11646,R-HSA-162582,,,
PL11647,R-HSA-162582,,,
PL11648,R-HSA-162582,,,
PL11651,R-HSA-162582,,,
PL11652,R-HSA-162582,,,
PL11653,R-HSA-162582,,,
PL11654,R-HSA-162582,,,
PL11659,R-HSA-162582,,,
PL11660,R-HSA-162582,,,
PL11661,R-HSA-162582,,,
PL11666,R-HSA-162582,,,
PL11667,R-HSA-162582,,,
PL11668,R-HSA-162582,,,
PL11847,R-HSA-162582,,,
PL11851,R-HSA-162582,,,
PL11852,R-HSA-162582,,,
PL11853,R-HSA-162582,,,
PL11854,R-HSA-162582,,,
PL11855,R-HSA-162582,,,
PL11856,R-HSA-162582,,,
PL11857,R-HSA-162582,,,
PL11858,R-HSA-162582,,,
PL11859,R-HSA-162582,,,
PL11860,R-HSA-162582,,,
PL11861,R-HSA-162582,,,
PL11862,R-HSA-162582,,,
PL11863,R-HSA-162582,,,
PL11864,R-HSA-162582,,,
PL11865,R-HSA-162582,,,
PL11866,R-HSA-162582,,,
PL11867,R-HSA-162582,,,
PL11868,R-HSA-162582,,,
PL11869,R-HSA-162582,,,
PL11876,R-HSA-162582,,,
PL11877,R-HSA-162582,,,
PL11878,R-HSA-162582,,,
PL11884,R-HSA-162582,,,
PL11885,R-HSA-162582,,,
PL11889,R-HSA-162582,,,
PL11890,R-HSA-162582,,,
PL11891,R-HSA-162582,,,
PL11892,R-HSA-162582,,,
PL11893,R-HSA-162582,,,
PL11894,R-HSA-162582,,,
PL11895,R-HSA-162582,,,
PL11896,R-HSA-162582,,,
PL11897,R-HSA-162582,,,
PL11903,R-HSA-162582,,,
PL11904,R-HSA-162582,,,
PL11905,R-HSA-162582,,,
PL11906,R-HSA-162582,,,
PL11907,R-HSA-162582,,,
PL11908,R-HSA-162582,,,
PL11909,R-HSA-162582,,,
PL11910,R-HSA-162582,,,
PL11911,R-HSA-162582,,,
PL11912,R-HSA-162582,,,
PL11913,R-HSA-162582,,,
PL11914,R-HSA-162582,,,
PL11937,R-HSA-162582,,,
PL11938,R-HSA-162582,,,
PL11939,R-HSA-162582,,,
PL11940,R-HSA-162582,,,
PL11941,R-HSA-162582,,,
PL11942,R-HSA-162582,,,
PL11943,R-HSA-162582,,,
PL11944,R-HSA-162582,,,
PL11945,R-HSA-162582,,,
RAP1B,PL09258,,,
RAP1B,PL09259,,,
RAP1B,PL09260,,,
RAP1B,PL09261,,,
RAP1B,PL09262,,,
RAP1B,PL09263,,,
RAP1B,PL09264,,,
RAP1B,PL09265,,,
RAP1B,PL09266,,,
RAP1B,PL09267,,,
LYN,PL09268,,,
LYN,PL09269,,,
LYN,PL09270,,,
LYN,PL09271,,,
IRS1,PL09315,,,
IRS1,PL09316,,,
EIF4B,PL09328,,,
RAP1B,PL09334,,,
RAP1B,PL09335,,,
RAP1B,PL09336,,,
RAP1B,PL09337,,,
RAP1B,PL09338,,,
RAP1B,PL09339,,,
RAP1B,PL09340,,,
RAP1B,PL09341,,,
RAP1B,PL09342,,,
RAP1B,PL09343,,,
RAP1B,PL09344,,,
RAP1B,PL09345,,,
CHRDL1,PL09347,,,
FSTL1,PL09347,,,
ZFYVE16,PL09352,,,
ZFYVE16,PL09353,,,
SMAD5,PL09353,,,
ZFYVE16,PL09354,,,
SMAD5,PL09354,,,
SMAD5,PL09355,,,
ACVR1C,PL09364,,,
ACVR1C,PL09365,,,
PPP5C,PL09368,,,
PPP5C,PL09369,,,
PPP5C,PL09370,,,
PPP5C,PL09371,,,
PPP5C,PL09372,,,
PPP5C,PL09373,,,
LYN,PL09385,,,
LYN,PL09386,,,
LYN,PL09387,,,
LYN,PL09388,,,
LYN,PL09389,,,
LYN,PL09390,,,
LYN,PL09391,,,
LYN,PL09392,,,
LYN,PL09393,,,
LYN,PL09394,,,
LYN,PL09395,,,
LYN,PL09396,,,
LYN,PL09397,,,
LYN,PL09398,,,
LYN,PL09399,,,
LYN,PL09400,,,
LYN,PL09401,,,
LYN,PL09402,,,
LYN,PL09403,,,
PRKCE,PL09404,,,
RICTOR,PL09406,,,
LYN,PL09452,,,
LYN,PL09453,,,
LYN,PL09456,,,
LYN,PL09457,,,
LYN,PL09460,,,
LYN,PL09461,,,
LYN,PL09462,,,
LYN,PL09463,,,
LYN,PL09464,,,
LYN,PL09465,,,
LYN,PL09467,,,
PIK3R3,PL09467,,,
IGF1R,PL09489,,,
IGF1,PL09489,,,
IGF1R,PL09490,,,
IGF1,PL09490,,,
IRS1,PL09493,,,
IRS1,PL09497,,,
IRS1,PL09500,,,
TNKS2,PL09517,,,
WNT7B,PL09529,,,
CUL3,PL09533,,,
CUL3,PL09537,,,
CUL3,PL09538,,,
PTCH1,PL09545,,,
ADCY9,PL09559,,,
PTCH1,PL09568,,,
PTCH1,PL09575,,,
CUL3,PL09576,,,
TGFBR3,PL09601,,,
TGFBR3,PL09603,,,
TGFBR3,PL09604,,,
TGFBR3,PL09616,,,
TGFBR3,PL09617,,,
TGFBR3,PL09618,,,
TGFBR3,PL09619,,,
PIK3R3,PL09622,,,
GNAI1,PL09627,,,
GNAI1,PL09631,,,
PIK3R3,PL09632,,,
IGF1R,PL09637,,,
GNAI1,PL09637,,,
IGF1R,PL09638,,,
TBP,PL09639,,,
NCOA2,PL09640,,,
NCOA2,PL09641,,,
TBP,PL09644,,,
TBP,PL09657,,,
ZNF217,PL09659,,,
NR5A2,PL09659,,,
ZNF217,PL09660,,,
NR5A2,PL09660,,,
CCND1,PL09680,,,
SCD,PL09685,,,
ABCA1,PL09694,,,
ABCA1,PL09705,,,
CYP26B1,PL09725,,,
HDAC4,PL09785,,,
SKP1,PL09786,,,
SKP1,PL09787,,,
CCND1,PL09848,,,
CCND1,PL09849,,,
SKP1,PL09881,,,
RANBP10,PL09956,,,
RANBP10,PL09958,,,
GGA3,PL09971,,,
GGA3,PL09972,,,
LYN,PL09982,,,
LYN,PL09983,,,
LYN,PL09984,,,
LYN,PL09985,,,
LYN,PL09986,,,
LYN,PL09987,,,
SOCS6,PL09989,,,
PIK3R3,PL09993,,,
NRP1,PL10057,,,
CYLD,PL10110,,,
CYLD,PL10112,,,
CYLD,PL10113,,,
XIAP,PL10113,,,
CYLD,PL10116,,,
CYLD,PL10121,,,
XIAP,PL10121,,,
CYLD,PL10123,,,
XIAP,PL10123,,,
XIAP,PL10128,,,
CYLD,PL10129,,,
XIAP,PL10129,,,
CYLD,PL10130,,,
XIAP,PL10130,,,
XIAP,PL10131,,,
CYLD,PL10139,,,
XIAP,PL10139,,,
CYLD,PL10140,,,
XIAP,PL10140,,,
CYLD,PL10141,,,
CYLD,PL10142,,,
XIAP,PL10142,,,
CYLD,PL10143,,,
XIAP,PL10143,,,
CYLD,PL10144,,,
XIAP,PL10144,,,
XIAP,PL10151,,,
CYLD,PL10153,,,
XIAP,PL10153,,,
XIAP,PL10154,,,
CYLD,PL10156,,,
CYLD,PL10157,,,
XIAP,PL10158,,,
CYLD,PL10160,,,
CYLD,PL10161,,,
XIAP,PL10161,,,
XIAP,PL10162,,,
CALM1,PL10231,,,
FZD4,PL10237,,,
FZD4,PL10238,,,
FZD4,PL10239,,,
CALM1,PL10244,,,
CALM1,PL10245,,,
FZD4,PL10250,,,
SKP1,PL10261,,,
SKP1,PL10264,,,
SKP1,PL10265,,,
CSNK1G2,PL10268,,,
LRP6,PL10269,,,
LRP6,PL10270,,,
LRP6,PL10271,,,
LRP6,PL10272,,,
RSPO3,PL10274,,,
ZNRF3,PL10274,,,
RSPO3,PL10275,,,
ZNRF3,PL10275,,,
RSPO3,PL10276,,,
ZNRF3,PL10277,,,
LRP6,PL10277,,,
FZD4,PL10277,,,
ZNRF3,PL10278,,,
LRP6,PL10278,,,
FZD4,PL10278,,,
LRP6,PL10279,,,
FZD4,PL10279,,,
CUL3,PL10284,,,
CUL3,PL10285,,,
CUL3,PL10286,,,
LRP6,PL10287,,,
LRP6,PL10289,,,
LRP6,PL10290,,,
LRP6,PL10292,,,
XIAP,PL10308,,,
XIAP,PL10309,,,
XIAP,PL10310,,,
TNKS2,PL10313,,,
TNKS2,PL10314,,,
TNKS2,PL10319,,,
TNKS2,PL10321,,,
TNKS2,PL10322,,,
CTBP2,PL10334,,,
CTBP2,PL10335,,,
PTCH1,PL10346,,,
PTCH1,PL10349,,,
PTCH1,PL10352,,,
PTCH1,PL10353,,,
PTCH1,PL10354,,,
PTCH1,PL10355,,,
SKP1,PL10367,,,
SKP1,PL10370,,,
SKP1,PL10374,,,
TRAK1,PL10379,,,
TRAK1,PL10382,,,
PIK3R3,PL10385,,,
PIK3R3,PL10386,,,
GNAQ,PL10386,,,
GNA11,PL10386,,,
RGS17,PL10387,,,
GNAQ,PL10387,,,
GNA11,PL10387,,,
RGS17,PL10389,,,
GNAQ,PL10389,,,
GNA11,PL10389,,,
RGS17,PL10390,,,
GNAQ,PL10390,,,
GNA11,PL10390,,,
GNAQ,PL10394,,,
GNA11,PL10394,,,
GNAI1,PL10402,,,
ADCY9,PL10402,,,
RGS7,PL10403,,,
GNAI1,PL10406,,,
GNAI1,PL10407,,,
RGS7,PL10411,,,
RGS17,PL10411,,,
GNAI1,PL10411,,,
RGS7,PL10412,,,
RGS17,PL10412,,,
GNAI1,PL10412,,,
RGS7,PL10413,,,
RGS17,PL10413,,,
GNAI1,PL10413,,,
GNAI1,PL10415,,,
RGS17,PL10416,,,
RGS17,PL10417,,,
RGS17,PL10418,,,
RGS17,PL10419,,,
PTCH1,PL10423,,,
WNT7B,PL10425,,,
FZD4,PL10425,,,
SMAD2,PL10460,,,
SMAD2,PL10467,,,
SMAD2,PL10468,,,
E2F5,PL10485,,,
E2F5,PL10486,,,
E2F5,PL10487,,,
SMAD2,PL10499,,,
UCHL5,PL10501,,,
UCHL5,PL10502,,,
SMAD2,PL10506,,,
SMAD2,PL10507,,,
SMAD2,PL10509,,,
SMAD2,PL10511,,,
SMAD2,PL10514,,,
SMAD2,PL10515,,,
SMAD2,PL10516,,,
CCND1,PL10567,,,
TP53,PL10584,,,
TP53,PL10585,,,
TP53,PL10586,,,
TP53,PL10587,,,
MTA3,PL10590,,,
MTA3,PL10595,,,
XIAP,PL10618,,,
AGO1,PL10619,,,
AGO1,PL10620,,,
AGO1,PL10621,,,
XIAP,PL10622,,,
OTUD3,PL10624,,,
MKRN1,PL10627,,,
MKRN1,PL10628,,,
TNKS2,PL10629,,,
CALM1,PL10652,,,
CALM1,PL10653,,,
CALM1,PL10654,,,
CALM1,PL10655,,,
CALM1,PL10660,,,
CUL3,PL10663,,,
KSR1,PL10677,,,
DUSP8,PL10679,,,
DUSP8,PL10680,,,
DUSP8,PL10681,,,
DUSP8,PL10682,,,
PPP5C,PL10690,,,
KSR1,PL10701,,,
KSR1,PL10706,,,
HNRNPF,PL10715,,,
HNRNPF,PL10716,,,
HNRNPF,PL10717,,,
HNRNPA1,PL10718,,,
HNRNPA1,PL10719,,,
HNRNPA1,PL10720,,,
FGF2,PL10729,,,
RAP1B,PL10752,,,
RAP1B,PL10753,,,
AP2B1,PL10762,,,
AP2B1,PL10763,,,
AP2B1,PL10764,,,
RICTOR,PL10835,,,
RICTOR,PL10836,,,
CALM1,PL10841,,,
CALM1,PL10843,,,
CALM1,PL10844,,,
CALM1,PL10845,,,
CALM1,PL10846,,,
CALM1,PL10847,,,
PAK3,PL10851,,,
PAK3,PL10852,,,
CALM1,PL10853,,,
CALM1,PL10854,,,
IRS1,PL10858,,,
IRS1,PL10859,,,
IRS1,PL10860,,,
IRS1,PL10861,,,
IRS1,PL10862,,,
IRS1,PL10863,,,
IRS1,PL10864,,,
IRS1,PL10865,,,
IGF1,PL10889,,,
IGF1R,PL10889,,,
IGF1,PL10890,,,
IGF1R,PL10890,,,
IGF1,PL10891,,,
IGF1R,PL10891,,,
IGF1,PL10894,,,
IGF1R,PL10894,,,
IRS1,PL10895,,,
IGF1,PL10895,,,
IGF1R,PL10895,,,
IRS1,PL10896,,,
IGF1,PL10896,,,
IGF1R,PL10896,,,
RTN4,PL10912,,,
RTN4,PL10913,,,
RTN4,PL10914,,,
AP2B1,PL10939,,,
FZD4,PL10940,,,
FZD4,PL10941,,,
AP2B1,PL10942,,,
FZD4,PL10942,,,
FZD4,PL10943,,,
AP2B1,PL10943,,,
FZD4,PL10944,,,
FZD4,PL10946,,,
FZD4,PL10947,,,
ITSN1,PL10965,,,
STX5,PL10967,,,
PGRMC2,PL10967,,,
PGRMC2,PL10969,,,
SYDE1,PL10974,,,
ARHGAP12,PL10979,,,
SYDE1,PL10979,,,
ARHGAP6,PL10984,,,
ARAP2,PL10984,,,
ARHGEF17,PL10985,,,
ARHGEF10,PL10985,,,
ITSN1,PL10986,,,
TIAM2,PL10987,,,
GNA13,PL10987,,,
ARHGEF10,PL10987,,,
GNAQ,PL10990,,,
GNA11,PL10990,,,
ARHGAP12,PL10991,,,
ARAP2,PL10991,,,
ARHGEF17,PL10992,,,
ARHGEF10,PL10992,,,
STX5,PL10995,,,
ARHGAP12,PL10997,,,
PAK5,PL11004,,,
PGRMC2,PL11005,,,
ARHGAP6,PL11006,,,
SYDE1,PL11006,,,
ARAP2,PL11006,,,
LRRC1,PL11011,,,
GOLGA3,PL11011,,,
VANGL1,PL11011,,,
SYDE1,PL11014,,,
CPD,PL11017,,,
VANGL1,PL11017,,,
RASAL2,PL11017,,,
SYDE1,PL11023,,,
ARAP2,PL11023,,,
SYDE1,PL11024,,,
ITSN1,PL11025,,,
GNA13,PL11025,,,
ARHGEF10,PL11025,,,
GNA13,PL11028,,,
GNA13,PL11029,,,
ARHGEF17,PL11032,,,
ARHGEF10,PL11032,,,
CPD,PL11042,,,
VANGL1,PL11042,,,
RASAL2,PL11042,,,
PPP1R12A,PL11048,,,
ABI2,PL11050,,,
ABI2,PL11051,,,
ABI2,PL11052,,,
ABI2,PL11053,,,
ACTB,PL11056,,,
ACTB,PL11057,,,
ACTB,PL11058,,,
ACTB,PL11059,,,
MYLK,PL11092,,,
PAK3,PL11096,,,
PAK3,PL11099,,,
MYLK,PL11105,,,
CALM1,PL11105,,,
MYLK,PL11106,,,
CALM1,PL11106,,,
CALM1,PL11127,,,
CALM1,PL11128,,,
ACTB,PL11134,,,
ACTB,PL11136,,,
DYNLL2,PL11144,,,
RCC2,PL11144,,,
NUP43,PL11144,,,
MAD2L1,PL11144,,,
NUP133,PL11144,,,
DYNLL2,PL11145,,,
RCC2,PL11145,,,
NUP43,PL11145,,,
MAD2L1,PL11145,,,
NUP133,PL11145,,,
ACTB,PL11150,,,
DYNLL2,PL11152,,,
RCC2,PL11152,,,
NUP43,PL11152,,,
MAD2L1,PL11152,,,
NUP133,PL11152,,,
ACTB,PL11153,,,
ACTB,PL11154,,,
ACTB,PL11155,,,
ACTB,PL11156,,,
ACTB,PL11157,,,
GNAQ,PL11180,,,
GNA11,PL11180,,,
GNAQ,PL11181,,,
GNA11,PL11181,,,
GNAQ,PL11184,,,
GNA11,PL11184,,,
PRKCE,PL11206,,,
ADCY9,PL11215,,,
GNAI1,PL11219,,,
ADCY9,PL11219,,,
GNAI1,PL11220,,,
ADCY9,PL11220,,,
GNAI1,PL11221,,,
ADCY9,PL11221,,,
ADCY9,PL11241,,,
ADCY9,PL11242,,,
ADCY9,PL11243,,,
ADCY9,PL11244,,,
ADCY9,PL11245,,,
ADCY9,PL11246,,,
HCAR2,PL11262,,,
HCAR2,PL11263,,,
XK,PL11282,,,
ECE1,PL11293,,,
F2RL1,PL11303,,,
FGF2,PL11335,,,
FGF1,PL11335,,,
FGF1,PL11336,,,
FGF2,PL11337,,,
FGF2,PL11338,,,
FGF2,PL11341,,,
FGF1,PL11341,,,
FGF2,PL11342,,,
FGF1,PL11342,,,
FGF1,PL11350,,,
FGF1,PL11351,,,
FGF2,PL11352,,,
FGF1,PL11352,,,
FGF2,PL11353,,,
FGF1,PL11353,,,
FGF2,PL11358,,,
FGF1,PL11358,,,
FGF2,PL11359,,,
FGF1,PL11359,,,
FGF2,PL11360,,,
FGF1,PL11360,,,
FGF2,PL11361,,,
FGF2,PL11362,,,
FGF2,PL11363,,,
FGF2,PL11364,,,
FGF2,PL11366,,,
FGF1,PL11366,,,
MEF2D,PL11548,,,
MEF2D,PL11549,,,
MEF2C,PL11576,,,
PDE5A,PL11618,,,
RHOBTB1,PL11618,,,
CUL3,PL11618,,,
RHOBTB1,PL11621,,,
CUL3,PL11622,,,
PHIP,PL11622,,,
NCOA2,PL11634,,,
ABHD6,PL11641,,,
DAGLA,PL11642,,,
GNAQ,PL11643,,,
GNA11,PL11643,,,
GNAQ,PL11644,,,
GNA11,PL11644,,,
GNAQ,PL11645,,,
GNA11,PL11645,,,
GNAQ,PL11646,,,
GNA11,PL11646,,,
GNAQ,PL11647,,,
GNA11,PL11647,,,
GNAQ,PL11648,,,
GNA11,PL11648,,,
GNAI1,PL11651,,,
GNAI1,PL11652,,,
GNAI1,PL11653,,,
GNAI1,PL11654,,,
GNAQ,PL11659,,,
GNA11,PL11659,,,
GNAQ,PL11660,,,
GNA11,PL11660,,,
GNAQ,PL11661,,,
GNA11,PL11661,,,
CALM1,PL11666,,,
CALM1,PL11667,,,
CALM1,PL11668,,,
CALM1,PL11847,,,
GNAQ,PL11851,,,
GNA11,PL11851,,,
GNAQ,PL11852,,,
GNA11,PL11852,,,
GNAQ,PL11853,,,
GNA11,PL11853,,,
GNAQ,PL11854,,,
GNA11,PL11854,,,
GNAQ,PL11855,,,
GNA11,PL11855,,,
GNAQ,PL11856,,,
GNA11,PL11856,,,
GNAQ,PL11857,,,
GNA11,PL11857,,,
GNAQ,PL11858,,,
GNA11,PL11858,,,
GNAI1,PL11859,,,
GNAI1,PL11860,,,
ADCY9,PL11860,,,
GNAI1,PL11861,,,
ADCY9,PL11861,,,
GNAI1,PL11862,,,
ADCY9,PL11862,,,
GNAI1,PL11863,,,
ADCY9,PL11863,,,
GNAI1,PL11864,,,
ADCY9,PL11864,,,
GNAI1,PL11865,,,
ADCY9,PL11865,,,
ADCY9,PL11866,,,
ADCY9,PL11867,,,
ADCY9,PL11868,,,
ADCY9,PL11869,,,
PDE3B,PL11876,,,
PDE3B,PL11877,,,
PDE3B,PL11878,,,
CALM1,PL11884,,,
CALM1,PL11885,,,
CALM1,PL11889,,,
CALM1,PL11890,,,
CALM1,PL11891,,,
CALM1,PL11892,,,
CALM1,PL11893,,,
CALM1,PL11894,,,
CALM1,PL11895,,,
CALM1,PL11896,,,
CALM1,PL11897,,,
CALM1,PL11903,,,
CALM1,PL11904,,,
CALM1,PL11905,,,
CALM1,PL11906,,,
CALM1,PL11907,,,
CALM1,PL11908,,,
CALM1,PL11909,,,
CALM1,PL11910,,,
CALM1,PL11911,,,
CALM1,PL11912,,,
CALM1,PL11913,,,
CALM1,PL11914,,,
CALM1,PL11937,,,
CALM1,PL11938,,,
CALM1,PL11939,,,
CALM1,PL11940,,,
CALM1,PL11941,,,
CALM1,PL11942,,,
CALM1,PL11943,,,
ADCY9,PL11944,,,
ADCY9,PL11945,,,
PL03370,R-HSA-199991,,,
PL03371,R-HSA-199991,,,
PL03372,R-HSA-199991,,,
PL03373,R-HSA-199991,,,
PL03374,R-HSA-199991,,,
PL03375,R-HSA-199991,,,
PL03376,R-HSA-199991,,,
PL03377,R-HSA-199991,,,
PL03378,R-HSA-199991,,,
PL03379,R-HSA-199991,,,
PL03380,R-HSA-199991,,,
PL03381,R-HSA-199991,,,
PL03382,R-HSA-199991,,,
PL03383,R-HSA-199991,,,
PL03384,R-HSA-199991,,,
PL03388,R-HSA-199991,,,
PL03392,R-HSA-199991,,,
PL03401,R-HSA-199991,,,
PL03415,R-HSA-199991,,,
PL03416,R-HSA-199991,,,
PL03417,R-HSA-199991,,,
PL03418,R-HSA-199991,,,
PL03419,R-HSA-199991,,,
PL03420,R-HSA-199991,,,
PL03421,R-HSA-199991,,,
PL03464,R-HSA-199991,,,
PL03465,R-HSA-199991,,,
PL03470,R-HSA-199991,,,
PL03473,R-HSA-199991,,,
PL03474,R-HSA-199991,,,
PL03479,R-HSA-199991,,,
PL03481,R-HSA-199991,,,
PL03482,R-HSA-199991,,,
PL03486,R-HSA-199991,,,
PL03487,R-HSA-199991,,,
PL03494,R-HSA-199991,,,
PL03496,R-HSA-199991,,,
PL03513,R-HSA-199991,,,
PL03514,R-HSA-199991,,,
PL03515,R-HSA-199991,,,
PL03516,R-HSA-199991,,,
PL03517,R-HSA-199991,,,
PL03518,R-HSA-199991,,,
PL03519,R-HSA-199991,,,
PL03520,R-HSA-199991,,,
PL03521,R-HSA-199991,,,
PL03524,R-HSA-199991,,,
PL03525,R-HSA-199991,,,
PL03526,R-HSA-199991,,,
PL03527,R-HSA-199991,,,
PL03528,R-HSA-199991,,,
PL03529,R-HSA-199991,,,
PL03531,R-HSA-199991,,,
PL03532,R-HSA-199991,,,
PL03533,R-HSA-199991,,,
PL03534,R-HSA-199991,,,
PL03535,R-HSA-199991,,,
PL03536,R-HSA-199991,,,
PL03537,R-HSA-199991,,,
PL03562,R-HSA-199991,,,
PL03564,R-HSA-199991,,,
PL03568,R-HSA-199991,,,
PL03569,R-HSA-199991,,,
ITSN1,PL03370,,,
WASL,PL03371,,,
ITSN1,PL03371,,,
WASL,PL03372,,,
ITSN1,PL03372,,,
WASL,PL03373,,,
ITSN1,PL03373,,,
WASL,PL03374,,,
ITSN1,PL03374,,,
WASL,PL03375,,,
ITSN1,PL03375,,,
WASL,PL03376,,,
ITSN1,PL03376,,,
WASL,PL03377,,,
ITSN1,PL03377,,,
WASL,PL03378,,,
ITSN1,PL03378,,,
WASL,PL03379,,,
ITSN1,PL03379,,,
WASL,PL03380,,,
ITSN1,PL03380,,,
WASL,PL03381,,,
ITSN1,PL03381,,,
ITSN1,PL03382,,,
ITSN1,PL03383,,,
ITSN1,PL03384,,,
TBC1D4,PL03388,,,
TBC1D4,PL03392,,,
VPS4B,PL03401,,,
GOSR1,PL03415,,,
ANK2,PL03416,,,
DYNLL2,PL03416,,,
ANK2,PL03417,,,
DYNLL2,PL03417,,,
ANK2,PL03418,,,
ANK2,PL03419,,,
ANK2,PL03420,,,
ANK2,PL03421,,,
GOSR1,PL03464,,,
GOSR1,PL03465,,,
GOSR1,PL03470,,,
GOSR1,PL03473,,,
GOSR1,PL03474,,,
GRK3,PL03479,,,
ITSN1,PL03481,,,
ITSN1,PL03482,,,
ITSN1,PL03486,,,
ITSN1,PL03487,,,
COPS7B,PL03494,,,
COPS7B,PL03496,,,
GDI2,PL03513,,,
GDI2,PL03514,,,
GDI2,PL03515,,,
GDI2,PL03516,,,
GDI2,PL03517,,,
GDI2,PL03518,,,
GDI2,PL03519,,,
GDI2,PL03520,,,
GDI2,PL03521,,,
GDI2,PL03524,,,
GDI2,PL03525,,,
GDI2,PL03526,,,
GDI2,PL03527,,,
GDI2,PL03528,,,
GDI2,PL03529,,,
GDI2,PL03531,,,
GDI2,PL03532,,,
GDI2,PL03533,,,
TPD52,PL03534,,,
TPD52,PL03535,,,
TPD52,PL03536,,,
TPD52,PL03537,,,
DYNLL2,PL03562,,,
DYNLL2,PL03564,,,
MYO6,PL03568,,,
MYO6,PL03569,,,
PL14010,R-HSA-9012999,,,
PL14035,R-HSA-9012999,,,
PL14040,R-HSA-9012999,,,
PL14067,R-HSA-9012999,,,
PL14076,R-HSA-9012999,,,
PL14094,R-HSA-9012999,,,
PL14096,R-HSA-9012999,,,
ITSN1,PL14010,,,
ITSN1,PL14035,,,
TIAM2,PL14040,,,
LRRC1,PL14067,,,
ITSN1,PL14076,,,
CUL3,PL14094,,,
CUL3,PL14096,,,
PL13011,R-HSA-9006936,,,
PL13028,R-HSA-9006936,,,
PL13029,R-HSA-9006936,,,
PL13084,R-HSA-9006936,,,
PL13089,R-HSA-9006936,,,
PL13090,R-HSA-9006936,,,
PL13095,R-HSA-9006936,,,
PL13111,R-HSA-9006936,,,
PL13112,R-HSA-9006936,,,
PL13124,R-HSA-9006936,,,
PL13131,R-HSA-9006936,,,
PL13132,R-HSA-9006936,,,
PL13134,R-HSA-9006936,,,
PL13136,R-HSA-9006936,,,
PL13139,R-HSA-9006936,,,
PL13140,R-HSA-9006936,,,
PL13141,R-HSA-9006936,,,
CHRDL1,PL13011,,,
FSTL1,PL13011,,,
ACVR1C,PL13028,,,
ACVR1C,PL13029,,,
SMAD2,PL13084,,,
SMAD2,PL13089,,,
SMAD2,PL13090,,,
E2F5,PL13095,,,
E2F5,PL13111,,,
E2F5,PL13112,,,
SMAD2,PL13124,,,
SMAD2,PL13131,,,
SMAD2,PL13132,,,
SMAD2,PL13134,,,
SMAD2,PL13136,,,
SMAD2,PL13139,,,
SMAD2,PL13140,,,
SMAD2,PL13141,,,
PL03656,R-HSA-5663202,,,
PL03700,R-HSA-5663202,,,
PL03723,R-HSA-5663202,,,
PL03910,R-HSA-5663202,,,
PL03911,R-HSA-5663202,,,
PL03928,R-HSA-5663202,,,
PL03935,R-HSA-5663202,,,
PL03936,R-HSA-5663202,,,
IRS1,PL03656,,,
IRS1,PL03700,,,
FZD4,PL03723,,,
SKP1,PL03910,,,
SKP1,PL03911,,,
SKP1,PL03928,,,
SKP1,PL03935,,,
SKP1,PL03936,,,
PL16356,R-HSA-9006925,,,
PL16393,R-HSA-9006925,,,
PL16394,R-HSA-9006925,,,
PL16397,R-HSA-9006925,,,
PL16404,R-HSA-9006925,,,
PL16414,R-HSA-9006925,,,
PL16415,R-HSA-9006925,,,
PL16416,R-HSA-9006925,,,
PL16422,R-HSA-9006925,,,
PL16423,R-HSA-9006925,,,
PRKCE,PL16356,,,
TP53,PL16393,,,
TP53,PL16394,,,
MTA3,PL16397,,,
MTA3,PL16404,,,
AGO1,PL16414,,,
AGO1,PL16415,,,
AGO1,PL16416,,,
MKRN1,PL16422,,,
MKRN1,PL16423,,,
PL07270,R-HSA-5683057,,,
PL07298,R-HSA-5683057,,,
PL07299,R-HSA-5683057,,,
PL07300,R-HSA-5683057,,,
PL07301,R-HSA-5683057,,,
PL07308,R-HSA-5683057,,,
CUL3,PL07270,,,
DUSP8,PL07298,,,
DUSP8,PL07299,,,
DUSP8,PL07300,,,
DUSP8,PL07301,,,
PPP5C,PL07308,,,
PL14370,R-HSA-9716542,,,
PL14382,R-HSA-9716542,,,
PL14402,R-HSA-9716542,,,
PL14403,R-HSA-9716542,,,
PL14424,R-HSA-9716542,,,
PL14436,R-HSA-9716542,,,
PL14453,R-HSA-9716542,,,
PL14454,R-HSA-9716542,,,
PL14461,R-HSA-9716542,,,
PL14490,R-HSA-9716542,,,
PL14496,R-HSA-9716542,,,
PL14503,R-HSA-9716542,,,
PL14504,R-HSA-9716542,,,
PL14523,R-HSA-9716542,,,
PL14524,R-HSA-9716542,,,
PL14538,R-HSA-9716542,,,
PL14539,R-HSA-9716542,,,
PL14545,R-HSA-9716542,,,
PL14574,R-HSA-9716542,,,
PL14577,R-HSA-9716542,,,
PL14589,R-HSA-9716542,,,
CUL3,PL14370,,,
ITSN1,PL14382,,,
ITSN1,PL14402,,,
TIAM2,PL14403,,,
LRRC1,PL14424,,,
ITSN1,PL14436,,,
ABI2,PL14453,,,
ABI2,PL14454,,,
ABI2,PL14461,,,
MYLK,PL14490,,,
PAK3,PL14496,,,
MYLK,PL14503,,,
CALM1,PL14503,,,
MYLK,PL14504,,,
CALM1,PL14504,,,
CALM1,PL14523,,,
CALM1,PL14524,,,
DYNLL2,PL14538,,,
RCC2,PL14538,,,
MAD2L1,PL14538,,,
DYNLL2,PL14539,,,
RCC2,PL14539,,,
MAD2L1,PL14539,,,
DYNLL2,PL14545,,,
RCC2,PL14545,,,
MAD2L1,PL14545,,,
CUL3,PL14574,,,
CUL3,PL14577,,,
NCOA2,PL14589,,,
PL01929,R-HSA-5653656,,,
PL01930,R-HSA-5653656,,,
PL01931,R-HSA-5653656,,,
PL01932,R-HSA-5653656,,,
PL01933,R-HSA-5653656,,,
PL01934,R-HSA-5653656,,,
PL01935,R-HSA-5653656,,,
PL01936,R-HSA-5653656,,,
PL01937,R-HSA-5653656,,,
PL01938,R-HSA-5653656,,,
PL01939,R-HSA-5653656,,,
PL01940,R-HSA-5653656,,,
PL01941,R-HSA-5653656,,,
PL01942,R-HSA-5653656,,,
PL01943,R-HSA-5653656,,,
PL01947,R-HSA-5653656,,,
PL01951,R-HSA-5653656,,,
PL01960,R-HSA-5653656,,,
PL01974,R-HSA-5653656,,,
PL01975,R-HSA-5653656,,,
PL01976,R-HSA-5653656,,,
PL01977,R-HSA-5653656,,,
PL01978,R-HSA-5653656,,,
PL01979,R-HSA-5653656,,,
PL01980,R-HSA-5653656,,,
PL02023,R-HSA-5653656,,,
PL02024,R-HSA-5653656,,,
PL02029,R-HSA-5653656,,,
PL02032,R-HSA-5653656,,,
PL02033,R-HSA-5653656,,,
PL02038,R-HSA-5653656,,,
PL02040,R-HSA-5653656,,,
PL02041,R-HSA-5653656,,,
PL02045,R-HSA-5653656,,,
PL02046,R-HSA-5653656,,,
PL02053,R-HSA-5653656,,,
PL02055,R-HSA-5653656,,,
PL02072,R-HSA-5653656,,,
PL02073,R-HSA-5653656,,,
PL02074,R-HSA-5653656,,,
PL02075,R-HSA-5653656,,,
PL02076,R-HSA-5653656,,,
PL02077,R-HSA-5653656,,,
PL02078,R-HSA-5653656,,,
PL02079,R-HSA-5653656,,,
PL02080,R-HSA-5653656,,,
PL02083,R-HSA-5653656,,,
PL02084,R-HSA-5653656,,,
PL02085,R-HSA-5653656,,,
PL02086,R-HSA-5653656,,,
PL02087,R-HSA-5653656,,,
PL02088,R-HSA-5653656,,,
PL02090,R-HSA-5653656,,,
PL02091,R-HSA-5653656,,,
PL02092,R-HSA-5653656,,,
PL02093,R-HSA-5653656,,,
PL02094,R-HSA-5653656,,,
PL02095,R-HSA-5653656,,,
PL02096,R-HSA-5653656,,,
PL02121,R-HSA-5653656,,,
PL02123,R-HSA-5653656,,,
PL02127,R-HSA-5653656,,,
PL02128,R-HSA-5653656,,,
ITSN1,PL01929,,,
WASL,PL01930,,,
ITSN1,PL01930,,,
WASL,PL01931,,,
ITSN1,PL01931,,,
WASL,PL01932,,,
ITSN1,PL01932,,,
WASL,PL01933,,,
ITSN1,PL01933,,,
WASL,PL01934,,,
ITSN1,PL01934,,,
WASL,PL01935,,,
ITSN1,PL01935,,,
WASL,PL01936,,,
ITSN1,PL01936,,,
WASL,PL01937,,,
ITSN1,PL01937,,,
WASL,PL01938,,,
ITSN1,PL01938,,,
WASL,PL01939,,,
ITSN1,PL01939,,,
WASL,PL01940,,,
ITSN1,PL01940,,,
ITSN1,PL01941,,,
ITSN1,PL01942,,,
ITSN1,PL01943,,,
TBC1D4,PL01947,,,
TBC1D4,PL01951,,,
VPS4B,PL01960,,,
GOSR1,PL01974,,,
ANK2,PL01975,,,
DYNLL2,PL01975,,,
ANK2,PL01976,,,
DYNLL2,PL01976,,,
ANK2,PL01977,,,
ANK2,PL01978,,,
ANK2,PL01979,,,
ANK2,PL01980,,,
GOSR1,PL02023,,,
GOSR1,PL02024,,,
GOSR1,PL02029,,,
GOSR1,PL02032,,,
GOSR1,PL02033,,,
GRK3,PL02038,,,
ITSN1,PL02040,,,
ITSN1,PL02041,,,
ITSN1,PL02045,,,
ITSN1,PL02046,,,
COPS7B,PL02053,,,
COPS7B,PL02055,,,
GDI2,PL02072,,,
GDI2,PL02073,,,
GDI2,PL02074,,,
GDI2,PL02075,,,
GDI2,PL02076,,,
GDI2,PL02077,,,
GDI2,PL02078,,,
GDI2,PL02079,,,
GDI2,PL02080,,,
GDI2,PL02083,,,
GDI2,PL02084,,,
GDI2,PL02085,,,
GDI2,PL02086,,,
GDI2,PL02087,,,
GDI2,PL02088,,,
GDI2,PL02090,,,
GDI2,PL02091,,,
GDI2,PL02092,,,
TPD52,PL02093,,,
TPD52,PL02094,,,
TPD52,PL02095,,,
TPD52,PL02096,,,
DYNLL2,PL02121,,,
DYNLL2,PL02123,,,
MYO6,PL02127,,,
MYO6,PL02128,,,
PL08885,R-HSA-194315,,,
PL08905,R-HSA-194315,,,
PL08906,R-HSA-194315,,,
PL08927,R-HSA-194315,,,
PL08939,R-HSA-194315,,,
PL08956,R-HSA-194315,,,
PL08957,R-HSA-194315,,,
PL08964,R-HSA-194315,,,
PL08993,R-HSA-194315,,,
PL08999,R-HSA-194315,,,
PL09006,R-HSA-194315,,,
PL09007,R-HSA-194315,,,
PL09026,R-HSA-194315,,,
PL09027,R-HSA-194315,,,
PL09041,R-HSA-194315,,,
PL09042,R-HSA-194315,,,
PL09048,R-HSA-194315,,,
PL09077,R-HSA-194315,,,
PL09080,R-HSA-194315,,,
PL09092,R-HSA-194315,,,
ITSN1,PL08885,,,
ITSN1,PL08905,,,
TIAM2,PL08906,,,
LRRC1,PL08927,,,
ITSN1,PL08939,,,
ABI2,PL08956,,,
ABI2,PL08957,,,
ABI2,PL08964,,,
MYLK,PL08993,,,
PAK3,PL08999,,,
MYLK,PL09006,,,
CALM1,PL09006,,,
MYLK,PL09007,,,
CALM1,PL09007,,,
CALM1,PL09026,,,
CALM1,PL09027,,,
DYNLL2,PL09041,,,
RCC2,PL09041,,,
MAD2L1,PL09041,,,
DYNLL2,PL09042,,,
RCC2,PL09042,,,
MAD2L1,PL09042,,,
DYNLL2,PL09048,,,
RCC2,PL09048,,,
MAD2L1,PL09048,,,
CUL3,PL09077,,,
CUL3,PL09080,,,
NCOA2,PL09092,,,
PL05341,R-HSA-1257604,,,
PL05342,R-HSA-1257604,,,
PL05345,R-HSA-1257604,,,
PL05352,R-HSA-1257604,,,
PL05362,R-HSA-1257604,,,
PL05363,R-HSA-1257604,,,
PL05364,R-HSA-1257604,,,
PL05370,R-HSA-1257604,,,
PL05371,R-HSA-1257604,,,
TP53,PL05341,,,
TP53,PL05342,,,
MTA3,PL05345,,,
MTA3,PL05352,,,
AGO1,PL05362,,,
AGO1,PL05363,,,
AGO1,PL05364,,,
MKRN1,PL05370,,,
MKRN1,PL05371,,,
PL18033,R-HSA-9006934,,,
PL18034,R-HSA-9006934,,,
PL18098,R-HSA-9006934,,,
PL18100,R-HSA-9006934,,,
PL18227,R-HSA-9006934,,,
PL18228,R-HSA-9006934,,,
PL18271,R-HSA-9006934,,,
PL18272,R-HSA-9006934,,,
PL18273,R-HSA-9006934,,,
PL18274,R-HSA-9006934,,,
PL18275,R-HSA-9006934,,,
PL18276,R-HSA-9006934,,,
PL18308,R-HSA-9006934,,,
PL18390,R-HSA-9006934,,,
PL18393,R-HSA-9006934,,,
PL18394,R-HSA-9006934,,,
PL18395,R-HSA-9006934,,,
PL18396,R-HSA-9006934,,,
PL18402,R-HSA-9006934,,,
PL18405,R-HSA-9006934,,,
PL18406,R-HSA-9006934,,,
PL18407,R-HSA-9006934,,,
PL18441,R-HSA-9006934,,,
PL18442,R-HSA-9006934,,,
PL18443,R-HSA-9006934,,,
PL18446,R-HSA-9006934,,,
PL18447,R-HSA-9006934,,,
PL18448,R-HSA-9006934,,,
IGF1R,PL18033,,,
IGF1R,PL18034,,,
RANBP10,PL18098,,,
RANBP10,PL18100,,,
ABI2,PL18227,,,
NRP1,PL18228,,,
HNRNPF,PL18271,,,
HNRNPF,PL18272,,,
HNRNPF,PL18273,,,
HNRNPA1,PL18274,,,
HNRNPA1,PL18275,,,
HNRNPA1,PL18276,,,
RAP1B,PL18308,,,
CALM1,PL18390,,,
CALM1,PL18393,,,
CALM1,PL18394,,,
CALM1,PL18395,,,
CALM1,PL18396,,,
RICTOR,PL18402,,,
CALM1,PL18405,,,
CALM1,PL18406,,,
CALM1,PL18407,,,
IGF1R,PL18441,,,
IGF1R,PL18442,,,
IGF1R,PL18443,,,
IGF1R,PL18446,,,
IGF1R,PL18447,,,
IGF1R,PL18448,,,
PL04069,R-HSA-4839726,,,
PL04070,R-HSA-4839726,,,
PL04137,R-HSA-4839726,,,
PL04143,R-HSA-4839726,,,
PL04144,R-HSA-4839726,,,
PL04197,R-HSA-4839726,,,
PL04199,R-HSA-4839726,,,
PL04200,R-HSA-4839726,,,
PL04201,R-HSA-4839726,,,
PL04202,R-HSA-4839726,,,
PL04203,R-HSA-4839726,,,
PL04204,R-HSA-4839726,,,
PL04205,R-HSA-4839726,,,
PL04206,R-HSA-4839726,,,
PL04207,R-HSA-4839726,,,
PL04208,R-HSA-4839726,,,
PL04209,R-HSA-4839726,,,
PL04210,R-HSA-4839726,,,
PL04211,R-HSA-4839726,,,
PL04212,R-HSA-4839726,,,
PL04213,R-HSA-4839726,,,
PL04214,R-HSA-4839726,,,
PL04215,R-HSA-4839726,,,
PL04216,R-HSA-4839726,,,
PADI2,PL04069,,,
PADI2,PL04070,,,
KAT7,PL04137,,,
MSL2,PL04143,,,
HAT1,PL04144,,,
MTA3,PL04197,,,
MTA3,PL04199,,,
MTA3,PL04200,,,
MTA3,PL04201,,,
MTA3,PL04202,,,
MTA3,PL04203,,,
MTA3,PL04204,,,
MTA3,PL04205,,,
MTA3,PL04206,,,
MTA3,PL04207,,,
MTA3,PL04208,,,
MTA3,PL04209,,,
MTA3,PL04210,,,
MTA3,PL04211,,,
MTA3,PL04212,,,
MTA3,PL04213,,,
MTA3,PL04214,,,
MTA3,PL04215,,,
MTA3,PL04216,,,
PL05211,R-HSA-3247509,,,
PL05212,R-HSA-3247509,,,
PL05279,R-HSA-3247509,,,
PL05288,R-HSA-3247509,,,
PL05289,R-HSA-3247509,,,
PADI2,PL05211,,,
PADI2,PL05212,,,
KAT7,PL05279,,,
MSL2,PL05288,,,
HAT1,PL05289,,,
PL00241,R-HSA-74160,,,
PL00242,R-HSA-74160,,,
PL00243,R-HSA-74160,,,
PL00244,R-HSA-74160,,,
PL00245,R-HSA-74160,,,
PL00246,R-HSA-74160,,,
PL00247,R-HSA-74160,,,
PL00249,R-HSA-74160,,,
PL00250,R-HSA-74160,,,
PL00252,R-HSA-74160,,,
PL00253,R-HSA-74160,,,
PL00264,R-HSA-74160,,,
PL00265,R-HSA-74160,,,
PL00266,R-HSA-74160,,,
PL00269,R-HSA-74160,,,
PL00270,R-HSA-74160,,,
PL00272,R-HSA-74160,,,
PL00286,R-HSA-74160,,,
PL00287,R-HSA-74160,,,
PL00302,R-HSA-74160,,,
PL00304,R-HSA-74160,,,
PL00305,R-HSA-74160,,,
PL00306,R-HSA-74160,,,
PL00307,R-HSA-74160,,,
PL00308,R-HSA-74160,,,
PL00309,R-HSA-74160,,,
PL00310,R-HSA-74160,,,
PL00311,R-HSA-74160,,,
PL00312,R-HSA-74160,,,
PL00313,R-HSA-74160,,,
PL00314,R-HSA-74160,,,
PL00315,R-HSA-74160,,,
PL00316,R-HSA-74160,,,
PL00317,R-HSA-74160,,,
PL00318,R-HSA-74160,,,
PL00342,R-HSA-74160,,,
PL00343,R-HSA-74160,,,
PL00344,R-HSA-74160,,,
PL00349,R-HSA-74160,,,
PL00350,R-HSA-74160,,,
PL00351,R-HSA-74160,,,
PL00353,R-HSA-74160,,,
PL00355,R-HSA-74160,,,
PL00356,R-HSA-74160,,,
PL00357,R-HSA-74160,,,
PL00360,R-HSA-74160,,,
PL00361,R-HSA-74160,,,
PL00369,R-HSA-74160,,,
PL00371,R-HSA-74160,,,
PL00375,R-HSA-74160,,,
PL00378,R-HSA-74160,,,
PL00384,R-HSA-74160,,,
PL00390,R-HSA-74160,,,
PL00393,R-HSA-74160,,,
PL00397,R-HSA-74160,,,
PL00398,R-HSA-74160,,,
PL00399,R-HSA-74160,,,
PL00404,R-HSA-74160,,,
PL00405,R-HSA-74160,,,
PL00406,R-HSA-74160,,,
PL00409,R-HSA-74160,,,
PL00410,R-HSA-74160,,,
PL00413,R-HSA-74160,,,
PL00414,R-HSA-74160,,,
PL00415,R-HSA-74160,,,
PL00420,R-HSA-74160,,,
PL00431,R-HSA-74160,,,
PL00433,R-HSA-74160,,,
PL00434,R-HSA-74160,,,
PL00436,R-HSA-74160,,,
PL00442,R-HSA-74160,,,
PL00443,R-HSA-74160,,,
PL00444,R-HSA-74160,,,
PL00465,R-HSA-74160,,,
PL00466,R-HSA-74160,,,
PL00467,R-HSA-74160,,,
PL00468,R-HSA-74160,,,
PL00469,R-HSA-74160,,,
PL00470,R-HSA-74160,,,
PL00471,R-HSA-74160,,,
PL00472,R-HSA-74160,,,
PL00473,R-HSA-74160,,,
PL00474,R-HSA-74160,,,
PL00477,R-HSA-74160,,,
PL00481,R-HSA-74160,,,
PL00482,R-HSA-74160,,,
PL00483,R-HSA-74160,,,
PL00484,R-HSA-74160,,,
PL00485,R-HSA-74160,,,
PL00487,R-HSA-74160,,,
PL00488,R-HSA-74160,,,
PL00489,R-HSA-74160,,,
PL00496,R-HSA-74160,,,
PL00497,R-HSA-74160,,,
PL00498,R-HSA-74160,,,
PL00500,R-HSA-74160,,,
PL00501,R-HSA-74160,,,
PL00502,R-HSA-74160,,,
PL00503,R-HSA-74160,,,
PL00504,R-HSA-74160,,,
PL00505,R-HSA-74160,,,
PL00506,R-HSA-74160,,,
PL00507,R-HSA-74160,,,
PL00508,R-HSA-74160,,,
PL00515,R-HSA-74160,,,
PL00521,R-HSA-74160,,,
PL00557,R-HSA-74160,,,
PL00560,R-HSA-74160,,,
PL00561,R-HSA-74160,,,
PL00562,R-HSA-74160,,,
PL00603,R-HSA-74160,,,
PL00604,R-HSA-74160,,,
PL00609,R-HSA-74160,,,
PL00611,R-HSA-74160,,,
PL00612,R-HSA-74160,,,
PL00636,R-HSA-74160,,,
PL00654,R-HSA-74160,,,
PL00657,R-HSA-74160,,,
PL00658,R-HSA-74160,,,
PL00659,R-HSA-74160,,,
PL00660,R-HSA-74160,,,
PL00661,R-HSA-74160,,,
PL00662,R-HSA-74160,,,
PL00663,R-HSA-74160,,,
PL00727,R-HSA-74160,,,
PL00753,R-HSA-74160,,,
PL00754,R-HSA-74160,,,
PL00755,R-HSA-74160,,,
PL00769,R-HSA-74160,,,
PL00807,R-HSA-74160,,,
PL00839,R-HSA-74160,,,
PL00843,R-HSA-74160,,,
PL00847,R-HSA-74160,,,
PL00848,R-HSA-74160,,,
PL00859,R-HSA-74160,,,
PL00884,R-HSA-74160,,,
PL00893,R-HSA-74160,,,
PL00903,R-HSA-74160,,,
PL00904,R-HSA-74160,,,
PL00960,R-HSA-74160,,,
PL00963,R-HSA-74160,,,
PL00964,R-HSA-74160,,,
PL00976,R-HSA-74160,,,
PL00977,R-HSA-74160,,,
PL00978,R-HSA-74160,,,
PL00979,R-HSA-74160,,,
PL00980,R-HSA-74160,,,
PL00981,R-HSA-74160,,,
PL00982,R-HSA-74160,,,
PL00985,R-HSA-74160,,,
PL01020,R-HSA-74160,,,
PL01032,R-HSA-74160,,,
PL01033,R-HSA-74160,,,
PL01092,R-HSA-74160,,,
PL01093,R-HSA-74160,,,
PL01096,R-HSA-74160,,,
PL01097,R-HSA-74160,,,
PL01098,R-HSA-74160,,,
PL01102,R-HSA-74160,,,
PL01103,R-HSA-74160,,,
PL01113,R-HSA-74160,,,
PL01114,R-HSA-74160,,,
PL01115,R-HSA-74160,,,
PL01116,R-HSA-74160,,,
PL01119,R-HSA-74160,,,
PL01120,R-HSA-74160,,,
PL01122,R-HSA-74160,,,
PL01127,R-HSA-74160,,,
PL01142,R-HSA-74160,,,
PL01149,R-HSA-74160,,,
PL01192,R-HSA-74160,,,
PL01206,R-HSA-74160,,,
PL01215,R-HSA-74160,,,
PL01218,R-HSA-74160,,,
PL01227,R-HSA-74160,,,
PL01242,R-HSA-74160,,,
PL01243,R-HSA-74160,,,
PL01244,R-HSA-74160,,,
PL01245,R-HSA-74160,,,
PL01246,R-HSA-74160,,,
PL01247,R-HSA-74160,,,
PL01249,R-HSA-74160,,,
PL01250,R-HSA-74160,,,
PL01251,R-HSA-74160,,,
PL01252,R-HSA-74160,,,
PL01253,R-HSA-74160,,,
PL01254,R-HSA-74160,,,
PL01255,R-HSA-74160,,,
PL01259,R-HSA-74160,,,
PL01260,R-HSA-74160,,,
PL01261,R-HSA-74160,,,
PL01262,R-HSA-74160,,,
PL01264,R-HSA-74160,,,
PL01265,R-HSA-74160,,,
PL01266,R-HSA-74160,,,
PL01267,R-HSA-74160,,,
PL01268,R-HSA-74160,,,
PL01269,R-HSA-74160,,,
PL01270,R-HSA-74160,,,
PL01273,R-HSA-74160,,,
PL01276,R-HSA-74160,,,
PL01286,R-HSA-74160,,,
PL01291,R-HSA-74160,,,
PL01297,R-HSA-74160,,,
PL01334,R-HSA-74160,,,
PL01340,R-HSA-74160,,,
PL01342,R-HSA-74160,,,
PL01343,R-HSA-74160,,,
PL01344,R-HSA-74160,,,
PL01345,R-HSA-74160,,,
PL01346,R-HSA-74160,,,
PL01347,R-HSA-74160,,,
PL01348,R-HSA-74160,,,
PL01349,R-HSA-74160,,,
PL01350,R-HSA-74160,,,
PL01351,R-HSA-74160,,,
PL01352,R-HSA-74160,,,
PL01353,R-HSA-74160,,,
PL01354,R-HSA-74160,,,
PL01355,R-HSA-74160,,,
PL01359,R-HSA-74160,,,
PL01362,R-HSA-74160,,,
TBP,PL00241,,,
TBP,PL00242,,,
TBP,PL00243,,,
TBP,PL00244,,,
TBP,PL00245,,,
TBP,PL00246,,,
TBP,PL00247,,,
TBP,PL00249,,,
TBP,PL00250,,,
TBP,PL00252,,,
ZNF710,PL00253,,,
ZNF740,PL00253,,,
TBP,PL00264,,,
TBP,PL00265,,,
TSN,PL00266,,,
XPO5,PL00269,,,
XPO5,PL00270,,,
MYBL1,PL00272,,,
DICER1,PL00286,,,
DICER1,PL00287,,,
TBP,PL00302,,,
TBP,PL00304,,,
TBP,PL00305,,,
TBP,PL00306,,,
TBP,PL00307,,,
TBP,PL00308,,,
TBP,PL00309,,,
TBP,PL00310,,,
TBP,PL00311,,,
TBP,PL00312,,,
TBP,PL00313,,,
TBP,PL00314,,,
TBP,PL00315,,,
TBP,PL00316,,,
TBP,PL00317,,,
TBP,PL00318,,,
CBX3,PL00342,,,
MAX,PL00343,,,
CBX3,PL00343,,,
MAX,PL00344,,,
CBX3,PL00344,,,
MAX,PL00349,,,
MAX,PL00350,,,
PHC3,PL00351,,,
CBX3,PL00353,,,
CBX3,PL00355,,,
CBX3,PL00356,,,
CBX3,PL00357,,,
ESR2,PL00360,,,
RARB,PL00360,,,
ESR2,PL00361,,,
RARB,PL00361,,,
HDAC9,PL00369,,,
AGO1,PL00371,,,
ANAPC15,PL00375,,,
TP53,PL00378,,,
CCND1,PL00384,,,
CCND1,PL00390,,,
HIPK2,PL00393,,,
ARID4B,PL00397,,,
ARID4B,PL00398,,,
ARID4B,PL00399,,,
TBP,PL00404,,,
TBP,PL00405,,,
TBP,PL00406,,,
MTA3,PL00409,,,
MTA3,PL00410,,,
CBX5,PL00413,,,
CBX5,PL00414,,,
MTA3,PL00415,,,
UBE2I,PL00420,,,
WDR82,PL00431,,,
DR1,PL00433,,,
DR1,PL00434,,,
WDR82,PL00436,,,
WDR82,PL00442,,,
WDR82,PL00443,,,
WDR82,PL00444,,,
MTA3,PL00465,,,
CBX3,PL00466,,,
CBX3,PL00467,,,
TBP,PL00468,,,
TBP,PL00469,,,
TBP,PL00470,,,
TBP,PL00471,,,
TBP,PL00472,,,
TBP,PL00473,,,
TBP,PL00474,,,
TBP,PL00477,,,
MTA3,PL00481,,,
MTA3,PL00482,,,
TBP,PL00482,,,
TBP,PL00483,,,
TBP,PL00484,,,
TBP,PL00485,,,
TBP,PL00487,,,
TBP,PL00488,,,
TBP,PL00489,,,
TBP,PL00496,,,
TBP,PL00497,,,
TBP,PL00498,,,
TBP,PL00500,,,
TBP,PL00501,,,
TBP,PL00502,,,
TBP,PL00503,,,
TBP,PL00504,,,
TBP,PL00505,,,
TBP,PL00506,,,
TBP,PL00507,,,
TBP,PL00508,,,
YWHAZ,PL00515,,,
PLXNA4,PL00521,,,
BBC3,PL00557,,,
NFYA,PL00560,,,
NFYA,PL00561,,,
NFYA,PL00562,,,
CCND1,PL00603,,,
CCND1,PL00604,,,
SOCS4,PL00609,,,
HIPK2,PL00611,,,
HIPK2,PL00612,,,
OCLN,PL00636,,,
AGO1,PL00654,,,
AGO1,PL00657,,,
AGO1,PL00658,,,
AGO1,PL00659,,,
AGO1,PL00660,,,
AGO1,PL00661,,,
AGO1,PL00662,,,
AGO1,PL00663,,,
CCND1,PL00727,,,
CCND1,PL00753,,,
CCND1,PL00754,,,
CCND1,PL00755,,,
TP53,PL00769,,,
HIPK2,PL00807,,,
TP53,PL00839,,,
TP53,PL00843,,,
TP53,PL00847,,,
TP53,PL00848,,,
LAMTOR3,PL00859,,,
SKP1,PL00884,,,
SKP1,PL00893,,,
PPARGC1B,PL00903,,,
PPARGC1B,PL00904,,,
ATAD2,PL00960,,,
TFAP2B,PL00963,,,
TFAP2B,PL00964,,,
UBE2I,PL00976,,,
UBE2I,PL00977,,,
TFAP2B,PL00977,,,
UBE2I,PL00978,,,
KCTD15,PL00979,,,
TFAP2B,PL00979,,,
KCTD1,PL00980,,,
TFAP2B,PL00980,,,
TFAP2B,PL00981,,,
TFAP2B,PL00982,,,
TFAP2B,PL00985,,,
E2F5,PL01020,,,
E2F5,PL01032,,,
E2F5,PL01033,,,
TP53,PL01092,,,
TP53,PL01093,,,
TP53,PL01096,,,
TBP,PL01097,,,
TBP,PL01098,,,
TP53,PL01098,,,
TP53,PL01102,,,
TP53,PL01103,,,
TP53,PL01113,,,
TP53,PL01114,,,
TP53,PL01115,,,
TP53,PL01116,,,
RPA1,PL01119,,,
TP53,PL01119,,,
TP53,PL01120,,,
TP53,PL01122,,,
TP53,PL01127,,,
TTC5,PL01142,,,
TP53,PL01149,,,
BBC3,PL01192,,,
MAF,PL01206,,,
MAF,PL01215,,,
SATB2,PL01218,,,
MAF,PL01227,,,
PPARGC1B,PL01242,,,
PPARGC1B,PL01243,,,
PPARGC1B,PL01244,,,
PPARGC1B,PL01245,,,
PPARGC1B,PL01246,,,
ELOVL5,PL01247,,,
PPARGC1B,PL01247,,,
PPARGC1B,PL01249,,,
PPARGC1B,PL01250,,,
PPARGC1B,PL01251,,,
PPARGC1B,PL01252,,,
PPARGC1B,PL01253,,,
PPARGC1B,PL01254,,,
PPARGC1B,PL01255,,,
PPARGC1B,PL01259,,,
PPARGC1B,PL01260,,,
PPARGC1B,PL01261,,,
PPARGC1B,PL01262,,,
PPARGC1B,PL01264,,,
SCD,PL01265,,,
PPARGC1B,PL01265,,,
PPARGC1B,PL01266,,,
PPARGC1B,PL01267,,,
PPARGC1B,PL01268,,,
PPARGC1B,PL01269,,,
PPARGC1B,PL01270,,,
PPARGC1B,PL01273,,,
PPARGC1B,PL01276,,,
TP53,PL01286,,,
MDM4,PL01291,,,
TP53,PL01297,,,
PPP2R5C,PL01334,,,
TP53,PL01340,,,
TP53,PL01342,,,
TP53,PL01343,,,
TP53,PL01344,,,
TP53,PL01345,,,
TP53,PL01346,,,
TP53,PL01347,,,
TP53,PL01348,,,
TP53,PL01349,,,
TP53,PL01350,,,
TP53,PL01351,,,
TP53,PL01352,,,
TP53,PL01353,,,
TP53,PL01354,,,
TP53,PL01355,,,
PPP2R5C,PL01359,,,
MDM4,PL01362,,,
PL04260,R-HSA-6794361,,,
SYT12,PL04260,,,
PL07390,R-HSA-4090294,,,
PL07391,R-HSA-4090294,,,
PL07392,R-HSA-4090294,,,
PL07393,R-HSA-4090294,,,
PL07394,R-HSA-4090294,,,
PL07395,R-HSA-4090294,,,
PL07396,R-HSA-4090294,,,
PL07397,R-HSA-4090294,,,
PL07398,R-HSA-4090294,,,
PL07399,R-HSA-4090294,,,
PL07400,R-HSA-4090294,,,
PL07401,R-HSA-4090294,,,
PL07402,R-HSA-4090294,,,
PL07403,R-HSA-4090294,,,
PL07404,R-HSA-4090294,,,
PL07405,R-HSA-4090294,,,
PL07406,R-HSA-4090294,,,
PL07407,R-HSA-4090294,,,
PL07408,R-HSA-4090294,,,
PL07409,R-HSA-4090294,,,
PL07410,R-HSA-4090294,,,
PL07411,R-HSA-4090294,,,
PL07412,R-HSA-4090294,,,
PL07413,R-HSA-4090294,,,
PL07414,R-HSA-4090294,,,
UBE2I,PL07390,,,
UBE2I,PL07391,,,
UBE2I,PL07392,,,
UBE2I,PL07393,,,
UBE2I,PL07394,,,
UBE2I,PL07395,,,
UBE2I,PL07396,,,
UBE2I,PL07397,,,
UBE2I,PL07398,,,
UBE2I,PL07399,,,
UBE2I,PL07400,,,
UBE2I,PL07401,,,
UBE2I,PL07402,,,
UBE2I,PL07403,,,
UBE2I,PL07404,,,
UBE2I,PL07405,,,
UBE2I,PL07406,,,
UBE2I,PL07407,,,
UBE2I,PL07408,,,
UBE2I,PL07409,,,
UBE2I,PL07410,,,
UBE2I,PL07411,,,
UBE2I,PL07412,,,
UBE2I,PL07413,,,
UBE2I,PL07414,,,
PL14792,R-HSA-422475,,,
PL14798,R-HSA-422475,,,
PL14799,R-HSA-422475,,,
PL14826,R-HSA-422475,,,
PL14827,R-HSA-422475,,,
PL14828,R-HSA-422475,,,
PL14829,R-HSA-422475,,,
PL14830,R-HSA-422475,,,
PL14831,R-HSA-422475,,,
PL14832,R-HSA-422475,,,
PL14833,R-HSA-422475,,,
PL14834,R-HSA-422475,,,
PL14838,R-HSA-422475,,,
PL14849,R-HSA-422475,,,
PL14850,R-HSA-422475,,,
PL14851,R-HSA-422475,,,
PL14852,R-HSA-422475,,,
PL14865,R-HSA-422475,,,
PL14866,R-HSA-422475,,,
PL14867,R-HSA-422475,,,
PL14868,R-HSA-422475,,,
PL14869,R-HSA-422475,,,
PL14870,R-HSA-422475,,,
PL14871,R-HSA-422475,,,
PL14872,R-HSA-422475,,,
PL14873,R-HSA-422475,,,
PL14878,R-HSA-422475,,,
PL14879,R-HSA-422475,,,
PL14883,R-HSA-422475,,,
PL14889,R-HSA-422475,,,
PL14890,R-HSA-422475,,,
PL14891,R-HSA-422475,,,
PL14892,R-HSA-422475,,,
PL14893,R-HSA-422475,,,
PL14894,R-HSA-422475,,,
PL14895,R-HSA-422475,,,
PL14896,R-HSA-422475,,,
PL14899,R-HSA-422475,,,
PL14927,R-HSA-422475,,,
PL14928,R-HSA-422475,,,
PL14929,R-HSA-422475,,,
PL14972,R-HSA-422475,,,
PL14973,R-HSA-422475,,,
PL14974,R-HSA-422475,,,
PL14998,R-HSA-422475,,,
PL15008,R-HSA-422475,,,
PL15036,R-HSA-422475,,,
PL15040,R-HSA-422475,,,
EPHB2,PL14792,,,
ENAH,PL14798,,,
ENAH,PL14799,,,
EPHB2,PL14826,,,
EPHB2,PL14827,,,
EPHB2,PL14828,,,
EPHB2,PL14829,,,
EPHB2,PL14830,,,
EPHB2,PL14831,,,
EPHB2,PL14832,,,
EPHB2,PL14833,,,
EPHB2,PL14834,,,
ITSN1,PL14838,,,
ITSN1,PL14849,,,
ITSN1,PL14850,,,
ITSN1,PL14851,,,
ITSN1,PL14852,,,
EPHB2,PL14865,,,
EPHB2,PL14866,,,
EPHB2,PL14867,,,
EPHB2,PL14868,,,
EPHB2,PL14869,,,
NRP1,PL14870,,,
PLXNA4,PL14871,,,
NRP1,PL14871,,,
PLXNA4,PL14872,,,
NRP1,PL14872,,,
PLXNA4,PL14873,,,
NRP1,PL14873,,,
NRP1,PL14878,,,
NRP1,PL14879,,,
PLXNA4,PL14883,,,
PLXNA4,PL14889,,,
NRP1,PL14889,,,
PLXNA4,PL14890,,,
NRP1,PL14890,,,
PLXNA4,PL14891,,,
NRP1,PL14891,,,
PLXNA4,PL14892,,,
NRP1,PL14892,,,
NRP1,PL14893,,,
NRP1,PL14894,,,
NRP1,PL14895,,,
NRP1,PL14896,,,
DLG3,PL14899,,,
NRP1,PL14927,,,
NRP1,PL14928,,,
NRP1,PL14929,,,
RPS3,PL14972,,,
RPL14,PL14972,,,
RPS3,PL14973,,,
RPL14,PL14973,,,
DAG1,PL14974,,,
PAK4,PL14998,,,
ST8SIA2,PL15008,,,
PITPNA,PL15036,,,
PITPNA,PL15040,,,
PL08377,R-HSA-5633007,,,
PL08378,R-HSA-5633007,,,
PL08381,R-HSA-5633007,,,
PL08382,R-HSA-5633007,,,
PL08384,R-HSA-5633007,,,
PL08385,R-HSA-5633007,,,
PL08394,R-HSA-5633007,,,
PL08395,R-HSA-5633007,,,
PL08396,R-HSA-5633007,,,
PL08397,R-HSA-5633007,,,
PL08399,R-HSA-5633007,,,
PL08400,R-HSA-5633007,,,
PL08402,R-HSA-5633007,,,
PL08407,R-HSA-5633007,,,
PL08419,R-HSA-5633007,,,
PL08426,R-HSA-5633007,,,
PL08438,R-HSA-5633007,,,
PL08443,R-HSA-5633007,,,
PL08449,R-HSA-5633007,,,
PL08459,R-HSA-5633007,,,
PL08461,R-HSA-5633007,,,
PL08462,R-HSA-5633007,,,
PL08463,R-HSA-5633007,,,
PL08464,R-HSA-5633007,,,
PL08465,R-HSA-5633007,,,
PL08466,R-HSA-5633007,,,
PL08472,R-HSA-5633007,,,
TP53,PL08377,,,
TP53,PL08378,,,
TP53,PL08381,,,
TP53,PL08382,,,
TP53,PL08384,,,
TP53,PL08385,,,
TP53,PL08394,,,
TP53,PL08395,,,
TP53,PL08396,,,
TP53,PL08397,,,
RPA1,PL08399,,,
TP53,PL08399,,,
TP53,PL08400,,,
TP53,PL08402,,,
TP53,PL08407,,,
TTC5,PL08419,,,
TP53,PL08426,,,
TP53,PL08438,,,
MDM4,PL08443,,,
TP53,PL08449,,,
TP53,PL08459,,,
TP53,PL08461,,,
TP53,PL08462,,,
TP53,PL08463,,,
TP53,PL08464,,,
TP53,PL08465,,,
TP53,PL08466,,,
MDM4,PL08472,,,
PL06685,R-HSA-9675108,,,
PL06691,R-HSA-9675108,,,
PL06692,R-HSA-9675108,,,
PL06727,R-HSA-9675108,,,
PL06733,R-HSA-9675108,,,
PL06734,R-HSA-9675108,,,
PL06761,R-HSA-9675108,,,
PL06762,R-HSA-9675108,,,
PL06763,R-HSA-9675108,,,
PL06764,R-HSA-9675108,,,
PL06765,R-HSA-9675108,,,
PL06766,R-HSA-9675108,,,
PL06767,R-HSA-9675108,,,
PL06768,R-HSA-9675108,,,
PL06769,R-HSA-9675108,,,
PL06773,R-HSA-9675108,,,
PL06784,R-HSA-9675108,,,
PL06785,R-HSA-9675108,,,
PL06786,R-HSA-9675108,,,
PL06787,R-HSA-9675108,,,
PL06800,R-HSA-9675108,,,
PL06801,R-HSA-9675108,,,
PL06802,R-HSA-9675108,,,
PL06803,R-HSA-9675108,,,
PL06804,R-HSA-9675108,,,
PL06805,R-HSA-9675108,,,
PL06806,R-HSA-9675108,,,
PL06807,R-HSA-9675108,,,
PL06808,R-HSA-9675108,,,
PL06813,R-HSA-9675108,,,
PL06814,R-HSA-9675108,,,
PL06818,R-HSA-9675108,,,
PL06824,R-HSA-9675108,,,
PL06825,R-HSA-9675108,,,
PL06826,R-HSA-9675108,,,
PL06827,R-HSA-9675108,,,
PL06828,R-HSA-9675108,,,
PL06829,R-HSA-9675108,,,
PL06830,R-HSA-9675108,,,
PL06831,R-HSA-9675108,,,
PL06834,R-HSA-9675108,,,
PL06862,R-HSA-9675108,,,
PL06863,R-HSA-9675108,,,
PL06864,R-HSA-9675108,,,
PL06907,R-HSA-9675108,,,
PL06908,R-HSA-9675108,,,
PL06909,R-HSA-9675108,,,
PL06933,R-HSA-9675108,,,
PL06943,R-HSA-9675108,,,
PL06971,R-HSA-9675108,,,
PL06975,R-HSA-9675108,,,
HMGCR,PL06685,,,
DAG1,PL06691,,,
DAG1,PL06692,,,
EPHB2,PL06727,,,
ENAH,PL06733,,,
ENAH,PL06734,,,
EPHB2,PL06761,,,
EPHB2,PL06762,,,
EPHB2,PL06763,,,
EPHB2,PL06764,,,
EPHB2,PL06765,,,
EPHB2,PL06766,,,
EPHB2,PL06767,,,
EPHB2,PL06768,,,
EPHB2,PL06769,,,
ITSN1,PL06773,,,
ITSN1,PL06784,,,
ITSN1,PL06785,,,
ITSN1,PL06786,,,
ITSN1,PL06787,,,
EPHB2,PL06800,,,
EPHB2,PL06801,,,
EPHB2,PL06802,,,
EPHB2,PL06803,,,
EPHB2,PL06804,,,
NRP1,PL06805,,,
PLXNA4,PL06806,,,
NRP1,PL06806,,,
PLXNA4,PL06807,,,
NRP1,PL06807,,,
PLXNA4,PL06808,,,
NRP1,PL06808,,,
NRP1,PL06813,,,
NRP1,PL06814,,,
PLXNA4,PL06818,,,
PLXNA4,PL06824,,,
NRP1,PL06824,,,
PLXNA4,PL06825,,,
NRP1,PL06825,,,
PLXNA4,PL06826,,,
NRP1,PL06826,,,
PLXNA4,PL06827,,,
NRP1,PL06827,,,
NRP1,PL06828,,,
NRP1,PL06829,,,
NRP1,PL06830,,,
NRP1,PL06831,,,
DLG3,PL06834,,,
NRP1,PL06862,,,
NRP1,PL06863,,,
NRP1,PL06864,,,
RPS3,PL06907,,,
RPL14,PL06907,,,
RPS3,PL06908,,,
RPL14,PL06908,,,
DAG1,PL06909,,,
PAK4,PL06933,,,
ST8SIA2,PL06943,,,
PITPNA,PL06971,,,
PITPNA,PL06975,,,
PL04392,R-HSA-8856828,,,
PL04393,R-HSA-8856828,,,
PL04394,R-HSA-8856828,,,
PL04395,R-HSA-8856828,,,
PL04396,R-HSA-8856828,,,
PL04397,R-HSA-8856828,,,
PL04398,R-HSA-8856828,,,
PL04399,R-HSA-8856828,,,
PL04400,R-HSA-8856828,,,
PL04401,R-HSA-8856828,,,
PL04402,R-HSA-8856828,,,
PL04403,R-HSA-8856828,,,
PL04404,R-HSA-8856828,,,
PL04405,R-HSA-8856828,,,
PL04406,R-HSA-8856828,,,
PL04409,R-HSA-8856828,,,
PL04410,R-HSA-8856828,,,
PL04414,R-HSA-8856828,,,
PL04415,R-HSA-8856828,,,
PL04422,R-HSA-8856828,,,
PL04424,R-HSA-8856828,,,
ITSN1,PL04392,,,
ITSN1,PL04393,,,
ITSN1,PL04394,,,
ITSN1,PL04395,,,
ITSN1,PL04396,,,
ITSN1,PL04397,,,
ITSN1,PL04398,,,
ITSN1,PL04399,,,
ITSN1,PL04400,,,
ITSN1,PL04401,,,
ITSN1,PL04402,,,
ITSN1,PL04403,,,
ITSN1,PL04404,,,
ITSN1,PL04405,,,
ITSN1,PL04406,,,
ITSN1,PL04409,,,
ITSN1,PL04410,,,
ITSN1,PL04414,,,
ITSN1,PL04415,,,
COPS7B,PL04422,,,
COPS7B,PL04424,,,
PL01597,R-HSA-983169,,,
SEC61A1,PL01597,,,
PL17724,R-HSA-3928662,,,
PL17738,R-HSA-3928662,,,
PL17739,R-HSA-3928662,,,
PL17740,R-HSA-3928662,,,
PL17741,R-HSA-3928662,,,
ITSN1,PL17724,,,
ITSN1,PL17738,,,
ITSN1,PL17739,,,
ITSN1,PL17740,,,
ITSN1,PL17741,,,
PL07603,R-HSA-112316,,,
PL07605,R-HSA-112316,,,
PL07637,R-HSA-112316,,,
PL07652,R-HSA-112316,,,
PL07775,R-HSA-112316,,,
PL07776,R-HSA-112316,,,
PL07777,R-HSA-112316,,,
PL07778,R-HSA-112316,,,
PL07779,R-HSA-112316,,,
KCNAB3,PL07603,,,
SYT12,PL07605,,,
GJC1,PL07637,,,
KCNJ12,PL07652,,,
GNAI1,PL07775,,,
ADCY2,PL07775,,,
GNAI1,PL07776,,,
ADCY2,PL07776,,,
GNAI1,PL07777,,,
ADCY2,PL07777,,,
GNAI1,PL07778,,,
ADCY2,PL07778,,,
GNAI1,PL07779,,,
ADCY2,PL07779,,,
PL01465,R-HSA-5673001,,,
PL01492,R-HSA-5673001,,,
PL01497,R-HSA-5673001,,,
PL01513,R-HSA-5673001,,,
CUL3,PL01465,,,
DUSP8,PL01492,,,
PPP5C,PL01497,,,
DUSP8,PL01513,,,
PL09128,R-HSA-5684996,,,
PL09156,R-HSA-5684996,,,
PL09157,R-HSA-5684996,,,
PL09158,R-HSA-5684996,,,
PL09159,R-HSA-5684996,,,
PL09166,R-HSA-5684996,,,
CUL3,PL09128,,,
DUSP8,PL09156,,,
DUSP8,PL09157,,,
DUSP8,PL09158,,,
DUSP8,PL09159,,,
PPP5C,PL09166,,,
PL12311,R-HSA-9844594,,,
PL00017,R-HSA-9844594,,,
PL12312,R-HSA-9844594,,,
MTA3,PL12311,,,
MTA3,PL00017,,,
MTA3,PL12312,,,
PL08053,R-HSA-9843743,,,
PL08054,R-HSA-9843743,,,
PL08055,R-HSA-9843743,,,
MTA3,PL08053,,,
MTA3,PL08054,,,
MTA3,PL08055,,,
PL02728,R-HSA-8934593,,,
PL02729,R-HSA-8934593,,,
PL02730,R-HSA-8934593,,,
PL00017,R-HSA-8934593,,,
PL02731,R-HSA-8934593,,,
PL02732,R-HSA-8934593,,,
AGO1,PL02728,,,
AGO1,PL02729,,,
AGO1,PL02730,,,
AGO1,PL00017,,,
AGO1,PL02731,,,
AGO1,PL02732,,,
PL19081,R-HSA-1660499,,,
PL19082,R-HSA-1660499,,,
MTMR3,PL19081,,,
MTMR3,PL19082,,,
PL05395,R-HSA-418990,,,
PL05397,R-HSA-418990,,,
PL05444,R-HSA-418990,,,
PL05447,R-HSA-418990,,,
PL05448,R-HSA-418990,,,
PL05449,R-HSA-418990,,,
PL05450,R-HSA-418990,,,
PL05524,R-HSA-418990,,,
PL05525,R-HSA-418990,,,
PL05537,R-HSA-418990,,,
PL05538,R-HSA-418990,,,
PL05539,R-HSA-418990,,,
CADM1,PL05395,,,
CADM1,PL05397,,,
HOXC8,PL05444,,,
ZEB2,PL05444,,,
HOXC8,PL05447,,,
HOXC8,PL05448,,,
HOXC8,PL05449,,,
HOXC8,PL05450,,,
ZEB2,PL05524,,,
ZEB2,PL05525,,,
ZEB2,PL05537,,,
ZEB2,PL05538,,,
ZEB2,PL05539,,,
PL12979,R-HSA-6794362,,,
SYT12,PL12979,,,
PL06994,R-HSA-6807070,,,
PL06995,R-HSA-6807070,,,
PL06998,R-HSA-6807070,,,
PL07005,R-HSA-6807070,,,
PL07015,R-HSA-6807070,,,
PL07016,R-HSA-6807070,,,
PL07017,R-HSA-6807070,,,
TP53,PL06994,,,
TP53,PL06995,,,
MTA3,PL06998,,,
MTA3,PL07005,,,
AGO1,PL07015,,,
AGO1,PL07016,,,
AGO1,PL07017,,,
PL17709,R-HSA-9013148,,,
ITSN1,PL17709,,,
PL00095,R-HSA-1655829,,,
PL00096,R-HSA-1655829,,,
PL00097,R-HSA-1655829,,,
PL00098,R-HSA-1655829,,,
PL00100,R-HSA-1655829,,,
PL00101,R-HSA-1655829,,,
PL00102,R-HSA-1655829,,,
PL00105,R-HSA-1655829,,,
PL00108,R-HSA-1655829,,,
PL00110,R-HSA-1655829,,,
PL00111,R-HSA-1655829,,,
PL00112,R-HSA-1655829,,,
PL00113,R-HSA-1655829,,,
PL00114,R-HSA-1655829,,,
PL00115,R-HSA-1655829,,,
PL00116,R-HSA-1655829,,,
PL00117,R-HSA-1655829,,,
PL00118,R-HSA-1655829,,,
PL00119,R-HSA-1655829,,,
PL00121,R-HSA-1655829,,,
PL00122,R-HSA-1655829,,,
PL00123,R-HSA-1655829,,,
PL00124,R-HSA-1655829,,,
PL00125,R-HSA-1655829,,,
PL00126,R-HSA-1655829,,,
PL00127,R-HSA-1655829,,,
PL00128,R-HSA-1655829,,,
PL00129,R-HSA-1655829,,,
PL00130,R-HSA-1655829,,,
PL00131,R-HSA-1655829,,,
NFYA,PL00095,,,
NFYA,PL00096,,,
NFYA,PL00097,,,
NFYA,PL00098,,,
NFYA,PL00100,,,
NFYA,PL00101,,,
NFYA,PL00102,,,
NFYA,PL00105,,,
NFYA,PL00108,,,
NFYA,PL00110,,,
NFYA,PL00111,,,
NFYA,PL00112,,,
NFYA,PL00113,,,
NFYA,PL00114,,,
NFYA,PL00115,,,
NFYA,PL00116,,,
NFYA,PL00117,,,
NFYA,PL00118,,,
NFYA,PL00119,,,
NFYA,PL00121,,,
NFYA,PL00122,,,
NFYA,PL00123,,,
NFYA,PL00124,,,
NFYA,PL00125,,,
NFYA,PL00126,,,
NFYA,PL00127,,,
NFYA,PL00128,,,
NFYA,PL00129,,,
NFYA,PL00130,,,
NFYA,PL00131,,,
PL12341,R-HSA-1538133,,,
PL12344,R-HSA-1538133,,,
PL12350,R-HSA-1538133,,,
PL12355,R-HSA-1538133,,,
PL12356,R-HSA-1538133,,,
PL12357,R-HSA-1538133,,,
PL12358,R-HSA-1538133,,,
PL12359,R-HSA-1538133,,,
PL12360,R-HSA-1538133,,,
PL12361,R-HSA-1538133,,,
PL12362,R-HSA-1538133,,,
PL12363,R-HSA-1538133,,,
PL12364,R-HSA-1538133,,,
PL12365,R-HSA-1538133,,,
PL12366,R-HSA-1538133,,,
E2F5,PL12341,,,
E2F5,PL12344,,,
MAX,PL12350,,,
E2F5,PL12355,,,
E2F5,PL12356,,,
E2F5,PL12357,,,
E2F5,PL12358,,,
E2F5,PL12359,,,
E2F5,PL12360,,,
E2F5,PL12361,,,
E2F5,PL12362,,,
E2F5,PL12363,,,
E2F5,PL12364,,,
E2F5,PL12365,,,
E2F5,PL12366,,,
PL05715,R-HSA-6811442,,,
PL05716,R-HSA-6811442,,,
PL05721,R-HSA-6811442,,,
PL05723,R-HSA-6811442,,,
PL05724,R-HSA-6811442,,,
PL05737,R-HSA-6811442,,,
PL05739,R-HSA-6811442,,,
GOSR1,PL05715,,,
GOSR1,PL05716,,,
GOSR1,PL05721,,,
GOSR1,PL05723,,,
GOSR1,PL05724,,,
DYNLL2,PL05737,,,
DYNLL2,PL05739,,,
PL08717,R-HSA-8953750,,,
PL08718,R-HSA-8953750,,,
PL08719,R-HSA-8953750,,,
PL08728,R-HSA-8953750,,,
PL08729,R-HSA-8953750,,,
MAX,PL08717,,,
MAX,PL08718,,,
CBX5,PL08719,,,
MAX,PL08728,,,
MAX,PL08729,,,
PL05007,R-HSA-2173793,,,
PL05023,R-HSA-2173793,,,
PL05024,R-HSA-2173793,,,
E2F5,PL05007,,,
E2F5,PL05023,,,
E2F5,PL05024,,,
PL05774,R-HSA-2682334,,,
PL05786,R-HSA-2682334,,,
PL05787,R-HSA-2682334,,,
PL05788,R-HSA-2682334,,,
PL05789,R-HSA-2682334,,,
ITSN1,PL05774,,,
ITSN1,PL05786,,,
ITSN1,PL05787,,,
ITSN1,PL05788,,,
ITSN1,PL05789,,,
PL15276,R-HSA-73857,,,
PL15277,R-HSA-73857,,,
PL15278,R-HSA-73857,,,
PL15279,R-HSA-73857,,,
PL15280,R-HSA-73857,,,
PL15281,R-HSA-73857,,,
PL15282,R-HSA-73857,,,
PL15284,R-HSA-73857,,,
PL15285,R-HSA-73857,,,
PL15286,R-HSA-73857,,,
PL15288,R-HSA-73857,,,
PL15292,R-HSA-73857,,,
PL15294,R-HSA-73857,,,
PL15295,R-HSA-73857,,,
PL15296,R-HSA-73857,,,
PL15297,R-HSA-73857,,,
PL15298,R-HSA-73857,,,
PL15299,R-HSA-73857,,,
PL15300,R-HSA-73857,,,
PL15301,R-HSA-73857,,,
PL15302,R-HSA-73857,,,
PL15303,R-HSA-73857,,,
PL15304,R-HSA-73857,,,
PL15305,R-HSA-73857,,,
PL15306,R-HSA-73857,,,
PL15307,R-HSA-73857,,,
PL15308,R-HSA-73857,,,
PL15329,R-HSA-73857,,,
PL15330,R-HSA-73857,,,
PL15331,R-HSA-73857,,,
PL15332,R-HSA-73857,,,
PL15336,R-HSA-73857,,,
PL15337,R-HSA-73857,,,
PL15338,R-HSA-73857,,,
PL15340,R-HSA-73857,,,
PL15342,R-HSA-73857,,,
PL15343,R-HSA-73857,,,
PL15344,R-HSA-73857,,,
PL15347,R-HSA-73857,,,
PL15348,R-HSA-73857,,,
PL15358,R-HSA-73857,,,
PL15362,R-HSA-73857,,,
PL15365,R-HSA-73857,,,
PL15371,R-HSA-73857,,,
PL15377,R-HSA-73857,,,
PL15380,R-HSA-73857,,,
PL15393,R-HSA-73857,,,
PL15429,R-HSA-73857,,,
PL15432,R-HSA-73857,,,
PL15433,R-HSA-73857,,,
PL15434,R-HSA-73857,,,
PL15475,R-HSA-73857,,,
PL15476,R-HSA-73857,,,
PL15481,R-HSA-73857,,,
PL15483,R-HSA-73857,,,
PL15484,R-HSA-73857,,,
PL15507,R-HSA-73857,,,
PL15525,R-HSA-73857,,,
PL15526,R-HSA-73857,,,
PL15527,R-HSA-73857,,,
PL15528,R-HSA-73857,,,
PL15529,R-HSA-73857,,,
PL15530,R-HSA-73857,,,
PL15531,R-HSA-73857,,,
PL15532,R-HSA-73857,,,
PL15597,R-HSA-73857,,,
PL15623,R-HSA-73857,,,
PL15624,R-HSA-73857,,,
PL15625,R-HSA-73857,,,
PL15639,R-HSA-73857,,,
PL15677,R-HSA-73857,,,
PL15709,R-HSA-73857,,,
PL15713,R-HSA-73857,,,
PL15717,R-HSA-73857,,,
PL15718,R-HSA-73857,,,
PL15729,R-HSA-73857,,,
PL15754,R-HSA-73857,,,
PL15764,R-HSA-73857,,,
PL15773,R-HSA-73857,,,
PL15774,R-HSA-73857,,,
PL15829,R-HSA-73857,,,
PL15832,R-HSA-73857,,,
PL15833,R-HSA-73857,,,
PL15845,R-HSA-73857,,,
PL15846,R-HSA-73857,,,
PL15847,R-HSA-73857,,,
PL15848,R-HSA-73857,,,
PL15849,R-HSA-73857,,,
PL15850,R-HSA-73857,,,
PL15851,R-HSA-73857,,,
PL15854,R-HSA-73857,,,
PL15889,R-HSA-73857,,,
PL15901,R-HSA-73857,,,
PL15902,R-HSA-73857,,,
PL15961,R-HSA-73857,,,
PL15962,R-HSA-73857,,,
PL15965,R-HSA-73857,,,
PL15966,R-HSA-73857,,,
PL15967,R-HSA-73857,,,
PL15971,R-HSA-73857,,,
PL15972,R-HSA-73857,,,
PL15982,R-HSA-73857,,,
PL15983,R-HSA-73857,,,
PL15984,R-HSA-73857,,,
PL15985,R-HSA-73857,,,
PL15988,R-HSA-73857,,,
PL15989,R-HSA-73857,,,
PL15991,R-HSA-73857,,,
PL15996,R-HSA-73857,,,
PL16011,R-HSA-73857,,,
PL16018,R-HSA-73857,,,
PL16061,R-HSA-73857,,,
PL16076,R-HSA-73857,,,
PL16085,R-HSA-73857,,,
PL16088,R-HSA-73857,,,
PL16100,R-HSA-73857,,,
PL16120,R-HSA-73857,,,
PL16125,R-HSA-73857,,,
PL16131,R-HSA-73857,,,
PL16174,R-HSA-73857,,,
PL16176,R-HSA-73857,,,
PL16177,R-HSA-73857,,,
PL16178,R-HSA-73857,,,
PL16179,R-HSA-73857,,,
PL16180,R-HSA-73857,,,
PL16181,R-HSA-73857,,,
PL16182,R-HSA-73857,,,
PL16183,R-HSA-73857,,,
PL16184,R-HSA-73857,,,
PL16185,R-HSA-73857,,,
PL16186,R-HSA-73857,,,
PL16187,R-HSA-73857,,,
PL16188,R-HSA-73857,,,
PL16189,R-HSA-73857,,,
PL16196,R-HSA-73857,,,
TBP,PL15276,,,
TBP,PL15277,,,
TBP,PL15278,,,
TBP,PL15279,,,
TBP,PL15280,,,
TBP,PL15281,,,
TBP,PL15282,,,
TBP,PL15284,,,
TBP,PL15285,,,
TBP,PL15286,,,
ZNF710,PL15288,,,
ZNF740,PL15288,,,
TBP,PL15292,,,
TBP,PL15294,,,
TBP,PL15295,,,
TBP,PL15296,,,
TBP,PL15297,,,
TBP,PL15298,,,
TBP,PL15299,,,
TBP,PL15300,,,
TBP,PL15301,,,
TBP,PL15302,,,
TBP,PL15303,,,
TBP,PL15304,,,
TBP,PL15305,,,
TBP,PL15306,,,
TBP,PL15307,,,
TBP,PL15308,,,
CBX3,PL15329,,,
MAX,PL15330,,,
CBX3,PL15330,,,
MAX,PL15331,,,
CBX3,PL15331,,,
CBX5,PL15332,,,
MAX,PL15336,,,
MAX,PL15337,,,
PHC3,PL15338,,,
CBX3,PL15340,,,
CBX3,PL15342,,,
CBX3,PL15343,,,
CBX3,PL15344,,,
RARB,PL15347,,,
RARB,PL15348,,,
AGO1,PL15358,,,
ANAPC15,PL15362,,,
TP53,PL15365,,,
CCND1,PL15371,,,
CCND1,PL15377,,,
HIPK2,PL15380,,,
PLXNA4,PL15393,,,
BBC3,PL15429,,,
NFYA,PL15432,,,
NFYA,PL15433,,,
NFYA,PL15434,,,
CCND1,PL15475,,,
CCND1,PL15476,,,
SOCS4,PL15481,,,
HIPK2,PL15483,,,
HIPK2,PL15484,,,
OCLN,PL15507,,,
AGO1,PL15525,,,
AGO1,PL15526,,,
AGO1,PL15527,,,
AGO1,PL15528,,,
AGO1,PL15529,,,
AGO1,PL15530,,,
AGO1,PL15531,,,
AGO1,PL15532,,,
CCND1,PL15597,,,
CCND1,PL15623,,,
CCND1,PL15624,,,
CCND1,PL15625,,,
TP53,PL15639,,,
HIPK2,PL15677,,,
TP53,PL15709,,,
TP53,PL15713,,,
TP53,PL15717,,,
TP53,PL15718,,,
LAMTOR3,PL15729,,,
SKP1,PL15754,,,
SKP1,PL15764,,,
PPARGC1B,PL15773,,,
PPARGC1B,PL15774,,,
ATAD2,PL15829,,,
TFAP2B,PL15832,,,
TFAP2B,PL15833,,,
UBE2I,PL15845,,,
UBE2I,PL15846,,,
TFAP2B,PL15846,,,
UBE2I,PL15847,,,
KCTD15,PL15848,,,
TFAP2B,PL15848,,,
KCTD1,PL15849,,,
TFAP2B,PL15849,,,
TFAP2B,PL15850,,,
TFAP2B,PL15851,,,
TFAP2B,PL15854,,,
E2F5,PL15889,,,
E2F5,PL15901,,,
E2F5,PL15902,,,
TP53,PL15961,,,
TP53,PL15962,,,
TP53,PL15965,,,
TBP,PL15966,,,
TBP,PL15967,,,
TP53,PL15967,,,
TP53,PL15971,,,
TP53,PL15972,,,
TP53,PL15982,,,
TP53,PL15983,,,
TP53,PL15984,,,
TP53,PL15985,,,
RPA1,PL15988,,,
TP53,PL15988,,,
TP53,PL15989,,,
TP53,PL15991,,,
TP53,PL15996,,,
TTC5,PL16011,,,
TP53,PL16018,,,
BBC3,PL16061,,,
MAF,PL16076,,,
MAF,PL16085,,,
SATB2,PL16088,,,
MAF,PL16100,,,
TP53,PL16120,,,
MDM4,PL16125,,,
TP53,PL16131,,,
TP53,PL16174,,,
TP53,PL16176,,,
TP53,PL16177,,,
TP53,PL16178,,,
TP53,PL16179,,,
TP53,PL16180,,,
TP53,PL16181,,,
TP53,PL16182,,,
TP53,PL16183,,,
TP53,PL16184,,,
TP53,PL16185,,,
TP53,PL16186,,,
TP53,PL16187,,,
TP53,PL16188,,,
TP53,PL16189,,,
MDM4,PL16196,,,
PL04217,R-HSA-9013149,,,
TIAM2,PL04217,,,
PL04295,R-HSA-163685,,,
PL04348,R-HSA-163685,,,
PL04349,R-HSA-163685,,,
PL04350,R-HSA-163685,,,
GNAI1,PL04295,,,
GNAI1,PL04348,,,
GNAI1,PL04349,,,
GNAI1,PL04350,,,
PL19103,R-HSA-6804757,,,
PL19109,R-HSA-6804757,,,
PL14237,R-HSA-6804757,,,
PL14236,R-HSA-6804757,,,
PL19116,R-HSA-6804757,,,
PL19117,R-HSA-6804757,,,
PL14228,R-HSA-6804757,,,
PL19118,R-HSA-6804757,,,
PL19124,R-HSA-6804757,,,
MDM4,PL19103,,,
TP53,PL19109,,,
TP53,PL14237,,,
TP53,PL14236,,,
TP53,PL19116,,,
TP53,PL19117,,,
TP53,PL14228,,,
TP53,PL19118,,,
MDM4,PL19124,,,
PL03026,R-HSA-3700989,,,
PL03030,R-HSA-3700989,,,
PL03034,R-HSA-3700989,,,
PL03035,R-HSA-3700989,,,
PL03045,R-HSA-3700989,,,
PL03090,R-HSA-3700989,,,
PL03091,R-HSA-3700989,,,
PL03094,R-HSA-3700989,,,
PL03095,R-HSA-3700989,,,
PL03097,R-HSA-3700989,,,
PL03098,R-HSA-3700989,,,
PL03107,R-HSA-3700989,,,
PL03108,R-HSA-3700989,,,
PL03109,R-HSA-3700989,,,
PL03110,R-HSA-3700989,,,
PL03113,R-HSA-3700989,,,
PL03114,R-HSA-3700989,,,
PL03116,R-HSA-3700989,,,
PL03121,R-HSA-3700989,,,
PL03135,R-HSA-3700989,,,
PL03142,R-HSA-3700989,,,
PL03184,R-HSA-3700989,,,
PL03203,R-HSA-3700989,,,
PL03208,R-HSA-3700989,,,
PL03214,R-HSA-3700989,,,
PL03256,R-HSA-3700989,,,
PL03258,R-HSA-3700989,,,
PL03259,R-HSA-3700989,,,
PL03260,R-HSA-3700989,,,
PL03261,R-HSA-3700989,,,
PL03262,R-HSA-3700989,,,
PL03263,R-HSA-3700989,,,
PL03264,R-HSA-3700989,,,
PL03265,R-HSA-3700989,,,
PL03266,R-HSA-3700989,,,
PL03267,R-HSA-3700989,,,
PL03268,R-HSA-3700989,,,
PL03269,R-HSA-3700989,,,
PL03270,R-HSA-3700989,,,
PL03271,R-HSA-3700989,,,
PL03277,R-HSA-3700989,,,
TP53,PL03026,,,
TP53,PL03030,,,
TP53,PL03034,,,
TP53,PL03035,,,
LAMTOR3,PL03045,,,
TP53,PL03090,,,
TP53,PL03091,,,
TP53,PL03094,,,
TBP,PL03095,,,
TP53,PL03095,,,
TP53,PL03097,,,
TP53,PL03098,,,
TP53,PL03107,,,
TP53,PL03108,,,
TP53,PL03109,,,
TP53,PL03110,,,
RPA1,PL03113,,,
TP53,PL03113,,,
TP53,PL03114,,,
TP53,PL03116,,,
TP53,PL03121,,,
TTC5,PL03135,,,
TP53,PL03142,,,
BBC3,PL03184,,,
TP53,PL03203,,,
MDM4,PL03208,,,
TP53,PL03214,,,
TP53,PL03256,,,
TP53,PL03258,,,
TP53,PL03259,,,
TP53,PL03260,,,
TP53,PL03261,,,
TP53,PL03262,,,
TP53,PL03263,,,
TP53,PL03264,,,
TP53,PL03265,,,
TP53,PL03266,,,
TP53,PL03267,,,
TP53,PL03268,,,
TP53,PL03269,,,
TP53,PL03270,,,
TP53,PL03271,,,
MDM4,PL03277,,,
PL12281,R-HSA-112315,,,
PL12282,R-HSA-112315,,,
PL12283,R-HSA-112315,,,
PL12284,R-HSA-112315,,,
PL12285,R-HSA-112315,,,
GNAI1,PL12281,,,
ADCY2,PL12281,,,
GNAI1,PL12282,,,
ADCY2,PL12282,,,
GNAI1,PL12283,,,
ADCY2,PL12283,,,
GNAI1,PL12284,,,
ADCY2,PL12284,,,
GNAI1,PL12285,,,
ADCY2,PL12285,,,
PL01638,R-HSA-194306,,,
NRP1,PL01638,,,
PL01809,R-HSA-1362277,,,
PL09188,R-HSA-1362277,,,
PL09189,R-HSA-1362277,,,
PL09190,R-HSA-1362277,,,
PL00017,R-HSA-1362277,,,
PL09191,R-HSA-1362277,,,
PL09192,R-HSA-1362277,,,
PL09193,R-HSA-1362277,,,
PL09194,R-HSA-1362277,,,
PL09195,R-HSA-1362277,,,
PL09196,R-HSA-1362277,,,
MAX,PL01809,,,
E2F5,PL09188,,,
E2F5,PL09189,,,
E2F5,PL09190,,,
E2F5,PL00017,,,
E2F5,PL09191,,,
E2F5,PL09192,,,
E2F5,PL09193,,,
E2F5,PL09194,,,
E2F5,PL09195,,,
E2F5,PL09196,,,
PL18898,R-HSA-373760,,,
PL18899,R-HSA-373760,,,
NRP1,PL18898,,,
NRP1,PL18899,,,
PL16292,R-HSA-6806003,,,
PL16297,R-HSA-6806003,,,
PL16303,R-HSA-6806003,,,
PL16312,R-HSA-6806003,,,
PL16314,R-HSA-6806003,,,
PL16315,R-HSA-6806003,,,
PL16316,R-HSA-6806003,,,
PL16317,R-HSA-6806003,,,
PL16318,R-HSA-6806003,,,
PL16319,R-HSA-6806003,,,
PL16325,R-HSA-6806003,,,
TP53,PL16292,,,
MDM4,PL16297,,,
TP53,PL16303,,,
TP53,PL16312,,,
TP53,PL16314,,,
TP53,PL16315,,,
TP53,PL16316,,,
TP53,PL16317,,,
TP53,PL16318,,,
TP53,PL16319,,,
MDM4,PL16325,,,
PL14228,R-HSA-2559585,,,
PL14236,R-HSA-2559585,,,
PL14237,R-HSA-2559585,,,
PL14239,R-HSA-2559585,,,
PL03013,R-HSA-2559585,,,
PL03018,R-HSA-2559585,,,
AGO1,PL14239,,,
AGO1,PL03013,,,
AGO1,PL03018,,,
PL17901,R-HSA-8943724,,,
PL01809,R-HSA-8943724,,,
PL00017,R-HSA-8943724,,,
PL17910,R-HSA-8943724,,,
TP53,PL17901,,,
TP53,PL01809,,,
MTA3,PL17910,,,
PL04228,R-HSA-9764260,,,
PL04232,R-HSA-9764260,,,
PL04233,R-HSA-9764260,,,
PL04234,R-HSA-9764260,,,
PL04235,R-HSA-9764260,,,
PL04238,R-HSA-9764260,,,
PL04239,R-HSA-9764260,,,
HOXC8,PL04228,,,
ZEB2,PL04228,,,
HOXC8,PL04232,,,
HOXC8,PL04233,,,
HOXC8,PL04234,,,
HOXC8,PL04235,,,
ZEB2,PL04238,,,
ZEB2,PL04239,,,
PL06366,R-HSA-170834,,,
PL06378,R-HSA-170834,,,
PL06379,R-HSA-170834,,,
E2F5,PL06366,,,
E2F5,PL06378,,,
E2F5,PL06379,,,
PL04505,R-HSA-9759476,,,
PL04508,R-HSA-9759476,,,
PL04509,R-HSA-9759476,,,
PL04510,R-HSA-9759476,,,
PL04511,R-HSA-9759476,,,
PL04576,R-HSA-9759476,,,
PL04577,R-HSA-9759476,,,
PL04589,R-HSA-9759476,,,
PL04590,R-HSA-9759476,,,
PL04591,R-HSA-9759476,,,
HOXC8,PL04505,,,
ZEB2,PL04505,,,
HOXC8,PL04508,,,
HOXC8,PL04509,,,
HOXC8,PL04510,,,
HOXC8,PL04511,,,
ZEB2,PL04576,,,
ZEB2,PL04577,,,
ZEB2,PL04589,,,
ZEB2,PL04590,,,
ZEB2,PL04591,,,
PL05806,R-HSA-212436,,,
PL05811,R-HSA-212436,,,
PL05812,R-HSA-212436,,,
PL05813,R-HSA-212436,,,
PL05814,R-HSA-212436,,,
PL05818,R-HSA-212436,,,
PL05819,R-HSA-212436,,,
PL05820,R-HSA-212436,,,
PL05822,R-HSA-212436,,,
PL05824,R-HSA-212436,,,
PL05825,R-HSA-212436,,,
PL05826,R-HSA-212436,,,
PL05829,R-HSA-212436,,,
PL05830,R-HSA-212436,,,
PL05840,R-HSA-212436,,,
PL05844,R-HSA-212436,,,
PL05847,R-HSA-212436,,,
PL05853,R-HSA-212436,,,
PL05859,R-HSA-212436,,,
PL05862,R-HSA-212436,,,
PL05875,R-HSA-212436,,,
PL05911,R-HSA-212436,,,
PL05914,R-HSA-212436,,,
PL05915,R-HSA-212436,,,
PL05916,R-HSA-212436,,,
PL05957,R-HSA-212436,,,
PL05958,R-HSA-212436,,,
PL05963,R-HSA-212436,,,
PL05965,R-HSA-212436,,,
PL05966,R-HSA-212436,,,
PL05989,R-HSA-212436,,,
PL06007,R-HSA-212436,,,
PL06008,R-HSA-212436,,,
PL06009,R-HSA-212436,,,
PL06010,R-HSA-212436,,,
PL06011,R-HSA-212436,,,
PL06012,R-HSA-212436,,,
PL06013,R-HSA-212436,,,
PL06014,R-HSA-212436,,,
PL06079,R-HSA-212436,,,
PL06105,R-HSA-212436,,,
PL06106,R-HSA-212436,,,
PL06107,R-HSA-212436,,,
PL06121,R-HSA-212436,,,
PL06159,R-HSA-212436,,,
PL06191,R-HSA-212436,,,
PL06195,R-HSA-212436,,,
PL06199,R-HSA-212436,,,
PL06200,R-HSA-212436,,,
PL06211,R-HSA-212436,,,
PL06231,R-HSA-212436,,,
PL06241,R-HSA-212436,,,
PL06306,R-HSA-212436,,,
PL06309,R-HSA-212436,,,
PL06310,R-HSA-212436,,,
PL06322,R-HSA-212436,,,
PL06323,R-HSA-212436,,,
PL06324,R-HSA-212436,,,
PL06325,R-HSA-212436,,,
PL06326,R-HSA-212436,,,
PL06327,R-HSA-212436,,,
PL06328,R-HSA-212436,,,
PL06331,R-HSA-212436,,,
PL06366,R-HSA-212436,,,
PL06378,R-HSA-212436,,,
PL06379,R-HSA-212436,,,
PL06438,R-HSA-212436,,,
PL06439,R-HSA-212436,,,
PL06442,R-HSA-212436,,,
PL06443,R-HSA-212436,,,
PL06447,R-HSA-212436,,,
PL06448,R-HSA-212436,,,
PL06457,R-HSA-212436,,,
PL06458,R-HSA-212436,,,
PL06459,R-HSA-212436,,,
PL06460,R-HSA-212436,,,
PL06463,R-HSA-212436,,,
PL06464,R-HSA-212436,,,
PL06466,R-HSA-212436,,,
PL06471,R-HSA-212436,,,
PL06486,R-HSA-212436,,,
PL06493,R-HSA-212436,,,
PL06536,R-HSA-212436,,,
PL06551,R-HSA-212436,,,
PL06560,R-HSA-212436,,,
PL06563,R-HSA-212436,,,
PL06575,R-HSA-212436,,,
PL06595,R-HSA-212436,,,
PL06600,R-HSA-212436,,,
PL06606,R-HSA-212436,,,
PL06649,R-HSA-212436,,,
PL06651,R-HSA-212436,,,
PL06652,R-HSA-212436,,,
PL06653,R-HSA-212436,,,
PL06654,R-HSA-212436,,,
PL06655,R-HSA-212436,,,
PL06656,R-HSA-212436,,,
PL06657,R-HSA-212436,,,
PL06658,R-HSA-212436,,,
PL06659,R-HSA-212436,,,
PL06660,R-HSA-212436,,,
PL06661,R-HSA-212436,,,
PL06662,R-HSA-212436,,,
PL06663,R-HSA-212436,,,
PL06664,R-HSA-212436,,,
PL06671,R-HSA-212436,,,
ZNF710,PL05806,,,
ZNF740,PL05806,,,
CBX3,PL05811,,,
MAX,PL05812,,,
CBX3,PL05812,,,
MAX,PL05813,,,
CBX3,PL05813,,,
CBX5,PL05814,,,
MAX,PL05818,,,
MAX,PL05819,,,
PHC3,PL05820,,,
CBX3,PL05822,,,
CBX3,PL05824,,,
CBX3,PL05825,,,
CBX3,PL05826,,,
RARB,PL05829,,,
RARB,PL05830,,,
AGO1,PL05840,,,
ANAPC15,PL05844,,,
TP53,PL05847,,,
CCND1,PL05853,,,
CCND1,PL05859,,,
HIPK2,PL05862,,,
PLXNA4,PL05875,,,
BBC3,PL05911,,,
NFYA,PL05914,,,
NFYA,PL05915,,,
NFYA,PL05916,,,
CCND1,PL05957,,,
CCND1,PL05958,,,
SOCS4,PL05963,,,
HIPK2,PL05965,,,
HIPK2,PL05966,,,
OCLN,PL05989,,,
AGO1,PL06007,,,
AGO1,PL06008,,,
AGO1,PL06009,,,
AGO1,PL06010,,,
AGO1,PL06011,,,
AGO1,PL06012,,,
AGO1,PL06013,,,
AGO1,PL06014,,,
CCND1,PL06079,,,
CCND1,PL06105,,,
CCND1,PL06106,,,
CCND1,PL06107,,,
TP53,PL06121,,,
HIPK2,PL06159,,,
TP53,PL06191,,,
TP53,PL06195,,,
TP53,PL06199,,,
TP53,PL06200,,,
LAMTOR3,PL06211,,,
SKP1,PL06231,,,
SKP1,PL06241,,,
ATAD2,PL06306,,,
TFAP2B,PL06309,,,
TFAP2B,PL06310,,,
UBE2I,PL06322,,,
UBE2I,PL06323,,,
TFAP2B,PL06323,,,
UBE2I,PL06324,,,
KCTD15,PL06325,,,
TFAP2B,PL06325,,,
KCTD1,PL06326,,,
TFAP2B,PL06326,,,
TFAP2B,PL06327,,,
TFAP2B,PL06328,,,
TFAP2B,PL06331,,,
TP53,PL06438,,,
TP53,PL06439,,,
TP53,PL06442,,,
TBP,PL06443,,,
TP53,PL06443,,,
TP53,PL06447,,,
TP53,PL06448,,,
TP53,PL06457,,,
TP53,PL06458,,,
TP53,PL06459,,,
TP53,PL06460,,,
RPA1,PL06463,,,
TP53,PL06463,,,
TP53,PL06464,,,
TP53,PL06466,,,
TP53,PL06471,,,
TTC5,PL06486,,,
TP53,PL06493,,,
BBC3,PL06536,,,
MAF,PL06551,,,
MAF,PL06560,,,
SATB2,PL06563,,,
MAF,PL06575,,,
TP53,PL06595,,,
MDM4,PL06600,,,
TP53,PL06606,,,
TP53,PL06649,,,
TP53,PL06651,,,
TP53,PL06652,,,
TP53,PL06653,,,
TP53,PL06654,,,
TP53,PL06655,,,
TP53,PL06656,,,
TP53,PL06657,,,
TP53,PL06658,,,
TP53,PL06659,,,
TP53,PL06660,,,
TP53,PL06661,,,
TP53,PL06662,,,
TP53,PL06663,,,
TP53,PL06664,,,
MDM4,PL06671,,,
PL02974,R-HSA-6804760,,,
PL02981,R-HSA-6804760,,,
TTC5,PL02974,,,
TP53,PL02981,,,
PL00207,R-HSA-112314,,,
PL00208,R-HSA-112314,,,
PL00209,R-HSA-112314,,,
PL00210,R-HSA-112314,,,
PL00211,R-HSA-112314,,,
GNAI1,PL00207,,,
ADCY2,PL00207,,,
GNAI1,PL00208,,,
ADCY2,PL00208,,,
GNAI1,PL00209,,,
ADCY2,PL00209,,,
GNAI1,PL00210,,,
ADCY2,PL00210,,,
GNAI1,PL00211,,,
ADCY2,PL00211,,,
PL14739,R-HSA-982772,,,
PL14740,R-HSA-982772,,,
PL14742,R-HSA-982772,,,
PL14743,R-HSA-982772,,,
PL14744,R-HSA-982772,,,
PL14745,R-HSA-982772,,,
PL14746,R-HSA-982772,,,
PL14747,R-HSA-982772,,,
PL14748,R-HSA-982772,,,
PL14749,R-HSA-982772,,,
PL14750,R-HSA-982772,,,
PL14751,R-HSA-982772,,,
PL14752,R-HSA-982772,,,
PL14753,R-HSA-982772,,,
PL14754,R-HSA-982772,,,
PL14755,R-HSA-982772,,,
PL14756,R-HSA-982772,,,
PL14757,R-HSA-982772,,,
PL14758,R-HSA-982772,,,
PL14759,R-HSA-982772,,,
PL14760,R-HSA-982772,,,
PL14761,R-HSA-982772,,,
PL14762,R-HSA-982772,,,
PL14763,R-HSA-982772,,,
GHR,PL14739,,,
GHR,PL14740,,,
GHR,PL14742,,,
GHR,PL14743,,,
GHR,PL14744,,,
GHR,PL14745,,,
GHR,PL14746,,,
GHR,PL14747,,,
GHR,PL14748,,,
GHR,PL14749,,,
GHR,PL14750,,,
GHR,PL14751,,,
GHR,PL14752,,,
GHR,PL14753,,,
GHR,PL14754,,,
GHR,PL14755,,,
GHR,PL14756,,,
GHR,PL14757,,,
GHR,PL14758,,,
GHR,PL14759,,,
GHR,PL14760,,,
GHR,PL14761,,,
GHR,PL14762,,,
GHR,PL14763,,,
PL07328,R-HSA-9759475,,,
PL07332,R-HSA-9759475,,,
PL07333,R-HSA-9759475,,,
PL07334,R-HSA-9759475,,,
PL07335,R-HSA-9759475,,,
PL07338,R-HSA-9759475,,,
PL07339,R-HSA-9759475,,,
HOXC8,PL07328,,,
ZEB2,PL07328,,,
HOXC8,PL07332,,,
HOXC8,PL07333,,,
HOXC8,PL07334,,,
HOXC8,PL07335,,,
ZEB2,PL07338,,,
ZEB2,PL07339,,,
PL16471,R-HSA-9007101,,,
PL16472,R-HSA-9007101,,,
PL16473,R-HSA-9007101,,,
PL16474,R-HSA-9007101,,,
PL16475,R-HSA-9007101,,,
PL16476,R-HSA-9007101,,,
PL16477,R-HSA-9007101,,,
PL16478,R-HSA-9007101,,,
PL16479,R-HSA-9007101,,,
PL16482,R-HSA-9007101,,,
PL16483,R-HSA-9007101,,,
PL16484,R-HSA-9007101,,,
PL16485,R-HSA-9007101,,,
PL16486,R-HSA-9007101,,,
PL16487,R-HSA-9007101,,,
PL16489,R-HSA-9007101,,,
PL16490,R-HSA-9007101,,,
PL16491,R-HSA-9007101,,,
GDI2,PL16471,,,
GDI2,PL16472,,,
GDI2,PL16473,,,
GDI2,PL16474,,,
GDI2,PL16475,,,
GDI2,PL16476,,,
GDI2,PL16477,,,
GDI2,PL16478,,,
GDI2,PL16479,,,
GDI2,PL16482,,,
GDI2,PL16483,,,
GDI2,PL16484,,,
GDI2,PL16485,,,
GDI2,PL16486,,,
GDI2,PL16487,,,
GDI2,PL16489,,,
GDI2,PL16490,,,
GDI2,PL16491,,,
PL16271,R-HSA-8856825,,,
PL16278,R-HSA-8856825,,,
PL16280,R-HSA-8856825,,,
ITSN1,PL16271,,,
COPS7B,PL16278,,,
COPS7B,PL16280,,,
PL02145,R-HSA-112040,,,
PL02146,R-HSA-112040,,,
PL02147,R-HSA-112040,,,
PL02148,R-HSA-112040,,,
PL02149,R-HSA-112040,,,
GNAI1,PL02145,,,
GNAI1,PL02146,,,
GNAI1,PL02147,,,
GNAI1,PL02148,,,
GNAI1,PL02149,,,
PL12374,R-HSA-597592,,,
PL12377,R-HSA-597592,,,
PL12384,R-HSA-597592,,,
PL12385,R-HSA-597592,,,
PL12388,R-HSA-597592,,,
PL12390,R-HSA-597592,,,
PL12391,R-HSA-597592,,,
PL12392,R-HSA-597592,,,
PL12393,R-HSA-597592,,,
PL12394,R-HSA-597592,,,
PL12396,R-HSA-597592,,,
PL12397,R-HSA-597592,,,
PL12398,R-HSA-597592,,,
PL12399,R-HSA-597592,,,
PL12400,R-HSA-597592,,,
PL12401,R-HSA-597592,,,
PL12402,R-HSA-597592,,,
PL12406,R-HSA-597592,,,
PL12407,R-HSA-597592,,,
PL12408,R-HSA-597592,,,
PL12418,R-HSA-597592,,,
PL12419,R-HSA-597592,,,
PL12422,R-HSA-597592,,,
PL12423,R-HSA-597592,,,
PL12424,R-HSA-597592,,,
PL12425,R-HSA-597592,,,
PL12426,R-HSA-597592,,,
PL12488,R-HSA-597592,,,
PL12508,R-HSA-597592,,,
PL12529,R-HSA-597592,,,
PL12530,R-HSA-597592,,,
PL12547,R-HSA-597592,,,
PL12673,R-HSA-597592,,,
PL12686,R-HSA-597592,,,
PL12687,R-HSA-597592,,,
PL12688,R-HSA-597592,,,
PL12689,R-HSA-597592,,,
PL12690,R-HSA-597592,,,
PL12691,R-HSA-597592,,,
PL12693,R-HSA-597592,,,
PL12735,R-HSA-597592,,,
PL12736,R-HSA-597592,,,
PL12737,R-HSA-597592,,,
PL12738,R-HSA-597592,,,
PL12739,R-HSA-597592,,,
PL12740,R-HSA-597592,,,
PL12741,R-HSA-597592,,,
PL12742,R-HSA-597592,,,
PL12743,R-HSA-597592,,,
PL12744,R-HSA-597592,,,
PL12745,R-HSA-597592,,,
PL12746,R-HSA-597592,,,
PL12747,R-HSA-597592,,,
PL12748,R-HSA-597592,,,
PL12749,R-HSA-597592,,,
PL12750,R-HSA-597592,,,
PL12751,R-HSA-597592,,,
PL12752,R-HSA-597592,,,
PL12753,R-HSA-597592,,,
PL12754,R-HSA-597592,,,
PL12755,R-HSA-597592,,,
PL12756,R-HSA-597592,,,
PL12757,R-HSA-597592,,,
PL12758,R-HSA-597592,,,
PL12759,R-HSA-597592,,,
PL12760,R-HSA-597592,,,
PL12761,R-HSA-597592,,,
PL12762,R-HSA-597592,,,
PL12763,R-HSA-597592,,,
PL12764,R-HSA-597592,,,
PL12765,R-HSA-597592,,,
PL12766,R-HSA-597592,,,
PL12767,R-HSA-597592,,,
PL12768,R-HSA-597592,,,
PL12769,R-HSA-597592,,,
PL12770,R-HSA-597592,,,
PL12771,R-HSA-597592,,,
PL12772,R-HSA-597592,,,
PL12773,R-HSA-597592,,,
PL12774,R-HSA-597592,,,
PL12775,R-HSA-597592,,,
PL12776,R-HSA-597592,,,
PL12777,R-HSA-597592,,,
PL12778,R-HSA-597592,,,
PL12779,R-HSA-597592,,,
PL12780,R-HSA-597592,,,
PL12781,R-HSA-597592,,,
PL12782,R-HSA-597592,,,
PL12783,R-HSA-597592,,,
PL12784,R-HSA-597592,,,
PL12785,R-HSA-597592,,,
PL12786,R-HSA-597592,,,
PL12787,R-HSA-597592,,,
PL12788,R-HSA-597592,,,
PL12789,R-HSA-597592,,,
PL12790,R-HSA-597592,,,
PL12791,R-HSA-597592,,,
PL12792,R-HSA-597592,,,
PL12793,R-HSA-597592,,,
PL12794,R-HSA-597592,,,
PL12795,R-HSA-597592,,,
PL12796,R-HSA-597592,,,
PL12797,R-HSA-597592,,,
PL12798,R-HSA-597592,,,
PL12799,R-HSA-597592,,,
PL12800,R-HSA-597592,,,
PL12801,R-HSA-597592,,,
PL12802,R-HSA-597592,,,
PL12803,R-HSA-597592,,,
PL12804,R-HSA-597592,,,
PL12805,R-HSA-597592,,,
PL12806,R-HSA-597592,,,
PL12807,R-HSA-597592,,,
PL12808,R-HSA-597592,,,
PL12809,R-HSA-597592,,,
PL12810,R-HSA-597592,,,
PL12811,R-HSA-597592,,,
PL12812,R-HSA-597592,,,
PL12813,R-HSA-597592,,,
PL12814,R-HSA-597592,,,
PL12815,R-HSA-597592,,,
PL12816,R-HSA-597592,,,
PL12817,R-HSA-597592,,,
PL12818,R-HSA-597592,,,
PL12819,R-HSA-597592,,,
PL12820,R-HSA-597592,,,
PL12821,R-HSA-597592,,,
PL12822,R-HSA-597592,,,
PL12823,R-HSA-597592,,,
PL12824,R-HSA-597592,,,
PL12825,R-HSA-597592,,,
PL12826,R-HSA-597592,,,
PL12827,R-HSA-597592,,,
PL12828,R-HSA-597592,,,
PL12829,R-HSA-597592,,,
PL12830,R-HSA-597592,,,
PL12831,R-HSA-597592,,,
PL12832,R-HSA-597592,,,
PL12833,R-HSA-597592,,,
PL12834,R-HSA-597592,,,
PL12835,R-HSA-597592,,,
PL12836,R-HSA-597592,,,
PL12837,R-HSA-597592,,,
PL12838,R-HSA-597592,,,
PL12839,R-HSA-597592,,,
PL12840,R-HSA-597592,,,
PL12841,R-HSA-597592,,,
PL12842,R-HSA-597592,,,
PL12843,R-HSA-597592,,,
PL12844,R-HSA-597592,,,
PL12845,R-HSA-597592,,,
PL12846,R-HSA-597592,,,
PL12847,R-HSA-597592,,,
PL12848,R-HSA-597592,,,
PL12849,R-HSA-597592,,,
PL12850,R-HSA-597592,,,
PL12851,R-HSA-597592,,,
PL12852,R-HSA-597592,,,
PL12853,R-HSA-597592,,,
PL12854,R-HSA-597592,,,
PL12855,R-HSA-597592,,,
PL12856,R-HSA-597592,,,
PL12857,R-HSA-597592,,,
PL12858,R-HSA-597592,,,
PL12859,R-HSA-597592,,,
PL12860,R-HSA-597592,,,
PL12861,R-HSA-597592,,,
PL12862,R-HSA-597592,,,
PL12863,R-HSA-597592,,,
PL12864,R-HSA-597592,,,
PL12865,R-HSA-597592,,,
PL12866,R-HSA-597592,,,
PL12867,R-HSA-597592,,,
PL12868,R-HSA-597592,,,
PL12869,R-HSA-597592,,,
PL12870,R-HSA-597592,,,
PL12879,R-HSA-597592,,,
PL12880,R-HSA-597592,,,
PL12881,R-HSA-597592,,,
PL12882,R-HSA-597592,,,
PL12883,R-HSA-597592,,,
PL12885,R-HSA-597592,,,
PL12888,R-HSA-597592,,,
PL12889,R-HSA-597592,,,
PL12892,R-HSA-597592,,,
PL12894,R-HSA-597592,,,
PL12897,R-HSA-597592,,,
PL12898,R-HSA-597592,,,
PL12909,R-HSA-597592,,,
PL12936,R-HSA-597592,,,
PL12951,R-HSA-597592,,,
PL12952,R-HSA-597592,,,
PL12956,R-HSA-597592,,,
RAB35,PL12374,,,
RAB15,PL12374,,,
RAB5B,PL12374,,,
RAB35,PL12377,,,
RAB15,PL12377,,,
RAB5B,PL12377,,,
CHRDL1,PL12384,,,
QSOX1,PL12384,,,
FSTL1,PL12384,,,
MGAT4A,PL12384,,,
SKP1,PL12385,,,
FBXO21,PL12385,,,
DCUN1D3,PL12385,,,
DCUN1D4,PL12385,,,
UBXN7,PL12388,,,
DCUN1D4,PL12390,,,
DCAF11,PL12390,,,
WDTC1,PL12390,,,
DCAF10,PL12390,,,
DCUN1D4,PL12391,,,
DCAF11,PL12391,,,
WDTC1,PL12391,,,
DCAF10,PL12391,,,
ASB13,PL12392,,,
ASB6,PL12392,,,
DCUN1D3,PL12392,,,
DCUN1D4,PL12392,,,
CUL3,PL12393,,,
DCUN1D4,PL12393,,,
CUL3,PL12394,,,
DCUN1D4,PL12394,,,
DCUN1D4,PL12396,,,
DCUN1D4,PL12397,,,
DCUN1D4,PL12398,,,
UBXN7,PL12399,,,
SKP1,PL12399,,,
FBXO21,PL12399,,,
DCUN1D4,PL12399,,,
SKP1,PL12400,,,
FBXO21,PL12400,,,
ASB13,PL12401,,,
ASB6,PL12401,,,
DCUN1D3,PL12401,,,
DCUN1D4,PL12401,,,
COPS7B,PL12402,,,
UBXN7,PL12406,,,
UBXN7,PL12407,,,
UBXN7,PL12408,,,
UBXN7,PL12418,,,
DCUN1D4,PL12418,,,
SKP1,PL12419,,,
FBXO21,PL12419,,,
DCUN1D3,PL12419,,,
DCUN1D4,PL12419,,,
DCUN1D4,PL12422,,,
DCUN1D4,PL12423,,,
COPS7B,PL12424,,,
DCUN1D4,PL12424,,,
DCAF11,PL12424,,,
WDTC1,PL12424,,,
DCAF10,PL12424,,,
DCAF11,PL12425,,,
WDTC1,PL12425,,,
DCAF10,PL12425,,,
DCAF11,PL12426,,,
WDTC1,PL12426,,,
DCAF10,PL12426,,,
TP53,PL12488,,,
INO80D,PL12508,,,
VDAC1,PL12529,,,
MDM4,PL12530,,,
TP53,PL12530,,,
TP53,PL12547,,,
DAG1,PL12673,,,
DAG1,PL12686,,,
DAG1,PL12687,,,
DAG1,PL12688,,,
DAG1,PL12689,,,
DAG1,PL12690,,,
DAG1,PL12691,,,
ST6GALNAC3,PL12693,,,
UBE2I,PL12735,,,
UBE2I,PL12736,,,
UBE2I,PL12737,,,
UBE2I,PL12738,,,
UBE2I,PL12739,,,
UBE2I,PL12740,,,
UBE2I,PL12741,,,
UBE2I,PL12742,,,
UBE2I,PL12743,,,
UBE2I,PL12744,,,
UBE2I,PL12745,,,
UBE2I,PL12746,,,
UBE2I,PL12747,,,
TP53,PL12748,,,
UBE2I,PL12748,,,
UBE2I,PL12749,,,
UBE2I,PL12750,,,
UBE2I,PL12751,,,
CHD3,PL12752,,,
UBE2I,PL12752,,,
NUP133,PL12753,,,
UBE2I,PL12753,,,
NUP133,PL12754,,,
UBE2I,PL12754,,,
CBX5,PL12755,,,
UBE2I,PL12755,,,
UBE2I,PL12756,,,
UBE2I,PL12757,,,
UBE2I,PL12758,,,
UBE2I,PL12759,,,
UBE2I,PL12760,,,
UBE2I,PL12761,,,
UBE2I,PL12762,,,
UBE2I,PL12763,,,
UBE2I,PL12764,,,
UBE2I,PL12765,,,
UBE2I,PL12766,,,
UBE2I,PL12767,,,
UBE2I,PL12768,,,
UBE2I,PL12769,,,
UBE2I,PL12770,,,
UBE2I,PL12771,,,
UBE2I,PL12772,,,
UBE2I,PL12773,,,
UBE2I,PL12774,,,
UBE2I,PL12775,,,
UBE2I,PL12776,,,
UBE2I,PL12777,,,
UBE2I,PL12778,,,
UBE2I,PL12779,,,
UBE2I,PL12780,,,
UBE2I,PL12781,,,
UBE2I,PL12782,,,
UBE2I,PL12783,,,
UBE2I,PL12784,,,
UBE2I,PL12785,,,
UBE2I,PL12786,,,
UBE2I,PL12787,,,
UBE2I,PL12788,,,
UBE2I,PL12789,,,
UBE2I,PL12790,,,
UBE2I,PL12791,,,
UBE2I,PL12792,,,
NUP133,PL12793,,,
UBE2I,PL12793,,,
UBE2I,PL12794,,,
UBE2I,PL12795,,,
NUP133,PL12796,,,
UBE2I,PL12796,,,
UBE2I,PL12797,,,
UBE2I,PL12798,,,
UBE2I,PL12799,,,
NUP133,PL12800,,,
UBE2I,PL12800,,,
UBE2I,PL12801,,,
UBE2I,PL12802,,,
UBE2I,PL12803,,,
UBE2I,PL12804,,,
UBE2I,PL12805,,,
UBE2I,PL12806,,,
UBE2I,PL12807,,,
UBE2I,PL12808,,,
UBE2I,PL12809,,,
UBE2I,PL12810,,,
UBE2I,PL12811,,,
UBE2I,PL12812,,,
NCOA2,PL12813,,,
UBE2I,PL12813,,,
UBE2I,PL12814,,,
UBE2I,PL12815,,,
UBE2I,PL12816,,,
UBE2I,PL12817,,,
UBE2I,PL12818,,,
UBE2I,PL12819,,,
UBE2I,PL12820,,,
UBE2I,PL12821,,,
UBE2I,PL12822,,,
UBE2I,PL12823,,,
UBE2I,PL12824,,,
UBE2I,PL12825,,,
UBE2I,PL12826,,,
UBE2I,PL12827,,,
UBE2I,PL12828,,,
UBE2I,PL12829,,,
NUP133,PL12830,,,
UBE2I,PL12830,,,
UBE2I,PL12831,,,
UBE2I,PL12832,,,
UBE2I,PL12833,,,
UBE2I,PL12834,,,
UBE2I,PL12835,,,
NUP133,PL12836,,,
UBE2I,PL12836,,,
UBE2I,PL12837,,,
UBE2I,PL12838,,,
NUP133,PL12839,,,
UBE2I,PL12839,,,
UBE2I,PL12840,,,
UBE2I,PL12841,,,
UBE2I,PL12842,,,
UBE2I,PL12843,,,
UBE2I,PL12844,,,
UBE2I,PL12845,,,
UBE2I,PL12846,,,
UBE2I,PL12847,,,
UBE2I,PL12848,,,
UBE2I,PL12849,,,
UBE2I,PL12850,,,
UBE2I,PL12851,,,
RPA1,PL12852,,,
UBE2I,PL12852,,,
UBE2I,PL12853,,,
NUP133,PL12854,,,
UBE2I,PL12854,,,
UBE2I,PL12855,,,
UBE2I,PL12856,,,
NUP133,PL12857,,,
UBE2I,PL12857,,,
UBE2I,PL12858,,,
UBE2I,PL12859,,,
UBE2I,PL12860,,,
NUP133,PL12861,,,
UBE2I,PL12861,,,
UBE2I,PL12862,,,
UBE2I,PL12863,,,
NUP133,PL12864,,,
UBE2I,PL12864,,,
UBE2I,PL12865,,,
UBE2I,PL12866,,,
UBE2I,PL12867,,,
UBE2I,PL12868,,,
UBE2I,PL12869,,,
STX5,PL12870,,,
DCTN5,PL12879,,,
DYNLL2,PL12879,,,
DCTN5,PL12880,,,
DYNLL2,PL12880,,,
GOSR1,PL12881,,,
STX5,PL12881,,,
ARF5,PL12882,,,
ARF5,PL12883,,,
ARF5,PL12885,,,
ARF5,PL12888,,,
ARF5,PL12889,,,
STX5,PL12892,,,
PPP6R3,PL12894,,,
STX5,PL12897,,,
STX5,PL12898,,,
MGAT4A,PL12909,,,
GMPPB,PL12936,,,
ST8SIA2,PL12951,,,
ST8SIA2,PL12952,,,
ST6GALNAC3,PL12956,,,
PL00017,R-HSA-422356,,,
PL07374,R-HSA-422356,,,
PL07375,R-HSA-422356,,,
PL07376,R-HSA-422356,,,
GNAI1,PL00017,,,
GNAI1,PL07374,,,
GNAI1,PL07375,,,
GNAI1,PL07376,,,
PL17938,R-HSA-111885,,,
PL17939,R-HSA-111885,,,
PL17940,R-HSA-111885,,,
PL17941,R-HSA-111885,,,
PL17942,R-HSA-111885,,,
GNAI1,PL17938,,,
GNAI1,PL17939,,,
GNAI1,PL17940,,,
GNAI1,PL17941,,,
GNAI1,PL17942,,,
PL07034,R-HSA-9843745,,,
PL07035,R-HSA-9843745,,,
PL07036,R-HSA-9843745,,,
PL07039,R-HSA-9843745,,,
PL07041,R-HSA-9843745,,,
PL07042,R-HSA-9843745,,,
PL07045,R-HSA-9843745,,,
PL07052,R-HSA-9843745,,,
PL07053,R-HSA-9843745,,,
PL07062,R-HSA-9843745,,,
PL07063,R-HSA-9843745,,,
PL07064,R-HSA-9843745,,,
NCOA2,PL07034,,,
NCOA2,PL07035,,,
EBF1,PL07036,,,
NCOA2,PL07036,,,
NCOA2,PL07039,,,
NCOA2,PL07041,,,
NCOA2,PL07042,,,
NCOA2,PL07045,,,
EBF1,PL07052,,,
NCOA2,PL07053,,,
MTA3,PL07062,,,
MTA3,PL07063,,,
MTA3,PL07064,,,
PL14636,R-HSA-1483255,,,
PL14637,R-HSA-1483255,,,
MTMR3,PL14636,,,
MTMR3,PL14637,,,
PL07088,R-HSA-8939211,,,
PL07089,R-HSA-8939211,,,
PL07090,R-HSA-8939211,,,
PL07091,R-HSA-8939211,,,
PL07092,R-HSA-8939211,,,
PL07093,R-HSA-8939211,,,
PL07104,R-HSA-8939211,,,
PL07107,R-HSA-8939211,,,
PL07108,R-HSA-8939211,,,
PL07116,R-HSA-8939211,,,
PL07119,R-HSA-8939211,,,
PL07120,R-HSA-8939211,,,
PL07121,R-HSA-8939211,,,
PL07126,R-HSA-8939211,,,
PL07138,R-HSA-8939211,,,
PL07141,R-HSA-8939211,,,
PL07142,R-HSA-8939211,,,
PPP5C,PL07088,,,
PPP5C,PL07089,,,
PPP5C,PL07090,,,
PPP5C,PL07091,,,
PPP5C,PL07092,,,
PPP5C,PL07093,,,
GNAI1,PL07104,,,
IGF1R,PL07104,,,
GNAI1,PL07107,,,
GNAI1,PL07108,,,
IGF1R,PL07116,,,
TBP,PL07119,,,
NCOA2,PL07120,,,
NCOA2,PL07121,,,
TBP,PL07126,,,
TBP,PL07138,,,
NR5A2,PL07141,,,
NR5A2,PL07142,,,
PL08750,R-HSA-3108232,,,
PL08751,R-HSA-3108232,,,
PL08752,R-HSA-3108232,,,
PL08753,R-HSA-3108232,,,
PL08754,R-HSA-3108232,,,
PL08755,R-HSA-3108232,,,
PL08756,R-HSA-3108232,,,
PL08757,R-HSA-3108232,,,
PL08758,R-HSA-3108232,,,
PL08759,R-HSA-3108232,,,
PL08760,R-HSA-3108232,,,
PL08761,R-HSA-3108232,,,
PL08762,R-HSA-3108232,,,
PL08763,R-HSA-3108232,,,
PL08764,R-HSA-3108232,,,
PL08765,R-HSA-3108232,,,
PL08766,R-HSA-3108232,,,
PL08767,R-HSA-3108232,,,
PL08768,R-HSA-3108232,,,
PL08769,R-HSA-3108232,,,
PL08770,R-HSA-3108232,,,
PL08771,R-HSA-3108232,,,
PL08772,R-HSA-3108232,,,
PL08773,R-HSA-3108232,,,
PL08774,R-HSA-3108232,,,
PL08775,R-HSA-3108232,,,
PL08776,R-HSA-3108232,,,
PL08777,R-HSA-3108232,,,
PL08778,R-HSA-3108232,,,
PL08779,R-HSA-3108232,,,
PL08780,R-HSA-3108232,,,
PL08781,R-HSA-3108232,,,
PL08782,R-HSA-3108232,,,
PL08783,R-HSA-3108232,,,
PL08784,R-HSA-3108232,,,
PL08785,R-HSA-3108232,,,
PL08786,R-HSA-3108232,,,
PL08787,R-HSA-3108232,,,
PL08788,R-HSA-3108232,,,
PL08789,R-HSA-3108232,,,
PL08790,R-HSA-3108232,,,
PL08791,R-HSA-3108232,,,
PL08792,R-HSA-3108232,,,
PL08793,R-HSA-3108232,,,
PL08794,R-HSA-3108232,,,
PL08795,R-HSA-3108232,,,
PL08796,R-HSA-3108232,,,
PL08797,R-HSA-3108232,,,
PL08798,R-HSA-3108232,,,
PL08799,R-HSA-3108232,,,
PL08800,R-HSA-3108232,,,
PL08801,R-HSA-3108232,,,
PL08802,R-HSA-3108232,,,
PL08803,R-HSA-3108232,,,
PL08804,R-HSA-3108232,,,
PL08805,R-HSA-3108232,,,
PL08806,R-HSA-3108232,,,
PL08807,R-HSA-3108232,,,
PL08808,R-HSA-3108232,,,
PL08809,R-HSA-3108232,,,
PL08810,R-HSA-3108232,,,
PL08811,R-HSA-3108232,,,
PL08812,R-HSA-3108232,,,
PL08813,R-HSA-3108232,,,
PL08814,R-HSA-3108232,,,
PL08815,R-HSA-3108232,,,
PL08816,R-HSA-3108232,,,
PL08817,R-HSA-3108232,,,
PL08818,R-HSA-3108232,,,
PL08819,R-HSA-3108232,,,
PL08820,R-HSA-3108232,,,
PL08821,R-HSA-3108232,,,
PL08822,R-HSA-3108232,,,
PL08823,R-HSA-3108232,,,
PL08824,R-HSA-3108232,,,
PL08825,R-HSA-3108232,,,
PL08826,R-HSA-3108232,,,
PL08827,R-HSA-3108232,,,
PL08828,R-HSA-3108232,,,
PL08829,R-HSA-3108232,,,
PL08830,R-HSA-3108232,,,
PL08831,R-HSA-3108232,,,
PL08832,R-HSA-3108232,,,
PL08833,R-HSA-3108232,,,
PL08834,R-HSA-3108232,,,
PL08835,R-HSA-3108232,,,
PL08836,R-HSA-3108232,,,
PL08837,R-HSA-3108232,,,
PL08838,R-HSA-3108232,,,
PL08839,R-HSA-3108232,,,
PL08840,R-HSA-3108232,,,
PL08841,R-HSA-3108232,,,
PL08842,R-HSA-3108232,,,
PL08843,R-HSA-3108232,,,
PL08844,R-HSA-3108232,,,
PL08845,R-HSA-3108232,,,
PL08846,R-HSA-3108232,,,
PL08847,R-HSA-3108232,,,
PL08848,R-HSA-3108232,,,
PL08849,R-HSA-3108232,,,
PL08850,R-HSA-3108232,,,
PL08851,R-HSA-3108232,,,
PL08852,R-HSA-3108232,,,
PL08853,R-HSA-3108232,,,
PL08854,R-HSA-3108232,,,
PL08855,R-HSA-3108232,,,
PL08856,R-HSA-3108232,,,
PL08857,R-HSA-3108232,,,
PL08858,R-HSA-3108232,,,
PL08859,R-HSA-3108232,,,
PL08860,R-HSA-3108232,,,
PL08861,R-HSA-3108232,,,
PL08862,R-HSA-3108232,,,
PL08863,R-HSA-3108232,,,
PL08864,R-HSA-3108232,,,
PL08865,R-HSA-3108232,,,
PL08866,R-HSA-3108232,,,
PL08867,R-HSA-3108232,,,
PL08868,R-HSA-3108232,,,
PL08869,R-HSA-3108232,,,
PL08870,R-HSA-3108232,,,
PL08871,R-HSA-3108232,,,
PL08872,R-HSA-3108232,,,
PL08873,R-HSA-3108232,,,
PL08874,R-HSA-3108232,,,
PL08875,R-HSA-3108232,,,
PL08876,R-HSA-3108232,,,
PL08877,R-HSA-3108232,,,
PL08878,R-HSA-3108232,,,
PL08879,R-HSA-3108232,,,
PL08880,R-HSA-3108232,,,
PL08881,R-HSA-3108232,,,
UBE2I,PL08750,,,
UBE2I,PL08751,,,
UBE2I,PL08752,,,
UBE2I,PL08753,,,
UBE2I,PL08754,,,
UBE2I,PL08755,,,
UBE2I,PL08756,,,
UBE2I,PL08757,,,
UBE2I,PL08758,,,
UBE2I,PL08759,,,
TP53,PL08760,,,
UBE2I,PL08760,,,
UBE2I,PL08761,,,
UBE2I,PL08762,,,
UBE2I,PL08763,,,
UBE2I,PL08764,,,
NUP133,PL08765,,,
UBE2I,PL08765,,,
NUP133,PL08766,,,
UBE2I,PL08766,,,
CBX5,PL08767,,,
UBE2I,PL08767,,,
UBE2I,PL08768,,,
UBE2I,PL08769,,,
UBE2I,PL08770,,,
UBE2I,PL08771,,,
UBE2I,PL08772,,,
UBE2I,PL08773,,,
UBE2I,PL08774,,,
UBE2I,PL08775,,,
UBE2I,PL08776,,,
UBE2I,PL08777,,,
UBE2I,PL08778,,,
UBE2I,PL08779,,,
UBE2I,PL08780,,,
UBE2I,PL08781,,,
UBE2I,PL08782,,,
UBE2I,PL08783,,,
UBE2I,PL08784,,,
UBE2I,PL08785,,,
UBE2I,PL08786,,,
UBE2I,PL08787,,,
UBE2I,PL08788,,,
UBE2I,PL08789,,,
UBE2I,PL08790,,,
UBE2I,PL08791,,,
UBE2I,PL08792,,,
UBE2I,PL08793,,,
UBE2I,PL08794,,,
UBE2I,PL08795,,,
UBE2I,PL08796,,,
UBE2I,PL08797,,,
UBE2I,PL08798,,,
UBE2I,PL08799,,,
UBE2I,PL08800,,,
UBE2I,PL08801,,,
UBE2I,PL08802,,,
UBE2I,PL08803,,,
UBE2I,PL08804,,,
NUP133,PL08805,,,
UBE2I,PL08805,,,
UBE2I,PL08806,,,
UBE2I,PL08807,,,
NUP133,PL08808,,,
UBE2I,PL08808,,,
UBE2I,PL08809,,,
UBE2I,PL08810,,,
UBE2I,PL08811,,,
NUP133,PL08812,,,
UBE2I,PL08812,,,
UBE2I,PL08813,,,
UBE2I,PL08814,,,
UBE2I,PL08815,,,
UBE2I,PL08816,,,
UBE2I,PL08817,,,
UBE2I,PL08818,,,
UBE2I,PL08819,,,
UBE2I,PL08820,,,
UBE2I,PL08821,,,
UBE2I,PL08822,,,
UBE2I,PL08823,,,
UBE2I,PL08824,,,
NCOA2,PL08825,,,
UBE2I,PL08825,,,
UBE2I,PL08826,,,
UBE2I,PL08827,,,
UBE2I,PL08828,,,
UBE2I,PL08829,,,
UBE2I,PL08830,,,
UBE2I,PL08831,,,
UBE2I,PL08832,,,
UBE2I,PL08833,,,
UBE2I,PL08834,,,
UBE2I,PL08835,,,
UBE2I,PL08836,,,
UBE2I,PL08837,,,
UBE2I,PL08838,,,
UBE2I,PL08839,,,
UBE2I,PL08840,,,
UBE2I,PL08841,,,
NUP133,PL08842,,,
UBE2I,PL08842,,,
UBE2I,PL08843,,,
UBE2I,PL08844,,,
UBE2I,PL08845,,,
UBE2I,PL08846,,,
UBE2I,PL08847,,,
NUP133,PL08848,,,
UBE2I,PL08848,,,
UBE2I,PL08849,,,
UBE2I,PL08850,,,
NUP133,PL08851,,,
UBE2I,PL08851,,,
UBE2I,PL08852,,,
UBE2I,PL08853,,,
UBE2I,PL08854,,,
UBE2I,PL08855,,,
UBE2I,PL08856,,,
UBE2I,PL08857,,,
UBE2I,PL08858,,,
UBE2I,PL08859,,,
UBE2I,PL08860,,,
UBE2I,PL08861,,,
UBE2I,PL08862,,,
UBE2I,PL08863,,,
RPA1,PL08864,,,
UBE2I,PL08864,,,
UBE2I,PL08865,,,
NUP133,PL08866,,,
UBE2I,PL08866,,,
UBE2I,PL08867,,,
UBE2I,PL08868,,,
NUP133,PL08869,,,
UBE2I,PL08869,,,
UBE2I,PL08870,,,
UBE2I,PL08871,,,
UBE2I,PL08872,,,
NUP133,PL08873,,,
UBE2I,PL08873,,,
UBE2I,PL08874,,,
UBE2I,PL08875,,,
NUP133,PL08876,,,
UBE2I,PL08876,,,
UBE2I,PL08877,,,
UBE2I,PL08878,,,
UBE2I,PL08879,,,
UBE2I,PL08880,,,
UBE2I,PL08881,,,
PL16339,R-HSA-69231,,,
PL16343,R-HSA-69231,,,
PL16345,R-HSA-69231,,,
PL16346,R-HSA-69231,,,
PL16347,R-HSA-69231,,,
PL16349,R-HSA-69231,,,
CCND1,PL16339,,,
E2F5,PL16343,,,
CCND1,PL16345,,,
CCND1,PL16346,,,
SKP1,PL16347,,,
SKP1,PL16349,,,
PL17758,R-HSA-2990846,,,
PL17759,R-HSA-2990846,,,
PL17760,R-HSA-2990846,,,
PL17761,R-HSA-2990846,,,
PL17762,R-HSA-2990846,,,
PL17763,R-HSA-2990846,,,
PL17764,R-HSA-2990846,,,
PL17765,R-HSA-2990846,,,
PL17766,R-HSA-2990846,,,
PL17767,R-HSA-2990846,,,
PL17768,R-HSA-2990846,,,
PL17769,R-HSA-2990846,,,
PL17770,R-HSA-2990846,,,
PL17771,R-HSA-2990846,,,
PL17772,R-HSA-2990846,,,
PL17773,R-HSA-2990846,,,
PL17774,R-HSA-2990846,,,
PL17775,R-HSA-2990846,,,
PL17776,R-HSA-2990846,,,
PL17777,R-HSA-2990846,,,
PL17778,R-HSA-2990846,,,
PL17779,R-HSA-2990846,,,
PL17780,R-HSA-2990846,,,
PL17781,R-HSA-2990846,,,
PL17782,R-HSA-2990846,,,
PL17783,R-HSA-2990846,,,
PL17784,R-HSA-2990846,,,
PL17785,R-HSA-2990846,,,
PL17786,R-HSA-2990846,,,
PL17787,R-HSA-2990846,,,
PL17788,R-HSA-2990846,,,
PL17789,R-HSA-2990846,,,
PL17790,R-HSA-2990846,,,
PL17791,R-HSA-2990846,,,
PL17792,R-HSA-2990846,,,
PL17793,R-HSA-2990846,,,
PL17794,R-HSA-2990846,,,
PL17795,R-HSA-2990846,,,
PL17796,R-HSA-2990846,,,
PL17797,R-HSA-2990846,,,
PL17798,R-HSA-2990846,,,
PL17799,R-HSA-2990846,,,
PL17800,R-HSA-2990846,,,
PL17801,R-HSA-2990846,,,
PL17802,R-HSA-2990846,,,
PL17803,R-HSA-2990846,,,
PL17804,R-HSA-2990846,,,
PL17805,R-HSA-2990846,,,
PL17806,R-HSA-2990846,,,
PL17807,R-HSA-2990846,,,
PL17808,R-HSA-2990846,,,
PL17809,R-HSA-2990846,,,
PL17810,R-HSA-2990846,,,
PL17811,R-HSA-2990846,,,
PL17812,R-HSA-2990846,,,
PL17813,R-HSA-2990846,,,
PL17814,R-HSA-2990846,,,
PL17815,R-HSA-2990846,,,
PL17816,R-HSA-2990846,,,
PL17817,R-HSA-2990846,,,
PL17818,R-HSA-2990846,,,
PL17819,R-HSA-2990846,,,
PL17820,R-HSA-2990846,,,
PL17821,R-HSA-2990846,,,
PL17822,R-HSA-2990846,,,
PL17823,R-HSA-2990846,,,
PL17824,R-HSA-2990846,,,
PL17825,R-HSA-2990846,,,
PL17826,R-HSA-2990846,,,
PL17827,R-HSA-2990846,,,
PL17828,R-HSA-2990846,,,
PL17829,R-HSA-2990846,,,
PL17830,R-HSA-2990846,,,
PL17831,R-HSA-2990846,,,
PL17832,R-HSA-2990846,,,
PL17833,R-HSA-2990846,,,
PL17834,R-HSA-2990846,,,
PL17835,R-HSA-2990846,,,
PL17836,R-HSA-2990846,,,
PL17837,R-HSA-2990846,,,
PL17838,R-HSA-2990846,,,
PL17839,R-HSA-2990846,,,
PL17840,R-HSA-2990846,,,
PL17841,R-HSA-2990846,,,
PL17842,R-HSA-2990846,,,
PL17843,R-HSA-2990846,,,
PL17844,R-HSA-2990846,,,
PL17845,R-HSA-2990846,,,
PL17846,R-HSA-2990846,,,
PL17847,R-HSA-2990846,,,
PL17848,R-HSA-2990846,,,
PL17849,R-HSA-2990846,,,
PL17850,R-HSA-2990846,,,
PL17851,R-HSA-2990846,,,
PL17852,R-HSA-2990846,,,
PL17853,R-HSA-2990846,,,
PL17854,R-HSA-2990846,,,
PL17855,R-HSA-2990846,,,
PL17856,R-HSA-2990846,,,
PL17857,R-HSA-2990846,,,
PL17858,R-HSA-2990846,,,
PL17859,R-HSA-2990846,,,
PL17860,R-HSA-2990846,,,
PL17861,R-HSA-2990846,,,
PL17862,R-HSA-2990846,,,
PL17863,R-HSA-2990846,,,
PL17864,R-HSA-2990846,,,
PL17865,R-HSA-2990846,,,
PL17866,R-HSA-2990846,,,
PL17867,R-HSA-2990846,,,
PL17868,R-HSA-2990846,,,
PL17869,R-HSA-2990846,,,
PL17870,R-HSA-2990846,,,
PL17871,R-HSA-2990846,,,
PL17872,R-HSA-2990846,,,
PL17873,R-HSA-2990846,,,
PL17874,R-HSA-2990846,,,
PL17875,R-HSA-2990846,,,
PL17876,R-HSA-2990846,,,
PL17877,R-HSA-2990846,,,
PL17878,R-HSA-2990846,,,
PL17879,R-HSA-2990846,,,
PL17880,R-HSA-2990846,,,
PL17881,R-HSA-2990846,,,
PL17882,R-HSA-2990846,,,
PL17883,R-HSA-2990846,,,
PL17884,R-HSA-2990846,,,
PL17885,R-HSA-2990846,,,
PL17886,R-HSA-2990846,,,
PL17887,R-HSA-2990846,,,
PL17888,R-HSA-2990846,,,
PL17889,R-HSA-2990846,,,
PL17890,R-HSA-2990846,,,
PL17891,R-HSA-2990846,,,
PL17892,R-HSA-2990846,,,
UBE2I,PL17758,,,
UBE2I,PL17759,,,
UBE2I,PL17760,,,
UBE2I,PL17761,,,
UBE2I,PL17762,,,
UBE2I,PL17763,,,
UBE2I,PL17764,,,
UBE2I,PL17765,,,
UBE2I,PL17766,,,
UBE2I,PL17767,,,
UBE2I,PL17768,,,
UBE2I,PL17769,,,
UBE2I,PL17770,,,
TP53,PL17771,,,
UBE2I,PL17771,,,
UBE2I,PL17772,,,
UBE2I,PL17773,,,
UBE2I,PL17774,,,
UBE2I,PL17775,,,
NUP133,PL17776,,,
UBE2I,PL17776,,,
NUP133,PL17777,,,
UBE2I,PL17777,,,
CBX5,PL17778,,,
UBE2I,PL17778,,,
UBE2I,PL17779,,,
UBE2I,PL17780,,,
UBE2I,PL17781,,,
UBE2I,PL17782,,,
UBE2I,PL17783,,,
UBE2I,PL17784,,,
UBE2I,PL17785,,,
UBE2I,PL17786,,,
UBE2I,PL17787,,,
UBE2I,PL17788,,,
UBE2I,PL17789,,,
UBE2I,PL17790,,,
UBE2I,PL17791,,,
UBE2I,PL17792,,,
UBE2I,PL17793,,,
UBE2I,PL17794,,,
UBE2I,PL17795,,,
UBE2I,PL17796,,,
UBE2I,PL17797,,,
UBE2I,PL17798,,,
UBE2I,PL17799,,,
UBE2I,PL17800,,,
UBE2I,PL17801,,,
UBE2I,PL17802,,,
UBE2I,PL17803,,,
UBE2I,PL17804,,,
UBE2I,PL17805,,,
UBE2I,PL17806,,,
UBE2I,PL17807,,,
UBE2I,PL17808,,,
UBE2I,PL17809,,,
UBE2I,PL17810,,,
UBE2I,PL17811,,,
UBE2I,PL17812,,,
UBE2I,PL17813,,,
UBE2I,PL17814,,,
UBE2I,PL17815,,,
NUP133,PL17816,,,
UBE2I,PL17816,,,
UBE2I,PL17817,,,
UBE2I,PL17818,,,
NUP133,PL17819,,,
UBE2I,PL17819,,,
UBE2I,PL17820,,,
UBE2I,PL17821,,,
UBE2I,PL17822,,,
NUP133,PL17823,,,
UBE2I,PL17823,,,
UBE2I,PL17824,,,
UBE2I,PL17825,,,
UBE2I,PL17826,,,
UBE2I,PL17827,,,
UBE2I,PL17828,,,
UBE2I,PL17829,,,
UBE2I,PL17830,,,
UBE2I,PL17831,,,
UBE2I,PL17832,,,
UBE2I,PL17833,,,
UBE2I,PL17834,,,
UBE2I,PL17835,,,
NCOA2,PL17836,,,
UBE2I,PL17836,,,
UBE2I,PL17837,,,
UBE2I,PL17838,,,
UBE2I,PL17839,,,
UBE2I,PL17840,,,
UBE2I,PL17841,,,
UBE2I,PL17842,,,
UBE2I,PL17843,,,
UBE2I,PL17844,,,
UBE2I,PL17845,,,
UBE2I,PL17846,,,
UBE2I,PL17847,,,
UBE2I,PL17848,,,
UBE2I,PL17849,,,
UBE2I,PL17850,,,
UBE2I,PL17851,,,
UBE2I,PL17852,,,
NUP133,PL17853,,,
UBE2I,PL17853,,,
UBE2I,PL17854,,,
UBE2I,PL17855,,,
UBE2I,PL17856,,,
UBE2I,PL17857,,,
UBE2I,PL17858,,,
NUP133,PL17859,,,
UBE2I,PL17859,,,
UBE2I,PL17860,,,
UBE2I,PL17861,,,
NUP133,PL17862,,,
UBE2I,PL17862,,,
UBE2I,PL17863,,,
UBE2I,PL17864,,,
UBE2I,PL17865,,,
UBE2I,PL17866,,,
UBE2I,PL17867,,,
UBE2I,PL17868,,,
UBE2I,PL17869,,,
UBE2I,PL17870,,,
UBE2I,PL17871,,,
UBE2I,PL17872,,,
UBE2I,PL17873,,,
UBE2I,PL17874,,,
RPA1,PL17875,,,
UBE2I,PL17875,,,
UBE2I,PL17876,,,
NUP133,PL17877,,,
UBE2I,PL17877,,,
UBE2I,PL17878,,,
UBE2I,PL17879,,,
NUP133,PL17880,,,
UBE2I,PL17880,,,
UBE2I,PL17881,,,
UBE2I,PL17882,,,
UBE2I,PL17883,,,
NUP133,PL17884,,,
UBE2I,PL17884,,,
UBE2I,PL17885,,,
UBE2I,PL17886,,,
NUP133,PL17887,,,
UBE2I,PL17887,,,
UBE2I,PL17888,,,
UBE2I,PL17889,,,
UBE2I,PL17890,,,
UBE2I,PL17891,,,
UBE2I,PL17892,,,
PL02952,R-HSA-69236,,,
PL02957,R-HSA-69236,,,
PL02959,R-HSA-69236,,,
PL02960,R-HSA-69236,,,
PL02961,R-HSA-69236,,,
PL02964,R-HSA-69236,,,
CCND1,PL02952,,,
E2F5,PL02957,,,
CCND1,PL02959,,,
CCND1,PL02960,,,
SKP1,PL02961,,,
SKP1,PL02964,,,
PL18836,R-HSA-4791275,,,
FZD4,PL18836,,,
PL17743,R-HSA-2428928,,,
PL17744,R-HSA-2428928,,,
PL17745,R-HSA-2428928,,,
IGF1R,PL17743,,,
IGF1R,PL17744,,,
IGF1R,PL17745,,,
PL04368,R-HSA-977444,,,
PL04369,R-HSA-977444,,,
PL04370,R-HSA-977444,,,
PL04371,R-HSA-977444,,,
PL04372,R-HSA-977444,,,
GNAI1,PL04368,,,
GNAI1,PL04369,,,
GNAI1,PL04370,,,
GNAI1,PL04371,,,
GNAI1,PL04372,,,
PL15058,R-HSA-2428924,,,
PL15059,R-HSA-2428924,,,
PL15060,R-HSA-2428924,,,
PL15063,R-HSA-2428924,,,
PL15064,R-HSA-2428924,,,
PL15065,R-HSA-2428924,,,
IGF1R,PL15058,,,
IGF1R,PL15059,,,
IGF1R,PL15060,,,
IGF1R,PL15063,,,
IGF1R,PL15064,,,
IGF1R,PL15065,,,
PL02145,R-HSA-991365,,,
PL02146,R-HSA-991365,,,
PL02147,R-HSA-991365,,,
PL02148,R-HSA-991365,,,
PL02149,R-HSA-991365,,,
PL12112,R-HSA-8951664,,,
PL12115,R-HSA-8951664,,,
PL12117,R-HSA-8951664,,,
PL12118,R-HSA-8951664,,,
PL12120,R-HSA-8951664,,,
PL12121,R-HSA-8951664,,,
PL12122,R-HSA-8951664,,,
PL00017,R-HSA-8951664,,,
PL12127,R-HSA-8951664,,,
PL12128,R-HSA-8951664,,,
PL12129,R-HSA-8951664,,,
PL12133,R-HSA-8951664,,,
PL12134,R-HSA-8951664,,,
PL12135,R-HSA-8951664,,,
PL12145,R-HSA-8951664,,,
PL12147,R-HSA-8951664,,,
PL12152,R-HSA-8951664,,,
PL12153,R-HSA-8951664,,,
PL12154,R-HSA-8951664,,,
SKP1,PL12112,,,
FBXO21,PL12112,,,
DCUN1D3,PL12112,,,
UBXN7,PL12115,,,
DCAF11,PL12117,,,
WDTC1,PL12117,,,
DCAF11,PL12118,,,
WDTC1,PL12118,,,
ASB6,PL12120,,,
DCUN1D3,PL12120,,,
CUL3,PL12121,,,
CUL3,PL12122,,,
UBXN7,PL00017,,,
SKP1,PL00017,,,
FBXO21,PL00017,,,
SKP1,PL12127,,,
FBXO21,PL12127,,,
ASB6,PL12128,,,
DCUN1D3,PL12128,,,
COPS7B,PL12129,,,
UBXN7,PL12133,,,
UBXN7,PL12134,,,
UBXN7,PL12135,,,
UBXN7,PL12145,,,
SKP1,PL12147,,,
FBXO21,PL12147,,,
DCUN1D3,PL12147,,,
COPS7B,PL12152,,,
DCAF11,PL12152,,,
WDTC1,PL12152,,,
DCAF11,PL12153,,,
WDTC1,PL12153,,,
DCAF11,PL12154,,,
WDTC1,PL12154,,,
PL11946,R-HSA-9006931,,,
PL11947,R-HSA-9006931,,,
PL11948,R-HSA-9006931,,,
PL11949,R-HSA-9006931,,,
PL11950,R-HSA-9006931,,,
PL11951,R-HSA-9006931,,,
PL11972,R-HSA-9006931,,,
PL11975,R-HSA-9006931,,,
PL11976,R-HSA-9006931,,,
PL11984,R-HSA-9006931,,,
PL11987,R-HSA-9006931,,,
PL11988,R-HSA-9006931,,,
PL11989,R-HSA-9006931,,,
PL11994,R-HSA-9006931,,,
PL12006,R-HSA-9006931,,,
PL12009,R-HSA-9006931,,,
PL12010,R-HSA-9006931,,,
PL12047,R-HSA-9006931,,,
PL12056,R-HSA-9006931,,,
PL12070,R-HSA-9006931,,,
PL12088,R-HSA-9006931,,,
PPP5C,PL11946,,,
PPP5C,PL11947,,,
PPP5C,PL11948,,,
PPP5C,PL11949,,,
PPP5C,PL11950,,,
PPP5C,PL11951,,,
GNAI1,PL11972,,,
IGF1R,PL11972,,,
GNAI1,PL11975,,,
GNAI1,PL11976,,,
IGF1R,PL11984,,,
TBP,PL11987,,,
NCOA2,PL11988,,,
NCOA2,PL11989,,,
TBP,PL11994,,,
TBP,PL12006,,,
ZNF217,PL12009,,,
NR5A2,PL12009,,,
ZNF217,PL12010,,,
NR5A2,PL12010,,,
SCD,PL12047,,,
ABCA1,PL12056,,,
ABCA1,PL12070,,,
CYP26B1,PL12088,,,
PL15076,R-HSA-453279,,,
PL15083,R-HSA-453279,,,
PL15094,R-HSA-453279,,,
PL15095,R-HSA-453279,,,
PL15096,R-HSA-453279,,,
PL15103,R-HSA-453279,,,
PL15107,R-HSA-453279,,,
PL15113,R-HSA-453279,,,
PL15114,R-HSA-453279,,,
PL15116,R-HSA-453279,,,
PL15117,R-HSA-453279,,,
PL15118,R-HSA-453279,,,
PL15124,R-HSA-453279,,,
PL15125,R-HSA-453279,,,
PL15126,R-HSA-453279,,,
PL15127,R-HSA-453279,,,
PL15130,R-HSA-453279,,,
PL15131,R-HSA-453279,,,
PL15132,R-HSA-453279,,,
PL15133,R-HSA-453279,,,
PL15134,R-HSA-453279,,,
PL15135,R-HSA-453279,,,
PL15136,R-HSA-453279,,,
PL15137,R-HSA-453279,,,
PL15138,R-HSA-453279,,,
PL15139,R-HSA-453279,,,
PL15140,R-HSA-453279,,,
PL15141,R-HSA-453279,,,
PL15142,R-HSA-453279,,,
PL15170,R-HSA-453279,,,
PL15171,R-HSA-453279,,,
PL15172,R-HSA-453279,,,
PL15173,R-HSA-453279,,,
E2F5,PL15076,,,
MAX,PL15083,,,
RPA1,PL15094,,,
RPA1,PL15095,,,
RPA1,PL15096,,,
E2F5,PL15103,,,
CCND1,PL15107,,,
CCND1,PL15113,,,
CCND1,PL15114,,,
E2F5,PL15116,,,
SKP1,PL15117,,,
SKP1,PL15118,,,
E2F5,PL15124,,,
E2F5,PL15125,,,
MAX,PL15126,,,
MAX,PL15127,,,
E2F5,PL15130,,,
E2F5,PL15131,,,
E2F5,PL15132,,,
E2F5,PL15133,,,
E2F5,PL15134,,,
E2F5,PL15135,,,
E2F5,PL15136,,,
E2F5,PL15137,,,
E2F5,PL15138,,,
E2F5,PL15139,,,
E2F5,PL15140,,,
E2F5,PL15141,,,
E2F5,PL15142,,,
SKP1,PL15170,,,
SKP1,PL15171,,,
SKP1,PL15172,,,
SKP1,PL15173,,,
PL18918,R-HSA-5663213,,,
PL18919,R-HSA-5663213,,,
PL14708,R-HSA-5663213,,,
ABI2,PL18918,,,
ABI2,PL18919,,,
ABI2,PL14708,,,
PL04974,R-HSA-9694631,,,
UBE2I,PL04974,,,
PL00017,R-HSA-1362300,,,
PL01809,R-HSA-9009391,,,
PL05643,R-HSA-9009391,,,
PL05644,R-HSA-9009391,,,
PL05652,R-HSA-9009391,,,
GNAI1,PL01809,,,
IGF1R,PL01809,,,
GNAI1,PL05643,,,
GNAI1,PL05644,,,
IGF1R,PL05652,,,
PL12316,R-HSA-2404192,,,
PL12317,R-HSA-2404192,,,
PL12318,R-HSA-2404192,,,
PL12319,R-HSA-2404192,,,
PL12320,R-HSA-2404192,,,
PL12323,R-HSA-2404192,,,
PL12324,R-HSA-2404192,,,
PL12325,R-HSA-2404192,,,
IGF1R,PL12316,,,
IGF1R,PL12317,,,
IGF1R,PL12318,,,
IGF1R,PL12319,,,
IGF1R,PL12320,,,
IGF1R,PL12323,,,
IGF1R,PL12324,,,
IGF1R,PL12325,,,
PL05049,R-HSA-421270,,,
PL05051,R-HSA-421270,,,
PL05098,R-HSA-421270,,,
PL05101,R-HSA-421270,,,
PL05102,R-HSA-421270,,,
PL05103,R-HSA-421270,,,
PL05104,R-HSA-421270,,,
PL05178,R-HSA-421270,,,
PL05179,R-HSA-421270,,,
PL05191,R-HSA-421270,,,
PL05192,R-HSA-421270,,,
PL05193,R-HSA-421270,,,
CADM1,PL05049,,,
CADM1,PL05051,,,
HOXC8,PL05098,,,
ZEB2,PL05098,,,
HOXC8,PL05101,,,
HOXC8,PL05102,,,
HOXC8,PL05103,,,
HOXC8,PL05104,,,
ZEB2,PL05178,,,
ZEB2,PL05179,,,
ZEB2,PL05191,,,
ZEB2,PL05192,,,
ZEB2,PL05193,,,
PL07798,R-HSA-190236,,,
PL07799,R-HSA-190236,,,
PL07800,R-HSA-190236,,,
PL07801,R-HSA-190236,,,
PL07802,R-HSA-190236,,,
PL07803,R-HSA-190236,,,
HNRNPF,PL07798,,,
HNRNPF,PL07799,,,
HNRNPF,PL07800,,,
HNRNPA1,PL07801,,,
HNRNPA1,PL07802,,,
HNRNPA1,PL07803,,,
PL18977,R-HSA-201451,,,
CHRDL1,PL18977,,,
FSTL1,PL18977,,,
PL16682,R-HSA-1266738,,,
PL16695,R-HSA-1266738,,,
PL16696,R-HSA-1266738,,,
PL16697,R-HSA-1266738,,,
PL16700,R-HSA-1266738,,,
PL16702,R-HSA-1266738,,,
PL16724,R-HSA-1266738,,,
PL16726,R-HSA-1266738,,,
PL16730,R-HSA-1266738,,,
PL16731,R-HSA-1266738,,,
PL16736,R-HSA-1266738,,,
PL16740,R-HSA-1266738,,,
PL16744,R-HSA-1266738,,,
PL16750,R-HSA-1266738,,,
PL16751,R-HSA-1266738,,,
PL16756,R-HSA-1266738,,,
PL16757,R-HSA-1266738,,,
PL16777,R-HSA-1266738,,,
PL16781,R-HSA-1266738,,,
PL16782,R-HSA-1266738,,,
PL16829,R-HSA-1266738,,,
PL16832,R-HSA-1266738,,,
PL16833,R-HSA-1266738,,,
PL16876,R-HSA-1266738,,,
PL16877,R-HSA-1266738,,,
PL16878,R-HSA-1266738,,,
PL16909,R-HSA-1266738,,,
PL16910,R-HSA-1266738,,,
PL16915,R-HSA-1266738,,,
PL16927,R-HSA-1266738,,,
PL16928,R-HSA-1266738,,,
PL16978,R-HSA-1266738,,,
PL16982,R-HSA-1266738,,,
PL16989,R-HSA-1266738,,,
PL16990,R-HSA-1266738,,,
PL16991,R-HSA-1266738,,,
PL16992,R-HSA-1266738,,,
PL16993,R-HSA-1266738,,,
PL17119,R-HSA-1266738,,,
PL17120,R-HSA-1266738,,,
PL17121,R-HSA-1266738,,,
PL17128,R-HSA-1266738,,,
PL17135,R-HSA-1266738,,,
PL17136,R-HSA-1266738,,,
PL17140,R-HSA-1266738,,,
PL17153,R-HSA-1266738,,,
PL17154,R-HSA-1266738,,,
PL17180,R-HSA-1266738,,,
PL17181,R-HSA-1266738,,,
PL17183,R-HSA-1266738,,,
PL17188,R-HSA-1266738,,,
PL17195,R-HSA-1266738,,,
PL17196,R-HSA-1266738,,,
PL17252,R-HSA-1266738,,,
PL17258,R-HSA-1266738,,,
PL17259,R-HSA-1266738,,,
PL17319,R-HSA-1266738,,,
PL17340,R-HSA-1266738,,,
PL17342,R-HSA-1266738,,,
PL17343,R-HSA-1266738,,,
PL17344,R-HSA-1266738,,,
PL17447,R-HSA-1266738,,,
PL17448,R-HSA-1266738,,,
PL17449,R-HSA-1266738,,,
PL17455,R-HSA-1266738,,,
PL17456,R-HSA-1266738,,,
PL17462,R-HSA-1266738,,,
PL17463,R-HSA-1266738,,,
PL17464,R-HSA-1266738,,,
PL17465,R-HSA-1266738,,,
PL17466,R-HSA-1266738,,,
PL17467,R-HSA-1266738,,,
PL17468,R-HSA-1266738,,,
PL17469,R-HSA-1266738,,,
PL17470,R-HSA-1266738,,,
PL17474,R-HSA-1266738,,,
PL17485,R-HSA-1266738,,,
PL17486,R-HSA-1266738,,,
PL17487,R-HSA-1266738,,,
PL17488,R-HSA-1266738,,,
PL17501,R-HSA-1266738,,,
PL17502,R-HSA-1266738,,,
PL17503,R-HSA-1266738,,,
PL17504,R-HSA-1266738,,,
PL17505,R-HSA-1266738,,,
PL17506,R-HSA-1266738,,,
PL17507,R-HSA-1266738,,,
PL17508,R-HSA-1266738,,,
PL17509,R-HSA-1266738,,,
PL17514,R-HSA-1266738,,,
PL17515,R-HSA-1266738,,,
PL17519,R-HSA-1266738,,,
PL17525,R-HSA-1266738,,,
PL17526,R-HSA-1266738,,,
PL17527,R-HSA-1266738,,,
PL17528,R-HSA-1266738,,,
PL17529,R-HSA-1266738,,,
PL17530,R-HSA-1266738,,,
PL17531,R-HSA-1266738,,,
PL17532,R-HSA-1266738,,,
PL17535,R-HSA-1266738,,,
PL17541,R-HSA-1266738,,,
PL17542,R-HSA-1266738,,,
PL17543,R-HSA-1266738,,,
PL17544,R-HSA-1266738,,,
PL17546,R-HSA-1266738,,,
PL17547,R-HSA-1266738,,,
PL17548,R-HSA-1266738,,,
PL17549,R-HSA-1266738,,,
PL17562,R-HSA-1266738,,,
PL17563,R-HSA-1266738,,,
PL17564,R-HSA-1266738,,,
PL17565,R-HSA-1266738,,,
PL17609,R-HSA-1266738,,,
PL17610,R-HSA-1266738,,,
PL17611,R-HSA-1266738,,,
PL17636,R-HSA-1266738,,,
PL17646,R-HSA-1266738,,,
PL17674,R-HSA-1266738,,,
PL17678,R-HSA-1266738,,,
PL17691,R-HSA-1266738,,,
PL17692,R-HSA-1266738,,,
MEF2C,PL16682,,,
FOXP1,PL16695,,,
FOXP1,PL16696,,,
HIF3A,PL16697,,,
FOXP1,PL16700,,,
FOXP1,PL16702,,,
ACVR1C,PL16724,,,
SMAD2,PL16726,,,
MEF2C,PL16730,,,
MEF2C,PL16731,,,
MEF2C,PL16736,,,
MEF2C,PL16740,,,
MEF2C,PL16744,,,
MEF2C,PL16750,,,
MEF2C,PL16751,,,
FLI1,PL16756,,,
FLI1,PL16757,,,
KDM6B,PL16777,,,
TET3,PL16781,,,
TET3,PL16782,,,
HMGCR,PL16829,,,
DAG1,PL16832,,,
DAG1,PL16833,,,
TFAP2B,PL16876,,,
TFAP2B,PL16877,,,
TFAP2B,PL16878,,,
ZEB2,PL16909,,,
ZEB2,PL16910,,,
ZEB2,PL16915,,,
ZEB2,PL16927,,,
ZEB2,PL16928,,,
FGF2,PL16978,,,
RARB,PL16982,,,
RARB,PL16989,,,
RARB,PL16990,,,
RARB,PL16991,,,
RARB,PL16992,,,
RARB,PL16993,,,
NCOA2,PL17119,,,
NCOA2,PL17120,,,
EBF1,PL17121,,,
NCOA2,PL17121,,,
NCOA2,PL17128,,,
NCOA2,PL17135,,,
NCOA2,PL17136,,,
NCOA2,PL17140,,,
EBF1,PL17153,,,
NCOA2,PL17154,,,
FGF2,PL17180,,,
EMX2,PL17181,,,
FGF2,PL17181,,,
PCDH19,PL17183,,,
MTA3,PL17188,,,
EMX2,PL17195,,,
EMX2,PL17196,,,
EPHB2,PL17252,,,
ENAH,PL17258,,,
ENAH,PL17259,,,
CCND1,PL17319,,,
BCL7C,PL17340,,,
BCL7C,PL17342,,,
BCL7C,PL17343,,,
BCL7C,PL17344,,,
MTA3,PL17447,,,
MTA3,PL17448,,,
MTA3,PL17449,,,
FGF2,PL17455,,,
FGF2,PL17456,,,
EPHB2,PL17462,,,
EPHB2,PL17463,,,
EPHB2,PL17464,,,
EPHB2,PL17465,,,
EPHB2,PL17466,,,
EPHB2,PL17467,,,
EPHB2,PL17468,,,
EPHB2,PL17469,,,
EPHB2,PL17470,,,
ITSN1,PL17474,,,
ITSN1,PL17485,,,
ITSN1,PL17486,,,
ITSN1,PL17487,,,
ITSN1,PL17488,,,
EPHB2,PL17501,,,
EPHB2,PL17502,,,
EPHB2,PL17503,,,
EPHB2,PL17504,,,
EPHB2,PL17505,,,
NRP1,PL17506,,,
PLXNA4,PL17507,,,
NRP1,PL17507,,,
PLXNA4,PL17508,,,
NRP1,PL17508,,,
PLXNA4,PL17509,,,
NRP1,PL17509,,,
NRP1,PL17514,,,
NRP1,PL17515,,,
PLXNA4,PL17519,,,
PLXNA4,PL17525,,,
NRP1,PL17525,,,
PLXNA4,PL17526,,,
NRP1,PL17526,,,
PLXNA4,PL17527,,,
NRP1,PL17527,,,
PLXNA4,PL17528,,,
NRP1,PL17528,,,
NRP1,PL17529,,,
NRP1,PL17530,,,
NRP1,PL17531,,,
NRP1,PL17532,,,
DLG3,PL17535,,,
ANK1,PL17541,,,
ANK3,PL17542,,,
ANK1,PL17542,,,
ANK3,PL17543,,,
ANK1,PL17543,,,
ANK3,PL17544,,,
ANK1,PL17544,,,
ANK1,PL17546,,,
ANK1,PL17547,,,
ANK3,PL17548,,,
ANK1,PL17548,,,
ANK1,PL17549,,,
ANK1,PL17562,,,
NRP1,PL17563,,,
NRP1,PL17564,,,
NRP1,PL17565,,,
RPS3,PL17609,,,
RPL14,PL17609,,,
RPS3,PL17610,,,
RPL14,PL17610,,,
DAG1,PL17611,,,
PAK4,PL17636,,,
ST8SIA2,PL17646,,,
PITPNA,PL17674,,,
PITPNA,PL17678,,,
MYH9,PL17691,,,
MYH9,PL17692,,,
PL02985,R-HSA-8873719,,,
PL02988,R-HSA-8873719,,,
RAB15,PL02985,,,
RAB5B,PL02985,,,
RAB15,PL02988,,,
RAB5B,PL02988,,,
PL04722,R-HSA-5654738,,,
PL04723,R-HSA-5654738,,,
PL04724,R-HSA-5654738,,,
PL04725,R-HSA-5654738,,,
PL04726,R-HSA-5654738,,,
PL04727,R-HSA-5654738,,,
HNRNPF,PL04722,,,
HNRNPF,PL04723,,,
HNRNPF,PL04724,,,
HNRNPA1,PL04725,,,
HNRNPA1,PL04726,,,
HNRNPA1,PL04727,,,
PL16543,R-HSA-373755,,,
PL16544,R-HSA-373755,,,
PL16545,R-HSA-373755,,,
PL16546,R-HSA-373755,,,
PL16550,R-HSA-373755,,,
PL16551,R-HSA-373755,,,
PL16552,R-HSA-373755,,,
PL16556,R-HSA-373755,,,
PL16562,R-HSA-373755,,,
PL16563,R-HSA-373755,,,
PL16564,R-HSA-373755,,,
PL16565,R-HSA-373755,,,
PL16566,R-HSA-373755,,,
PL16567,R-HSA-373755,,,
PL16568,R-HSA-373755,,,
NRP1,PL16543,,,
PLXNA4,PL16544,,,
NRP1,PL16544,,,
PLXNA4,PL16545,,,
NRP1,PL16545,,,
PLXNA4,PL16546,,,
NRP1,PL16546,,,
NRP1,PL16550,,,
NRP1,PL16551,,,
NRP1,PL16552,,,
PLXNA4,PL16556,,,
PLXNA4,PL16562,,,
NRP1,PL16562,,,
PLXNA4,PL16563,,,
NRP1,PL16563,,,
PLXNA4,PL16564,,,
NRP1,PL16564,,,
PLXNA4,PL16565,,,
NRP1,PL16565,,,
NRP1,PL16566,,,
NRP1,PL16567,,,
NRP1,PL16568,,,
PL14165,R-HSA-194138,,,
PL14166,R-HSA-194138,,,
PL14183,R-HSA-194138,,,
PL14186,R-HSA-194138,,,
PL14187,R-HSA-194138,,,
PL14188,R-HSA-194138,,,
PL14189,R-HSA-194138,,,
PL14198,R-HSA-194138,,,
PL14199,R-HSA-194138,,,
PL14200,R-HSA-194138,,,
ABI2,PL14165,,,
NRP1,PL14166,,,
CALM1,PL14183,,,
CALM1,PL14186,,,
CALM1,PL14187,,,
CALM1,PL14188,,,
CALM1,PL14189,,,
CALM1,PL14198,,,
CALM1,PL14199,,,
CALM1,PL14200,,,
PL17893,R-HSA-432722,,,
PL17894,R-HSA-432722,,,
PL17895,R-HSA-432722,,,
PL17896,R-HSA-432722,,,
TPD52,PL17893,,,
TPD52,PL17894,,,
TPD52,PL17895,,,
TPD52,PL17896,,,
PL04839,R-HSA-447041,,,
NRP1,PL04839,,,
PL17746,R-HSA-399956,,,
PL17747,R-HSA-399956,,,
PL17748,R-HSA-399956,,,
PL17749,R-HSA-399956,,,
PL17750,R-HSA-399956,,,
NRP1,PL17746,,,
PLXNA4,PL17747,,,
NRP1,PL17747,,,
PLXNA4,PL17748,,,
NRP1,PL17748,,,
PLXNA4,PL17749,,,
NRP1,PL17749,,,
PLXNA4,PL17750,,,
NRP1,PL17750,,,
PL16327,R-HSA-8943723,,,
PL16328,R-HSA-8943723,,,
PL00017,R-HSA-8943723,,,
AGO1,PL16327,,,
AGO1,PL16328,,,
PL04378,R-HSA-977443,,,
PL04379,R-HSA-977443,,,
PL04380,R-HSA-977443,,,
PL04381,R-HSA-977443,,,
PL04382,R-HSA-977443,,,
GNAI1,PL04378,,,
GNAI1,PL04379,,,
GNAI1,PL04380,,,
GNAI1,PL04381,,,
GNAI1,PL04382,,,
PL07418,R-HSA-195721,,,
PL07419,R-HSA-195721,,,
PL07420,R-HSA-195721,,,
PL07441,R-HSA-195721,,,
PL07442,R-HSA-195721,,,
PL07443,R-HSA-195721,,,
PL07462,R-HSA-195721,,,
PL07476,R-HSA-195721,,,
PL07482,R-HSA-195721,,,
PL07483,R-HSA-195721,,,
PL07484,R-HSA-195721,,,
PL07485,R-HSA-195721,,,
PL07486,R-HSA-195721,,,
PL07487,R-HSA-195721,,,
PL07492,R-HSA-195721,,,
PL07493,R-HSA-195721,,,
PL07494,R-HSA-195721,,,
PL07553,R-HSA-195721,,,
PL07554,R-HSA-195721,,,
PL07555,R-HSA-195721,,,
PL07556,R-HSA-195721,,,
PL07557,R-HSA-195721,,,
PL07559,R-HSA-195721,,,
PL07560,R-HSA-195721,,,
SKP1,PL07418,,,
SKP1,PL07419,,,
SKP1,PL07420,,,
FZD4,PL07441,,,
FZD4,PL07442,,,
FZD4,PL07443,,,
FZD4,PL07462,,,
CSNK1G2,PL07476,,,
RSPO3,PL07482,,,
RSPO3,PL07483,,,
RSPO3,PL07484,,,
FZD4,PL07485,,,
FZD4,PL07486,,,
FZD4,PL07487,,,
CUL3,PL07492,,,
CUL3,PL07493,,,
CUL3,PL07494,,,
FZD4,PL07553,,,
FZD4,PL07554,,,
FZD4,PL07555,,,
FZD4,PL07556,,,
FZD4,PL07557,,,
FZD4,PL07559,,,
FZD4,PL07560,,,
PL18971,R-HSA-6806834,,,
RAP1B,PL18971,,,
PL02672,R-HSA-1445148,,,
PL02676,R-HSA-1445148,,,
TBC1D4,PL02672,,,
TBC1D4,PL02676,,,
PL04064,R-HSA-4641263,,,
PL04065,R-HSA-4641263,,,
PL04066,R-HSA-4641263,,,
FZD4,PL04064,,,
FZD4,PL04065,,,
FZD4,PL04066,,,
PL08165,R-HSA-1502540,,,
PL08166,R-HSA-1502540,,,
PL08169,R-HSA-1502540,,,
ACVR1C,PL08165,,,
ACVR1C,PL08166,,,
SMAD2,PL08169,,,
PL01617,R-HSA-8876198,,,
PL01618,R-HSA-8876198,,,
PL01619,R-HSA-8876198,,,
PL01620,R-HSA-8876198,,,
PL01621,R-HSA-8876198,,,
PL01622,R-HSA-8876198,,,
PL01623,R-HSA-8876198,,,
PL01624,R-HSA-8876198,,,
PL01625,R-HSA-8876198,,,
PL01628,R-HSA-8876198,,,
PL01629,R-HSA-8876198,,,
PL01630,R-HSA-8876198,,,
PL01631,R-HSA-8876198,,,
PL01632,R-HSA-8876198,,,
PL01633,R-HSA-8876198,,,
PL01635,R-HSA-8876198,,,
PL01636,R-HSA-8876198,,,
PL01637,R-HSA-8876198,,,
GDI2,PL01617,,,
GDI2,PL01618,,,
GDI2,PL01619,,,
GDI2,PL01620,,,
GDI2,PL01621,,,
GDI2,PL01622,,,
GDI2,PL01623,,,
GDI2,PL01624,,,
GDI2,PL01625,,,
GDI2,PL01628,,,
GDI2,PL01629,,,
GDI2,PL01630,,,
GDI2,PL01631,,,
GDI2,PL01632,,,
GDI2,PL01633,,,
GDI2,PL01635,,,
GDI2,PL01636,,,
GDI2,PL01637,,,
PL03013,R-HSA-8853884,,,
PL03014,R-HSA-8853884,,,
PL03017,R-HSA-8853884,,,
PL03018,R-HSA-8853884,,,
TP53,PL03014,,,
ANAPC15,PL03017,,,
PL04720,R-HSA-425381,,,
SLC4A4,PL04720,,,
