id,label,type,qvalue
hsa-miR-22-3p,hsa-miR-22-3p,MicroRNA,
hsa-miR-452-5p,hsa-miR-452-5p,MicroRNA,
hsa-miR-141-3p,hsa-miR-141-3p,MicroRNA,
hsa-miR-200a-3p,hsa-miR-200a-3p,MicroRNA,
hsa-miR-224-5p,hsa-miR-224-5p,MicroRNA,
hsa-miR-486-5p,hsa-miR-486-5p,MicroRNA,
hsa-miR-378a-3p,hsa-miR-378a-3p,MicroRNA,
hsa-miR-181c-5p,hsa-miR-181c-5p,MicroRNA,
hsa-miR-200b-3p,hsa-miR-200b-3p,MicroRNA,
hsa-miR-139-5p,hsa-miR-139-5p,MicroRNA,
hsa-miR-135b-5p,hsa-miR-135b-5p,MicroRNA,
hsa-miR-200c-3p,hsa-miR-200c-3p,MicroRNA,
hsa-miR-145-5p,hsa-miR-145-5p,MicroRNA,
hsa-miR-185-5p,hsa-miR-185-5p,MicroRNA,
hsa-miR-365a-3p,hsa-miR-365a-3p,MicroRNA,
hsa-miR-365b-3p,hsa-miR-365b-3p,MicroRNA,
hsa-miR-20b-5p,hsa-miR-20b-5p,MicroRNA,
hsa-miR-429,hsa-miR-429,MicroRNA,
hsa-miR-193b-3p,hsa-miR-193b-3p,MicroRNA,
hsa-miR-652-3p,hsa-miR-652-3p,MicroRNA,
hsa-let-7b-5p,hsa-let-7b-5p,MicroRNA,
hsa-miR-93-5p,hsa-miR-93-5p,MicroRNA,
hsa-miR-196a-5p,hsa-miR-196a-5p,MicroRNA,
hsa-miR-223-3p,hsa-miR-223-3p,MicroRNA,
hsa-miR-148a-3p,hsa-miR-148a-3p,MicroRNA,
hsa-miR-215-5p,hsa-miR-215-5p,MicroRNA,
hsa-miR-15a-5p,hsa-miR-15a-5p,MicroRNA,
hsa-miR-193a-5p,hsa-miR-193a-5p,MicroRNA,
hsa-miR-326,hsa-miR-326,MicroRNA,
hsa-miR-18a-5p,hsa-miR-18a-5p,MicroRNA,
hsa-miR-182-5p,hsa-miR-182-5p,MicroRNA,
hsa-miR-362-5p,hsa-miR-362-5p,MicroRNA,
hsa-miR-532-3p,hsa-miR-532-3p,MicroRNA,
hsa-miR-30e-5p,hsa-miR-30e-5p,MicroRNA,
hsa-miR-30a-5p,hsa-miR-30a-5p,MicroRNA,
hsa-miR-31-5p,hsa-miR-31-5p,MicroRNA,
hsa-miR-9-5p,hsa-miR-9-5p,MicroRNA,
hsa-miR-140-5p,hsa-miR-140-5p,MicroRNA,
hsa-miR-381-3p,hsa-miR-381-3p,MicroRNA,
hsa-miR-181b-5p,hsa-miR-181b-5p,MicroRNA,
hsa-miR-186-5p,hsa-miR-186-5p,MicroRNA,
hsa-miR-181d-5p,hsa-miR-181d-5p,MicroRNA,
hsa-miR-195-5p,hsa-miR-195-5p,MicroRNA,
hsa-miR-24-3p,hsa-miR-24-3p,MicroRNA,
hsa-miR-378c,hsa-miR-378c,MicroRNA,
hsa-miR-363-3p,hsa-miR-363-3p,MicroRNA,
hsa-let-7d-5p,hsa-let-7d-5p,MicroRNA,
hsa-miR-7-5p,hsa-miR-7-5p,MicroRNA,
hsa-miR-16-5p,hsa-miR-16-5p,MicroRNA,
hsa-miR-424-5p,hsa-miR-424-5p,MicroRNA,
hsa-miR-181a-5p,hsa-miR-181a-5p,MicroRNA,
hsa-miR-132-3p,hsa-miR-132-3p,MicroRNA,
hsa-miR-335-5p,hsa-miR-335-5p,MicroRNA,
hsa-miR-144-3p,hsa-miR-144-3p,MicroRNA,
hsa-let-7e-5p,hsa-let-7e-5p,MicroRNA,
hsa-miR-107,hsa-miR-107,MicroRNA,
hsa-miR-501-3p,hsa-miR-501-3p,MicroRNA,
hsa-miR-425-5p,hsa-miR-425-5p,MicroRNA,
hsa-let-7c-5p,hsa-let-7c-5p,MicroRNA,
hsa-miR-106a-5p,hsa-miR-106a-5p,MicroRNA,
hsa-miR-1306-5p,hsa-miR-1306-5p,MicroRNA,
hsa-miR-205-5p,hsa-miR-205-5p,MicroRNA,
hsa-miR-339-5p,hsa-miR-339-5p,MicroRNA,
hsa-miR-30c-5p,hsa-miR-30c-5p,MicroRNA,
hsa-miR-98-5p,hsa-miR-98-5p,MicroRNA,
hsa-miR-454-3p,hsa-miR-454-3p,MicroRNA,
hsa-miR-17-5p,hsa-miR-17-5p,MicroRNA,
hsa-miR-150-5p,hsa-miR-150-5p,MicroRNA,
hsa-miR-152-3p,hsa-miR-152-3p,MicroRNA,
hsa-miR-370-5p,hsa-miR-370-5p,MicroRNA,
hsa-miR-338-3p,hsa-miR-338-3p,MicroRNA,
hsa-miR-15b-5p,hsa-miR-15b-5p,MicroRNA,
hsa-miR-34c-5p,hsa-miR-34c-5p,MicroRNA,
hsa-miR-1-3p,hsa-miR-1-3p,MicroRNA,
hsa-miR-320b,hsa-miR-320b,MicroRNA,
hsa-miR-455-5p,hsa-miR-455-5p,MicroRNA,
hsa-miR-10a-5p,hsa-miR-10a-5p,MicroRNA,
hsa-miR-324-5p,hsa-miR-324-5p,MicroRNA,
hsa-miR-30d-5p,hsa-miR-30d-5p,MicroRNA,
hsa-miR-143-3p,hsa-miR-143-3p,MicroRNA,
hsa-miR-423-5p,hsa-miR-423-5p,MicroRNA,
hsa-miR-129-5p,hsa-miR-129-5p,MicroRNA,
hsa-miR-29b-3p,hsa-miR-29b-3p,MicroRNA,
hsa-let-7g-5p,hsa-let-7g-5p,MicroRNA,
hsa-miR-204-5p,hsa-miR-204-5p,MicroRNA,
hsa-miR-29c-3p,hsa-miR-29c-3p,MicroRNA,
hsa-miR-33b-5p,hsa-miR-33b-5p,MicroRNA,
hsa-miR-19b-3p,hsa-miR-19b-3p,MicroRNA,
hsa-miR-421,hsa-miR-421,MicroRNA,
hsa-miR-301a-3p,hsa-miR-301a-3p,MicroRNA,
hsa-miR-100-5p,hsa-miR-100-5p,MicroRNA,
hsa-miR-106b-5p,hsa-miR-106b-5p,MicroRNA,
hsa-miR-26a-5p,hsa-miR-26a-5p,MicroRNA,
hsa-miR-491-5p,hsa-miR-491-5p,MicroRNA,
hsa-miR-130b-3p,hsa-miR-130b-3p,MicroRNA,
hsa-miR-142-5p,hsa-miR-142-5p,MicroRNA,
hsa-miR-221-3p,hsa-miR-221-3p,MicroRNA,
hsa-miR-148b-3p,hsa-miR-148b-3p,MicroRNA,
hsa-miR-25-3p,hsa-miR-25-3p,MicroRNA,
hsa-miR-103a-3p,hsa-miR-103a-3p,MicroRNA,
hsa-miR-222-3p,hsa-miR-222-3p,MicroRNA,
hsa-miR-760,hsa-miR-760,MicroRNA,
hsa-miR-328-3p,hsa-miR-328-3p,MicroRNA,
hsa-miR-199b-3p,hsa-miR-199b-3p,MicroRNA,
hsa-miR-199a-3p,hsa-miR-199a-3p,MicroRNA,
hsa-miR-340-5p,hsa-miR-340-5p,MicroRNA,
hsa-miR-409-3p,hsa-miR-409-3p,MicroRNA,
hsa-miR-582-5p,hsa-miR-582-5p,MicroRNA,
RPS3,RPS3,Messenger RNA,
RPA1,RPA1,Messenger RNA,
RPL14,RPL14,Messenger RNA,
LRRC1,LRRC1,Messenger RNA,
FZD4,FZD4,Messenger RNA,
RAB5B,RAB5B,Messenger RNA,
KAT7,KAT7,Messenger RNA,
CADM1,CADM1,Messenger RNA,
NRP1,NRP1,Messenger RNA,
HCAR2,HCAR2,Messenger RNA,
GNAI1,GNAI1,Messenger RNA,
EMX2,EMX2,Messenger RNA,
ITSN1,ITSN1,Messenger RNA,
RCC2,RCC2,Messenger RNA,
HNRNPA1,HNRNPA1,Messenger RNA,
DAG1,DAG1,Messenger RNA,
PAK4,PAK4,Messenger RNA,
ZNF740,ZNF740,Messenger RNA,
PLXNA4,PLXNA4,Messenger RNA,
PITPNA,PITPNA,Messenger RNA,
GHR,GHR,Messenger RNA,
ASB6,ASB6,Messenger RNA,
TP53,TP53,Messenger RNA,
ZEB2,ZEB2,Messenger RNA,
PADI2,PADI2,Messenger RNA,
XPO5,XPO5,Messenger RNA,
NCOA2,NCOA2,Messenger RNA,
MDM4,MDM4,Messenger RNA,
F2RL1,F2RL1,Messenger RNA,
PPP5C,PPP5C,Messenger RNA,
SLC4A4,SLC4A4,Messenger RNA,
TET3,TET3,Messenger RNA,
CUL3,CUL3,Messenger RNA,
HMGCR,HMGCR,Messenger RNA,
GDI2,GDI2,Messenger RNA,
CHRDL1,CHRDL1,Messenger RNA,
TPD52,TPD52,Messenger RNA,
EBF1,EBF1,Messenger RNA,
COPS7B,COPS7B,Messenger RNA,
SKP1,SKP1,Messenger RNA,
TTC5,TTC5,Messenger RNA,
MTA3,MTA3,Messenger RNA,
WDTC1,WDTC1,Messenger RNA,
ARID4B,ARID4B,Messenger RNA,
NFYA,NFYA,Messenger RNA,
ZNF710,ZNF710,Messenger RNA,
HNRNPF,HNRNPF,Messenger RNA,
UBE2I,UBE2I,Messenger RNA,
MSL2,MSL2,Messenger RNA,
ANAPC15,ANAPC15,Messenger RNA,
DYNLL2,DYNLL2,Messenger RNA,
ST8SIA2,ST8SIA2,Messenger RNA,
HOXC8,HOXC8,Messenger RNA,
MYBL1,MYBL1,Messenger RNA,
OCLN,OCLN,Messenger RNA,
KCNAB3,KCNAB3,Messenger RNA,
CYP26B1,CYP26B1,Messenger RNA,
AGO1,AGO1,Messenger RNA,
NR5A2,NR5A2,Messenger RNA,
GJC1,GJC1,Messenger RNA,
QSOX1,QSOX1,Messenger RNA,
HAT1,HAT1,Messenger RNA,
ABCA1,ABCA1,Messenger RNA,
ACVR1C,ACVR1C,Messenger RNA,
RAB15,RAB15,Messenger RNA,
FLI1,FLI1,Messenger RNA,
CSNK1G2,CSNK1G2,Messenger RNA,
TBC1D4,TBC1D4,Messenger RNA,
MAX,MAX,Messenger RNA,
SYT12,SYT12,Messenger RNA,
IGF1R,IGF1R,Messenger RNA,
FSTL1,FSTL1,Messenger RNA,
MTMR3,MTMR3,Messenger RNA,
KCTD15,KCTD15,Messenger RNA,
FBXO21,FBXO21,Messenger RNA,
E2F5,E2F5,Messenger RNA,
CBX5,CBX5,Messenger RNA,
ABI2,ABI2,Messenger RNA,
SEC61A1,SEC61A1,Messenger RNA,
GOSR1,GOSR1,Messenger RNA,
SOCS6,SOCS6,Messenger RNA,
LAMTOR3,LAMTOR3,Messenger RNA,
PGRMC2,PGRMC2,Messenger RNA,
ABHD6,ABHD6,Messenger RNA,
EIF4B,EIF4B,Messenger RNA,
FOXP1,FOXP1,Messenger RNA,
SMAD2,SMAD2,Messenger RNA,
HDAC9,HDAC9,Messenger RNA,
PPP2R5C,PPP2R5C,Messenger RNA,
WDR82,WDR82,Messenger RNA,
GRK3,GRK3,Messenger RNA,
ANK2,ANK2,Messenger RNA,
AP2B1,AP2B1,Messenger RNA,
RTN4,RTN4,Messenger RNA,
GMPPB,GMPPB,Messenger RNA,
SCD,SCD,Messenger RNA,
MGAT4A,MGAT4A,Messenger RNA,
GOLGA3,GOLGA3,Messenger RNA,
XIAP,XIAP,Messenger RNA,
IGF1,IGF1,Messenger RNA,
TIAM2,TIAM2,Messenger RNA,
TFAP2B,TFAP2B,Messenger RNA,
NUP43,NUP43,Messenger RNA,
ENAH,ENAH,Messenger RNA,
ANK3,ANK3,Messenger RNA,
PHIP,PHIP,Messenger RNA,
DCUN1D3,DCUN1D3,Messenger RNA,
MEF2D,MEF2D,Messenger RNA,
CALM1,CALM1,Messenger RNA,
INO80D,INO80D,Messenger RNA,
TBP,TBP,Messenger RNA,
BCL7C,BCL7C,Messenger RNA,
PCDH19,PCDH19,Messenger RNA,
ESR2,ESR2,Messenger RNA,
ANK1,ANK1,Messenger RNA,
PRKCE,PRKCE,Messenger RNA,
TSN,TSN,Messenger RNA,
DLG3,DLG3,Messenger RNA,
DICER1,DICER1,Messenger RNA,
ST6GALNAC3,ST6GALNAC3,Messenger RNA,
DCAF10,DCAF10,Messenger RNA,
ATAD2,ATAD2,Messenger RNA,
MKRN1,MKRN1,Messenger RNA,
HIF3A,HIF3A,Messenger RNA,
DCUN1D4,DCUN1D4,Messenger RNA,
ADCY2,ADCY2,Messenger RNA,
OTUD3,OTUD3,Messenger RNA,
ZNRF3,ZNRF3,Messenger RNA,
PPP6R3,PPP6R3,Messenger RNA,
DR1,DR1,Messenger RNA,
ARHGEF10,ARHGEF10,Messenger RNA,
ECE1,ECE1,Messenger RNA,
ARAP2,ARAP2,Messenger RNA,
SMAD5,SMAD5,Messenger RNA,
KDM6B,KDM6B,Messenger RNA,
YWHAZ,YWHAZ,Messenger RNA,
DCAF11,DCAF11,Messenger RNA,
PAK5,PAK5,Messenger RNA,
ARHGAP12,ARHGAP12,Messenger RNA,
TNKS2,TNKS2,Messenger RNA,
MYLK,MYLK,Messenger RNA,
FGF2,FGF2,Messenger RNA,
SATB2,SATB2,Messenger RNA,
PAK3,PAK3,Messenger RNA,
RGS17,RGS17,Messenger RNA,
PHC3,PHC3,Messenger RNA,
GNA11,GNA11,Messenger RNA,
DUSP8,DUSP8,Messenger RNA,
BBC3,BBC3,Messenger RNA,
KCNJ12,KCNJ12,Messenger RNA,
ZFYVE16,ZFYVE16,Messenger RNA,
MYH9,MYH9,Messenger RNA,
LYN,LYN,Messenger RNA,
PIK3R3,PIK3R3,Messenger RNA,
CYLD,CYLD,Messenger RNA,
SYDE1,SYDE1,Messenger RNA,
RANBP10,RANBP10,Messenger RNA,
KSR1,KSR1,Messenger RNA,
CHD3,CHD3,Messenger RNA,
ARHGAP6,ARHGAP6,Messenger RNA,
ACTB,ACTB,Messenger RNA,
PDE3B,PDE3B,Messenger RNA,
RICTOR,RICTOR,Messenger RNA,
GNA13,GNA13,Messenger RNA,
VANGL1,VANGL1,Messenger RNA,
CTBP2,CTBP2,Messenger RNA,
VDAC1,VDAC1,Messenger RNA,
XK,XK,Messenger RNA,
RAB35,RAB35,Messenger RNA,
CBX3,CBX3,Messenger RNA,
KCTD1,KCTD1,Messenger RNA,
DCTN5,DCTN5,Messenger RNA,
CPD,CPD,Messenger RNA,
MYO6,MYO6,Messenger RNA,
UCHL5,UCHL5,Messenger RNA,
FGF1,FGF1,Messenger RNA,
RASAL2,RASAL2,Messenger RNA,
VPS4B,VPS4B,Messenger RNA,
LRP6,LRP6,Messenger RNA,
WASL,WASL,Messenger RNA,
IRS1,IRS1,Messenger RNA,
ARHGEF17,ARHGEF17,Messenger RNA,
EPHB2,EPHB2,Messenger RNA,
RHOBTB1,RHOBTB1,Messenger RNA,
ARF5,ARF5,Messenger RNA,
RAP1B,RAP1B,Messenger RNA,
DAGLA,DAGLA,Messenger RNA,
ELOVL5,ELOVL5,Messenger RNA,
HDAC4,HDAC4,Messenger RNA,
PTCH1,PTCH1,Messenger RNA,
RGS7,RGS7,Messenger RNA,
ADCY9,ADCY9,Messenger RNA,
SOCS4,SOCS4,Messenger RNA,
GGA3,GGA3,Messenger RNA,
ZNF217,ZNF217,Messenger RNA,
HIPK2,HIPK2,Messenger RNA,
RSPO3,RSPO3,Messenger RNA,
RARB,RARB,Messenger RNA,
STX5,STX5,Messenger RNA,
MAF,MAF,Messenger RNA,
PPARGC1B,PPARGC1B,Messenger RNA,
CCND1,CCND1,Messenger RNA,
NUP133,NUP133,Messenger RNA,
PDE5A,PDE5A,Messenger RNA,
PPP1R12A,PPP1R12A,Messenger RNA,
MAD2L1,MAD2L1,Messenger RNA,
TGFBR3,TGFBR3,Messenger RNA,
GNAQ,GNAQ,Messenger RNA,
WNT7B,WNT7B,Messenger RNA,
TRAK1,TRAK1,Messenger RNA,
ASB13,ASB13,Messenger RNA,
MEF2C,MEF2C,Messenger RNA,
UBXN7,UBXN7,Messenger RNA,
R-HSA-162582,Signaling Pathways,Pathway,2.122937970987452e-15
PL09258,Integrin signaling > SYK activation by SRC [ACTIVATION],Pathway Location,
PL09259,Integrin signaling > Activation of Rap1 by membrane-associated GEFs [ACTIVATION],Pathway Location,
PL09260,Integrin signaling > Activated integrin alphaIIb beta3 binds SHC1,Pathway Location,
PL09261,Integrin signaling > SHC1 dissociates from integrin alphaIIb beta3,Pathway Location,
PL09262,Integrin signaling > Release of CSK from SRC,Pathway Location,
PL09263,Integrin signaling > SHC1 bound to integrin alphaIIb beta3 is phosphorylated somehow,Pathway Location,
PL09264,Integrin signaling > Interaction of integrin alphaIIb beta3 with Fibrinogen,Pathway Location,
PL09265,Integrin signaling > Integrin alphaIIb beta3 activation,Pathway Location,
PL09266,Integrin signaling > Clustering of Integrin alphaIIb beta3 complexes,Pathway Location,
PL09267,Integrin signaling > SYK binds to integrin alphaIIb beta3,Pathway Location,
PL09268,Signaling by Erythropoietin > Phospho-JAK2 phosphorylates EPOR [ACTIVATION],Pathway Location,
PL09269,Signaling by Erythropoietin > EPOR binds EPOR agonists,Pathway Location,
PL09270,Signaling by Erythropoietin > JAK2 transphosphorylates and is activated in response to Erythropoietin [ACTIVATION],Pathway Location,
PL09271,Signaling by Erythropoietin > EPO binds EPOR:JAK2:LYN:IRS2,Pathway Location,
PL09315,Signaling by Leptin > Phosphorylated LEP:LEPR:JAK2:SH2B1 Binds IRS1/2,Pathway Location,
PL09316,Signaling by Leptin > JAK2 Phosphorylates IRS in Response to Leptin,Pathway Location,
PL09328,MTOR signalling > mTORC1-mediated signalling > Phosphorylation and activation of eIF4B by activated S6K1 [ACTIVATION],Pathway Location,
PL09334,Integrin signaling > Activation of Talin,Pathway Location,
PL09335,Integrin signaling > Dephosphorylation of inactive SRC by PTPB1 [ACTIVATION],Pathway Location,
PL09336,Integrin signaling > Translocation of PTK2 to Focal complexes,Pathway Location,
PL09337,Integrin signaling > Autophosphorylation of SRC [ACTIVATION],Pathway Location,
PL09338,Integrin signaling > Autophosphorylation of PTK2 at Y397 [ACTIVATION],Pathway Location,
PL09339,Integrin signaling > Phosphorylation of pPTK2 by SRC [ACTIVATION],Pathway Location,
PL09340,Integrin signaling > GRB2:SOS provides linkage to MAPK signaling for Integrins > Interaction of SOS with GRB2 bound to FADK1,Pathway Location,
PL09341,Integrin signaling > GRB2:SOS provides linkage to MAPK signaling for Integrins > Recruitment of GRB2 to p-PTK2,Pathway Location,
PL09342,Integrin signaling > p130Cas linkage to MAPK signaling for integrins > Recruitment of BCAR1 to PTK2 complex,Pathway Location,
PL09343,Integrin signaling > p130Cas linkage to MAPK signaling for integrins > Phosphorylation of BCAR1 by SRC-PTK2 complex [ACTIVATION],Pathway Location,
PL09344,Integrin signaling > p130Cas linkage to MAPK signaling for integrins > Crk binding to p130cas,Pathway Location,
PL09345,Integrin signaling > Translocation of RIAM to plasma membrane,Pathway Location,
PL09347,"Signaling by TGFB family members > Signaling by BMP > The ligand trap binds the ligand BMP2, blocking BMP signalling",Pathway Location,
PL09352,Signaling by TGFB family members > Signaling by BMP > Phospho-R-Smad1/5/8 dissociates from the receptor complex,Pathway Location,
PL09353,Signaling by TGFB family members > Signaling by BMP > Activated type I receptor phosphorylates R-Smad1/5/8 directly [ACTIVATION],Pathway Location,
PL09354,"Signaling by TGFB family members > Signaling by BMP > An anchoring protein, Endofin, recruits R-Smad1/5/8",Pathway Location,
PL09355,Signaling by TGFB family members > Signaling by BMP > Ubiquitin-dependent degradation controls basal levels of R-Smad1/5/8 [ACTIVATION],Pathway Location,
PL09364,"Signaling by TGFB family members > Signaling by Activin > Activin AB,B binds Activin Receptor ACVR2A,B:ACVR1C [INHIBITION]",Pathway Location,
PL09365,"Signaling by TGFB family members > Signaling by Activin > ACVR2A,B (ActRIIA,B) phosphorylates ACVR1C (ActRIC, ALK7) in response to Activin [ACTIVATION]",Pathway Location,
PL09368,Signaling by Nuclear Receptors > ESR-mediated signaling > Estrogen-independent phosphorylation of ESR1 S118 by MAPK1 and MAPK3 [ACTIVATION],Pathway Location,
PL09369,Signaling by Nuclear Receptors > ESR-mediated signaling > HSP90-dependent ATP hydrolysis promotes release of ESR:ESTG from chaperone complex [ACTIVATION],Pathway Location,
PL09370,Signaling by Nuclear Receptors > ESR-mediated signaling > ESTG binds ESR1:chaperone complex,Pathway Location,
PL09371,Signaling by Nuclear Receptors > ESR-mediated signaling > ESR1 binds ESR1 antagonists,Pathway Location,
PL09372,Signaling by Nuclear Receptors > ESR-mediated signaling > ESR1 binds ESR1 agonists,Pathway Location,
PL09373,Signaling by Nuclear Receptors > ESR-mediated signaling > ESTG binds ESR2:chaperone complex,Pathway Location,
PL09385,Signaling by Erythropoietin > Erythropoietin activates Phospholipase C gamma (PLCG) > EPO:phospho-EPOR:phospho-JAK2:LYN:IRS2 binds PLCgamma,Pathway Location,
PL09386,"Signaling by Erythropoietin > Erythropoietin activates Phospholipase C gamma (PLCG) > LYN phosphorylates PLCG1,2 in EPO:phospho-EPOR:phospho-JAK2:LYN:IRS2:PLCG1,2 [ACTIVATION]",Pathway Location,
PL09387,"Signaling by Erythropoietin > Erythropoietin activates Phospholipase C gamma (PLCG) > EPOR-associated PLCG hydrolyzes 1-Phosphatidyl-1D-myo-inositol 4,5-bisphosphate [ACTIVATION]",Pathway Location,
PL09388,Signaling by Erythropoietin > Erythropoietin activates RAS > JAK2 phosphorylates VAV1 in EPO:p-8Y-EPOR:p-12Y-JAK2:LYN:IRS2:p-Y-CRKL:RASGEF1:p-Y-SHC1:GRB2:VAV1 [ACTIVATION],Pathway Location,
PL09389,Signaling by Erythropoietin > Erythropoietin activates RAS > EPO:p-8Y-EPOR:p-12Y-JAK2:LYN:IRS2:p-CRKL:RAPGEF1 binds SHC1,Pathway Location,
PL09390,Signaling by Erythropoietin > Erythropoietin activates RAS > EPO:phospho-EPOR:phospho-JAK2:LYN:IRS2:phospho-CRKL:RAPGEF1:phospho-SHC1 binds GRB2:VAV1,Pathway Location,
PL09391,Signaling by Erythropoietin > Erythropoietin activates RAS > EPO:phospho-EPOR:phospho-JAK2:LYN:IRS2:phospho-CRKL:RAPGEF1:phospho-SHC1 binds GRB2:SOS1,Pathway Location,
PL09392,Signaling by Erythropoietin > Erythropoietin activates RAS > JAK2 phosphorylates SHC1 in EPO:p-8Y-EPOR:p-12Y-JAK2:LYN:p-CRKL:RABGEF1:SHC1 [ACTIVATION],Pathway Location,
PL09393,Signaling by Erythropoietin > Erythropoietin activates RAS > LYN phosphorylates CRKL in EPO:p-8Y-EPOR:p-12Y-JAK2:LYN:IRS2:CRKL:RAPGEF1 [ACTIVATION],Pathway Location,
PL09394,Signaling by Erythropoietin > Erythropoietin activates Phosphoinositide-3-kinase (PI3K) > EPO:phospho-EPOR:phospho-JAK2:LYN:IRS2:phospho-GAB1 binds PI3K,Pathway Location,
PL09395,Signaling by Erythropoietin > Erythropoietin activates Phosphoinositide-3-kinase (PI3K) > JAK2 phosphorylates GAB1 in EPO:phospho-EPOR:phospho-JAK2:LYN:IRS2:GAB1 [ACTIVATION],Pathway Location,
PL09396,Signaling by Erythropoietin > Erythropoietin activates RAS > EPO:p-EPOR:p-JAK2:LYN:IRS2 binds CRKL:RAPGEF1,Pathway Location,
PL09397,Signaling by Erythropoietin > Erythropoietin activates STAT5 > EPO:phospho-EPOR:phospho-JAK2:LYN:IRS2 binds STAT5,Pathway Location,
PL09398,Signaling by Erythropoietin > Erythropoietin activates STAT5 > JAK2 and LYN phosphorylate STAT5 in EPO:phospho-EPOR:phospho-JAK2:LYN:IRS2 [ACTIVATION],Pathway Location,
PL09399,Signaling by Erythropoietin > Erythropoietin activates STAT5 > p-STAT5 dissociates from EPO:phospho-EPOR:phospho-JAK2:LYN:IRS2,Pathway Location,
PL09400,Signaling by Erythropoietin > Erythropoietin activates Phosphoinositide-3-kinase (PI3K) > EPO:phospho-EPOR:phospho-JAK2:LYN:phospho-IRS2 binds PI3K,Pathway Location,
PL09401,Signaling by Erythropoietin > Erythropoietin activates Phosphoinositide-3-kinase (PI3K) > EPO:phospho-EPOR:phospho-JAK2:LYN:IRS2 phosphorylates IRS2 [ACTIVATION],Pathway Location,
PL09402,Signaling by Erythropoietin > Erythropoietin activates Phosphoinositide-3-kinase (PI3K) > EPO:phospho-EPOR:phospho-JAK2:LYN:IRS2 binds GAB1,Pathway Location,
PL09403,Signaling by Erythropoietin > Erythropoietin activates Phosphoinositide-3-kinase (PI3K) > EPO:phospho-EPOR:phospho-JAK2:LYN:IRS2 binds PI3K,Pathway Location,
PL09404,Intracellular signaling by second messengers > DAG and IP3 signaling > DAG stimulates protein kinase C-delta [ACTIVATION],Pathway Location,
PL09406,Intracellular signaling by second messengers > PI3K/AKT Signaling > mTORC2 phosphorylates SGK1 [ACTIVATION],Pathway Location,
PL09452,Signaling by Receptor Tyrosine Kinases > Signaling by SCF-KIT > Disassociation and translocation of STATs to the nucleus,Pathway Location,
PL09453,Signaling by Receptor Tyrosine Kinases > Signaling by SCF-KIT > Phosphorylation of p-KIT on Y900 by Src kinases [ACTIVATION],Pathway Location,
PL09456,Signaling by Receptor Tyrosine Kinases > Signaling by SCF-KIT > Phosphorylation of JAK2 [ACTIVATION],Pathway Location,
PL09457,Signaling by Receptor Tyrosine Kinases > Signaling by SCF-KIT > JAK2 binds to p-KIT,Pathway Location,
PL09460,Signaling by Receptor Tyrosine Kinases > Signaling by SCF-KIT > Phosphorylation and activation of VAV1 [ACTIVATION],Pathway Location,
PL09461,Signaling by Receptor Tyrosine Kinases > Signaling by SCF-KIT > Indirect recruitment of GAB2 to p-KIT,Pathway Location,
PL09462,Signaling by Receptor Tyrosine Kinases > Signaling by SCF-KIT > Phosphorylation of GAB2 by SFKs [ACTIVATION],Pathway Location,
PL09463,Signaling by Receptor Tyrosine Kinases > Signaling by SCF-KIT > Phosphorylation of STATs [ACTIVATION],Pathway Location,
PL09464,Signaling by Receptor Tyrosine Kinases > Signaling by SCF-KIT > Dimerization of STATs,Pathway Location,
PL09465,Signaling by Receptor Tyrosine Kinases > Signaling by SCF-KIT > Recruitment of STATs,Pathway Location,
PL09467,Signaling by Receptor Tyrosine Kinases > Signaling by SCF-KIT > Indirect recruitment of PI3K to KIT via p(Y)-GAB2,Pathway Location,
PL09489,"Signaling by Receptor Tyrosine Kinases > Signaling by Type 1 Insulin-like Growth Factor 1 Receptor (IGF1R) > IGF1,2 binds IGF1R",Pathway Location,
PL09490,"Signaling by Receptor Tyrosine Kinases > Signaling by Type 1 Insulin-like Growth Factor 1 Receptor (IGF1R) > IGF1,2:IGF1R autophosphorylates [ACTIVATION]",Pathway Location,
PL09493,Signaling by Receptor Tyrosine Kinases > Signaling by LTK > IRS1 recruits GRB2 to active LTK,Pathway Location,
PL09497,Signaling by Receptor Tyrosine Kinases > Signaling by LTK > Active LTK phosphorylates IRS1 [ACTIVATION],Pathway Location,
PL09500,Signaling by Receptor Tyrosine Kinases > Signaling by LTK > Active LTK binds IRS1,Pathway Location,
PL09517,"Signaling by WNT > TCF dependent signaling in response to WNT > USP34 deubiquitinates AXIN1,AXIN2 [ACTIVATION]",Pathway Location,
PL09529,Signaling by WNT > WNT ligand biogenesis and trafficking > N-linked glycosylation of WNTs,Pathway Location,
PL09533,Signaling by Hedgehog > Hedgehog 'on' state > phosphorylated GLI proteins bind SPOP:CUL3:RBX1 [ACTIVATION],Pathway Location,
PL09537,"Signaling by Hedgehog > Hedgehog 'on' state > SPOP:CUL3:RBX1 ubiquitinates GLI2,3 [ACTIVATION]",Pathway Location,
PL09538,"Signaling by Hedgehog > Hedgehog 'on' state > GLI2,3 are degraded by the proteasome [ACTIVATION]",Pathway Location,
PL09545,Signaling by Hedgehog > Hedgehog 'on' state > SMURF1/2 ubiquitinates PTCH1 [ACTIVATION],Pathway Location,
PL09559,Signaling by Hedgehog > Hedgehog 'off' state > GPR161 promotes cAMP production in a G alpha(s)-dependent manner [ACTIVATION],Pathway Location,
PL09568,Signaling by Hedgehog > Hedgehog 'off' state > PTCH1 inhibits accumulation of SMO in the primary cilium in the absence of Hh signal [INHIBITION],Pathway Location,
PL09575,Signaling by Hedgehog > Hedgehog 'off' state > Expression of PTCH1 is repressed by GLI3R in the absence of Hh signaling [INHIBITION],Pathway Location,
PL09576,"Signaling by Rho GTPases, Miro GTPases and RHOBTB3 > RHOBTB3 ATPase cycle > RHOBTB3 binds interacting proteins at trans-Golgi network",Pathway Location,
PL09601,Signaling by TGFB family members > Signaling by TGF-beta Receptor Complex > TGF-beta receptor signaling activates SMADs > Dimeric TGFB1 binds to TGFBR2 homodimer [INHIBITION],Pathway Location,
PL09603,"Signaling by TGFB family members > Signaling by TGFBR3 > TGFBR3 regulates TGF-beta signaling > TGFBR3(1-783) binds to TGFB1,TGFB2",Pathway Location,
PL09604,"Signaling by TGFB family members > Signaling by TGFBR3 > TGFBR3 regulates TGF-beta signaling > TGFB1,TGFB2 bind TGFBR3 [INHIBITION]",Pathway Location,
PL09616,Signaling by TGFB family members > Signaling by TGFBR3 > TGFBR3 PTM regulation > TGFBR3_mem cleavage by MMPs [ACTIVATION],Pathway Location,
PL09617,Signaling by TGFB family members > Signaling by TGFBR3 > TGFBR3 PTM regulation > TGFBR3(784-851) degradation [ACTIVATION],Pathway Location,
PL09618,Signaling by TGFB family members > Signaling by TGFBR3 > TGFBR3 expression > TGFBR3 translation [INHIBITION],Pathway Location,
PL09619,Signaling by TGFB family members > Signaling by TGFBR3 > TGFBR3 PTM regulation > TGFBR3 translocation to plasma membrane,Pathway Location,
PL09622,Signaling by Nuclear Receptors > ESR-mediated signaling > Extra-nuclear estrogen signaling > PTK2 is recruited to methylated ESR1,Pathway Location,
PL09627,Signaling by Nuclear Receptors > ESR-mediated signaling > Extra-nuclear estrogen signaling > G-proteins dissociate from plasma-membrane estrogen receptors,Pathway Location,
PL09631,Signaling by Nuclear Receptors > ESR-mediated signaling > Extra-nuclear estrogen signaling > Heterotrimeric G protein (i) binds membrane-associated ESRs:ESTG,Pathway Location,
PL09632,Signaling by Nuclear Receptors > ESR-mediated signaling > Extra-nuclear estrogen signaling > PI3K binds membrane-associated estrogen receptors,Pathway Location,
PL09637,Signaling by Nuclear Receptors > ESR-mediated signaling > Extra-nuclear estrogen signaling > ACTIVATION,Pathway Location,
PL09638,Signaling by Nuclear Receptors > ESR-mediated signaling > Extra-nuclear estrogen signaling > Estrogen receptor binds IGF1R and SHC1 in response to estrogen,Pathway Location,
PL09639,Signaling by Nuclear Receptors > ESR-mediated signaling > Estrogen-dependent gene expression > PRMT1 binds TBP:TFIIA:DDX5:ESR1:estrogen:TFF1 gene,Pathway Location,
PL09640,Signaling by Nuclear Receptors > ESR-mediated signaling > Estrogen-dependent gene expression > HATs and coactivators are recruited to the CTSD gene,Pathway Location,
PL09641,Signaling by Nuclear Receptors > ESR-mediated signaling > Estrogen-dependent gene expression > Estrogen-responsive CTSD expression [ACTIVATION],Pathway Location,
PL09644,Signaling by Nuclear Receptors > ESR-mediated signaling > Estrogen-dependent gene expression > CARM1 binds TBP:TFIIA:DDX5:ESR1:estrogen:TFF1 gene,Pathway Location,
PL09657,Signaling by Nuclear Receptors > ESR-mediated signaling > Estrogen-dependent gene expression > TBP and TFIIA bind TATA box on  ESR1:estrogen bound TFF1 gene promoter,Pathway Location,
PL09659,Signaling by Nuclear Receptors > ESR-mediated signaling > Estrogen-dependent gene expression > Estrogen-responsive GREB1 gene transcription [ACTIVATION],Pathway Location,
PL09660,"Signaling by Nuclear Receptors > ESR-mediated signaling > Estrogen-dependent gene expression > NR5A2, ZNF217 and NCOA3 bind GREB1 promoter",Pathway Location,
PL09680,Signaling by Nuclear Receptors > ESR-mediated signaling > Estrogen-dependent gene expression > Estrogen-responsive CCND1 gene expression [ACTIVATION],Pathway Location,
PL09685,Signaling by Nuclear Receptors > LXR-mediated signaling > LXRs regulate gene expression linked to lipogenesis > Expression of SCD regulated by NR1H2 or NR1H3 [ACTIVATION],Pathway Location,
PL09694,Signaling by Nuclear Receptors > LXR-mediated signaling > LXRs regulate gene expression linked to cholesterol transport and efflux > NR1H2 binds ABCA1,Pathway Location,
PL09705,Signaling by Nuclear Receptors > LXR-mediated signaling > LXRs regulate gene expression linked to cholesterol transport and efflux > ABCA1 mRNA is translated [INHIBITION],Pathway Location,
PL09725,"Signaling by Nuclear Receptors > Signaling by Retinoic Acid > RA biosynthesis pathway > CYP26A1,B1,C1 4-hydroxylate atRA [ACTIVATION]",Pathway Location,
PL09785,Signaling by NOTCH > Signaling by NOTCH1 > NOTCH1 Intracellular Domain Regulates Transcription > NICD1 displaces co-repressor complex from RBPJ (CSL),Pathway Location,
PL09786,Signaling by NOTCH > Signaling by NOTCH1 > NOTCH1 Intracellular Domain Regulates Transcription > Phosphorylated NICD1 binds FBXW7,Pathway Location,
PL09787,Signaling by NOTCH > Signaling by NOTCH1 > NOTCH1 Intracellular Domain Regulates Transcription > Ubiquitination of NICD1 by FBWX7 [ACTIVATION],Pathway Location,
PL09848,Signaling by NOTCH > Pre-NOTCH Expression and Processing > Pre-NOTCH Transcription and Translation > NOTCH1 gene transcription [ACTIVATION],Pathway Location,
PL09849,Signaling by NOTCH > Pre-NOTCH Expression and Processing > Pre-NOTCH Transcription and Translation > CCND1:CREBBP binds NOTCH1 promoter,Pathway Location,
PL09881,Signaling by NOTCH > Signaling by NOTCH4 > Negative regulation of NOTCH4 signaling > FBXW7 promotes ubiquitination of p-NICD4 [ACTIVATION],Pathway Location,
PL09956,Signaling by Receptor Tyrosine Kinases > Signaling by MET > MET activates RAS signaling > Activated MET binds RANBP9 and SOS1 [INHIBITION],Pathway Location,
PL09958,Signaling by Receptor Tyrosine Kinases > Signaling by MET > MET activates RAS signaling > MET binds RANBP10,Pathway Location,
PL09971,Signaling by Receptor Tyrosine Kinases > Signaling by MET > MET receptor recycling > GGA3 associates with activated MET receptor,Pathway Location,
PL09972,Signaling by Receptor Tyrosine Kinases > Signaling by MET > MET receptor recycling > RAB4:GTP promotes recycling of activated MET receptor to the plasma membrane [ACTIVATION],Pathway Location,
PL09982,Signaling by Receptor Tyrosine Kinases > Signaling by SCF-KIT > Regulation of KIT signaling > Interaction of APS and p-KIT,Pathway Location,
PL09983,Signaling by Receptor Tyrosine Kinases > Signaling by SCF-KIT > Regulation of KIT signaling > Phosphorylation of APS [ACTIVATION],Pathway Location,
PL09984,Signaling by Receptor Tyrosine Kinases > Signaling by SCF-KIT > Phosphorylation of SHP2 by SFKs [ACTIVATION],Pathway Location,
PL09985,Signaling by Receptor Tyrosine Kinases > Signaling by SCF-KIT > GRB2 is indirectly recruited to p-KIT through SHP2,Pathway Location,
PL09986,Signaling by Receptor Tyrosine Kinases > Signaling by SCF-KIT > Interaction of Src family kinases with p-KIT,Pathway Location,
PL09987,Signaling by Receptor Tyrosine Kinases > Signaling by SCF-KIT > SHP2 interacts with p-KIT,Pathway Location,
PL09989,Signaling by Receptor Tyrosine Kinases > Signaling by SCF-KIT > Regulation of KIT signaling > Downregulation of c-Kit signaling by SOCS6,Pathway Location,
PL09993,Signaling by Receptor Tyrosine Kinases > Signaling by SCF-KIT > Direct recruitment of PI3K to p-KIT,Pathway Location,
PL10057,Signaling by Receptor Tyrosine Kinases > Signaling by VEGF > Neuropilin interactions with VEGF and VEGFR > NRP-1 forms a ternary complex with VEGF165 and VEGFR1,Pathway Location,
PL10110,"Death Receptor Signaling > TNF signaling > Regulation of TNFR1 signaling > MIB2 ubiquitinates CYLD at K338, K530 [ACTIVATION]",Pathway Location,
PL10112,Death Receptor Signaling > TNF signaling > Regulation of TNFR1 signaling > MIB2 binds CYLD,Pathway Location,
PL10113,"Death Receptor Signaling > TNF signaling > Regulation of TNFR1 signaling > CHUK, IKBKB phosphorylate RIPK1 at S25 [ACTIVATION]",Pathway Location,
PL10116,Death Receptor Signaling > TNF signaling > Regulation of TNFR1 signaling > CYLD is phosphorylated by IKK [ACTIVATION],Pathway Location,
PL10121,Death Receptor Signaling > TNF signaling > Regulation of TNFR1 signaling > CLIP3 and CYLD bind TNF signaling complex,Pathway Location,
PL10123,Death Receptor Signaling > TNF signaling > Regulation of TNFR1 signaling > INHIBITION,Pathway Location,
PL10128,Death Receptor Signaling > TNF signaling > Regulation of TNFR1 signaling > TAX1BP1:TNFAIP3(A20) binds RIPK1-containing complexes,Pathway Location,
PL10129,"Death Receptor Signaling > TNF signaling > Regulation of TNFR1 signaling > TBK1, IKBKE binds Met1-polyUb within the TNFR1 complex",Pathway Location,
PL10130,Death Receptor Signaling > TNF signaling > Regulation of TNFR1 signaling > LUBAC ubiquitinates RIPK1 at K627 in TNFR1 signaling complex [ACTIVATION],Pathway Location,
PL10131,Death Receptor Signaling > TNF signaling > Regulation of TNFR1 signaling > LUBAC ubiquitinates RIPK1 at K627 [ACTIVATION],Pathway Location,
PL10139,"Death Receptor Signaling > TNF signaling > Regulation of TNFR1 signaling > TBK1, IKBKE phosphorylate RIPK1 at T189 [ACTIVATION]",Pathway Location,
PL10140,Death Receptor Signaling > TNF signaling > TNFR1-induced proapoptotic signaling > TRADD:TRAF2:RIP1 dissociates from TNF-α:TNFR1 [INHIBITION],Pathway Location,
PL10141,Death Receptor Signaling > TNF signaling > Regulation of TNFR1 signaling > SPATA2 links CYLD to LUBAC,Pathway Location,
PL10142,Death Receptor Signaling > TNF signaling > Regulation of TNFR1 signaling > CYLD hydrolyses M1polyUb on RIPK1 within the TNFR1 complex [ACTIVATION],Pathway Location,
PL10143,Death Receptor Signaling > TNF signaling > Regulation of TNFR1 signaling > CYLD:SPATA2:LUBAC binds TNFR1 signaling complex,Pathway Location,
PL10144,Death Receptor Signaling > TNF signaling > Regulation of TNFR1 signaling > CYLD hydrolyses K63polyUb on RIPK1 within the TNFR1 complex [ACTIVATION],Pathway Location,
PL10151,Death Receptor Signaling > TNF signaling > TNFR1-induced NF-kappa-B signaling pathway > TNF:TNFR1:TRADD:TRAF2:RIPK1 recruits BIRC2/3 (cIAP1/2) [ACTIVATION],Pathway Location,
PL10153,Death Receptor Signaling > TNF signaling > Regulation of TNFR1 signaling > K63polyUb-RIPK1 is deubiquitinated [ACTIVATION],Pathway Location,
PL10154,Death Receptor Signaling > TNF signaling > TNFR1-induced NF-kappa-B signaling pathway > BIRC(cIAP1/2) ubiquitinates RIPK1 [ACTIVATION],Pathway Location,
PL10156,Death Receptor Signaling > TNF signaling > Regulation of TNFR1 signaling > OPTN recruits CYLD to the TNFR1 complex,Pathway Location,
PL10157,Death Receptor Signaling > TNF signaling > TNFR1-induced NF-kappa-B signaling pathway > INHIBITION,Pathway Location,
PL10158,"Death Receptor Signaling > TNF signaling > TNFR1-induced NF-kappa-B signaling pathway > TNF:TNFR1:TRADD:TRAF2:K63polyUb-RIPK1:BIRC2,3:LUBAC recruits IKKA:IKBKB:IKBKG [ACTIVATION]",Pathway Location,
PL10160,Death Receptor Signaling > TNF signaling > TNFR1-induced proapoptotic signaling > ACTIVATION,Pathway Location,
PL10161,Death Receptor Signaling > TNF signaling > TNFR1-induced NF-kappa-B signaling pathway > TNF:TNFR1:TRADD:TRAF2:K63polyUb-RIPK1:BIRC2/3:LUBAC recruits TAK1 complex [INHIBITION],Pathway Location,
PL10162,Death Receptor Signaling > TNF signaling > TNFR1-induced NF-kappa-B signaling pathway > TNF:TNFR1:TRADD:TRAF2:RIPK1 binds LUBAC,Pathway Location,
PL10231,Signaling by WNT > Beta-catenin independent WNT signaling > Ca2+ pathway > Calcineurin binds and dephosphorylates NFAT1 in response to WNT/Ca2+ signaling [ACTIVATION],Pathway Location,
PL10237,Signaling by WNT > Beta-catenin independent WNT signaling > Ca2+ pathway > FZD recruits trimeric G-proteins,Pathway Location,
PL10238,Signaling by WNT > Beta-catenin independent WNT signaling > Ca2+ pathway > G-protein subunits dissociate from WNT:FZD complex,Pathway Location,
PL10239,Signaling by WNT > Beta-catenin independent WNT signaling > Ca2+ pathway > WNT:FZD complex promotes G-protein nucleotide exchange [ACTIVATION],Pathway Location,
PL10244,Signaling by WNT > Beta-catenin independent WNT signaling > Ca2+ pathway > Dissociation of CaM and CAMK2 autophosphorylation [ACTIVATION],Pathway Location,
PL10245,Signaling by WNT > Beta-catenin independent WNT signaling > Ca2+ pathway > Translocation of NFATC1:CaN:CaM to nucleus,Pathway Location,
PL10250,Signaling by WNT > Beta-catenin independent WNT signaling > Ca2+ pathway > WNT5A and WNT11 bind FZD receptors to initiate Ca2+ signaling,Pathway Location,
PL10261,Signaling by WNT > Degradation of beta-catenin by the destruction complex > Degradation of ubiquitinated beta catenin by the proteasome [ACTIVATION],Pathway Location,
PL10264,Signaling by WNT > Degradation of beta-catenin by the destruction complex > Multi-ubiquitination of phospho-beta-catenin by RBX1:SCF(beta-TrCP1),Pathway Location,
PL10265,Signaling by WNT > Degradation of beta-catenin by the destruction complex > Association of beta-catenin with the RBX1:SCF(beta-TrCP1) ubiquitin ligase complex,Pathway Location,
PL10268,Signaling by WNT > TCF dependent signaling in response to WNT > Disassembly of the destruction complex and recruitment of AXIN to the membrane > Phosphorylation of LRP5/6 cytoplasmic domain by CSNKI [ACTIVATION],Pathway Location,
PL10269,Signaling by WNT > TCF dependent signaling in response to WNT > Disassembly of the destruction complex and recruitment of AXIN to the membrane > Phosphorylation of LRP5/6 cytoplasmic domain by membrane-associated GSK3beta [ACTIVATION],Pathway Location,
PL10270,Signaling by WNT > TCF dependent signaling in response to WNT > WNT binds to FZD and LRP5/6 [INHIBITION],Pathway Location,
PL10271,Signaling by WNT > TCF dependent signaling in response to WNT > FZD recruits DVL to the receptor complex,Pathway Location,
PL10272,Signaling by WNT > TCF dependent signaling in response to WNT > Disassembly of the destruction complex and recruitment of AXIN to the membrane > DVL recruits GSK3beta:AXIN1 to the receptor complex,Pathway Location,
PL10274,Signaling by WNT > TCF dependent signaling in response to WNT > Regulation of FZD by ubiquitination > ZNRF3 autoubiquitinates to promote its internalization [ACTIVATION],Pathway Location,
PL10275,Signaling by WNT > TCF dependent signaling in response to WNT > Regulation of FZD by ubiquitination > RSPO:LGR binds ZNRF3,Pathway Location,
PL10276,Signaling by WNT > TCF dependent signaling in response to WNT > Regulation of FZD by ubiquitination > RSPOs bind LGRs,Pathway Location,
PL10277,Signaling by WNT > TCF dependent signaling in response to WNT > Regulation of FZD by ubiquitination > ZNRF3 ubiquitinates FZD to promote its downregulation [ACTIVATION],Pathway Location,
PL10278,"Signaling by WNT > TCF dependent signaling in response to WNT > Regulation of FZD by ubiquitination > ZNRF3,RNF43 binds the FZD:LRP5/6 receptor complex",Pathway Location,
PL10279,Signaling by WNT > TCF dependent signaling in response to WNT > Regulation of FZD by ubiquitination > USP8 deubiquitinates FZD to potentiate WNT signaling [ACTIVATION],Pathway Location,
PL10284,Signaling by WNT > TCF dependent signaling in response to WNT > Degradation of DVL > DVL is bound by the CUL3:KLHL12:RBX1 ubiquitin ligase complex,Pathway Location,
PL10285,Signaling by WNT > TCF dependent signaling in response to WNT > Degradation of DVL > DVL is ubiquitinated by CUL3:KLHL12:RBX1 [ACTIVATION],Pathway Location,
PL10286,Signaling by WNT > TCF dependent signaling in response to WNT > Degradation of DVL > Ubiquitinated DVL is degraded by the proteasome [ACTIVATION],Pathway Location,
PL10287,Signaling by WNT > TCF dependent signaling in response to WNT > INHIBITION,Pathway Location,
PL10289,Signaling by WNT > TCF dependent signaling in response to WNT > Negative regulation of TCF-dependent signaling by WNT ligand antagonists > DKK promotes clathrin-dependent internalization of LRP6,Pathway Location,
PL10290,Signaling by WNT > TCF dependent signaling in response to WNT > Negative regulation of TCF-dependent signaling by WNT ligand antagonists > DKK and KRM bind LRP5/6,Pathway Location,
PL10292,Signaling by WNT > TCF dependent signaling in response to WNT > Negative regulation of TCF-dependent signaling by WNT ligand antagonists > SOST binds LRP5/6,Pathway Location,
PL10308,Signaling by WNT > TCF dependent signaling in response to WNT > Deactivation of the beta-catenin transactivating complex > XIAP binds TLE,Pathway Location,
PL10309,Signaling by WNT > TCF dependent signaling in response to WNT > Deactivation of the beta-catenin transactivating complex > XIAP dissociates from ub-TLE,Pathway Location,
PL10310,Signaling by WNT > TCF dependent signaling in response to WNT > Deactivation of the beta-catenin transactivating complex > XIAP monoubiquinates TLE [ACTIVATION],Pathway Location,
PL10313,Signaling by WNT > TCF dependent signaling in response to WNT > Degradation of AXIN > RNF146 ubiquitinates ADP-ribosylated AXIN [ACTIVATION],Pathway Location,
PL10314,Signaling by WNT > TCF dependent signaling in response to WNT > Degradation of AXIN > Ub-RibC-AXIN is degraded by the proteasome [ACTIVATION],Pathway Location,
PL10319,Signaling by WNT > TCF dependent signaling in response to WNT > Degradation of AXIN > Tankyrase binds AXIN,Pathway Location,
PL10321,Signaling by WNT > TCF dependent signaling in response to WNT > Degradation of AXIN > Tankyrase ADP-ribosylates AXIN [ACTIVATION],Pathway Location,
PL10322,Signaling by WNT > TCF dependent signaling in response to WNT > Degradation of AXIN > RNF146 binds RibC-AXIN:TNKS complex,Pathway Location,
PL10334,Signaling by WNT > Degradation of beta-catenin by the destruction complex > Repression of WNT target genes > Transcription of canonical WNT targets is repressed by the TLE:HDAC and TCF/CTBP complexes [INHIBITION],Pathway Location,
PL10335,Signaling by WNT > Degradation of beta-catenin by the destruction complex > Repression of WNT target genes > TCF7L2/TCF7L1 bind CTBP1 to repress WNT target genes,Pathway Location,
PL10346,Signaling by Hedgehog > Hedgehog 'on' state > Activation of SMO > ACTIVATION,Pathway Location,
PL10349,Signaling by Hedgehog > Hedgehog 'on' state > Activation of SMO > SMO translocates to the cilium [ACTIVATION],Pathway Location,
PL10352,Signaling by Hedgehog > Hedgehog 'on' state > Ligand-receptor interactions > Hh-Npp binds CDON and PTCH,Pathway Location,
PL10353,Signaling by Hedgehog > Hedgehog 'on' state > Ligand-receptor interactions > Hh-Npp binds BOC:PTCH1,Pathway Location,
PL10354,Signaling by Hedgehog > Hedgehog 'on' state > SMURF1/2 bind PTCH1 [ACTIVATION],Pathway Location,
PL10355,Signaling by Hedgehog > Hedgehog 'on' state > Ligand-receptor interactions > Hh-Npp binds GAS1 and PTCH,Pathway Location,
PL10367,Signaling by Hedgehog > Hedgehog 'off' state > Degradation of GLI1 by the proteasome > SCF(beta-TrCP) ubiquitinates p-GLI1 [ACTIVATION],Pathway Location,
PL10370,Signaling by Hedgehog > Hedgehog 'off' state > GLI3 is processed to GLI3R by the proteasome > SCF(beta-TrCP) ubiquitinates p-GLI3 [ACTIVATION],Pathway Location,
PL10374,Signaling by Hedgehog > Hedgehog 'off' state > Degradation of GLI2 by the proteasome > SCF(beta-TrCP) ubiquitinates p-GLI2 [ACTIVATION],Pathway Location,
PL10379,"Signaling by Rho GTPases, Miro GTPases and RHOBTB3 > Miro GTPase Cycle > RHOT2 GTPase cycle > RHOT2 binds effectors at the mitochondrial outer membrane",Pathway Location,
PL10382,"Signaling by Rho GTPases, Miro GTPases and RHOBTB3 > Miro GTPase Cycle > RHOT1 GTPase cycle > RHOT1 binds effectors at the mitochondrial outer membrane",Pathway Location,
PL10385,"Intracellular signaling by second messengers > PI3K/AKT Signaling > RAC1,RAC2,RHOG activate PI3K",Pathway Location,
PL10386,Signaling by GPCR > GPCR downstream signalling > G alpha (q) signalling events > G alpha (q) inhibits PI3K alpha,Pathway Location,
PL10387,Signaling by GPCR > GPCR downstream signalling > G alpha (q) signalling events > G alpha (q) in G (q):RGS complex is inactivated [ACTIVATION],Pathway Location,
PL10389,Signaling by GPCR > GPCR downstream signalling > G alpha (q) signalling events > Active G alpha (q) binds RGS proteins,Pathway Location,
PL10390,Signaling by GPCR > GPCR downstream signalling > G alpha (q) signalling events > G alpha (q):RGS dissociates to inactive G alpha (q),Pathway Location,
PL10394,Signaling by GPCR > GPCR downstream signalling > G alpha (q) signalling events > GRK5 sequesters activated Gq,Pathway Location,
PL10402,Signaling by GPCR > GPCR downstream signalling > G alpha (i) signalling events > INHIBITION,Pathway Location,
PL10403,Signaling by GPCR > GPCR downstream signalling > G alpha (i) signalling events > ACTIVATION,Pathway Location,
PL10406,Signaling by GPCR > GPCR downstream signalling > G alpha (i) signalling events > G protein alpha (i)-SRC complex dissociates to G protein alpha (i) and Active SRC,Pathway Location,
PL10407,Signaling by GPCR > GPCR downstream signalling > G alpha (i) signalling events > G protein alpha (i)-SRC complex catalyzes SRC to p-Y419-SRC [ACTIVATION],Pathway Location,
PL10411,Signaling by GPCR > GPCR downstream signalling > G alpha (i) signalling events > G alpha (i):RGS dissociates to inactive G alpha (i)–i1/i2/i3,Pathway Location,
PL10412,Signaling by GPCR > GPCR downstream signalling > G alpha (i) signalling events > G alpha (i)–i1/i2/i3 in G (i):RGS complex is inactivated [ACTIVATION],Pathway Location,
PL10413,Signaling by GPCR > GPCR downstream signalling > G alpha (i) signalling events > Active G alpha (i)–i1/i2/i3 binds RGS proteins,Pathway Location,
PL10415,Signaling by GPCR > GPCR downstream signalling > G alpha (i) signalling events > G alpha (i):GTP binds SRC,Pathway Location,
PL10416,Signaling by GPCR > GPCR downstream signalling > G alpha (z) signalling events > ACTIVATION,Pathway Location,
PL10417,Signaling by GPCR > GPCR downstream signalling > G alpha (z) signalling events > G alpha (z) in G alpha (z):RGS complex is inactivated [ACTIVATION],Pathway Location,
PL10418,Signaling by GPCR > GPCR downstream signalling > G alpha (z) signalling events > G alpha (z):RGS complex dissociates to give inactive G alpha (z),Pathway Location,
PL10419,Signaling by GPCR > GPCR downstream signalling > G alpha (z) signalling events > Active G alpha (z) binds RGS proteins,Pathway Location,
PL10423,Signaling by GPCR > GPCR ligand binding > Class B/2 (Secretin family receptors) > Patched binds Smoothened [INHIBITION],Pathway Location,
PL10425,Signaling by GPCR > GPCR ligand binding > Class B/2 (Secretin family receptors) > Frizzled receptors bind Wnts,Pathway Location,
PL10460,Signaling by TGFB family members > Signaling by TGF-beta Receptor Complex > Transcriptional activity of SMAD2/SMAD3:SMAD4 heterotrimer > Downregulation of SMAD2/3:SMAD4 transcriptional activity > MAPK1 and MAPK3 phosphorylate SMAD2 and SMAD3 [ACTIVATION],Pathway Location,
PL10467,Signaling by TGFB family members > Signaling by TGF-beta Receptor Complex > Transcriptional activity of SMAD2/SMAD3:SMAD4 heterotrimer > Downregulation of SMAD2/3:SMAD4 transcriptional activity > PPM1A dephosphorylates nuclear SMAD2/3 [ACTIVATION],Pathway Location,
PL10468,Signaling by TGFB family members > Signaling by TGF-beta Receptor Complex > Transcriptional activity of SMAD2/SMAD3:SMAD4 heterotrimer > Downregulation of SMAD2/3:SMAD4 transcriptional activity > Dephosphorylated SMAD2/3 translocates to the cytosol,Pathway Location,
PL10485,"Signaling by TGFB family members > Signaling by TGF-beta Receptor Complex > Transcriptional activity of SMAD2/SMAD3:SMAD4 heterotrimer > SMAD2/SMAD3:SMAD4 heterotrimer regulates transcription > p-2S-SMAD2,3:SMAD4:RBL1:E2F4,5:DP1,2 binds MYC gene promoter",Pathway Location,
PL10486,Signaling by TGFB family members > Signaling by TGF-beta Receptor Complex > Transcriptional activity of SMAD2/SMAD3:SMAD4 heterotrimer > SMAD2/SMAD3:SMAD4 heterotrimer regulates transcription > MYC trancscription is negatively regulated by SMAD2/3:SMAD4:RBL1:E2F4/5:DP1/2 complex [INHIBITION],Pathway Location,
PL10487,"Signaling by TGFB family members > Signaling by TGF-beta Receptor Complex > Transcriptional activity of SMAD2/SMAD3:SMAD4 heterotrimer > SMAD2/SMAD3:SMAD4 heterotrimer regulates transcription > SMAD2/3:SMAD4 heterotrimer forms a complex with RBL1, E2F4/5 and DP1/2",Pathway Location,
PL10499,Signaling by TGFB family members > Signaling by TGF-beta Receptor Complex > TGF-beta receptor signaling activates SMADs > Downregulation of TGF-beta receptor signaling > PMEPA1 sequesters unphosphorylated SMAD2/3,Pathway Location,
PL10501,"Signaling by TGFB family members > Signaling by TGF-beta Receptor Complex > TGF-beta receptor signaling activates SMADs > Downregulation of TGF-beta receptor signaling > UCHL5, USP15 deubiquitinate TGFBR1 [ACTIVATION]",Pathway Location,
PL10502,Signaling by TGFB family members > Signaling by TGF-beta Receptor Complex > TGF-beta receptor signaling activates SMADs > Downregulation of TGF-beta receptor signaling > UCHL5 binds SMAD7 in complex with ubiquitinated TGFBR1,Pathway Location,
PL10506,"Signaling by TGFB family members > Signaling by TGF-beta Receptor Complex > TGF-beta receptor signaling activates SMADs > An anchoring protein, ZFYVE9 (SARA), recruits SMAD2/3",Pathway Location,
PL10507,Signaling by TGFB family members > Signaling by TGF-beta Receptor Complex > TGF-beta receptor signaling activates SMADs > Activated type I receptor phosphorylates SMAD2/3 directly [ACTIVATION],Pathway Location,
PL10509,"Signaling by TGFB family members > Signaling by Activin > Phosphorylation of SMAD2,3 by Activin:Activin Receptor [ACTIVATION]",Pathway Location,
PL10511,Signaling by TGFB family members > Signaling by TGF-beta Receptor Complex > TGF-beta receptor signaling activates SMADs > Downregulation of TGF-beta receptor signaling > MTMR4 dephosphorylates SMAD2/3 [ACTIVATION],Pathway Location,
PL10514,Signaling by TGFB family members > Signaling by TGF-beta Receptor Complex > TGF-beta receptor signaling activates SMADs > Downregulation of TGF-beta receptor signaling > SMURF2 binds SMAD2,Pathway Location,
PL10515,Signaling by TGFB family members > Signaling by TGF-beta Receptor Complex > TGF-beta receptor signaling activates SMADs > Downregulation of TGF-beta receptor signaling > SMURF2 ubiquitinates SMAD2 [ACTIVATION],Pathway Location,
PL10516,Signaling by TGFB family members > Signaling by TGF-beta Receptor Complex > TGF-beta receptor signaling activates SMADs > Downregulation of TGF-beta receptor signaling > Degradation of ubiquitinated SMAD2,Pathway Location,
PL10567,Signaling by Nuclear Receptors > ESR-mediated signaling > Extra-nuclear estrogen signaling > Estrogen-dependent nuclear events downstream of ESR-membrane signaling > ESR1-dependent CCND1 expression [ACTIVATION],Pathway Location,
PL10584,Signaling by NOTCH > Pre-NOTCH Expression and Processing > Pre-NOTCH Transcription and Translation > TP53 binds promoters of MIR34 genes,Pathway Location,
PL10585,Signaling by NOTCH > Pre-NOTCH Expression and Processing > Pre-NOTCH Transcription and Translation > p53 positively regulates transcription of MIR34 microRNAs [ACTIVATION],Pathway Location,
PL10586,Intracellular signaling by second messengers > PI3K/AKT Signaling > PTEN Regulation > Regulation of PTEN gene transcription > TP53 binds the PTEN promoter,Pathway Location,
PL10587,Intracellular signaling by second messengers > PI3K/AKT Signaling > PTEN Regulation > Regulation of PTEN gene transcription > ACTIVATION,Pathway Location,
PL10590,Intracellular signaling by second messengers > PI3K/AKT Signaling > PTEN Regulation > Regulation of PTEN gene transcription > INHIBITION,Pathway Location,
PL10595,Intracellular signaling by second messengers > PI3K/AKT Signaling > PTEN Regulation > Regulation of PTEN gene transcription > SALL4 recruits NuRD to PTEN gene,Pathway Location,
PL10618,Intracellular signaling by second messengers > PI3K/AKT Signaling > PTEN Regulation > Regulation of PTEN localization > PTEN undergoes monoubiquitination [ACTIVATION],Pathway Location,
PL10619,Intracellular signaling by second messengers > PI3K/AKT Signaling > PTEN Regulation > Regulation of PTEN mRNA translation > miR-214 microRNA binds PTEN mRNA,Pathway Location,
PL10620,Intracellular signaling by second messengers > PI3K/AKT Signaling > PTEN Regulation > Regulation of PTEN mRNA translation > miR-21 nonendonucleolytic RISC binds PTEN mRNA,Pathway Location,
PL10621,Intracellular signaling by second messengers > PI3K/AKT Signaling > PTEN Regulation > Regulation of PTEN mRNA translation > INHIBITION,Pathway Location,
PL10622,"Intracellular signaling by second messengers > PI3K/AKT Signaling > PTEN Regulation > Regulation of PTEN stability and activity > NEDD4, WWP2, CHIP and XIAP polyubiquitinate PTEN [ACTIVATION]",Pathway Location,
PL10624,Intracellular signaling by second messengers > PI3K/AKT Signaling > PTEN Regulation > Regulation of PTEN stability and activity > USP13 and OTUD3 deubiquitinate PTEN [ACTIVATION],Pathway Location,
PL10627,Intracellular signaling by second messengers > PI3K/AKT Signaling > AKT phosphorylates targets in the cytosol > AKT phosphorylates MKRN1 [ACTIVATION],Pathway Location,
PL10628,Intracellular signaling by second messengers > PI3K/AKT Signaling > PTEN Regulation > Regulation of PTEN stability and activity > AKT phosphorylates MKRN1 [ACTIVATION],Pathway Location,
PL10629,Intracellular signaling by second messengers > PI3K/AKT Signaling > PTEN Regulation > Regulation of PTEN stability and activity > TNKS and TNKS2 PARylate PTEN [ACTIVATION],Pathway Location,
PL10652,MAPK family signaling cascades > ERK1/ERK2 pathway > RAF/MAP kinase cascade > RAS processing > KRAS4B recycles to the plasma membrane,Pathway Location,
PL10653,MAPK family signaling cascades > ERK1/ERK2 pathway > RAF/MAP kinase cascade > RAS processing > ARL2:GTP bind PDE6D on KRAS4B,Pathway Location,
PL10654,MAPK family signaling cascades > ERK1/ERK2 pathway > RAF/MAP kinase cascade > RAS processing > Calmodulin dissociates KRAS4B from the plasma membrane,Pathway Location,
PL10655,MAPK family signaling cascades > ERK1/ERK2 pathway > RAF/MAP kinase cascade > RAS processing > PDE6D binds S-Farn-Me KRAS4B:CALM:4 Ca2+ [INHIBITION],Pathway Location,
PL10660,MAPK family signaling cascades > ERK1/ERK2 pathway > RAF/MAP kinase cascade > RAS processing > S-Farn-Me KRAS4B binds calmodulin [INHIBITION],Pathway Location,
PL10663,MAPK family signaling cascades > ERK1/ERK2 pathway > RAF/MAP kinase cascade > Regulation of RAS by GAPs > KBTBD7:CUL3:RBX1 ubiquitinates NF1 [ACTIVATION],Pathway Location,
PL10677,MAPK family signaling cascades > ERK1/ERK2 pathway > RAF/MAP kinase cascade > RAF activation > MARK3 phosphorylates KSR1 [ACTIVATION],Pathway Location,
PL10679,MAPK family signaling cascades > ERK1/ERK2 pathway > RAF-independent MAPK1/3 activation > Cytosolic DUSPs dephosphorylate MAPKs [ACTIVATION],Pathway Location,
PL10680,MAPK family signaling cascades > ERK1/ERK2 pathway > RAF/MAP kinase cascade > Negative regulation of MAPK pathway > Cytosolic DUSPs dephosphorylate MAPKs [ACTIVATION],Pathway Location,
PL10681,MAPK family signaling cascades > ERK1/ERK2 pathway > RAF-independent MAPK1/3 activation > Nuclear DUSPs dephosphorylate MAPKs [ACTIVATION],Pathway Location,
PL10682,MAPK family signaling cascades > ERK1/ERK2 pathway > RAF/MAP kinase cascade > Negative regulation of MAPK pathway > Nuclear DUSPs dephosphorylate MAPKs [ACTIVATION],Pathway Location,
PL10690,MAPK family signaling cascades > ERK1/ERK2 pathway > RAF/MAP kinase cascade > Negative regulation of MAPK pathway > PP5 dephosphorylates RAF1 S338 [ACTIVATION],Pathway Location,
PL10701,MAPK family signaling cascades > ERK1/ERK2 pathway > RAF/MAP kinase cascade > RAF activation > RAS:GTP:'activator' RAF homo/heterodimerizes with other RAF monomers [INHIBITION],Pathway Location,
PL10706,MAPK family signaling cascades > ERK1/ERK2 pathway > RAF/MAP kinase cascade > Negative regulation of MAPK pathway > BRAP binds KSR1:MARK3,Pathway Location,
PL10715,Signaling by Receptor Tyrosine Kinases > Signaling by FGFR > Signaling by FGFR2 > FGFR2 alternative splicing > ESRP1 and 2 bind FGFR2 pre-mRNA to promote FGFR2b maturation and expression,Pathway Location,
PL10716,Signaling by Receptor Tyrosine Kinases > Signaling by FGFR > Signaling by FGFR2 > FGFR2 alternative splicing > ACTIVATION,Pathway Location,
PL10717,Signaling by Receptor Tyrosine Kinases > Signaling by FGFR > Signaling by FGFR2 > FGFR2 alternative splicing > INHIBITION,Pathway Location,
PL10718,Signaling by Receptor Tyrosine Kinases > Signaling by FGFR > Signaling by FGFR2 > FGFR2 alternative splicing > PTB and hnRNPA1 bind FGFR2 pre-mRNA to repress IIIb splicing and promote formation of FGFR2c mRNA,Pathway Location,
PL10719,Signaling by Receptor Tyrosine Kinases > Signaling by FGFR > Signaling by FGFR2 > FGFR2 alternative splicing > FGFR2b-specific alternative splicing produces FGFR2b transcript [INHIBITION],Pathway Location,
PL10720,Signaling by Receptor Tyrosine Kinases > Signaling by FGFR > Signaling by FGFR2 > FGFR2 alternative splicing > FGFR2c-specific alternative splicing produces FGFR2c transcript [ACTIVATION],Pathway Location,
PL10729,Signaling by Receptor Tyrosine Kinases > Signaling by FGFR > Signaling by FGFR1 > FGFRL1 modulation of FGFR1 signaling > FGFRL1 dimer binds FGFs,Pathway Location,
PL10752,Integrin signaling > Activation of Rap1 by cytosolic GEFs [ACTIVATION],Pathway Location,
PL10753,Signaling by Receptor Tyrosine Kinases > Signaling by MET > MET promotes cell motility > MET activates RAP1 and RAC1 > RAPGEF1 activates RAP1 [ACTIVATION],Pathway Location,
PL10762,Signaling by Receptor Tyrosine Kinases > Signaling by NTRKs > Signaling by NTRK1 (TRKA) > Retrograde neurotrophin signalling > Endocytosis (internalization) of clathrin-coated vesicle [ACTIVATION],Pathway Location,
PL10763,Signaling by Receptor Tyrosine Kinases > Signaling by NTRKs > Signaling by NTRK1 (TRKA) > Retrograde neurotrophin signalling > Axonal transport of NGF:Trk complexes [ACTIVATION],Pathway Location,
PL10764,Signaling by Receptor Tyrosine Kinases > Signaling by NTRKs > Signaling by NTRK1 (TRKA) > Retrograde neurotrophin signalling > Formation of clathrin-coated vesicle,Pathway Location,
PL10835,Intracellular signaling by second messengers > PI3K/AKT Signaling > mTORC2 phosphorylates AKT at S473 [ACTIVATION],Pathway Location,
PL10836,Signaling by Receptor Tyrosine Kinases > Signaling by VEGF > VEGFA-VEGFR2 Pathway > VEGFR2 mediated vascular permeability > mTORC2 phosphorylates AKT at S473 [ACTIVATION],Pathway Location,
PL10841,Signaling by Receptor Tyrosine Kinases > Signaling by VEGF > VEGFA-VEGFR2 Pathway > VEGFR2 mediated vascular permeability > Caveolin-1 dissociates from eNOS:CaM:HSP90 complex [ACTIVATION],Pathway Location,
PL10843,Signaling by Receptor Tyrosine Kinases > Signaling by VEGF > VEGFA-VEGFR2 Pathway > VEGFR2 mediated vascular permeability > AKT1 binds eNOS complex via HSP90 [ACTIVATION],Pathway Location,
PL10844,Signaling by Receptor Tyrosine Kinases > Signaling by VEGF > VEGFA-VEGFR2 Pathway > VEGFR2 mediated vascular permeability > AKT1 phosphorylates eNOS [ACTIVATION],Pathway Location,
PL10845,Signaling by Nuclear Receptors > ESR-mediated signaling > Extra-nuclear estrogen signaling > NO biosynthesis [ACTIVATION],Pathway Location,
PL10846,Signaling by Receptor Tyrosine Kinases > Signaling by VEGF > VEGFA-VEGFR2 Pathway > VEGFR2 mediated vascular permeability > NO biosynthesis [ACTIVATION],Pathway Location,
PL10847,Signaling by Receptor Tyrosine Kinases > Signaling by VEGF > VEGFA-VEGFR2 Pathway > VEGFR2 mediated vascular permeability > The cofactor BH4 is required for electron transfer in the eNOS catalytic cycle [ACTIVATION],Pathway Location,
PL10851,Signaling by Receptor Tyrosine Kinases > Signaling by VEGF > VEGFA-VEGFR2 Pathway > VEGFR2 mediated vascular permeability > PAK1-3 autophosphorylates [ACTIVATION],Pathway Location,
PL10852,Signaling by Receptor Tyrosine Kinases > Signaling by VEGF > VEGFA-VEGFR2 Pathway > VEGFR2 mediated vascular permeability > PAK1-3 dimer disassociates,Pathway Location,
PL10853,Signaling by Receptor Tyrosine Kinases > Signaling by VEGF > VEGFA-VEGFR2 Pathway > VEGFR2 mediated vascular permeability > HSP90 binds eNOS:Caveolin-1:CaM complex [ACTIVATION],Pathway Location,
PL10854,Signaling by Receptor Tyrosine Kinases > Signaling by VEGF > VEGFA-VEGFR2 Pathway > VEGFR2 mediated vascular permeability > eNOS:Caveolin-1 complex binds to CaM [ACTIVATION],Pathway Location,
PL10858,Signaling by Receptor Tyrosine Kinases > Signaling by ALK > Active ALK dimer binds IRS1,Pathway Location,
PL10859,Signaling by Receptor Tyrosine Kinases > Signaling by ALK > Active ALK phosphorylates IRS1 [ACTIVATION],Pathway Location,
PL10860,Signaling by Receptor Tyrosine Kinases > Signaling by NTRKs > Signaling by NTRK1 (TRKA) > PI3K/AKT activation > Active TRKA binds IRS1/2,Pathway Location,
PL10861,Signaling by Receptor Tyrosine Kinases > Signaling by NTRKs > Signaling by NTRK1 (TRKA) > PI3K/AKT activation > TRKA phosphorylates IRS [ACTIVATION],Pathway Location,
PL10862,Signaling by Receptor Tyrosine Kinases > Signaling by NTRKs > Signaling by NTRK3 (TRKC) > Activated NTRK3 signals through PI3K > Activated NTRK3 binds IRS1,Pathway Location,
PL10863,Signaling by Receptor Tyrosine Kinases > Signaling by Insulin receptor > Insulin receptor signalling cascade > IRS activation > Phosphorylation of IRS [ACTIVATION],Pathway Location,
PL10864,Signaling by Receptor Tyrosine Kinases > Signaling by Insulin receptor > Insulin receptor signalling cascade > IRS activation > Binding of IRS to insulin receptor [INHIBITION],Pathway Location,
PL10865,"Signaling by Receptor Tyrosine Kinases > Signaling by Insulin receptor > Insulin receptor signalling cascade > Signal attenuation > Dephosphorylation of p-Y-IRS1,p-Y-IRS2 [ACTIVATION]",Pathway Location,
PL10889,"Signaling by Receptor Tyrosine Kinases > Signaling by Type 1 Insulin-like Growth Factor 1 Receptor (IGF1R) > IGF1R signaling cascade > SHC-related events triggered by IGF1R > IGF1,2:p-Y1161,1165,1166-IGF1R binds SHC1",Pathway Location,
PL10890,Signaling by Receptor Tyrosine Kinases > Signaling by Type 1 Insulin-like Growth Factor 1 Receptor (IGF1R) > IGF1R signaling cascade > SHC-related events triggered by IGF1R > IGF1R phosphorylates SHC1 [ACTIVATION],Pathway Location,
PL10891,Signaling by Receptor Tyrosine Kinases > Signaling by Type 1 Insulin-like Growth Factor 1 Receptor (IGF1R) > IGF1R signaling cascade > SHC-related events triggered by IGF1R > p-3Y-SHC1 dissociates from IGF1R,Pathway Location,
PL10894,"Signaling by Receptor Tyrosine Kinases > Signaling by Type 1 Insulin-like Growth Factor 1 Receptor (IGF1R) > IGF1R signaling cascade > IRS-related events triggered by IGF1R > IGF1,2:p-Y1161,1165,1166-IGF1R binds IRS2",Pathway Location,
PL10895,"Signaling by Receptor Tyrosine Kinases > Signaling by Type 1 Insulin-like Growth Factor 1 Receptor (IGF1R) > IGF1R signaling cascade > IRS-related events triggered by IGF1R > IGF1,2:p-Y1161,1165,1166-IGF1R phosphorylates IRS1,2,4 [ACTIVATION]",Pathway Location,
PL10896,"Signaling by Receptor Tyrosine Kinases > Signaling by Type 1 Insulin-like Growth Factor 1 Receptor (IGF1R) > IGF1R signaling cascade > IRS-related events triggered by IGF1R > IGF1,2:p-Y1161,1165,1166-IGF1R binds IRS1,4",Pathway Location,
PL10912,Death Receptor Signaling > p75 NTR receptor-mediated signalling > p75NTR regulates axonogenesis > Axonal growth inhibition (RHOA activation) > The p75NTR:NgR:MDGI binds RHOA-GDI,Pathway Location,
PL10913,"Death Receptor Signaling > p75 NTR receptor-mediated signalling > p75NTR regulates axonogenesis > Axonal growth inhibition (RHOA activation) > The p75NTR:NgR:MDGI complex reduces RHOA-GDI activity, displacing RHOA",Pathway Location,
PL10914,Death Receptor Signaling > p75 NTR receptor-mediated signalling > p75NTR regulates axonogenesis > Axonal growth inhibition (RHOA activation) > Myelin components can interact with p75NTR:NgR:LINGO1,Pathway Location,
PL10939,"Signaling by WNT > Beta-catenin independent WNT signaling > PCP/CE pathway > WNT5A-dependent internalization of FZD2, FZD5 and ROR2 > FZD2, FZD5 and ROR2 are internalized in a WNT5A and clathrin-dependent manner [ACTIVATION]",Pathway Location,
PL10940,Signaling by WNT > Beta-catenin independent WNT signaling > PCP/CE pathway > WNT5A-dependent internalization of FZD4 > DVL2 is phosphorylated by PKC [ACTIVATION],Pathway Location,
PL10941,Signaling by WNT > Beta-catenin independent WNT signaling > PCP/CE pathway > WNT5A-dependent internalization of FZD4 > WNT5A-FZD4 recruits DVL2,Pathway Location,
PL10942,Signaling by WNT > Beta-catenin independent WNT signaling > PCP/CE pathway > WNT5A-dependent internalization of FZD4 > p-DVL2 recruits AP-2 and beta-arrestin 2 to promote clathrin-mediated endocytosis,Pathway Location,
PL10943,Signaling by WNT > Beta-catenin independent WNT signaling > PCP/CE pathway > WNT5A-dependent internalization of FZD4 > WNT5A:FZD4 is endocytosed,Pathway Location,
PL10944,Signaling by WNT > Beta-catenin independent WNT signaling > PCP/CE pathway > WNT5A-dependent internalization of FZD4 > WNT5A binds FZD4,Pathway Location,
PL10946,Signaling by WNT > Beta-catenin independent WNT signaling > PCP/CE pathway > Asymmetric localization of PCP proteins > ACTIVATION,Pathway Location,
PL10947,Signaling by WNT > Beta-catenin independent WNT signaling > PCP/CE pathway > Asymmetric localization of PCP proteins > WNT5A binding to FZD promotes PRICKLE1 degradation,Pathway Location,
PL10965,"Signaling by Rho GTPases, Miro GTPases and RHOBTB3 > Signaling by Rho GTPases > RHO GTPase cycle > RHOG GTPase cycle > RHOG GEFs activate RHOG [ACTIVATION]",Pathway Location,
PL10967,"Signaling by Rho GTPases, Miro GTPases and RHOBTB3 > Signaling by Rho GTPases > RHO GTPase cycle > RHOG GTPase cycle > RHOG binds effectors at the ER membrane",Pathway Location,
PL10969,"Signaling by Rho GTPases, Miro GTPases and RHOBTB3 > Signaling by Rho GTPases > RHO GTPase cycle > RAC2 GTPase cycle > RAC2 binds effectors at the ER membrane",Pathway Location,
PL10974,"Signaling by Rho GTPases, Miro GTPases and RHOBTB3 > Signaling by Rho GTPases > RHO GTPase cycle > RAC2 GTPase cycle > RAC2 GAPs stimulate RAC2 GTPase activity [ACTIVATION]",Pathway Location,
PL10979,"Signaling by Rho GTPases, Miro GTPases and RHOBTB3 > Signaling by Rho GTPases > RHO GTPase cycle > RHOF GTPase cycle > RHOF GAPs stimulate RHOF GTPase activity [ACTIVATION]",Pathway Location,
PL10984,"Signaling by Rho GTPases, Miro GTPases and RHOBTB3 > Signaling by Rho GTPases > RHO GTPase cycle > RHOA GTPase cycle > RHOA GAPs stimulate RHOA GTPase activity [ACTIVATION]",Pathway Location,
PL10985,"Signaling by Rho GTPases, Miro GTPases and RHOBTB3 > Signaling by Rho GTPases > RHO GTPase cycle > RHOA GTPase cycle > RHOA GEFs activate RHOA [ACTIVATION]",Pathway Location,
PL10986,"Signaling by Rho GTPases, Miro GTPases and RHOBTB3 > Signaling by Rho GTPases > RHO GTPase cycle > RHOQ GTPase cycle > RHOQ GEFs activate RHOQ [ACTIVATION]",Pathway Location,
PL10987,"Signaling by Rho GTPases, Miro GTPases and RHOBTB3 > Signaling by Rho GTPases > RHO GTPase cycle > RAC1 GTPase cycle > RAC1 GEFs activate RAC1 [ACTIVATION]",Pathway Location,
PL10990,Signaling by GPCR > GPCR downstream signalling > G alpha (q) signalling events > G alpha (q) binds to Trio family RhoGEFs,Pathway Location,
PL10991,"Signaling by Rho GTPases, Miro GTPases and RHOBTB3 > Signaling by Rho GTPases > RHO GTPase cycle > RAC1 GTPase cycle > RAC1 GAPs stimulate RAC1 GTPase activity [ACTIVATION]",Pathway Location,
PL10992,"Signaling by Rho GTPases, Miro GTPases and RHOBTB3 > Signaling by Rho GTPases > RHO GTPase cycle > RHOC GTPase cycle > RHOC GEFs activate RHOC [ACTIVATION]",Pathway Location,
PL10995,"Signaling by Rho GTPases, Miro GTPases and RHOBTB3 > Signaling by Rho GTPases > RHO GTPase cycle > RHOC GTPase cycle > RHOC activates endoplasmic reticulum effectors",Pathway Location,
PL10997,"Signaling by Rho GTPases, Miro GTPases and RHOBTB3 > Signaling by Rho GTPases > RHO GTPase cycle > RHOD GTPase cycle > RHOD GAPs stimulate RHOD GTPase activity [ACTIVATION]",Pathway Location,
PL11004,"Signaling by Rho GTPases, Miro GTPases and RHOBTB3 > Signaling by Rho GTPases > RHO GTPase cycle > RHOD GTPase cycle > RHOD binds effectors at the mitochondrial outer membrane",Pathway Location,
PL11005,"Signaling by Rho GTPases, Miro GTPases and RHOBTB3 > Signaling by Rho GTPases > RHO GTPase cycle > RAC3 GTPase cycle > RAC3 binds ER effectors",Pathway Location,
PL11006,"Signaling by Rho GTPases, Miro GTPases and RHOBTB3 > Signaling by Rho GTPases > RHO GTPase cycle > RAC3 GTPase cycle > RAC3 GAPs stimulate RAC3 GTPase activity [ACTIVATION]",Pathway Location,
PL11011,"Signaling by Rho GTPases, Miro GTPases and RHOBTB3 > Signaling by Rho GTPases > RHO GTPase cycle > RND2 GTPase cycle > RND2 binds effectors",Pathway Location,
PL11014,"Signaling by Rho GTPases, Miro GTPases and RHOBTB3 > Signaling by Rho GTPases > RHO GTPase cycle > RHOJ GTPase cycle > RHOJ GAPs stimulate RHOJ GTPase activity [ACTIVATION]",Pathway Location,
PL11017,"Signaling by Rho GTPases, Miro GTPases and RHOBTB3 > Signaling by Rho GTPases > RHO GTPase cycle > RND3 GTPase cycle > RND3 binds effectors",Pathway Location,
PL11023,"Signaling by Rho GTPases, Miro GTPases and RHOBTB3 > Signaling by Rho GTPases > RHO GTPase cycle > CDC42 GTPase cycle > CDC42 GAPs stimulate CDC42 GTPase activity [ACTIVATION]",Pathway Location,
PL11024,"Signaling by Rho GTPases, Miro GTPases and RHOBTB3 > Signaling by Rho GTPases > RHO GTPase cycle > RHOQ GTPase cycle > RHOQ GAPs stimulate RHOQ GTPase activity [ACTIVATION]",Pathway Location,
PL11025,"Signaling by Rho GTPases, Miro GTPases and RHOBTB3 > Signaling by Rho GTPases > RHO GTPase cycle > CDC42 GTPase cycle > CDC42 GEFs activate CDC42 [ACTIVATION]",Pathway Location,
PL11028,Signaling by GPCR > GPCR downstream signalling > G alpha (12/13) signalling events > p115-RhoGEF activation of RHOA [ACTIVATION],Pathway Location,
PL11029,Signaling by GPCR > GPCR downstream signalling > G alpha (12/13) signalling events > G alpha (13) activates Rho guanine nucleotide exchange factor 1 (p115-RhoGEF),Pathway Location,
PL11032,"Signaling by Rho GTPases, Miro GTPases and RHOBTB3 > Signaling by Rho GTPases > RHO GTPase cycle > RHOB GTPase cycle > RHOB GEFs activate RHOB [ACTIVATION]",Pathway Location,
PL11042,"Signaling by Rho GTPases, Miro GTPases and RHOBTB3 > Signaling by Rho GTPases > RHO GTPase cycle > RND1 GTPase cycle > RND1 binds effectors",Pathway Location,
PL11048,"Signaling by Rho GTPases, Miro GTPases and RHOBTB3 > Signaling by Rho GTPases > RHO GTPase Effectors > RHO GTPases Activate ROCKs > Myosin phosphatase inactivation by ROCK [ACTIVATION]",Pathway Location,
PL11050,"Signaling by Rho GTPases, Miro GTPases and RHOBTB3 > Signaling by Rho GTPases > RHO GTPase Effectors > RHO GTPases Activate WASPs and WAVEs > ABL phosphorylates WAVEs [ACTIVATION]",Pathway Location,
PL11051,Signaling by Receptor Tyrosine Kinases > Signaling by VEGF > VEGFA-VEGFR2 Pathway > RAC1:GTP and PIP3 bind WAVE Regulatory Complex (WRC),Pathway Location,
PL11052,"Signaling by Rho GTPases, Miro GTPases and RHOBTB3 > Signaling by Rho GTPases > RHO GTPase Effectors > RHO GTPases Activate WASPs and WAVEs > RAC1:GTP and PIP3 bind WAVE Regulatory Complex (WRC)",Pathway Location,
PL11053,"Signaling by Rho GTPases, Miro GTPases and RHOBTB3 > Signaling by Rho GTPases > RHO GTPase Effectors > RHO GTPases Activate WASPs and WAVEs > p-ERK phosphorylates WAVEs and ABI [ACTIVATION]",Pathway Location,
PL11056,"Signaling by Rho GTPases, Miro GTPases and RHOBTB3 > Signaling by Rho GTPases > RHO GTPase Effectors > RHO GTPases Activate WASPs and WAVEs > (WASPs, WAVE):G-actin:ARP2/3 binds F-actin",Pathway Location,
PL11057,"Signaling by Rho GTPases, Miro GTPases and RHOBTB3 > Signaling by Rho GTPases > RHO GTPase Effectors > RHO GTPases Activate WASPs and WAVEs > Branching and elongation of mother and daughter filaments",Pathway Location,
PL11058,"Signaling by Rho GTPases, Miro GTPases and RHOBTB3 > Signaling by Rho GTPases > RHO GTPase Effectors > RHO GTPases Activate WASPs and WAVEs > WASPs or WAVEs activate the ARP2/3 complex",Pathway Location,
PL11059,"Signaling by Rho GTPases, Miro GTPases and RHOBTB3 > Signaling by Rho GTPases > RHO GTPase Effectors > RHO GTPases Activate WASPs and WAVEs > Detachment of WASP/WAVE",Pathway Location,
PL11092,"Signaling by Rho GTPases, Miro GTPases and RHOBTB3 > Signaling by Rho GTPases > RHO GTPase Effectors > RHO GTPases activate PAKs > PAK1 or PAK2 phosphorylates MYLK [ACTIVATION]",Pathway Location,
PL11096,MAPK family signaling cascades > MAPK6/MAPK4 signaling > Activation of PAKs by RAC1 and CDC42,Pathway Location,
PL11099,"Signaling by Rho GTPases, Miro GTPases and RHOBTB3 > Signaling by Rho GTPases > RHO GTPase Effectors > RHO GTPases activate PAKs > RAC1 and CDC42 activate PAK3",Pathway Location,
PL11105,"Signaling by Rho GTPases, Miro GTPases and RHOBTB3 > Signaling by Rho GTPases > RHO GTPase Effectors > RHO GTPases activate PAKs > MYLK (MLCK) Active Calmodulin Binding [INHIBITION]",Pathway Location,
PL11106,"Signaling by Rho GTPases, Miro GTPases and RHOBTB3 > Signaling by Rho GTPases > RHO GTPase Effectors > RHO GTPases activate PAKs > MYLK (MLCK) phosphorylates MRLCs of the non-muscle myosin II complex [ACTIVATION]",Pathway Location,
PL11127,"Signaling by Rho GTPases, Miro GTPases and RHOBTB3 > Signaling by Rho GTPases > RHO GTPase Effectors > RHO GTPases activate IQGAPs > IQGAPs bind F-actin, which is inhibited by calmodulin [INHIBITION]",Pathway Location,
PL11128,"Signaling by Rho GTPases, Miro GTPases and RHOBTB3 > Signaling by Rho GTPases > RHO GTPase Effectors > RHO GTPases activate IQGAPs > IQGAPs bind CALM1",Pathway Location,
PL11134,"Signaling by Rho GTPases, Miro GTPases and RHOBTB3 > Signaling by Rho GTPases > RHO GTPase Effectors > RHO GTPases Activate Formins > RHOA:GTP:DIAPH1 binds EVL and sequesters profilin:G-actin from MKL1",Pathway Location,
PL11136,"Signaling by Rho GTPases, Miro GTPases and RHOBTB3 > Signaling by Rho GTPases > RHO GTPase Effectors > RHO GTPases Activate Formins > Profilin:G-actin binds MKL1",Pathway Location,
PL11144,"Signaling by Rho GTPases, Miro GTPases and RHOBTB3 > Signaling by Rho GTPases > RHO GTPase Effectors > RHO GTPases Activate Formins > Kinetochore capture of astral microtubules is positively regulated by CDC42:GTP:p-S196-DIAPH2-2 [ACTIVATION]",Pathway Location,
PL11145,"Signaling by Rho GTPases, Miro GTPases and RHOBTB3 > Signaling by Rho GTPases > RHO GTPase Effectors > RHO GTPases Activate Formins > AURKB phosphorylates DIAPH2-2 at kinetochores [ACTIVATION]",Pathway Location,
PL11150,"Signaling by Rho GTPases, Miro GTPases and RHOBTB3 > Signaling by Rho GTPases > RHO GTPase Effectors > RHO GTPases Activate Formins > Activated FMNL3 binds G-actin",Pathway Location,
PL11152,"Signaling by Rho GTPases, Miro GTPases and RHOBTB3 > Signaling by Rho GTPases > RHO GTPase Effectors > RHO GTPases Activate Formins > CDC42:GTP recruits DIAPH2-2 to kinetochores",Pathway Location,
PL11153,"Signaling by Rho GTPases, Miro GTPases and RHOBTB3 > Signaling by Rho GTPases > RHO GTPase Effectors > RHO GTPases Activate Formins > SRGAP2 binds RAC1:GTP:FMNL1:profilin:G-actin",Pathway Location,
PL11154,"Signaling by Rho GTPases, Miro GTPases and RHOBTB3 > Signaling by Rho GTPases > RHO GTPase Effectors > RHO GTPases Activate Formins > RAC1:GTP:FMNL1 binds profilin:G-actin",Pathway Location,
PL11155,"Signaling by Rho GTPases, Miro GTPases and RHOBTB3 > Signaling by Rho GTPases > RHO GTPase Effectors > RHO GTPases Activate Formins > Association of profilin with monomeric actin",Pathway Location,
PL11156,"Signaling by Rho GTPases, Miro GTPases and RHOBTB3 > Signaling by Rho GTPases > RHO GTPase Effectors > RHO GTPases Activate Formins > CDC42:GTP:FMNL2 binds Profilin:G-actin",Pathway Location,
PL11157,"Signaling by Rho GTPases, Miro GTPases and RHOBTB3 > Signaling by Rho GTPases > RHO GTPase Effectors > RHO GTPases Activate Formins > SRGAP2 stimulates RAC1 GTP-ase activity and ends FMNL1-mediated elongation of actin filaments [ACTIVATION]",Pathway Location,
PL11180,Signaling by GPCR > GPCR downstream signalling > G alpha (q) signalling events > Active Gq binds BTK,Pathway Location,
PL11181,Signaling by GPCR > GPCR downstream signalling > G alpha (q) signalling events > BTK in active Gq-BTK complex is activated,Pathway Location,
PL11184,Signaling by GPCR > GPCR downstream signalling > G alpha (q) signalling events > Gq-BTK complex dissociates to Active BTK and Gq,Pathway Location,
PL11206,Signaling by GPCR > GPCR downstream signalling > G alpha (q) signalling events > Effects of PIP2 hydrolysis > Activation of Protein Kinase C novel isoforms,Pathway Location,
PL11215,Signaling by GPCR > GPCR downstream signalling > G alpha (z) signalling events > G alpha (z) inhibits adenylate cyclase,Pathway Location,
PL11219,Signaling by GPCR > GPCR downstream signalling > G alpha (s) signalling events > INHIBITION,Pathway Location,
PL11220,Signaling by GPCR > GPCR downstream signalling > G alpha (z) signalling events > INHIBITION,Pathway Location,
PL11221,Signaling by GPCR > GPCR downstream signalling > G alpha (s) signalling events > GPER1 signaling > INHIBITION,Pathway Location,
PL11241,Signaling by GPCR > GPCR downstream signalling > G alpha (s) signalling events > G alpha (s) activates adenylate cyclase [ACTIVATION],Pathway Location,
PL11242,Signaling by GPCR > GPCR downstream signalling > G alpha (s) signalling events > GPER1 signaling > G alpha (s) activates adenylate cyclase [ACTIVATION],Pathway Location,
PL11243,"Signaling by GPCR > GPCR downstream signalling > G alpha (s) signalling events > Adenylate cyclase converts ATP to 3',5'-cyclic AMP (cAMP) and pyrophosphate [ACTIVATION]",Pathway Location,
PL11244,"Signaling by GPCR > GPCR downstream signalling > G alpha (i) signalling events > Adenylate cyclase converts ATP to 3',5'-cyclic AMP (cAMP) and pyrophosphate [ACTIVATION]",Pathway Location,
PL11245,"Signaling by GPCR > GPCR downstream signalling > G alpha (z) signalling events > Adenylate cyclase converts ATP to 3',5'-cyclic AMP (cAMP) and pyrophosphate [ACTIVATION]",Pathway Location,
PL11246,"Signaling by GPCR > GPCR downstream signalling > G alpha (s) signalling events > GPER1 signaling > Adenylate cyclase converts ATP to 3',5'-cyclic AMP (cAMP) and pyrophosphate [ACTIVATION]",Pathway Location,
PL11262,Signaling by GPCR > GPCR ligand binding > Class A/1 (Rhodopsin-like receptors) > HCAR2 binds HCAR2 ligands,Pathway Location,
PL11263,Signaling by GPCR > GPCR ligand binding > Class A/1 (Rhodopsin-like receptors) > Hydroxycarboxylic acid-binding receptors > HCAR2 binds HCAR2 ligands,Pathway Location,
PL11282,Signaling by GPCR > GPCR ligand binding > Class A/1 (Rhodopsin-like receptors) > Peptide ligand-binding receptors > XK:KEL:Zn2+ cleaves EDN3 [ACTIVATION],Pathway Location,
PL11293,Signaling by GPCR > GPCR ligand binding > Class A/1 (Rhodopsin-like receptors) > Peptide ligand-binding receptors > ECE1 cleaves EDN1(53-90) [ACTIVATION],Pathway Location,
PL11303,Signaling by GPCR > GPCR ligand binding > Class A/1 (Rhodopsin-like receptors) > Peptide ligand-binding receptors > Proteinase-activated receptors can bind thrombin,Pathway Location,
PL11335,Signaling by Receptor Tyrosine Kinases > Signaling by FGFR > Signaling by FGFR2 > FGFR2 ligand binding and activation > FGFR2c ligand binding and activation > FGFR2c binds to FGF [ACTIVATION],Pathway Location,
PL11336,Signaling by Receptor Tyrosine Kinases > Signaling by FGFR > Signaling by FGFR2 > FGFR2 ligand binding and activation > FGFR2b ligand binding and activation > FGFR2b binds to FGF [ACTIVATION],Pathway Location,
PL11337,Signaling by Receptor Tyrosine Kinases > Signaling by FGFR > Signaling by FGFR2 > FGFR2 ligand binding and activation > FGFR2b ligand binding and activation > ACTIVATION,Pathway Location,
PL11338,Signaling by Receptor Tyrosine Kinases > Signaling by FGFR > Signaling by FGFR2 > FGFR2 ligand binding and activation > FGFR2b ligand binding and activation > FGFBPs bind FGFs,Pathway Location,
PL11341,Signaling by Receptor Tyrosine Kinases > Signaling by FGFR > Signaling by FGFR4 > FGFR4 ligand binding and activation > FGFR4 binds to FGF [ACTIVATION],Pathway Location,
PL11342,Signaling by Receptor Tyrosine Kinases > Signaling by FGFR > Signaling by FGFR4 > FGFR4 ligand binding and activation > Autocatalytic phosphorylation of FGFR4 [ACTIVATION],Pathway Location,
PL11350,Signaling by Receptor Tyrosine Kinases > Signaling by FGFR > Signaling by FGFR3 > FGFR3 ligand binding and activation > FGFR3b ligand binding and activation > Autocatalytic phosphorylation of FGFR3b [ACTIVATION],Pathway Location,
PL11351,Signaling by Receptor Tyrosine Kinases > Signaling by FGFR > Signaling by FGFR3 > FGFR3 ligand binding and activation > FGFR3b ligand binding and activation > FGFR3b binds to FGF [ACTIVATION],Pathway Location,
PL11352,Signaling by Receptor Tyrosine Kinases > Signaling by FGFR > Signaling by FGFR3 > FGFR3 ligand binding and activation > FGFR3c ligand binding and activation > FGFR3c binds to FGF [ACTIVATION],Pathway Location,
PL11353,Signaling by Receptor Tyrosine Kinases > Signaling by FGFR > Signaling by FGFR3 > FGFR3 ligand binding and activation > FGFR3c ligand binding and activation > Autocatalytic phosphorylation of FGFR3c [ACTIVATION],Pathway Location,
PL11358,Signaling by Receptor Tyrosine Kinases > Signaling by FGFR > Signaling by FGFR1 > FGFR1 ligand binding and activation > FGFR1b ligand binding and activation > Autocatalytic phosphorylation of FGFR1b [ACTIVATION],Pathway Location,
PL11359,Signaling by Receptor Tyrosine Kinases > Signaling by FGFR > Signaling by FGFR1 > FGFR1 ligand binding and activation > FGFR1b ligand binding and activation > FGFR1b binds to FGF [ACTIVATION],Pathway Location,
PL11360,Signaling by Receptor Tyrosine Kinases > Signaling by FGFR > Signaling by FGFR1 > FGFR1 ligand binding and activation > FGFR1c ligand binding and activation > Autocatalytic phosphorylation of FGFR1c [ACTIVATION],Pathway Location,
PL11361,Signaling by TGFB family members > Signaling by TGFBR3 > TGFBR3 regulates FGF2 signaling > FGF2:TGFBR3 binding to GIPC1,Pathway Location,
PL11362,Signaling by Receptor Tyrosine Kinases > Signaling by FGFR > Signaling by FGFR1 > FGFR1 ligand binding and activation > FGFR1b ligand binding and activation > ACTIVATION,Pathway Location,
PL11363,Signaling by Receptor Tyrosine Kinases > Signaling by FGFR > Signaling by FGFR1 > FGFR1 ligand binding and activation > FGFR1c ligand binding and activation > ACTIVATION,Pathway Location,
PL11364,Signaling by TGFB family members > Signaling by TGFBR3 > TGFBR3 regulates FGF2 signaling > TGFBR3 binding to FGF2,Pathway Location,
PL11366,Signaling by Receptor Tyrosine Kinases > Signaling by FGFR > Signaling by FGFR1 > FGFR1 ligand binding and activation > FGFR1c ligand binding and activation > FGFR1c binds to FGF [INHIBITION],Pathway Location,
PL11548,"Signaling by Receptor Tyrosine Kinases > Signaling by NTRKs > Signaling by NTRK1 (TRKA) > Nuclear Events (kinase and transcription factor activation) > NGF-stimulated transcription > p-S133 CREB1, MEF2D and SRF  bind the ARC gene",Pathway Location,
PL11549,Signaling by Receptor Tyrosine Kinases > Signaling by NTRKs > Signaling by NTRK1 (TRKA) > Nuclear Events (kinase and transcription factor activation) > NGF-stimulated transcription > ARC gene expression [ACTIVATION],Pathway Location,
PL11576,Signaling by Receptor Tyrosine Kinases > Signaling by NTRKs > Signaling by NTRK1 (TRKA) > Nuclear Events (kinase and transcription factor activation) > ERK/MAPK targets > ERK5 activates the transcription factor MEF2 [ACTIVATION],Pathway Location,
PL11618,"Signaling by Rho GTPases, Miro GTPases and RHOBTB3 > Signaling by Rho GTPases > RHO GTPase cycle > RHOBTB GTPase Cycle > RHOBTB1 GTPase cycle > RHOBTB1 binds interacting proteins at the endosome membrane",Pathway Location,
PL11621,"Signaling by Rho GTPases, Miro GTPases and RHOBTB3 > Signaling by Rho GTPases > RHO GTPase cycle > RHOBTB GTPase Cycle > RHOBTB1 GTPase cycle > RHOBTB1 binds GTP",Pathway Location,
PL11622,"Signaling by Rho GTPases, Miro GTPases and RHOBTB3 > Signaling by Rho GTPases > RHO GTPase cycle > RHOBTB GTPase Cycle > RHOBTB2 GTPase cycle > RHOBTB2 binds interacting proteins at the endosome membrane",Pathway Location,
PL11634,"Signaling by Rho GTPases, Miro GTPases and RHOBTB3 > Signaling by Rho GTPases > RHO GTPase Effectors > RHO GTPases activate PKNs > Activated PKN1 stimulates transcription of AR (androgen receptor) regulated genes KLK2 and KLK3 > PKN1 stimulates association of AR with NCOA2",Pathway Location,
PL11641,"Signaling by GPCR > GPCR downstream signalling > G alpha (q) signalling events > Effects of PIP2 hydrolysis > Arachidonate production from DAG > ABHD6,12 hydrolyse 3AG [ACTIVATION]",Pathway Location,
PL11642,Signaling by GPCR > GPCR downstream signalling > G alpha (q) signalling events > Effects of PIP2 hydrolysis > Arachidonate production from DAG > DAG is metabolized by DAGL to 2-AG [ACTIVATION],Pathway Location,
PL11643,Signaling by GPCR > GPCR downstream signalling > G alpha (i) signalling events > Opioid Signalling > G-protein activation > The receptor:G-protein complex releases GDP,Pathway Location,
PL11644,Signaling by GPCR > GPCR downstream signalling > G alpha (i) signalling events > Opioid Signalling > G-protein activation > The receptor:G-protein complex  binds GTP [ACTIVATION],Pathway Location,
PL11645,Signaling by GPCR > GPCR downstream signalling > G alpha (q) signalling events > Inactive G alpha (q) reassociates with G beta:gamma,Pathway Location,
PL11646,Signaling by GPCR > GPCR downstream signalling > G alpha (q) signalling events > The Ligand:GPCR:Gq complex dissociates,Pathway Location,
PL11647,Signaling by GPCR > GPCR downstream signalling > G alpha (q) signalling events > Liganded Gq-activating GPCRs bind inactive heterotrimeric Gq,Pathway Location,
PL11648,Signaling by GPCR > GPCR downstream signalling > G alpha (q) signalling events > Liganded Gq/11-activating GPCRs act as GEFs for Gq/11 [ACTIVATION],Pathway Location,
PL11651,Signaling by GPCR > GPCR downstream signalling > G alpha (i) signalling events > Liganded Gi-activating GPCR acts as a GEF for Gi [ACTIVATION],Pathway Location,
PL11652,Signaling by GPCR > GPCR downstream signalling > G alpha (i) signalling events > Inactive G alpha (i) reassociates with G beta:gamma,Pathway Location,
PL11653,Signaling by GPCR > GPCR downstream signalling > G alpha (i) signalling events > Liganded Gi-activating GPCRs bind inactive heterotrimeric G-protein Gi,Pathway Location,
PL11654,Signaling by GPCR > GPCR downstream signalling > G alpha (i) signalling events > The Ligand:GPCR:Gi complex dissociates,Pathway Location,
PL11659,Signaling by GPCR > GPCR downstream signalling > G alpha (i) signalling events > Opioid Signalling > G-protein activation > G-protein beta-gamma subunits rebind the alpha-GDP subunit,Pathway Location,
PL11660,Signaling by GPCR > GPCR downstream signalling > G alpha (i) signalling events > Opioid Signalling > G-protein activation > The high affinity receptor complex binds to G-protein [ACTIVATION],Pathway Location,
PL11661,Signaling by GPCR > GPCR downstream signalling > G alpha (i) signalling events > Opioid Signalling > G-protein activation > The receptor:G-protein complex dissociates,Pathway Location,
PL11666,Signaling by WNT > Beta-catenin independent WNT signaling > Ca2+ pathway > Activation of Calcineurin,Pathway Location,
PL11667,Signaling by GPCR > GPCR downstream signalling > G alpha (i) signalling events > Opioid Signalling > DARPP-32 events > Inactive catalytic PP2B is activated by the binding of calmodulin,Pathway Location,
PL11668,Signaling by GPCR > GPCR downstream signalling > G alpha (i) signalling events > Opioid Signalling > DARPP-32 events > PPP3 complex dephosphorylates DARPP-32 on Thr34 [ACTIVATION],Pathway Location,
PL11847,Signaling by WNT > Beta-catenin independent WNT signaling > Ca2+ pathway > Active calmodulin binds CAMK2 [INHIBITION],Pathway Location,
PL11851,Signaling by GPCR > GPCR downstream signalling > G alpha (q) signalling events > GRK2 sequesters activated Gq,Pathway Location,
PL11852,Signaling by GPCR > GPCR downstream signalling > G alpha (q) signalling events > G alpha (q) auto-inactivates by hydrolysing GTP to GDP [ACTIVATION],Pathway Location,
PL11853,Signaling by GPCR > GPCR downstream signalling > G alpha (q) signalling events > PLC beta is activated by G alpha (q),Pathway Location,
PL11854,Signaling by GPCR > GPCR downstream signalling > G alpha (q) signalling events > PLC-beta hydrolyses PIP2 to DAG and IP3 [ACTIVATION],Pathway Location,
PL11855,Signaling by GPCR > GPCR downstream signalling > G alpha (i) signalling events > Opioid Signalling > G-protein activation > G-protein alpha subunit is inactivated [ACTIVATION],Pathway Location,
PL11856,Signaling by GPCR > GPCR downstream signalling > G alpha (i) signalling events > Opioid Signalling > G-protein mediated events > PLC beta mediated events > Inactivation of PLC beta,Pathway Location,
PL11857,Signaling by GPCR > GPCR downstream signalling > G alpha (i) signalling events > Opioid Signalling > G-protein mediated events > PLC beta mediated events > Activation of PLC beta-1/4,Pathway Location,
PL11858,Signaling by GPCR > GPCR downstream signalling > G alpha (i) signalling events > Opioid Signalling > G-protein mediated events > PLC beta mediated events > PIP2 hydrolysis [ACTIVATION],Pathway Location,
PL11859,Signaling by GPCR > GPCR downstream signalling > G alpha (i) signalling events > G alpha (i) auto-inactivates by hydrolysing GTP to GDP [ACTIVATION],Pathway Location,
PL11860,Signaling by GPCR > GPCR downstream signalling > G alpha (i) signalling events > Opioid Signalling > G-protein mediated events > Adenylate cyclase inhibitory pathway > Adenylate cyclase increases the GTPase activity of G alpha-olf [ACTIVATION],Pathway Location,
PL11861,Signaling by GPCR > GPCR downstream signalling > G alpha (i) signalling events > Opioid Signalling > G-protein mediated events > Adenylate cyclase inhibitory pathway > Dissociation of the Gi alpha:G olf complex,Pathway Location,
PL11862,Signaling by GPCR > GPCR downstream signalling > G alpha (i) signalling events > Opioid Signalling > G-protein mediated events > Adenylate cyclase inhibitory pathway > G alpha-olf:GTP binds to Gi alpha1:GTP:adenylate cyclase complex,Pathway Location,
PL11863,Signaling by GPCR > GPCR downstream signalling > G alpha (i) signalling events > G alpha (i) inhibits adenylate cyclase,Pathway Location,
PL11864,Signaling by GPCR > GPCR downstream signalling > G alpha (i) signalling events > Opioid Signalling > G-protein mediated events > Adenylate cyclase inhibitory pathway > G alpha (i) inhibits adenylate cyclase,Pathway Location,
PL11865,Signaling by GPCR > GPCR downstream signalling > G alpha (i) signalling events > Opioid Signalling > G-protein mediated events > Adenylate cyclase inhibitory pathway > Adenylate cyclase increases the GTPase activity of Gi alpha [ACTIVATION],Pathway Location,
PL11866,Signaling by GPCR > GPCR downstream signalling > G alpha (i) signalling events > Opioid Signalling > G-protein mediated events > Adenylate cyclase activating pathway > The G alpha-olf:GDP:Adenylate cyclase complex dissociates,Pathway Location,
PL11867,Signaling by GPCR > GPCR downstream signalling > G alpha (i) signalling events > Opioid Signalling > G-protein mediated events > Adenylate cyclase activating pathway > Galpha-olf:GTP binds to adenylate cyclase and activates it [ACTIVATION],Pathway Location,
PL11868,Signaling by GPCR > GPCR downstream signalling > G alpha (i) signalling events > Opioid Signalling > G-protein mediated events > Adenylate cyclase activating pathway > Adenylate cyclase converts ATP into cyclic AMP [ACTIVATION],Pathway Location,
PL11869,Signaling by GPCR > GPCR downstream signalling > G alpha (i) signalling events > Opioid Signalling > G-protein mediated events > Adenylate cyclase activating pathway > Adenylaye cyclase increases the GTPase activity of G alpha-olf [ACTIVATION],Pathway Location,
PL11876,"Signaling by Receptor Tyrosine Kinases > Signaling by Insulin receptor > Insulin receptor signalling cascade > IRS-mediated signalling > PI3K Cascade > PKB-mediated events > PDE3B signalling > p-T309,S474-AKT2:PIP3 phosphorylates PDE3B [ACTIVATION]",Pathway Location,
PL11877,"Signaling by Receptor Tyrosine Kinases > Signaling by Type 1 Insulin-like Growth Factor 1 Receptor (IGF1R) > IGF1R signaling cascade > IRS-related events triggered by IGF1R > IRS-mediated signalling > PI3K Cascade > PKB-mediated events > PDE3B signalling > p-T309,S474-AKT2:PIP3 phosphorylates PDE3B [ACTIVATION]",Pathway Location,
PL11878,Signaling by GPCR > GPCR downstream signalling > G alpha (s) signalling events > PDE3B hydrolyses cAMP to AMP [ACTIVATION],Pathway Location,
PL11884,Intracellular signaling by second messengers > DAG and IP3 signaling > CaM pathway > Calmodulin induced events > GRK2 binds CALM1:4Ca2+ [INHIBITION],Pathway Location,
PL11885,Signaling by GPCR > GPCR downstream signalling > G alpha (i) signalling events > Opioid Signalling > G-protein mediated events > PLC beta mediated events > Ca-dependent events > CaM pathway > Calmodulin induced events > GRK2 binds CALM1:4Ca2+ [INHIBITION],Pathway Location,
PL11889,Intracellular signaling by second messengers > DAG and IP3 signaling > CaM pathway > Calmodulin induced events > CaMK IV-mediated phosphorylation of CREB > Activated calmodulin dissociates from CaMKII-gamma,Pathway Location,
PL11890,Signaling by GPCR > GPCR downstream signalling > G alpha (i) signalling events > Opioid Signalling > G-protein mediated events > PLC beta mediated events > Ca-dependent events > CaM pathway > Calmodulin induced events > CaMK IV-mediated phosphorylation of CREB > Activated calmodulin dissociates from CaMKII-gamma,Pathway Location,
PL11891,Intracellular signaling by second messengers > DAG and IP3 signaling > CaM pathway > Calmodulin induced events > CaMK IV-mediated phosphorylation of CREB > p-T287-CAMK2G:CALM1:4xCa2+ enters nucleus [ACTIVATION],Pathway Location,
PL11892,Signaling by GPCR > GPCR downstream signalling > G alpha (i) signalling events > Opioid Signalling > G-protein mediated events > PLC beta mediated events > Ca-dependent events > CaM pathway > Calmodulin induced events > CaMK IV-mediated phosphorylation of CREB > p-T287-CAMK2G:CALM1:4xCa2+ enters nucleus [ACTIVATION],Pathway Location,
PL11893,Intracellular signaling by second messengers > DAG and IP3 signaling > CaM pathway > Calmodulin induced events > CaMK IV-mediated phosphorylation of CREB > CaMKII binds activated calmodulin,Pathway Location,
PL11894,Signaling by GPCR > GPCR downstream signalling > G alpha (i) signalling events > Opioid Signalling > G-protein mediated events > PLC beta mediated events > Ca-dependent events > CaM pathway > Calmodulin induced events > CaMK IV-mediated phosphorylation of CREB > CaMKII binds activated calmodulin,Pathway Location,
PL11895,Intracellular signaling by second messengers > DAG and IP3 signaling > CaM pathway > Calmodulin induced events > CaMK IV-mediated phosphorylation of CREB > CaMKII autophosphorylates [ACTIVATION],Pathway Location,
PL11896,Signaling by GPCR > GPCR downstream signalling > G alpha (i) signalling events > Opioid Signalling > G-protein mediated events > PLC beta mediated events > Ca-dependent events > CaM pathway > Calmodulin induced events > CaMK IV-mediated phosphorylation of CREB > CaMKII autophosphorylates [ACTIVATION],Pathway Location,
PL11897,Signaling by WNT > Beta-catenin independent WNT signaling > Ca2+ pathway > Autophosphorylation and activation of CAMK2 [ACTIVATION],Pathway Location,
PL11903,Intracellular signaling by second messengers > DAG and IP3 signaling > CaM pathway > Calmodulin induced events > CaMK IV-mediated phosphorylation of CREB > CaMKK autophosphorylates in the nucleus [ACTIVATION],Pathway Location,
PL11904,Signaling by GPCR > GPCR downstream signalling > G alpha (i) signalling events > Opioid Signalling > G-protein mediated events > PLC beta mediated events > Ca-dependent events > CaM pathway > Calmodulin induced events > CaMK IV-mediated phosphorylation of CREB > CaMKK autophosphorylates in the nucleus [ACTIVATION],Pathway Location,
PL11905,Intracellular signaling by second messengers > DAG and IP3 signaling > CaM pathway > Calmodulin induced events > CaMK IV-mediated phosphorylation of CREB > CaMKK phosphorylates CAMK4 [ACTIVATION],Pathway Location,
PL11906,Signaling by GPCR > GPCR downstream signalling > G alpha (i) signalling events > Opioid Signalling > G-protein mediated events > PLC beta mediated events > Ca-dependent events > CaM pathway > Calmodulin induced events > CaMK IV-mediated phosphorylation of CREB > CaMKK phosphorylates CAMK4 [ACTIVATION],Pathway Location,
PL11907,Intracellular signaling by second messengers > DAG and IP3 signaling > CaM pathway > Calmodulin induced events > CaMK IV-mediated phosphorylation of CREB > Calmodulin binds CAMK4,Pathway Location,
PL11908,Signaling by GPCR > GPCR downstream signalling > G alpha (i) signalling events > Opioid Signalling > G-protein mediated events > PLC beta mediated events > Ca-dependent events > CaM pathway > Calmodulin induced events > CaMK IV-mediated phosphorylation of CREB > Calmodulin binds CAMK4,Pathway Location,
PL11909,Intracellular signaling by second messengers > DAG and IP3 signaling > CaM pathway > Calmodulin induced events > CaMK IV-mediated phosphorylation of CREB > CAMK4 autophosphorylates [ACTIVATION],Pathway Location,
PL11910,Signaling by GPCR > GPCR downstream signalling > G alpha (i) signalling events > Opioid Signalling > G-protein mediated events > PLC beta mediated events > Ca-dependent events > CaM pathway > Calmodulin induced events > CaMK IV-mediated phosphorylation of CREB > CAMK4 autophosphorylates [ACTIVATION],Pathway Location,
PL11911,Intracellular signaling by second messengers > DAG and IP3 signaling > CaM pathway > Calmodulin induced events > CaMK IV-mediated phosphorylation of CREB > CaMKK binds activated calmodulin in the nucleus,Pathway Location,
PL11912,Signaling by GPCR > GPCR downstream signalling > G alpha (i) signalling events > Opioid Signalling > G-protein mediated events > PLC beta mediated events > Ca-dependent events > CaM pathway > Calmodulin induced events > CaMK IV-mediated phosphorylation of CREB > CaMKK binds activated calmodulin in the nucleus,Pathway Location,
PL11913,Intracellular signaling by second messengers > DAG and IP3 signaling > CaM pathway > Calmodulin induced events > CaMK IV-mediated phosphorylation of CREB > CaMK4 phosphorylates CREB1 [ACTIVATION],Pathway Location,
PL11914,Signaling by GPCR > GPCR downstream signalling > G alpha (i) signalling events > Opioid Signalling > G-protein mediated events > PLC beta mediated events > Ca-dependent events > CaM pathway > Calmodulin induced events > CaMK IV-mediated phosphorylation of CREB > CaMK4 phosphorylates CREB1 [ACTIVATION],Pathway Location,
PL11937,Signaling by Receptor Tyrosine Kinases > Signaling by VEGF > VEGFA-VEGFR2 Pathway > VEGFR2 mediated cell proliferation > Calcium binds calmodulin,Pathway Location,
PL11938,Intracellular signaling by second messengers > DAG and IP3 signaling > CaM pathway > Calcium binds calmodulin,Pathway Location,
PL11939,Signaling by GPCR > GPCR downstream signalling > G alpha (i) signalling events > Opioid Signalling > G-protein mediated events > PLC beta mediated events > Ca-dependent events > CaM pathway > Calcium binds calmodulin,Pathway Location,
PL11940,Intracellular signaling by second messengers > DAG and IP3 signaling > CaM pathway > Calmodulin induced events > Cam-PDE 1 activation > Calmodulin activates Cam-PDE 1 [ACTIVATION],Pathway Location,
PL11941,Signaling by GPCR > GPCR downstream signalling > G alpha (i) signalling events > Opioid Signalling > G-protein mediated events > PLC beta mediated events > Ca-dependent events > CaM pathway > Calmodulin induced events > Cam-PDE 1 activation > Calmodulin activates Cam-PDE 1 [ACTIVATION],Pathway Location,
PL11942,Intracellular signaling by second messengers > DAG and IP3 signaling > CaM pathway > Calmodulin induced events > PKA-mediated phosphorylation of CREB > PKA activation > ACTIVATION,Pathway Location,
PL11943,Signaling by GPCR > GPCR downstream signalling > G alpha (i) signalling events > Opioid Signalling > G-protein mediated events > PLC beta mediated events > Ca-dependent events > CaM pathway > Calmodulin induced events > PKA-mediated phosphorylation of CREB > PKA activation > ACTIVATION,Pathway Location,
PL11944,Intracellular signaling by second messengers > DAG and IP3 signaling > CaM pathway > Calmodulin induced events > PKA-mediated phosphorylation of CREB > PKA activation > Adenylate cyclase produces cAMP [ACTIVATION],Pathway Location,
PL11945,Signaling by GPCR > GPCR downstream signalling > G alpha (i) signalling events > Opioid Signalling > G-protein mediated events > PLC beta mediated events > Ca-dependent events > CaM pathway > Calmodulin induced events > PKA-mediated phosphorylation of CREB > PKA activation > Adenylate cyclase produces cAMP [ACTIVATION],Pathway Location,
R-HSA-199991,Membrane Trafficking,Pathway,5.0543952260140425e-08
PL03370,Clathrin-mediated endocytosis > Recruitment of AP-2 complex and clathrin [ACTIVATION],Pathway Location,
PL03371,Clathrin-mediated endocytosis > Dynamin-mediated GTP hydrolysis promotes vesicle scission [ACTIVATION],Pathway Location,
PL03372,Clathrin-mediated endocytosis > HSPA8-mediated ATP hydrolysis promotes vesicle uncoating [ACTIVATION],Pathway Location,
PL03373,Clathrin-mediated endocytosis > Auxilin recruits HSPA8:ATP to the clathrin-coated vesicle,Pathway Location,
PL03374,Clathrin-mediated endocytosis > Clathrin recruits auxilins to the clathrin-coated vesicle,Pathway Location,
PL03375,Clathrin-mediated endocytosis > RAB5 and GAPVD1 bind AP-2,Pathway Location,
PL03376,"Clathrin-mediated endocytosis > SYNJ hydrolyze PI(4,5)P2 to PI(4)P [ACTIVATION]",Pathway Location,
PL03377,Clathrin-mediated endocytosis > BAR domain proteins recruit dynamin,Pathway Location,
PL03378,Clathrin-mediated endocytosis > SNX9 recruits components of the actin polymerizing machinery,Pathway Location,
PL03379,Clathrin-mediated endocytosis > Dissociation of clathrin-associated proteins,Pathway Location,
PL03380,Clathrin-mediated endocytosis > Endophilins recruit synaptojanins to the clathrin-coated pit,Pathway Location,
PL03381,Clathrin-mediated endocytosis > Dissociation of AAK1 and dephosphorylation of AP-2 mu2,Pathway Location,
PL03382,Clathrin-mediated endocytosis > F- and N- BAR domain proteins bind the clathrin-coated pit [ACTIVATION],Pathway Location,
PL03383,"Clathrin-mediated endocytosis > Clathrin-associated PIK3C2A phosphorylates PI(4)P to PI(3,4)P2 [ACTIVATION]",Pathway Location,
PL03384,Clathrin-mediated endocytosis > Clathrin recruits PIK3C2A,Pathway Location,
PL03388,"Translocation of SLC2A4 (GLUT4) to the plasma membrane > p-AKT1,p-AKT2 phosphorylates AS160 (TBC1D4) [ACTIVATION]",Pathway Location,
PL03392,"Translocation of SLC2A4 (GLUT4) to the plasma membrane > 14-3-3 binds p-5S,T642-AS160 (TBC1D4)",Pathway Location,
PL03401,Endosomal Sorting Complex Required For Transport (ESCRT) > ESCRT Disassembly [ACTIVATION],Pathway Location,
PL03415,ER to Golgi Anterograde Transport > COPI-mediated anterograde transport > NSF ATPase activity dissociates cis-SNARE at cis-Golgi [ACTIVATION],Pathway Location,
PL03416,"ER to Golgi Anterograde Transport > COPI-mediated anterograde transport > Vesicle is tethered through binding GOLGA2:GORASP1, GOLGB1 and the COG complex",Pathway Location,
PL03417,ER to Golgi Anterograde Transport > COPI-mediated anterograde transport > ERGIC-to-Golgi vesicles bind dynein:dynactin,Pathway Location,
PL03418,ER to Golgi Anterograde Transport > COPI-mediated anterograde transport > ARFGAPs stimulate ARF GTPase activity [ACTIVATION],Pathway Location,
PL03419,ER to Golgi Anterograde Transport > COPI-mediated anterograde transport > COPI vesicle uncoating,Pathway Location,
PL03420,ER to Golgi Anterograde Transport > COPI-mediated anterograde transport > cis-Golgi t-SNAREs bind YKT6 on tethered vesicle,Pathway Location,
PL03421,"ER to Golgi Anterograde Transport > COPI-mediated anterograde transport > ARFGAP, cargo, v-SNAREs and p24 proteins bind nascent COPI complex",Pathway Location,
PL03464,Intra-Golgi and retrograde Golgi-to-ER traffic > Intra-Golgi traffic > The COG complex and CUX1 and GOLGA5 dimers contribute to intra-Golgi vesicle tethering [ACTIVATION],Pathway Location,
PL03465,Intra-Golgi and retrograde Golgi-to-ER traffic > Intra-Golgi traffic > Formation of cis-SNARE complex and membrane fusion in intra-Golgi retrograde traffic,Pathway Location,
PL03470,Intra-Golgi and retrograde Golgi-to-ER traffic > Intra-Golgi traffic > The COG tethering complex interacts with numerous SNAREs at the Golgi membrane,Pathway Location,
PL03473,Intra-Golgi and retrograde Golgi-to-ER traffic > Intra-Golgi traffic > NSF and SNAPs bind the cis-SNARE at the Golgi,Pathway Location,
PL03474,Intra-Golgi and retrograde Golgi-to-ER traffic > Intra-Golgi traffic > ATP hydrolysis by NSF disassembles the cis-SNARE at the Golgi membrane [ACTIVATION],Pathway Location,
PL03479,"Clathrin-mediated endocytosis > Cargo recognition for clathrin-mediated endocytosis > ADBRK1,2 phosphorylate AVPR2 [ACTIVATION]",Pathway Location,
PL03481,Clathrin-mediated endocytosis > FCHo proteins bind nascent clathrin-coated pit,Pathway Location,
PL03482,Clathrin-mediated endocytosis > AAK1 phosphorylates AP-2 mu subunit at T156 [ACTIVATION],Pathway Location,
PL03486,Clathrin-mediated endocytosis > CLASP proteins and cargo are recruited to the nascent clathrin-coated pit,Pathway Location,
PL03487,Clathrin-mediated endocytosis > Cargo recognition for clathrin-mediated endocytosis > ARBB recruits GPCRs into clathrin-coated pits [INHIBITION],Pathway Location,
PL03494,Clathrin-mediated endocytosis > Cargo recognition for clathrin-mediated endocytosis > NEDD8-STON binds TOR1 hexamer and COP9 complex,Pathway Location,
PL03496,Clathrin-mediated endocytosis > Cargo recognition for clathrin-mediated endocytosis > COP9 and TOR1 deneddylate STON2 [ACTIVATION],Pathway Location,
PL03513,Rab regulation of trafficking > RAB GEFs exchange GTP for GDP on RABs > RAB21 GEFs exchange GTP for GDP on RAB21 [ACTIVATION],Pathway Location,
PL03514,Rab regulation of trafficking > RAB GEFs exchange GTP for GDP on RABs > RAB3 GEFs exchange GTP for GDP on RAB3A [ACTIVATION],Pathway Location,
PL03515,Rab regulation of trafficking > RAB GEFs exchange GTP for GDP on RABs > DENND1s exchange GTP for GDP on RAB35 [ACTIVATION],Pathway Location,
PL03516,Rab regulation of trafficking > RAB GEFs exchange GTP for GDP on RABs > MON1:CCZ1 exchanges GTP for GDP on RAB7 [ACTIVATION],Pathway Location,
PL03517,"Rab regulation of trafficking > RAB GEFs exchange GTP for GDP on RABs > DENND5A,B exchange GTP for GDP on RAB39 [ACTIVATION]",Pathway Location,
PL03518,Rab regulation of trafficking > RAB GEFs exchange GTP for GDP on RABs > RAB8 GEFs exchange GTP for GDP on RAB8 [ACTIVATION],Pathway Location,
PL03519,Rab regulation of trafficking > RAB GEFs exchange GTP for GDP on RABs > RAB13 GEFs exchange GTP for GDP on RAB13 [ACTIVATION],Pathway Location,
PL03520,Rab regulation of trafficking > RAB GEFs exchange GTP for GDP on RABs > DENND3 exchanges GTP for GDP on RAB12 [ACTIVATION],Pathway Location,
PL03521,Rab regulation of trafficking > RAB GEFs exchange GTP for GDP on RABs > RAB9 GEFs exchange GTP for GDP on RAB9 [ACTIVATION],Pathway Location,
PL03524,Rab regulation of trafficking > RAB GEFs exchange GTP for GDP on RABs > RAB31 GEFs exchange GTP for GDP on RAB31 [ACTIVATION],Pathway Location,
PL03525,Rab regulation of trafficking > RAB GEFs exchange GTP for GDP on RABs > DENND4s exchange GTP for GDP on RAB10 [ACTIVATION],Pathway Location,
PL03526,Rab regulation of trafficking > RAB GEFs exchange GTP for GDP on RABs > RIC1-RGP1 exchanges GTP for GDP on RAB6 [ACTIVATION],Pathway Location,
PL03527,Rab regulation of trafficking > RAB GEFs exchange GTP for GDP on RABs > RAB5 GEFs exchange GTP for GDP on RAB5 [ACTIVATION],Pathway Location,
PL03528,Rab regulation of trafficking > RAB GEFs exchange GTP for GDP on RABs > MADD exchanges GTP for GDP on RAB27 [ACTIVATION],Pathway Location,
PL03529,Rab regulation of trafficking > RAB GEFs exchange GTP for GDP on RABs > RAB3GAP1:RAB3GAP2 exchanges GTP for GDP on RAB18 [ACTIVATION],Pathway Location,
PL03531,Rab regulation of trafficking > RAB GEFs exchange GTP for GDP on RABs > HPS1:HPS4 exchange GTP for GDP on RAB32 and RAB38 [ACTIVATION],Pathway Location,
PL03532,"Rab regulation of trafficking > RAB GEFs exchange GTP for GDP on RABs > DENND6A,B exchange GTP for GDP on RAB14 [ACTIVATION]",Pathway Location,
PL03533,Rab regulation of trafficking > RAB GEFs exchange GTP for GDP on RABs > TRAPPC complexes exchange GTP for GDP on RAB1 [ACTIVATION],Pathway Location,
PL03534,trans-Golgi Network Vesicle Budding > Golgi Associated Vesicle Biogenesis > trans-Golgi Network Derived Vesicle Uncoating,Pathway Location,
PL03535,trans-Golgi Network Vesicle Budding > Golgi Associated Vesicle Biogenesis > trans-Golgi Network Vesicle Scission [ACTIVATION],Pathway Location,
PL03536,trans-Golgi Network Vesicle Budding > Golgi Associated Vesicle Biogenesis > Vamp And trans-Golgi Network AP-1 Binding Coupled With Cargo Capture,Pathway Location,
PL03537,trans-Golgi Network Vesicle Budding > Golgi Associated Vesicle Biogenesis > trans-Golgi Network Coat Assembly,Pathway Location,
PL03562,Intra-Golgi and retrograde Golgi-to-ER traffic > Golgi-to-ER retrograde transport > COPI-independent Golgi-to-ER retrograde traffic > Dynein drives COPI-independent retrograde traffic from the Golgi to the ER [ACTIVATION],Pathway Location,
PL03564,Intra-Golgi and retrograde Golgi-to-ER traffic > Golgi-to-ER retrograde transport > COPI-independent Golgi-to-ER retrograde traffic > RAB6:GTP displaces PAFAH1B1 from dynein:dynactin complex,Pathway Location,
PL03568,Gap junction trafficking and regulation > Gap junction trafficking > Gap junction degradation > Lysosomal degradation of gap junction plaques,Pathway Location,
PL03569,Gap junction trafficking and regulation > Gap junction trafficking > Gap junction degradation > Internalization of gap junction plaques,Pathway Location,
R-HSA-9012999,RHO GTPase cycle,Pathway,2.0829800524688082e-07
PL14010,RHOG GTPase cycle > RHOG GEFs activate RHOG [ACTIVATION],Pathway Location,
PL14035,RHOQ GTPase cycle > RHOQ GEFs activate RHOQ [ACTIVATION],Pathway Location,
PL14040,RAC1 GTPase cycle > RAC1 GEFs activate RAC1 [ACTIVATION],Pathway Location,
PL14067,RND2 GTPase cycle > RND2 binds effectors,Pathway Location,
PL14076,CDC42 GTPase cycle > CDC42 GEFs activate CDC42 [ACTIVATION],Pathway Location,
PL14094,RHOBTB GTPase Cycle > RHOBTB1 GTPase cycle > RHOBTB1 binds interacting proteins at the endosome membrane,Pathway Location,
PL14096,RHOBTB GTPase Cycle > RHOBTB2 GTPase cycle > RHOBTB2 binds interacting proteins at the endosome membrane,Pathway Location,
R-HSA-9006936,Signaling by TGFB family members,Pathway,3.053422497932277e-06
PL13011,"Signaling by BMP > The ligand trap binds the ligand BMP2, blocking BMP signalling",Pathway Location,
PL13028,"Signaling by Activin > Activin AB,B binds Activin Receptor ACVR2A,B:ACVR1C [INHIBITION]",Pathway Location,
PL13029,"Signaling by Activin > ACVR2A,B (ActRIIA,B) phosphorylates ACVR1C (ActRIC, ALK7) in response to Activin [ACTIVATION]",Pathway Location,
PL13084,Signaling by TGF-beta Receptor Complex > Transcriptional activity of SMAD2/SMAD3:SMAD4 heterotrimer > Downregulation of SMAD2/3:SMAD4 transcriptional activity > MAPK1 and MAPK3 phosphorylate SMAD2 and SMAD3 [ACTIVATION],Pathway Location,
PL13089,Signaling by TGF-beta Receptor Complex > Transcriptional activity of SMAD2/SMAD3:SMAD4 heterotrimer > Downregulation of SMAD2/3:SMAD4 transcriptional activity > PPM1A dephosphorylates nuclear SMAD2/3 [ACTIVATION],Pathway Location,
PL13090,Signaling by TGF-beta Receptor Complex > Transcriptional activity of SMAD2/SMAD3:SMAD4 heterotrimer > Downregulation of SMAD2/3:SMAD4 transcriptional activity > Dephosphorylated SMAD2/3 translocates to the cytosol,Pathway Location,
PL13095,Signaling by TGF-beta Receptor Complex > Transcriptional activity of SMAD2/SMAD3:SMAD4 heterotrimer > SMAD2/SMAD3:SMAD4 heterotrimer regulates transcription > MYC trancscription is negatively regulated by SMAD2/3:SMAD4:RBL1:E2F4/5:DP1/2 complex [INHIBITION],Pathway Location,
PL13111,"Signaling by TGF-beta Receptor Complex > Transcriptional activity of SMAD2/SMAD3:SMAD4 heterotrimer > SMAD2/SMAD3:SMAD4 heterotrimer regulates transcription > p-2S-SMAD2,3:SMAD4:RBL1:E2F4,5:DP1,2 binds MYC gene promoter",Pathway Location,
PL13112,"Signaling by TGF-beta Receptor Complex > Transcriptional activity of SMAD2/SMAD3:SMAD4 heterotrimer > SMAD2/SMAD3:SMAD4 heterotrimer regulates transcription > SMAD2/3:SMAD4 heterotrimer forms a complex with RBL1, E2F4/5 and DP1/2",Pathway Location,
PL13124,Signaling by TGF-beta Receptor Complex > TGF-beta receptor signaling activates SMADs > Downregulation of TGF-beta receptor signaling > PMEPA1 sequesters unphosphorylated SMAD2/3,Pathway Location,
PL13131,"Signaling by TGF-beta Receptor Complex > TGF-beta receptor signaling activates SMADs > An anchoring protein, ZFYVE9 (SARA), recruits SMAD2/3",Pathway Location,
PL13132,Signaling by TGF-beta Receptor Complex > TGF-beta receptor signaling activates SMADs > Activated type I receptor phosphorylates SMAD2/3 directly [ACTIVATION],Pathway Location,
PL13134,"Signaling by Activin > Phosphorylation of SMAD2,3 by Activin:Activin Receptor [ACTIVATION]",Pathway Location,
PL13136,Signaling by TGF-beta Receptor Complex > TGF-beta receptor signaling activates SMADs > Downregulation of TGF-beta receptor signaling > MTMR4 dephosphorylates SMAD2/3 [ACTIVATION],Pathway Location,
PL13139,Signaling by TGF-beta Receptor Complex > TGF-beta receptor signaling activates SMADs > Downregulation of TGF-beta receptor signaling > SMURF2 binds SMAD2,Pathway Location,
PL13140,Signaling by TGF-beta Receptor Complex > TGF-beta receptor signaling activates SMADs > Downregulation of TGF-beta receptor signaling > SMURF2 ubiquitinates SMAD2 [ACTIVATION],Pathway Location,
PL13141,Signaling by TGF-beta Receptor Complex > TGF-beta receptor signaling activates SMADs > Downregulation of TGF-beta receptor signaling > Degradation of ubiquitinated SMAD2,Pathway Location,
R-HSA-5663202,Diseases of signal transduction by growth factor receptors and second messengers,Pathway,8.761301595374398e-06
PL03656,Signaling by ALK in cancer > Signaling by ALK fusions and activated point mutants > ALK fusions phosphorylate IRS1 [ACTIVATION],Pathway Location,
PL03700,Signaling by ALK in cancer > Signaling by ALK fusions and activated point mutants > ALK fusion proteins bind IRS,Pathway Location,
PL03723,Signaling by WNT in cancer > Signaling by RNF43 mutants > RNF43 frameshift mutants show enhanced WNT siganling,Pathway Location,
PL03910,Signaling by NOTCH1 in Cancer > Signaling by NOTCH1 PEST Domain Mutants in Cancer > Constitutive Signaling by NOTCH1 PEST Domain Mutants > p-NICD1 PEST domain mutants do not bind FBXW7,Pathway Location,
PL03911,Signaling by NOTCH1 in Cancer > Signaling by NOTCH1 HD+PEST Domain Mutants in Cancer > Constitutive Signaling by NOTCH1 HD+PEST Domain Mutants > p-NICD1 PEST domain mutants do not bind FBXW7,Pathway Location,
PL03928,Signaling by NOTCH1 in Cancer > FBXW7 Mutants and NOTCH1 in Cancer > Loss of Function of FBXW7 in Cancer and NOTCH1 Signaling > FBXW7 WD mutants do not bind NICD1,Pathway Location,
PL03935,Signaling by ALK in cancer > Signaling by ALK fusions and activated point mutants > Nuclear events stimulated by ALK signaling in cancer > MAPK1 phsophorylates ZC3HCF1 in a NPM-ALK-dependent manner [ACTIVATION],Pathway Location,
PL03936,Signaling by ALK in cancer > Signaling by ALK fusions and activated point mutants > Nuclear events stimulated by ALK signaling in cancer > NPM1-ALK fusion dimer binds SKP1:CUL1:RBX1:ZC3HC1,Pathway Location,
R-HSA-9006925,Intracellular signaling by second messengers,Pathway,1.5350340317657224e-05
PL16356,DAG and IP3 signaling > DAG stimulates protein kinase C-delta [ACTIVATION],Pathway Location,
PL16393,PI3K/AKT Signaling > PTEN Regulation > Regulation of PTEN gene transcription > TP53 binds the PTEN promoter,Pathway Location,
PL16394,PI3K/AKT Signaling > PTEN Regulation > Regulation of PTEN gene transcription > ACTIVATION,Pathway Location,
PL16397,PI3K/AKT Signaling > PTEN Regulation > Regulation of PTEN gene transcription > INHIBITION,Pathway Location,
PL16404,PI3K/AKT Signaling > PTEN Regulation > Regulation of PTEN gene transcription > SALL4 recruits NuRD to PTEN gene,Pathway Location,
PL16414,PI3K/AKT Signaling > PTEN Regulation > Regulation of PTEN mRNA translation > miR-214 microRNA binds PTEN mRNA,Pathway Location,
PL16415,PI3K/AKT Signaling > PTEN Regulation > Regulation of PTEN mRNA translation > miR-21 nonendonucleolytic RISC binds PTEN mRNA,Pathway Location,
PL16416,PI3K/AKT Signaling > PTEN Regulation > Regulation of PTEN mRNA translation > INHIBITION,Pathway Location,
PL16422,PI3K/AKT Signaling > AKT phosphorylates targets in the cytosol > AKT phosphorylates MKRN1 [ACTIVATION],Pathway Location,
PL16423,PI3K/AKT Signaling > PTEN Regulation > Regulation of PTEN stability and activity > AKT phosphorylates MKRN1 [ACTIVATION],Pathway Location,
R-HSA-5683057,MAPK family signaling cascades,Pathway,2.1241882203423983e-05
PL07270,ERK1/ERK2 pathway > RAF/MAP kinase cascade > Regulation of RAS by GAPs > KBTBD7:CUL3:RBX1 ubiquitinates NF1 [ACTIVATION],Pathway Location,
PL07298,ERK1/ERK2 pathway > RAF-independent MAPK1/3 activation > Cytosolic DUSPs dephosphorylate MAPKs [ACTIVATION],Pathway Location,
PL07299,ERK1/ERK2 pathway > RAF/MAP kinase cascade > Negative regulation of MAPK pathway > Cytosolic DUSPs dephosphorylate MAPKs [ACTIVATION],Pathway Location,
PL07300,ERK1/ERK2 pathway > RAF-independent MAPK1/3 activation > Nuclear DUSPs dephosphorylate MAPKs [ACTIVATION],Pathway Location,
PL07301,ERK1/ERK2 pathway > RAF/MAP kinase cascade > Negative regulation of MAPK pathway > Nuclear DUSPs dephosphorylate MAPKs [ACTIVATION],Pathway Location,
PL07308,ERK1/ERK2 pathway > RAF/MAP kinase cascade > Negative regulation of MAPK pathway > PP5 dephosphorylates RAF1 S338 [ACTIVATION],Pathway Location,
R-HSA-9716542,"Signaling by Rho GTPases, Miro GTPases and RHOBTB3",Pathway,4.37248340619113e-05
PL14370,RHOBTB3 ATPase cycle > RHOBTB3 binds interacting proteins at trans-Golgi network,Pathway Location,
PL14382,Signaling by Rho GTPases > RHO GTPase cycle > RHOG GTPase cycle > RHOG GEFs activate RHOG [ACTIVATION],Pathway Location,
PL14402,Signaling by Rho GTPases > RHO GTPase cycle > RHOQ GTPase cycle > RHOQ GEFs activate RHOQ [ACTIVATION],Pathway Location,
PL14403,Signaling by Rho GTPases > RHO GTPase cycle > RAC1 GTPase cycle > RAC1 GEFs activate RAC1 [ACTIVATION],Pathway Location,
PL14424,Signaling by Rho GTPases > RHO GTPase cycle > RND2 GTPase cycle > RND2 binds effectors,Pathway Location,
PL14436,Signaling by Rho GTPases > RHO GTPase cycle > CDC42 GTPase cycle > CDC42 GEFs activate CDC42 [ACTIVATION],Pathway Location,
PL14453,Signaling by Rho GTPases > RHO GTPase Effectors > RHO GTPases Activate WASPs and WAVEs > ABL phosphorylates WAVEs [ACTIVATION],Pathway Location,
PL14454,Signaling by Rho GTPases > RHO GTPase Effectors > RHO GTPases Activate WASPs and WAVEs > p-ERK phosphorylates WAVEs and ABI [ACTIVATION],Pathway Location,
PL14461,Signaling by Rho GTPases > RHO GTPase Effectors > RHO GTPases Activate WASPs and WAVEs > RAC1:GTP and PIP3 bind WAVE Regulatory Complex (WRC),Pathway Location,
PL14490,Signaling by Rho GTPases > RHO GTPase Effectors > RHO GTPases activate PAKs > PAK1 or PAK2 phosphorylates MYLK [ACTIVATION],Pathway Location,
PL14496,Signaling by Rho GTPases > RHO GTPase Effectors > RHO GTPases activate PAKs > RAC1 and CDC42 activate PAK3,Pathway Location,
PL14503,Signaling by Rho GTPases > RHO GTPase Effectors > RHO GTPases activate PAKs > MYLK (MLCK) Active Calmodulin Binding [INHIBITION],Pathway Location,
PL14504,Signaling by Rho GTPases > RHO GTPase Effectors > RHO GTPases activate PAKs > MYLK (MLCK) phosphorylates MRLCs of the non-muscle myosin II complex [ACTIVATION],Pathway Location,
PL14523,"Signaling by Rho GTPases > RHO GTPase Effectors > RHO GTPases activate IQGAPs > IQGAPs bind F-actin, which is inhibited by calmodulin [INHIBITION]",Pathway Location,
PL14524,Signaling by Rho GTPases > RHO GTPase Effectors > RHO GTPases activate IQGAPs > IQGAPs bind CALM1,Pathway Location,
PL14538,Signaling by Rho GTPases > RHO GTPase Effectors > RHO GTPases Activate Formins > Kinetochore capture of astral microtubules is positively regulated by CDC42:GTP:p-S196-DIAPH2-2 [ACTIVATION],Pathway Location,
PL14539,Signaling by Rho GTPases > RHO GTPase Effectors > RHO GTPases Activate Formins > AURKB phosphorylates DIAPH2-2 at kinetochores [ACTIVATION],Pathway Location,
PL14545,Signaling by Rho GTPases > RHO GTPase Effectors > RHO GTPases Activate Formins > CDC42:GTP recruits DIAPH2-2 to kinetochores,Pathway Location,
PL14574,Signaling by Rho GTPases > RHO GTPase cycle > RHOBTB GTPase Cycle > RHOBTB1 GTPase cycle > RHOBTB1 binds interacting proteins at the endosome membrane,Pathway Location,
PL14577,Signaling by Rho GTPases > RHO GTPase cycle > RHOBTB GTPase Cycle > RHOBTB2 GTPase cycle > RHOBTB2 binds interacting proteins at the endosome membrane,Pathway Location,
PL14589,Signaling by Rho GTPases > RHO GTPase Effectors > RHO GTPases activate PKNs > Activated PKN1 stimulates transcription of AR (androgen receptor) regulated genes KLK2 and KLK3 > PKN1 stimulates association of AR with NCOA2,Pathway Location,
R-HSA-5653656,Vesicle-mediated transport,Pathway,9.362832130895456e-05
PL01929,Membrane Trafficking > Clathrin-mediated endocytosis > Recruitment of AP-2 complex and clathrin [ACTIVATION],Pathway Location,
PL01930,Membrane Trafficking > Clathrin-mediated endocytosis > Dynamin-mediated GTP hydrolysis promotes vesicle scission [ACTIVATION],Pathway Location,
PL01931,Membrane Trafficking > Clathrin-mediated endocytosis > HSPA8-mediated ATP hydrolysis promotes vesicle uncoating [ACTIVATION],Pathway Location,
PL01932,Membrane Trafficking > Clathrin-mediated endocytosis > Auxilin recruits HSPA8:ATP to the clathrin-coated vesicle,Pathway Location,
PL01933,Membrane Trafficking > Clathrin-mediated endocytosis > Clathrin recruits auxilins to the clathrin-coated vesicle,Pathway Location,
PL01934,Membrane Trafficking > Clathrin-mediated endocytosis > RAB5 and GAPVD1 bind AP-2,Pathway Location,
PL01935,"Membrane Trafficking > Clathrin-mediated endocytosis > SYNJ hydrolyze PI(4,5)P2 to PI(4)P [ACTIVATION]",Pathway Location,
PL01936,Membrane Trafficking > Clathrin-mediated endocytosis > BAR domain proteins recruit dynamin,Pathway Location,
PL01937,Membrane Trafficking > Clathrin-mediated endocytosis > SNX9 recruits components of the actin polymerizing machinery,Pathway Location,
PL01938,Membrane Trafficking > Clathrin-mediated endocytosis > Dissociation of clathrin-associated proteins,Pathway Location,
PL01939,Membrane Trafficking > Clathrin-mediated endocytosis > Endophilins recruit synaptojanins to the clathrin-coated pit,Pathway Location,
PL01940,Membrane Trafficking > Clathrin-mediated endocytosis > Dissociation of AAK1 and dephosphorylation of AP-2 mu2,Pathway Location,
PL01941,Membrane Trafficking > Clathrin-mediated endocytosis > F- and N- BAR domain proteins bind the clathrin-coated pit [ACTIVATION],Pathway Location,
PL01942,"Membrane Trafficking > Clathrin-mediated endocytosis > Clathrin-associated PIK3C2A phosphorylates PI(4)P to PI(3,4)P2 [ACTIVATION]",Pathway Location,
PL01943,Membrane Trafficking > Clathrin-mediated endocytosis > Clathrin recruits PIK3C2A,Pathway Location,
PL01947,"Membrane Trafficking > Translocation of SLC2A4 (GLUT4) to the plasma membrane > p-AKT1,p-AKT2 phosphorylates AS160 (TBC1D4) [ACTIVATION]",Pathway Location,
PL01951,"Membrane Trafficking > Translocation of SLC2A4 (GLUT4) to the plasma membrane > 14-3-3 binds p-5S,T642-AS160 (TBC1D4)",Pathway Location,
PL01960,Membrane Trafficking > Endosomal Sorting Complex Required For Transport (ESCRT) > ESCRT Disassembly [ACTIVATION],Pathway Location,
PL01974,Membrane Trafficking > ER to Golgi Anterograde Transport > COPI-mediated anterograde transport > NSF ATPase activity dissociates cis-SNARE at cis-Golgi [ACTIVATION],Pathway Location,
PL01975,"Membrane Trafficking > ER to Golgi Anterograde Transport > COPI-mediated anterograde transport > Vesicle is tethered through binding GOLGA2:GORASP1, GOLGB1 and the COG complex",Pathway Location,
PL01976,Membrane Trafficking > ER to Golgi Anterograde Transport > COPI-mediated anterograde transport > ERGIC-to-Golgi vesicles bind dynein:dynactin,Pathway Location,
PL01977,Membrane Trafficking > ER to Golgi Anterograde Transport > COPI-mediated anterograde transport > ARFGAPs stimulate ARF GTPase activity [ACTIVATION],Pathway Location,
PL01978,Membrane Trafficking > ER to Golgi Anterograde Transport > COPI-mediated anterograde transport > COPI vesicle uncoating,Pathway Location,
PL01979,Membrane Trafficking > ER to Golgi Anterograde Transport > COPI-mediated anterograde transport > cis-Golgi t-SNAREs bind YKT6 on tethered vesicle,Pathway Location,
PL01980,"Membrane Trafficking > ER to Golgi Anterograde Transport > COPI-mediated anterograde transport > ARFGAP, cargo, v-SNAREs and p24 proteins bind nascent COPI complex",Pathway Location,
PL02023,Membrane Trafficking > Intra-Golgi and retrograde Golgi-to-ER traffic > Intra-Golgi traffic > The COG complex and CUX1 and GOLGA5 dimers contribute to intra-Golgi vesicle tethering [ACTIVATION],Pathway Location,
PL02024,Membrane Trafficking > Intra-Golgi and retrograde Golgi-to-ER traffic > Intra-Golgi traffic > Formation of cis-SNARE complex and membrane fusion in intra-Golgi retrograde traffic,Pathway Location,
PL02029,Membrane Trafficking > Intra-Golgi and retrograde Golgi-to-ER traffic > Intra-Golgi traffic > The COG tethering complex interacts with numerous SNAREs at the Golgi membrane,Pathway Location,
PL02032,Membrane Trafficking > Intra-Golgi and retrograde Golgi-to-ER traffic > Intra-Golgi traffic > NSF and SNAPs bind the cis-SNARE at the Golgi,Pathway Location,
PL02033,Membrane Trafficking > Intra-Golgi and retrograde Golgi-to-ER traffic > Intra-Golgi traffic > ATP hydrolysis by NSF disassembles the cis-SNARE at the Golgi membrane [ACTIVATION],Pathway Location,
PL02038,"Membrane Trafficking > Clathrin-mediated endocytosis > Cargo recognition for clathrin-mediated endocytosis > ADBRK1,2 phosphorylate AVPR2 [ACTIVATION]",Pathway Location,
PL02040,Membrane Trafficking > Clathrin-mediated endocytosis > FCHo proteins bind nascent clathrin-coated pit,Pathway Location,
PL02041,Membrane Trafficking > Clathrin-mediated endocytosis > AAK1 phosphorylates AP-2 mu subunit at T156 [ACTIVATION],Pathway Location,
PL02045,Membrane Trafficking > Clathrin-mediated endocytosis > CLASP proteins and cargo are recruited to the nascent clathrin-coated pit,Pathway Location,
PL02046,Membrane Trafficking > Clathrin-mediated endocytosis > Cargo recognition for clathrin-mediated endocytosis > ARBB recruits GPCRs into clathrin-coated pits [INHIBITION],Pathway Location,
PL02053,Membrane Trafficking > Clathrin-mediated endocytosis > Cargo recognition for clathrin-mediated endocytosis > NEDD8-STON binds TOR1 hexamer and COP9 complex,Pathway Location,
PL02055,Membrane Trafficking > Clathrin-mediated endocytosis > Cargo recognition for clathrin-mediated endocytosis > COP9 and TOR1 deneddylate STON2 [ACTIVATION],Pathway Location,
PL02072,Membrane Trafficking > Rab regulation of trafficking > RAB GEFs exchange GTP for GDP on RABs > RAB21 GEFs exchange GTP for GDP on RAB21 [ACTIVATION],Pathway Location,
PL02073,Membrane Trafficking > Rab regulation of trafficking > RAB GEFs exchange GTP for GDP on RABs > RAB3 GEFs exchange GTP for GDP on RAB3A [ACTIVATION],Pathway Location,
PL02074,Membrane Trafficking > Rab regulation of trafficking > RAB GEFs exchange GTP for GDP on RABs > DENND1s exchange GTP for GDP on RAB35 [ACTIVATION],Pathway Location,
PL02075,Membrane Trafficking > Rab regulation of trafficking > RAB GEFs exchange GTP for GDP on RABs > MON1:CCZ1 exchanges GTP for GDP on RAB7 [ACTIVATION],Pathway Location,
PL02076,"Membrane Trafficking > Rab regulation of trafficking > RAB GEFs exchange GTP for GDP on RABs > DENND5A,B exchange GTP for GDP on RAB39 [ACTIVATION]",Pathway Location,
PL02077,Membrane Trafficking > Rab regulation of trafficking > RAB GEFs exchange GTP for GDP on RABs > RAB8 GEFs exchange GTP for GDP on RAB8 [ACTIVATION],Pathway Location,
PL02078,Membrane Trafficking > Rab regulation of trafficking > RAB GEFs exchange GTP for GDP on RABs > RAB13 GEFs exchange GTP for GDP on RAB13 [ACTIVATION],Pathway Location,
PL02079,Membrane Trafficking > Rab regulation of trafficking > RAB GEFs exchange GTP for GDP on RABs > DENND3 exchanges GTP for GDP on RAB12 [ACTIVATION],Pathway Location,
PL02080,Membrane Trafficking > Rab regulation of trafficking > RAB GEFs exchange GTP for GDP on RABs > RAB9 GEFs exchange GTP for GDP on RAB9 [ACTIVATION],Pathway Location,
PL02083,Membrane Trafficking > Rab regulation of trafficking > RAB GEFs exchange GTP for GDP on RABs > RAB31 GEFs exchange GTP for GDP on RAB31 [ACTIVATION],Pathway Location,
PL02084,Membrane Trafficking > Rab regulation of trafficking > RAB GEFs exchange GTP for GDP on RABs > DENND4s exchange GTP for GDP on RAB10 [ACTIVATION],Pathway Location,
PL02085,Membrane Trafficking > Rab regulation of trafficking > RAB GEFs exchange GTP for GDP on RABs > RIC1-RGP1 exchanges GTP for GDP on RAB6 [ACTIVATION],Pathway Location,
PL02086,Membrane Trafficking > Rab regulation of trafficking > RAB GEFs exchange GTP for GDP on RABs > RAB5 GEFs exchange GTP for GDP on RAB5 [ACTIVATION],Pathway Location,
PL02087,Membrane Trafficking > Rab regulation of trafficking > RAB GEFs exchange GTP for GDP on RABs > MADD exchanges GTP for GDP on RAB27 [ACTIVATION],Pathway Location,
PL02088,Membrane Trafficking > Rab regulation of trafficking > RAB GEFs exchange GTP for GDP on RABs > RAB3GAP1:RAB3GAP2 exchanges GTP for GDP on RAB18 [ACTIVATION],Pathway Location,
PL02090,Membrane Trafficking > Rab regulation of trafficking > RAB GEFs exchange GTP for GDP on RABs > HPS1:HPS4 exchange GTP for GDP on RAB32 and RAB38 [ACTIVATION],Pathway Location,
PL02091,"Membrane Trafficking > Rab regulation of trafficking > RAB GEFs exchange GTP for GDP on RABs > DENND6A,B exchange GTP for GDP on RAB14 [ACTIVATION]",Pathway Location,
PL02092,Membrane Trafficking > Rab regulation of trafficking > RAB GEFs exchange GTP for GDP on RABs > TRAPPC complexes exchange GTP for GDP on RAB1 [ACTIVATION],Pathway Location,
PL02093,Membrane Trafficking > trans-Golgi Network Vesicle Budding > Golgi Associated Vesicle Biogenesis > trans-Golgi Network Derived Vesicle Uncoating,Pathway Location,
PL02094,Membrane Trafficking > trans-Golgi Network Vesicle Budding > Golgi Associated Vesicle Biogenesis > trans-Golgi Network Vesicle Scission [ACTIVATION],Pathway Location,
PL02095,Membrane Trafficking > trans-Golgi Network Vesicle Budding > Golgi Associated Vesicle Biogenesis > Vamp And trans-Golgi Network AP-1 Binding Coupled With Cargo Capture,Pathway Location,
PL02096,Membrane Trafficking > trans-Golgi Network Vesicle Budding > Golgi Associated Vesicle Biogenesis > trans-Golgi Network Coat Assembly,Pathway Location,
PL02121,Membrane Trafficking > Intra-Golgi and retrograde Golgi-to-ER traffic > Golgi-to-ER retrograde transport > COPI-independent Golgi-to-ER retrograde traffic > Dynein drives COPI-independent retrograde traffic from the Golgi to the ER [ACTIVATION],Pathway Location,
PL02123,Membrane Trafficking > Intra-Golgi and retrograde Golgi-to-ER traffic > Golgi-to-ER retrograde transport > COPI-independent Golgi-to-ER retrograde traffic > RAB6:GTP displaces PAFAH1B1 from dynein:dynactin complex,Pathway Location,
PL02127,Membrane Trafficking > Gap junction trafficking and regulation > Gap junction trafficking > Gap junction degradation > Lysosomal degradation of gap junction plaques,Pathway Location,
PL02128,Membrane Trafficking > Gap junction trafficking and regulation > Gap junction trafficking > Gap junction degradation > Internalization of gap junction plaques,Pathway Location,
R-HSA-194315,Signaling by Rho GTPases,Pathway,0.0001728771021972
PL08885,RHO GTPase cycle > RHOG GTPase cycle > RHOG GEFs activate RHOG [ACTIVATION],Pathway Location,
PL08905,RHO GTPase cycle > RHOQ GTPase cycle > RHOQ GEFs activate RHOQ [ACTIVATION],Pathway Location,
PL08906,RHO GTPase cycle > RAC1 GTPase cycle > RAC1 GEFs activate RAC1 [ACTIVATION],Pathway Location,
PL08927,RHO GTPase cycle > RND2 GTPase cycle > RND2 binds effectors,Pathway Location,
PL08939,RHO GTPase cycle > CDC42 GTPase cycle > CDC42 GEFs activate CDC42 [ACTIVATION],Pathway Location,
PL08956,RHO GTPase Effectors > RHO GTPases Activate WASPs and WAVEs > ABL phosphorylates WAVEs [ACTIVATION],Pathway Location,
PL08957,RHO GTPase Effectors > RHO GTPases Activate WASPs and WAVEs > p-ERK phosphorylates WAVEs and ABI [ACTIVATION],Pathway Location,
PL08964,RHO GTPase Effectors > RHO GTPases Activate WASPs and WAVEs > RAC1:GTP and PIP3 bind WAVE Regulatory Complex (WRC),Pathway Location,
PL08993,RHO GTPase Effectors > RHO GTPases activate PAKs > PAK1 or PAK2 phosphorylates MYLK [ACTIVATION],Pathway Location,
PL08999,RHO GTPase Effectors > RHO GTPases activate PAKs > RAC1 and CDC42 activate PAK3,Pathway Location,
PL09006,RHO GTPase Effectors > RHO GTPases activate PAKs > MYLK (MLCK) Active Calmodulin Binding [INHIBITION],Pathway Location,
PL09007,RHO GTPase Effectors > RHO GTPases activate PAKs > MYLK (MLCK) phosphorylates MRLCs of the non-muscle myosin II complex [ACTIVATION],Pathway Location,
PL09026,"RHO GTPase Effectors > RHO GTPases activate IQGAPs > IQGAPs bind F-actin, which is inhibited by calmodulin [INHIBITION]",Pathway Location,
PL09027,RHO GTPase Effectors > RHO GTPases activate IQGAPs > IQGAPs bind CALM1,Pathway Location,
PL09041,RHO GTPase Effectors > RHO GTPases Activate Formins > Kinetochore capture of astral microtubules is positively regulated by CDC42:GTP:p-S196-DIAPH2-2 [ACTIVATION],Pathway Location,
PL09042,RHO GTPase Effectors > RHO GTPases Activate Formins > AURKB phosphorylates DIAPH2-2 at kinetochores [ACTIVATION],Pathway Location,
PL09048,RHO GTPase Effectors > RHO GTPases Activate Formins > CDC42:GTP recruits DIAPH2-2 to kinetochores,Pathway Location,
PL09077,RHO GTPase cycle > RHOBTB GTPase Cycle > RHOBTB1 GTPase cycle > RHOBTB1 binds interacting proteins at the endosome membrane,Pathway Location,
PL09080,RHO GTPase cycle > RHOBTB GTPase Cycle > RHOBTB2 GTPase cycle > RHOBTB2 binds interacting proteins at the endosome membrane,Pathway Location,
PL09092,RHO GTPase Effectors > RHO GTPases activate PKNs > Activated PKN1 stimulates transcription of AR (androgen receptor) regulated genes KLK2 and KLK3 > PKN1 stimulates association of AR with NCOA2,Pathway Location,
R-HSA-1257604,PI3K/AKT Signaling,Pathway,0.0001728771021972
PL05341,PTEN Regulation > Regulation of PTEN gene transcription > TP53 binds the PTEN promoter,Pathway Location,
PL05342,PTEN Regulation > Regulation of PTEN gene transcription > ACTIVATION,Pathway Location,
PL05345,PTEN Regulation > Regulation of PTEN gene transcription > INHIBITION,Pathway Location,
PL05352,PTEN Regulation > Regulation of PTEN gene transcription > SALL4 recruits NuRD to PTEN gene,Pathway Location,
PL05362,PTEN Regulation > Regulation of PTEN mRNA translation > miR-214 microRNA binds PTEN mRNA,Pathway Location,
PL05363,PTEN Regulation > Regulation of PTEN mRNA translation > miR-21 nonendonucleolytic RISC binds PTEN mRNA,Pathway Location,
PL05364,PTEN Regulation > Regulation of PTEN mRNA translation > INHIBITION,Pathway Location,
PL05370,AKT phosphorylates targets in the cytosol > AKT phosphorylates MKRN1 [ACTIVATION],Pathway Location,
PL05371,PTEN Regulation > Regulation of PTEN stability and activity > AKT phosphorylates MKRN1 [ACTIVATION],Pathway Location,
R-HSA-9006934,Signaling by Receptor Tyrosine Kinases,Pathway,0.0002088656358473
PL18033,"Signaling by Type 1 Insulin-like Growth Factor 1 Receptor (IGF1R) > IGF1,2 binds IGF1R",Pathway Location,
PL18034,"Signaling by Type 1 Insulin-like Growth Factor 1 Receptor (IGF1R) > IGF1,2:IGF1R autophosphorylates [ACTIVATION]",Pathway Location,
PL18098,Signaling by MET > MET activates RAS signaling > Activated MET binds RANBP9 and SOS1 [INHIBITION],Pathway Location,
PL18100,Signaling by MET > MET activates RAS signaling > MET binds RANBP10,Pathway Location,
PL18227,Signaling by VEGF > VEGFA-VEGFR2 Pathway > RAC1:GTP and PIP3 bind WAVE Regulatory Complex (WRC),Pathway Location,
PL18228,Signaling by VEGF > Neuropilin interactions with VEGF and VEGFR > NRP-1 forms a ternary complex with VEGF165 and VEGFR1,Pathway Location,
PL18271,Signaling by FGFR > Signaling by FGFR2 > FGFR2 alternative splicing > ESRP1 and 2 bind FGFR2 pre-mRNA to promote FGFR2b maturation and expression,Pathway Location,
PL18272,Signaling by FGFR > Signaling by FGFR2 > FGFR2 alternative splicing > ACTIVATION,Pathway Location,
PL18273,Signaling by FGFR > Signaling by FGFR2 > FGFR2 alternative splicing > INHIBITION,Pathway Location,
PL18274,Signaling by FGFR > Signaling by FGFR2 > FGFR2 alternative splicing > PTB and hnRNPA1 bind FGFR2 pre-mRNA to repress IIIb splicing and promote formation of FGFR2c mRNA,Pathway Location,
PL18275,Signaling by FGFR > Signaling by FGFR2 > FGFR2 alternative splicing > FGFR2b-specific alternative splicing produces FGFR2b transcript [INHIBITION],Pathway Location,
PL18276,Signaling by FGFR > Signaling by FGFR2 > FGFR2 alternative splicing > FGFR2c-specific alternative splicing produces FGFR2c transcript [ACTIVATION],Pathway Location,
PL18308,Signaling by MET > MET promotes cell motility > MET activates RAP1 and RAC1 > RAPGEF1 activates RAP1 [ACTIVATION],Pathway Location,
PL18390,Signaling by VEGF > VEGFA-VEGFR2 Pathway > VEGFR2 mediated vascular permeability > Caveolin-1 dissociates from eNOS:CaM:HSP90 complex [ACTIVATION],Pathway Location,
PL18393,Signaling by VEGF > VEGFA-VEGFR2 Pathway > VEGFR2 mediated vascular permeability > AKT1 binds eNOS complex via HSP90 [ACTIVATION],Pathway Location,
PL18394,Signaling by VEGF > VEGFA-VEGFR2 Pathway > VEGFR2 mediated vascular permeability > AKT1 phosphorylates eNOS [ACTIVATION],Pathway Location,
PL18395,Signaling by VEGF > VEGFA-VEGFR2 Pathway > VEGFR2 mediated vascular permeability > The cofactor BH4 is required for electron transfer in the eNOS catalytic cycle [ACTIVATION],Pathway Location,
PL18396,Signaling by VEGF > VEGFA-VEGFR2 Pathway > VEGFR2 mediated vascular permeability > NO biosynthesis [ACTIVATION],Pathway Location,
PL18402,Signaling by VEGF > VEGFA-VEGFR2 Pathway > VEGFR2 mediated vascular permeability > mTORC2 phosphorylates AKT at S473 [ACTIVATION],Pathway Location,
PL18405,Signaling by VEGF > VEGFA-VEGFR2 Pathway > VEGFR2 mediated vascular permeability > HSP90 binds eNOS:Caveolin-1:CaM complex [ACTIVATION],Pathway Location,
PL18406,Signaling by VEGF > VEGFA-VEGFR2 Pathway > VEGFR2 mediated vascular permeability > eNOS:Caveolin-1 complex binds to CaM [ACTIVATION],Pathway Location,
PL18407,Signaling by VEGF > VEGFA-VEGFR2 Pathway > VEGFR2 mediated cell proliferation > Calcium binds calmodulin,Pathway Location,
PL18441,"Signaling by Type 1 Insulin-like Growth Factor 1 Receptor (IGF1R) > IGF1R signaling cascade > SHC-related events triggered by IGF1R > IGF1,2:p-Y1161,1165,1166-IGF1R binds SHC1",Pathway Location,
PL18442,Signaling by Type 1 Insulin-like Growth Factor 1 Receptor (IGF1R) > IGF1R signaling cascade > SHC-related events triggered by IGF1R > IGF1R phosphorylates SHC1 [ACTIVATION],Pathway Location,
PL18443,Signaling by Type 1 Insulin-like Growth Factor 1 Receptor (IGF1R) > IGF1R signaling cascade > SHC-related events triggered by IGF1R > p-3Y-SHC1 dissociates from IGF1R,Pathway Location,
PL18446,"Signaling by Type 1 Insulin-like Growth Factor 1 Receptor (IGF1R) > IGF1R signaling cascade > IRS-related events triggered by IGF1R > IGF1,2:p-Y1161,1165,1166-IGF1R binds IRS2",Pathway Location,
PL18447,"Signaling by Type 1 Insulin-like Growth Factor 1 Receptor (IGF1R) > IGF1R signaling cascade > IRS-related events triggered by IGF1R > IGF1,2:p-Y1161,1165,1166-IGF1R phosphorylates IRS1,2,4 [ACTIVATION]",Pathway Location,
PL18448,"Signaling by Type 1 Insulin-like Growth Factor 1 Receptor (IGF1R) > IGF1R signaling cascade > IRS-related events triggered by IGF1R > IGF1,2:p-Y1161,1165,1166-IGF1R binds IRS1,4",Pathway Location,
R-HSA-4839726,Chromatin organization,Pathway,0.0002445182774238
PL04069,Chromatin modifying enzymes > Protein citrullination [ACTIVATION],Pathway Location,
PL04070,Chromatin modifying enzymes > PADI4 deiminates Histones [ACTIVATION],Pathway Location,
PL04137,Chromatin modifying enzymes > HATs acetylate histones > KAT7-containing ING4/5 complexes acetylate Me3K-histone H3 [ACTIVATION],Pathway Location,
PL04143,Chromatin modifying enzymes > HATs acetylate histones > MSL acetylates histone H4 [ACTIVATION],Pathway Location,
PL04144,Chromatin modifying enzymes > HATs acetylate histones > Type B histone acetlytransferase complex acetylates histone H4 [ACTIVATION],Pathway Location,
PL04197,"ATP-dependent chromatin remodelers > CHD chromatin remodelers > CHD3, CHD4, CHD5 subfamily > NuRD complex assembly > MBD3L1 binds MBD2 NuRD core complex",Pathway Location,
PL04199,"ATP-dependent chromatin remodelers > CHD chromatin remodelers > CHD3, CHD4, CHD5 subfamily > NuRD complex assembly > MBD3L2 binds MBD3 NuRD core complex",Pathway Location,
PL04200,"ATP-dependent chromatin remodelers > CHD chromatin remodelers > CHD3, CHD4, CHD5 subfamily > NuRD complex assembly > PWWP2A, PWWP2B bind HDAC1,2:MTA1,MTA2,MTA3:RPPB4,RPPB7",Pathway Location,
PL04201,"ATP-dependent chromatin remodelers > CHD chromatin remodelers > CHD3, CHD4, CHD5 subfamily > NuRD complex assembly > Interaction of NuRD complexes with transcription factors > GATAD2A NuRD binds ZMYND8:ZNF532:ZNF592:ZNF687",Pathway Location,
PL04202,"ATP-dependent chromatin remodelers > CHD chromatin remodelers > CHD3, CHD4, CHD5 subfamily > NuRD complex assembly > Interaction of NuRD complexes with transcription factors > TCF19:NuRD represses FBP1 gene expression [INHIBITION]",Pathway Location,
PL04203,"ATP-dependent chromatin remodelers > CHD chromatin remodelers > CHD3, CHD4, CHD5 subfamily > NuRD complex assembly > Interaction of NuRD complexes with transcription factors > TCF19:NuRD represses PCK1 gene expression [INHIBITION]",Pathway Location,
PL04204,"ATP-dependent chromatin remodelers > CHD chromatin remodelers > CHD3, CHD4, CHD5 subfamily > NuRD complex assembly > Interaction of NuRD complexes with transcription factors > NuRD binds Ikaros family member proteins",Pathway Location,
PL04205,"ATP-dependent chromatin remodelers > CHD chromatin remodelers > CHD3, CHD4, CHD5 subfamily > NuRD complex assembly > Interaction of NuRD complexes with transcription factors > TCF19:NuRD represses G6PC gene expression [INHIBITION]",Pathway Location,
PL04206,"ATP-dependent chromatin remodelers > CHD chromatin remodelers > CHD3, CHD4, CHD5 subfamily > NuRD complex assembly > Interaction of NuRD complexes with transcription factors > PHF6 binds NuRD",Pathway Location,
PL04207,"ATP-dependent chromatin remodelers > CHD chromatin remodelers > CHD3, CHD4, CHD5 subfamily > NuRD complex assembly > Interaction of NuRD complexes with transcription factors > NuRD binds TCF19 at PCK1 gene",Pathway Location,
PL04208,"ATP-dependent chromatin remodelers > CHD chromatin remodelers > CHD3, CHD4, CHD5 subfamily > NuRD complex assembly > Interaction of NuRD complexes with transcription factors > NuRD binds TCF19 at G6PC gene",Pathway Location,
PL04209,"ATP-dependent chromatin remodelers > CHD chromatin remodelers > CHD3, CHD4, CHD5 subfamily > NuRD complex assembly > Interaction of NuRD complexes with transcription factors > NuRD binds TCF19 at FBP1 gene",Pathway Location,
PL04210,"ATP-dependent chromatin remodelers > CHD chromatin remodelers > CHD3, CHD4, CHD5 subfamily > NuRD complex assembly > NuRD deacetylates nucleosomes [ACTIVATION]",Pathway Location,
PL04211,"ATP-dependent chromatin remodelers > CHD chromatin remodelers > CHD3, CHD4, CHD5 subfamily > NuRD complex assembly > Interaction of NuRD complexes with transcription factors > NuRD deacetylates telomeric nucleosomes [ACTIVATION]",Pathway Location,
PL04212,"ATP-dependent chromatin remodelers > CHD chromatin remodelers > CHD3, CHD4, CHD5 subfamily > NuRD complex assembly > Interaction of NuRD complexes with transcription factors > ZNF827 and NR2C2,NR2F2 recruit NuRD to telomeric chromatin",Pathway Location,
PL04213,"ATP-dependent chromatin remodelers > CHD chromatin remodelers > CHD3, CHD4, CHD5 subfamily > NuRD complex assembly > NuRD hydrolyzes ATP to affect nucleosome organization [ACTIVATION]",Pathway Location,
PL04214,"ATP-dependent chromatin remodelers > CHD chromatin remodelers > CHD3, CHD4, CHD5 subfamily > NuRD complex assembly > CHD and CDK2AP subunits are recruited to NuRD",Pathway Location,
PL04215,"ATP-dependent chromatin remodelers > CHD chromatin remodelers > CHD3, CHD4, CHD5 subfamily > NuRD complex assembly > MBD2, MBD3 and GATAD2A, GATAD2B bind core NuRD complex",Pathway Location,
PL04216,"ATP-dependent chromatin remodelers > CHD chromatin remodelers > CHD3, CHD4, CHD5 subfamily > NuRD complex assembly > HDAC1, 2 bind MTA1, 2, 3 and RBBP4,7",Pathway Location,
R-HSA-3247509,Chromatin modifying enzymes,Pathway,0.0002445182774238
PL05211,Protein citrullination [ACTIVATION],Pathway Location,
PL05212,PADI4 deiminates Histones [ACTIVATION],Pathway Location,
PL05279,HATs acetylate histones > KAT7-containing ING4/5 complexes acetylate Me3K-histone H3 [ACTIVATION],Pathway Location,
PL05288,HATs acetylate histones > MSL acetylates histone H4 [ACTIVATION],Pathway Location,
PL05289,HATs acetylate histones > Type B histone acetlytransferase complex acetylates histone H4 [ACTIVATION],Pathway Location,
R-HSA-74160,Gene expression (Transcription),Pathway,0.0007772217654523
PL00241,RNA Polymerase II Transcription > RNA polymerase II transcribes snRNA genes > ACTIVATION,Pathway Location,
PL00242,RNA Polymerase II Transcription > RNA polymerase II transcribes snRNA genes > CBCAP complex binds 7-methylguanosine cap of snRNA,Pathway Location,
PL00243,RNA Polymerase II Transcription > RNA polymerase II transcribes snRNA genes > Integrator complex processes the 3' end of snRNA [ACTIVATION],Pathway Location,
PL00244,RNA Polymerase II Transcription > RNA polymerase II transcribes snRNA genes > Pre-snRNA is elongated and capped with 7-methylguanosine [ACTIVATION],Pathway Location,
PL00245,RNA Polymerase II Transcription > RNA polymerase II transcribes snRNA genes > Dephosphorylation and dissociation of RNA polymerase II at 3' end of snRNA gene,Pathway Location,
PL00246,RNA Polymerase II Transcription > RNA polymerase II transcribes snRNA genes > RPAP2 binds RNA polymerase II phosphorylated at serine-7 residues of heptad repeats in the C-terminal domain,Pathway Location,
PL00247,"RNA Polymerase II Transcription > RNA polymerase II transcribes snRNA genes > Pre-snRNA transcript initiation, Integrator binding, LEC binding [ACTIVATION]",Pathway Location,
PL00249,RNA Polymerase II Transcription > RNA polymerase II transcribes snRNA genes > General transcription factors bind SNAPc:POU2F1:ZNF143:snRNA gene,Pathway Location,
PL00250,"RNA Polymerase II Transcription > RNA polymerase II transcribes snRNA genes > RNA polymerase II binds TBP:TFIIB:TFIIA:TFIIE:TFIIF:snTAFc:CDK7:SNAPc:POU2F1:ZNF143:RNU1-1,RNU2-1 gene",Pathway Location,
PL00252,RNA Polymerase II Transcription > RNA polymerase II transcribes snRNA genes > CDK7 phosphorylates serine-5 and serine-7 of heptad repeats in C-terminal domain of RNA polymerase II at snRNA promoter [ACTIVATION],Pathway Location,
PL00253,RNA Polymerase II Transcription > Generic Transcription Pathway > KRAB-ZNF / KAP Interaction,Pathway Location,
PL00264,RNA Polymerase I Transcription > RNA Polymerase I Transcription Termination > Dissociation of PTRF:Polymerase I/Nascent Pre rRNA Complex:TTF-I:Sal Box,Pathway Location,
PL00265,RNA Polymerase I Transcription > RNA Polymerase I Transcription Termination > PTRF Binds the Polymerase I Transcription Complex/Nascent Pre rRNA Complex paused at the TTF-I:Sal Box,Pathway Location,
PL00266,Gene Silencing by RNA > Small interfering RNA (siRNA) biogenesis > C3PO hydrolyzes cleaved passenger strand [ACTIVATION],Pathway Location,
PL00269,Gene Silencing by RNA > MicroRNA (miRNA) biogenesis > Exportin-5 recognizes 3' overhang of pre-miRNA [ACTIVATION],Pathway Location,
PL00270,Gene Silencing by RNA > MicroRNA (miRNA) biogenesis > Exportin complex translocates pre-miRNA to cytosol [ACTIVATION],Pathway Location,
PL00272,Gene Silencing by RNA > PIWI-interacting RNA (piRNA) biogenesis > ACTIVATION,Pathway Location,
PL00286,"Gene Silencing by RNA > tRNA-derived small RNA (tsRNA or tRNA-related fragment, tRF) biogenesis > DICER1 cleaves tRNA Lys TTT 3 in tRNA:HIV RNA hybrid [ACTIVATION]",Pathway Location,
PL00287,"Gene Silencing by RNA > tRNA-derived small RNA (tsRNA or tRNA-related fragment, tRF) biogenesis > DICER1 cleaves tRNA [ACTIVATION]",Pathway Location,
PL00302,RNA Polymerase II Transcription > RNA Polymerase II Transcription Initiation And Promoter Clearance > RNA Polymerase II Promoter Opening: First Transition [ACTIVATION],Pathway Location,
PL00304,RNA Polymerase II Transcription > RNA Polymerase II Pre-transcription Events > Fall Back to Closed Pre-initiation Complex,Pathway Location,
PL00305,RNA Polymerase II Transcription > RNA Polymerase II Pre-transcription Events > Abortive Initiation Before Second Transition,Pathway Location,
PL00306,RNA Polymerase II Transcription > RNA Polymerase II Pre-transcription Events > Abortive initiation after formation of the first phosphodiester bond,Pathway Location,
PL00307,RNA Polymerase II Transcription > RNA Polymerase II Transcription Pre-Initiation And Promoter Opening > Binding of TFIIE to the growing preinitiation complex,Pathway Location,
PL00308,RNA Polymerase II Transcription > RNA Polymerase II Transcription Pre-Initiation And Promoter Opening > Formation of the closed pre-initiation complex,Pathway Location,
PL00309,RNA Polymerase II Transcription > RNA Polymerase II Transcription Initiation And Promoter Clearance > RNA Polymerase II Promoter Escape > Addition of Nucleotides 5 through 9 on the growing Transcript [ACTIVATION],Pathway Location,
PL00310,RNA Polymerase II Transcription > RNA Polymerase II Transcription Initiation And Promoter Clearance > RNA Polymerase II Promoter Escape > Unwinding DNA for the nascent transcript [ACTIVATION],Pathway Location,
PL00311,RNA Polymerase II Transcription > RNA Polymerase II Transcription Initiation And Promoter Clearance > RNA Polymerase II Promoter Escape > Addition of the fourth nucleotide on the Nascent Transcript: Second Transition [ACTIVATION],Pathway Location,
PL00312,RNA Polymerase II Transcription > RNA Polymerase II Transcription Initiation And Promoter Clearance > RNA Polymerase II Promoter Escape > Unwinding of DNA for the Nascent Transcript: Second Transition [ACTIVATION],Pathway Location,
PL00313,RNA Polymerase II Transcription > RNA Polymerase II Transcription Initiation And Promoter Clearance > RNA Polymerase II Promoter Escape > Addition of the third nucleotide on the nascent transcript [ACTIVATION],Pathway Location,
PL00314,RNA Polymerase II Transcription > RNA Polymerase II Transcription Initiation And Promoter Clearance > RNA Polymerase II Transcription Initiation > NTP Binds Active Site of RNA Polymerase II,Pathway Location,
PL00315,RNA Polymerase II Transcription > RNA Polymerase II Transcription Initiation And Promoter Clearance > RNA Polymerase II Transcription Initiation > Nucleophillic Attack by 3'-hydroxyl Oxygen of nascent transcript on the Alpha Phosphate of NTP,Pathway Location,
PL00316,RNA Polymerase II Transcription > RNA Polymerase II Transcription Initiation And Promoter Clearance > RNA Polymerase II Transcription Initiation > Newly Formed Phosphodiester Bond Stabilized and PPi Released,Pathway Location,
PL00317,RNA Polymerase II Transcription > RNA Polymerase II Transcription Pre-Initiation And Promoter Opening > Recruitment of RNA Polymerase II Holoenzyme by TFIIF to the pol II promoter:TFIID:TFIIA:TFIIB complex,Pathway Location,
PL00318,RNA Polymerase II Transcription > RNA Polymerase II Transcription Pre-Initiation And Promoter Opening > Binding of TFIIA and TFIIB to the pol II promoter:TFIID complex,Pathway Location,
PL00342,RNA Polymerase II Transcription > Generic Transcription Pathway > Transcriptional Regulation by E2F6 > UXT gene expression is repressed by the PRC1L4 complex [INHIBITION],Pathway Location,
PL00343,RNA Polymerase II Transcription > Generic Transcription Pathway > Transcriptional Regulation by E2F6 > CBX3 and PRC1.6 associate with E2F6.com-1,Pathway Location,
PL00344,RNA Polymerase II Transcription > Generic Transcription Pathway > Transcriptional Regulation by E2F6 > E2F6.com-1 complex binds the E2F1 gene promoter,Pathway Location,
PL00349,RNA Polymerase II Transcription > Generic Transcription Pathway > Transcriptional Regulation by E2F6 > E2F6:TFDP1 binds to MGA:MAX,Pathway Location,
PL00350,RNA Polymerase II Transcription > Generic Transcription Pathway > Transcriptional Regulation by E2F6 > EHMT1:EHMT2 complex binds E2F6.com-1 core,Pathway Location,
PL00351,RNA Polymerase II Transcription > Generic Transcription Pathway > Transcriptional Regulation by E2F6 > E2F6 binds the PRC1 complex,Pathway Location,
PL00353,RNA Polymerase II Transcription > Generic Transcription Pathway > Transcriptional Regulation by E2F6 > CDC7 gene expression is repressed by the PRC1L4 complex [INHIBITION],Pathway Location,
PL00355,RNA Polymerase II Transcription > Generic Transcription Pathway > Transcriptional Regulation by E2F6 > The PRC1L4 complex binds the UXT gene promoter,Pathway Location,
PL00356,RNA Polymerase II Transcription > Generic Transcription Pathway > Transcriptional Regulation by E2F6 > The PRC1L4 complex binds the CDC7 gene promoter,Pathway Location,
PL00357,RNA Polymerase II Transcription > Generic Transcription Pathway > Transcriptional Regulation by E2F6 > E2F6 forms the PRC1L4 complex,Pathway Location,
PL00360,RNA Polymerase II Transcription > Generic Transcription Pathway > Nuclear Receptor transcription pathway > Formation of NR-NCOR Corepressor Complex,Pathway Location,
PL00361,RNA Polymerase II Transcription > Generic Transcription Pathway > Nuclear Receptor transcription pathway > Formation of NR-MED1 Coactivator Complex,Pathway Location,
PL00369,RNA Polymerase II Transcription > Generic Transcription Pathway > Notch-HLH transcription pathway > Formation of CSL NCOR corepressor complex,Pathway Location,
PL00371,RNA Polymerase II Transcription > Generic Transcription Pathway > Transcriptional Regulation by VENTX > Translation of p16INK4A mRNA is inhibited by miR-24 [INHIBITION],Pathway Location,
PL00375,RNA Polymerase II Transcription > Generic Transcription Pathway > Transcriptional Regulation by VENTX > Regulation of IL6 transcription [ACTIVATION],Pathway Location,
PL00378,RNA Polymerase II Transcription > Generic Transcription Pathway > Transcriptional Regulation by VENTX > VENTX stimulates TP53 gene expression [ACTIVATION],Pathway Location,
PL00384,"RNA Polymerase II Transcription > Generic Transcription Pathway > Transcriptional Regulation by VENTX > Expression of CCND1 is stimulated by CTNNB1:TCF4,LEF1 and inhibited by VENTX:TCF4,LEF1 [INHIBITION]",Pathway Location,
PL00390,RNA Polymerase II Transcription > Generic Transcription Pathway > Transcriptional regulation by RUNX2 > CDK4 phosphorylates RUNX2 [ACTIVATION],Pathway Location,
PL00393,RNA Polymerase II Transcription > Generic Transcription Pathway > YAP1- and WWTR1 (TAZ)-stimulated gene expression > Expression of NPPA (ANF) [ACTIVATION],Pathway Location,
PL00397,Epigenetic regulation of gene expression > Negative epigenetic regulation of rRNA expression > NoRC negatively regulates rRNA expression > Nucleolar Remodelling Complex (NoRC) binds intergenic region of rDNA,Pathway Location,
PL00398,Epigenetic regulation of gene expression > Negative epigenetic regulation of rRNA expression > NoRC negatively regulates rRNA expression > NoRC:HDAC:DNMT methylates cytosine of the rRNA genes [ACTIVATION],Pathway Location,
PL00399,Epigenetic regulation of gene expression > Negative epigenetic regulation of rRNA expression > NoRC negatively regulates rRNA expression > NoRC:HDAC:DNMT deacetylates histone H4 and methylates histone H3 [ACTIVATION],Pathway Location,
PL00404,Epigenetic regulation of gene expression > Positive epigenetic regulation of rRNA expression > B-WICH complex positively regulates rRNA expression > B-WICH:histone acetyltransferase acetylates histone H3 at lysine-9 [ACTIVATION],Pathway Location,
PL00405,Epigenetic regulation of gene expression > Positive epigenetic regulation of rRNA expression > B-WICH complex positively regulates rRNA expression > B-WICH recruits histone acetyltransferases,Pathway Location,
PL00406,Epigenetic regulation of gene expression > Positive epigenetic regulation of rRNA expression > B-WICH complex positively regulates rRNA expression > B-WICH complex binds rDNA promoter [ACTIVATION],Pathway Location,
PL00409,Epigenetic regulation of gene expression > Regulation of endogenous retroelements > Regulation of endogenous retroelements by Piwi-interacting RNAs (piRNAs) > DNMT3A:DNMT3L in nascent RNA transcript:MeR-PIWIL4:2'-O-methyl-piRNA:SPOCD1:DNMT3A:DNMT3L methylates cytosine in DNA [ACTIVATION],Pathway Location,
PL00410,"Epigenetic regulation of gene expression > Regulation of endogenous retroelements > Regulation of endogenous retroelements by Piwi-interacting RNAs (piRNAs) > PIWIL4:piRNA binds nascent LINE1 pre-RNA and recruits SPOCD1, C19ORF84, DNMT3A, DNMT3L, the NURD complex, and the BAF complex",Pathway Location,
PL00413,RNA Polymerase II Transcription > Generic Transcription Pathway > Transcriptional Regulation by E2F6 > CBX5 gene expression is inhibited by E2F6 [INHIBITION],Pathway Location,
PL00414,Epigenetic regulation of gene expression > Regulation of endogenous retroelements > Regulation of endogenous retroelements by KRAB-ZFP proteins > CBX5 (HP-1alpha) binds TRIM28 (KAP1) in SUMO2-6K-TRIM28:KRAB-ZFP:retroelement chromatin,Pathway Location,
PL00415,Epigenetic regulation of gene expression > Regulation of endogenous retroelements > Regulation of endogenous retroelements by KRAB-ZFP proteins > NuRD complex binds SUMO2-6K-TRIM28:KRAB-ZNF:retroelement,Pathway Location,
PL00420,Epigenetic regulation of gene expression > Regulation of endogenous retroelements > Regulation of endogenous retroelements by KRAB-ZFP proteins > TRIM28 in TRIM28:KRAB-ZFP:retroelement chromatin autoSUMOylates with SUMO2 [ACTIVATION],Pathway Location,
PL00431,Epigenetic regulation of gene expression > Epigenetic regulation by WDR5-containing histone modifying complexes > Formation of WDR5-containing histone-modifying complexes > BOD1 binds SET1B complex,Pathway Location,
PL00433,Epigenetic regulation of gene expression > Epigenetic regulation by WDR5-containing histone modifying complexes > Formation of WDR5-containing histone-modifying complexes > Formation of the GCN5-ATAC complex,Pathway Location,
PL00434,Epigenetic regulation of gene expression > Epigenetic regulation by WDR5-containing histone modifying complexes > Formation of WDR5-containing histone-modifying complexes > Formation of the PCAF-ATAC complex,Pathway Location,
PL00436,Epigenetic regulation of gene expression > Epigenetic regulation by WDR5-containing histone modifying complexes > Formation of WDR5-containing histone-modifying complexes > HCFC1 binds SET1A complex,Pathway Location,
PL00442,Epigenetic regulation of gene expression > Epigenetic regulation by WDR5-containing histone modifying complexes > Formation of WDR5-containing histone-modifying complexes > CXXC1 and WDR82 bind SET1A complex,Pathway Location,
PL00443,Epigenetic regulation of gene expression > Epigenetic regulation by WDR5-containing histone modifying complexes > Formation of WDR5-containing histone-modifying complexes > CXXC1 and WDR82 bind SET1B complex,Pathway Location,
PL00444,Epigenetic regulation of gene expression > Epigenetic regulation by WDR5-containing histone modifying complexes > Formation of WDR5-containing histone-modifying complexes > BOD1L1 binds SET1A complex,Pathway Location,
PL00465,Epigenetic regulation of gene expression > Positive epigenetic regulation of rRNA expression > Activation of rRNA Expression by ERCC6 (CSB) and EHMT2 (G9a) > TTF-I;rRNA Promoter:CSB:G9a Complex Dimethylates Histone H3 at lysine-9 [ACTIVATION],Pathway Location,
PL00466,Epigenetic regulation of gene expression > Positive epigenetic regulation of rRNA expression > Activation of rRNA Expression by ERCC6 (CSB) and EHMT2 (G9a) > CBX3 (HP1gamma) binds histone H3 dimethylated at lysine-9,Pathway Location,
PL00467,RNA Polymerase I Transcription > RNA Polymerase I Promoter Clearance > RNA Polymerase I Promoter Escape > ACTIVATION,Pathway Location,
PL00468,RNA Polymerase I Transcription > RNA Polymerase I Transcription Termination > Polymerase I Transcription Complex/Nascent Pre rRNA Complex pauses at the TTF-I:Sal Box,Pathway Location,
PL00469,Epigenetic regulation of gene expression > Negative epigenetic regulation of rRNA expression > NoRC negatively regulates rRNA expression > Transcription of intergenic spacer of the rRNA gene [ACTIVATION],Pathway Location,
PL00470,RNA Polymerase I Transcription > RNA Polymerase I Promoter Clearance > RNA Polymerase I Promoter Escape > Elongation of pre-rRNA transcript [ACTIVATION],Pathway Location,
PL00471,RNA Polymerase I Transcription > RNA Polymerase I Promoter Clearance > RNA Polymerase I Promoter Escape > Loss of Rrn3 from RNA Polymerase I promoter escape complex,Pathway Location,
PL00472,Epigenetic regulation of gene expression > Negative epigenetic regulation of rRNA expression > SIRT1 negatively regulates rRNA expression > SIRT1 deacetylates TAF1B in SL1 complex [ACTIVATION],Pathway Location,
PL00473,RNA Polymerase I Transcription > RNA Polymerase I Promoter Clearance > RNA Polymerase I Transcription Initiation > Formation of SL1,Pathway Location,
PL00474,RNA Polymerase I Transcription > RNA Polymerase I Promoter Clearance > RNA Polymerase I Transcription Initiation > Acetylation of SL1 [ACTIVATION],Pathway Location,
PL00477,RNA Polymerase I Transcription > RNA Polymerase I Promoter Clearance > RNA Polymerase I Transcription Initiation > Recruitment of Active RNA Polymerase I to SL1:phos.UBF-1:rDNA Promoter,Pathway Location,
PL00481,"Epigenetic regulation of gene expression > Positive epigenetic regulation of rRNA expression > Activation of rRNA Expression by ERCC6 (CSB) and EHMT2 (G9a) > Recruitment of ERCC6 (CSB), EHMT2 (G9a), and NuRD to the promoter of rRNA gene",Pathway Location,
PL00482,RNA Polymerase I Transcription > RNA Polymerase I Promoter Clearance > RNA Polymerase I Transcription Initiation > Recruitment of Acetylated SL1 to phosUBF-1:rDNA Promoter [ACTIVATION],Pathway Location,
PL00483,RNA Polymerase III Transcription > RNA Polymerase III Abortive And Retractive Initiation > RNA Polymerase III Abortive Initiation At Type 3 Open Promoters,Pathway Location,
PL00484,RNA Polymerase III Transcription > RNA Polymerase III Abortive And Retractive Initiation > RNA Polymerase III Simple Start Sequence Initiation At Type 3 Promoters,Pathway Location,
PL00485,RNA Polymerase III Transcription > RNA Polymerase III Transcription Initiation > RNA Polymerase III Transcription Initiation From Type 3 Promoter > Recruitment of RNA Polymerase III to TFIIIB:SNAPc:Type 3 Promoter Complex,Pathway Location,
PL00487,RNA Polymerase III Transcription > RNA Polymerase III Transcription Initiation > RNA Polymerase III Transcription Initiation From Type 3 Promoter > Binding of TFIIIB to SNAPc:Oct-1:Staf:Type 3 Promoter Complex,Pathway Location,
PL00488,RNA Polymerase III Transcription > RNA Polymerase III Abortive And Retractive Initiation > RNA Polymerase III Promoter Opening at Type 3 Promoters,Pathway Location,
PL00489,RNA Polymerase III Transcription > RNA Polymerase III Transcription Initiation > RNA Polymerase III Transcription Initiation From Type 3 Promoter > RNA Polymerase III Promoter Opening at Type 3 Promoters,Pathway Location,
PL00496,RNA Polymerase III Transcription > RNA Polymerase III Abortive And Retractive Initiation > RNA Polymerase III Abortive Initiation At Type 1 Open Promoters,Pathway Location,
PL00497,RNA Polymerase III Transcription > RNA Polymerase III Abortive And Retractive Initiation > RNA Polymerase III Simple Start Sequence Initiation At Type 1 Promoters,Pathway Location,
PL00498,RNA Polymerase III Transcription > RNA Polymerase III Abortive And Retractive Initiation > RNA Polymerase III Simple Start Sequence Initiation At Type 2 Promoters,Pathway Location,
PL00500,RNA Polymerase III Transcription > RNA Polymerase III Abortive And Retractive Initiation > RNA Polymerase III Abortive Initiation At Type 2 Open Promoters,Pathway Location,
PL00501,RNA Polymerase III Transcription > RNA Polymerase III Transcription Initiation > RNA Polymerase III Transcription Initiation From Type 2 Promoter > Recruitment of RNA Polymerase III to the TFIIIB:TFIIIC: Type 2 Promoter Complex,Pathway Location,
PL00502,RNA Polymerase III Transcription > RNA Polymerase III Abortive And Retractive Initiation > RNA Polymerase III Promoter Opening at Type 2 Promoters,Pathway Location,
PL00503,RNA Polymerase III Transcription > RNA Polymerase III Transcription Initiation > RNA Polymerase III Transcription Initiation From Type 2 Promoter > RNA Polymerase III Promoter Opening at Type 2 Promoters,Pathway Location,
PL00504,RNA Polymerase III Transcription > RNA Polymerase III Transcription Initiation > RNA Polymerase III Transcription Initiation From Type 1 Promoter > Recruitment of  RNA polymerase III to TFIIIB:TFIIIC:TFIIIA:Type 1 Promoter Complex,Pathway Location,
PL00505,RNA Polymerase III Transcription > RNA Polymerase III Abortive And Retractive Initiation > RNA Polymerase III Promoter Opening at Type 1 Promoters,Pathway Location,
PL00506,RNA Polymerase III Transcription > RNA Polymerase III Transcription Initiation > RNA Polymerase III Transcription Initiation From Type 1 Promoter > RNA Polymerase III Promoter Opening at Type 1 Promoters,Pathway Location,
PL00507,RNA Polymerase III Transcription > RNA Polymerase III Transcription Initiation > RNA Polymerase III Transcription Initiation From Type 2 Promoter > Binding of TFIIIB to TFIIC: Type 2 Promoter Complex,Pathway Location,
PL00508,RNA Polymerase III Transcription > RNA Polymerase III Transcription Initiation > RNA Polymerase III Transcription Initiation From Type 1 Promoter > Binding of TFIIIB to TFIIIC:TFIIIA:Type I Promoter complex,Pathway Location,
PL00515,RNA Polymerase II Transcription > Generic Transcription Pathway > FOXO-mediated transcription > Regulation of localization of FOXO transcription factors > 14-3-3 proteins bind AKT-phosphorylated FOXO4,Pathway Location,
PL00521,"RNA Polymerase II Transcription > Generic Transcription Pathway > FOXO-mediated transcription > FOXO-mediated transcription of oxidative stress, metabolic and neuronal genes > PLXNA4 gene expression is stimulated by FOXO6 [ACTIVATION]",Pathway Location,
PL00557,"RNA Polymerase II Transcription > Generic Transcription Pathway > FOXO-mediated transcription > FOXO-mediated transcription of cell death genes > BBC3 gene expression is stimulated by FOXO3,(FOXO1) [ACTIVATION]",Pathway Location,
PL00560,"RNA Polymerase II Transcription > Generic Transcription Pathway > FOXO-mediated transcription > FOXO-mediated transcription of cell death genes > FOXO1,FOXO3,(FOXO4) bind BCL2L11 gene promoter",Pathway Location,
PL00561,RNA Polymerase II Transcription > Generic Transcription Pathway > FOXO-mediated transcription > FOXO-mediated transcription of cell death genes > ACTIVATION,Pathway Location,
PL00562,"RNA Polymerase II Transcription > Generic Transcription Pathway > FOXO-mediated transcription > FOXO-mediated transcription of cell death genes > NF-Y and CREBBP,EP300 constitutively bind BCL2L11 gene promoter",Pathway Location,
PL00603,RNA Polymerase II Transcription > Generic Transcription Pathway > Transcriptional regulation by RUNX1 > Regulation of RUNX1 Expression and Activity > CBFB binds RUNX1 [INHIBITION],Pathway Location,
PL00604,"RNA Polymerase II Transcription > Generic Transcription Pathway > Transcriptional regulation by RUNX1 > Regulation of RUNX1 Expression and Activity > CCND3,(CCND1,CCND2) binds RUNX1",Pathway Location,
PL00609,RNA Polymerase II Transcription > Generic Transcription Pathway > Transcriptional regulation by RUNX1 > RUNX1 regulates transcription of genes involved in differentiation of keratinocytes > SOCS4 gene expression is inhibited by RUNX1 [INHIBITION],Pathway Location,
PL00611,RNA Polymerase II Transcription > Generic Transcription Pathway > Transcriptional regulation by RUNX1 > RUNX1 interacts with co-factors whose precise effect on RUNX1 targets is not known > HIPK2 phosphorylates RUNX1 [ACTIVATION],Pathway Location,
PL00612,RNA Polymerase II Transcription > Generic Transcription Pathway > Transcriptional regulation by RUNX1 > RUNX1 interacts with co-factors whose precise effect on RUNX1 targets is not known > HIPK2 phosphorylates RUNX1 and EP300 [ACTIVATION],Pathway Location,
PL00636,RNA Polymerase II Transcription > Generic Transcription Pathway > Transcriptional regulation by RUNX1 > RUNX1 regulates expression of components of tight junctions > OCLN (Occludin) gene expression is stimulated by RUNX1 [ACTIVATION],Pathway Location,
PL00654,"RNA Polymerase II Transcription > Generic Transcription Pathway > Transcriptional regulation by RUNX1 > RUNX1 regulates genes involved in megakaryocyte differentiation and platelet function > MIR27A gene transcription is stimulated by the complex containing RUNX1, PRMT1 and GATA1 and inhibited by the complex of RUNX1, SIN3A and PRMT6 [INHIBITION]",Pathway Location,
PL00657,RNA Polymerase II Transcription > Generic Transcription Pathway > Transcriptional Regulation by VENTX > miR-24 binds p16INK4A and p14ARF mRNAs,Pathway Location,
PL00658,RNA Polymerase II Transcription > Generic Transcription Pathway > Transcriptional regulation by RUNX1 > Regulation of RUNX1 Expression and Activity > miR-17 binds RUNX1 mRNA,Pathway Location,
PL00659,RNA Polymerase II Transcription > Generic Transcription Pathway > Transcriptional regulation by RUNX1 > Regulation of RUNX1 Expression and Activity > miR-20a binds RUNX1 mRNA,Pathway Location,
PL00660,RNA Polymerase II Transcription > Generic Transcription Pathway > Transcriptional regulation by RUNX1 > Regulation of RUNX1 Expression and Activity > miR-378 binds RUNX1 mRNA,Pathway Location,
PL00661,RNA Polymerase II Transcription > Generic Transcription Pathway > Transcriptional regulation by RUNX1 > Regulation of RUNX1 Expression and Activity > INHIBITION,Pathway Location,
PL00662,RNA Polymerase II Transcription > Generic Transcription Pathway > Transcriptional regulation by RUNX1 > Regulation of RUNX1 Expression and Activity > miR-27a binds RUNX1 mRNA,Pathway Location,
PL00663,RNA Polymerase II Transcription > Generic Transcription Pathway > Transcriptional regulation by RUNX1 > Regulation of RUNX1 Expression and Activity > miR-106a binds RUNX1 mRNA,Pathway Location,
PL00727,"RNA Polymerase II Transcription > Generic Transcription Pathway > Transcriptional regulation by RUNX3 > RUNX3 regulates WNT signaling > Expression of CCND1 is stimulated by CTNNB1:TCF4,LEF1 [ACTIVATION]",Pathway Location,
PL00753,RNA Polymerase II Transcription > Generic Transcription Pathway > Transcriptional regulation by RUNX3 > RUNX3 regulates p14-ARF > HDAC4 deacetylates RUNX3 [ACTIVATION],Pathway Location,
PL00754,RNA Polymerase II Transcription > Generic Transcription Pathway > Transcriptional regulation by RUNX3 > RUNX3 regulates p14-ARF > CCND1 recruits HDAC4 to RUNX3,Pathway Location,
PL00755,RNA Polymerase II Transcription > Generic Transcription Pathway > Transcriptional regulation by RUNX3 > RUNX3 regulates p14-ARF > CCND1 binds RUNX3 and displaces EP300,Pathway Location,
PL00769,RNA Polymerase II Transcription > Generic Transcription Pathway > Transcriptional regulation by RUNX3 > RUNX3 regulates CDKN1A transcription > RUNX3 binds TP53,Pathway Location,
PL00807,RNA Polymerase II Transcription > Generic Transcription Pathway > Transcriptional Regulation by MECP2 > Regulation of MECP2 expression and activity > HIPK2 phosphorylates MECP2 [ACTIVATION],Pathway Location,
PL00839,RNA Polymerase II Transcription > Generic Transcription Pathway > Transcriptional Regulation by TP53 > TP53 Regulates Metabolic Genes > TP53 stimulates GLS2 transcription [ACTIVATION],Pathway Location,
PL00843,RNA Polymerase II Transcription > Generic Transcription Pathway > Transcriptional Regulation by TP53 > TP53 Regulates Metabolic Genes > TP53 stimulates TIGAR expression [ACTIVATION],Pathway Location,
PL00847,RNA Polymerase II Transcription > Generic Transcription Pathway > Transcriptional Regulation by TP53 > TP53 Regulates Metabolic Genes > TP53 stimulates SCO2 gene transcription [ACTIVATION],Pathway Location,
PL00848,RNA Polymerase II Transcription > Generic Transcription Pathway > Transcriptional Regulation by TP53 > TP53 Regulates Metabolic Genes > TP53 stimulates transcription of RRM2B gene [ACTIVATION],Pathway Location,
PL00859,RNA Polymerase II Transcription > Generic Transcription Pathway > Transcriptional Regulation by TP53 > TP53 Regulates Metabolic Genes > RHEB in mTORC1:RHEB:GTP hydrolyses GTP [ACTIVATION],Pathway Location,
PL00884,RNA Polymerase II Transcription > Generic Transcription Pathway > Transcriptional regulation by RUNX2 > Regulation of RUNX2 expression and activity > SCF(SKP2) polyubiquitinates RUNX2 [ACTIVATION],Pathway Location,
PL00893,RNA Polymerase II Transcription > Generic Transcription Pathway > Transcriptional regulation by RUNX2 > Regulation of RUNX2 expression and activity > SCF(SKP2) complex binds RUNX2,Pathway Location,
PL00903,RNA Polymerase II Transcription > Generic Transcription Pathway > Transcriptional regulation by RUNX2 > Regulation of RUNX2 expression and activity > INHIBITION,Pathway Location,
PL00904,RNA Polymerase II Transcription > Generic Transcription Pathway > Transcriptional regulation by RUNX2 > Regulation of RUNX2 expression and activity > ESRRA:PPARG1CB binds the RUNX2 gene promoter,Pathway Location,
PL00960,RNA Polymerase II Transcription > Generic Transcription Pathway > Transcriptional regulation by the AP-2 (TFAP2) family of transcription factors > TFAP2 (AP-2) family regulates transcription of growth factors and their receptors > ATAD2 binds ESR1,Pathway Location,
PL00963,"RNA Polymerase II Transcription > Generic Transcription Pathway > Transcriptional regulation by the AP-2 (TFAP2) family of transcription factors > TFAP2 (AP-2) family regulates transcription of growth factors and their receptors > TFAP2A,(TFAP2B,TFAP2C) homo- and heterodimers bind the ERBB2 gene promoter and recruit YY1",Pathway Location,
PL00964,"RNA Polymerase II Transcription > Generic Transcription Pathway > Transcriptional regulation by the AP-2 (TFAP2) family of transcription factors > TFAP2 (AP-2) family regulates transcription of growth factors and their receptors > TFAP2A,(TFAP2B,TFAP2C) homo- and heterodimers and YY1 stimulate ERBB2 gene expression [ACTIVATION]",Pathway Location,
PL00976,RNA Polymerase II Transcription > Generic Transcription Pathway > Transcriptional regulation by the AP-2 (TFAP2) family of transcription factors > Negative regulation of activity of TFAP2 (AP-2) family transcription factors > SUMOylation of TFAP2A with SUMO1 [ACTIVATION],Pathway Location,
PL00977,RNA Polymerase II Transcription > Generic Transcription Pathway > Transcriptional regulation by the AP-2 (TFAP2) family of transcription factors > Negative regulation of activity of TFAP2 (AP-2) family transcription factors > SUMOylation of TFAP2B with SUMO1 [ACTIVATION],Pathway Location,
PL00978,RNA Polymerase II Transcription > Generic Transcription Pathway > Transcriptional regulation by the AP-2 (TFAP2) family of transcription factors > Negative regulation of activity of TFAP2 (AP-2) family transcription factors > SUMOylation of TFAP2C with SUMO1 [ACTIVATION],Pathway Location,
PL00979,RNA Polymerase II Transcription > Generic Transcription Pathway > Transcriptional regulation by the AP-2 (TFAP2) family of transcription factors > Negative regulation of activity of TFAP2 (AP-2) family transcription factors > KCTD15 binds TFAP2 homo- and heterodimers,Pathway Location,
PL00980,RNA Polymerase II Transcription > Generic Transcription Pathway > Transcriptional regulation by the AP-2 (TFAP2) family of transcription factors > Negative regulation of activity of TFAP2 (AP-2) family transcription factors > KCTD1 binds TFAP2 homo- and heterodimers,Pathway Location,
PL00981,RNA Polymerase II Transcription > Generic Transcription Pathway > Transcriptional regulation by the AP-2 (TFAP2) family of transcription factors > Activation of the TFAP2 (AP-2) family of transcription factors > AP-2 (TFAP2) transcription factors form homo- and heterodimers,Pathway Location,
PL00982,RNA Polymerase II Transcription > Generic Transcription Pathway > Transcriptional regulation by the AP-2 (TFAP2) family of transcription factors > Activation of the TFAP2 (AP-2) family of transcription factors > TFAP2 homo- and heterodimers bind CITED and EP300/CREBBP,Pathway Location,
PL00985,RNA Polymerase II Transcription > Generic Transcription Pathway > Transcriptional regulation by the AP-2 (TFAP2) family of transcription factors > Activation of the TFAP2 (AP-2) family of transcription factors > TFAP2B homodimer binds YEATS4,Pathway Location,
PL01020,RNA Polymerase II Transcription > Generic Transcription Pathway > Transcriptional activity of SMAD2/SMAD3:SMAD4 heterotrimer > SMAD2/SMAD3:SMAD4 heterotrimer regulates transcription > MYC trancscription is negatively regulated by SMAD2/3:SMAD4:RBL1:E2F4/5:DP1/2 complex [INHIBITION],Pathway Location,
PL01032,"RNA Polymerase II Transcription > Generic Transcription Pathway > Transcriptional activity of SMAD2/SMAD3:SMAD4 heterotrimer > SMAD2/SMAD3:SMAD4 heterotrimer regulates transcription > p-2S-SMAD2,3:SMAD4:RBL1:E2F4,5:DP1,2 binds MYC gene promoter",Pathway Location,
PL01033,"RNA Polymerase II Transcription > Generic Transcription Pathway > Transcriptional activity of SMAD2/SMAD3:SMAD4 heterotrimer > SMAD2/SMAD3:SMAD4 heterotrimer regulates transcription > SMAD2/3:SMAD4 heterotrimer forms a complex with RBL1, E2F4/5 and DP1/2",Pathway Location,
PL01092,RNA Polymerase II Transcription > Generic Transcription Pathway > Transcriptional Regulation by TP53 > Regulation of TP53 Activity > Regulation of TP53 Activity through Phosphorylation > CDK5 phosphorylates TP53 [ACTIVATION],Pathway Location,
PL01093,RNA Polymerase II Transcription > Generic Transcription Pathway > Transcriptional Regulation by TP53 > Regulation of TP53 Activity > Regulation of TP53 Activity through Phosphorylation > MAPKAPK5 phosphorylates TP53 [ACTIVATION],Pathway Location,
PL01096,RNA Polymerase II Transcription > Generic Transcription Pathway > Transcriptional Regulation by TP53 > Regulation of TP53 Activity > Regulation of TP53 Activity through Phosphorylation > AMPK phosphorylates TP53 [ACTIVATION],Pathway Location,
PL01097,RNA Polymerase II Transcription > RNA Polymerase II Transcription Pre-Initiation And Promoter Opening > Recognition and Binding of Core Promoter Elements by TFIID,Pathway Location,
PL01098,RNA Polymerase II Transcription > Generic Transcription Pathway > Transcriptional Regulation by TP53 > Regulation of TP53 Activity > Regulation of TP53 Activity through Phosphorylation > TAF1 phosphorylates TP53 [ACTIVATION],Pathway Location,
PL01102,RNA Polymerase II Transcription > Generic Transcription Pathway > Transcriptional Regulation by TP53 > Regulation of TP53 Activity > Regulation of TP53 Activity through Phosphorylation > AURKA phosphorylates TP53 [ACTIVATION],Pathway Location,
PL01103,RNA Polymerase II Transcription > Generic Transcription Pathway > Transcriptional Regulation by TP53 > Regulation of TP53 Activity > Regulation of TP53 Activity through Phosphorylation > CDK2 phosphorylates TP53 [ACTIVATION],Pathway Location,
PL01113,RNA Polymerase II Transcription > Generic Transcription Pathway > Transcriptional Regulation by TP53 > Regulation of TP53 Activity > Regulation of TP53 Activity through Phosphorylation > TP53 binds HIPK1,Pathway Location,
PL01114,RNA Polymerase II Transcription > Generic Transcription Pathway > Transcriptional Regulation by TP53 > Regulation of TP53 Activity > Regulation of TP53 Activity through Phosphorylation > TP53 binds STK11 and NUAK1,Pathway Location,
PL01115,RNA Polymerase II Transcription > Generic Transcription Pathway > Transcriptional Regulation by TP53 > Regulation of TP53 Activity > Regulation of TP53 Activity through Phosphorylation > STK11 (LKB1) phosphorylates NUAK1 [ACTIVATION],Pathway Location,
PL01116,RNA Polymerase II Transcription > Generic Transcription Pathway > Transcriptional Regulation by TP53 > Regulation of TP53 Activity > Regulation of TP53 Activity through Phosphorylation > TP53RK phosphorylates TP53 [ACTIVATION],Pathway Location,
PL01119,RNA Polymerase II Transcription > Generic Transcription Pathway > Transcriptional Regulation by TP53 > Regulation of TP53 Activity > Regulation of TP53 Activity through Phosphorylation > ATR phosphorylates TP53 [ACTIVATION],Pathway Location,
PL01120,RNA Polymerase II Transcription > Generic Transcription Pathway > Transcriptional Regulation by TP53 > Regulation of TP53 Activity > Regulation of TP53 Activity through Phosphorylation > ATM phosphorylates TP53 at S15 [ACTIVATION],Pathway Location,
PL01122,RNA Polymerase II Transcription > Generic Transcription Pathway > Transcriptional Regulation by TP53 > Regulation of TP53 Activity > Regulation of TP53 Activity through Phosphorylation > NUAK1 phosphorylates TP53 [ACTIVATION],Pathway Location,
PL01127,RNA Polymerase II Transcription > Generic Transcription Pathway > Transcriptional Regulation by TP53 > Regulation of TP53 Activity > Regulation of TP53 Activity through Association with Co-factors > BANP binds TP53,Pathway Location,
PL01142,RNA Polymerase II Transcription > Generic Transcription Pathway > Transcriptional Regulation by TP53 > Regulation of TP53 Activity > Regulation of TP53 Activity through Methylation > ATM phosphorylates TTC5 [ACTIVATION],Pathway Location,
PL01149,RNA Polymerase II Transcription > Generic Transcription Pathway > Transcriptional Regulation by TP53 > Regulation of TP53 Activity > Regulation of TP53 Activity through Methylation > EHMT1:EHMT2 dimethylates TP53 [ACTIVATION],Pathway Location,
PL01192,RNA Polymerase II Transcription > Generic Transcription Pathway > Transcriptional Regulation by TP53 > TP53 Regulates Transcription of Cell Death Genes > TP53 Regulates Transcription of Genes Involved in Cytochrome C Release > TP53 stimulates BBC3 (PUMA) expression [ACTIVATION],Pathway Location,
PL01206,RNA Polymerase II Transcription > Generic Transcription Pathway > Transcriptional regulation by RUNX2 > RUNX2 regulates bone development > RUNX2 regulates osteoblast differentiation > RUNX2:MAF complex binds the BGLAP gene promoter [INHIBITION],Pathway Location,
PL01215,RNA Polymerase II Transcription > Generic Transcription Pathway > Transcriptional regulation by RUNX2 > RUNX2 regulates bone development > RUNX2 regulates osteoblast differentiation > ACTIVATION,Pathway Location,
PL01218,RNA Polymerase II Transcription > Generic Transcription Pathway > Transcriptional regulation by RUNX2 > RUNX2 regulates bone development > RUNX2 regulates osteoblast differentiation > RUNX2 binds to SATB2,Pathway Location,
PL01227,RNA Polymerase II Transcription > Generic Transcription Pathway > Transcriptional regulation by RUNX2 > RUNX2 regulates bone development > RUNX2 regulates osteoblast differentiation > RUNX2 binds MAF,Pathway Location,
PL01242,"Epigenetic regulation of gene expression > Epigenetic regulation by WDR5-containing histone modifying complexes > Epigenetic regulation of gene expression by MLL3 and MLL4 complexes > Epigenetic regulation of adipogenesis genes by MLL3 and MLL4 complexes > MLL4 and MLL3 complexes regulate expression of PPARG target genes in adipogenesis and hepatic steatosis > PNPLA2 gene expression is stimulated by PPARG:RXRA:MLL4,(MLL3)-ASCOM complex [ACTIVATION]",Pathway Location,
PL01243,"Epigenetic regulation of gene expression > Epigenetic regulation by WDR5-containing histone modifying complexes > Epigenetic regulation of gene expression by MLL3 and MLL4 complexes > Epigenetic regulation of adipogenesis genes by MLL3 and MLL4 complexes > MLL4 and MLL3 complexes regulate expression of PPARG target genes in adipogenesis and hepatic steatosis > LPIN1 gene expression is stimulated by PPARG:RXRA:MLL4,(MLL3)-ASCOM complex [ACTIVATION]",Pathway Location,
PL01244,Epigenetic regulation of gene expression > Epigenetic regulation by WDR5-containing histone modifying complexes > Epigenetic regulation of gene expression by MLL3 and MLL4 complexes > Epigenetic regulation of adipogenesis genes by MLL3 and MLL4 complexes > MLL4 and MLL3 complexes regulate expression of PPARG target genes in adipogenesis and hepatic steatosis > ACSS3 gene expression is stimulated by PPARG2:RXRA:MLL4(MLL3)-ASCOM complex [ACTIVATION],Pathway Location,
PL01245,"Epigenetic regulation of gene expression > Epigenetic regulation by WDR5-containing histone modifying complexes > Epigenetic regulation of gene expression by MLL3 and MLL4 complexes > Epigenetic regulation of adipogenesis genes by MLL3 and MLL4 complexes > MLL4 and MLL3 complexes regulate expression of PPARG target genes in adipogenesis and hepatic steatosis > THRSP gene expression is stimulated by PPARG2:RXRA:MLL4,(MLL3)-ASCOM complex [ACTIVATION]",Pathway Location,
PL01246,"Epigenetic regulation of gene expression > Epigenetic regulation by WDR5-containing histone modifying complexes > Epigenetic regulation of gene expression by MLL3 and MLL4 complexes > Epigenetic regulation of adipogenesis genes by MLL3 and MLL4 complexes > MLL4 and MLL3 complexes regulate expression of PPARG target genes in adipogenesis and hepatic steatosis > ACSL1 gene expression is stimulated by PPARG:RXRA:MLL4,(MLL3)-ASCOM complex [ACTIVATION]",Pathway Location,
PL01247,Epigenetic regulation of gene expression > Epigenetic regulation by WDR5-containing histone modifying complexes > Epigenetic regulation of gene expression by MLL3 and MLL4 complexes > Epigenetic regulation of adipogenesis genes by MLL3 and MLL4 complexes > MLL4 and MLL3 complexes regulate expression of PPARG target genes in adipogenesis and hepatic steatosis > ELOVL5 gene expression is stimulated by PPARG2:RXRA:MLL4(MLL3)-ASCOM complex [ACTIVATION],Pathway Location,
PL01249,"Epigenetic regulation of gene expression > Epigenetic regulation by WDR5-containing histone modifying complexes > Epigenetic regulation of gene expression by MLL3 and MLL4 complexes > Epigenetic regulation of adipogenesis genes by MLL3 and MLL4 complexes > MLL4 and MLL3 complexes regulate expression of PPARG target genes in adipogenesis and hepatic steatosis > PEX11A gene expression is stimulated by PPARG:RXRA:MLL4,(MLL3)-ASCOM complex [ACTIVATION]",Pathway Location,
PL01250,"Epigenetic regulation of gene expression > Epigenetic regulation by WDR5-containing histone modifying complexes > Epigenetic regulation of gene expression by MLL3 and MLL4 complexes > Epigenetic regulation of adipogenesis genes by MLL3 and MLL4 complexes > MLL4 and MLL3 complexes regulate expression of PPARG target genes in adipogenesis and hepatic steatosis > MGLL gene expression is stimulated by PPARG:RXRA:MLL4,(MLL3)-ASCOM complex [ACTIVATION]",Pathway Location,
PL01251,"Epigenetic regulation of gene expression > Epigenetic regulation by WDR5-containing histone modifying complexes > Epigenetic regulation of gene expression by MLL3 and MLL4 complexes > Epigenetic regulation of adipogenesis genes by MLL3 and MLL4 complexes > MLL4 and MLL3 complexes regulate expression of PPARG target genes in adipogenesis and hepatic steatosis > CIDEC gene expression is stimulated by PPARG:RXRA:MLL4,(MLL3)-ASCOM complex [ACTIVATION]",Pathway Location,
PL01252,"Epigenetic regulation of gene expression > Epigenetic regulation by WDR5-containing histone modifying complexes > Epigenetic regulation of gene expression by MLL3 and MLL4 complexes > Epigenetic regulation of adipogenesis genes by MLL3 and MLL4 complexes > MLL4 and MLL3 complexes regulate expression of PPARG target genes in adipogenesis and hepatic steatosis > CD36 gene expression is stimulated by PPARG:RXRA:MLL4,(MLL3)-ASCOM complex [ACTIVATION]",Pathway Location,
PL01253,"Epigenetic regulation of gene expression > Epigenetic regulation by WDR5-containing histone modifying complexes > Epigenetic regulation of gene expression by MLL3 and MLL4 complexes > Epigenetic regulation of adipogenesis genes by MLL3 and MLL4 complexes > MLL4 and MLL3 complexes regulate expression of PPARG target genes in adipogenesis and hepatic steatosis > CEBPA gene expression is stimulated by PPARG:RXRA:MLL4,(MLL3)-ASCOM complex [ACTIVATION]",Pathway Location,
PL01254,Epigenetic regulation of gene expression > Epigenetic regulation by WDR5-containing histone modifying complexes > Epigenetic regulation of gene expression by MLL3 and MLL4 complexes > Epigenetic regulation of adipogenesis genes by MLL3 and MLL4 complexes > MLL4 and MLL3 complexes regulate expression of PPARG target genes in adipogenesis and hepatic steatosis > ACTIVATION,Pathway Location,
PL01255,"Epigenetic regulation of gene expression > Epigenetic regulation by WDR5-containing histone modifying complexes > Epigenetic regulation of gene expression by MLL3 and MLL4 complexes > Epigenetic regulation of adipogenesis genes by MLL3 and MLL4 complexes > MLL4 and MLL3 complexes regulate expression of PPARG target genes in adipogenesis and hepatic steatosis > GPAM gene expression is stimulated by PPARG2:RXRA:MLL4,(MLL3)-ASCOM complex [ACTIVATION]",Pathway Location,
PL01259,"Epigenetic regulation of gene expression > Epigenetic regulation by WDR5-containing histone modifying complexes > Epigenetic regulation of gene expression by MLL3 and MLL4 complexes > Epigenetic regulation of adipogenesis genes by MLL3 and MLL4 complexes > MLL4 and MLL3 complexes regulate expression of PPARG target genes in adipogenesis and hepatic steatosis > ANGPTL4 gene expression is stimulated by PPARG:RXRA:MLL4,(MLL3)-ASCOM complex [ACTIVATION]",Pathway Location,
PL01260,"Epigenetic regulation of gene expression > Epigenetic regulation by WDR5-containing histone modifying complexes > Epigenetic regulation of gene expression by MLL3 and MLL4 complexes > Epigenetic regulation of adipogenesis genes by MLL3 and MLL4 complexes > MLL4 and MLL3 complexes regulate expression of PPARG target genes in adipogenesis and hepatic steatosis > DGAT2 gene expression is stimulated by PPARG:RXRA:MLL4,(MLL3)-ASCOM complex [ACTIVATION]",Pathway Location,
PL01261,"Epigenetic regulation of gene expression > Epigenetic regulation by WDR5-containing histone modifying complexes > Epigenetic regulation of gene expression by MLL3 and MLL4 complexes > Epigenetic regulation of adipogenesis genes by MLL3 and MLL4 complexes > MLL4 and MLL3 complexes regulate expression of PPARG target genes in adipogenesis and hepatic steatosis > PPARG2 transcription is stimulated by PPARG2:RXRA:MLL4,(MLL3)-ASCOM complex [ACTIVATION]",Pathway Location,
PL01262,"Epigenetic regulation of gene expression > Epigenetic regulation by WDR5-containing histone modifying complexes > Epigenetic regulation of gene expression by MLL3 and MLL4 complexes > Epigenetic regulation of adipogenesis genes by MLL3 and MLL4 complexes > MLL4 and MLL3 complexes regulate expression of PPARG target genes in adipogenesis and hepatic steatosis > LIPE gene expression is stimulated by PPARG:RXRA:MLL4,(MLL3)-ASCOM complex [ACTIVATION]",Pathway Location,
PL01264,"Epigenetic regulation of gene expression > Epigenetic regulation by WDR5-containing histone modifying complexes > Epigenetic regulation of gene expression by MLL3 and MLL4 complexes > Epigenetic regulation of adipogenesis genes by MLL3 and MLL4 complexes > MLL4 and MLL3 complexes regulate expression of PPARG target genes in adipogenesis and hepatic steatosis > PLIN2 gene expression is stimulated by PPARG:RXRA:MLL4,(MLL3)-ASCOM complex [ACTIVATION]",Pathway Location,
PL01265,"Epigenetic regulation of gene expression > Epigenetic regulation by WDR5-containing histone modifying complexes > Epigenetic regulation of gene expression by MLL3 and MLL4 complexes > Epigenetic regulation of adipogenesis genes by MLL3 and MLL4 complexes > MLL4 and MLL3 complexes regulate expression of PPARG target genes in adipogenesis and hepatic steatosis > SCD gene expression is stimulated by PPARG:RXRA:MLL4,(MLL3)-ASCOM complex [ACTIVATION]",Pathway Location,
PL01266,"Epigenetic regulation of gene expression > Epigenetic regulation by WDR5-containing histone modifying complexes > Epigenetic regulation of gene expression by MLL3 and MLL4 complexes > Epigenetic regulation of adipogenesis genes by MLL3 and MLL4 complexes > MLL4 and MLL3 complexes regulate expression of PPARG target genes in adipogenesis and hepatic steatosis > FABP4 gene expression is stimulated by PPARG:RXRA:MLL4,(MLL3)-ASCOM complex [ACTIVATION]",Pathway Location,
PL01267,"Epigenetic regulation of gene expression > Epigenetic regulation by WDR5-containing histone modifying complexes > Epigenetic regulation of gene expression by MLL3 and MLL4 complexes > Epigenetic regulation of adipogenesis genes by MLL3 and MLL4 complexes > MLL4 and MLL3 complexes regulate expression of PPARG target genes in adipogenesis and hepatic steatosis > PDK4 gene expression is stimulated by PPARG:RXRA:MLL4,(MLL3)-ASCOM complex [ACTIVATION]",Pathway Location,
PL01268,"Epigenetic regulation of gene expression > Epigenetic regulation by WDR5-containing histone modifying complexes > Epigenetic regulation of gene expression by MLL3 and MLL4 complexes > Epigenetic regulation of adipogenesis genes by MLL3 and MLL4 complexes > MLL4 and MLL3 complexes regulate expression of PPARG target genes in adipogenesis and hepatic steatosis > PLIN4 gene expression is stimulated by PPARG:RXRA:MLL4,(MLL3)-ASCOM complex [ACTIVATION]",Pathway Location,
PL01269,"Epigenetic regulation of gene expression > Epigenetic regulation by WDR5-containing histone modifying complexes > Epigenetic regulation of gene expression by MLL3 and MLL4 complexes > Epigenetic regulation of adipogenesis genes by MLL3 and MLL4 complexes > MLL4 and MLL3 complexes regulate expression of PPARG target genes in adipogenesis and hepatic steatosis > AGPAT2 gene expression is stimulated by PPARG:RXRA:MLL4,(MLL3)-ASCOM complex [ACTIVATION]",Pathway Location,
PL01270,Epigenetic regulation of gene expression > Epigenetic regulation by WDR5-containing histone modifying complexes > Epigenetic regulation of gene expression by MLL3 and MLL4 complexes > Epigenetic regulation of adipogenesis genes by MLL3 and MLL4 complexes > MLL4 and MLL3 complexes regulate expression of PPARG target genes in adipogenesis and hepatic steatosis > Coactivators are recruited to liganded PPARG:RXRA heterodimer [INHIBITION],Pathway Location,
PL01273,"Epigenetic regulation of gene expression > Epigenetic regulation by WDR5-containing histone modifying complexes > Epigenetic regulation of gene expression by MLL3 and MLL4 complexes > Epigenetic regulation of adipogenesis genes by MLL3 and MLL4 complexes > MLL4 and MLL3 complexes regulate expression of PPARG target genes in adipogenesis and hepatic steatosis > LPL gene expression is stimulated by PPARG:RXRA:MLL4,(MLL3)-ASCOM complex [ACTIVATION]",Pathway Location,
PL01276,"Epigenetic regulation of gene expression > Epigenetic regulation by WDR5-containing histone modifying complexes > Epigenetic regulation of gene expression by MLL3 and MLL4 complexes > Epigenetic regulation of adipogenesis genes by MLL3 and MLL4 complexes > MLL4 and MLL3 complexes regulate expression of PPARG target genes in adipogenesis and hepatic steatosis > PLIN1 gene expression is stimulated by PPARG:RXRA:MLL4,(MLL3)-ASCOM complex [ACTIVATION]",Pathway Location,
PL01286,RNA Polymerase II Transcription > Generic Transcription Pathway > Transcriptional Regulation by TP53 > Regulation of TP53 Activity > Regulation of TP53 Expression and Degradation > Regulation of TP53 Expression > PRDM1 represses TP53 expression [INHIBITION],Pathway Location,
PL01291,RNA Polymerase II Transcription > Generic Transcription Pathway > Transcriptional Regulation by TP53 > Regulation of TP53 Activity > Regulation of TP53 Expression and Degradation > Regulation of TP53 Degradation > Phosphorylation of MDM4 by ATM [ACTIVATION],Pathway Location,
PL01297,RNA Polymerase II Transcription > Generic Transcription Pathway > Transcriptional Regulation by TP53 > Regulation of TP53 Activity > Regulation of TP53 Expression and Degradation > Regulation of TP53 Degradation > USP7 deubiquitinates TP53 and counteracts MDM2 [ACTIVATION],Pathway Location,
PL01334,RNA Polymerase II Transcription > Generic Transcription Pathway > Transcriptional Regulation by TP53 > Regulation of TP53 Activity > Regulation of TP53 Expression and Degradation > Regulation of TP53 Degradation > PP2A-PP2R5C dephosphorylates MDM2 [ACTIVATION],Pathway Location,
PL01340,RNA Polymerase II Transcription > Generic Transcription Pathway > Transcriptional Regulation by TP53 > Regulation of TP53 Activity > Regulation of TP53 Expression and Degradation > Regulation of TP53 Degradation > p14ARF forms a ternary complex with MDM2 and TP53,Pathway Location,
PL01342,RNA Polymerase II Transcription > Generic Transcription Pathway > Transcriptional Regulation by TP53 > Regulation of TP53 Activity > Regulation of TP53 Expression and Degradation > Regulation of TP53 Degradation > p14ARF sequesters MDM2,Pathway Location,
PL01343,RNA Polymerase II Transcription > Generic Transcription Pathway > Transcriptional Regulation by TP53 > Regulation of TP53 Activity > Regulation of TP53 Expression and Degradation > Regulation of TP53 Degradation > MDM2 binds TP53 [INHIBITION],Pathway Location,
PL01344,RNA Polymerase II Transcription > Generic Transcription Pathway > Transcriptional Regulation by TP53 > TP53 Regulates Metabolic Genes > TP53 binds the SCO2 gene,Pathway Location,
PL01345,RNA Polymerase II Transcription > Generic Transcription Pathway > Transcriptional Regulation by TP53 > TP53 Regulates Metabolic Genes > TP53 binds the TIGAR gene,Pathway Location,
PL01346,"RNA Polymerase II Transcription > Generic Transcription Pathway > Transcriptional Regulation by TP53 > TP53 Regulates Metabolic Genes > TP53 stimulates expression of SESN1,2,3 genes [ACTIVATION]",Pathway Location,
PL01347,RNA Polymerase II Transcription > Generic Transcription Pathway > Transcriptional Regulation by TP53 > TP53 Regulates Metabolic Genes > TP53 binds the RRM2B gene,Pathway Location,
PL01348,"RNA Polymerase II Transcription > Generic Transcription Pathway > Transcriptional Regulation by TP53 > TP53 Regulates Metabolic Genes > TP53 binds regulatory elements of SESN1,2,3 genes",Pathway Location,
PL01349,RNA Polymerase II Transcription > Generic Transcription Pathway > Transcriptional Regulation by TP53 > TP53 Regulates Metabolic Genes > PTEN gene transcription is stimulated by TP53 [ACTIVATION],Pathway Location,
PL01350,RNA Polymerase II Transcription > Generic Transcription Pathway > Transcriptional Regulation by TP53 > TP53 Regulates Metabolic Genes > TP53 binds the PTEN promoter,Pathway Location,
PL01351,RNA Polymerase II Transcription > Generic Transcription Pathway > Transcriptional Regulation by TP53 > TP53 Regulates Metabolic Genes > TP53 binds the GLS2 promoter,Pathway Location,
PL01352,RNA Polymerase II Transcription > Generic Transcription Pathway > Transcriptional Regulation by TP53 > Regulation of TP53 Activity > Regulation of TP53 Expression and Degradation > Regulation of TP53 Expression > TP53 forms homotetramers,Pathway Location,
PL01353,RNA Polymerase II Transcription > Generic Transcription Pathway > Transcriptional Regulation by TP53 > Regulation of TP53 Activity > Regulation of TP53 Expression and Degradation > Regulation of TP53 Degradation > TP53 binds the CCNG1 gene,Pathway Location,
PL01354,RNA Polymerase II Transcription > Generic Transcription Pathway > Transcriptional Regulation by TP53 > Regulation of TP53 Activity > Regulation of TP53 Expression and Degradation > Regulation of TP53 Degradation > MDM2 ubiquitinates TP53 [ACTIVATION],Pathway Location,
PL01355,RNA Polymerase II Transcription > Generic Transcription Pathway > Transcriptional Regulation by TP53 > Regulation of TP53 Activity > Regulation of TP53 Expression and Degradation > Regulation of TP53 Degradation > TP53 stimulates CCNG1 gene expression [ACTIVATION],Pathway Location,
PL01359,RNA Polymerase II Transcription > Generic Transcription Pathway > Transcriptional Regulation by TP53 > Regulation of TP53 Activity > Regulation of TP53 Expression and Degradation > Regulation of TP53 Degradation > CCNG1 recruits PP2A-PPP2R5C to MDM2,Pathway Location,
PL01362,RNA Polymerase II Transcription > Generic Transcription Pathway > Transcriptional Regulation by TP53 > Regulation of TP53 Activity > Regulation of TP53 Expression and Degradation > Regulation of TP53 Degradation > MDM2 forms homo- or heterodimers [INHIBITION],Pathway Location,
R-HSA-6794361,Neurexins and neuroligins,Pathway,0.0008637610267644
PL04260,NRXNs bind  SYTs,Pathway Location,
R-HSA-4090294,SUMOylation of intracellular receptors,Pathway,0.0009225670279494
PL07390,"PIAS1,2-1 SUMOylate NR5A2 with SUMO1 [ACTIVATION]",Pathway Location,
PL07391,"PIAS1,2-1 SUMOylates AR with SUMO1 [ACTIVATION]",Pathway Location,
PL07392,PIAS1 SUMOylates THRB with SUMO1 [ACTIVATION],Pathway Location,
PL07393,PIAS2-2 SUMOylates THRA with SUMO3 [ACTIVATION],Pathway Location,
PL07394,PIAS1 SUMOylates THRB with SUMO3 [ACTIVATION],Pathway Location,
PL07395,"PIAS1,3 SUMOylates NR5A1 with SUMO2 [ACTIVATION]",Pathway Location,
PL07396,"PIAS2,3,4 SUMOylate RORA with SUMO2 [ACTIVATION]",Pathway Location,
PL07397,PIAS3 SUMOylates PGR with SUMO1 [ACTIVATION],Pathway Location,
PL07398,SUMOylation of RARA with SUMO2 [ACTIVATION],Pathway Location,
PL07399,PIAS1 SUMOylates NR2C1 (TR2) [ACTIVATION],Pathway Location,
PL07400,PIAS4 SUMOylates PPARA with SUMO1 [ACTIVATION],Pathway Location,
PL07401,"HDAC4 SUMOylates NR1H2 (LXRbeta) with SUMO2,3 [ACTIVATION]",Pathway Location,
PL07402,"PIAS1,3 SUMOylates NR5A1 with SUMO1 [ACTIVATION]",Pathway Location,
PL07403,"HDAC4 SUMOylates NR1H3 (LXRalpha) with SUMO2,3 [ACTIVATION]",Pathway Location,
PL07404,SUMOylation of NR1I2 with SUMO3,Pathway Location,
PL07405,"PIAS1,2-2 SUMOylate PPARG with SUMO1 [ACTIVATION]",Pathway Location,
PL07406,"PIAS2,3,4 SUMOylate RORA with SUMO1 [ACTIVATION]",Pathway Location,
PL07407,SUMOylation of NR1H4 with SUMO1,Pathway Location,
PL07408,SUMOylation of NR3C1 (GR) with SUMO1 [ACTIVATION],Pathway Location,
PL07409,"PIAS1,3 SUMOylate ESR1 with SUMO1 [ACTIVATION]",Pathway Location,
PL07410,PIAS4 SUMOylates VDR with SUMO2 [ACTIVATION],Pathway Location,
PL07411,"PIAS4 SUMOylates NR4A2 with SUMO2,3 [ACTIVATION]",Pathway Location,
PL07412,PIAS2-2 SUMOylates THRA with SUMO1 [ACTIVATION],Pathway Location,
PL07413,PIAS1 SUMOylates NR3C2 (Mineralcorticoid Receptor) with SUMO1 [ACTIVATION],Pathway Location,
PL07414,SUMOylation of RXRA with SUMO1 [ACTIVATION],Pathway Location,
R-HSA-422475,Axon guidance,Pathway,0.0009929286288638
PL14792,L1CAM interactions > Phosphorylation of L1 by EPHB2 [ACTIVATION],Pathway Location,
PL14798,Signaling by ROBO receptors > Ena/VASP proteins bind ROBO1:SLIT2 complex,Pathway Location,
PL14799,Signaling by ROBO receptors > Recruitment of Profilin by Ena/VASP proteins,Pathway Location,
PL14826,EPH-Ephrin signaling > Ephrin signaling > PAKs phosphorylate MLC [ACTIVATION],Pathway Location,
PL14827,EPH-Ephrin signaling > Ephrin signaling > PAKs autophosphorylate [ACTIVATION],Pathway Location,
PL14828,EPH-Ephrin signaling > Ephrin signaling > SFKs phosphorylate GIT1 [ACTIVATION],Pathway Location,
PL14829,"EPH-Ephrin signaling > Ephrin signaling > bPIX exchanges GTP for GDP on RAC, activating it [ACTIVATION]",Pathway Location,
PL14830,EPH-Ephrin signaling > Ephrin signaling > GIT1 binds bPIX,Pathway Location,
PL14831,EPH-Ephrin signaling > Ephrin signaling > PAK binds RAC and bPIX,Pathway Location,
PL14832,EPH-Ephrin signaling > Ephrin signaling > EFNB:GRB4 binds GIT1,Pathway Location,
PL14833,EPH-Ephrin signaling > Ephrin signaling > p-EFNB binds GRB4,Pathway Location,
PL14834,EPH-Ephrin signaling > Ephrin signaling > SFKs phosphorylate EFNBs [ACTIVATION],Pathway Location,
PL14838,EPH-Ephrin signaling > EPHB-mediated forward signaling > N-WASP binds ARP2/3 and G-actin,Pathway Location,
PL14849,EPH-Ephrin signaling > EPHB-mediated forward signaling > EPHB binds ITSN1,Pathway Location,
PL14850,EPH-Ephrin signaling > EPHB-mediated forward signaling > N-WASP binds ITSN1,Pathway Location,
PL14851,"EPH-Ephrin signaling > EPHB-mediated forward signaling > CDC42 and PIP2 bind WASL, activating it",Pathway Location,
PL14852,"EPH-Ephrin signaling > EPHB-mediated forward signaling > ITSN1 exchanges GTP for GDP on CDC42, activating it [ACTIVATION]",Pathway Location,
PL14865,EPH-Ephrin signaling > EPH-ephrin mediated repulsion of cells > Clathrin internalises EPH:EFN complexes,Pathway Location,
PL14866,"EPH-Ephrin signaling > EPH-ephrin mediated repulsion of cells > MMP2,9 cleave EPHB [ACTIVATION]",Pathway Location,
PL14867,EPH-Ephrin signaling > EPHBs bind EFNBs,Pathway Location,
PL14868,EPH-Ephrin signaling > Ephrin signaling > EFNBs bind SDCBP,Pathway Location,
PL14869,EPH-Ephrin signaling > Ephrin signaling > EFNBs bind SFKs,Pathway Location,
PL14870,Semaphorin interactions > CRMPs in Sema3A signaling > Tyrosine phosphorylation of CRMPs by Fes [ACTIVATION],Pathway Location,
PL14871,Semaphorin interactions > CRMPs in Sema3A signaling > Phosphorylation of CRMPs by Cdk5 [ACTIVATION],Pathway Location,
PL14872,Semaphorin interactions > CRMPs in Sema3A signaling > Recruitment and activation of Cdk5 [ACTIVATION],Pathway Location,
PL14873,Semaphorin interactions > CRMPs in Sema3A signaling > Phosphorylation of CRMPs by GSK3beta [ACTIVATION],Pathway Location,
PL14878,Semaphorin interactions > Sema3A PAK dependent Axon repulsion > Phosphorylation of LIMK-1 by PAK [ACTIVATION],Pathway Location,
PL14879,Semaphorin interactions > Sema3A PAK dependent Axon repulsion > Autophosphorylation of PAK [ACTIVATION],Pathway Location,
PL14883,Semaphorin interactions > Other semaphorin interactions > SEMA6A binds to PLXNA2 and PLXNA4,Pathway Location,
PL14889,Semaphorin interactions > CRMPs in Sema3A signaling > Activation of Fyn,Pathway Location,
PL14890,Semaphorin interactions > SEMA3A-Plexin repulsion signaling by inhibiting Integrin adhesion > Plexin-A1-4 binds NRP1,Pathway Location,
PL14891,Semaphorin interactions > SEMA3A-Plexin repulsion signaling by inhibiting Integrin adhesion > Phosphorylation of Plexin-A [ACTIVATION],Pathway Location,
PL14892,Semaphorin interactions > SEMA3A-Plexin repulsion signaling by inhibiting Integrin adhesion > Sema3A binds Nrp-1 bound to PlexinA,Pathway Location,
PL14893,Semaphorin interactions > Sema3A PAK dependent Axon repulsion > Activation of PAK by Rac1,Pathway Location,
PL14894,Semaphorin interactions > SEMA3A-Plexin repulsion signaling by inhibiting Integrin adhesion > Rac1 binds PlexinA,Pathway Location,
PL14895,Semaphorin interactions > SEMA3A-Plexin repulsion signaling by inhibiting Integrin adhesion > Recruitment of Rnd1 to Plexin A,Pathway Location,
PL14896,Semaphorin interactions > SEMA3A-Plexin repulsion signaling by inhibiting Integrin adhesion > Inactivation of R-Ras by Sema3A-Plexin-A GAP activity [ACTIVATION],Pathway Location,
PL14899,L1CAM interactions > NrCAM interactions > NrCAM binds synapse-associated proteins,Pathway Location,
PL14927,Signaling by ROBO receptors > ROBO1 binds NRP1,Pathway Location,
PL14928,L1CAM interactions > Signal transduction by L1 > L1 binds NRP1,Pathway Location,
PL14929,L1CAM interactions > CHL1 interactions > CHL1 interacts with NRP1,Pathway Location,
PL14972,Signaling by ROBO receptors > Regulation of expression of SLITs and ROBOs > Translation of ROBO3.2 mRNA initiates NMD,Pathway Location,
PL14973,Signaling by ROBO receptors > Regulation of expression of SLITs and ROBOs > Translation of ROBO3.2 mRNA is negatively regulated by NMD [INHIBITION],Pathway Location,
PL14974,Signaling by ROBO receptors > Regulation of expression of SLITs and ROBOs > SLIT2 binds Dystroglycan,Pathway Location,
PL14998,Signaling by ROBO receptors > Activation of RAC1 > Recruitment of PAK to NCK,Pathway Location,
PL15008,NCAM signaling for neurite out-growth > NCAM1 interactions > Polysialylation of NCAM1 [ACTIVATION],Pathway Location,
PL15036,Netrin-1 signaling > Role of second messengers in netrin-1 signaling > Phosphorylation of PLCgamma by Netrin-1 [ACTIVATION],Pathway Location,
PL15040,Netrin-1 signaling > Role of second messengers in netrin-1 signaling > PITPalpha binds DCC,Pathway Location,
R-HSA-5633007,Regulation of TP53 Activity,Pathway,0.0010057362592453
PL08377,Regulation of TP53 Activity through Phosphorylation > CDK5 phosphorylates TP53 [ACTIVATION],Pathway Location,
PL08378,Regulation of TP53 Activity through Phosphorylation > MAPKAPK5 phosphorylates TP53 [ACTIVATION],Pathway Location,
PL08381,Regulation of TP53 Activity through Phosphorylation > AMPK phosphorylates TP53 [ACTIVATION],Pathway Location,
PL08382,Regulation of TP53 Activity through Phosphorylation > TAF1 phosphorylates TP53 [ACTIVATION],Pathway Location,
PL08384,Regulation of TP53 Activity through Phosphorylation > AURKA phosphorylates TP53 [ACTIVATION],Pathway Location,
PL08385,Regulation of TP53 Activity through Phosphorylation > CDK2 phosphorylates TP53 [ACTIVATION],Pathway Location,
PL08394,Regulation of TP53 Activity through Phosphorylation > TP53 binds HIPK1,Pathway Location,
PL08395,Regulation of TP53 Activity through Phosphorylation > TP53 binds STK11 and NUAK1,Pathway Location,
PL08396,Regulation of TP53 Activity through Phosphorylation > STK11 (LKB1) phosphorylates NUAK1 [ACTIVATION],Pathway Location,
PL08397,Regulation of TP53 Activity through Phosphorylation > TP53RK phosphorylates TP53 [ACTIVATION],Pathway Location,
PL08399,Regulation of TP53 Activity through Phosphorylation > ATR phosphorylates TP53 [ACTIVATION],Pathway Location,
PL08400,Regulation of TP53 Activity through Phosphorylation > ATM phosphorylates TP53 at S15 [ACTIVATION],Pathway Location,
PL08402,Regulation of TP53 Activity through Phosphorylation > NUAK1 phosphorylates TP53 [ACTIVATION],Pathway Location,
PL08407,Regulation of TP53 Activity through Association with Co-factors > BANP binds TP53,Pathway Location,
PL08419,Regulation of TP53 Activity through Methylation > ATM phosphorylates TTC5 [ACTIVATION],Pathway Location,
PL08426,Regulation of TP53 Activity through Methylation > EHMT1:EHMT2 dimethylates TP53 [ACTIVATION],Pathway Location,
PL08438,Regulation of TP53 Expression and Degradation > Regulation of TP53 Expression > PRDM1 represses TP53 expression [INHIBITION],Pathway Location,
PL08443,Regulation of TP53 Expression and Degradation > Regulation of TP53 Degradation > Phosphorylation of MDM4 by ATM [ACTIVATION],Pathway Location,
PL08449,Regulation of TP53 Expression and Degradation > Regulation of TP53 Degradation > USP7 deubiquitinates TP53 and counteracts MDM2 [ACTIVATION],Pathway Location,
PL08459,Regulation of TP53 Expression and Degradation > Regulation of TP53 Degradation > p14ARF forms a ternary complex with MDM2 and TP53,Pathway Location,
PL08461,Regulation of TP53 Expression and Degradation > Regulation of TP53 Degradation > p14ARF sequesters MDM2,Pathway Location,
PL08462,Regulation of TP53 Expression and Degradation > Regulation of TP53 Degradation > MDM2 binds TP53 [INHIBITION],Pathway Location,
PL08463,Regulation of TP53 Expression and Degradation > Regulation of TP53 Expression > TP53 forms homotetramers,Pathway Location,
PL08464,Regulation of TP53 Expression and Degradation > Regulation of TP53 Degradation > TP53 binds the CCNG1 gene,Pathway Location,
PL08465,Regulation of TP53 Expression and Degradation > Regulation of TP53 Degradation > MDM2 ubiquitinates TP53 [ACTIVATION],Pathway Location,
PL08466,Regulation of TP53 Expression and Degradation > Regulation of TP53 Degradation > TP53 stimulates CCNG1 gene expression [ACTIVATION],Pathway Location,
PL08472,Regulation of TP53 Expression and Degradation > Regulation of TP53 Degradation > MDM2 forms homo- or heterodimers [INHIBITION],Pathway Location,
R-HSA-9675108,Nervous system development,Pathway,0.0010057362592453
PL06685,EGR2 and SOX10-mediated initiation of Schwann cell myelination > HMGCR gene expression [ACTIVATION],Pathway Location,
PL06691,EGR2 and SOX10-mediated initiation of Schwann cell myelination > L-PRX:DRP:DGC:laminin-211 interacts with UTRN,Pathway Location,
PL06692,EGR2 and SOX10-mediated initiation of Schwann cell myelination > L-PRX:DRP2 binds dystroglycan and laminin-211,Pathway Location,
PL06727,Axon guidance > L1CAM interactions > Phosphorylation of L1 by EPHB2 [ACTIVATION],Pathway Location,
PL06733,Axon guidance > Signaling by ROBO receptors > Ena/VASP proteins bind ROBO1:SLIT2 complex,Pathway Location,
PL06734,Axon guidance > Signaling by ROBO receptors > Recruitment of Profilin by Ena/VASP proteins,Pathway Location,
PL06761,Axon guidance > EPH-Ephrin signaling > Ephrin signaling > PAKs phosphorylate MLC [ACTIVATION],Pathway Location,
PL06762,Axon guidance > EPH-Ephrin signaling > Ephrin signaling > PAKs autophosphorylate [ACTIVATION],Pathway Location,
PL06763,Axon guidance > EPH-Ephrin signaling > Ephrin signaling > SFKs phosphorylate GIT1 [ACTIVATION],Pathway Location,
PL06764,"Axon guidance > EPH-Ephrin signaling > Ephrin signaling > bPIX exchanges GTP for GDP on RAC, activating it [ACTIVATION]",Pathway Location,
PL06765,Axon guidance > EPH-Ephrin signaling > Ephrin signaling > GIT1 binds bPIX,Pathway Location,
PL06766,Axon guidance > EPH-Ephrin signaling > Ephrin signaling > PAK binds RAC and bPIX,Pathway Location,
PL06767,Axon guidance > EPH-Ephrin signaling > Ephrin signaling > EFNB:GRB4 binds GIT1,Pathway Location,
PL06768,Axon guidance > EPH-Ephrin signaling > Ephrin signaling > p-EFNB binds GRB4,Pathway Location,
PL06769,Axon guidance > EPH-Ephrin signaling > Ephrin signaling > SFKs phosphorylate EFNBs [ACTIVATION],Pathway Location,
PL06773,Axon guidance > EPH-Ephrin signaling > EPHB-mediated forward signaling > N-WASP binds ARP2/3 and G-actin,Pathway Location,
PL06784,Axon guidance > EPH-Ephrin signaling > EPHB-mediated forward signaling > EPHB binds ITSN1,Pathway Location,
PL06785,Axon guidance > EPH-Ephrin signaling > EPHB-mediated forward signaling > N-WASP binds ITSN1,Pathway Location,
PL06786,"Axon guidance > EPH-Ephrin signaling > EPHB-mediated forward signaling > CDC42 and PIP2 bind WASL, activating it",Pathway Location,
PL06787,"Axon guidance > EPH-Ephrin signaling > EPHB-mediated forward signaling > ITSN1 exchanges GTP for GDP on CDC42, activating it [ACTIVATION]",Pathway Location,
PL06800,Axon guidance > EPH-Ephrin signaling > EPH-ephrin mediated repulsion of cells > Clathrin internalises EPH:EFN complexes,Pathway Location,
PL06801,"Axon guidance > EPH-Ephrin signaling > EPH-ephrin mediated repulsion of cells > MMP2,9 cleave EPHB [ACTIVATION]",Pathway Location,
PL06802,Axon guidance > EPH-Ephrin signaling > EPHBs bind EFNBs,Pathway Location,
PL06803,Axon guidance > EPH-Ephrin signaling > Ephrin signaling > EFNBs bind SDCBP,Pathway Location,
PL06804,Axon guidance > EPH-Ephrin signaling > Ephrin signaling > EFNBs bind SFKs,Pathway Location,
PL06805,Axon guidance > Semaphorin interactions > CRMPs in Sema3A signaling > Tyrosine phosphorylation of CRMPs by Fes [ACTIVATION],Pathway Location,
PL06806,Axon guidance > Semaphorin interactions > CRMPs in Sema3A signaling > Phosphorylation of CRMPs by Cdk5 [ACTIVATION],Pathway Location,
PL06807,Axon guidance > Semaphorin interactions > CRMPs in Sema3A signaling > Recruitment and activation of Cdk5 [ACTIVATION],Pathway Location,
PL06808,Axon guidance > Semaphorin interactions > CRMPs in Sema3A signaling > Phosphorylation of CRMPs by GSK3beta [ACTIVATION],Pathway Location,
PL06813,Axon guidance > Semaphorin interactions > Sema3A PAK dependent Axon repulsion > Phosphorylation of LIMK-1 by PAK [ACTIVATION],Pathway Location,
PL06814,Axon guidance > Semaphorin interactions > Sema3A PAK dependent Axon repulsion > Autophosphorylation of PAK [ACTIVATION],Pathway Location,
PL06818,Axon guidance > Semaphorin interactions > Other semaphorin interactions > SEMA6A binds to PLXNA2 and PLXNA4,Pathway Location,
PL06824,Axon guidance > Semaphorin interactions > CRMPs in Sema3A signaling > Activation of Fyn,Pathway Location,
PL06825,Axon guidance > Semaphorin interactions > SEMA3A-Plexin repulsion signaling by inhibiting Integrin adhesion > Plexin-A1-4 binds NRP1,Pathway Location,
PL06826,Axon guidance > Semaphorin interactions > SEMA3A-Plexin repulsion signaling by inhibiting Integrin adhesion > Phosphorylation of Plexin-A [ACTIVATION],Pathway Location,
PL06827,Axon guidance > Semaphorin interactions > SEMA3A-Plexin repulsion signaling by inhibiting Integrin adhesion > Sema3A binds Nrp-1 bound to PlexinA,Pathway Location,
PL06828,Axon guidance > Semaphorin interactions > Sema3A PAK dependent Axon repulsion > Activation of PAK by Rac1,Pathway Location,
PL06829,Axon guidance > Semaphorin interactions > SEMA3A-Plexin repulsion signaling by inhibiting Integrin adhesion > Rac1 binds PlexinA,Pathway Location,
PL06830,Axon guidance > Semaphorin interactions > SEMA3A-Plexin repulsion signaling by inhibiting Integrin adhesion > Recruitment of Rnd1 to Plexin A,Pathway Location,
PL06831,Axon guidance > Semaphorin interactions > SEMA3A-Plexin repulsion signaling by inhibiting Integrin adhesion > Inactivation of R-Ras by Sema3A-Plexin-A GAP activity [ACTIVATION],Pathway Location,
PL06834,Axon guidance > L1CAM interactions > NrCAM interactions > NrCAM binds synapse-associated proteins,Pathway Location,
PL06862,Axon guidance > Signaling by ROBO receptors > ROBO1 binds NRP1,Pathway Location,
PL06863,Axon guidance > L1CAM interactions > Signal transduction by L1 > L1 binds NRP1,Pathway Location,
PL06864,Axon guidance > L1CAM interactions > CHL1 interactions > CHL1 interacts with NRP1,Pathway Location,
PL06907,Axon guidance > Signaling by ROBO receptors > Regulation of expression of SLITs and ROBOs > Translation of ROBO3.2 mRNA initiates NMD,Pathway Location,
PL06908,Axon guidance > Signaling by ROBO receptors > Regulation of expression of SLITs and ROBOs > Translation of ROBO3.2 mRNA is negatively regulated by NMD [INHIBITION],Pathway Location,
PL06909,Axon guidance > Signaling by ROBO receptors > Regulation of expression of SLITs and ROBOs > SLIT2 binds Dystroglycan,Pathway Location,
PL06933,Axon guidance > Signaling by ROBO receptors > Activation of RAC1 > Recruitment of PAK to NCK,Pathway Location,
PL06943,Axon guidance > NCAM signaling for neurite out-growth > NCAM1 interactions > Polysialylation of NCAM1 [ACTIVATION],Pathway Location,
PL06971,Axon guidance > Netrin-1 signaling > Role of second messengers in netrin-1 signaling > Phosphorylation of PLCgamma by Netrin-1 [ACTIVATION],Pathway Location,
PL06975,Axon guidance > Netrin-1 signaling > Role of second messengers in netrin-1 signaling > PITPalpha binds DCC,Pathway Location,
R-HSA-8856828,Clathrin-mediated endocytosis,Pathway,0.0010057362592453
PL04392,Recruitment of AP-2 complex and clathrin [ACTIVATION],Pathway Location,
PL04393,HSPA8-mediated ATP hydrolysis promotes vesicle uncoating [ACTIVATION],Pathway Location,
PL04394,Auxilin recruits HSPA8:ATP to the clathrin-coated vesicle,Pathway Location,
PL04395,Dynamin-mediated GTP hydrolysis promotes vesicle scission [ACTIVATION],Pathway Location,
PL04396,Clathrin recruits auxilins to the clathrin-coated vesicle,Pathway Location,
PL04397,RAB5 and GAPVD1 bind AP-2,Pathway Location,
PL04398,"SYNJ hydrolyze PI(4,5)P2 to PI(4)P [ACTIVATION]",Pathway Location,
PL04399,BAR domain proteins recruit dynamin,Pathway Location,
PL04400,SNX9 recruits components of the actin polymerizing machinery,Pathway Location,
PL04401,Dissociation of clathrin-associated proteins,Pathway Location,
PL04402,Endophilins recruit synaptojanins to the clathrin-coated pit,Pathway Location,
PL04403,Dissociation of AAK1 and dephosphorylation of AP-2 mu2,Pathway Location,
PL04404,F- and N- BAR domain proteins bind the clathrin-coated pit [ACTIVATION],Pathway Location,
PL04405,"Clathrin-associated PIK3C2A phosphorylates PI(4)P to PI(3,4)P2 [ACTIVATION]",Pathway Location,
PL04406,Clathrin recruits PIK3C2A,Pathway Location,
PL04409,FCHo proteins bind nascent clathrin-coated pit,Pathway Location,
PL04410,AAK1 phosphorylates AP-2 mu subunit at T156 [ACTIVATION],Pathway Location,
PL04414,CLASP proteins and cargo are recruited to the nascent clathrin-coated pit,Pathway Location,
PL04415,Cargo recognition for clathrin-mediated endocytosis > ARBB recruits GPCRs into clathrin-coated pits [INHIBITION],Pathway Location,
PL04422,Cargo recognition for clathrin-mediated endocytosis > NEDD8-STON binds TOR1 hexamer and COP9 complex,Pathway Location,
PL04424,Cargo recognition for clathrin-mediated endocytosis > COP9 and TOR1 deneddylate STON2 [ACTIVATION],Pathway Location,
R-HSA-983169,Class I MHC mediated antigen processing & presentation,Pathway,0.0015319638358692
PL01597,Antigen processing-Cross presentation > ER-Phagosome pathway > Egress of internalized antigen to the cytosol via sec61 [ACTIVATION],Pathway Location,
R-HSA-3928662,EPHB-mediated forward signaling,Pathway,0.001747657723606
PL17724,N-WASP binds ARP2/3 and G-actin,Pathway Location,
PL17738,N-WASP binds ITSN1,Pathway Location,
PL17739,"CDC42 and PIP2 bind WASL, activating it",Pathway Location,
PL17740,"ITSN1 exchanges GTP for GDP on CDC42, activating it [ACTIVATION]",Pathway Location,
PL17741,EPHB binds ITSN1,Pathway Location,
R-HSA-112316,Neuronal System,Pathway,0.0017706041481428
PL07603,Potassium Channels > Voltage gated Potassium channels > Activation of voltage gated Potassium channels [ACTIVATION],Pathway Location,
PL07605,Protein-protein interactions at synapses > Neurexins and neuroligins > NRXNs bind  SYTs,Pathway Location,
PL07637,Transmission across Electrical Synapses > Electric Transmission Across Gap Junctions > Connexin 45/Connexin 36 mediated neuronal gap junction communication [ACTIVATION],Pathway Location,
PL07652,Potassium Channels > Inwardly rectifying K+ channels > Classical Kir channels > Activation of classical Kir channels [ACTIVATION],Pathway Location,
PL07775,Transmission across Chemical Synapses > Neurotransmitter receptors and postsynaptic signal transmission > GABA receptor activation > GABA B receptor activation > Activation of GABAB receptors > Adenylate cyclase inhibitory pathway > Adenylate cyclase increases the GTPase activity of G alpha-olf [ACTIVATION],Pathway Location,
PL07776,Transmission across Chemical Synapses > Neurotransmitter receptors and postsynaptic signal transmission > GABA receptor activation > GABA B receptor activation > Activation of GABAB receptors > Adenylate cyclase inhibitory pathway > Dissociation of the Gi alpha:G olf complex,Pathway Location,
PL07777,Transmission across Chemical Synapses > Neurotransmitter receptors and postsynaptic signal transmission > GABA receptor activation > GABA B receptor activation > Activation of GABAB receptors > Adenylate cyclase inhibitory pathway > G alpha-olf:GTP binds to Gi alpha1:GTP:adenylate cyclase complex,Pathway Location,
PL07778,Transmission across Chemical Synapses > Neurotransmitter receptors and postsynaptic signal transmission > GABA receptor activation > GABA B receptor activation > Activation of GABAB receptors > Adenylate cyclase inhibitory pathway > G alpha (i) inhibits adenylate cyclase,Pathway Location,
PL07779,Transmission across Chemical Synapses > Neurotransmitter receptors and postsynaptic signal transmission > GABA receptor activation > GABA B receptor activation > Activation of GABAB receptors > Adenylate cyclase inhibitory pathway > Adenylate cyclase increases the GTPase activity of Gi alpha [ACTIVATION],Pathway Location,
R-HSA-5673001,RAF/MAP kinase cascade,Pathway,0.0017706041481428
PL01465,Regulation of RAS by GAPs > KBTBD7:CUL3:RBX1 ubiquitinates NF1 [ACTIVATION],Pathway Location,
PL01492,Negative regulation of MAPK pathway > Cytosolic DUSPs dephosphorylate MAPKs [ACTIVATION],Pathway Location,
PL01497,Negative regulation of MAPK pathway > PP5 dephosphorylates RAF1 S338 [ACTIVATION],Pathway Location,
PL01513,Negative regulation of MAPK pathway > Nuclear DUSPs dephosphorylate MAPKs [ACTIVATION],Pathway Location,
R-HSA-5684996,ERK1/ERK2 pathway,Pathway,0.0017706041481428
PL09128,RAF/MAP kinase cascade > Regulation of RAS by GAPs > KBTBD7:CUL3:RBX1 ubiquitinates NF1 [ACTIVATION],Pathway Location,
PL09156,RAF-independent MAPK1/3 activation > Cytosolic DUSPs dephosphorylate MAPKs [ACTIVATION],Pathway Location,
PL09157,RAF/MAP kinase cascade > Negative regulation of MAPK pathway > Cytosolic DUSPs dephosphorylate MAPKs [ACTIVATION],Pathway Location,
PL09158,RAF-independent MAPK1/3 activation > Nuclear DUSPs dephosphorylate MAPKs [ACTIVATION],Pathway Location,
PL09159,RAF/MAP kinase cascade > Negative regulation of MAPK pathway > Nuclear DUSPs dephosphorylate MAPKs [ACTIVATION],Pathway Location,
PL09166,RAF/MAP kinase cascade > Negative regulation of MAPK pathway > PP5 dephosphorylates RAF1 S338 [ACTIVATION],Pathway Location,
R-HSA-9844594,Transcriptional regulation of brown and beige adipocyte differentiation by EBF2,Pathway,0.0020005942132904
PL12311,ZNF423 recruits NuRD to EBF2 target genes,Pathway Location,
PL00017,INHIBITION,Pathway Location,
PL12312,PPARA gene expression is stimulated by EBF2 and PPARG and repressed by ZNF423 and NuRD [INHIBITION],Pathway Location,
R-HSA-9843743,Transcriptional regulation of brown and beige adipocyte differentiation,Pathway,0.0020005942132904
PL08053,Transcriptional regulation of brown and beige adipocyte differentiation by EBF2 > ZNF423 recruits NuRD to EBF2 target genes,Pathway Location,
PL08054,Transcriptional regulation of brown and beige adipocyte differentiation by EBF2 > INHIBITION,Pathway Location,
PL08055,Transcriptional regulation of brown and beige adipocyte differentiation by EBF2 > PPARA gene expression is stimulated by EBF2 and PPARG and repressed by ZNF423 and NuRD [INHIBITION],Pathway Location,
R-HSA-8934593,Regulation of RUNX1 Expression and Activity,Pathway,0.0020087861781423
PL02728,miR-17 binds RUNX1 mRNA,Pathway Location,
PL02729,miR-20a binds RUNX1 mRNA,Pathway Location,
PL02730,miR-378 binds RUNX1 mRNA,Pathway Location,
PL02731,miR-27a binds RUNX1 mRNA,Pathway Location,
PL02732,miR-106a binds RUNX1 mRNA,Pathway Location,
R-HSA-1660499,Synthesis of PIPs at the plasma membrane,Pathway,0.0020087861781423
PL19081,PI3P is dephosphorylated to PI by SYNJ/MTMs at the plasma membrane [ACTIVATION],Pathway Location,
PL19082,"PI(3,5)P2 is dephosphorylated to PI5P by SYNJ/MTMs at the plasma membrane [ACTIVATION]",Pathway Location,
R-HSA-418990,Adherens junctions interactions,Pathway,0.0034491897978296
PL05395,Nectin/Necl  trans heterodimerization > Necl-1:Necl-2 trans heterodimer interaction,Pathway Location,
PL05397,Nectin/Necl  trans heterodimerization > Necl-2:Nectin 3 trans heterodimer interaction,Pathway Location,
PL05444,Regulation of Homotypic Cell-Cell Adhesion > Regulation of Expression and Function of Type II Classical Cadherins > Regulation of CDH11 Expression and Function > Regulation of CDH11 gene transcription > ACTIVATION,Pathway Location,
PL05447,Regulation of Homotypic Cell-Cell Adhesion > Regulation of Expression and Function of Type II Classical Cadherins > Regulation of CDH11 Expression and Function > Regulation of CDH11 gene transcription > ILF3 and HOXC8 bind CDH11 gene promoter,Pathway Location,
PL05448,Regulation of Homotypic Cell-Cell Adhesion > Regulation of Expression and Function of Type II Classical Cadherins > Regulation of CDH11 Expression and Function > Regulation of CDH11 gene transcription > HOXC8 binds CDH11 gene promoter,Pathway Location,
PL05449,Regulation of Homotypic Cell-Cell Adhesion > Regulation of Expression and Function of Type II Classical Cadherins > Regulation of CDH11 Expression and Function > Regulation of CDH11 gene transcription > ILF3 binds HOXC8,Pathway Location,
PL05450,Regulation of Homotypic Cell-Cell Adhesion > Regulation of Expression and Function of Type II Classical Cadherins > Regulation of CDH11 Expression and Function > Regulation of CDH11 gene transcription > CDH11 gene is transcribed into nascent CDH11 mRNA [ACTIVATION],Pathway Location,
PL05524,Regulation of Homotypic Cell-Cell Adhesion > Regulation of Expression and Function of Type II Classical Cadherins > Regulation of CDH11 Expression and Function > Regulation of CDH11 gene transcription > ZEB2 binds SP1,Pathway Location,
PL05525,Regulation of Homotypic Cell-Cell Adhesion > Regulation of Expression and Function of Type II Classical Cadherins > Regulation of CDH11 Expression and Function > Regulation of CDH11 gene transcription > ZEB2 and SP1 bind CDH11 gene promoter,Pathway Location,
PL05537,Regulation of Homotypic Cell-Cell Adhesion > Regulation of Expression and Function of Type I Classical Cadherins > Regulation of CDH1 Expression and Function > Regulation of CDH1 Gene Transcription > Negative Regulation of CDH1 Gene Transcription > ZEB2 represses CDH1 gene transcription [INHIBITION],Pathway Location,
PL05538,Regulation of Homotypic Cell-Cell Adhesion > Regulation of Expression and Function of Type I Classical Cadherins > Regulation of CDH1 Expression and Function > Regulation of CDH1 Gene Transcription > Negative Regulation of CDH1 Gene Transcription > ZEB2 binds CDH1 gene promoter,Pathway Location,
PL05539,Regulation of Homotypic Cell-Cell Adhesion > Regulation of Expression and Function of Type I Classical Cadherins > Regulation of CDH1 Expression and Function > Regulation of CDH1 Gene Transcription > Positive Regulation of CDH1 Gene Transcription > KLF4 binds CDH1 gene promoter [INHIBITION],Pathway Location,
R-HSA-6794362,Protein-protein interactions at synapses,Pathway,0.0040227083643978
PL12979,Neurexins and neuroligins > NRXNs bind  SYTs,Pathway Location,
R-HSA-6807070,PTEN Regulation,Pathway,0.0041818325708685
PL06994,Regulation of PTEN gene transcription > TP53 binds the PTEN promoter,Pathway Location,
PL06995,Regulation of PTEN gene transcription > ACTIVATION,Pathway Location,
PL06998,Regulation of PTEN gene transcription > INHIBITION,Pathway Location,
PL07005,Regulation of PTEN gene transcription > SALL4 recruits NuRD to PTEN gene,Pathway Location,
PL07015,Regulation of PTEN mRNA translation > miR-214 microRNA binds PTEN mRNA,Pathway Location,
PL07016,Regulation of PTEN mRNA translation > miR-21 nonendonucleolytic RISC binds PTEN mRNA,Pathway Location,
PL07017,Regulation of PTEN mRNA translation > INHIBITION,Pathway Location,
R-HSA-9013148,CDC42 GTPase cycle,Pathway,0.0057308228450991
PL17709,CDC42 GEFs activate CDC42 [ACTIVATION],Pathway Location,
R-HSA-1655829,Regulation of cholesterol biosynthesis by SREBP (SREBF),Pathway,0.0057813965686882
PL00095,Activation of gene expression by SREBF (SREBP) > Expression of Hydroxymethylglutaryl coenzyme A synthase (HMGCS1) [ACTIVATION],Pathway Location,
PL00096,"Activation of gene expression by SREBF (SREBP) > Expression of Farnesyldiphosphate Farnesyltransferase (FDFT1, Squalene Synthase) [ACTIVATION]",Pathway Location,
PL00097,Activation of gene expression by SREBF (SREBP) > Expression of Geranylgeranyl Pyrophosphate Synthase (GGPS1) [ACTIVATION],Pathway Location,
PL00098,Activation of gene expression by SREBF (SREBP) > Expression of Phosphomevalonate Kinase (PMVK) [ACTIVATION],Pathway Location,
PL00100,Activation of gene expression by SREBF (SREBP) > Expression of Mevalonate Kinase (MVK) [ACTIVATION],Pathway Location,
PL00101,Activation of gene expression by SREBF (SREBP) > Expression of Fatty Acid Synthase (FASN) [ACTIVATION],Pathway Location,
PL00102,Activation of gene expression by SREBF (SREBP) > ACTIVATION,Pathway Location,
PL00105,Activation of gene expression by SREBF (SREBP) > Expression of 7-Dehydrocholesterol Reductase (DHCR7) [ACTIVATION],Pathway Location,
PL00108,Activation of gene expression by SREBF (SREBP) > Expression of Lanosterol Demethylase (CYP51A1) [ACTIVATION],Pathway Location,
PL00110,Activation of gene expression by SREBF (SREBP) > Expression of TM7SF2 [ACTIVATION],Pathway Location,
PL00111,"Activation of gene expression by SREBF (SREBP) > Expression of Lathosterol Oxidase (SC5D, SC5DL) [ACTIVATION]",Pathway Location,
PL00112,"Activation of gene expression by SREBF (SREBP) > Expression of Glycerol-3-phosphate Acyltransferase (GPAM, GPAT) [ACTIVATION]",Pathway Location,
PL00113,Activation of gene expression by SREBF (SREBP) > Expression of Squalene Monooxygenase (SQLE) [ACTIVATION],Pathway Location,
PL00114,"Activation of gene expression by SREBF (SREBP) > SREBP1A,1C,2 binds the FDFT1 promoter",Pathway Location,
PL00115,"Activation of gene expression by SREBF (SREBP) > SREBP1A,2 binds the CYP51A1 promoter",Pathway Location,
PL00116,"Activation of gene expression by SREBF (SREBP) > SREBP1A,2 binds the DHCR7 promoter",Pathway Location,
PL00117,"Activation of gene expression by SREBF (SREBP) > SREBP1A,1C binds the FASN promoter",Pathway Location,
PL00118,"Activation of gene expression by SREBF (SREBP) > SREBP1A,2 binds the GGPS1 promoter",Pathway Location,
PL00119,"Activation of gene expression by SREBF (SREBP) > SREBP1A,2 binds the IDI1 promoter",Pathway Location,
PL00121,"Activation of gene expression by SREBF (SREBP) > SREBP1A,2 binds the MVK promoter",Pathway Location,
PL00122,"Activation of gene expression by SREBF (SREBP) > SREBP1A,2 binds the PMVK promoter",Pathway Location,
PL00123,Activation of gene expression by SREBF (SREBP) > Expression of Isopentenyl-diphosphate Delta-isomerase 1 (IDI1) [ACTIVATION],Pathway Location,
PL00124,"Activation of gene expression by SREBF (SREBP) > SREBP1A,1C binds the GPAM promoter",Pathway Location,
PL00125,"Activation of gene expression by SREBF (SREBP) > SREBP1A,1C,2 binds the TM7SF2 promoter",Pathway Location,
PL00126,"Activation of gene expression by SREBF (SREBP) > SREBP1A,1C,2 binds the HMGCS1 promoter",Pathway Location,
PL00127,"Activation of gene expression by SREBF (SREBP) > SREBP1A,2 binds the SQLE promoter",Pathway Location,
PL00128,"Activation of gene expression by SREBF (SREBP) > SREBP1A,2 binds the HMGCR promoter",Pathway Location,
PL00129,"Activation of gene expression by SREBF (SREBP) > SREBP1A,1C,2 binds the FDPS promoter",Pathway Location,
PL00130,"Activation of gene expression by SREBF (SREBP) > SREBP1A,2 binds the SC5DL promoter",Pathway Location,
PL00131,Activation of gene expression by SREBF (SREBP) > Expression of Farnesyl Diphosphate Synthase (FDPS) [ACTIVATION],Pathway Location,
R-HSA-1538133,G0 and Early G1,Pathway,0.0061973412004716
PL12341,Recruitment of HDAC1 by p130 (RBL2),Pathway Location,
PL12344,p130 (RBL2) in complex with E2F4/5:DP1/2 binds to cyclin E/A:CDK2,Pathway Location,
PL12350,Transcription of E2F targets under negative control by DREAM complex > ACTIVATION,Pathway Location,
PL12355,Transcription of E2F targets under negative control by DREAM complex > CDC6 gene expression is stimulated by E2F1 and repressed by the DREAM complex [INHIBITION],Pathway Location,
PL12356,Transcription of E2F targets under negative control by DREAM complex > RBL1 gene expression is repressed by the DREAM complex [INHIBITION],Pathway Location,
PL12357,Transcription of E2F targets under negative control by DREAM complex > TOP2A gene gene expression is repressed by the DREAM complex [INHIBITION],Pathway Location,
PL12358,p130 (RBL2) associates with MuvB to form DREAM complex,Pathway Location,
PL12359,Transcription of E2F targets under negative control by p107 (RBL1) and p130 (RBL2) in complex with HDAC1 > INHIBITION,Pathway Location,
PL12360,Transcription of E2F targets under negative control by DREAM complex > INHIBITION,Pathway Location,
PL12361,Transcription of E2F targets under negative control by DREAM complex > DREAM complex binds the RBL1 gene promoter,Pathway Location,
PL12362,Transcription of E2F targets under negative control by DREAM complex > DREAM complex binds the E2F1 gene promoter,Pathway Location,
PL12363,Transcription of E2F targets under negative control by DREAM complex > DREAM complex binds the TOP2A gene promoter,Pathway Location,
PL12364,Transcription of E2F targets under negative control by DREAM complex > DREAM complex binds the CDC6 gene promoter,Pathway Location,
PL12365,Transcription of E2F targets under negative control by DREAM complex > DREAM complex binds the CDC25A gene promoter,Pathway Location,
PL12366,Transcription of E2F targets under negative control by DREAM complex > DREAM complex binds the PCNA gene promoter,Pathway Location,
R-HSA-6811442,Intra-Golgi and retrograde Golgi-to-ER traffic,Pathway,0.0064943637406481
PL05715,Intra-Golgi traffic > The COG complex and CUX1 and GOLGA5 dimers contribute to intra-Golgi vesicle tethering [ACTIVATION],Pathway Location,
PL05716,Intra-Golgi traffic > Formation of cis-SNARE complex and membrane fusion in intra-Golgi retrograde traffic,Pathway Location,
PL05721,Intra-Golgi traffic > The COG tethering complex interacts with numerous SNAREs at the Golgi membrane,Pathway Location,
PL05723,Intra-Golgi traffic > NSF and SNAPs bind the cis-SNARE at the Golgi,Pathway Location,
PL05724,Intra-Golgi traffic > ATP hydrolysis by NSF disassembles the cis-SNARE at the Golgi membrane [ACTIVATION],Pathway Location,
PL05737,Golgi-to-ER retrograde transport > COPI-independent Golgi-to-ER retrograde traffic > Dynein drives COPI-independent retrograde traffic from the Golgi to the ER [ACTIVATION],Pathway Location,
PL05739,Golgi-to-ER retrograde transport > COPI-independent Golgi-to-ER retrograde traffic > RAB6:GTP displaces PAFAH1B1 from dynein:dynactin complex,Pathway Location,
R-HSA-8953750,Transcriptional Regulation by E2F6,Pathway,0.0074853971365505
PL08717,CBX3 and PRC1.6 associate with E2F6.com-1,Pathway Location,
PL08718,E2F6.com-1 complex binds the E2F1 gene promoter,Pathway Location,
PL08719,CBX5 gene expression is inhibited by E2F6 [INHIBITION],Pathway Location,
PL08728,EHMT1:EHMT2 complex binds E2F6.com-1 core,Pathway Location,
PL08729,E2F6:TFDP1 binds to MGA:MAX,Pathway Location,
R-HSA-2173793,Transcriptional activity of SMAD2/SMAD3:SMAD4 heterotrimer,Pathway,0.0074853971365505
PL05007,SMAD2/SMAD3:SMAD4 heterotrimer regulates transcription > MYC trancscription is negatively regulated by SMAD2/3:SMAD4:RBL1:E2F4/5:DP1/2 complex [INHIBITION],Pathway Location,
PL05023,"SMAD2/SMAD3:SMAD4 heterotrimer regulates transcription > p-2S-SMAD2,3:SMAD4:RBL1:E2F4,5:DP1,2 binds MYC gene promoter",Pathway Location,
PL05024,"SMAD2/SMAD3:SMAD4 heterotrimer regulates transcription > SMAD2/3:SMAD4 heterotrimer forms a complex with RBL1, E2F4/5 and DP1/2",Pathway Location,
R-HSA-2682334,EPH-Ephrin signaling,Pathway,0.0077900032742295
PL05774,EPHB-mediated forward signaling > N-WASP binds ARP2/3 and G-actin,Pathway Location,
PL05786,EPHB-mediated forward signaling > N-WASP binds ITSN1,Pathway Location,
PL05787,"EPHB-mediated forward signaling > CDC42 and PIP2 bind WASL, activating it",Pathway Location,
PL05788,"EPHB-mediated forward signaling > ITSN1 exchanges GTP for GDP on CDC42, activating it [ACTIVATION]",Pathway Location,
PL05789,EPHB-mediated forward signaling > EPHB binds ITSN1,Pathway Location,
R-HSA-73857,RNA Polymerase II Transcription,Pathway,0.0082299693553682
PL15276,RNA polymerase II transcribes snRNA genes > ACTIVATION,Pathway Location,
PL15277,RNA polymerase II transcribes snRNA genes > CBCAP complex binds 7-methylguanosine cap of snRNA,Pathway Location,
PL15278,RNA polymerase II transcribes snRNA genes > Integrator complex processes the 3' end of snRNA [ACTIVATION],Pathway Location,
PL15279,RNA polymerase II transcribes snRNA genes > Pre-snRNA is elongated and capped with 7-methylguanosine [ACTIVATION],Pathway Location,
PL15280,RNA polymerase II transcribes snRNA genes > Dephosphorylation and dissociation of RNA polymerase II at 3' end of snRNA gene,Pathway Location,
PL15281,RNA polymerase II transcribes snRNA genes > RPAP2 binds RNA polymerase II phosphorylated at serine-7 residues of heptad repeats in the C-terminal domain,Pathway Location,
PL15282,"RNA polymerase II transcribes snRNA genes > Pre-snRNA transcript initiation, Integrator binding, LEC binding [ACTIVATION]",Pathway Location,
PL15284,RNA polymerase II transcribes snRNA genes > General transcription factors bind SNAPc:POU2F1:ZNF143:snRNA gene,Pathway Location,
PL15285,"RNA polymerase II transcribes snRNA genes > RNA polymerase II binds TBP:TFIIB:TFIIA:TFIIE:TFIIF:snTAFc:CDK7:SNAPc:POU2F1:ZNF143:RNU1-1,RNU2-1 gene",Pathway Location,
PL15286,RNA polymerase II transcribes snRNA genes > CDK7 phosphorylates serine-5 and serine-7 of heptad repeats in C-terminal domain of RNA polymerase II at snRNA promoter [ACTIVATION],Pathway Location,
PL15288,Generic Transcription Pathway > KRAB-ZNF / KAP Interaction,Pathway Location,
PL15292,RNA Polymerase II Transcription Initiation And Promoter Clearance > RNA Polymerase II Promoter Opening: First Transition [ACTIVATION],Pathway Location,
PL15294,RNA Polymerase II Pre-transcription Events > Fall Back to Closed Pre-initiation Complex,Pathway Location,
PL15295,RNA Polymerase II Pre-transcription Events > Abortive Initiation Before Second Transition,Pathway Location,
PL15296,RNA Polymerase II Pre-transcription Events > Abortive initiation after formation of the first phosphodiester bond,Pathway Location,
PL15297,RNA Polymerase II Transcription Pre-Initiation And Promoter Opening > Binding of TFIIE to the growing preinitiation complex,Pathway Location,
PL15298,RNA Polymerase II Transcription Pre-Initiation And Promoter Opening > Formation of the closed pre-initiation complex,Pathway Location,
PL15299,RNA Polymerase II Transcription Initiation And Promoter Clearance > RNA Polymerase II Promoter Escape > Addition of Nucleotides 5 through 9 on the growing Transcript [ACTIVATION],Pathway Location,
PL15300,RNA Polymerase II Transcription Initiation And Promoter Clearance > RNA Polymerase II Promoter Escape > Unwinding DNA for the nascent transcript [ACTIVATION],Pathway Location,
PL15301,RNA Polymerase II Transcription Initiation And Promoter Clearance > RNA Polymerase II Promoter Escape > Addition of the fourth nucleotide on the Nascent Transcript: Second Transition [ACTIVATION],Pathway Location,
PL15302,RNA Polymerase II Transcription Initiation And Promoter Clearance > RNA Polymerase II Promoter Escape > Unwinding of DNA for the Nascent Transcript: Second Transition [ACTIVATION],Pathway Location,
PL15303,RNA Polymerase II Transcription Initiation And Promoter Clearance > RNA Polymerase II Promoter Escape > Addition of the third nucleotide on the nascent transcript [ACTIVATION],Pathway Location,
PL15304,RNA Polymerase II Transcription Initiation And Promoter Clearance > RNA Polymerase II Transcription Initiation > NTP Binds Active Site of RNA Polymerase II,Pathway Location,
PL15305,RNA Polymerase II Transcription Initiation And Promoter Clearance > RNA Polymerase II Transcription Initiation > Nucleophillic Attack by 3'-hydroxyl Oxygen of nascent transcript on the Alpha Phosphate of NTP,Pathway Location,
PL15306,RNA Polymerase II Transcription Initiation And Promoter Clearance > RNA Polymerase II Transcription Initiation > Newly Formed Phosphodiester Bond Stabilized and PPi Released,Pathway Location,
PL15307,RNA Polymerase II Transcription Pre-Initiation And Promoter Opening > Recruitment of RNA Polymerase II Holoenzyme by TFIIF to the pol II promoter:TFIID:TFIIA:TFIIB complex,Pathway Location,
PL15308,RNA Polymerase II Transcription Pre-Initiation And Promoter Opening > Binding of TFIIA and TFIIB to the pol II promoter:TFIID complex,Pathway Location,
PL15329,Generic Transcription Pathway > Transcriptional Regulation by E2F6 > UXT gene expression is repressed by the PRC1L4 complex [INHIBITION],Pathway Location,
PL15330,Generic Transcription Pathway > Transcriptional Regulation by E2F6 > CBX3 and PRC1.6 associate with E2F6.com-1,Pathway Location,
PL15331,Generic Transcription Pathway > Transcriptional Regulation by E2F6 > E2F6.com-1 complex binds the E2F1 gene promoter,Pathway Location,
PL15332,Generic Transcription Pathway > Transcriptional Regulation by E2F6 > CBX5 gene expression is inhibited by E2F6 [INHIBITION],Pathway Location,
PL15336,Generic Transcription Pathway > Transcriptional Regulation by E2F6 > E2F6:TFDP1 binds to MGA:MAX,Pathway Location,
PL15337,Generic Transcription Pathway > Transcriptional Regulation by E2F6 > EHMT1:EHMT2 complex binds E2F6.com-1 core,Pathway Location,
PL15338,Generic Transcription Pathway > Transcriptional Regulation by E2F6 > E2F6 binds the PRC1 complex,Pathway Location,
PL15340,Generic Transcription Pathway > Transcriptional Regulation by E2F6 > CDC7 gene expression is repressed by the PRC1L4 complex [INHIBITION],Pathway Location,
PL15342,Generic Transcription Pathway > Transcriptional Regulation by E2F6 > The PRC1L4 complex binds the UXT gene promoter,Pathway Location,
PL15343,Generic Transcription Pathway > Transcriptional Regulation by E2F6 > The PRC1L4 complex binds the CDC7 gene promoter,Pathway Location,
PL15344,Generic Transcription Pathway > Transcriptional Regulation by E2F6 > E2F6 forms the PRC1L4 complex,Pathway Location,
PL15347,Generic Transcription Pathway > Nuclear Receptor transcription pathway > Formation of NR-NCOR Corepressor Complex,Pathway Location,
PL15348,Generic Transcription Pathway > Nuclear Receptor transcription pathway > Formation of NR-MED1 Coactivator Complex,Pathway Location,
PL15358,Generic Transcription Pathway > Transcriptional Regulation by VENTX > Translation of p16INK4A mRNA is inhibited by miR-24 [INHIBITION],Pathway Location,
PL15362,Generic Transcription Pathway > Transcriptional Regulation by VENTX > Regulation of IL6 transcription [ACTIVATION],Pathway Location,
PL15365,Generic Transcription Pathway > Transcriptional Regulation by VENTX > VENTX stimulates TP53 gene expression [ACTIVATION],Pathway Location,
PL15371,"Generic Transcription Pathway > Transcriptional Regulation by VENTX > Expression of CCND1 is stimulated by CTNNB1:TCF4,LEF1 and inhibited by VENTX:TCF4,LEF1 [INHIBITION]",Pathway Location,
PL15377,Generic Transcription Pathway > Transcriptional regulation by RUNX2 > CDK4 phosphorylates RUNX2 [ACTIVATION],Pathway Location,
PL15380,Generic Transcription Pathway > YAP1- and WWTR1 (TAZ)-stimulated gene expression > Expression of NPPA (ANF) [ACTIVATION],Pathway Location,
PL15393,"Generic Transcription Pathway > FOXO-mediated transcription > FOXO-mediated transcription of oxidative stress, metabolic and neuronal genes > PLXNA4 gene expression is stimulated by FOXO6 [ACTIVATION]",Pathway Location,
PL15429,"Generic Transcription Pathway > FOXO-mediated transcription > FOXO-mediated transcription of cell death genes > BBC3 gene expression is stimulated by FOXO3,(FOXO1) [ACTIVATION]",Pathway Location,
PL15432,"Generic Transcription Pathway > FOXO-mediated transcription > FOXO-mediated transcription of cell death genes > FOXO1,FOXO3,(FOXO4) bind BCL2L11 gene promoter",Pathway Location,
PL15433,Generic Transcription Pathway > FOXO-mediated transcription > FOXO-mediated transcription of cell death genes > ACTIVATION,Pathway Location,
PL15434,"Generic Transcription Pathway > FOXO-mediated transcription > FOXO-mediated transcription of cell death genes > NF-Y and CREBBP,EP300 constitutively bind BCL2L11 gene promoter",Pathway Location,
PL15475,Generic Transcription Pathway > Transcriptional regulation by RUNX1 > Regulation of RUNX1 Expression and Activity > CBFB binds RUNX1 [INHIBITION],Pathway Location,
PL15476,"Generic Transcription Pathway > Transcriptional regulation by RUNX1 > Regulation of RUNX1 Expression and Activity > CCND3,(CCND1,CCND2) binds RUNX1",Pathway Location,
PL15481,Generic Transcription Pathway > Transcriptional regulation by RUNX1 > RUNX1 regulates transcription of genes involved in differentiation of keratinocytes > SOCS4 gene expression is inhibited by RUNX1 [INHIBITION],Pathway Location,
PL15483,Generic Transcription Pathway > Transcriptional regulation by RUNX1 > RUNX1 interacts with co-factors whose precise effect on RUNX1 targets is not known > HIPK2 phosphorylates RUNX1 [ACTIVATION],Pathway Location,
PL15484,Generic Transcription Pathway > Transcriptional regulation by RUNX1 > RUNX1 interacts with co-factors whose precise effect on RUNX1 targets is not known > HIPK2 phosphorylates RUNX1 and EP300 [ACTIVATION],Pathway Location,
PL15507,Generic Transcription Pathway > Transcriptional regulation by RUNX1 > RUNX1 regulates expression of components of tight junctions > OCLN (Occludin) gene expression is stimulated by RUNX1 [ACTIVATION],Pathway Location,
PL15525,"Generic Transcription Pathway > Transcriptional regulation by RUNX1 > RUNX1 regulates genes involved in megakaryocyte differentiation and platelet function > MIR27A gene transcription is stimulated by the complex containing RUNX1, PRMT1 and GATA1 and inhibited by the complex of RUNX1, SIN3A and PRMT6 [INHIBITION]",Pathway Location,
PL15526,Generic Transcription Pathway > Transcriptional Regulation by VENTX > miR-24 binds p16INK4A and p14ARF mRNAs,Pathway Location,
PL15527,Generic Transcription Pathway > Transcriptional regulation by RUNX1 > Regulation of RUNX1 Expression and Activity > miR-17 binds RUNX1 mRNA,Pathway Location,
PL15528,Generic Transcription Pathway > Transcriptional regulation by RUNX1 > Regulation of RUNX1 Expression and Activity > miR-20a binds RUNX1 mRNA,Pathway Location,
PL15529,Generic Transcription Pathway > Transcriptional regulation by RUNX1 > Regulation of RUNX1 Expression and Activity > miR-378 binds RUNX1 mRNA,Pathway Location,
PL15530,Generic Transcription Pathway > Transcriptional regulation by RUNX1 > Regulation of RUNX1 Expression and Activity > INHIBITION,Pathway Location,
PL15531,Generic Transcription Pathway > Transcriptional regulation by RUNX1 > Regulation of RUNX1 Expression and Activity > miR-27a binds RUNX1 mRNA,Pathway Location,
PL15532,Generic Transcription Pathway > Transcriptional regulation by RUNX1 > Regulation of RUNX1 Expression and Activity > miR-106a binds RUNX1 mRNA,Pathway Location,
PL15597,"Generic Transcription Pathway > Transcriptional regulation by RUNX3 > RUNX3 regulates WNT signaling > Expression of CCND1 is stimulated by CTNNB1:TCF4,LEF1 [ACTIVATION]",Pathway Location,
PL15623,Generic Transcription Pathway > Transcriptional regulation by RUNX3 > RUNX3 regulates p14-ARF > HDAC4 deacetylates RUNX3 [ACTIVATION],Pathway Location,
PL15624,Generic Transcription Pathway > Transcriptional regulation by RUNX3 > RUNX3 regulates p14-ARF > CCND1 recruits HDAC4 to RUNX3,Pathway Location,
PL15625,Generic Transcription Pathway > Transcriptional regulation by RUNX3 > RUNX3 regulates p14-ARF > CCND1 binds RUNX3 and displaces EP300,Pathway Location,
PL15639,Generic Transcription Pathway > Transcriptional regulation by RUNX3 > RUNX3 regulates CDKN1A transcription > RUNX3 binds TP53,Pathway Location,
PL15677,Generic Transcription Pathway > Transcriptional Regulation by MECP2 > Regulation of MECP2 expression and activity > HIPK2 phosphorylates MECP2 [ACTIVATION],Pathway Location,
PL15709,Generic Transcription Pathway > Transcriptional Regulation by TP53 > TP53 Regulates Metabolic Genes > TP53 stimulates GLS2 transcription [ACTIVATION],Pathway Location,
PL15713,Generic Transcription Pathway > Transcriptional Regulation by TP53 > TP53 Regulates Metabolic Genes > TP53 stimulates TIGAR expression [ACTIVATION],Pathway Location,
PL15717,Generic Transcription Pathway > Transcriptional Regulation by TP53 > TP53 Regulates Metabolic Genes > TP53 stimulates SCO2 gene transcription [ACTIVATION],Pathway Location,
PL15718,Generic Transcription Pathway > Transcriptional Regulation by TP53 > TP53 Regulates Metabolic Genes > TP53 stimulates transcription of RRM2B gene [ACTIVATION],Pathway Location,
PL15729,Generic Transcription Pathway > Transcriptional Regulation by TP53 > TP53 Regulates Metabolic Genes > RHEB in mTORC1:RHEB:GTP hydrolyses GTP [ACTIVATION],Pathway Location,
PL15754,Generic Transcription Pathway > Transcriptional regulation by RUNX2 > Regulation of RUNX2 expression and activity > SCF(SKP2) polyubiquitinates RUNX2 [ACTIVATION],Pathway Location,
PL15764,Generic Transcription Pathway > Transcriptional regulation by RUNX2 > Regulation of RUNX2 expression and activity > SCF(SKP2) complex binds RUNX2,Pathway Location,
PL15773,Generic Transcription Pathway > Transcriptional regulation by RUNX2 > Regulation of RUNX2 expression and activity > INHIBITION,Pathway Location,
PL15774,Generic Transcription Pathway > Transcriptional regulation by RUNX2 > Regulation of RUNX2 expression and activity > ESRRA:PPARG1CB binds the RUNX2 gene promoter,Pathway Location,
PL15829,Generic Transcription Pathway > Transcriptional regulation by the AP-2 (TFAP2) family of transcription factors > TFAP2 (AP-2) family regulates transcription of growth factors and their receptors > ATAD2 binds ESR1,Pathway Location,
PL15832,"Generic Transcription Pathway > Transcriptional regulation by the AP-2 (TFAP2) family of transcription factors > TFAP2 (AP-2) family regulates transcription of growth factors and their receptors > TFAP2A,(TFAP2B,TFAP2C) homo- and heterodimers bind the ERBB2 gene promoter and recruit YY1",Pathway Location,
PL15833,"Generic Transcription Pathway > Transcriptional regulation by the AP-2 (TFAP2) family of transcription factors > TFAP2 (AP-2) family regulates transcription of growth factors and their receptors > TFAP2A,(TFAP2B,TFAP2C) homo- and heterodimers and YY1 stimulate ERBB2 gene expression [ACTIVATION]",Pathway Location,
PL15845,Generic Transcription Pathway > Transcriptional regulation by the AP-2 (TFAP2) family of transcription factors > Negative regulation of activity of TFAP2 (AP-2) family transcription factors > SUMOylation of TFAP2A with SUMO1 [ACTIVATION],Pathway Location,
PL15846,Generic Transcription Pathway > Transcriptional regulation by the AP-2 (TFAP2) family of transcription factors > Negative regulation of activity of TFAP2 (AP-2) family transcription factors > SUMOylation of TFAP2B with SUMO1 [ACTIVATION],Pathway Location,
PL15847,Generic Transcription Pathway > Transcriptional regulation by the AP-2 (TFAP2) family of transcription factors > Negative regulation of activity of TFAP2 (AP-2) family transcription factors > SUMOylation of TFAP2C with SUMO1 [ACTIVATION],Pathway Location,
PL15848,Generic Transcription Pathway > Transcriptional regulation by the AP-2 (TFAP2) family of transcription factors > Negative regulation of activity of TFAP2 (AP-2) family transcription factors > KCTD15 binds TFAP2 homo- and heterodimers,Pathway Location,
PL15849,Generic Transcription Pathway > Transcriptional regulation by the AP-2 (TFAP2) family of transcription factors > Negative regulation of activity of TFAP2 (AP-2) family transcription factors > KCTD1 binds TFAP2 homo- and heterodimers,Pathway Location,
PL15850,Generic Transcription Pathway > Transcriptional regulation by the AP-2 (TFAP2) family of transcription factors > Activation of the TFAP2 (AP-2) family of transcription factors > AP-2 (TFAP2) transcription factors form homo- and heterodimers,Pathway Location,
PL15851,Generic Transcription Pathway > Transcriptional regulation by the AP-2 (TFAP2) family of transcription factors > Activation of the TFAP2 (AP-2) family of transcription factors > TFAP2 homo- and heterodimers bind CITED and EP300/CREBBP,Pathway Location,
PL15854,Generic Transcription Pathway > Transcriptional regulation by the AP-2 (TFAP2) family of transcription factors > Activation of the TFAP2 (AP-2) family of transcription factors > TFAP2B homodimer binds YEATS4,Pathway Location,
PL15889,Generic Transcription Pathway > Transcriptional activity of SMAD2/SMAD3:SMAD4 heterotrimer > SMAD2/SMAD3:SMAD4 heterotrimer regulates transcription > MYC trancscription is negatively regulated by SMAD2/3:SMAD4:RBL1:E2F4/5:DP1/2 complex [INHIBITION],Pathway Location,
PL15901,"Generic Transcription Pathway > Transcriptional activity of SMAD2/SMAD3:SMAD4 heterotrimer > SMAD2/SMAD3:SMAD4 heterotrimer regulates transcription > p-2S-SMAD2,3:SMAD4:RBL1:E2F4,5:DP1,2 binds MYC gene promoter",Pathway Location,
PL15902,"Generic Transcription Pathway > Transcriptional activity of SMAD2/SMAD3:SMAD4 heterotrimer > SMAD2/SMAD3:SMAD4 heterotrimer regulates transcription > SMAD2/3:SMAD4 heterotrimer forms a complex with RBL1, E2F4/5 and DP1/2",Pathway Location,
PL15961,Generic Transcription Pathway > Transcriptional Regulation by TP53 > Regulation of TP53 Activity > Regulation of TP53 Activity through Phosphorylation > CDK5 phosphorylates TP53 [ACTIVATION],Pathway Location,
PL15962,Generic Transcription Pathway > Transcriptional Regulation by TP53 > Regulation of TP53 Activity > Regulation of TP53 Activity through Phosphorylation > MAPKAPK5 phosphorylates TP53 [ACTIVATION],Pathway Location,
PL15965,Generic Transcription Pathway > Transcriptional Regulation by TP53 > Regulation of TP53 Activity > Regulation of TP53 Activity through Phosphorylation > AMPK phosphorylates TP53 [ACTIVATION],Pathway Location,
PL15966,RNA Polymerase II Transcription Pre-Initiation And Promoter Opening > Recognition and Binding of Core Promoter Elements by TFIID,Pathway Location,
PL15967,Generic Transcription Pathway > Transcriptional Regulation by TP53 > Regulation of TP53 Activity > Regulation of TP53 Activity through Phosphorylation > TAF1 phosphorylates TP53 [ACTIVATION],Pathway Location,
PL15971,Generic Transcription Pathway > Transcriptional Regulation by TP53 > Regulation of TP53 Activity > Regulation of TP53 Activity through Phosphorylation > AURKA phosphorylates TP53 [ACTIVATION],Pathway Location,
PL15972,Generic Transcription Pathway > Transcriptional Regulation by TP53 > Regulation of TP53 Activity > Regulation of TP53 Activity through Phosphorylation > CDK2 phosphorylates TP53 [ACTIVATION],Pathway Location,
PL15982,Generic Transcription Pathway > Transcriptional Regulation by TP53 > Regulation of TP53 Activity > Regulation of TP53 Activity through Phosphorylation > TP53 binds HIPK1,Pathway Location,
PL15983,Generic Transcription Pathway > Transcriptional Regulation by TP53 > Regulation of TP53 Activity > Regulation of TP53 Activity through Phosphorylation > TP53 binds STK11 and NUAK1,Pathway Location,
PL15984,Generic Transcription Pathway > Transcriptional Regulation by TP53 > Regulation of TP53 Activity > Regulation of TP53 Activity through Phosphorylation > STK11 (LKB1) phosphorylates NUAK1 [ACTIVATION],Pathway Location,
PL15985,Generic Transcription Pathway > Transcriptional Regulation by TP53 > Regulation of TP53 Activity > Regulation of TP53 Activity through Phosphorylation > TP53RK phosphorylates TP53 [ACTIVATION],Pathway Location,
PL15988,Generic Transcription Pathway > Transcriptional Regulation by TP53 > Regulation of TP53 Activity > Regulation of TP53 Activity through Phosphorylation > ATR phosphorylates TP53 [ACTIVATION],Pathway Location,
PL15989,Generic Transcription Pathway > Transcriptional Regulation by TP53 > Regulation of TP53 Activity > Regulation of TP53 Activity through Phosphorylation > ATM phosphorylates TP53 at S15 [ACTIVATION],Pathway Location,
PL15991,Generic Transcription Pathway > Transcriptional Regulation by TP53 > Regulation of TP53 Activity > Regulation of TP53 Activity through Phosphorylation > NUAK1 phosphorylates TP53 [ACTIVATION],Pathway Location,
PL15996,Generic Transcription Pathway > Transcriptional Regulation by TP53 > Regulation of TP53 Activity > Regulation of TP53 Activity through Association with Co-factors > BANP binds TP53,Pathway Location,
PL16011,Generic Transcription Pathway > Transcriptional Regulation by TP53 > Regulation of TP53 Activity > Regulation of TP53 Activity through Methylation > ATM phosphorylates TTC5 [ACTIVATION],Pathway Location,
PL16018,Generic Transcription Pathway > Transcriptional Regulation by TP53 > Regulation of TP53 Activity > Regulation of TP53 Activity through Methylation > EHMT1:EHMT2 dimethylates TP53 [ACTIVATION],Pathway Location,
PL16061,Generic Transcription Pathway > Transcriptional Regulation by TP53 > TP53 Regulates Transcription of Cell Death Genes > TP53 Regulates Transcription of Genes Involved in Cytochrome C Release > TP53 stimulates BBC3 (PUMA) expression [ACTIVATION],Pathway Location,
PL16076,Generic Transcription Pathway > Transcriptional regulation by RUNX2 > RUNX2 regulates bone development > RUNX2 regulates osteoblast differentiation > RUNX2:MAF complex binds the BGLAP gene promoter [INHIBITION],Pathway Location,
PL16085,Generic Transcription Pathway > Transcriptional regulation by RUNX2 > RUNX2 regulates bone development > RUNX2 regulates osteoblast differentiation > ACTIVATION,Pathway Location,
PL16088,Generic Transcription Pathway > Transcriptional regulation by RUNX2 > RUNX2 regulates bone development > RUNX2 regulates osteoblast differentiation > RUNX2 binds to SATB2,Pathway Location,
PL16100,Generic Transcription Pathway > Transcriptional regulation by RUNX2 > RUNX2 regulates bone development > RUNX2 regulates osteoblast differentiation > RUNX2 binds MAF,Pathway Location,
PL16120,Generic Transcription Pathway > Transcriptional Regulation by TP53 > Regulation of TP53 Activity > Regulation of TP53 Expression and Degradation > Regulation of TP53 Expression > PRDM1 represses TP53 expression [INHIBITION],Pathway Location,
PL16125,Generic Transcription Pathway > Transcriptional Regulation by TP53 > Regulation of TP53 Activity > Regulation of TP53 Expression and Degradation > Regulation of TP53 Degradation > Phosphorylation of MDM4 by ATM [ACTIVATION],Pathway Location,
PL16131,Generic Transcription Pathway > Transcriptional Regulation by TP53 > Regulation of TP53 Activity > Regulation of TP53 Expression and Degradation > Regulation of TP53 Degradation > USP7 deubiquitinates TP53 and counteracts MDM2 [ACTIVATION],Pathway Location,
PL16174,Generic Transcription Pathway > Transcriptional Regulation by TP53 > Regulation of TP53 Activity > Regulation of TP53 Expression and Degradation > Regulation of TP53 Degradation > p14ARF forms a ternary complex with MDM2 and TP53,Pathway Location,
PL16176,Generic Transcription Pathway > Transcriptional Regulation by TP53 > Regulation of TP53 Activity > Regulation of TP53 Expression and Degradation > Regulation of TP53 Degradation > p14ARF sequesters MDM2,Pathway Location,
PL16177,Generic Transcription Pathway > Transcriptional Regulation by TP53 > Regulation of TP53 Activity > Regulation of TP53 Expression and Degradation > Regulation of TP53 Degradation > MDM2 binds TP53 [INHIBITION],Pathway Location,
PL16178,Generic Transcription Pathway > Transcriptional Regulation by TP53 > TP53 Regulates Metabolic Genes > TP53 binds the SCO2 gene,Pathway Location,
PL16179,Generic Transcription Pathway > Transcriptional Regulation by TP53 > TP53 Regulates Metabolic Genes > TP53 binds the TIGAR gene,Pathway Location,
PL16180,"Generic Transcription Pathway > Transcriptional Regulation by TP53 > TP53 Regulates Metabolic Genes > TP53 stimulates expression of SESN1,2,3 genes [ACTIVATION]",Pathway Location,
PL16181,Generic Transcription Pathway > Transcriptional Regulation by TP53 > TP53 Regulates Metabolic Genes > TP53 binds the RRM2B gene,Pathway Location,
PL16182,"Generic Transcription Pathway > Transcriptional Regulation by TP53 > TP53 Regulates Metabolic Genes > TP53 binds regulatory elements of SESN1,2,3 genes",Pathway Location,
PL16183,Generic Transcription Pathway > Transcriptional Regulation by TP53 > TP53 Regulates Metabolic Genes > PTEN gene transcription is stimulated by TP53 [ACTIVATION],Pathway Location,
PL16184,Generic Transcription Pathway > Transcriptional Regulation by TP53 > TP53 Regulates Metabolic Genes > TP53 binds the PTEN promoter,Pathway Location,
PL16185,Generic Transcription Pathway > Transcriptional Regulation by TP53 > TP53 Regulates Metabolic Genes > TP53 binds the GLS2 promoter,Pathway Location,
PL16186,Generic Transcription Pathway > Transcriptional Regulation by TP53 > Regulation of TP53 Activity > Regulation of TP53 Expression and Degradation > Regulation of TP53 Expression > TP53 forms homotetramers,Pathway Location,
PL16187,Generic Transcription Pathway > Transcriptional Regulation by TP53 > Regulation of TP53 Activity > Regulation of TP53 Expression and Degradation > Regulation of TP53 Degradation > TP53 binds the CCNG1 gene,Pathway Location,
PL16188,Generic Transcription Pathway > Transcriptional Regulation by TP53 > Regulation of TP53 Activity > Regulation of TP53 Expression and Degradation > Regulation of TP53 Degradation > MDM2 ubiquitinates TP53 [ACTIVATION],Pathway Location,
PL16189,Generic Transcription Pathway > Transcriptional Regulation by TP53 > Regulation of TP53 Activity > Regulation of TP53 Expression and Degradation > Regulation of TP53 Degradation > TP53 stimulates CCNG1 gene expression [ACTIVATION],Pathway Location,
PL16196,Generic Transcription Pathway > Transcriptional Regulation by TP53 > Regulation of TP53 Activity > Regulation of TP53 Expression and Degradation > Regulation of TP53 Degradation > MDM2 forms homo- or heterodimers [INHIBITION],Pathway Location,
R-HSA-9013149,RAC1 GTPase cycle,Pathway,0.0083006935579639
PL04217,RAC1 GEFs activate RAC1 [ACTIVATION],Pathway Location,
R-HSA-163685,Integration of energy metabolism,Pathway,0.0121173382017649
PL04295,Regulation of insulin secretion > INHIBITION,Pathway Location,
PL04348,"Regulation of insulin secretion > Adrenaline,noradrenaline inhibits insulin secretion > Alpha-2A,alpha-2C Adrenergic Receptors activate Gi.Go heterotrimeric G proteins [ACTIVATION]",Pathway Location,
PL04349,"Regulation of insulin secretion > Adrenaline,noradrenaline inhibits insulin secretion > Low conductance potassium channels in pancreatic beta cells open in response to epinephrine [ACTIVATION]",Pathway Location,
PL04350,"Regulation of insulin secretion > Adrenaline,noradrenaline inhibits insulin secretion > Gi,Go Heterotrimeric G-protein complex dissociates [ACTIVATION]",Pathway Location,
R-HSA-6804757,Regulation of TP53 Degradation,Pathway,0.0133850553570544
PL19103,Phosphorylation of MDM4 by ATM [ACTIVATION],Pathway Location,
PL19109,USP7 deubiquitinates TP53 and counteracts MDM2 [ACTIVATION],Pathway Location,
PL14237,p14ARF forms a ternary complex with MDM2 and TP53,Pathway Location,
PL14236,p14ARF sequesters MDM2,Pathway Location,
PL19116,MDM2 binds TP53 [INHIBITION],Pathway Location,
PL19117,TP53 binds the CCNG1 gene,Pathway Location,
PL14228,MDM2 ubiquitinates TP53 [ACTIVATION],Pathway Location,
PL19118,TP53 stimulates CCNG1 gene expression [ACTIVATION],Pathway Location,
PL19124,MDM2 forms homo- or heterodimers [INHIBITION],Pathway Location,
R-HSA-3700989,Transcriptional Regulation by TP53,Pathway,0.0134730395019691
PL03026,TP53 Regulates Metabolic Genes > TP53 stimulates GLS2 transcription [ACTIVATION],Pathway Location,
PL03030,TP53 Regulates Metabolic Genes > TP53 stimulates TIGAR expression [ACTIVATION],Pathway Location,
PL03034,TP53 Regulates Metabolic Genes > TP53 stimulates SCO2 gene transcription [ACTIVATION],Pathway Location,
PL03035,TP53 Regulates Metabolic Genes > TP53 stimulates transcription of RRM2B gene [ACTIVATION],Pathway Location,
PL03045,TP53 Regulates Metabolic Genes > RHEB in mTORC1:RHEB:GTP hydrolyses GTP [ACTIVATION],Pathway Location,
PL03090,Regulation of TP53 Activity > Regulation of TP53 Activity through Phosphorylation > CDK5 phosphorylates TP53 [ACTIVATION],Pathway Location,
PL03091,Regulation of TP53 Activity > Regulation of TP53 Activity through Phosphorylation > MAPKAPK5 phosphorylates TP53 [ACTIVATION],Pathway Location,
PL03094,Regulation of TP53 Activity > Regulation of TP53 Activity through Phosphorylation > AMPK phosphorylates TP53 [ACTIVATION],Pathway Location,
PL03095,Regulation of TP53 Activity > Regulation of TP53 Activity through Phosphorylation > TAF1 phosphorylates TP53 [ACTIVATION],Pathway Location,
PL03097,Regulation of TP53 Activity > Regulation of TP53 Activity through Phosphorylation > AURKA phosphorylates TP53 [ACTIVATION],Pathway Location,
PL03098,Regulation of TP53 Activity > Regulation of TP53 Activity through Phosphorylation > CDK2 phosphorylates TP53 [ACTIVATION],Pathway Location,
PL03107,Regulation of TP53 Activity > Regulation of TP53 Activity through Phosphorylation > TP53 binds HIPK1,Pathway Location,
PL03108,Regulation of TP53 Activity > Regulation of TP53 Activity through Phosphorylation > TP53 binds STK11 and NUAK1,Pathway Location,
PL03109,Regulation of TP53 Activity > Regulation of TP53 Activity through Phosphorylation > STK11 (LKB1) phosphorylates NUAK1 [ACTIVATION],Pathway Location,
PL03110,Regulation of TP53 Activity > Regulation of TP53 Activity through Phosphorylation > TP53RK phosphorylates TP53 [ACTIVATION],Pathway Location,
PL03113,Regulation of TP53 Activity > Regulation of TP53 Activity through Phosphorylation > ATR phosphorylates TP53 [ACTIVATION],Pathway Location,
PL03114,Regulation of TP53 Activity > Regulation of TP53 Activity through Phosphorylation > ATM phosphorylates TP53 at S15 [ACTIVATION],Pathway Location,
PL03116,Regulation of TP53 Activity > Regulation of TP53 Activity through Phosphorylation > NUAK1 phosphorylates TP53 [ACTIVATION],Pathway Location,
PL03121,Regulation of TP53 Activity > Regulation of TP53 Activity through Association with Co-factors > BANP binds TP53,Pathway Location,
PL03135,Regulation of TP53 Activity > Regulation of TP53 Activity through Methylation > ATM phosphorylates TTC5 [ACTIVATION],Pathway Location,
PL03142,Regulation of TP53 Activity > Regulation of TP53 Activity through Methylation > EHMT1:EHMT2 dimethylates TP53 [ACTIVATION],Pathway Location,
PL03184,TP53 Regulates Transcription of Cell Death Genes > TP53 Regulates Transcription of Genes Involved in Cytochrome C Release > TP53 stimulates BBC3 (PUMA) expression [ACTIVATION],Pathway Location,
PL03203,Regulation of TP53 Activity > Regulation of TP53 Expression and Degradation > Regulation of TP53 Expression > PRDM1 represses TP53 expression [INHIBITION],Pathway Location,
PL03208,Regulation of TP53 Activity > Regulation of TP53 Expression and Degradation > Regulation of TP53 Degradation > Phosphorylation of MDM4 by ATM [ACTIVATION],Pathway Location,
PL03214,Regulation of TP53 Activity > Regulation of TP53 Expression and Degradation > Regulation of TP53 Degradation > USP7 deubiquitinates TP53 and counteracts MDM2 [ACTIVATION],Pathway Location,
PL03256,Regulation of TP53 Activity > Regulation of TP53 Expression and Degradation > Regulation of TP53 Degradation > p14ARF forms a ternary complex with MDM2 and TP53,Pathway Location,
PL03258,Regulation of TP53 Activity > Regulation of TP53 Expression and Degradation > Regulation of TP53 Degradation > p14ARF sequesters MDM2,Pathway Location,
PL03259,Regulation of TP53 Activity > Regulation of TP53 Expression and Degradation > Regulation of TP53 Degradation > MDM2 binds TP53 [INHIBITION],Pathway Location,
PL03260,TP53 Regulates Metabolic Genes > TP53 binds the SCO2 gene,Pathway Location,
PL03261,TP53 Regulates Metabolic Genes > TP53 binds the TIGAR gene,Pathway Location,
PL03262,"TP53 Regulates Metabolic Genes > TP53 stimulates expression of SESN1,2,3 genes [ACTIVATION]",Pathway Location,
PL03263,TP53 Regulates Metabolic Genes > TP53 binds the RRM2B gene,Pathway Location,
PL03264,"TP53 Regulates Metabolic Genes > TP53 binds regulatory elements of SESN1,2,3 genes",Pathway Location,
PL03265,TP53 Regulates Metabolic Genes > PTEN gene transcription is stimulated by TP53 [ACTIVATION],Pathway Location,
PL03266,TP53 Regulates Metabolic Genes > TP53 binds the PTEN promoter,Pathway Location,
PL03267,TP53 Regulates Metabolic Genes > TP53 binds the GLS2 promoter,Pathway Location,
PL03268,Regulation of TP53 Activity > Regulation of TP53 Expression and Degradation > Regulation of TP53 Expression > TP53 forms homotetramers,Pathway Location,
PL03269,Regulation of TP53 Activity > Regulation of TP53 Expression and Degradation > Regulation of TP53 Degradation > TP53 binds the CCNG1 gene,Pathway Location,
PL03270,Regulation of TP53 Activity > Regulation of TP53 Expression and Degradation > Regulation of TP53 Degradation > MDM2 ubiquitinates TP53 [ACTIVATION],Pathway Location,
PL03271,Regulation of TP53 Activity > Regulation of TP53 Expression and Degradation > Regulation of TP53 Degradation > TP53 stimulates CCNG1 gene expression [ACTIVATION],Pathway Location,
PL03277,Regulation of TP53 Activity > Regulation of TP53 Expression and Degradation > Regulation of TP53 Degradation > MDM2 forms homo- or heterodimers [INHIBITION],Pathway Location,
R-HSA-112315,Transmission across Chemical Synapses,Pathway,0.0142216727853396
PL12281,Neurotransmitter receptors and postsynaptic signal transmission > GABA receptor activation > GABA B receptor activation > Activation of GABAB receptors > Adenylate cyclase inhibitory pathway > Adenylate cyclase increases the GTPase activity of G alpha-olf [ACTIVATION],Pathway Location,
PL12282,Neurotransmitter receptors and postsynaptic signal transmission > GABA receptor activation > GABA B receptor activation > Activation of GABAB receptors > Adenylate cyclase inhibitory pathway > Dissociation of the Gi alpha:G olf complex,Pathway Location,
PL12283,Neurotransmitter receptors and postsynaptic signal transmission > GABA receptor activation > GABA B receptor activation > Activation of GABAB receptors > Adenylate cyclase inhibitory pathway > G alpha-olf:GTP binds to Gi alpha1:GTP:adenylate cyclase complex,Pathway Location,
PL12284,Neurotransmitter receptors and postsynaptic signal transmission > GABA receptor activation > GABA B receptor activation > Activation of GABAB receptors > Adenylate cyclase inhibitory pathway > G alpha (i) inhibits adenylate cyclase,Pathway Location,
PL12285,Neurotransmitter receptors and postsynaptic signal transmission > GABA receptor activation > GABA B receptor activation > Activation of GABAB receptors > Adenylate cyclase inhibitory pathway > Adenylate cyclase increases the GTPase activity of Gi alpha [ACTIVATION],Pathway Location,
R-HSA-194306,Neuropilin interactions with VEGF and VEGFR,Pathway,0.0153610711993747
PL01638,NRP-1 forms a ternary complex with VEGF165 and VEGFR1,Pathway Location,
R-HSA-1362277,Transcription of E2F targets under negative control by DREAM complex,Pathway,0.0153610711993747
PL01809,ACTIVATION,Pathway Location,
PL09188,CDC6 gene expression is stimulated by E2F1 and repressed by the DREAM complex [INHIBITION],Pathway Location,
PL09189,RBL1 gene expression is repressed by the DREAM complex [INHIBITION],Pathway Location,
PL09190,TOP2A gene gene expression is repressed by the DREAM complex [INHIBITION],Pathway Location,
PL09191,DREAM complex binds the RBL1 gene promoter,Pathway Location,
PL09192,DREAM complex binds the E2F1 gene promoter,Pathway Location,
PL09193,DREAM complex binds the TOP2A gene promoter,Pathway Location,
PL09194,DREAM complex binds the CDC6 gene promoter,Pathway Location,
PL09195,DREAM complex binds the CDC25A gene promoter,Pathway Location,
PL09196,DREAM complex binds the PCNA gene promoter,Pathway Location,
R-HSA-373760,L1CAM interactions,Pathway,0.015503457982448
PL18898,Signal transduction by L1 > L1 binds NRP1,Pathway Location,
PL18899,CHL1 interactions > CHL1 interacts with NRP1,Pathway Location,
R-HSA-6806003,Regulation of TP53 Expression and Degradation,Pathway,0.0158628684490928
PL16292,Regulation of TP53 Expression > PRDM1 represses TP53 expression [INHIBITION],Pathway Location,
PL16297,Regulation of TP53 Degradation > Phosphorylation of MDM4 by ATM [ACTIVATION],Pathway Location,
PL16303,Regulation of TP53 Degradation > USP7 deubiquitinates TP53 and counteracts MDM2 [ACTIVATION],Pathway Location,
PL16312,Regulation of TP53 Degradation > p14ARF forms a ternary complex with MDM2 and TP53,Pathway Location,
PL16314,Regulation of TP53 Degradation > p14ARF sequesters MDM2,Pathway Location,
PL16315,Regulation of TP53 Degradation > MDM2 binds TP53 [INHIBITION],Pathway Location,
PL16316,Regulation of TP53 Expression > TP53 forms homotetramers,Pathway Location,
PL16317,Regulation of TP53 Degradation > TP53 binds the CCNG1 gene,Pathway Location,
PL16318,Regulation of TP53 Degradation > MDM2 ubiquitinates TP53 [ACTIVATION],Pathway Location,
PL16319,Regulation of TP53 Degradation > TP53 stimulates CCNG1 gene expression [ACTIVATION],Pathway Location,
PL16325,Regulation of TP53 Degradation > MDM2 forms homo- or heterodimers [INHIBITION],Pathway Location,
R-HSA-2559585,Oncogene Induced Senescence,Pathway,0.0158628684490928
PL14239,Translation of p14ARF mRNA is inhibited by miR-24 [INHIBITION],Pathway Location,
PL03013,Translation of p16INK4A mRNA is inhibited by miR-24 [INHIBITION],Pathway Location,
PL03018,miR-24 binds p16INK4A and p14ARF mRNAs,Pathway Location,
R-HSA-8943724,Regulation of PTEN gene transcription,Pathway,0.0181166956175984
PL17901,TP53 binds the PTEN promoter,Pathway Location,
PL17910,SALL4 recruits NuRD to PTEN gene,Pathway Location,
R-HSA-9764260,Regulation of Expression and Function of Type II Classical Cadherins,Pathway,0.0191073202340502
PL04228,Regulation of CDH11 Expression and Function > Regulation of CDH11 gene transcription > ACTIVATION,Pathway Location,
PL04232,Regulation of CDH11 Expression and Function > Regulation of CDH11 gene transcription > ILF3 and HOXC8 bind CDH11 gene promoter,Pathway Location,
PL04233,Regulation of CDH11 Expression and Function > Regulation of CDH11 gene transcription > HOXC8 binds CDH11 gene promoter,Pathway Location,
PL04234,Regulation of CDH11 Expression and Function > Regulation of CDH11 gene transcription > ILF3 binds HOXC8,Pathway Location,
PL04235,Regulation of CDH11 Expression and Function > Regulation of CDH11 gene transcription > CDH11 gene is transcribed into nascent CDH11 mRNA [ACTIVATION],Pathway Location,
PL04238,Regulation of CDH11 Expression and Function > Regulation of CDH11 gene transcription > ZEB2 binds SP1,Pathway Location,
PL04239,Regulation of CDH11 Expression and Function > Regulation of CDH11 gene transcription > ZEB2 and SP1 bind CDH11 gene promoter,Pathway Location,
R-HSA-170834,Signaling by TGF-beta Receptor Complex,Pathway,0.0191073202340502
PL06366,Transcriptional activity of SMAD2/SMAD3:SMAD4 heterotrimer > SMAD2/SMAD3:SMAD4 heterotrimer regulates transcription > MYC trancscription is negatively regulated by SMAD2/3:SMAD4:RBL1:E2F4/5:DP1/2 complex [INHIBITION],Pathway Location,
PL06378,"Transcriptional activity of SMAD2/SMAD3:SMAD4 heterotrimer > SMAD2/SMAD3:SMAD4 heterotrimer regulates transcription > p-2S-SMAD2,3:SMAD4:RBL1:E2F4,5:DP1,2 binds MYC gene promoter",Pathway Location,
PL06379,"Transcriptional activity of SMAD2/SMAD3:SMAD4 heterotrimer > SMAD2/SMAD3:SMAD4 heterotrimer regulates transcription > SMAD2/3:SMAD4 heterotrimer forms a complex with RBL1, E2F4/5 and DP1/2",Pathway Location,
R-HSA-9759476,Regulation of Homotypic Cell-Cell Adhesion,Pathway,0.0191073202340502
PL04505,Regulation of Expression and Function of Type II Classical Cadherins > Regulation of CDH11 Expression and Function > Regulation of CDH11 gene transcription > ACTIVATION,Pathway Location,
PL04508,Regulation of Expression and Function of Type II Classical Cadherins > Regulation of CDH11 Expression and Function > Regulation of CDH11 gene transcription > ILF3 and HOXC8 bind CDH11 gene promoter,Pathway Location,
PL04509,Regulation of Expression and Function of Type II Classical Cadherins > Regulation of CDH11 Expression and Function > Regulation of CDH11 gene transcription > HOXC8 binds CDH11 gene promoter,Pathway Location,
PL04510,Regulation of Expression and Function of Type II Classical Cadherins > Regulation of CDH11 Expression and Function > Regulation of CDH11 gene transcription > ILF3 binds HOXC8,Pathway Location,
PL04511,Regulation of Expression and Function of Type II Classical Cadherins > Regulation of CDH11 Expression and Function > Regulation of CDH11 gene transcription > CDH11 gene is transcribed into nascent CDH11 mRNA [ACTIVATION],Pathway Location,
PL04576,Regulation of Expression and Function of Type II Classical Cadherins > Regulation of CDH11 Expression and Function > Regulation of CDH11 gene transcription > ZEB2 binds SP1,Pathway Location,
PL04577,Regulation of Expression and Function of Type II Classical Cadherins > Regulation of CDH11 Expression and Function > Regulation of CDH11 gene transcription > ZEB2 and SP1 bind CDH11 gene promoter,Pathway Location,
PL04589,Regulation of Expression and Function of Type I Classical Cadherins > Regulation of CDH1 Expression and Function > Regulation of CDH1 Gene Transcription > Negative Regulation of CDH1 Gene Transcription > ZEB2 represses CDH1 gene transcription [INHIBITION],Pathway Location,
PL04590,Regulation of Expression and Function of Type I Classical Cadherins > Regulation of CDH1 Expression and Function > Regulation of CDH1 Gene Transcription > Negative Regulation of CDH1 Gene Transcription > ZEB2 binds CDH1 gene promoter,Pathway Location,
PL04591,Regulation of Expression and Function of Type I Classical Cadherins > Regulation of CDH1 Expression and Function > Regulation of CDH1 Gene Transcription > Positive Regulation of CDH1 Gene Transcription > KLF4 binds CDH1 gene promoter [INHIBITION],Pathway Location,
R-HSA-212436,Generic Transcription Pathway,Pathway,0.0191073202340502
PL05806,KRAB-ZNF / KAP Interaction,Pathway Location,
PL05811,Transcriptional Regulation by E2F6 > UXT gene expression is repressed by the PRC1L4 complex [INHIBITION],Pathway Location,
PL05812,Transcriptional Regulation by E2F6 > CBX3 and PRC1.6 associate with E2F6.com-1,Pathway Location,
PL05813,Transcriptional Regulation by E2F6 > E2F6.com-1 complex binds the E2F1 gene promoter,Pathway Location,
PL05814,Transcriptional Regulation by E2F6 > CBX5 gene expression is inhibited by E2F6 [INHIBITION],Pathway Location,
PL05818,Transcriptional Regulation by E2F6 > E2F6:TFDP1 binds to MGA:MAX,Pathway Location,
PL05819,Transcriptional Regulation by E2F6 > EHMT1:EHMT2 complex binds E2F6.com-1 core,Pathway Location,
PL05820,Transcriptional Regulation by E2F6 > E2F6 binds the PRC1 complex,Pathway Location,
PL05822,Transcriptional Regulation by E2F6 > CDC7 gene expression is repressed by the PRC1L4 complex [INHIBITION],Pathway Location,
PL05824,Transcriptional Regulation by E2F6 > The PRC1L4 complex binds the UXT gene promoter,Pathway Location,
PL05825,Transcriptional Regulation by E2F6 > The PRC1L4 complex binds the CDC7 gene promoter,Pathway Location,
PL05826,Transcriptional Regulation by E2F6 > E2F6 forms the PRC1L4 complex,Pathway Location,
PL05829,Nuclear Receptor transcription pathway > Formation of NR-NCOR Corepressor Complex,Pathway Location,
PL05830,Nuclear Receptor transcription pathway > Formation of NR-MED1 Coactivator Complex,Pathway Location,
PL05840,Transcriptional Regulation by VENTX > Translation of p16INK4A mRNA is inhibited by miR-24 [INHIBITION],Pathway Location,
PL05844,Transcriptional Regulation by VENTX > Regulation of IL6 transcription [ACTIVATION],Pathway Location,
PL05847,Transcriptional Regulation by VENTX > VENTX stimulates TP53 gene expression [ACTIVATION],Pathway Location,
PL05853,"Transcriptional Regulation by VENTX > Expression of CCND1 is stimulated by CTNNB1:TCF4,LEF1 and inhibited by VENTX:TCF4,LEF1 [INHIBITION]",Pathway Location,
PL05859,Transcriptional regulation by RUNX2 > CDK4 phosphorylates RUNX2 [ACTIVATION],Pathway Location,
PL05862,YAP1- and WWTR1 (TAZ)-stimulated gene expression > Expression of NPPA (ANF) [ACTIVATION],Pathway Location,
PL05875,"FOXO-mediated transcription > FOXO-mediated transcription of oxidative stress, metabolic and neuronal genes > PLXNA4 gene expression is stimulated by FOXO6 [ACTIVATION]",Pathway Location,
PL05911,"FOXO-mediated transcription > FOXO-mediated transcription of cell death genes > BBC3 gene expression is stimulated by FOXO3,(FOXO1) [ACTIVATION]",Pathway Location,
PL05914,"FOXO-mediated transcription > FOXO-mediated transcription of cell death genes > FOXO1,FOXO3,(FOXO4) bind BCL2L11 gene promoter",Pathway Location,
PL05915,FOXO-mediated transcription > FOXO-mediated transcription of cell death genes > ACTIVATION,Pathway Location,
PL05916,"FOXO-mediated transcription > FOXO-mediated transcription of cell death genes > NF-Y and CREBBP,EP300 constitutively bind BCL2L11 gene promoter",Pathway Location,
PL05957,Transcriptional regulation by RUNX1 > Regulation of RUNX1 Expression and Activity > CBFB binds RUNX1 [INHIBITION],Pathway Location,
PL05958,"Transcriptional regulation by RUNX1 > Regulation of RUNX1 Expression and Activity > CCND3,(CCND1,CCND2) binds RUNX1",Pathway Location,
PL05963,Transcriptional regulation by RUNX1 > RUNX1 regulates transcription of genes involved in differentiation of keratinocytes > SOCS4 gene expression is inhibited by RUNX1 [INHIBITION],Pathway Location,
PL05965,Transcriptional regulation by RUNX1 > RUNX1 interacts with co-factors whose precise effect on RUNX1 targets is not known > HIPK2 phosphorylates RUNX1 [ACTIVATION],Pathway Location,
PL05966,Transcriptional regulation by RUNX1 > RUNX1 interacts with co-factors whose precise effect on RUNX1 targets is not known > HIPK2 phosphorylates RUNX1 and EP300 [ACTIVATION],Pathway Location,
PL05989,Transcriptional regulation by RUNX1 > RUNX1 regulates expression of components of tight junctions > OCLN (Occludin) gene expression is stimulated by RUNX1 [ACTIVATION],Pathway Location,
PL06007,"Transcriptional regulation by RUNX1 > RUNX1 regulates genes involved in megakaryocyte differentiation and platelet function > MIR27A gene transcription is stimulated by the complex containing RUNX1, PRMT1 and GATA1 and inhibited by the complex of RUNX1, SIN3A and PRMT6 [INHIBITION]",Pathway Location,
PL06008,Transcriptional Regulation by VENTX > miR-24 binds p16INK4A and p14ARF mRNAs,Pathway Location,
PL06009,Transcriptional regulation by RUNX1 > Regulation of RUNX1 Expression and Activity > miR-17 binds RUNX1 mRNA,Pathway Location,
PL06010,Transcriptional regulation by RUNX1 > Regulation of RUNX1 Expression and Activity > miR-20a binds RUNX1 mRNA,Pathway Location,
PL06011,Transcriptional regulation by RUNX1 > Regulation of RUNX1 Expression and Activity > miR-378 binds RUNX1 mRNA,Pathway Location,
PL06012,Transcriptional regulation by RUNX1 > Regulation of RUNX1 Expression and Activity > INHIBITION,Pathway Location,
PL06013,Transcriptional regulation by RUNX1 > Regulation of RUNX1 Expression and Activity > miR-27a binds RUNX1 mRNA,Pathway Location,
PL06014,Transcriptional regulation by RUNX1 > Regulation of RUNX1 Expression and Activity > miR-106a binds RUNX1 mRNA,Pathway Location,
PL06079,"Transcriptional regulation by RUNX3 > RUNX3 regulates WNT signaling > Expression of CCND1 is stimulated by CTNNB1:TCF4,LEF1 [ACTIVATION]",Pathway Location,
PL06105,Transcriptional regulation by RUNX3 > RUNX3 regulates p14-ARF > HDAC4 deacetylates RUNX3 [ACTIVATION],Pathway Location,
PL06106,Transcriptional regulation by RUNX3 > RUNX3 regulates p14-ARF > CCND1 recruits HDAC4 to RUNX3,Pathway Location,
PL06107,Transcriptional regulation by RUNX3 > RUNX3 regulates p14-ARF > CCND1 binds RUNX3 and displaces EP300,Pathway Location,
PL06121,Transcriptional regulation by RUNX3 > RUNX3 regulates CDKN1A transcription > RUNX3 binds TP53,Pathway Location,
PL06159,Transcriptional Regulation by MECP2 > Regulation of MECP2 expression and activity > HIPK2 phosphorylates MECP2 [ACTIVATION],Pathway Location,
PL06191,Transcriptional Regulation by TP53 > TP53 Regulates Metabolic Genes > TP53 stimulates GLS2 transcription [ACTIVATION],Pathway Location,
PL06195,Transcriptional Regulation by TP53 > TP53 Regulates Metabolic Genes > TP53 stimulates TIGAR expression [ACTIVATION],Pathway Location,
PL06199,Transcriptional Regulation by TP53 > TP53 Regulates Metabolic Genes > TP53 stimulates SCO2 gene transcription [ACTIVATION],Pathway Location,
PL06200,Transcriptional Regulation by TP53 > TP53 Regulates Metabolic Genes > TP53 stimulates transcription of RRM2B gene [ACTIVATION],Pathway Location,
PL06211,Transcriptional Regulation by TP53 > TP53 Regulates Metabolic Genes > RHEB in mTORC1:RHEB:GTP hydrolyses GTP [ACTIVATION],Pathway Location,
PL06231,Transcriptional regulation by RUNX2 > Regulation of RUNX2 expression and activity > SCF(SKP2) polyubiquitinates RUNX2 [ACTIVATION],Pathway Location,
PL06241,Transcriptional regulation by RUNX2 > Regulation of RUNX2 expression and activity > SCF(SKP2) complex binds RUNX2,Pathway Location,
PL06306,Transcriptional regulation by the AP-2 (TFAP2) family of transcription factors > TFAP2 (AP-2) family regulates transcription of growth factors and their receptors > ATAD2 binds ESR1,Pathway Location,
PL06309,"Transcriptional regulation by the AP-2 (TFAP2) family of transcription factors > TFAP2 (AP-2) family regulates transcription of growth factors and their receptors > TFAP2A,(TFAP2B,TFAP2C) homo- and heterodimers bind the ERBB2 gene promoter and recruit YY1",Pathway Location,
PL06310,"Transcriptional regulation by the AP-2 (TFAP2) family of transcription factors > TFAP2 (AP-2) family regulates transcription of growth factors and their receptors > TFAP2A,(TFAP2B,TFAP2C) homo- and heterodimers and YY1 stimulate ERBB2 gene expression [ACTIVATION]",Pathway Location,
PL06322,Transcriptional regulation by the AP-2 (TFAP2) family of transcription factors > Negative regulation of activity of TFAP2 (AP-2) family transcription factors > SUMOylation of TFAP2A with SUMO1 [ACTIVATION],Pathway Location,
PL06323,Transcriptional regulation by the AP-2 (TFAP2) family of transcription factors > Negative regulation of activity of TFAP2 (AP-2) family transcription factors > SUMOylation of TFAP2B with SUMO1 [ACTIVATION],Pathway Location,
PL06324,Transcriptional regulation by the AP-2 (TFAP2) family of transcription factors > Negative regulation of activity of TFAP2 (AP-2) family transcription factors > SUMOylation of TFAP2C with SUMO1 [ACTIVATION],Pathway Location,
PL06325,Transcriptional regulation by the AP-2 (TFAP2) family of transcription factors > Negative regulation of activity of TFAP2 (AP-2) family transcription factors > KCTD15 binds TFAP2 homo- and heterodimers,Pathway Location,
PL06326,Transcriptional regulation by the AP-2 (TFAP2) family of transcription factors > Negative regulation of activity of TFAP2 (AP-2) family transcription factors > KCTD1 binds TFAP2 homo- and heterodimers,Pathway Location,
PL06327,Transcriptional regulation by the AP-2 (TFAP2) family of transcription factors > Activation of the TFAP2 (AP-2) family of transcription factors > AP-2 (TFAP2) transcription factors form homo- and heterodimers,Pathway Location,
PL06328,Transcriptional regulation by the AP-2 (TFAP2) family of transcription factors > Activation of the TFAP2 (AP-2) family of transcription factors > TFAP2 homo- and heterodimers bind CITED and EP300/CREBBP,Pathway Location,
PL06331,Transcriptional regulation by the AP-2 (TFAP2) family of transcription factors > Activation of the TFAP2 (AP-2) family of transcription factors > TFAP2B homodimer binds YEATS4,Pathway Location,
PL06438,Transcriptional Regulation by TP53 > Regulation of TP53 Activity > Regulation of TP53 Activity through Phosphorylation > CDK5 phosphorylates TP53 [ACTIVATION],Pathway Location,
PL06439,Transcriptional Regulation by TP53 > Regulation of TP53 Activity > Regulation of TP53 Activity through Phosphorylation > MAPKAPK5 phosphorylates TP53 [ACTIVATION],Pathway Location,
PL06442,Transcriptional Regulation by TP53 > Regulation of TP53 Activity > Regulation of TP53 Activity through Phosphorylation > AMPK phosphorylates TP53 [ACTIVATION],Pathway Location,
PL06443,Transcriptional Regulation by TP53 > Regulation of TP53 Activity > Regulation of TP53 Activity through Phosphorylation > TAF1 phosphorylates TP53 [ACTIVATION],Pathway Location,
PL06447,Transcriptional Regulation by TP53 > Regulation of TP53 Activity > Regulation of TP53 Activity through Phosphorylation > AURKA phosphorylates TP53 [ACTIVATION],Pathway Location,
PL06448,Transcriptional Regulation by TP53 > Regulation of TP53 Activity > Regulation of TP53 Activity through Phosphorylation > CDK2 phosphorylates TP53 [ACTIVATION],Pathway Location,
PL06457,Transcriptional Regulation by TP53 > Regulation of TP53 Activity > Regulation of TP53 Activity through Phosphorylation > TP53 binds HIPK1,Pathway Location,
PL06458,Transcriptional Regulation by TP53 > Regulation of TP53 Activity > Regulation of TP53 Activity through Phosphorylation > TP53 binds STK11 and NUAK1,Pathway Location,
PL06459,Transcriptional Regulation by TP53 > Regulation of TP53 Activity > Regulation of TP53 Activity through Phosphorylation > STK11 (LKB1) phosphorylates NUAK1 [ACTIVATION],Pathway Location,
PL06460,Transcriptional Regulation by TP53 > Regulation of TP53 Activity > Regulation of TP53 Activity through Phosphorylation > TP53RK phosphorylates TP53 [ACTIVATION],Pathway Location,
PL06463,Transcriptional Regulation by TP53 > Regulation of TP53 Activity > Regulation of TP53 Activity through Phosphorylation > ATR phosphorylates TP53 [ACTIVATION],Pathway Location,
PL06464,Transcriptional Regulation by TP53 > Regulation of TP53 Activity > Regulation of TP53 Activity through Phosphorylation > ATM phosphorylates TP53 at S15 [ACTIVATION],Pathway Location,
PL06466,Transcriptional Regulation by TP53 > Regulation of TP53 Activity > Regulation of TP53 Activity through Phosphorylation > NUAK1 phosphorylates TP53 [ACTIVATION],Pathway Location,
PL06471,Transcriptional Regulation by TP53 > Regulation of TP53 Activity > Regulation of TP53 Activity through Association with Co-factors > BANP binds TP53,Pathway Location,
PL06486,Transcriptional Regulation by TP53 > Regulation of TP53 Activity > Regulation of TP53 Activity through Methylation > ATM phosphorylates TTC5 [ACTIVATION],Pathway Location,
PL06493,Transcriptional Regulation by TP53 > Regulation of TP53 Activity > Regulation of TP53 Activity through Methylation > EHMT1:EHMT2 dimethylates TP53 [ACTIVATION],Pathway Location,
PL06536,Transcriptional Regulation by TP53 > TP53 Regulates Transcription of Cell Death Genes > TP53 Regulates Transcription of Genes Involved in Cytochrome C Release > TP53 stimulates BBC3 (PUMA) expression [ACTIVATION],Pathway Location,
PL06551,Transcriptional regulation by RUNX2 > RUNX2 regulates bone development > RUNX2 regulates osteoblast differentiation > RUNX2:MAF complex binds the BGLAP gene promoter [INHIBITION],Pathway Location,
PL06560,Transcriptional regulation by RUNX2 > RUNX2 regulates bone development > RUNX2 regulates osteoblast differentiation > ACTIVATION,Pathway Location,
PL06563,Transcriptional regulation by RUNX2 > RUNX2 regulates bone development > RUNX2 regulates osteoblast differentiation > RUNX2 binds to SATB2,Pathway Location,
PL06575,Transcriptional regulation by RUNX2 > RUNX2 regulates bone development > RUNX2 regulates osteoblast differentiation > RUNX2 binds MAF,Pathway Location,
PL06595,Transcriptional Regulation by TP53 > Regulation of TP53 Activity > Regulation of TP53 Expression and Degradation > Regulation of TP53 Expression > PRDM1 represses TP53 expression [INHIBITION],Pathway Location,
PL06600,Transcriptional Regulation by TP53 > Regulation of TP53 Activity > Regulation of TP53 Expression and Degradation > Regulation of TP53 Degradation > Phosphorylation of MDM4 by ATM [ACTIVATION],Pathway Location,
PL06606,Transcriptional Regulation by TP53 > Regulation of TP53 Activity > Regulation of TP53 Expression and Degradation > Regulation of TP53 Degradation > USP7 deubiquitinates TP53 and counteracts MDM2 [ACTIVATION],Pathway Location,
PL06649,Transcriptional Regulation by TP53 > Regulation of TP53 Activity > Regulation of TP53 Expression and Degradation > Regulation of TP53 Degradation > p14ARF forms a ternary complex with MDM2 and TP53,Pathway Location,
PL06651,Transcriptional Regulation by TP53 > Regulation of TP53 Activity > Regulation of TP53 Expression and Degradation > Regulation of TP53 Degradation > p14ARF sequesters MDM2,Pathway Location,
PL06652,Transcriptional Regulation by TP53 > Regulation of TP53 Activity > Regulation of TP53 Expression and Degradation > Regulation of TP53 Degradation > MDM2 binds TP53 [INHIBITION],Pathway Location,
PL06653,Transcriptional Regulation by TP53 > TP53 Regulates Metabolic Genes > TP53 binds the SCO2 gene,Pathway Location,
PL06654,Transcriptional Regulation by TP53 > TP53 Regulates Metabolic Genes > TP53 binds the TIGAR gene,Pathway Location,
PL06655,"Transcriptional Regulation by TP53 > TP53 Regulates Metabolic Genes > TP53 stimulates expression of SESN1,2,3 genes [ACTIVATION]",Pathway Location,
PL06656,Transcriptional Regulation by TP53 > TP53 Regulates Metabolic Genes > TP53 binds the RRM2B gene,Pathway Location,
PL06657,"Transcriptional Regulation by TP53 > TP53 Regulates Metabolic Genes > TP53 binds regulatory elements of SESN1,2,3 genes",Pathway Location,
PL06658,Transcriptional Regulation by TP53 > TP53 Regulates Metabolic Genes > PTEN gene transcription is stimulated by TP53 [ACTIVATION],Pathway Location,
PL06659,Transcriptional Regulation by TP53 > TP53 Regulates Metabolic Genes > TP53 binds the PTEN promoter,Pathway Location,
PL06660,Transcriptional Regulation by TP53 > TP53 Regulates Metabolic Genes > TP53 binds the GLS2 promoter,Pathway Location,
PL06661,Transcriptional Regulation by TP53 > Regulation of TP53 Activity > Regulation of TP53 Expression and Degradation > Regulation of TP53 Expression > TP53 forms homotetramers,Pathway Location,
PL06662,Transcriptional Regulation by TP53 > Regulation of TP53 Activity > Regulation of TP53 Expression and Degradation > Regulation of TP53 Degradation > TP53 binds the CCNG1 gene,Pathway Location,
PL06663,Transcriptional Regulation by TP53 > Regulation of TP53 Activity > Regulation of TP53 Expression and Degradation > Regulation of TP53 Degradation > MDM2 ubiquitinates TP53 [ACTIVATION],Pathway Location,
PL06664,Transcriptional Regulation by TP53 > Regulation of TP53 Activity > Regulation of TP53 Expression and Degradation > Regulation of TP53 Degradation > TP53 stimulates CCNG1 gene expression [ACTIVATION],Pathway Location,
PL06671,Transcriptional Regulation by TP53 > Regulation of TP53 Activity > Regulation of TP53 Expression and Degradation > Regulation of TP53 Degradation > MDM2 forms homo- or heterodimers [INHIBITION],Pathway Location,
R-HSA-6804760,Regulation of TP53 Activity through Methylation,Pathway,0.020384570850637
PL02974,ATM phosphorylates TTC5 [ACTIVATION],Pathway Location,
PL02981,EHMT1:EHMT2 dimethylates TP53 [ACTIVATION],Pathway Location,
R-HSA-112314,Neurotransmitter receptors and postsynaptic signal transmission,Pathway,0.0219857430584617
PL00207,GABA receptor activation > GABA B receptor activation > Activation of GABAB receptors > Adenylate cyclase inhibitory pathway > Adenylate cyclase increases the GTPase activity of G alpha-olf [ACTIVATION],Pathway Location,
PL00208,GABA receptor activation > GABA B receptor activation > Activation of GABAB receptors > Adenylate cyclase inhibitory pathway > Dissociation of the Gi alpha:G olf complex,Pathway Location,
PL00209,GABA receptor activation > GABA B receptor activation > Activation of GABAB receptors > Adenylate cyclase inhibitory pathway > G alpha-olf:GTP binds to Gi alpha1:GTP:adenylate cyclase complex,Pathway Location,
PL00210,GABA receptor activation > GABA B receptor activation > Activation of GABAB receptors > Adenylate cyclase inhibitory pathway > G alpha (i) inhibits adenylate cyclase,Pathway Location,
PL00211,GABA receptor activation > GABA B receptor activation > Activation of GABAB receptors > Adenylate cyclase inhibitory pathway > Adenylate cyclase increases the GTPase activity of Gi alpha [ACTIVATION],Pathway Location,
R-HSA-982772,Growth hormone receptor signaling,Pathway,0.0234863163050013
PL14739,JAK2 binds STAT1/3,Pathway Location,
PL14740,JAK2 phosphorylates STAT1/STAT3 [ACTIVATION],Pathway Location,
PL14742,Metalloprotease cleavage of GHR [ACTIVATION],Pathway Location,
PL14743,STAT5 association with GHR,Pathway Location,
PL14744,STAT5 tyrosine phosphorylation [ACTIVATION],Pathway Location,
PL14745,Lyn activates ERK [ACTIVATION],Pathway Location,
PL14746,GH:GHR:JAK2 complex undergoes a conformational change,Pathway Location,
PL14747,JAK2 phosphorylation of GHR [ACTIVATION],Pathway Location,
PL14748,JAK2 phosphorylation of IRS-1/2 [ACTIVATION],Pathway Location,
PL14749,SHP1 (PTPN6) dephosphorylates JAK2 [ACTIVATION],Pathway Location,
PL14750,SHP1 (PTPN6) binds JAK2 in the receptor complex,Pathway Location,
PL14751,GHR internalization,Pathway Location,
PL14752,SOCS binding to JAK2,Pathway Location,
PL14753,SOCS binding to GHR,Pathway Location,
PL14754,GHBP binds GH,Pathway Location,
PL14755,Growth hormone receptor dimerizes [INHIBITION],Pathway Location,
PL14756,GHBP binds GHR,Pathway Location,
PL14757,PTP1B dephosphorylates JAK2 [ACTIVATION],Pathway Location,
PL14758,Growth hormone binds the growth hormone receptor,Pathway Location,
PL14759,Growth hormone receptor binds JAK2,Pathway Location,
PL14760,Growth hormone receptor binds Lyn,Pathway Location,
PL14761,PTP1B dephosphorylates GHR [ACTIVATION],Pathway Location,
PL14762,p-STAT5A/B dissociates from the Growth Hormone receptor,Pathway Location,
PL14763,PTP1B binds the GH receptor complex,Pathway Location,
R-HSA-9759475,Regulation of CDH11 Expression and Function,Pathway,0.0250876473472311
PL07328,Regulation of CDH11 gene transcription > ACTIVATION,Pathway Location,
PL07332,Regulation of CDH11 gene transcription > ILF3 and HOXC8 bind CDH11 gene promoter,Pathway Location,
PL07333,Regulation of CDH11 gene transcription > HOXC8 binds CDH11 gene promoter,Pathway Location,
PL07334,Regulation of CDH11 gene transcription > ILF3 binds HOXC8,Pathway Location,
PL07335,Regulation of CDH11 gene transcription > CDH11 gene is transcribed into nascent CDH11 mRNA [ACTIVATION],Pathway Location,
PL07338,Regulation of CDH11 gene transcription > ZEB2 binds SP1,Pathway Location,
PL07339,Regulation of CDH11 gene transcription > ZEB2 and SP1 bind CDH11 gene promoter,Pathway Location,
R-HSA-9007101,Rab regulation of trafficking,Pathway,0.027699119223943
PL16471,RAB GEFs exchange GTP for GDP on RABs > RAB21 GEFs exchange GTP for GDP on RAB21 [ACTIVATION],Pathway Location,
PL16472,RAB GEFs exchange GTP for GDP on RABs > RAB3 GEFs exchange GTP for GDP on RAB3A [ACTIVATION],Pathway Location,
PL16473,RAB GEFs exchange GTP for GDP on RABs > DENND1s exchange GTP for GDP on RAB35 [ACTIVATION],Pathway Location,
PL16474,RAB GEFs exchange GTP for GDP on RABs > MON1:CCZ1 exchanges GTP for GDP on RAB7 [ACTIVATION],Pathway Location,
PL16475,"RAB GEFs exchange GTP for GDP on RABs > DENND5A,B exchange GTP for GDP on RAB39 [ACTIVATION]",Pathway Location,
PL16476,RAB GEFs exchange GTP for GDP on RABs > RAB8 GEFs exchange GTP for GDP on RAB8 [ACTIVATION],Pathway Location,
PL16477,RAB GEFs exchange GTP for GDP on RABs > RAB13 GEFs exchange GTP for GDP on RAB13 [ACTIVATION],Pathway Location,
PL16478,RAB GEFs exchange GTP for GDP on RABs > DENND3 exchanges GTP for GDP on RAB12 [ACTIVATION],Pathway Location,
PL16479,RAB GEFs exchange GTP for GDP on RABs > RAB9 GEFs exchange GTP for GDP on RAB9 [ACTIVATION],Pathway Location,
PL16482,RAB GEFs exchange GTP for GDP on RABs > RAB31 GEFs exchange GTP for GDP on RAB31 [ACTIVATION],Pathway Location,
PL16483,RAB GEFs exchange GTP for GDP on RABs > DENND4s exchange GTP for GDP on RAB10 [ACTIVATION],Pathway Location,
PL16484,RAB GEFs exchange GTP for GDP on RABs > RIC1-RGP1 exchanges GTP for GDP on RAB6 [ACTIVATION],Pathway Location,
PL16485,RAB GEFs exchange GTP for GDP on RABs > RAB5 GEFs exchange GTP for GDP on RAB5 [ACTIVATION],Pathway Location,
PL16486,RAB GEFs exchange GTP for GDP on RABs > MADD exchanges GTP for GDP on RAB27 [ACTIVATION],Pathway Location,
PL16487,RAB GEFs exchange GTP for GDP on RABs > RAB3GAP1:RAB3GAP2 exchanges GTP for GDP on RAB18 [ACTIVATION],Pathway Location,
PL16489,RAB GEFs exchange GTP for GDP on RABs > HPS1:HPS4 exchange GTP for GDP on RAB32 and RAB38 [ACTIVATION],Pathway Location,
PL16490,"RAB GEFs exchange GTP for GDP on RABs > DENND6A,B exchange GTP for GDP on RAB14 [ACTIVATION]",Pathway Location,
PL16491,RAB GEFs exchange GTP for GDP on RABs > TRAPPC complexes exchange GTP for GDP on RAB1 [ACTIVATION],Pathway Location,
R-HSA-8856825,Cargo recognition for clathrin-mediated endocytosis,Pathway,0.027699119223943
PL16271,ARBB recruits GPCRs into clathrin-coated pits [INHIBITION],Pathway Location,
PL16278,NEDD8-STON binds TOR1 hexamer and COP9 complex,Pathway Location,
PL16280,COP9 and TOR1 deneddylate STON2 [ACTIVATION],Pathway Location,
R-HSA-112040,G-protein mediated events,Pathway,0.0281500098718793
PL02145,Adenylate cyclase inhibitory pathway > Adenylate cyclase increases the GTPase activity of G alpha-olf [ACTIVATION],Pathway Location,
PL02146,Adenylate cyclase inhibitory pathway > Dissociation of the Gi alpha:G olf complex,Pathway Location,
PL02147,Adenylate cyclase inhibitory pathway > G alpha-olf:GTP binds to Gi alpha1:GTP:adenylate cyclase complex,Pathway Location,
PL02148,Adenylate cyclase inhibitory pathway > G alpha (i) inhibits adenylate cyclase,Pathway Location,
PL02149,Adenylate cyclase inhibitory pathway > Adenylate cyclase increases the GTPase activity of Gi alpha [ACTIVATION],Pathway Location,
R-HSA-597592,Post-translational protein modification,Pathway,0.032718756207232
PL12374,RAB geranylgeranylation > RGGT geranylgeranylates RAB proteins [ACTIVATION],Pathway Location,
PL12377,RAB geranylgeranylation > RGGT:CHM binds RABs,Pathway Location,
PL12384,Post-translational protein phosphorylation > FAM20C phosphorylates FAM20C substrates [ACTIVATION],Pathway Location,
PL12385,Neddylation > AcM-UBE2M transfers NEDD8 to CRL1 E3 ubiquitin ligase complex [ACTIVATION],Pathway Location,
PL12388,Neddylation > MUL1 ubiquitinates UBXN7 [ACTIVATION],Pathway Location,
PL12390,Neddylation > NEDD8:AcM-UBE2M binds CRL4 E3 ubiquitin ligase complex,Pathway Location,
PL12391,Neddylation > AcM-UBE2M transfers NEDD8 to CRL4 E3 ubiquitin ligase complex [ACTIVATION],Pathway Location,
PL12392,Neddylation > AcM-UBE2F transfers NEDD8 to CRL5 E3 ubiquitin ligase complex [ACTIVATION],Pathway Location,
PL12393,Neddylation > AcM-UBE2M transfers NEDD8 to CRL3 E3 ubiquitin ligase complex [ACTIVATION],Pathway Location,
PL12394,Neddylation > NEDD8:AcM-UBE2M binds CRL3 E3 ubiquitin ligase complex,Pathway Location,
PL12396,"Neddylation > VHL:EloB,C:NEDD8-CUL2:RBX1 complex binds hydroxyprolyl-HIF-alpha",Pathway Location,
PL12397,"Neddylation > VHL:EloB,C:NEDD8-CUL2:RBX1 complex ubiquitinylates HIF-alpha [ACTIVATION]",Pathway Location,
PL12398,Neddylation > 26S proteasome degrades HIFalpha [ACTIVATION],Pathway Location,
PL12399,Neddylation > INHIBITION,Pathway Location,
PL12400,Neddylation > MyrG-DCUN1D3 binds CRL1 E3 ubiquitin ligase complex,Pathway Location,
PL12401,Neddylation > NEDD8:AcM-UBE2F binds CRL5 E3 ubiquitin ligase complex,Pathway Location,
PL12402,Neddylation > COP9 signalosome deneddylates cytosolic CRL E3 ubiquitin ligase complexes [ACTIVATION],Pathway Location,
PL12406,Neddylation > UBXN7 binds VCP hexamer:UBF1:NPLOC4,Pathway Location,
PL12407,Neddylation > Ubiquitinated NFE2L2 is extracted from CRL3 complex for degradation,Pathway Location,
PL12408,Neddylation > UBXN7:UBF1:NPLOC4:VCP hexamer binds NFE2L2:CRL3 complex,Pathway Location,
PL12418,"Neddylation > VHL:EloB,C:NEDD8-CUL2:RBX1 complex binds UBXN7 [INHIBITION]",Pathway Location,
PL12419,Neddylation > NEDD8:AcM-UBE2M binds CRL1 E3 ubiquitin ligase complex,Pathway Location,
PL12422,Neddylation > NEDD8:AcM-UBE2M binds CRL2 E3 ubiquitin ligase complex,Pathway Location,
PL12423,Neddylation > AcM-UBE2M transfers NEDD8 to CRL2 E3 ubiquitin ligase complex [ACTIVATION],Pathway Location,
PL12424,Neddylation > COP9 signalosome deneddylates nuclear CRL4 E3 ubiquitin ligase complex [ACTIVATION],Pathway Location,
PL12425,Neddylation > COMMDs displace CAND1 from CRL4 E3 ubiquitin ligase complex,Pathway Location,
PL12426,Neddylation > CAND1 binds CRL4 E3 ubiquitin ligase in the nucleus,Pathway Location,
PL12488,"Deubiquitination > Ovarian tumor domain proteases > OTUB1, (OTUB2) binds RNF128, TRAF3, TRAF6, RHOA",Pathway Location,
PL12508,Deubiquitination > UCH proteinases > UCHL5 binds INO80 complex,Pathway Location,
PL12529,Deubiquitination > Ub-specific processing proteases > USP30 deubiquitinates Ub-MOM proteins [ACTIVATION],Pathway Location,
PL12530,"Deubiquitination > Ub-specific processing proteases > USP7 deubiquitinates TP53,MDM2,MDM4,FOXO4, PTEN [ACTIVATION]",Pathway Location,
PL12547,"Deubiquitination > Ub-specific processing proteases > USP10,USP24,USP42 deubiquitinate TP53 [ACTIVATION]",Pathway Location,
PL12673,O-linked glycosylation > DAG1 glycosylations > DAG1 core M3 glycosylations > POMGNT2 transfers GlcNAc to Man-DAG1 [ACTIVATION],Pathway Location,
PL12686,O-linked glycosylation > DAG1 glycosylations > DAG1 core M1 glycosylations > POMGNT1 transfers GlcNAc from UDP-GlcNAc to Man-O-Ser-DAG1 [ACTIVATION],Pathway Location,
PL12687,O-linked glycosylation > DAG1 glycosylations > DAG1 core M2 glycosylations > POMGNT1 transfers GlcNAc from UDP-GlcNAc to Man-O-Ser-DAG1 [ACTIVATION],Pathway Location,
PL12688,O-linked glycosylation > DAG1 glycosylations > DAG1 core M1 glycosylations > POMT1:POMT2 transfers Man from Dol-P-Man to DAG1(30-653) [ACTIVATION],Pathway Location,
PL12689,O-linked glycosylation > DAG1 glycosylations > DAG1 core M3 glycosylations > POMT1:POMT2 transfers Man from Dol-P-Man to DAG1(30-653) [ACTIVATION],Pathway Location,
PL12690,O-linked glycosylation > DAG1 glycosylations > DAG1 core M2 glycosylations > POMT1:POMT2 transfers Man from Dol-P-Man to DAG1(30-653) [ACTIVATION],Pathway Location,
PL12691,O-linked glycosylation > DAG1 glycosylations > DAG1 core M2 glycosylations > MGAT5B transfers GlcNAc from UDP-GlcNAc to GlcNAc-Man-DAG1 [ACTIVATION],Pathway Location,
PL12693,O-linked glycosylation > O-linked glycosylation of mucins > Termination of O-glycan biosynthesis > ST6GALNAC3/4 transfers sialic acid to the sialyl T antigen to form the disialyl T antigen [ACTIVATION],Pathway Location,
PL12735,"SUMOylation > Processing and activation of SUMO > SUMO is transferred from E1 to E2 (UBE2I, UBC9) > Transfer of SUMO1 from E1 to UBE2I (UBC9) [ACTIVATION]",Pathway Location,
PL12736,"SUMOylation > Processing and activation of SUMO > SUMO is transferred from E1 to E2 (UBE2I, UBC9) > Transfer of SUMO3 from E1 to UBE2I (UBC9) [ACTIVATION]",Pathway Location,
PL12737,"SUMOylation > Processing and activation of SUMO > SUMO is transferred from E1 to E2 (UBE2I, UBC9) > Transfer of SUMO2 from E1 to UBE2I (UBC9) [ACTIVATION]",Pathway Location,
PL12738,SUMOylation > SUMO E3 ligases SUMOylate target proteins > SUMOylation of transcription factors > SUMOylation of TFAP2A with SUMO1 [ACTIVATION],Pathway Location,
PL12739,SUMOylation > SUMO E3 ligases SUMOylate target proteins > SUMOylation of transcription factors > SUMOylation of TFAP2B with SUMO1 [ACTIVATION],Pathway Location,
PL12740,SUMOylation > SUMO E3 ligases SUMOylate target proteins > SUMOylation of transcription factors > SUMOylation of TFAP2C with SUMO1 [ACTIVATION],Pathway Location,
PL12741,SUMOylation > SUMO E3 ligases SUMOylate target proteins > SUMOylation of transcription factors > PIAS1 SUMOylates SP3 with SUMO1 [ACTIVATION],Pathway Location,
PL12742,"SUMOylation > SUMO E3 ligases SUMOylate target proteins > SUMOylation of transcription factors > PIAS1,2-1 SUMOylate HIC1 with SUMO1 [ACTIVATION]",Pathway Location,
PL12743,"SUMOylation > SUMO E3 ligases SUMOylate target proteins > SUMOylation of transcription factors > PIAS1,3,4 SUMOylate MTA1 with SUMO2,3 [ACTIVATION]",Pathway Location,
PL12744,SUMOylation > SUMO E3 ligases SUMOylate target proteins > SUMOylation of transcription factors > Conjugation of SUMO1 to TP53BP1 [ACTIVATION],Pathway Location,
PL12745,"SUMOylation > SUMO E3 ligases SUMOylate target proteins > SUMOylation of transcription factors > UBE2I (UBC9), PIAS1 SUMOylate FOXL2 with SUMO1 [ACTIVATION]",Pathway Location,
PL12746,SUMOylation > SUMO E3 ligases SUMOylate target proteins > SUMOylation of transcription factors > PIAS1 SUMOylates SP3 with SUMO2 [ACTIVATION],Pathway Location,
PL12747,SUMOylation > SUMO E3 ligases SUMOylate target proteins > SUMOylation of transcription factors > PIAS3 SUMOylates MITF with SUMO1 [ACTIVATION],Pathway Location,
PL12748,"SUMOylation > SUMO E3 ligases SUMOylate target proteins > SUMOylation of transcription factors > Conjugation of SUMO2,3 to TP53 [ACTIVATION]",Pathway Location,
PL12749,SUMOylation > SUMO E3 ligases SUMOylate target proteins > SUMOylation of DNA methylation proteins > SUMOyation of DNMT1 with SUMO1 [ACTIVATION],Pathway Location,
PL12750,SUMOylation > SUMO E3 ligases SUMOylate target proteins > SUMOylation of DNA methylation proteins > SUMOylation of DNMT3B with SUMO1 [ACTIVATION],Pathway Location,
PL12751,SUMOylation > SUMO E3 ligases SUMOylate target proteins > SUMOylation of DNA methylation proteins > CBX4 (Pc2) SUMOylates DNMT3A with SUMO1 [ACTIVATION],Pathway Location,
PL12752,SUMOylation > SUMO E3 ligases SUMOylate target proteins > SUMOylation of chromatin organization proteins > ZBED1 (DREF) SUMOylates CHD3 with SUMO1 [ACTIVATION],Pathway Location,
PL12753,"SUMOylation > SUMO E3 ligases SUMOylate target proteins > SUMOylation of chromatin organization proteins > RANBP2 SUMOylates HDAC4 with SUMO2,3 [ACTIVATION]",Pathway Location,
PL12754,SUMOylation > SUMO E3 ligases SUMOylate target proteins > SUMOylation of chromatin organization proteins > RANBP2 SUMOylates HDAC4 with SUMO1 [ACTIVATION],Pathway Location,
PL12755,SUMOylation > SUMO E3 ligases SUMOylate target proteins > SUMOylation of chromatin organization proteins > SUMOylation of CBX5 with SUMO1 [ACTIVATION],Pathway Location,
PL12756,SUMOylation > SUMO E3 ligases SUMOylate target proteins > SUMOylation of chromatin organization proteins > PIAS1 SUMOylates SATB2 with SUMO3 [ACTIVATION],Pathway Location,
PL12757,SUMOylation > SUMO E3 ligases SUMOylate target proteins > SUMOylation of chromatin organization proteins > PIAS1 SUMOylates L3MBTL2 with SUMO2 [ACTIVATION],Pathway Location,
PL12758,SUMOylation > SUMO E3 ligases SUMOylate target proteins > SUMOylation of chromatin organization proteins > SUMOylation of HDAC1 with SUMO1 [ACTIVATION],Pathway Location,
PL12759,"SUMOylation > SUMO E3 ligases SUMOylate target proteins > SUMOylation of chromatin organization proteins > PIAS1 SUMOylates SATB1 with SUMO2,3 [ACTIVATION]",Pathway Location,
PL12760,SUMOylation > SUMO E3 ligases SUMOylate target proteins > SUMOylation of chromatin organization proteins > PIAS1 SUMOylates SATB1 with SUMO1 [ACTIVATION],Pathway Location,
PL12761,SUMOylation > SUMO E3 ligases SUMOylate target proteins > SUMOylation of chromatin organization proteins > SUMOylation of HDAC2 with SUMO1 [ACTIVATION],Pathway Location,
PL12762,SUMOylation > SUMO E3 ligases SUMOylate target proteins > SUMOylation of chromatin organization proteins > SUMOylation of Histone H4 with SUMO3 [ACTIVATION],Pathway Location,
PL12763,SUMOylation > SUMO E3 ligases SUMOylate target proteins > SUMOylation of chromatin organization proteins > CBX4 SUMOylates BMI1 in PRC1 with SUMO1 [ACTIVATION],Pathway Location,
PL12764,SUMOylation > SUMO E3 ligases SUMOylate target proteins > SUMOylation of chromatin organization proteins > SUMOylation of Histone H4 with SUMO1 [ACTIVATION],Pathway Location,
PL12765,SUMOylation > SUMO E3 ligases SUMOylate target proteins > SUMOylation of chromatin organization proteins > PIAS2-2 SUMOylates SUZ12 with SUMO1 [ACTIVATION],Pathway Location,
PL12766,SUMOylation > SUMO E3 ligases SUMOylate target proteins > SUMOylation of chromatin organization proteins > CBX4 SUMOylates CBX4 in PRC1 with SUMO1 [ACTIVATION],Pathway Location,
PL12767,"SUMOylation > SUMO E3 ligases SUMOylate target proteins > SUMOylation of intracellular receptors > PIAS1,2-1 SUMOylate NR5A2 with SUMO1 [ACTIVATION]",Pathway Location,
PL12768,"SUMOylation > SUMO E3 ligases SUMOylate target proteins > SUMOylation of intracellular receptors > PIAS1,2-1 SUMOylates AR with SUMO1 [ACTIVATION]",Pathway Location,
PL12769,SUMOylation > SUMO E3 ligases SUMOylate target proteins > SUMOylation of intracellular receptors > PIAS1 SUMOylates THRB with SUMO1 [ACTIVATION],Pathway Location,
PL12770,SUMOylation > SUMO E3 ligases SUMOylate target proteins > SUMOylation of intracellular receptors > PIAS2-2 SUMOylates THRA with SUMO3 [ACTIVATION],Pathway Location,
PL12771,SUMOylation > SUMO E3 ligases SUMOylate target proteins > SUMOylation of intracellular receptors > PIAS1 SUMOylates THRB with SUMO3 [ACTIVATION],Pathway Location,
PL12772,"SUMOylation > SUMO E3 ligases SUMOylate target proteins > SUMOylation of intracellular receptors > PIAS1,3 SUMOylates NR5A1 with SUMO2 [ACTIVATION]",Pathway Location,
PL12773,"SUMOylation > SUMO E3 ligases SUMOylate target proteins > SUMOylation of intracellular receptors > PIAS2,3,4 SUMOylate RORA with SUMO2 [ACTIVATION]",Pathway Location,
PL12774,SUMOylation > SUMO E3 ligases SUMOylate target proteins > SUMOylation of intracellular receptors > PIAS3 SUMOylates PGR with SUMO1 [ACTIVATION],Pathway Location,
PL12775,SUMOylation > SUMO E3 ligases SUMOylate target proteins > SUMOylation of intracellular receptors > SUMOylation of RARA with SUMO2 [ACTIVATION],Pathway Location,
PL12776,SUMOylation > SUMO E3 ligases SUMOylate target proteins > SUMOylation of intracellular receptors > PIAS1 SUMOylates NR2C1 (TR2) [ACTIVATION],Pathway Location,
PL12777,SUMOylation > SUMO E3 ligases SUMOylate target proteins > SUMOylation of intracellular receptors > PIAS4 SUMOylates PPARA with SUMO1 [ACTIVATION],Pathway Location,
PL12778,"SUMOylation > SUMO E3 ligases SUMOylate target proteins > SUMOylation of intracellular receptors > HDAC4 SUMOylates NR1H2 (LXRbeta) with SUMO2,3 [ACTIVATION]",Pathway Location,
PL12779,"SUMOylation > SUMO E3 ligases SUMOylate target proteins > SUMOylation of intracellular receptors > PIAS1,3 SUMOylates NR5A1 with SUMO1 [ACTIVATION]",Pathway Location,
PL12780,"SUMOylation > SUMO E3 ligases SUMOylate target proteins > SUMOylation of intracellular receptors > HDAC4 SUMOylates NR1H3 (LXRalpha) with SUMO2,3 [ACTIVATION]",Pathway Location,
PL12781,SUMOylation > SUMO E3 ligases SUMOylate target proteins > SUMOylation of intracellular receptors > SUMOylation of NR1I2 with SUMO3,Pathway Location,
PL12782,"SUMOylation > SUMO E3 ligases SUMOylate target proteins > SUMOylation of intracellular receptors > PIAS1,2-2 SUMOylate PPARG with SUMO1 [ACTIVATION]",Pathway Location,
PL12783,"SUMOylation > SUMO E3 ligases SUMOylate target proteins > SUMOylation of intracellular receptors > PIAS2,3,4 SUMOylate RORA with SUMO1 [ACTIVATION]",Pathway Location,
PL12784,SUMOylation > SUMO E3 ligases SUMOylate target proteins > SUMOylation of intracellular receptors > SUMOylation of NR1H4 with SUMO1,Pathway Location,
PL12785,SUMOylation > SUMO E3 ligases SUMOylate target proteins > SUMOylation of intracellular receptors > SUMOylation of NR3C1 (GR) with SUMO1 [ACTIVATION],Pathway Location,
PL12786,"SUMOylation > SUMO E3 ligases SUMOylate target proteins > SUMOylation of intracellular receptors > PIAS1,3 SUMOylate ESR1 with SUMO1 [ACTIVATION]",Pathway Location,
PL12787,SUMOylation > SUMO E3 ligases SUMOylate target proteins > SUMOylation of intracellular receptors > PIAS4 SUMOylates VDR with SUMO2 [ACTIVATION],Pathway Location,
PL12788,"SUMOylation > SUMO E3 ligases SUMOylate target proteins > SUMOylation of intracellular receptors > PIAS4 SUMOylates NR4A2 with SUMO2,3 [ACTIVATION]",Pathway Location,
PL12789,SUMOylation > SUMO E3 ligases SUMOylate target proteins > SUMOylation of intracellular receptors > PIAS2-2 SUMOylates THRA with SUMO1 [ACTIVATION],Pathway Location,
PL12790,SUMOylation > SUMO E3 ligases SUMOylate target proteins > SUMOylation of intracellular receptors > PIAS1 SUMOylates NR3C2 (Mineralcorticoid Receptor) with SUMO1 [ACTIVATION],Pathway Location,
PL12791,SUMOylation > SUMO E3 ligases SUMOylate target proteins > SUMOylation of intracellular receptors > SUMOylation of RXRA with SUMO1 [ACTIVATION],Pathway Location,
PL12792,SUMOylation > SUMO E3 ligases SUMOylate target proteins > SUMOylation of SUMOylation proteins > SUMOylation of PIAS4 with SUMO1 [ACTIVATION],Pathway Location,
PL12793,SUMOylation > SUMO E3 ligases SUMOylate target proteins > SUMOylation of SUMOylation proteins > RANBP2 SUMOylates RANBP2 with SUMO2 [ACTIVATION],Pathway Location,
PL12794,SUMOylation > SUMO E3 ligases SUMOylate target proteins > SUMOylation of SUMOylation proteins > SUMOylation of UBE2I with SUMO1 [ACTIVATION],Pathway Location,
PL12795,SUMOylation > SUMO E3 ligases SUMOylate target proteins > SUMOylation of SUMOylation proteins > SUMOylation of TOPORS with SUMO1 [ACTIVATION],Pathway Location,
PL12796,SUMOylation > SUMO E3 ligases SUMOylate target proteins > SUMOylation of SUMOylation proteins > RANBP2 SUMOylates RANBP2 with SUMO1 [ACTIVATION],Pathway Location,
PL12797,SUMOylation > SUMO E3 ligases SUMOylate target proteins > SUMOylation of RNA binding proteins > CBX4 (Pc2) SUMOylates HNRNPK with SUMO2 [ACTIVATION],Pathway Location,
PL12798,SUMOylation > SUMO E3 ligases SUMOylate target proteins > SUMOylation of RNA binding proteins > SUMOylation of NOP58 with SUMO2 [ACTIVATION],Pathway Location,
PL12799,SUMOylation > SUMO E3 ligases SUMOylate target proteins > SUMOylation of RNA binding proteins > SUMOylation of NOP58 with SUMO1 [ACTIVATION],Pathway Location,
PL12800,SUMOylation > SUMO E3 ligases SUMOylate target proteins > SUMOylation of RNA binding proteins > RANBP2 (NUP358) SUMOylates HNRNPC with SUMO1 [ACTIVATION],Pathway Location,
PL12801,SUMOylation > SUMO E3 ligases SUMOylate target proteins > SUMOylation of nuclear envelope proteins > Conjugation of SUMO1 to RANGAP1 [ACTIVATION],Pathway Location,
PL12802,"SUMOylation > SUMO E3 ligases SUMOylate target proteins > SUMOylation of transcription cofactors > SUMOylation of NPM1 with SUMO2,3 [ACTIVATION]",Pathway Location,
PL12803,SUMOylation > SUMO E3 ligases SUMOylate target proteins > SUMOylation of transcription cofactors > SUMOylation of DAXX with SUMO1 [ACTIVATION],Pathway Location,
PL12804,SUMOylation > SUMO E3 ligases SUMOylate target proteins > SUMOylation of transcription cofactors > SUMOylation of NPM1 with SUMO1 [ACTIVATION],Pathway Location,
PL12805,SUMOylation > SUMO E3 ligases SUMOylate target proteins > SUMOylation of transcription cofactors > PIAS1 SUMOylates DDX5 with SUMO2 [ACTIVATION],Pathway Location,
PL12806,SUMOylation > SUMO E3 ligases SUMOylate target proteins > SUMOylation of transcription cofactors > SUMOylation of DDX5 with SUMO1 [ACTIVATION],Pathway Location,
PL12807,SUMOylation > SUMO E3 ligases SUMOylate target proteins > SUMOylation of transcription cofactors > SUMOylation of ING2 with SUMO1 [ACTIVATION],Pathway Location,
PL12808,"SUMOylation > SUMO E3 ligases SUMOylate target proteins > SUMOylation of transcription cofactors > PRC1 SUMOylates CTBP1 with SUMO2,3 [ACTIVATION]",Pathway Location,
PL12809,SUMOylation > SUMO E3 ligases SUMOylate target proteins > SUMOylation of transcription cofactors > SUMOylation of PPARGC1A with SUMO1 [ACTIVATION],Pathway Location,
PL12810,SUMOylation > SUMO E3 ligases SUMOylate target proteins > SUMOylation of transcription cofactors > SUMOylation of SRC1 with SUMO1 [ACTIVATION],Pathway Location,
PL12811,SUMOylation > SUMO E3 ligases SUMOylate target proteins > SUMOylation of transcription cofactors > TOPORS SUMOylates SIN3A with SUMO1 [ACTIVATION],Pathway Location,
PL12812,"SUMOylation > SUMO E3 ligases SUMOylate target proteins > SUMOylation of transcription cofactors > PIAS1 SUMOylates SAFB with SUMO2,3 [ACTIVATION]",Pathway Location,
PL12813,SUMOylation > SUMO E3 ligases SUMOylate target proteins > SUMOylation of transcription cofactors > SUMOylation of NCOA2 with SUMO1 [ACTIVATION],Pathway Location,
PL12814,"SUMOylation > SUMO E3 ligases SUMOylate target proteins > SUMOylation of transcription cofactors > CBX4, UHRF2 SUMOylate ZNF131 with SUMO1 [ACTIVATION]",Pathway Location,
PL12815,SUMOylation > SUMO E3 ligases SUMOylate target proteins > SUMOylation of transcription cofactors > PRC1 SUMOylates CTBP1 with SUMO1 [ACTIVATION],Pathway Location,
PL12816,SUMOylation > SUMO E3 ligases SUMOylate target proteins > SUMOylation of transcription cofactors > PIAS2-1 SUMOylates PARK7 with SUMO1 [ACTIVATION],Pathway Location,
PL12817,SUMOylation > SUMO E3 ligases SUMOylate target proteins > SUMOylation of transcription cofactors > Pc2 SUMOylates FLASH [ACTIVATION],Pathway Location,
PL12818,"SUMOylation > SUMO E3 ligases SUMOylate target proteins > SUMOylation of transcription cofactors > PIAS1,PIAS4 SUMOylate FLASH [ACTIVATION]",Pathway Location,
PL12819,SUMOylation > SUMO E3 ligases SUMOylate target proteins > SUMOylation of transcription cofactors > SUMOylation of SMRT with SUMO1 [ACTIVATION],Pathway Location,
PL12820,"SUMOylation > SUMO E3 ligases SUMOylate target proteins > SUMOylation of transcription cofactors > PIAS1,3 SUMOylate MBD1 with SUMO1 [ACTIVATION]",Pathway Location,
PL12821,SUMOylation > SUMO E3 ligases SUMOylate target proteins > SUMOylation of transcription cofactors > TRIM28 SUMOylates TRIM28:ZNF350 with SUMO1 [ACTIVATION],Pathway Location,
PL12822,SUMOylation > SUMO E3 ligases SUMOylate target proteins > SUMOylation of transcription cofactors > SUMOylation of EP300 with SUMO1 [ACTIVATION],Pathway Location,
PL12823,SUMOylation > SUMO E3 ligases SUMOylate target proteins > SUMOylation of transcription cofactors > SUMOylation of HIPK2 with SUMO1 [ACTIVATION],Pathway Location,
PL12824,SUMOylation > SUMO E3 ligases SUMOylate target proteins > SUMOylation of transcription cofactors > SUMOylation of CREBBP with SUMO1 [ACTIVATION],Pathway Location,
PL12825,SUMOylation > SUMO E3 ligases SUMOylate target proteins > SUMOylation of transcription cofactors > SUMOylation of DDX17 with SUMO1 [ACTIVATION],Pathway Location,
PL12826,"SUMOylation > SUMO E3 ligases SUMOylate target proteins > SUMOylation of transcription cofactors > PIAS1,3 SUMOylate NRIP1 with SUMO1 [ACTIVATION]",Pathway Location,
PL12827,SUMOylation > SUMO E3 ligases SUMOylate target proteins > SUMOylation of transcription cofactors > PIAS1 SUMOylates SAFB with SUMO1 [ACTIVATION],Pathway Location,
PL12828,SUMOylation > SUMO E3 ligases SUMOylate target proteins > SUMOylation of transcription cofactors > SUMOylation of MKL1 with SUMO1 [ACTIVATION],Pathway Location,
PL12829,SUMOylation > SUMO E3 ligases SUMOylate target proteins > SUMOylation of DNA replication proteins > SUMOylation of TOP1 with SUMO1 [ACTIVATION],Pathway Location,
PL12830,SUMOylation > SUMO E3 ligases SUMOylate target proteins > SUMOylation of DNA replication proteins > ACTIVATION,Pathway Location,
PL12831,SUMOylation > SUMO E3 ligases SUMOylate target proteins > SUMOylation of DNA replication proteins > RANBP2 SUMOylates CDCA8 (Borealin) and PIAS3 SUMOylates AURKB (Aurora-B) [ACTIVATION],Pathway Location,
PL12832,SUMOylation > SUMO E3 ligases SUMOylate target proteins > SUMOylation of DNA replication proteins > SUMOylation of TOP2B with SUMO1 [ACTIVATION],Pathway Location,
PL12833,SUMOylation > SUMO E3 ligases SUMOylate target proteins > SUMOylation of DNA replication proteins > SUMOylation of AURKA with SUMO1,Pathway Location,
PL12834,SUMOylation > SUMO E3 ligases SUMOylate target proteins > SUMOylation of DNA replication proteins > SUMOylation of PCNA with SUMO1 [ACTIVATION],Pathway Location,
PL12835,"SUMOylation > SUMO E3 ligases SUMOylate target proteins > SUMOylation of DNA replication proteins > PIAS4 SUMOylates TOP2A with SUMO2,3 [ACTIVATION]",Pathway Location,
PL12836,SUMOylation > SUMO E3 ligases SUMOylate target proteins > SUMOylation of DNA replication proteins > RANBP2 SUMOylates TOP2A with SUMO1 [ACTIVATION],Pathway Location,
PL12837,SUMOylation > SUMO E3 ligases SUMOylate target proteins > SUMOylation of DNA replication proteins > SUMOylation of TOP2A with SUMO1 [ACTIVATION],Pathway Location,
PL12838,SUMOylation > SUMO E3 ligases SUMOylate target proteins > SUMOylation of ubiquitinylation proteins > PIAS4 SUMOylates VHL with SUMO1 [ACTIVATION],Pathway Location,
PL12839,SUMOylation > SUMO E3 ligases SUMOylate target proteins > SUMOylation of ubiquitinylation proteins > Conjugation of SUMO1 to MDM2 [ACTIVATION],Pathway Location,
PL12840,SUMOylation > SUMO E3 ligases SUMOylate target proteins > SUMOylation of immune response proteins > SUMOylation of NFKBIA with SUMO1 [ACTIVATION],Pathway Location,
PL12841,SUMOylation > SUMO E3 ligases SUMOylate target proteins > SUMOylation of immune response proteins > TOPORS SUMOylates IKBKE with SUMO1 [ACTIVATION],Pathway Location,
PL12842,SUMOylation > SUMO E3 ligases SUMOylate target proteins > SUMOylation of immune response proteins > SUMOylation of NFKB2 with SUMO1 [ACTIVATION],Pathway Location,
PL12843,SUMOylation > SUMO E3 ligases SUMOylate target proteins > SUMOylation of immune response proteins > SUMOylation of PKR [ACTIVATION],Pathway Location,
PL12844,SUMOylation > SUMO E3 ligases SUMOylate target proteins > SUMOylation of immune response proteins > PIAS4 SUMOylates IKBKG with SUMO1 [ACTIVATION],Pathway Location,
PL12845,SUMOylation > SUMO E3 ligases SUMOylate target proteins > SUMOylation of immune response proteins > PIAS3 SUMOylates RELA with SUMO3 [ACTIVATION],Pathway Location,
PL12846,"SUMOylation > SUMO E3 ligases SUMOylate target proteins > SUMOylation of DNA damage response and repair proteins > PIAS4 SUMOylates PARP1 with SUMO2,3 [ACTIVATION]",Pathway Location,
PL12847,SUMOylation > SUMO E3 ligases SUMOylate target proteins > SUMOylation of DNA damage response and repair proteins > PIAS4 SUMOylates PARP1 with SUMO1 [ACTIVATION],Pathway Location,
PL12848,"SUMOylation > SUMO E3 ligases SUMOylate target proteins > SUMOylation of DNA damage response and repair proteins > CBX4 (Pc2) SUMOylates CETN2 with SUMO2,3 [ACTIVATION]",Pathway Location,
PL12849,SUMOylation > SUMO E3 ligases SUMOylate target proteins > SUMOylation of DNA damage response and repair proteins > PIAS4 SUMOylates RNF168 with SUMO1 [ACTIVATION],Pathway Location,
PL12850,SUMOylation > SUMO E3 ligases SUMOylate target proteins > SUMOylation of DNA damage response and repair proteins > SUMOylation of TDG with SUMO1 [ACTIVATION],Pathway Location,
PL12851,SUMOylation > SUMO E3 ligases SUMOylate target proteins > SUMOylation of DNA damage response and repair proteins > SUMOylation of MDC1 with SUMO1 [ACTIVATION],Pathway Location,
PL12852,"SUMOylation > SUMO E3 ligases SUMOylate target proteins > SUMOylation of DNA damage response and repair proteins > SUMOylation of RPA1 (RPA70) with SUMO2,3 [ACTIVATION]",Pathway Location,
PL12853,"SUMOylation > SUMO E3 ligases SUMOylate target proteins > SUMOylation of DNA damage response and repair proteins > SUMOylation of TDG with SUMO2,3 [ACTIVATION]",Pathway Location,
PL12854,SUMOylation > SUMO E3 ligases SUMOylate target proteins > SUMOylation of DNA damage response and repair proteins > Conjugation of SUMO1 to SP100 [ACTIVATION],Pathway Location,
PL12855,SUMOylation > SUMO E3 ligases SUMOylate target proteins > SUMOylation of DNA damage response and repair proteins > Conjugation of SUMO1 to BRCA1 [ACTIVATION],Pathway Location,
PL12856,SUMOylation > SUMO E3 ligases SUMOylate target proteins > SUMOylation of DNA damage response and repair proteins > Conjugation of SUMO1 to PML [ACTIVATION],Pathway Location,
PL12857,SUMOylation > SUMO E3 ligases SUMOylate target proteins > SUMOylation of DNA damage response and repair proteins > RANBP2 SUMOylates PML with SUMO1 [ACTIVATION],Pathway Location,
PL12858,SUMOylation > SUMO E3 ligases SUMOylate target proteins > SUMOylation of DNA damage response and repair proteins > Conjugation of SUMO3 to PML [ACTIVATION],Pathway Location,
PL12859,SUMOylation > SUMO E3 ligases SUMOylate target proteins > SUMOylation of DNA damage response and repair proteins > SUMOylation of RAD52 with SUMO1 [ACTIVATION],Pathway Location,
PL12860,SUMOylation > SUMO E3 ligases SUMOylate target proteins > SUMOylation of DNA damage response and repair proteins > SUMOylation of XPC with SUMO1 [ACTIVATION],Pathway Location,
PL12861,SUMOylation > SUMO E3 ligases SUMOylate target proteins > SUMOylation of DNA damage response and repair proteins > Conjugation of SUMO2 to SP100 [ACTIVATION],Pathway Location,
PL12862,"SUMOylation > SUMO E3 ligases SUMOylate target proteins > SUMOylation of DNA damage response and repair proteins > SUMOylation of MDC1 with SUMO2,3 [ACTIVATION]",Pathway Location,
PL12863,SUMOylation > SUMO E3 ligases SUMOylate target proteins > SUMOylation of DNA damage response and repair proteins > SMC5-SMC6 Complex SUMOylates Cohesin with SUMO1 [ACTIVATION],Pathway Location,
PL12864,SUMOylation > SUMO E3 ligases SUMOylate target proteins > SUMOylation of DNA damage response and repair proteins > Conjugation of SUMO2 to PML [ACTIVATION],Pathway Location,
PL12865,"SUMOylation > SUMO E3 ligases SUMOylate target proteins > SUMOylation of DNA damage response and repair proteins > SUMOylation of BLM with SUMO2,3 [ACTIVATION]",Pathway Location,
PL12866,SUMOylation > SUMO E3 ligases SUMOylate target proteins > SUMOylation of DNA damage response and repair proteins > CDKN2A (p14-ARF) SUMOylates WRN with SUMO1 [ACTIVATION],Pathway Location,
PL12867,"SUMOylation > SUMO E3 ligases SUMOylate target proteins > SUMOylation of DNA damage response and repair proteins > PIAS1,2-1 SUMOylates XRCC4 with SUMO1 [ACTIVATION]",Pathway Location,
PL12868,"SUMOylation > SUMO E3 ligases SUMOylate target proteins > SUMOylation of DNA damage response and repair proteins > Conjugation of SUMO2,3 to BRCA1 [ACTIVATION]",Pathway Location,
PL12869,SUMOylation > SUMO E3 ligases SUMOylate target proteins > SUMOylation of DNA damage response and repair proteins > PIAS4 SUMOylates HERC2 with SUMO1 [ACTIVATION],Pathway Location,
PL12870,"Asparagine N-linked glycosylation > Transport to the Golgi and subsequent modification > ER to Golgi Anterograde Transport > Cargo concentration in the ER > SEC4C,D bind GOSR2 and STX5",Pathway Location,
PL12879,"Asparagine N-linked glycosylation > Transport to the Golgi and subsequent modification > ER to Golgi Anterograde Transport > COPI-mediated anterograde transport > Vesicle is tethered through binding GOLGA2:GORASP1, GOLGB1 and the COG complex",Pathway Location,
PL12880,Asparagine N-linked glycosylation > Transport to the Golgi and subsequent modification > ER to Golgi Anterograde Transport > COPI-mediated anterograde transport > ERGIC-to-Golgi vesicles bind dynein:dynactin,Pathway Location,
PL12881,Asparagine N-linked glycosylation > Transport to the Golgi and subsequent modification > ER to Golgi Anterograde Transport > COPI-mediated anterograde transport > NSF ATPase activity dissociates cis-SNARE at cis-Golgi [ACTIVATION],Pathway Location,
PL12882,Asparagine N-linked glycosylation > Transport to the Golgi and subsequent modification > ER to Golgi Anterograde Transport > COPI-mediated anterograde transport > ARFGAPs stimulate ARF GTPase activity [ACTIVATION],Pathway Location,
PL12883,"Asparagine N-linked glycosylation > Transport to the Golgi and subsequent modification > ER to Golgi Anterograde Transport > COPI-mediated anterograde transport > ARFGAP, cargo, v-SNAREs and p24 proteins bind nascent COPI complex",Pathway Location,
PL12885,Asparagine N-linked glycosylation > Transport to the Golgi and subsequent modification > ER to Golgi Anterograde Transport > COPI-mediated anterograde transport > Active ARF recruits coatomer,Pathway Location,
PL12888,Asparagine N-linked glycosylation > Transport to the Golgi and subsequent modification > ER to Golgi Anterograde Transport > COPI-mediated anterograde transport > GBF1 recruits ARF:GDP to the ERGIC,Pathway Location,
PL12889,Asparagine N-linked glycosylation > Transport to the Golgi and subsequent modification > ER to Golgi Anterograde Transport > COPI-mediated anterograde transport > GBF1 stimulates ARF nucleotide exchange [ACTIVATION],Pathway Location,
PL12892,Asparagine N-linked glycosylation > Transport to the Golgi and subsequent modification > ER to Golgi Anterograde Transport > COPII-mediated vesicle transport > BET1:GOSR2:STX5 bind v-SNARES on tethered vesicle,Pathway Location,
PL12894,Asparagine N-linked glycosylation > Transport to the Golgi and subsequent modification > ER to Golgi Anterograde Transport > COPII-mediated vesicle transport > PP6 dephosphorylates SEC24 [ACTIVATION],Pathway Location,
PL12897,Asparagine N-linked glycosylation > Transport to the Golgi and subsequent modification > ER to Golgi Anterograde Transport > COPII-mediated vesicle transport > NSF ATPase activity dissociates cis-SNARE [ACTIVATION],Pathway Location,
PL12898,Asparagine N-linked glycosylation > Transport to the Golgi and subsequent modification > ER to Golgi Anterograde Transport > COPII-mediated vesicle transport > NSF and SNAPs bind cis-SNARE complex,Pathway Location,
PL12909,Asparagine N-linked glycosylation > Transport to the Golgi and subsequent modification > N-glycan antennae elongation in the medial/trans-Golgi > N-Glycan antennae elongation > Addition of GlcNAc to position 4 by N-acetylglucosaminyltransferase (GnT)-IV [ACTIVATION],Pathway Location,
PL12936,"Asparagine N-linked glycosylation > Biosynthesis of the N-glycan precursor (dolichol lipid-linked oligosaccharide, LLO) and transfer to a nascent protein > Synthesis of substrates in N-glycan biosythesis > Synthesis of GDP-mannose > GMPPB converts Mannose-1-phosphate to GDP-Mannose [ACTIVATION]",Pathway Location,
PL12951,"Asparagine N-linked glycosylation > Transport to the Golgi and subsequent modification > N-glycan antennae elongation in the medial/trans-Golgi > N-Glycan antennae elongation > ST8SIA2,3,6 transfer Neu5Ac to terminal Gal of N-glycans [ACTIVATION]",Pathway Location,
PL12952,"Asparagine N-linked glycosylation > Biosynthesis of the N-glycan precursor (dolichol lipid-linked oligosaccharide, LLO) and transfer to a nascent protein > Synthesis of substrates in N-glycan biosythesis > Sialic acid metabolism > ST8SIA1-6 transfer Neu5Ac to terminal Neu5Ac residues [ACTIVATION]",Pathway Location,
PL12956,"Asparagine N-linked glycosylation > Biosynthesis of the N-glycan precursor (dolichol lipid-linked oligosaccharide, LLO) and transfer to a nascent protein > Synthesis of substrates in N-glycan biosythesis > Sialic acid metabolism > ST6GALNAC1-6 transfer Neu5Ac to terminal GalNAc (alpha-2,6 link) [ACTIVATION]",Pathway Location,
R-HSA-422356,Regulation of insulin secretion,Pathway,0.0367923562112603
PL07374,"Adrenaline,noradrenaline inhibits insulin secretion > Alpha-2A,alpha-2C Adrenergic Receptors activate Gi.Go heterotrimeric G proteins [ACTIVATION]",Pathway Location,
PL07375,"Adrenaline,noradrenaline inhibits insulin secretion > Low conductance potassium channels in pancreatic beta cells open in response to epinephrine [ACTIVATION]",Pathway Location,
PL07376,"Adrenaline,noradrenaline inhibits insulin secretion > Gi,Go Heterotrimeric G-protein complex dissociates [ACTIVATION]",Pathway Location,
R-HSA-111885,Opioid Signalling,Pathway,0.0383386489618212
PL17938,G-protein mediated events > Adenylate cyclase inhibitory pathway > Adenylate cyclase increases the GTPase activity of G alpha-olf [ACTIVATION],Pathway Location,
PL17939,G-protein mediated events > Adenylate cyclase inhibitory pathway > Dissociation of the Gi alpha:G olf complex,Pathway Location,
PL17940,G-protein mediated events > Adenylate cyclase inhibitory pathway > G alpha-olf:GTP binds to Gi alpha1:GTP:adenylate cyclase complex,Pathway Location,
PL17941,G-protein mediated events > Adenylate cyclase inhibitory pathway > G alpha (i) inhibits adenylate cyclase,Pathway Location,
PL17942,G-protein mediated events > Adenylate cyclase inhibitory pathway > Adenylate cyclase increases the GTPase activity of Gi alpha [ACTIVATION],Pathway Location,
R-HSA-9843745,Adipogenesis,Pathway,0.0387033141541272
PL07034,Transcriptional regulation of white adipocyte differentiation > Expression of Leptin [INHIBITION],Pathway Location,
PL07035,Transcriptional regulation of white adipocyte differentiation > Expression of Phosphoenolpyruvate carboxykinase 1 (PEPCK-C) [ACTIVATION],Pathway Location,
PL07036,Transcriptional regulation of white adipocyte differentiation > ACTIVATION,Pathway Location,
PL07039,Transcriptional regulation of white adipocyte differentiation > Expression of Perilipin (PLIN) [ACTIVATION],Pathway Location,
PL07041,Transcriptional regulation of white adipocyte differentiation > Expression of Adiponectin [ACTIVATION],Pathway Location,
PL07042,Transcriptional regulation of white adipocyte differentiation > PPARG:RXRA heterodimer binds to fatty acid-like ligands,Pathway Location,
PL07045,"Transcriptional regulation of white adipocyte differentiation > Expression of CD36 (platelet glycoprotein IV, FAT) [ACTIVATION]",Pathway Location,
PL07052,Transcriptional regulation of white adipocyte differentiation > Expression of EBF1 [ACTIVATION],Pathway Location,
PL07053,Transcriptional regulation of white adipocyte differentiation > Expression of Lipoprotein lipase (LPL) [ACTIVATION],Pathway Location,
PL07062,Transcriptional regulation of brown and beige adipocyte differentiation > Transcriptional regulation of brown and beige adipocyte differentiation by EBF2 > ZNF423 recruits NuRD to EBF2 target genes,Pathway Location,
PL07063,Transcriptional regulation of brown and beige adipocyte differentiation > Transcriptional regulation of brown and beige adipocyte differentiation by EBF2 > INHIBITION,Pathway Location,
PL07064,Transcriptional regulation of brown and beige adipocyte differentiation > Transcriptional regulation of brown and beige adipocyte differentiation by EBF2 > PPARA gene expression is stimulated by EBF2 and PPARG and repressed by ZNF423 and NuRD [INHIBITION],Pathway Location,
R-HSA-1483255,PI Metabolism,Pathway,0.0428403730631113
PL14636,Synthesis of PIPs at the plasma membrane > PI3P is dephosphorylated to PI by SYNJ/MTMs at the plasma membrane [ACTIVATION],Pathway Location,
PL14637,"Synthesis of PIPs at the plasma membrane > PI(3,5)P2 is dephosphorylated to PI5P by SYNJ/MTMs at the plasma membrane [ACTIVATION]",Pathway Location,
R-HSA-8939211,ESR-mediated signaling,Pathway,0.0441671650960762
PL07088,Estrogen-independent phosphorylation of ESR1 S118 by MAPK1 and MAPK3 [ACTIVATION],Pathway Location,
PL07089,HSP90-dependent ATP hydrolysis promotes release of ESR:ESTG from chaperone complex [ACTIVATION],Pathway Location,
PL07090,ESTG binds ESR1:chaperone complex,Pathway Location,
PL07091,ESR1 binds ESR1 antagonists,Pathway Location,
PL07092,ESR1 binds ESR1 agonists,Pathway Location,
PL07093,ESTG binds ESR2:chaperone complex,Pathway Location,
PL07104,Extra-nuclear estrogen signaling > ACTIVATION,Pathway Location,
PL07107,Extra-nuclear estrogen signaling > G-proteins dissociate from plasma-membrane estrogen receptors,Pathway Location,
PL07108,Extra-nuclear estrogen signaling > Heterotrimeric G protein (i) binds membrane-associated ESRs:ESTG,Pathway Location,
PL07116,Extra-nuclear estrogen signaling > Estrogen receptor binds IGF1R and SHC1 in response to estrogen,Pathway Location,
PL07119,Estrogen-dependent gene expression > PRMT1 binds TBP:TFIIA:DDX5:ESR1:estrogen:TFF1 gene,Pathway Location,
PL07120,Estrogen-dependent gene expression > HATs and coactivators are recruited to the CTSD gene,Pathway Location,
PL07121,Estrogen-dependent gene expression > Estrogen-responsive CTSD expression [ACTIVATION],Pathway Location,
PL07126,Estrogen-dependent gene expression > CARM1 binds TBP:TFIIA:DDX5:ESR1:estrogen:TFF1 gene,Pathway Location,
PL07138,Estrogen-dependent gene expression > TBP and TFIIA bind TATA box on  ESR1:estrogen bound TFF1 gene promoter,Pathway Location,
PL07141,Estrogen-dependent gene expression > Estrogen-responsive GREB1 gene transcription [ACTIVATION],Pathway Location,
PL07142,"Estrogen-dependent gene expression > NR5A2, ZNF217 and NCOA3 bind GREB1 promoter",Pathway Location,
R-HSA-3108232,SUMO E3 ligases SUMOylate target proteins,Pathway,0.044977929960039
PL08750,SUMOylation of transcription factors > SUMOylation of TFAP2A with SUMO1 [ACTIVATION],Pathway Location,
PL08751,SUMOylation of transcription factors > SUMOylation of TFAP2B with SUMO1 [ACTIVATION],Pathway Location,
PL08752,SUMOylation of transcription factors > SUMOylation of TFAP2C with SUMO1 [ACTIVATION],Pathway Location,
PL08753,SUMOylation of transcription factors > PIAS1 SUMOylates SP3 with SUMO1 [ACTIVATION],Pathway Location,
PL08754,"SUMOylation of transcription factors > PIAS1,2-1 SUMOylate HIC1 with SUMO1 [ACTIVATION]",Pathway Location,
PL08755,"SUMOylation of transcription factors > PIAS1,3,4 SUMOylate MTA1 with SUMO2,3 [ACTIVATION]",Pathway Location,
PL08756,SUMOylation of transcription factors > Conjugation of SUMO1 to TP53BP1 [ACTIVATION],Pathway Location,
PL08757,"SUMOylation of transcription factors > UBE2I (UBC9), PIAS1 SUMOylate FOXL2 with SUMO1 [ACTIVATION]",Pathway Location,
PL08758,SUMOylation of transcription factors > PIAS1 SUMOylates SP3 with SUMO2 [ACTIVATION],Pathway Location,
PL08759,SUMOylation of transcription factors > PIAS3 SUMOylates MITF with SUMO1 [ACTIVATION],Pathway Location,
PL08760,"SUMOylation of transcription factors > Conjugation of SUMO2,3 to TP53 [ACTIVATION]",Pathway Location,
PL08761,SUMOylation of DNA methylation proteins > SUMOyation of DNMT1 with SUMO1 [ACTIVATION],Pathway Location,
PL08762,SUMOylation of DNA methylation proteins > SUMOylation of DNMT3B with SUMO1 [ACTIVATION],Pathway Location,
PL08763,SUMOylation of DNA methylation proteins > CBX4 (Pc2) SUMOylates DNMT3A with SUMO1 [ACTIVATION],Pathway Location,
PL08764,SUMOylation of chromatin organization proteins > ZBED1 (DREF) SUMOylates CHD3 with SUMO1 [ACTIVATION],Pathway Location,
PL08765,"SUMOylation of chromatin organization proteins > RANBP2 SUMOylates HDAC4 with SUMO2,3 [ACTIVATION]",Pathway Location,
PL08766,SUMOylation of chromatin organization proteins > RANBP2 SUMOylates HDAC4 with SUMO1 [ACTIVATION],Pathway Location,
PL08767,SUMOylation of chromatin organization proteins > SUMOylation of CBX5 with SUMO1 [ACTIVATION],Pathway Location,
PL08768,SUMOylation of chromatin organization proteins > PIAS1 SUMOylates SATB2 with SUMO3 [ACTIVATION],Pathway Location,
PL08769,SUMOylation of chromatin organization proteins > PIAS1 SUMOylates L3MBTL2 with SUMO2 [ACTIVATION],Pathway Location,
PL08770,SUMOylation of chromatin organization proteins > SUMOylation of HDAC1 with SUMO1 [ACTIVATION],Pathway Location,
PL08771,"SUMOylation of chromatin organization proteins > PIAS1 SUMOylates SATB1 with SUMO2,3 [ACTIVATION]",Pathway Location,
PL08772,SUMOylation of chromatin organization proteins > PIAS1 SUMOylates SATB1 with SUMO1 [ACTIVATION],Pathway Location,
PL08773,SUMOylation of chromatin organization proteins > SUMOylation of HDAC2 with SUMO1 [ACTIVATION],Pathway Location,
PL08774,SUMOylation of chromatin organization proteins > SUMOylation of Histone H4 with SUMO3 [ACTIVATION],Pathway Location,
PL08775,SUMOylation of chromatin organization proteins > CBX4 SUMOylates BMI1 in PRC1 with SUMO1 [ACTIVATION],Pathway Location,
PL08776,SUMOylation of chromatin organization proteins > SUMOylation of Histone H4 with SUMO1 [ACTIVATION],Pathway Location,
PL08777,SUMOylation of chromatin organization proteins > PIAS2-2 SUMOylates SUZ12 with SUMO1 [ACTIVATION],Pathway Location,
PL08778,SUMOylation of chromatin organization proteins > CBX4 SUMOylates CBX4 in PRC1 with SUMO1 [ACTIVATION],Pathway Location,
PL08779,"SUMOylation of intracellular receptors > PIAS1,2-1 SUMOylate NR5A2 with SUMO1 [ACTIVATION]",Pathway Location,
PL08780,"SUMOylation of intracellular receptors > PIAS1,2-1 SUMOylates AR with SUMO1 [ACTIVATION]",Pathway Location,
PL08781,SUMOylation of intracellular receptors > PIAS1 SUMOylates THRB with SUMO1 [ACTIVATION],Pathway Location,
PL08782,SUMOylation of intracellular receptors > PIAS2-2 SUMOylates THRA with SUMO3 [ACTIVATION],Pathway Location,
PL08783,SUMOylation of intracellular receptors > PIAS1 SUMOylates THRB with SUMO3 [ACTIVATION],Pathway Location,
PL08784,"SUMOylation of intracellular receptors > PIAS1,3 SUMOylates NR5A1 with SUMO2 [ACTIVATION]",Pathway Location,
PL08785,"SUMOylation of intracellular receptors > PIAS2,3,4 SUMOylate RORA with SUMO2 [ACTIVATION]",Pathway Location,
PL08786,SUMOylation of intracellular receptors > PIAS3 SUMOylates PGR with SUMO1 [ACTIVATION],Pathway Location,
PL08787,SUMOylation of intracellular receptors > SUMOylation of RARA with SUMO2 [ACTIVATION],Pathway Location,
PL08788,SUMOylation of intracellular receptors > PIAS1 SUMOylates NR2C1 (TR2) [ACTIVATION],Pathway Location,
PL08789,SUMOylation of intracellular receptors > PIAS4 SUMOylates PPARA with SUMO1 [ACTIVATION],Pathway Location,
PL08790,"SUMOylation of intracellular receptors > HDAC4 SUMOylates NR1H2 (LXRbeta) with SUMO2,3 [ACTIVATION]",Pathway Location,
PL08791,"SUMOylation of intracellular receptors > PIAS1,3 SUMOylates NR5A1 with SUMO1 [ACTIVATION]",Pathway Location,
PL08792,"SUMOylation of intracellular receptors > HDAC4 SUMOylates NR1H3 (LXRalpha) with SUMO2,3 [ACTIVATION]",Pathway Location,
PL08793,SUMOylation of intracellular receptors > SUMOylation of NR1I2 with SUMO3,Pathway Location,
PL08794,"SUMOylation of intracellular receptors > PIAS1,2-2 SUMOylate PPARG with SUMO1 [ACTIVATION]",Pathway Location,
PL08795,"SUMOylation of intracellular receptors > PIAS2,3,4 SUMOylate RORA with SUMO1 [ACTIVATION]",Pathway Location,
PL08796,SUMOylation of intracellular receptors > SUMOylation of NR1H4 with SUMO1,Pathway Location,
PL08797,SUMOylation of intracellular receptors > SUMOylation of NR3C1 (GR) with SUMO1 [ACTIVATION],Pathway Location,
PL08798,"SUMOylation of intracellular receptors > PIAS1,3 SUMOylate ESR1 with SUMO1 [ACTIVATION]",Pathway Location,
PL08799,SUMOylation of intracellular receptors > PIAS4 SUMOylates VDR with SUMO2 [ACTIVATION],Pathway Location,
PL08800,"SUMOylation of intracellular receptors > PIAS4 SUMOylates NR4A2 with SUMO2,3 [ACTIVATION]",Pathway Location,
PL08801,SUMOylation of intracellular receptors > PIAS2-2 SUMOylates THRA with SUMO1 [ACTIVATION],Pathway Location,
PL08802,SUMOylation of intracellular receptors > PIAS1 SUMOylates NR3C2 (Mineralcorticoid Receptor) with SUMO1 [ACTIVATION],Pathway Location,
PL08803,SUMOylation of intracellular receptors > SUMOylation of RXRA with SUMO1 [ACTIVATION],Pathway Location,
PL08804,SUMOylation of SUMOylation proteins > SUMOylation of PIAS4 with SUMO1 [ACTIVATION],Pathway Location,
PL08805,SUMOylation of SUMOylation proteins > RANBP2 SUMOylates RANBP2 with SUMO2 [ACTIVATION],Pathway Location,
PL08806,SUMOylation of SUMOylation proteins > SUMOylation of UBE2I with SUMO1 [ACTIVATION],Pathway Location,
PL08807,SUMOylation of SUMOylation proteins > SUMOylation of TOPORS with SUMO1 [ACTIVATION],Pathway Location,
PL08808,SUMOylation of SUMOylation proteins > RANBP2 SUMOylates RANBP2 with SUMO1 [ACTIVATION],Pathway Location,
PL08809,SUMOylation of RNA binding proteins > CBX4 (Pc2) SUMOylates HNRNPK with SUMO2 [ACTIVATION],Pathway Location,
PL08810,SUMOylation of RNA binding proteins > SUMOylation of NOP58 with SUMO2 [ACTIVATION],Pathway Location,
PL08811,SUMOylation of RNA binding proteins > SUMOylation of NOP58 with SUMO1 [ACTIVATION],Pathway Location,
PL08812,SUMOylation of RNA binding proteins > RANBP2 (NUP358) SUMOylates HNRNPC with SUMO1 [ACTIVATION],Pathway Location,
PL08813,SUMOylation of nuclear envelope proteins > Conjugation of SUMO1 to RANGAP1 [ACTIVATION],Pathway Location,
PL08814,"SUMOylation of transcription cofactors > SUMOylation of NPM1 with SUMO2,3 [ACTIVATION]",Pathway Location,
PL08815,SUMOylation of transcription cofactors > SUMOylation of DAXX with SUMO1 [ACTIVATION],Pathway Location,
PL08816,SUMOylation of transcription cofactors > SUMOylation of NPM1 with SUMO1 [ACTIVATION],Pathway Location,
PL08817,SUMOylation of transcription cofactors > PIAS1 SUMOylates DDX5 with SUMO2 [ACTIVATION],Pathway Location,
PL08818,SUMOylation of transcription cofactors > SUMOylation of DDX5 with SUMO1 [ACTIVATION],Pathway Location,
PL08819,SUMOylation of transcription cofactors > SUMOylation of ING2 with SUMO1 [ACTIVATION],Pathway Location,
PL08820,"SUMOylation of transcription cofactors > PRC1 SUMOylates CTBP1 with SUMO2,3 [ACTIVATION]",Pathway Location,
PL08821,SUMOylation of transcription cofactors > SUMOylation of PPARGC1A with SUMO1 [ACTIVATION],Pathway Location,
PL08822,SUMOylation of transcription cofactors > SUMOylation of SRC1 with SUMO1 [ACTIVATION],Pathway Location,
PL08823,SUMOylation of transcription cofactors > TOPORS SUMOylates SIN3A with SUMO1 [ACTIVATION],Pathway Location,
PL08824,"SUMOylation of transcription cofactors > PIAS1 SUMOylates SAFB with SUMO2,3 [ACTIVATION]",Pathway Location,
PL08825,SUMOylation of transcription cofactors > SUMOylation of NCOA2 with SUMO1 [ACTIVATION],Pathway Location,
PL08826,"SUMOylation of transcription cofactors > CBX4, UHRF2 SUMOylate ZNF131 with SUMO1 [ACTIVATION]",Pathway Location,
PL08827,SUMOylation of transcription cofactors > PRC1 SUMOylates CTBP1 with SUMO1 [ACTIVATION],Pathway Location,
PL08828,SUMOylation of transcription cofactors > PIAS2-1 SUMOylates PARK7 with SUMO1 [ACTIVATION],Pathway Location,
PL08829,SUMOylation of transcription cofactors > Pc2 SUMOylates FLASH [ACTIVATION],Pathway Location,
PL08830,"SUMOylation of transcription cofactors > PIAS1,PIAS4 SUMOylate FLASH [ACTIVATION]",Pathway Location,
PL08831,SUMOylation of transcription cofactors > SUMOylation of SMRT with SUMO1 [ACTIVATION],Pathway Location,
PL08832,"SUMOylation of transcription cofactors > PIAS1,3 SUMOylate MBD1 with SUMO1 [ACTIVATION]",Pathway Location,
PL08833,SUMOylation of transcription cofactors > TRIM28 SUMOylates TRIM28:ZNF350 with SUMO1 [ACTIVATION],Pathway Location,
PL08834,SUMOylation of transcription cofactors > SUMOylation of EP300 with SUMO1 [ACTIVATION],Pathway Location,
PL08835,SUMOylation of transcription cofactors > SUMOylation of HIPK2 with SUMO1 [ACTIVATION],Pathway Location,
PL08836,SUMOylation of transcription cofactors > SUMOylation of CREBBP with SUMO1 [ACTIVATION],Pathway Location,
PL08837,SUMOylation of transcription cofactors > SUMOylation of DDX17 with SUMO1 [ACTIVATION],Pathway Location,
PL08838,"SUMOylation of transcription cofactors > PIAS1,3 SUMOylate NRIP1 with SUMO1 [ACTIVATION]",Pathway Location,
PL08839,SUMOylation of transcription cofactors > PIAS1 SUMOylates SAFB with SUMO1 [ACTIVATION],Pathway Location,
PL08840,SUMOylation of transcription cofactors > SUMOylation of MKL1 with SUMO1 [ACTIVATION],Pathway Location,
PL08841,SUMOylation of DNA replication proteins > SUMOylation of TOP1 with SUMO1 [ACTIVATION],Pathway Location,
PL08842,SUMOylation of DNA replication proteins > ACTIVATION,Pathway Location,
PL08843,SUMOylation of DNA replication proteins > RANBP2 SUMOylates CDCA8 (Borealin) and PIAS3 SUMOylates AURKB (Aurora-B) [ACTIVATION],Pathway Location,
PL08844,SUMOylation of DNA replication proteins > SUMOylation of TOP2B with SUMO1 [ACTIVATION],Pathway Location,
PL08845,SUMOylation of DNA replication proteins > SUMOylation of AURKA with SUMO1,Pathway Location,
PL08846,SUMOylation of DNA replication proteins > SUMOylation of PCNA with SUMO1 [ACTIVATION],Pathway Location,
PL08847,"SUMOylation of DNA replication proteins > PIAS4 SUMOylates TOP2A with SUMO2,3 [ACTIVATION]",Pathway Location,
PL08848,SUMOylation of DNA replication proteins > RANBP2 SUMOylates TOP2A with SUMO1 [ACTIVATION],Pathway Location,
PL08849,SUMOylation of DNA replication proteins > SUMOylation of TOP2A with SUMO1 [ACTIVATION],Pathway Location,
PL08850,SUMOylation of ubiquitinylation proteins > PIAS4 SUMOylates VHL with SUMO1 [ACTIVATION],Pathway Location,
PL08851,SUMOylation of ubiquitinylation proteins > Conjugation of SUMO1 to MDM2 [ACTIVATION],Pathway Location,
PL08852,SUMOylation of immune response proteins > SUMOylation of NFKBIA with SUMO1 [ACTIVATION],Pathway Location,
PL08853,SUMOylation of immune response proteins > TOPORS SUMOylates IKBKE with SUMO1 [ACTIVATION],Pathway Location,
PL08854,SUMOylation of immune response proteins > SUMOylation of NFKB2 with SUMO1 [ACTIVATION],Pathway Location,
PL08855,SUMOylation of immune response proteins > SUMOylation of PKR [ACTIVATION],Pathway Location,
PL08856,SUMOylation of immune response proteins > PIAS4 SUMOylates IKBKG with SUMO1 [ACTIVATION],Pathway Location,
PL08857,SUMOylation of immune response proteins > PIAS3 SUMOylates RELA with SUMO3 [ACTIVATION],Pathway Location,
PL08858,"SUMOylation of DNA damage response and repair proteins > PIAS4 SUMOylates PARP1 with SUMO2,3 [ACTIVATION]",Pathway Location,
PL08859,SUMOylation of DNA damage response and repair proteins > PIAS4 SUMOylates PARP1 with SUMO1 [ACTIVATION],Pathway Location,
PL08860,"SUMOylation of DNA damage response and repair proteins > CBX4 (Pc2) SUMOylates CETN2 with SUMO2,3 [ACTIVATION]",Pathway Location,
PL08861,SUMOylation of DNA damage response and repair proteins > PIAS4 SUMOylates RNF168 with SUMO1 [ACTIVATION],Pathway Location,
PL08862,SUMOylation of DNA damage response and repair proteins > SUMOylation of TDG with SUMO1 [ACTIVATION],Pathway Location,
PL08863,SUMOylation of DNA damage response and repair proteins > SUMOylation of MDC1 with SUMO1 [ACTIVATION],Pathway Location,
PL08864,"SUMOylation of DNA damage response and repair proteins > SUMOylation of RPA1 (RPA70) with SUMO2,3 [ACTIVATION]",Pathway Location,
PL08865,"SUMOylation of DNA damage response and repair proteins > SUMOylation of TDG with SUMO2,3 [ACTIVATION]",Pathway Location,
PL08866,SUMOylation of DNA damage response and repair proteins > Conjugation of SUMO1 to SP100 [ACTIVATION],Pathway Location,
PL08867,SUMOylation of DNA damage response and repair proteins > Conjugation of SUMO1 to BRCA1 [ACTIVATION],Pathway Location,
PL08868,SUMOylation of DNA damage response and repair proteins > Conjugation of SUMO1 to PML [ACTIVATION],Pathway Location,
PL08869,SUMOylation of DNA damage response and repair proteins > RANBP2 SUMOylates PML with SUMO1 [ACTIVATION],Pathway Location,
PL08870,SUMOylation of DNA damage response and repair proteins > Conjugation of SUMO3 to PML [ACTIVATION],Pathway Location,
PL08871,SUMOylation of DNA damage response and repair proteins > SUMOylation of RAD52 with SUMO1 [ACTIVATION],Pathway Location,
PL08872,SUMOylation of DNA damage response and repair proteins > SUMOylation of XPC with SUMO1 [ACTIVATION],Pathway Location,
PL08873,SUMOylation of DNA damage response and repair proteins > Conjugation of SUMO2 to SP100 [ACTIVATION],Pathway Location,
PL08874,"SUMOylation of DNA damage response and repair proteins > SUMOylation of MDC1 with SUMO2,3 [ACTIVATION]",Pathway Location,
PL08875,SUMOylation of DNA damage response and repair proteins > SMC5-SMC6 Complex SUMOylates Cohesin with SUMO1 [ACTIVATION],Pathway Location,
PL08876,SUMOylation of DNA damage response and repair proteins > Conjugation of SUMO2 to PML [ACTIVATION],Pathway Location,
PL08877,"SUMOylation of DNA damage response and repair proteins > SUMOylation of BLM with SUMO2,3 [ACTIVATION]",Pathway Location,
PL08878,SUMOylation of DNA damage response and repair proteins > CDKN2A (p14-ARF) SUMOylates WRN with SUMO1 [ACTIVATION],Pathway Location,
PL08879,"SUMOylation of DNA damage response and repair proteins > PIAS1,2-1 SUMOylates XRCC4 with SUMO1 [ACTIVATION]",Pathway Location,
PL08880,"SUMOylation of DNA damage response and repair proteins > Conjugation of SUMO2,3 to BRCA1 [ACTIVATION]",Pathway Location,
PL08881,SUMOylation of DNA damage response and repair proteins > PIAS4 SUMOylates HERC2 with SUMO1 [ACTIVATION],Pathway Location,
R-HSA-69231,Cyclin D associated events in G1,Pathway,0.0458255091776543
PL16339,Tyrosine kinases phosphorylate Cip/Kip inhibitors bound to CDK4/6:CCND complexes [ACTIVATION],Pathway Location,
PL16343,Cyclin D:Cdk4/6 mediated phosphorylation of p130 (RBL2) and dissociation of phosphorylated p130 (RBL2) from DP1:E2F4/5 complex [ACTIVATION],Pathway Location,
PL16345,Cip/Kip CDK inhibitors bind CDK4/6:CCND complexes,Pathway Location,
PL16346,Formation of CDK4/6:CCND complexes [INHIBITION],Pathway Location,
PL16347,Ubiquitination of p130 (RBL2) by SCF (Skp2) [ACTIVATION],Pathway Location,
PL16349,Phosphorylated p130 (RBL2) binds SCF(Skp2):Cks1 complex,Pathway Location,
R-HSA-2990846,SUMOylation,Pathway,0.0458255091776543
PL17758,"Processing and activation of SUMO > SUMO is transferred from E1 to E2 (UBE2I, UBC9) > Transfer of SUMO1 from E1 to UBE2I (UBC9) [ACTIVATION]",Pathway Location,
PL17759,"Processing and activation of SUMO > SUMO is transferred from E1 to E2 (UBE2I, UBC9) > Transfer of SUMO3 from E1 to UBE2I (UBC9) [ACTIVATION]",Pathway Location,
PL17760,"Processing and activation of SUMO > SUMO is transferred from E1 to E2 (UBE2I, UBC9) > Transfer of SUMO2 from E1 to UBE2I (UBC9) [ACTIVATION]",Pathway Location,
PL17761,SUMO E3 ligases SUMOylate target proteins > SUMOylation of transcription factors > SUMOylation of TFAP2A with SUMO1 [ACTIVATION],Pathway Location,
PL17762,SUMO E3 ligases SUMOylate target proteins > SUMOylation of transcription factors > SUMOylation of TFAP2B with SUMO1 [ACTIVATION],Pathway Location,
PL17763,SUMO E3 ligases SUMOylate target proteins > SUMOylation of transcription factors > SUMOylation of TFAP2C with SUMO1 [ACTIVATION],Pathway Location,
PL17764,SUMO E3 ligases SUMOylate target proteins > SUMOylation of transcription factors > PIAS1 SUMOylates SP3 with SUMO1 [ACTIVATION],Pathway Location,
PL17765,"SUMO E3 ligases SUMOylate target proteins > SUMOylation of transcription factors > PIAS1,2-1 SUMOylate HIC1 with SUMO1 [ACTIVATION]",Pathway Location,
PL17766,"SUMO E3 ligases SUMOylate target proteins > SUMOylation of transcription factors > PIAS1,3,4 SUMOylate MTA1 with SUMO2,3 [ACTIVATION]",Pathway Location,
PL17767,SUMO E3 ligases SUMOylate target proteins > SUMOylation of transcription factors > Conjugation of SUMO1 to TP53BP1 [ACTIVATION],Pathway Location,
PL17768,"SUMO E3 ligases SUMOylate target proteins > SUMOylation of transcription factors > UBE2I (UBC9), PIAS1 SUMOylate FOXL2 with SUMO1 [ACTIVATION]",Pathway Location,
PL17769,SUMO E3 ligases SUMOylate target proteins > SUMOylation of transcription factors > PIAS1 SUMOylates SP3 with SUMO2 [ACTIVATION],Pathway Location,
PL17770,SUMO E3 ligases SUMOylate target proteins > SUMOylation of transcription factors > PIAS3 SUMOylates MITF with SUMO1 [ACTIVATION],Pathway Location,
PL17771,"SUMO E3 ligases SUMOylate target proteins > SUMOylation of transcription factors > Conjugation of SUMO2,3 to TP53 [ACTIVATION]",Pathway Location,
PL17772,SUMO E3 ligases SUMOylate target proteins > SUMOylation of DNA methylation proteins > SUMOyation of DNMT1 with SUMO1 [ACTIVATION],Pathway Location,
PL17773,SUMO E3 ligases SUMOylate target proteins > SUMOylation of DNA methylation proteins > SUMOylation of DNMT3B with SUMO1 [ACTIVATION],Pathway Location,
PL17774,SUMO E3 ligases SUMOylate target proteins > SUMOylation of DNA methylation proteins > CBX4 (Pc2) SUMOylates DNMT3A with SUMO1 [ACTIVATION],Pathway Location,
PL17775,SUMO E3 ligases SUMOylate target proteins > SUMOylation of chromatin organization proteins > ZBED1 (DREF) SUMOylates CHD3 with SUMO1 [ACTIVATION],Pathway Location,
PL17776,"SUMO E3 ligases SUMOylate target proteins > SUMOylation of chromatin organization proteins > RANBP2 SUMOylates HDAC4 with SUMO2,3 [ACTIVATION]",Pathway Location,
PL17777,SUMO E3 ligases SUMOylate target proteins > SUMOylation of chromatin organization proteins > RANBP2 SUMOylates HDAC4 with SUMO1 [ACTIVATION],Pathway Location,
PL17778,SUMO E3 ligases SUMOylate target proteins > SUMOylation of chromatin organization proteins > SUMOylation of CBX5 with SUMO1 [ACTIVATION],Pathway Location,
PL17779,SUMO E3 ligases SUMOylate target proteins > SUMOylation of chromatin organization proteins > PIAS1 SUMOylates SATB2 with SUMO3 [ACTIVATION],Pathway Location,
PL17780,SUMO E3 ligases SUMOylate target proteins > SUMOylation of chromatin organization proteins > PIAS1 SUMOylates L3MBTL2 with SUMO2 [ACTIVATION],Pathway Location,
PL17781,SUMO E3 ligases SUMOylate target proteins > SUMOylation of chromatin organization proteins > SUMOylation of HDAC1 with SUMO1 [ACTIVATION],Pathway Location,
PL17782,"SUMO E3 ligases SUMOylate target proteins > SUMOylation of chromatin organization proteins > PIAS1 SUMOylates SATB1 with SUMO2,3 [ACTIVATION]",Pathway Location,
PL17783,SUMO E3 ligases SUMOylate target proteins > SUMOylation of chromatin organization proteins > PIAS1 SUMOylates SATB1 with SUMO1 [ACTIVATION],Pathway Location,
PL17784,SUMO E3 ligases SUMOylate target proteins > SUMOylation of chromatin organization proteins > SUMOylation of HDAC2 with SUMO1 [ACTIVATION],Pathway Location,
PL17785,SUMO E3 ligases SUMOylate target proteins > SUMOylation of chromatin organization proteins > SUMOylation of Histone H4 with SUMO3 [ACTIVATION],Pathway Location,
PL17786,SUMO E3 ligases SUMOylate target proteins > SUMOylation of chromatin organization proteins > CBX4 SUMOylates BMI1 in PRC1 with SUMO1 [ACTIVATION],Pathway Location,
PL17787,SUMO E3 ligases SUMOylate target proteins > SUMOylation of chromatin organization proteins > SUMOylation of Histone H4 with SUMO1 [ACTIVATION],Pathway Location,
PL17788,SUMO E3 ligases SUMOylate target proteins > SUMOylation of chromatin organization proteins > PIAS2-2 SUMOylates SUZ12 with SUMO1 [ACTIVATION],Pathway Location,
PL17789,SUMO E3 ligases SUMOylate target proteins > SUMOylation of chromatin organization proteins > CBX4 SUMOylates CBX4 in PRC1 with SUMO1 [ACTIVATION],Pathway Location,
PL17790,"SUMO E3 ligases SUMOylate target proteins > SUMOylation of intracellular receptors > PIAS1,2-1 SUMOylate NR5A2 with SUMO1 [ACTIVATION]",Pathway Location,
PL17791,"SUMO E3 ligases SUMOylate target proteins > SUMOylation of intracellular receptors > PIAS1,2-1 SUMOylates AR with SUMO1 [ACTIVATION]",Pathway Location,
PL17792,SUMO E3 ligases SUMOylate target proteins > SUMOylation of intracellular receptors > PIAS1 SUMOylates THRB with SUMO1 [ACTIVATION],Pathway Location,
PL17793,SUMO E3 ligases SUMOylate target proteins > SUMOylation of intracellular receptors > PIAS2-2 SUMOylates THRA with SUMO3 [ACTIVATION],Pathway Location,
PL17794,SUMO E3 ligases SUMOylate target proteins > SUMOylation of intracellular receptors > PIAS1 SUMOylates THRB with SUMO3 [ACTIVATION],Pathway Location,
PL17795,"SUMO E3 ligases SUMOylate target proteins > SUMOylation of intracellular receptors > PIAS1,3 SUMOylates NR5A1 with SUMO2 [ACTIVATION]",Pathway Location,
PL17796,"SUMO E3 ligases SUMOylate target proteins > SUMOylation of intracellular receptors > PIAS2,3,4 SUMOylate RORA with SUMO2 [ACTIVATION]",Pathway Location,
PL17797,SUMO E3 ligases SUMOylate target proteins > SUMOylation of intracellular receptors > PIAS3 SUMOylates PGR with SUMO1 [ACTIVATION],Pathway Location,
PL17798,SUMO E3 ligases SUMOylate target proteins > SUMOylation of intracellular receptors > SUMOylation of RARA with SUMO2 [ACTIVATION],Pathway Location,
PL17799,SUMO E3 ligases SUMOylate target proteins > SUMOylation of intracellular receptors > PIAS1 SUMOylates NR2C1 (TR2) [ACTIVATION],Pathway Location,
PL17800,SUMO E3 ligases SUMOylate target proteins > SUMOylation of intracellular receptors > PIAS4 SUMOylates PPARA with SUMO1 [ACTIVATION],Pathway Location,
PL17801,"SUMO E3 ligases SUMOylate target proteins > SUMOylation of intracellular receptors > HDAC4 SUMOylates NR1H2 (LXRbeta) with SUMO2,3 [ACTIVATION]",Pathway Location,
PL17802,"SUMO E3 ligases SUMOylate target proteins > SUMOylation of intracellular receptors > PIAS1,3 SUMOylates NR5A1 with SUMO1 [ACTIVATION]",Pathway Location,
PL17803,"SUMO E3 ligases SUMOylate target proteins > SUMOylation of intracellular receptors > HDAC4 SUMOylates NR1H3 (LXRalpha) with SUMO2,3 [ACTIVATION]",Pathway Location,
PL17804,SUMO E3 ligases SUMOylate target proteins > SUMOylation of intracellular receptors > SUMOylation of NR1I2 with SUMO3,Pathway Location,
PL17805,"SUMO E3 ligases SUMOylate target proteins > SUMOylation of intracellular receptors > PIAS1,2-2 SUMOylate PPARG with SUMO1 [ACTIVATION]",Pathway Location,
PL17806,"SUMO E3 ligases SUMOylate target proteins > SUMOylation of intracellular receptors > PIAS2,3,4 SUMOylate RORA with SUMO1 [ACTIVATION]",Pathway Location,
PL17807,SUMO E3 ligases SUMOylate target proteins > SUMOylation of intracellular receptors > SUMOylation of NR1H4 with SUMO1,Pathway Location,
PL17808,SUMO E3 ligases SUMOylate target proteins > SUMOylation of intracellular receptors > SUMOylation of NR3C1 (GR) with SUMO1 [ACTIVATION],Pathway Location,
PL17809,"SUMO E3 ligases SUMOylate target proteins > SUMOylation of intracellular receptors > PIAS1,3 SUMOylate ESR1 with SUMO1 [ACTIVATION]",Pathway Location,
PL17810,SUMO E3 ligases SUMOylate target proteins > SUMOylation of intracellular receptors > PIAS4 SUMOylates VDR with SUMO2 [ACTIVATION],Pathway Location,
PL17811,"SUMO E3 ligases SUMOylate target proteins > SUMOylation of intracellular receptors > PIAS4 SUMOylates NR4A2 with SUMO2,3 [ACTIVATION]",Pathway Location,
PL17812,SUMO E3 ligases SUMOylate target proteins > SUMOylation of intracellular receptors > PIAS2-2 SUMOylates THRA with SUMO1 [ACTIVATION],Pathway Location,
PL17813,SUMO E3 ligases SUMOylate target proteins > SUMOylation of intracellular receptors > PIAS1 SUMOylates NR3C2 (Mineralcorticoid Receptor) with SUMO1 [ACTIVATION],Pathway Location,
PL17814,SUMO E3 ligases SUMOylate target proteins > SUMOylation of intracellular receptors > SUMOylation of RXRA with SUMO1 [ACTIVATION],Pathway Location,
PL17815,SUMO E3 ligases SUMOylate target proteins > SUMOylation of SUMOylation proteins > SUMOylation of PIAS4 with SUMO1 [ACTIVATION],Pathway Location,
PL17816,SUMO E3 ligases SUMOylate target proteins > SUMOylation of SUMOylation proteins > RANBP2 SUMOylates RANBP2 with SUMO2 [ACTIVATION],Pathway Location,
PL17817,SUMO E3 ligases SUMOylate target proteins > SUMOylation of SUMOylation proteins > SUMOylation of UBE2I with SUMO1 [ACTIVATION],Pathway Location,
PL17818,SUMO E3 ligases SUMOylate target proteins > SUMOylation of SUMOylation proteins > SUMOylation of TOPORS with SUMO1 [ACTIVATION],Pathway Location,
PL17819,SUMO E3 ligases SUMOylate target proteins > SUMOylation of SUMOylation proteins > RANBP2 SUMOylates RANBP2 with SUMO1 [ACTIVATION],Pathway Location,
PL17820,SUMO E3 ligases SUMOylate target proteins > SUMOylation of RNA binding proteins > CBX4 (Pc2) SUMOylates HNRNPK with SUMO2 [ACTIVATION],Pathway Location,
PL17821,SUMO E3 ligases SUMOylate target proteins > SUMOylation of RNA binding proteins > SUMOylation of NOP58 with SUMO2 [ACTIVATION],Pathway Location,
PL17822,SUMO E3 ligases SUMOylate target proteins > SUMOylation of RNA binding proteins > SUMOylation of NOP58 with SUMO1 [ACTIVATION],Pathway Location,
PL17823,SUMO E3 ligases SUMOylate target proteins > SUMOylation of RNA binding proteins > RANBP2 (NUP358) SUMOylates HNRNPC with SUMO1 [ACTIVATION],Pathway Location,
PL17824,SUMO E3 ligases SUMOylate target proteins > SUMOylation of nuclear envelope proteins > Conjugation of SUMO1 to RANGAP1 [ACTIVATION],Pathway Location,
PL17825,"SUMO E3 ligases SUMOylate target proteins > SUMOylation of transcription cofactors > SUMOylation of NPM1 with SUMO2,3 [ACTIVATION]",Pathway Location,
PL17826,SUMO E3 ligases SUMOylate target proteins > SUMOylation of transcription cofactors > SUMOylation of DAXX with SUMO1 [ACTIVATION],Pathway Location,
PL17827,SUMO E3 ligases SUMOylate target proteins > SUMOylation of transcription cofactors > SUMOylation of NPM1 with SUMO1 [ACTIVATION],Pathway Location,
PL17828,SUMO E3 ligases SUMOylate target proteins > SUMOylation of transcription cofactors > PIAS1 SUMOylates DDX5 with SUMO2 [ACTIVATION],Pathway Location,
PL17829,SUMO E3 ligases SUMOylate target proteins > SUMOylation of transcription cofactors > SUMOylation of DDX5 with SUMO1 [ACTIVATION],Pathway Location,
PL17830,SUMO E3 ligases SUMOylate target proteins > SUMOylation of transcription cofactors > SUMOylation of ING2 with SUMO1 [ACTIVATION],Pathway Location,
PL17831,"SUMO E3 ligases SUMOylate target proteins > SUMOylation of transcription cofactors > PRC1 SUMOylates CTBP1 with SUMO2,3 [ACTIVATION]",Pathway Location,
PL17832,SUMO E3 ligases SUMOylate target proteins > SUMOylation of transcription cofactors > SUMOylation of PPARGC1A with SUMO1 [ACTIVATION],Pathway Location,
PL17833,SUMO E3 ligases SUMOylate target proteins > SUMOylation of transcription cofactors > SUMOylation of SRC1 with SUMO1 [ACTIVATION],Pathway Location,
PL17834,SUMO E3 ligases SUMOylate target proteins > SUMOylation of transcription cofactors > TOPORS SUMOylates SIN3A with SUMO1 [ACTIVATION],Pathway Location,
PL17835,"SUMO E3 ligases SUMOylate target proteins > SUMOylation of transcription cofactors > PIAS1 SUMOylates SAFB with SUMO2,3 [ACTIVATION]",Pathway Location,
PL17836,SUMO E3 ligases SUMOylate target proteins > SUMOylation of transcription cofactors > SUMOylation of NCOA2 with SUMO1 [ACTIVATION],Pathway Location,
PL17837,"SUMO E3 ligases SUMOylate target proteins > SUMOylation of transcription cofactors > CBX4, UHRF2 SUMOylate ZNF131 with SUMO1 [ACTIVATION]",Pathway Location,
PL17838,SUMO E3 ligases SUMOylate target proteins > SUMOylation of transcription cofactors > PRC1 SUMOylates CTBP1 with SUMO1 [ACTIVATION],Pathway Location,
PL17839,SUMO E3 ligases SUMOylate target proteins > SUMOylation of transcription cofactors > PIAS2-1 SUMOylates PARK7 with SUMO1 [ACTIVATION],Pathway Location,
PL17840,SUMO E3 ligases SUMOylate target proteins > SUMOylation of transcription cofactors > Pc2 SUMOylates FLASH [ACTIVATION],Pathway Location,
PL17841,"SUMO E3 ligases SUMOylate target proteins > SUMOylation of transcription cofactors > PIAS1,PIAS4 SUMOylate FLASH [ACTIVATION]",Pathway Location,
PL17842,SUMO E3 ligases SUMOylate target proteins > SUMOylation of transcription cofactors > SUMOylation of SMRT with SUMO1 [ACTIVATION],Pathway Location,
PL17843,"SUMO E3 ligases SUMOylate target proteins > SUMOylation of transcription cofactors > PIAS1,3 SUMOylate MBD1 with SUMO1 [ACTIVATION]",Pathway Location,
PL17844,SUMO E3 ligases SUMOylate target proteins > SUMOylation of transcription cofactors > TRIM28 SUMOylates TRIM28:ZNF350 with SUMO1 [ACTIVATION],Pathway Location,
PL17845,SUMO E3 ligases SUMOylate target proteins > SUMOylation of transcription cofactors > SUMOylation of EP300 with SUMO1 [ACTIVATION],Pathway Location,
PL17846,SUMO E3 ligases SUMOylate target proteins > SUMOylation of transcription cofactors > SUMOylation of HIPK2 with SUMO1 [ACTIVATION],Pathway Location,
PL17847,SUMO E3 ligases SUMOylate target proteins > SUMOylation of transcription cofactors > SUMOylation of CREBBP with SUMO1 [ACTIVATION],Pathway Location,
PL17848,SUMO E3 ligases SUMOylate target proteins > SUMOylation of transcription cofactors > SUMOylation of DDX17 with SUMO1 [ACTIVATION],Pathway Location,
PL17849,"SUMO E3 ligases SUMOylate target proteins > SUMOylation of transcription cofactors > PIAS1,3 SUMOylate NRIP1 with SUMO1 [ACTIVATION]",Pathway Location,
PL17850,SUMO E3 ligases SUMOylate target proteins > SUMOylation of transcription cofactors > PIAS1 SUMOylates SAFB with SUMO1 [ACTIVATION],Pathway Location,
PL17851,SUMO E3 ligases SUMOylate target proteins > SUMOylation of transcription cofactors > SUMOylation of MKL1 with SUMO1 [ACTIVATION],Pathway Location,
PL17852,SUMO E3 ligases SUMOylate target proteins > SUMOylation of DNA replication proteins > SUMOylation of TOP1 with SUMO1 [ACTIVATION],Pathway Location,
PL17853,SUMO E3 ligases SUMOylate target proteins > SUMOylation of DNA replication proteins > ACTIVATION,Pathway Location,
PL17854,SUMO E3 ligases SUMOylate target proteins > SUMOylation of DNA replication proteins > RANBP2 SUMOylates CDCA8 (Borealin) and PIAS3 SUMOylates AURKB (Aurora-B) [ACTIVATION],Pathway Location,
PL17855,SUMO E3 ligases SUMOylate target proteins > SUMOylation of DNA replication proteins > SUMOylation of TOP2B with SUMO1 [ACTIVATION],Pathway Location,
PL17856,SUMO E3 ligases SUMOylate target proteins > SUMOylation of DNA replication proteins > SUMOylation of AURKA with SUMO1,Pathway Location,
PL17857,SUMO E3 ligases SUMOylate target proteins > SUMOylation of DNA replication proteins > SUMOylation of PCNA with SUMO1 [ACTIVATION],Pathway Location,
PL17858,"SUMO E3 ligases SUMOylate target proteins > SUMOylation of DNA replication proteins > PIAS4 SUMOylates TOP2A with SUMO2,3 [ACTIVATION]",Pathway Location,
PL17859,SUMO E3 ligases SUMOylate target proteins > SUMOylation of DNA replication proteins > RANBP2 SUMOylates TOP2A with SUMO1 [ACTIVATION],Pathway Location,
PL17860,SUMO E3 ligases SUMOylate target proteins > SUMOylation of DNA replication proteins > SUMOylation of TOP2A with SUMO1 [ACTIVATION],Pathway Location,
PL17861,SUMO E3 ligases SUMOylate target proteins > SUMOylation of ubiquitinylation proteins > PIAS4 SUMOylates VHL with SUMO1 [ACTIVATION],Pathway Location,
PL17862,SUMO E3 ligases SUMOylate target proteins > SUMOylation of ubiquitinylation proteins > Conjugation of SUMO1 to MDM2 [ACTIVATION],Pathway Location,
PL17863,SUMO E3 ligases SUMOylate target proteins > SUMOylation of immune response proteins > SUMOylation of NFKBIA with SUMO1 [ACTIVATION],Pathway Location,
PL17864,SUMO E3 ligases SUMOylate target proteins > SUMOylation of immune response proteins > TOPORS SUMOylates IKBKE with SUMO1 [ACTIVATION],Pathway Location,
PL17865,SUMO E3 ligases SUMOylate target proteins > SUMOylation of immune response proteins > SUMOylation of NFKB2 with SUMO1 [ACTIVATION],Pathway Location,
PL17866,SUMO E3 ligases SUMOylate target proteins > SUMOylation of immune response proteins > SUMOylation of PKR [ACTIVATION],Pathway Location,
PL17867,SUMO E3 ligases SUMOylate target proteins > SUMOylation of immune response proteins > PIAS4 SUMOylates IKBKG with SUMO1 [ACTIVATION],Pathway Location,
PL17868,SUMO E3 ligases SUMOylate target proteins > SUMOylation of immune response proteins > PIAS3 SUMOylates RELA with SUMO3 [ACTIVATION],Pathway Location,
PL17869,"SUMO E3 ligases SUMOylate target proteins > SUMOylation of DNA damage response and repair proteins > PIAS4 SUMOylates PARP1 with SUMO2,3 [ACTIVATION]",Pathway Location,
PL17870,SUMO E3 ligases SUMOylate target proteins > SUMOylation of DNA damage response and repair proteins > PIAS4 SUMOylates PARP1 with SUMO1 [ACTIVATION],Pathway Location,
PL17871,"SUMO E3 ligases SUMOylate target proteins > SUMOylation of DNA damage response and repair proteins > CBX4 (Pc2) SUMOylates CETN2 with SUMO2,3 [ACTIVATION]",Pathway Location,
PL17872,SUMO E3 ligases SUMOylate target proteins > SUMOylation of DNA damage response and repair proteins > PIAS4 SUMOylates RNF168 with SUMO1 [ACTIVATION],Pathway Location,
PL17873,SUMO E3 ligases SUMOylate target proteins > SUMOylation of DNA damage response and repair proteins > SUMOylation of TDG with SUMO1 [ACTIVATION],Pathway Location,
PL17874,SUMO E3 ligases SUMOylate target proteins > SUMOylation of DNA damage response and repair proteins > SUMOylation of MDC1 with SUMO1 [ACTIVATION],Pathway Location,
PL17875,"SUMO E3 ligases SUMOylate target proteins > SUMOylation of DNA damage response and repair proteins > SUMOylation of RPA1 (RPA70) with SUMO2,3 [ACTIVATION]",Pathway Location,
PL17876,"SUMO E3 ligases SUMOylate target proteins > SUMOylation of DNA damage response and repair proteins > SUMOylation of TDG with SUMO2,3 [ACTIVATION]",Pathway Location,
PL17877,SUMO E3 ligases SUMOylate target proteins > SUMOylation of DNA damage response and repair proteins > Conjugation of SUMO1 to SP100 [ACTIVATION],Pathway Location,
PL17878,SUMO E3 ligases SUMOylate target proteins > SUMOylation of DNA damage response and repair proteins > Conjugation of SUMO1 to BRCA1 [ACTIVATION],Pathway Location,
PL17879,SUMO E3 ligases SUMOylate target proteins > SUMOylation of DNA damage response and repair proteins > Conjugation of SUMO1 to PML [ACTIVATION],Pathway Location,
PL17880,SUMO E3 ligases SUMOylate target proteins > SUMOylation of DNA damage response and repair proteins > RANBP2 SUMOylates PML with SUMO1 [ACTIVATION],Pathway Location,
PL17881,SUMO E3 ligases SUMOylate target proteins > SUMOylation of DNA damage response and repair proteins > Conjugation of SUMO3 to PML [ACTIVATION],Pathway Location,
PL17882,SUMO E3 ligases SUMOylate target proteins > SUMOylation of DNA damage response and repair proteins > SUMOylation of RAD52 with SUMO1 [ACTIVATION],Pathway Location,
PL17883,SUMO E3 ligases SUMOylate target proteins > SUMOylation of DNA damage response and repair proteins > SUMOylation of XPC with SUMO1 [ACTIVATION],Pathway Location,
PL17884,SUMO E3 ligases SUMOylate target proteins > SUMOylation of DNA damage response and repair proteins > Conjugation of SUMO2 to SP100 [ACTIVATION],Pathway Location,
PL17885,"SUMO E3 ligases SUMOylate target proteins > SUMOylation of DNA damage response and repair proteins > SUMOylation of MDC1 with SUMO2,3 [ACTIVATION]",Pathway Location,
PL17886,SUMO E3 ligases SUMOylate target proteins > SUMOylation of DNA damage response and repair proteins > SMC5-SMC6 Complex SUMOylates Cohesin with SUMO1 [ACTIVATION],Pathway Location,
PL17887,SUMO E3 ligases SUMOylate target proteins > SUMOylation of DNA damage response and repair proteins > Conjugation of SUMO2 to PML [ACTIVATION],Pathway Location,
PL17888,"SUMO E3 ligases SUMOylate target proteins > SUMOylation of DNA damage response and repair proteins > SUMOylation of BLM with SUMO2,3 [ACTIVATION]",Pathway Location,
PL17889,SUMO E3 ligases SUMOylate target proteins > SUMOylation of DNA damage response and repair proteins > CDKN2A (p14-ARF) SUMOylates WRN with SUMO1 [ACTIVATION],Pathway Location,
PL17890,"SUMO E3 ligases SUMOylate target proteins > SUMOylation of DNA damage response and repair proteins > PIAS1,2-1 SUMOylates XRCC4 with SUMO1 [ACTIVATION]",Pathway Location,
PL17891,"SUMO E3 ligases SUMOylate target proteins > SUMOylation of DNA damage response and repair proteins > Conjugation of SUMO2,3 to BRCA1 [ACTIVATION]",Pathway Location,
PL17892,SUMO E3 ligases SUMOylate target proteins > SUMOylation of DNA damage response and repair proteins > PIAS4 SUMOylates HERC2 with SUMO1 [ACTIVATION],Pathway Location,
R-HSA-69236,G1 Phase,Pathway,0.0458255091776543
PL02952,Cyclin D associated events in G1 > Tyrosine kinases phosphorylate Cip/Kip inhibitors bound to CDK4/6:CCND complexes [ACTIVATION],Pathway Location,
PL02957,Cyclin D associated events in G1 > Cyclin D:Cdk4/6 mediated phosphorylation of p130 (RBL2) and dissociation of phosphorylated p130 (RBL2) from DP1:E2F4/5 complex [ACTIVATION],Pathway Location,
PL02959,Cyclin D associated events in G1 > Cip/Kip CDK inhibitors bind CDK4/6:CCND complexes,Pathway Location,
PL02960,Cyclin D associated events in G1 > Formation of CDK4/6:CCND complexes [INHIBITION],Pathway Location,
PL02961,Cyclin D associated events in G1 > Ubiquitination of p130 (RBL2) by SCF (Skp2) [ACTIVATION],Pathway Location,
PL02964,Cyclin D associated events in G1 > Phosphorylated p130 (RBL2) binds SCF(Skp2):Cks1 complex,Pathway Location,
R-HSA-4791275,Signaling by WNT in cancer,Pathway,0.0461097828616463
PL18836,Signaling by RNF43 mutants > RNF43 frameshift mutants show enhanced WNT siganling,Pathway Location,
R-HSA-2428928,IRS-related events triggered by IGF1R,Pathway,0.0461388554615877
PL17743,"IGF1,2:p-Y1161,1165,1166-IGF1R binds IRS2",Pathway Location,
PL17744,"IGF1,2:p-Y1161,1165,1166-IGF1R phosphorylates IRS1,2,4 [ACTIVATION]",Pathway Location,
PL17745,"IGF1,2:p-Y1161,1165,1166-IGF1R binds IRS1,4",Pathway Location,
R-HSA-977444,GABA B receptor activation,Pathway,0.0461388554615877
PL04368,Activation of GABAB receptors > Adenylate cyclase inhibitory pathway > Adenylate cyclase increases the GTPase activity of G alpha-olf [ACTIVATION],Pathway Location,
PL04369,Activation of GABAB receptors > Adenylate cyclase inhibitory pathway > Dissociation of the Gi alpha:G olf complex,Pathway Location,
PL04370,Activation of GABAB receptors > Adenylate cyclase inhibitory pathway > G alpha-olf:GTP binds to Gi alpha1:GTP:adenylate cyclase complex,Pathway Location,
PL04371,Activation of GABAB receptors > Adenylate cyclase inhibitory pathway > G alpha (i) inhibits adenylate cyclase,Pathway Location,
PL04372,Activation of GABAB receptors > Adenylate cyclase inhibitory pathway > Adenylate cyclase increases the GTPase activity of Gi alpha [ACTIVATION],Pathway Location,
R-HSA-2428924,IGF1R signaling cascade,Pathway,0.0461388554615877
PL15058,"SHC-related events triggered by IGF1R > IGF1,2:p-Y1161,1165,1166-IGF1R binds SHC1",Pathway Location,
PL15059,SHC-related events triggered by IGF1R > IGF1R phosphorylates SHC1 [ACTIVATION],Pathway Location,
PL15060,SHC-related events triggered by IGF1R > p-3Y-SHC1 dissociates from IGF1R,Pathway Location,
PL15063,"IRS-related events triggered by IGF1R > IGF1,2:p-Y1161,1165,1166-IGF1R binds IRS2",Pathway Location,
PL15064,"IRS-related events triggered by IGF1R > IGF1,2:p-Y1161,1165,1166-IGF1R phosphorylates IRS1,2,4 [ACTIVATION]",Pathway Location,
PL15065,"IRS-related events triggered by IGF1R > IGF1,2:p-Y1161,1165,1166-IGF1R binds IRS1,4",Pathway Location,
R-HSA-991365,Activation of GABAB receptors,Pathway,0.0461388554615877
R-HSA-8951664,Neddylation,Pathway,0.0461388554615877
PL12112,AcM-UBE2M transfers NEDD8 to CRL1 E3 ubiquitin ligase complex [ACTIVATION],Pathway Location,
PL12115,MUL1 ubiquitinates UBXN7 [ACTIVATION],Pathway Location,
PL12117,NEDD8:AcM-UBE2M binds CRL4 E3 ubiquitin ligase complex,Pathway Location,
PL12118,AcM-UBE2M transfers NEDD8 to CRL4 E3 ubiquitin ligase complex [ACTIVATION],Pathway Location,
PL12120,AcM-UBE2F transfers NEDD8 to CRL5 E3 ubiquitin ligase complex [ACTIVATION],Pathway Location,
PL12121,AcM-UBE2M transfers NEDD8 to CRL3 E3 ubiquitin ligase complex [ACTIVATION],Pathway Location,
PL12122,NEDD8:AcM-UBE2M binds CRL3 E3 ubiquitin ligase complex,Pathway Location,
PL12127,MyrG-DCUN1D3 binds CRL1 E3 ubiquitin ligase complex,Pathway Location,
PL12128,NEDD8:AcM-UBE2F binds CRL5 E3 ubiquitin ligase complex,Pathway Location,
PL12129,COP9 signalosome deneddylates cytosolic CRL E3 ubiquitin ligase complexes [ACTIVATION],Pathway Location,
PL12133,UBXN7 binds VCP hexamer:UBF1:NPLOC4,Pathway Location,
PL12134,Ubiquitinated NFE2L2 is extracted from CRL3 complex for degradation,Pathway Location,
PL12135,UBXN7:UBF1:NPLOC4:VCP hexamer binds NFE2L2:CRL3 complex,Pathway Location,
PL12145,"VHL:EloB,C:NEDD8-CUL2:RBX1 complex binds UBXN7 [INHIBITION]",Pathway Location,
PL12147,NEDD8:AcM-UBE2M binds CRL1 E3 ubiquitin ligase complex,Pathway Location,
PL12152,COP9 signalosome deneddylates nuclear CRL4 E3 ubiquitin ligase complex [ACTIVATION],Pathway Location,
PL12153,COMMDs displace CAND1 from CRL4 E3 ubiquitin ligase complex,Pathway Location,
PL12154,CAND1 binds CRL4 E3 ubiquitin ligase in the nucleus,Pathway Location,
R-HSA-9006931,Signaling by Nuclear Receptors,Pathway,0.0461388554615877
PL11946,ESR-mediated signaling > Estrogen-independent phosphorylation of ESR1 S118 by MAPK1 and MAPK3 [ACTIVATION],Pathway Location,
PL11947,ESR-mediated signaling > HSP90-dependent ATP hydrolysis promotes release of ESR:ESTG from chaperone complex [ACTIVATION],Pathway Location,
PL11948,ESR-mediated signaling > ESTG binds ESR1:chaperone complex,Pathway Location,
PL11949,ESR-mediated signaling > ESR1 binds ESR1 antagonists,Pathway Location,
PL11950,ESR-mediated signaling > ESR1 binds ESR1 agonists,Pathway Location,
PL11951,ESR-mediated signaling > ESTG binds ESR2:chaperone complex,Pathway Location,
PL11972,ESR-mediated signaling > Extra-nuclear estrogen signaling > ACTIVATION,Pathway Location,
PL11975,ESR-mediated signaling > Extra-nuclear estrogen signaling > G-proteins dissociate from plasma-membrane estrogen receptors,Pathway Location,
PL11976,ESR-mediated signaling > Extra-nuclear estrogen signaling > Heterotrimeric G protein (i) binds membrane-associated ESRs:ESTG,Pathway Location,
PL11984,ESR-mediated signaling > Extra-nuclear estrogen signaling > Estrogen receptor binds IGF1R and SHC1 in response to estrogen,Pathway Location,
PL11987,ESR-mediated signaling > Estrogen-dependent gene expression > PRMT1 binds TBP:TFIIA:DDX5:ESR1:estrogen:TFF1 gene,Pathway Location,
PL11988,ESR-mediated signaling > Estrogen-dependent gene expression > HATs and coactivators are recruited to the CTSD gene,Pathway Location,
PL11989,ESR-mediated signaling > Estrogen-dependent gene expression > Estrogen-responsive CTSD expression [ACTIVATION],Pathway Location,
PL11994,ESR-mediated signaling > Estrogen-dependent gene expression > CARM1 binds TBP:TFIIA:DDX5:ESR1:estrogen:TFF1 gene,Pathway Location,
PL12006,ESR-mediated signaling > Estrogen-dependent gene expression > TBP and TFIIA bind TATA box on  ESR1:estrogen bound TFF1 gene promoter,Pathway Location,
PL12009,ESR-mediated signaling > Estrogen-dependent gene expression > Estrogen-responsive GREB1 gene transcription [ACTIVATION],Pathway Location,
PL12010,"ESR-mediated signaling > Estrogen-dependent gene expression > NR5A2, ZNF217 and NCOA3 bind GREB1 promoter",Pathway Location,
PL12047,LXR-mediated signaling > LXRs regulate gene expression linked to lipogenesis > Expression of SCD regulated by NR1H2 or NR1H3 [ACTIVATION],Pathway Location,
PL12056,LXR-mediated signaling > LXRs regulate gene expression linked to cholesterol transport and efflux > NR1H2 binds ABCA1,Pathway Location,
PL12070,LXR-mediated signaling > LXRs regulate gene expression linked to cholesterol transport and efflux > ABCA1 mRNA is translated [INHIBITION],Pathway Location,
PL12088,"Signaling by Retinoic Acid > RA biosynthesis pathway > CYP26A1,B1,C1 4-hydroxylate atRA [ACTIVATION]",Pathway Location,
R-HSA-453279,Mitotic G1 phase and G1/S transition,Pathway,0.0488214428002767
PL15076,G0 and Early G1 > Recruitment of HDAC1 by p130 (RBL2),Pathway Location,
PL15083,G1/S Transition > Cyclin E associated events during G1/S transition > ACTIVATION,Pathway Location,
PL15094,G1/S Transition > Activation of the pre-replicative complex > DNA polymerase epsilon binds at the origin [ACTIVATION],Pathway Location,
PL15095,G1/S Transition > Activation of the pre-replicative complex > DNA Replication Factor A (RPA) associates with the pre-replicative complex at the origin,Pathway Location,
PL15096,G1/S Transition > Activation of the pre-replicative complex > DNA polymerase alpha:primase binds at the origin [ACTIVATION],Pathway Location,
PL15103,G0 and Early G1 > p130 (RBL2) in complex with E2F4/5:DP1/2 binds to cyclin E/A:CDK2,Pathway Location,
PL15107,G1 Phase > Cyclin D associated events in G1 > Tyrosine kinases phosphorylate Cip/Kip inhibitors bound to CDK4/6:CCND complexes [ACTIVATION],Pathway Location,
PL15113,G1 Phase > Cyclin D associated events in G1 > Cip/Kip CDK inhibitors bind CDK4/6:CCND complexes,Pathway Location,
PL15114,G1 Phase > Cyclin D associated events in G1 > Formation of CDK4/6:CCND complexes [INHIBITION],Pathway Location,
PL15116,G1 Phase > Cyclin D associated events in G1 > Cyclin D:Cdk4/6 mediated phosphorylation of p130 (RBL2) and dissociation of phosphorylated p130 (RBL2) from DP1:E2F4/5 complex [ACTIVATION],Pathway Location,
PL15117,G1 Phase > Cyclin D associated events in G1 > Ubiquitination of p130 (RBL2) by SCF (Skp2) [ACTIVATION],Pathway Location,
PL15118,G1 Phase > Cyclin D associated events in G1 > Phosphorylated p130 (RBL2) binds SCF(Skp2):Cks1 complex,Pathway Location,
PL15124,G1/S Transition > G1/S-Specific Transcription > CDC6 gene expression is stimulated by E2F1 and repressed by the DREAM complex [INHIBITION],Pathway Location,
PL15125,G0 and Early G1 > Transcription of E2F targets under negative control by DREAM complex > CDC6 gene expression is stimulated by E2F1 and repressed by the DREAM complex [INHIBITION],Pathway Location,
PL15126,G1/S Transition > Cyclin E associated events during G1/S transition > MYC:MAX binds the CDC25A gene,Pathway Location,
PL15127,G0 and Early G1 > Transcription of E2F targets under negative control by DREAM complex > ACTIVATION,Pathway Location,
PL15130,G0 and Early G1 > Transcription of E2F targets under negative control by DREAM complex > RBL1 gene expression is repressed by the DREAM complex [INHIBITION],Pathway Location,
PL15131,G0 and Early G1 > Transcription of E2F targets under negative control by DREAM complex > TOP2A gene gene expression is repressed by the DREAM complex [INHIBITION],Pathway Location,
PL15132,G0 and Early G1 > p130 (RBL2) associates with MuvB to form DREAM complex,Pathway Location,
PL15133,G1/S Transition > G1/S-Specific Transcription > INHIBITION,Pathway Location,
PL15134,G0 and Early G1 > Transcription of E2F targets under negative control by DREAM complex > INHIBITION,Pathway Location,
PL15135,G1/S Transition > Cyclin E associated events during G1/S transition > INHIBITION,Pathway Location,
PL15136,G0 and Early G1 > Transcription of E2F targets under negative control by p107 (RBL1) and p130 (RBL2) in complex with HDAC1 > INHIBITION,Pathway Location,
PL15137,G0 and Early G1 > Transcription of E2F targets under negative control by DREAM complex > DREAM complex binds the RBL1 gene promoter,Pathway Location,
PL15138,G0 and Early G1 > Transcription of E2F targets under negative control by DREAM complex > DREAM complex binds the E2F1 gene promoter,Pathway Location,
PL15139,G0 and Early G1 > Transcription of E2F targets under negative control by DREAM complex > DREAM complex binds the TOP2A gene promoter,Pathway Location,
PL15140,G0 and Early G1 > Transcription of E2F targets under negative control by DREAM complex > DREAM complex binds the CDC6 gene promoter,Pathway Location,
PL15141,G0 and Early G1 > Transcription of E2F targets under negative control by DREAM complex > DREAM complex binds the CDC25A gene promoter,Pathway Location,
PL15142,G0 and Early G1 > Transcription of E2F targets under negative control by DREAM complex > DREAM complex binds the PCNA gene promoter,Pathway Location,
PL15170,G1/S Transition > Cyclin E associated events during G1/S transition > SCF(Skp2)-mediated degradation of p27/p21 > Degradation of ubiquitinated p27/p21 by the 26S proteasome [ACTIVATION],Pathway Location,
PL15171,G1/S Transition > Cyclin E associated events during G1/S transition > SCF(Skp2)-mediated degradation of p27/p21 > Ubiquitination of phospho-p27/p21 [ACTIVATION],Pathway Location,
PL15172,G1/S Transition > Cyclin E associated events during G1/S transition > SCF(Skp2)-mediated degradation of p27/p21 > Binding of phospho-p27/p21:Cdk2:Cyclin E/A to the SCF(Skp2):Cks1 complex,Pathway Location,
PL15173,G1/S Transition > Cyclin E associated events during G1/S transition > SCF(Skp2)-mediated degradation of p27/p21 > Association of Cks1 with SCF(Skp2) complex,Pathway Location,
R-HSA-5663213,RHO GTPases Activate WASPs and WAVEs,Pathway,0.0506362091389177
PL18918,ABL phosphorylates WAVEs [ACTIVATION],Pathway Location,
PL18919,p-ERK phosphorylates WAVEs and ABI [ACTIVATION],Pathway Location,
PL14708,RAC1:GTP and PIP3 bind WAVE Regulatory Complex (WRC),Pathway Location,
R-HSA-9694631,Maturation of nucleoprotein,Pathway,0.0506362091389177
PL04974,Nucleoprotein is SUMOylated,Pathway Location,
R-HSA-1362300,Transcription of E2F targets under negative control by p107 (RBL1) and p130 (RBL2) in complex with HDAC1,Pathway,0.0506362091389177
R-HSA-9009391,Extra-nuclear estrogen signaling,Pathway,0.0507601477814456
PL05643,G-proteins dissociate from plasma-membrane estrogen receptors,Pathway Location,
PL05644,Heterotrimeric G protein (i) binds membrane-associated ESRs:ESTG,Pathway Location,
PL05652,Estrogen receptor binds IGF1R and SHC1 in response to estrogen,Pathway Location,
R-HSA-2404192,Signaling by Type 1 Insulin-like Growth Factor 1 Receptor (IGF1R),Pathway,0.0509293036563132
PL12316,"IGF1,2 binds IGF1R",Pathway Location,
PL12317,"IGF1,2:IGF1R autophosphorylates [ACTIVATION]",Pathway Location,
PL12318,"IGF1R signaling cascade > SHC-related events triggered by IGF1R > IGF1,2:p-Y1161,1165,1166-IGF1R binds SHC1",Pathway Location,
PL12319,IGF1R signaling cascade > SHC-related events triggered by IGF1R > IGF1R phosphorylates SHC1 [ACTIVATION],Pathway Location,
PL12320,IGF1R signaling cascade > SHC-related events triggered by IGF1R > p-3Y-SHC1 dissociates from IGF1R,Pathway Location,
PL12323,"IGF1R signaling cascade > IRS-related events triggered by IGF1R > IGF1,2:p-Y1161,1165,1166-IGF1R binds IRS2",Pathway Location,
PL12324,"IGF1R signaling cascade > IRS-related events triggered by IGF1R > IGF1,2:p-Y1161,1165,1166-IGF1R phosphorylates IRS1,2,4 [ACTIVATION]",Pathway Location,
PL12325,"IGF1R signaling cascade > IRS-related events triggered by IGF1R > IGF1,2:p-Y1161,1165,1166-IGF1R binds IRS1,4",Pathway Location,
R-HSA-421270,Cell-cell junction organization,Pathway,0.0509293036563132
PL05049,Adherens junctions interactions > Nectin/Necl  trans heterodimerization > Necl-1:Necl-2 trans heterodimer interaction,Pathway Location,
PL05051,Adherens junctions interactions > Nectin/Necl  trans heterodimerization > Necl-2:Nectin 3 trans heterodimer interaction,Pathway Location,
PL05098,Adherens junctions interactions > Regulation of Homotypic Cell-Cell Adhesion > Regulation of Expression and Function of Type II Classical Cadherins > Regulation of CDH11 Expression and Function > Regulation of CDH11 gene transcription > ACTIVATION,Pathway Location,
PL05101,Adherens junctions interactions > Regulation of Homotypic Cell-Cell Adhesion > Regulation of Expression and Function of Type II Classical Cadherins > Regulation of CDH11 Expression and Function > Regulation of CDH11 gene transcription > ILF3 and HOXC8 bind CDH11 gene promoter,Pathway Location,
PL05102,Adherens junctions interactions > Regulation of Homotypic Cell-Cell Adhesion > Regulation of Expression and Function of Type II Classical Cadherins > Regulation of CDH11 Expression and Function > Regulation of CDH11 gene transcription > HOXC8 binds CDH11 gene promoter,Pathway Location,
PL05103,Adherens junctions interactions > Regulation of Homotypic Cell-Cell Adhesion > Regulation of Expression and Function of Type II Classical Cadherins > Regulation of CDH11 Expression and Function > Regulation of CDH11 gene transcription > ILF3 binds HOXC8,Pathway Location,
PL05104,Adherens junctions interactions > Regulation of Homotypic Cell-Cell Adhesion > Regulation of Expression and Function of Type II Classical Cadherins > Regulation of CDH11 Expression and Function > Regulation of CDH11 gene transcription > CDH11 gene is transcribed into nascent CDH11 mRNA [ACTIVATION],Pathway Location,
PL05178,Adherens junctions interactions > Regulation of Homotypic Cell-Cell Adhesion > Regulation of Expression and Function of Type II Classical Cadherins > Regulation of CDH11 Expression and Function > Regulation of CDH11 gene transcription > ZEB2 binds SP1,Pathway Location,
PL05179,Adherens junctions interactions > Regulation of Homotypic Cell-Cell Adhesion > Regulation of Expression and Function of Type II Classical Cadherins > Regulation of CDH11 Expression and Function > Regulation of CDH11 gene transcription > ZEB2 and SP1 bind CDH11 gene promoter,Pathway Location,
PL05191,Adherens junctions interactions > Regulation of Homotypic Cell-Cell Adhesion > Regulation of Expression and Function of Type I Classical Cadherins > Regulation of CDH1 Expression and Function > Regulation of CDH1 Gene Transcription > Negative Regulation of CDH1 Gene Transcription > ZEB2 represses CDH1 gene transcription [INHIBITION],Pathway Location,
PL05192,Adherens junctions interactions > Regulation of Homotypic Cell-Cell Adhesion > Regulation of Expression and Function of Type I Classical Cadherins > Regulation of CDH1 Expression and Function > Regulation of CDH1 Gene Transcription > Negative Regulation of CDH1 Gene Transcription > ZEB2 binds CDH1 gene promoter,Pathway Location,
PL05193,Adherens junctions interactions > Regulation of Homotypic Cell-Cell Adhesion > Regulation of Expression and Function of Type I Classical Cadherins > Regulation of CDH1 Expression and Function > Regulation of CDH1 Gene Transcription > Positive Regulation of CDH1 Gene Transcription > KLF4 binds CDH1 gene promoter [INHIBITION],Pathway Location,
R-HSA-190236,Signaling by FGFR,Pathway,0.0509293036563132
PL07798,Signaling by FGFR2 > FGFR2 alternative splicing > ESRP1 and 2 bind FGFR2 pre-mRNA to promote FGFR2b maturation and expression,Pathway Location,
PL07799,Signaling by FGFR2 > FGFR2 alternative splicing > ACTIVATION,Pathway Location,
PL07800,Signaling by FGFR2 > FGFR2 alternative splicing > INHIBITION,Pathway Location,
PL07801,Signaling by FGFR2 > FGFR2 alternative splicing > PTB and hnRNPA1 bind FGFR2 pre-mRNA to repress IIIb splicing and promote formation of FGFR2c mRNA,Pathway Location,
PL07802,Signaling by FGFR2 > FGFR2 alternative splicing > FGFR2b-specific alternative splicing produces FGFR2b transcript [INHIBITION],Pathway Location,
PL07803,Signaling by FGFR2 > FGFR2 alternative splicing > FGFR2c-specific alternative splicing produces FGFR2c transcript [ACTIVATION],Pathway Location,
R-HSA-201451,Signaling by BMP,Pathway,0.0512380856692955
PL18977,"The ligand trap binds the ligand BMP2, blocking BMP signalling",Pathway Location,
R-HSA-1266738,Developmental Biology,Pathway,0.0598556993060579
PL16682,Myogenesis > Phosphorylation of MEF2 proteins by p38 [ACTIVATION],Pathway Location,
PL16695,Transcriptional regulation of pluripotent stem cells > Transcription of POU5F1 (OCT4) [ACTIVATION],Pathway Location,
PL16696,Transcriptional regulation of pluripotent stem cells > Formation of OCT4:SOX2:NANOG:ZSCAN10:PRDM14:SMAD2:FOXP1-ES Complex at OCT4 Promoter,Pathway Location,
PL16697,Transcriptional regulation of pluripotent stem cells > Expression of EPAS1 (HIF2A) [ACTIVATION],Pathway Location,
PL16700,Transcriptional regulation of pluripotent stem cells > ACTIVATION,Pathway Location,
PL16702,"Transcriptional regulation of pluripotent stem cells > POU5F1 (OCT4), SOX2, NANOG, KLF4, PBX1, SMAD2 bind the NANOG promoter",Pathway Location,
PL16724,Signaling by NODAL > Type II Activin Receptor (ActRIIB/ACVR2B) phosphorylates Type I Activin Receptor (ActRIC/ACVR1C) in response to NODAL [ACTIVATION],Pathway Location,
PL16726,Signaling by NODAL > Phosphorylation of R-SMAD2/3 by NODAL receptor [ACTIVATION],Pathway Location,
PL16730,Cardiogenesis > Expression of MYOCD in cardiogenesis [ACTIVATION],Pathway Location,
PL16731,"Cardiogenesis > FOXO4, MEF2C, and NKX2-5 bind the MYOCD gene",Pathway Location,
PL16736,Cardiogenesis > Expression of MEF2C in cardiogenesis [ACTIVATION],Pathway Location,
PL16740,Cardiogenesis > Expression of SMYD1 (BOP) in cardiogenesis [ACTIVATION],Pathway Location,
PL16744,"Cardiogenesis > GATA4, SMAD1:SMAD4, MEF2C, TBX20, and NKX2-5 bind the NKX2-5 gene",Pathway Location,
PL16750,Cardiogenesis > Expression of NKX2-5 in cardiogenesis [ACTIVATION],Pathway Location,
PL16751,Cardiogenesis > MEF2C binds the SMYD1 (BOP) gene,Pathway Location,
PL16756,"Transcriptional regulation of granulopoiesis > RUNX1, SPI1 (PU.1), GATA2, TAL1 (SCL), FLI1, and MYB bind the CEBPA promoter",Pathway Location,
PL16757,"Transcriptional regulation of granulopoiesis > CEBPA gene transcription is enhanced by RUNX1, SPI1 (PU.1), GATA2, TAL1 (SCL), FLI1, MYB, LEF1, and CEBPA [ACTIVATION]",Pathway Location,
PL16777,Maternal to zygotic transition (MZT) > Chromatin modifications during the maternal to zygotic transition (MZT) > KDM6B (JMJD3) demethylates histone H3 trimethyllysine-27 (H3K27me3) [ACTIVATION],Pathway Location,
PL16781,Maternal to zygotic transition (MZT) > Chromatin modifications during the maternal to zygotic transition (MZT) > TET3 oxidizes 5-methylcytosine to 5-hydroxymethylcytosine in chromatin containing histone H3.3 [ACTIVATION],Pathway Location,
PL16782,Maternal to zygotic transition (MZT) > Chromatin modifications during the maternal to zygotic transition (MZT) > TET3 binds chromatin with H3K17me2a and 5-mC:METTL23:STGP4,Pathway Location,
PL16829,Nervous system development > EGR2 and SOX10-mediated initiation of Schwann cell myelination > HMGCR gene expression [ACTIVATION],Pathway Location,
PL16832,Nervous system development > EGR2 and SOX10-mediated initiation of Schwann cell myelination > L-PRX:DRP:DGC:laminin-211 interacts with UTRN,Pathway Location,
PL16833,Nervous system development > EGR2 and SOX10-mediated initiation of Schwann cell myelination > L-PRX:DRP2 binds dystroglycan and laminin-211,Pathway Location,
PL16876,Gastrulation > Specification of the neural plate border > TFAP2A:TFAP2B binds the GBX2 gene,Pathway Location,
PL16877,Gastrulation > Specification of the neural plate border > ACTIVATION,Pathway Location,
PL16878,Gastrulation > Specification of the neural plate border > TFAP2A binds TFAP2B,Pathway Location,
PL16909,Gastrulation > Formation of the anterior neural plate > Expression of SOX1 in neural plate [ACTIVATION],Pathway Location,
PL16910,Gastrulation > Formation of the posterior neural plate > Expression of SOX1 in neural plate [ACTIVATION],Pathway Location,
PL16915,Gastrulation > Formation of the posterior neural plate > ACTIVATION,Pathway Location,
PL16927,Gastrulation > Formation of the anterior neural plate > Expression of ZEB2 in neural plate [ACTIVATION],Pathway Location,
PL16928,Gastrulation > Formation of the posterior neural plate > Expression of ZEB2 in neural plate [ACTIVATION],Pathway Location,
PL16978,"Transcriptional regulation of pluripotent stem cells > POU5F1 (OCT4), SOX2, NANOG activate genes related to proliferation > Expression of FGF2 [ACTIVATION]",Pathway Location,
PL16982,Activation of HOX genes during differentiation > Activation of anterior HOX genes in hindbrain development during early embryogenesis > Retinoic acid activates HOXD4 chromatin,Pathway Location,
PL16989,Activation of HOX genes during differentiation > Activation of anterior HOX genes in hindbrain development during early embryogenesis > HOXD4 gene is transcribed [ACTIVATION],Pathway Location,
PL16990,Activation of HOX genes during differentiation > Activation of anterior HOX genes in hindbrain development during early embryogenesis > Retinoic acid activates HOXA4 chromatin,Pathway Location,
PL16991,Activation of HOX genes during differentiation > Activation of anterior HOX genes in hindbrain development during early embryogenesis > Retinoic acid activates HOXB4 chromatin,Pathway Location,
PL16992,Activation of HOX genes during differentiation > Activation of anterior HOX genes in hindbrain development during early embryogenesis > HOXA4 gene is transcribed [ACTIVATION],Pathway Location,
PL16993,Activation of HOX genes during differentiation > Activation of anterior HOX genes in hindbrain development during early embryogenesis > HOXB4 gene is transcribed [ACTIVATION],Pathway Location,
PL17119,Adipogenesis > Transcriptional regulation of white adipocyte differentiation > Expression of Leptin [INHIBITION],Pathway Location,
PL17120,Adipogenesis > Transcriptional regulation of white adipocyte differentiation > Expression of Phosphoenolpyruvate carboxykinase 1 (PEPCK-C) [ACTIVATION],Pathway Location,
PL17121,Adipogenesis > Transcriptional regulation of white adipocyte differentiation > ACTIVATION,Pathway Location,
PL17128,Adipogenesis > Transcriptional regulation of white adipocyte differentiation > Expression of Perilipin (PLIN) [ACTIVATION],Pathway Location,
PL17135,Adipogenesis > Transcriptional regulation of white adipocyte differentiation > Expression of Adiponectin [ACTIVATION],Pathway Location,
PL17136,Adipogenesis > Transcriptional regulation of white adipocyte differentiation > PPARG:RXRA heterodimer binds to fatty acid-like ligands,Pathway Location,
PL17140,"Adipogenesis > Transcriptional regulation of white adipocyte differentiation > Expression of CD36 (platelet glycoprotein IV, FAT) [ACTIVATION]",Pathway Location,
PL17153,Adipogenesis > Transcriptional regulation of white adipocyte differentiation > Expression of EBF1 [ACTIVATION],Pathway Location,
PL17154,Adipogenesis > Transcriptional regulation of white adipocyte differentiation > Expression of Lipoprotein lipase (LPL) [ACTIVATION],Pathway Location,
PL17180,Gastrulation > Formation of intermediate mesoderm > ACTIVATION,Pathway Location,
PL17181,Kidney development > Formation of the nephric duct > ACTIVATION,Pathway Location,
PL17183,Kidney development > Formation of the nephric duct > Expression of PCDH19 in the nephric duct [ACTIVATION],Pathway Location,
PL17188,"Differentiation of T cells > Differentiation of naive CD4+ T cells to T helper 2 cells (Th2 cells) > GATA3, CHD4, and the NuRD complex bind the TBX21 (T-BET) gene",Pathway Location,
PL17195,Kidney development > Formation of the nephric duct > Expression of PAX2 in the nephric duct [ACTIVATION],Pathway Location,
PL17196,Kidney development > Formation of the nephric duct > Expression of EMX2 in the nephric duct [ACTIVATION],Pathway Location,
PL17252,Nervous system development > Axon guidance > L1CAM interactions > Phosphorylation of L1 by EPHB2 [ACTIVATION],Pathway Location,
PL17258,Nervous system development > Axon guidance > Signaling by ROBO receptors > Ena/VASP proteins bind ROBO1:SLIT2 complex,Pathway Location,
PL17259,Nervous system development > Axon guidance > Signaling by ROBO receptors > Recruitment of Profilin by Ena/VASP proteins,Pathway Location,
PL17319,MITF-M-regulated melanocyte development > MITF-M-dependent gene expression > Regulation of MITF-M-dependent genes involved in cell cycle and proliferation > MITF-M and CTNNB1-dependent CCND1 expression [ACTIVATION],Pathway Location,
PL17340,MITF-M-regulated melanocyte development > MITF-M-dependent gene expression > Regulation of MITF-M-dependent genes involved in pigmentation > ACTIVATION,Pathway Location,
PL17342,MITF-M-regulated melanocyte development > MITF-M-dependent gene expression > Regulation of MITF-M-dependent genes involved in pigmentation > MITF-M dimer and the SWI/SNF complex bind the TYRP1 promoter,Pathway Location,
PL17343,MITF-M-regulated melanocyte development > MITF-M-dependent gene expression > Regulation of MITF-M-dependent genes involved in pigmentation > MITF-M and the SWI/SNF complex bind the TYR promoter,Pathway Location,
PL17344,MITF-M-regulated melanocyte development > MITF-M-dependent gene expression > Regulation of MITF-M-dependent genes involved in pigmentation > MITF-M-dependent TYRP1 gene expression [ACTIVATION],Pathway Location,
PL17447,Adipogenesis > Transcriptional regulation of brown and beige adipocyte differentiation > Transcriptional regulation of brown and beige adipocyte differentiation by EBF2 > ZNF423 recruits NuRD to EBF2 target genes,Pathway Location,
PL17448,Adipogenesis > Transcriptional regulation of brown and beige adipocyte differentiation > Transcriptional regulation of brown and beige adipocyte differentiation by EBF2 > INHIBITION,Pathway Location,
PL17449,Adipogenesis > Transcriptional regulation of brown and beige adipocyte differentiation > Transcriptional regulation of brown and beige adipocyte differentiation by EBF2 > PPARA gene expression is stimulated by EBF2 and PPARG and repressed by ZNF423 and NuRD [INHIBITION],Pathway Location,
PL17455,Developmental Cell Lineages > Developmental Cell Lineages of the Exocrine Pancreas > Developmental Lineage of Multipotent Pancreatic Progenitor Cells > ACTIVATION,Pathway Location,
PL17456,Developmental Cell Lineages > Developmental Cell Lineages of the Exocrine Pancreas > Developmental Lineage of Multipotent Pancreatic Progenitor Cells > Definitive endoderm cell produces ventral foregut endoderm cell [ACTIVATION],Pathway Location,
PL17462,Nervous system development > Axon guidance > EPH-Ephrin signaling > Ephrin signaling > PAKs phosphorylate MLC [ACTIVATION],Pathway Location,
PL17463,Nervous system development > Axon guidance > EPH-Ephrin signaling > Ephrin signaling > PAKs autophosphorylate [ACTIVATION],Pathway Location,
PL17464,Nervous system development > Axon guidance > EPH-Ephrin signaling > Ephrin signaling > SFKs phosphorylate GIT1 [ACTIVATION],Pathway Location,
PL17465,"Nervous system development > Axon guidance > EPH-Ephrin signaling > Ephrin signaling > bPIX exchanges GTP for GDP on RAC, activating it [ACTIVATION]",Pathway Location,
PL17466,Nervous system development > Axon guidance > EPH-Ephrin signaling > Ephrin signaling > GIT1 binds bPIX,Pathway Location,
PL17467,Nervous system development > Axon guidance > EPH-Ephrin signaling > Ephrin signaling > PAK binds RAC and bPIX,Pathway Location,
PL17468,Nervous system development > Axon guidance > EPH-Ephrin signaling > Ephrin signaling > EFNB:GRB4 binds GIT1,Pathway Location,
PL17469,Nervous system development > Axon guidance > EPH-Ephrin signaling > Ephrin signaling > p-EFNB binds GRB4,Pathway Location,
PL17470,Nervous system development > Axon guidance > EPH-Ephrin signaling > Ephrin signaling > SFKs phosphorylate EFNBs [ACTIVATION],Pathway Location,
PL17474,Nervous system development > Axon guidance > EPH-Ephrin signaling > EPHB-mediated forward signaling > N-WASP binds ARP2/3 and G-actin,Pathway Location,
PL17485,Nervous system development > Axon guidance > EPH-Ephrin signaling > EPHB-mediated forward signaling > EPHB binds ITSN1,Pathway Location,
PL17486,Nervous system development > Axon guidance > EPH-Ephrin signaling > EPHB-mediated forward signaling > N-WASP binds ITSN1,Pathway Location,
PL17487,"Nervous system development > Axon guidance > EPH-Ephrin signaling > EPHB-mediated forward signaling > CDC42 and PIP2 bind WASL, activating it",Pathway Location,
PL17488,"Nervous system development > Axon guidance > EPH-Ephrin signaling > EPHB-mediated forward signaling > ITSN1 exchanges GTP for GDP on CDC42, activating it [ACTIVATION]",Pathway Location,
PL17501,Nervous system development > Axon guidance > EPH-Ephrin signaling > EPH-ephrin mediated repulsion of cells > Clathrin internalises EPH:EFN complexes,Pathway Location,
PL17502,"Nervous system development > Axon guidance > EPH-Ephrin signaling > EPH-ephrin mediated repulsion of cells > MMP2,9 cleave EPHB [ACTIVATION]",Pathway Location,
PL17503,Nervous system development > Axon guidance > EPH-Ephrin signaling > EPHBs bind EFNBs,Pathway Location,
PL17504,Nervous system development > Axon guidance > EPH-Ephrin signaling > Ephrin signaling > EFNBs bind SDCBP,Pathway Location,
PL17505,Nervous system development > Axon guidance > EPH-Ephrin signaling > Ephrin signaling > EFNBs bind SFKs,Pathway Location,
PL17506,Nervous system development > Axon guidance > Semaphorin interactions > CRMPs in Sema3A signaling > Tyrosine phosphorylation of CRMPs by Fes [ACTIVATION],Pathway Location,
PL17507,Nervous system development > Axon guidance > Semaphorin interactions > CRMPs in Sema3A signaling > Phosphorylation of CRMPs by Cdk5 [ACTIVATION],Pathway Location,
PL17508,Nervous system development > Axon guidance > Semaphorin interactions > CRMPs in Sema3A signaling > Recruitment and activation of Cdk5 [ACTIVATION],Pathway Location,
PL17509,Nervous system development > Axon guidance > Semaphorin interactions > CRMPs in Sema3A signaling > Phosphorylation of CRMPs by GSK3beta [ACTIVATION],Pathway Location,
PL17514,Nervous system development > Axon guidance > Semaphorin interactions > Sema3A PAK dependent Axon repulsion > Phosphorylation of LIMK-1 by PAK [ACTIVATION],Pathway Location,
PL17515,Nervous system development > Axon guidance > Semaphorin interactions > Sema3A PAK dependent Axon repulsion > Autophosphorylation of PAK [ACTIVATION],Pathway Location,
PL17519,Nervous system development > Axon guidance > Semaphorin interactions > Other semaphorin interactions > SEMA6A binds to PLXNA2 and PLXNA4,Pathway Location,
PL17525,Nervous system development > Axon guidance > Semaphorin interactions > CRMPs in Sema3A signaling > Activation of Fyn,Pathway Location,
PL17526,Nervous system development > Axon guidance > Semaphorin interactions > SEMA3A-Plexin repulsion signaling by inhibiting Integrin adhesion > Plexin-A1-4 binds NRP1,Pathway Location,
PL17527,Nervous system development > Axon guidance > Semaphorin interactions > SEMA3A-Plexin repulsion signaling by inhibiting Integrin adhesion > Phosphorylation of Plexin-A [ACTIVATION],Pathway Location,
PL17528,Nervous system development > Axon guidance > Semaphorin interactions > SEMA3A-Plexin repulsion signaling by inhibiting Integrin adhesion > Sema3A binds Nrp-1 bound to PlexinA,Pathway Location,
PL17529,Nervous system development > Axon guidance > Semaphorin interactions > Sema3A PAK dependent Axon repulsion > Activation of PAK by Rac1,Pathway Location,
PL17530,Nervous system development > Axon guidance > Semaphorin interactions > SEMA3A-Plexin repulsion signaling by inhibiting Integrin adhesion > Rac1 binds PlexinA,Pathway Location,
PL17531,Nervous system development > Axon guidance > Semaphorin interactions > SEMA3A-Plexin repulsion signaling by inhibiting Integrin adhesion > Recruitment of Rnd1 to Plexin A,Pathway Location,
PL17532,Nervous system development > Axon guidance > Semaphorin interactions > SEMA3A-Plexin repulsion signaling by inhibiting Integrin adhesion > Inactivation of R-Ras by Sema3A-Plexin-A GAP activity [ACTIVATION],Pathway Location,
PL17535,Nervous system development > Axon guidance > L1CAM interactions > NrCAM interactions > NrCAM binds synapse-associated proteins,Pathway Location,
PL17541,Nervous system development > Axon guidance > L1CAM interactions > Neurofascin interactions > Phosphorylation of Neurofascin [ACTIVATION],Pathway Location,
PL17542,Nervous system development > Axon guidance > L1CAM interactions > Interaction between L1 and Ankyrins > Phosphorylation of Y1229 in L1 [ACTIVATION],Pathway Location,
PL17543,Nervous system development > Axon guidance > L1CAM interactions > Interaction between L1 and Ankyrins > L1 linked to actin cytoskeleton by ankyrin,Pathway Location,
PL17544,Nervous system development > Axon guidance > L1CAM interactions > Interaction between L1 and Ankyrins > Ankyrins link voltage-gated sodium and potassium channels to spectrin and L1,Pathway Location,
PL17546,Nervous system development > Axon guidance > L1CAM interactions > Neurofascin interactions > Trans-homodimerization of Neurofascin,Pathway Location,
PL17547,Nervous system development > Axon guidance > L1CAM interactions > Neurofascin interactions > Neurofascin binds Ankyrin-G,Pathway Location,
PL17548,Nervous system development > Axon guidance > L1CAM interactions > Interaction between L1 and Ankyrins > L1 dimer binds Ankyrin,Pathway Location,
PL17549,Nervous system development > Axon guidance > L1CAM interactions > NrCAM interactions > NrCAM binds Ankyrin-G,Pathway Location,
PL17562,Nervous system development > Axon guidance > L1CAM interactions > CHL1 interactions > CHL1 interacts with Ankyrin-G,Pathway Location,
PL17563,Nervous system development > Axon guidance > Signaling by ROBO receptors > ROBO1 binds NRP1,Pathway Location,
PL17564,Nervous system development > Axon guidance > L1CAM interactions > Signal transduction by L1 > L1 binds NRP1,Pathway Location,
PL17565,Nervous system development > Axon guidance > L1CAM interactions > CHL1 interactions > CHL1 interacts with NRP1,Pathway Location,
PL17609,Nervous system development > Axon guidance > Signaling by ROBO receptors > Regulation of expression of SLITs and ROBOs > Translation of ROBO3.2 mRNA initiates NMD,Pathway Location,
PL17610,Nervous system development > Axon guidance > Signaling by ROBO receptors > Regulation of expression of SLITs and ROBOs > Translation of ROBO3.2 mRNA is negatively regulated by NMD [INHIBITION],Pathway Location,
PL17611,Nervous system development > Axon guidance > Signaling by ROBO receptors > Regulation of expression of SLITs and ROBOs > SLIT2 binds Dystroglycan,Pathway Location,
PL17636,Nervous system development > Axon guidance > Signaling by ROBO receptors > Activation of RAC1 > Recruitment of PAK to NCK,Pathway Location,
PL17646,Nervous system development > Axon guidance > NCAM signaling for neurite out-growth > NCAM1 interactions > Polysialylation of NCAM1 [ACTIVATION],Pathway Location,
PL17674,Nervous system development > Axon guidance > Netrin-1 signaling > Role of second messengers in netrin-1 signaling > Phosphorylation of PLCgamma by Netrin-1 [ACTIVATION],Pathway Location,
PL17678,Nervous system development > Axon guidance > Netrin-1 signaling > Role of second messengers in netrin-1 signaling > PITPalpha binds DCC,Pathway Location,
PL17691,Nervous system development > Axon guidance > EPH-Ephrin signaling > EPHA-mediated growth cone collapse > Activated ROCK phosphorylates MRLCs [ACTIVATION],Pathway Location,
PL17692,Nervous system development > Axon guidance > Semaphorin interactions > Sema4D in semaphorin signaling > Sema4D induced cell migration and growth-cone collapse > Myosin regulatory light chain phosphorylation by ROCK [ACTIVATION],Pathway Location,
R-HSA-8873719,RAB geranylgeranylation,Pathway,0.0603668507146302
PL02985,RGGT geranylgeranylates RAB proteins [ACTIVATION],Pathway Location,
PL02988,RGGT:CHM binds RABs,Pathway Location,
R-HSA-5654738,Signaling by FGFR2,Pathway,0.0603668507146302
PL04722,FGFR2 alternative splicing > ESRP1 and 2 bind FGFR2 pre-mRNA to promote FGFR2b maturation and expression,Pathway Location,
PL04723,FGFR2 alternative splicing > ACTIVATION,Pathway Location,
PL04724,FGFR2 alternative splicing > INHIBITION,Pathway Location,
PL04725,FGFR2 alternative splicing > PTB and hnRNPA1 bind FGFR2 pre-mRNA to repress IIIb splicing and promote formation of FGFR2c mRNA,Pathway Location,
PL04726,FGFR2 alternative splicing > FGFR2b-specific alternative splicing produces FGFR2b transcript [INHIBITION],Pathway Location,
PL04727,FGFR2 alternative splicing > FGFR2c-specific alternative splicing produces FGFR2c transcript [ACTIVATION],Pathway Location,
R-HSA-373755,Semaphorin interactions,Pathway,0.0603668507146302
PL16543,CRMPs in Sema3A signaling > Tyrosine phosphorylation of CRMPs by Fes [ACTIVATION],Pathway Location,
PL16544,CRMPs in Sema3A signaling > Phosphorylation of CRMPs by Cdk5 [ACTIVATION],Pathway Location,
PL16545,CRMPs in Sema3A signaling > Recruitment and activation of Cdk5 [ACTIVATION],Pathway Location,
PL16546,CRMPs in Sema3A signaling > Phosphorylation of CRMPs by GSK3beta [ACTIVATION],Pathway Location,
PL16550,Sema3A PAK dependent Axon repulsion > Activation of PAK by Rac1,Pathway Location,
PL16551,Sema3A PAK dependent Axon repulsion > Autophosphorylation of PAK [ACTIVATION],Pathway Location,
PL16552,Sema3A PAK dependent Axon repulsion > Phosphorylation of LIMK-1 by PAK [ACTIVATION],Pathway Location,
PL16556,Other semaphorin interactions > SEMA6A binds to PLXNA2 and PLXNA4,Pathway Location,
PL16562,CRMPs in Sema3A signaling > Activation of Fyn,Pathway Location,
PL16563,SEMA3A-Plexin repulsion signaling by inhibiting Integrin adhesion > Plexin-A1-4 binds NRP1,Pathway Location,
PL16564,SEMA3A-Plexin repulsion signaling by inhibiting Integrin adhesion > Phosphorylation of Plexin-A [ACTIVATION],Pathway Location,
PL16565,SEMA3A-Plexin repulsion signaling by inhibiting Integrin adhesion > Sema3A binds Nrp-1 bound to PlexinA,Pathway Location,
PL16566,SEMA3A-Plexin repulsion signaling by inhibiting Integrin adhesion > Rac1 binds PlexinA,Pathway Location,
PL16567,SEMA3A-Plexin repulsion signaling by inhibiting Integrin adhesion > Recruitment of Rnd1 to Plexin A,Pathway Location,
PL16568,SEMA3A-Plexin repulsion signaling by inhibiting Integrin adhesion > Inactivation of R-Ras by Sema3A-Plexin-A GAP activity [ACTIVATION],Pathway Location,
R-HSA-194138,Signaling by VEGF,Pathway,0.0603668507146302
PL14165,VEGFA-VEGFR2 Pathway > RAC1:GTP and PIP3 bind WAVE Regulatory Complex (WRC),Pathway Location,
PL14166,Neuropilin interactions with VEGF and VEGFR > NRP-1 forms a ternary complex with VEGF165 and VEGFR1,Pathway Location,
PL14183,VEGFA-VEGFR2 Pathway > VEGFR2 mediated vascular permeability > Caveolin-1 dissociates from eNOS:CaM:HSP90 complex [ACTIVATION],Pathway Location,
PL14186,VEGFA-VEGFR2 Pathway > VEGFR2 mediated vascular permeability > AKT1 binds eNOS complex via HSP90 [ACTIVATION],Pathway Location,
PL14187,VEGFA-VEGFR2 Pathway > VEGFR2 mediated vascular permeability > AKT1 phosphorylates eNOS [ACTIVATION],Pathway Location,
PL14188,VEGFA-VEGFR2 Pathway > VEGFR2 mediated vascular permeability > The cofactor BH4 is required for electron transfer in the eNOS catalytic cycle [ACTIVATION],Pathway Location,
PL14189,VEGFA-VEGFR2 Pathway > VEGFR2 mediated vascular permeability > NO biosynthesis [ACTIVATION],Pathway Location,
PL14198,VEGFA-VEGFR2 Pathway > VEGFR2 mediated vascular permeability > HSP90 binds eNOS:Caveolin-1:CaM complex [ACTIVATION],Pathway Location,
PL14199,VEGFA-VEGFR2 Pathway > VEGFR2 mediated vascular permeability > eNOS:Caveolin-1 complex binds to CaM [ACTIVATION],Pathway Location,
PL14200,VEGFA-VEGFR2 Pathway > VEGFR2 mediated cell proliferation > Calcium binds calmodulin,Pathway Location,
R-HSA-432722,Golgi Associated Vesicle Biogenesis,Pathway,0.0645759831967374
PL17893,Vamp And trans-Golgi Network AP-1 Binding Coupled With Cargo Capture,Pathway Location,
PL17894,trans-Golgi Network Derived Vesicle Uncoating,Pathway Location,
PL17895,trans-Golgi Network Vesicle Scission [ACTIVATION],Pathway Location,
PL17896,trans-Golgi Network Coat Assembly,Pathway Location,
R-HSA-447041,CHL1 interactions,Pathway,0.0645759831967374
PL04839,CHL1 interacts with NRP1,Pathway Location,
R-HSA-399956,CRMPs in Sema3A signaling,Pathway,0.0645759831967374
PL17746,Tyrosine phosphorylation of CRMPs by Fes [ACTIVATION],Pathway Location,
PL17747,Phosphorylation of CRMPs by Cdk5 [ACTIVATION],Pathway Location,
PL17748,Recruitment and activation of Cdk5 [ACTIVATION],Pathway Location,
PL17749,Phosphorylation of CRMPs by GSK3beta [ACTIVATION],Pathway Location,
PL17750,Activation of Fyn,Pathway Location,
R-HSA-8943723,Regulation of PTEN mRNA translation,Pathway,0.0645759831967374
PL16327,miR-214 microRNA binds PTEN mRNA,Pathway Location,
PL16328,miR-21 nonendonucleolytic RISC binds PTEN mRNA,Pathway Location,
R-HSA-977443,GABA receptor activation,Pathway,0.0652161650926786
PL04378,GABA B receptor activation > Activation of GABAB receptors > Adenylate cyclase inhibitory pathway > Adenylate cyclase increases the GTPase activity of G alpha-olf [ACTIVATION],Pathway Location,
PL04379,GABA B receptor activation > Activation of GABAB receptors > Adenylate cyclase inhibitory pathway > Dissociation of the Gi alpha:G olf complex,Pathway Location,
PL04380,GABA B receptor activation > Activation of GABAB receptors > Adenylate cyclase inhibitory pathway > G alpha-olf:GTP binds to Gi alpha1:GTP:adenylate cyclase complex,Pathway Location,
PL04381,GABA B receptor activation > Activation of GABAB receptors > Adenylate cyclase inhibitory pathway > G alpha (i) inhibits adenylate cyclase,Pathway Location,
PL04382,GABA B receptor activation > Activation of GABAB receptors > Adenylate cyclase inhibitory pathway > Adenylate cyclase increases the GTPase activity of Gi alpha [ACTIVATION],Pathway Location,
R-HSA-195721,Signaling by WNT,Pathway,0.0668153064151265
PL07418,Degradation of beta-catenin by the destruction complex > Degradation of ubiquitinated beta catenin by the proteasome [ACTIVATION],Pathway Location,
PL07419,Degradation of beta-catenin by the destruction complex > Multi-ubiquitination of phospho-beta-catenin by RBX1:SCF(beta-TrCP1),Pathway Location,
PL07420,Degradation of beta-catenin by the destruction complex > Association of beta-catenin with the RBX1:SCF(beta-TrCP1) ubiquitin ligase complex,Pathway Location,
PL07441,Beta-catenin independent WNT signaling > Ca2+ pathway > FZD recruits trimeric G-proteins,Pathway Location,
PL07442,Beta-catenin independent WNT signaling > Ca2+ pathway > G-protein subunits dissociate from WNT:FZD complex,Pathway Location,
PL07443,Beta-catenin independent WNT signaling > Ca2+ pathway > WNT:FZD complex promotes G-protein nucleotide exchange [ACTIVATION],Pathway Location,
PL07462,Beta-catenin independent WNT signaling > Ca2+ pathway > WNT5A and WNT11 bind FZD receptors to initiate Ca2+ signaling,Pathway Location,
PL07476,TCF dependent signaling in response to WNT > Disassembly of the destruction complex and recruitment of AXIN to the membrane > Phosphorylation of LRP5/6 cytoplasmic domain by CSNKI [ACTIVATION],Pathway Location,
PL07482,TCF dependent signaling in response to WNT > Regulation of FZD by ubiquitination > ZNRF3 autoubiquitinates to promote its internalization [ACTIVATION],Pathway Location,
PL07483,TCF dependent signaling in response to WNT > Regulation of FZD by ubiquitination > RSPO:LGR binds ZNRF3,Pathway Location,
PL07484,TCF dependent signaling in response to WNT > Regulation of FZD by ubiquitination > RSPOs bind LGRs,Pathway Location,
PL07485,TCF dependent signaling in response to WNT > Regulation of FZD by ubiquitination > ZNRF3 ubiquitinates FZD to promote its downregulation [ACTIVATION],Pathway Location,
PL07486,"TCF dependent signaling in response to WNT > Regulation of FZD by ubiquitination > ZNRF3,RNF43 binds the FZD:LRP5/6 receptor complex",Pathway Location,
PL07487,TCF dependent signaling in response to WNT > Regulation of FZD by ubiquitination > USP8 deubiquitinates FZD to potentiate WNT signaling [ACTIVATION],Pathway Location,
PL07492,TCF dependent signaling in response to WNT > Degradation of DVL > DVL is bound by the CUL3:KLHL12:RBX1 ubiquitin ligase complex,Pathway Location,
PL07493,TCF dependent signaling in response to WNT > Degradation of DVL > DVL is ubiquitinated by CUL3:KLHL12:RBX1 [ACTIVATION],Pathway Location,
PL07494,TCF dependent signaling in response to WNT > Degradation of DVL > Ubiquitinated DVL is degraded by the proteasome [ACTIVATION],Pathway Location,
PL07553,Beta-catenin independent WNT signaling > PCP/CE pathway > WNT5A-dependent internalization of FZD4 > DVL2 is phosphorylated by PKC [ACTIVATION],Pathway Location,
PL07554,Beta-catenin independent WNT signaling > PCP/CE pathway > WNT5A-dependent internalization of FZD4 > WNT5A-FZD4 recruits DVL2,Pathway Location,
PL07555,Beta-catenin independent WNT signaling > PCP/CE pathway > WNT5A-dependent internalization of FZD4 > p-DVL2 recruits AP-2 and beta-arrestin 2 to promote clathrin-mediated endocytosis,Pathway Location,
PL07556,Beta-catenin independent WNT signaling > PCP/CE pathway > WNT5A-dependent internalization of FZD4 > WNT5A:FZD4 is endocytosed,Pathway Location,
PL07557,Beta-catenin independent WNT signaling > PCP/CE pathway > WNT5A-dependent internalization of FZD4 > WNT5A binds FZD4,Pathway Location,
PL07559,Beta-catenin independent WNT signaling > PCP/CE pathway > Asymmetric localization of PCP proteins > ACTIVATION,Pathway Location,
PL07560,Beta-catenin independent WNT signaling > PCP/CE pathway > Asymmetric localization of PCP proteins > WNT5A binding to FZD promotes PRICKLE1 degradation,Pathway Location,
R-HSA-6806834,Signaling by MET,Pathway,0.0771725171819815
PL18971,MET promotes cell motility > MET activates RAP1 and RAC1 > RAPGEF1 activates RAP1 [ACTIVATION],Pathway Location,
R-HSA-1445148,Translocation of SLC2A4 (GLUT4) to the plasma membrane,Pathway,0.0849748556826713
PL02672,"p-AKT1,p-AKT2 phosphorylates AS160 (TBC1D4) [ACTIVATION]",Pathway Location,
PL02676,"14-3-3 binds p-5S,T642-AS160 (TBC1D4)",Pathway Location,
R-HSA-4641263,Regulation of FZD by ubiquitination,Pathway,0.0849748556826713
PL04064,ZNRF3 ubiquitinates FZD to promote its downregulation [ACTIVATION],Pathway Location,
PL04065,"ZNRF3,RNF43 binds the FZD:LRP5/6 receptor complex",Pathway Location,
PL04066,USP8 deubiquitinates FZD to potentiate WNT signaling [ACTIVATION],Pathway Location,
R-HSA-1502540,Signaling by Activin,Pathway,0.0849748556826713
PL08165,"Activin AB,B binds Activin Receptor ACVR2A,B:ACVR1C [INHIBITION]",Pathway Location,
PL08166,"ACVR2A,B (ActRIIA,B) phosphorylates ACVR1C (ActRIC, ALK7) in response to Activin [ACTIVATION]",Pathway Location,
PL08169,"Phosphorylation of SMAD2,3 by Activin:Activin Receptor [ACTIVATION]",Pathway Location,
R-HSA-8876198,RAB GEFs exchange GTP for GDP on RABs,Pathway,0.0936720422905026
PL01617,RAB21 GEFs exchange GTP for GDP on RAB21 [ACTIVATION],Pathway Location,
PL01618,RAB3 GEFs exchange GTP for GDP on RAB3A [ACTIVATION],Pathway Location,
PL01619,DENND1s exchange GTP for GDP on RAB35 [ACTIVATION],Pathway Location,
PL01620,MON1:CCZ1 exchanges GTP for GDP on RAB7 [ACTIVATION],Pathway Location,
PL01621,"DENND5A,B exchange GTP for GDP on RAB39 [ACTIVATION]",Pathway Location,
PL01622,RAB8 GEFs exchange GTP for GDP on RAB8 [ACTIVATION],Pathway Location,
PL01623,RAB13 GEFs exchange GTP for GDP on RAB13 [ACTIVATION],Pathway Location,
PL01624,DENND3 exchanges GTP for GDP on RAB12 [ACTIVATION],Pathway Location,
PL01625,RAB9 GEFs exchange GTP for GDP on RAB9 [ACTIVATION],Pathway Location,
PL01628,RAB31 GEFs exchange GTP for GDP on RAB31 [ACTIVATION],Pathway Location,
PL01629,DENND4s exchange GTP for GDP on RAB10 [ACTIVATION],Pathway Location,
PL01630,RIC1-RGP1 exchanges GTP for GDP on RAB6 [ACTIVATION],Pathway Location,
PL01631,RAB5 GEFs exchange GTP for GDP on RAB5 [ACTIVATION],Pathway Location,
PL01632,MADD exchanges GTP for GDP on RAB27 [ACTIVATION],Pathway Location,
PL01633,RAB3GAP1:RAB3GAP2 exchanges GTP for GDP on RAB18 [ACTIVATION],Pathway Location,
PL01635,HPS1:HPS4 exchange GTP for GDP on RAB32 and RAB38 [ACTIVATION],Pathway Location,
PL01636,"DENND6A,B exchange GTP for GDP on RAB14 [ACTIVATION]",Pathway Location,
PL01637,TRAPPC complexes exchange GTP for GDP on RAB1 [ACTIVATION],Pathway Location,
R-HSA-8853884,Transcriptional Regulation by VENTX,Pathway,0.0939888856296295
PL03014,VENTX stimulates TP53 gene expression [ACTIVATION],Pathway Location,
PL03017,Regulation of IL6 transcription [ACTIVATION],Pathway Location,
R-HSA-425381,Bicarbonate transporters,Pathway,0.0953038854676374
PL04720,SLC4A4 cotransports Na+ with 3HCO3- [ACTIVATION],Pathway Location,
