id,label,type,module_id,connected_component_id,is_in_largest_component,betweenness_centrality,closeness_centrality,degree_centrality,redundancy_coefficient,paths,pathway_reach,functional_impact
hsa-miR-22-3p,hsa-miR-22-3p,MicroRNA,1.0,0,1,0.0665327466367401,0.2840364558864982,0.0529217199558985,0.0662393162393162,"[('RPS3', 'KEGG:05130'), ('RAB5B', 'KEGG:04014'), ('RAB5B', 'KEGG:04144'), ('RAB5B', 'KEGG:04148'), ('TP53', 'KEGG:05205'), ('TP53', 'KEGG:04218'), ('TP53', 'KEGG:04010'), ('TP53', 'KEGG:05200'), ('TP53', 'KEGG:04211'), ('TP53', 'KEGG:05212'), ('TP53', 'KEGG:05220'), ('TP53', 'KEGG:05225'), ('TP53', 'KEGG:04919'), ('TP53', 'KEGG:05223'), ('TP53', 'KEGG:05210'), ('TP53', 'KEGG:04310'), ('TP53', 'KEGG:04151'), ('TP53', 'KEGG:05224'), ('TP53', 'KEGG:05226'), ('TP53', 'KEGG:05166'), ('TP53', 'KEGG:05202'), ('TP53', 'KEGG:01522'), ('TP53', 'KEGG:04110'), ('TP53', 'KEGG:05222'), ('TP53', 'KEGG:05215'), ('TP53', 'KEGG:04722'), ('TP53', 'KEGG:05213'), ('TP53', 'KEGG:05163'), ('TP53', 'KEGG:04115'), ('TP53', 'KEGG:05216'), ('TP53', 'KEGG:05214'), ('TP53', 'KEGG:05161'), ('TP53', 'KEGG:05218'), ('TP53', 'KEGG:05160'), ('TP53', 'KEGG:05131'), ('TP53', 'KEGG:05417'), ('TP53', 'KEGG:04210'), ('TP53', 'KEGG:01524'), ('TP53', 'KEGG:04071'), ('TP53', 'KEGG:05217'), ('TP53', 'KEGG:05167'), ('TP53', 'KEGG:05165'), ('TP53', 'KEGG:05162'), ('ETV1', 'KEGG:05202'), ('CUL3', 'KEGG:04340'), ('CUL3', 'KEGG:04120'), ('NFYA', 'KEGG:05017'), ('H3-3B', 'KEGG:05202'), ('H3-3B', 'KEGG:05131'), ('ITGA10', 'KEGG:04151'), ('ITGA10', 'KEGG:04510'), ('ITGA10', 'KEGG:04810'), ('ITGA10', 'KEGG:05414'), ('ITGA10', 'KEGG:05410'), ('ITGA10', 'KEGG:05165'), ('STAG2', 'KEGG:04110'), ('MAX', 'KEGG:04010'), ('MAX', 'KEGG:05200'), ('MAX', 'KEGG:03083'), ('MAX', 'KEGG:05202'), ('MAX', 'KEGG:05222'), ('ENO1', 'KEGG:04066'), ('DEUP1', 'KEGG:05166'), ('DEUP1', 'KEGG:04914'), ('DEUP1', 'KEGG:04110'), ('DEUP1', 'KEGG:04114'), ('DEUP1', 'KEGG:04120'), ('PAIP2B', 'KEGG:04144'), ('VPS53', 'KEGG:05225'), ('VPS53', 'KEGG:04310'), ('VPS53', 'KEGG:05224'), ('VPS53', 'KEGG:05226'), ('VPS53', 'KEGG:04340'), ('VPS53', 'KEGG:05165'), ('RUNX1', 'KEGG:05200'), ('RUNX1', 'KEGG:05220'), ('RUNX1', 'KEGG:05202'), ('RUNX1', 'KEGG:05221'), ('TRUB1', 'KEGG:04510'), ('PPM1K', 'KEGG:04910'), ('OTUD7A', 'KEGG:04120'), ('OTUD7A', 'KEGG:05165'), ('N4BP3', 'KEGG:04724'), ('CARMIL1', 'KEGG:05200'), ('CARMIL1', 'KEGG:04151'), ('CARMIL1', 'KEGG:04510'), ('CARMIL1', 'KEGG:05222'), ('CARMIL1', 'KEGG:05165'), ('PPP1R9A', 'KEGG:04144'), ('UNC5D', 'KEGG:05160'), ('UNC5D', 'KEGG:05130'), ('FBXW7', 'KEGG:03013'), ('FNBP4', 'KEGG:05200'), ('FNBP4', 'KEGG:04917'), ('FNBP4', 'KEGG:05224'), ('FNBP4', 'KEGG:01522'), ('FNBP4', 'KEGG:04929'), ('FNBP4', 'KEGG:04915'), ('FNBP4', 'KEGG:05207'), ('SFMBT2', 'KEGG:04360'), ('SFMBT2', 'KEGG:05205'), ('SFMBT2', 'KEGG:05200'), ('SFMBT2', 'KEGG:04810'), ('SFMBT2', 'KEGG:05163'), ('SFMBT2', 'KEGG:05135'), ('SFMBT2', 'KEGG:04611'), ('SFMBT2', 'KEGG:05130'), ('USP8', 'KEGG:05131'), ('USP8', 'KEGG:05100'), ('AMMECR1L', 'KEGG:04014'), ('AMMECR1L', 'KEGG:04144'), ('AMMECR1L', 'KEGG:05135'), ('AMMECR1L', 'KEGG:05131'), ('AMMECR1L', 'KEGG:05130'), ('ZFP91', 'KEGG:04140'), ('ZFP91', 'KEGG:04130'), ('IFFO2', 'KEGG:04310'), ('IFFO2', 'KEGG:03013'), ('KCNK12', 'KEGG:04914'), ('KCNK12', 'KEGG:04114'), ('LRCH1', 'KEGG:03082'), ('PDZD4', 'KEGG:04151'), ('KDM6B', 'KEGG:04360'), ('KDM6B', 'KEGG:04350')]",0.5982905982905983,0.6177063154105515
hsa-miR-452-5p,hsa-miR-452-5p,MicroRNA,1.0,0,1,0.0251599892429419,0.2730557311895944,0.0242557883131201,0.0745920745920745,"[('DAG1', 'KEGG:05414'), ('DAG1', 'KEGG:05410'), ('TMBIM6', 'KEGG:05130'), ('SKP1', 'KEGG:05200'), ('SKP1', 'KEGG:04310'), ('SKP1', 'KEGG:04350'), ('SKP1', 'KEGG:03083'), ('SKP1', 'KEGG:05170'), ('SKP1', 'KEGG:04110'), ('SKP1', 'KEGG:04114'), ('SKP1', 'KEGG:04120'), ('SKP1', 'KEGG:04141'), ('SKP1', 'KEGG:04710'), ('SKP1', 'KEGG:05131'), ('XKR6', 'KEGG:04148'), ('ATP2B1', 'KEGG:04022'), ('ATP2B1', 'KEGG:04024'), ('MIPOL1', 'KEGG:04015'), ('MIPOL1', 'KEGG:04810'), ('MIPOL1', 'KEGG:05131'), ('FAM126A', 'KEGG:05205'), ('RGP1', 'KEGG:04360'), ('ARIH1', 'KEGG:04520'), ('BZW1', 'KEGG:04015'), ('E2F3', 'KEGG:04120'), ('E2F3', 'KEGG:05131'), ('DR1', 'KEGG:04068'), ('DR1', 'KEGG:04211'), ('DR1', 'KEGG:04910'), ('DR1', 'KEGG:04152'), ('DR1', 'KEGG:04213'), ('DR1', 'KEGG:04931'), ('DR1', 'KEGG:04371'), ('DR1', 'KEGG:04921'), ('DR1', 'KEGG:04710'), ('DR1', 'KEGG:04920'), ('DR1', 'KEGG:05410'), ('NCS1', 'KEGG:04725'), ('NCS1', 'KEGG:04921'), ('NCS1', 'KEGG:04971'), ('NCS1', 'KEGG:04924'), ('FOXL1', 'KEGG:05131'), ('SPTLC2', 'KEGG:04120'), ('SPTLC2', 'KEGG:05160'), ('PPIP5K2', 'KEGG:04070'), ('KLF12', 'KEGG:05414'), ('KLF12', 'KEGG:05410'), ('SMAD2', 'KEGG:04550'), ('SMAD2', 'KEGG:04350'), ('ACTR3', 'KEGG:04150'), ('C16orf72', 'KEGG:05202')]",0.3333333333333333,0.5406855291980075
hsa-miR-141-3p,hsa-miR-141-3p,MicroRNA,1.0,0,1,0.0151552978837599,0.1602438377948582,0.0124954061006982,0.3761140819964349,"[('FZD4', 'KEGG:05205'), ('FZD4', 'KEGG:04550'), ('FZD4', 'KEGG:05200'), ('FZD4', 'KEGG:05225'), ('FZD4', 'KEGG:04390'), ('FZD4', 'KEGG:04310'), ('FZD4', 'KEGG:05224'), ('FZD4', 'KEGG:05226'), ('FZD4', 'KEGG:04150'), ('FZD4', 'KEGG:04934'), ('FZD4', 'KEGG:04916'), ('FZD4', 'KEGG:05217'), ('FZD4', 'KEGG:05165'), ('NRP1', 'KEGG:04360'), ('NRP1', 'KEGG:05166'), ('HCAR2', 'KEGG:04024'), ('GNAI1', 'KEGG:04360'), ('GNAI1', 'KEGG:05200'), ('GNAI1', 'KEGG:04015'), ('GNAI1', 'KEGG:04935'), ('GNAI1', 'KEGG:04914'), ('GNAI1', 'KEGG:05170'), ('GNAI1', 'KEGG:04371'), ('GNAI1', 'KEGG:04725'), ('GNAI1', 'KEGG:04928'), ('GNAI1', 'KEGG:04921'), ('GNAI1', 'KEGG:04713'), ('GNAI1', 'KEGG:04926'), ('GNAI1', 'KEGG:05163'), ('GNAI1', 'KEGG:04730'), ('GNAI1', 'KEGG:04022'), ('GNAI1', 'KEGG:05142'), ('GNAI1', 'KEGG:04724'), ('GNAI1', 'KEGG:04971'), ('GNAI1', 'KEGG:04611'), ('GNAI1', 'KEGG:04934'), ('GNAI1', 'KEGG:04728'), ('GNAI1', 'KEGG:04024'), ('GNAI1', 'KEGG:05032'), ('GNAI1', 'KEGG:04923'), ('GNAI1', 'KEGG:04924'), ('GNAI1', 'KEGG:04916'), ('GNAI1', 'KEGG:04915'), ('GNAI1', 'KEGG:04071'), ('GNAI1', 'KEGG:05207'), ('GNAI1', 'KEGG:05030'), ('PLXNA4', 'KEGG:04360'), ('YWHAG', 'KEGG:04390'), ('YWHAG', 'KEGG:04151'), ('YWHAG', 'KEGG:04110'), ('YWHAG', 'KEGG:04114'), ('YWHAG', 'KEGG:05160'), ('ANO6', 'KEGG:04148'), ('EIF4EBP2', 'KEGG:04213'), ('TLN2', 'KEGG:04917'), ('PGRMC2', 'KEGG:04550'), ('PGRMC2', 'KEGG:05166'), ('PGRMC2', 'KEGG:05202'), ('DCUN1D3', 'KEGG:04120'), ('KATNAL1', 'KEGG:04911'), ('FNIP2', 'KEGG:04520'), ('RGS17', 'KEGG:03083')]",0.452991452991453,0.7253066604334171
hsa-miR-200a-3p,hsa-miR-200a-3p,MicroRNA,1.0,0,1,0.012283165879815,0.1601759126794892,0.0102903344358691,0.5396825396825397,"[('FZD4', 'KEGG:05205'), ('FZD4', 'KEGG:04550'), ('FZD4', 'KEGG:05200'), ('FZD4', 'KEGG:05225'), ('FZD4', 'KEGG:04390'), ('FZD4', 'KEGG:04310'), ('FZD4', 'KEGG:05224'), ('FZD4', 'KEGG:05226'), ('FZD4', 'KEGG:04150'), ('FZD4', 'KEGG:04934'), ('FZD4', 'KEGG:04916'), ('FZD4', 'KEGG:05217'), ('FZD4', 'KEGG:05165'), ('NRP1', 'KEGG:04360'), ('NRP1', 'KEGG:05166'), ('GNAI1', 'KEGG:04360'), ('GNAI1', 'KEGG:05200'), ('GNAI1', 'KEGG:04015'), ('GNAI1', 'KEGG:04935'), ('GNAI1', 'KEGG:04914'), ('GNAI1', 'KEGG:05170'), ('GNAI1', 'KEGG:04371'), ('GNAI1', 'KEGG:04725'), ('GNAI1', 'KEGG:04928'), ('GNAI1', 'KEGG:04921'), ('GNAI1', 'KEGG:04713'), ('GNAI1', 'KEGG:04926'), ('GNAI1', 'KEGG:05163'), ('GNAI1', 'KEGG:04730'), ('GNAI1', 'KEGG:04022'), ('GNAI1', 'KEGG:05142'), ('GNAI1', 'KEGG:04724'), ('GNAI1', 'KEGG:04971'), ('GNAI1', 'KEGG:04611'), ('GNAI1', 'KEGG:04934'), ('GNAI1', 'KEGG:04728'), ('GNAI1', 'KEGG:04024'), ('GNAI1', 'KEGG:05032'), ('GNAI1', 'KEGG:04923'), ('GNAI1', 'KEGG:04924'), ('GNAI1', 'KEGG:04916'), ('GNAI1', 'KEGG:04915'), ('GNAI1', 'KEGG:04071'), ('GNAI1', 'KEGG:05207'), ('GNAI1', 'KEGG:05030'), ('YWHAG', 'KEGG:04390'), ('YWHAG', 'KEGG:04151'), ('YWHAG', 'KEGG:04110'), ('YWHAG', 'KEGG:04114'), ('YWHAG', 'KEGG:05160'), ('TLN2', 'KEGG:04917'), ('DCUN1D3', 'KEGG:04120'), ('SCEL', 'KEGG:04130'), ('RGS17', 'KEGG:03083')]",0.4188034188034188,0.707481773850355
hsa-miR-224-5p,hsa-miR-224-5p,MicroRNA,1.0,0,1,0.033811249988564,0.2711940432403337,0.0275633958103638,0.0432432432432432,"[('PAK4', 'KEGG:04360'), ('PAK4', 'KEGG:04014'), ('PAK4', 'KEGG:05211'), ('PAK4', 'KEGG:04012'), ('PAK4', 'KEGG:04510'), ('PAK4', 'KEGG:05170'), ('PAK4', 'KEGG:04810'), ('PAK4', 'KEGG:04660'), ('GABRP', 'KEGG:05032'), ('F2RL1', 'KEGG:04750'), ('CHEK1', 'KEGG:04218'), ('CHEK1', 'KEGG:05166'), ('CHEK1', 'KEGG:05170'), ('CHEK1', 'KEGG:04110'), ('CHEK1', 'KEGG:04115'), ('SMARCD1', 'KEGG:05225'), ('SMARCD1', 'KEGG:03082'), ('OCLN', 'KEGG:05160'), ('OCLN', 'KEGG:05130'), ('SDC4', 'KEGG:05205'), ('RBM18', 'KEGG:05205'), ('RBM18', 'KEGG:04722'), ('RALGPS1', 'KEGG:05205'), ('RALGPS1', 'KEGG:04218'), ('RALGPS1', 'KEGG:04550'), ('RALGPS1', 'KEGG:05200'), ('RALGPS1', 'KEGG:05212'), ('RALGPS1', 'KEGG:04144'), ('RALGPS1', 'KEGG:05225'), ('RALGPS1', 'KEGG:04390'), ('RALGPS1', 'KEGG:05210'), ('RALGPS1', 'KEGG:05226'), ('RALGPS1', 'KEGG:05166'), ('RALGPS1', 'KEGG:04350'), ('RALGPS1', 'KEGG:04110'), ('RALGPS1', 'KEGG:04371'), ('RALGPS1', 'KEGG:04933'), ('RALGPS1', 'KEGG:04926'), ('RALGPS1', 'KEGG:05142'), ('ZZZ3', 'KEGG:04144'), ('ZZZ3', 'KEGG:04152'), ('GNAI3', 'KEGG:03083'), ('ABHD2', 'KEGG:05200'), ('ABHD2', 'KEGG:04211'), ('ABHD2', 'KEGG:04015'), ('ABHD2', 'KEGG:04935'), ('ABHD2', 'KEGG:05166'), ('ABHD2', 'KEGG:04914'), ('ABHD2', 'KEGG:04213'), ('ABHD2', 'KEGG:01522'), ('ABHD2', 'KEGG:04371'), ('ABHD2', 'KEGG:04912'), ('ABHD2', 'KEGG:04725'), ('ABHD2', 'KEGG:04928'), ('ABHD2', 'KEGG:04114'), ('ABHD2', 'KEGG:04921'), ('ABHD2', 'KEGG:04713'), ('ABHD2', 'KEGG:04926'), ('ABHD2', 'KEGG:05163'), ('ABHD2', 'KEGG:04022'), ('ABHD2', 'KEGG:04724'), ('ABHD2', 'KEGG:04971'), ('ABHD2', 'KEGG:04611'), ('ABHD2', 'KEGG:04934'), ('ABHD2', 'KEGG:04750'), ('ABHD2', 'KEGG:04024'), ('ABHD2', 'KEGG:05032'), ('ABHD2', 'KEGG:04923'), ('ABHD2', 'KEGG:04916'), ('ABHD2', 'KEGG:05414'), ('ABHD2', 'KEGG:04915'), ('ABHD2', 'KEGG:05207'), ('ABHD2', 'KEGG:04911'), ('POU2F1', 'KEGG:05417'), ('ERI2', 'KEGG:04510'), ('ERI2', 'KEGG:04371'), ('ERI2', 'KEGG:04810'), ('ERI2', 'KEGG:04921'), ('ERI2', 'KEGG:04022'), ('ERI2', 'KEGG:04971'), ('ERI2', 'KEGG:04611'), ('INTS8', 'KEGG:04310'), ('ADAM10', 'KEGG:04068'), ('INO80D', 'KEGG:04218'), ('INO80D', 'KEGG:04010'), ('INO80D', 'KEGG:05200'), ('INO80D', 'KEGG:04068'), ('INO80D', 'KEGG:05212'), ('INO80D', 'KEGG:05220'), ('INO80D', 'KEGG:04144'), ('INO80D', 'KEGG:05225'), ('INO80D', 'KEGG:04390'), ('INO80D', 'KEGG:05210'), ('INO80D', 'KEGG:05226'), ('INO80D', 'KEGG:05166'), ('INO80D', 'KEGG:04350'), ('INO80D', 'KEGG:05202'), ('INO80D', 'KEGG:04933'), ('INO80D', 'KEGG:04926'), ('INO80D', 'KEGG:04520'), ('INO80D', 'KEGG:05142'), ('INO80D', 'KEGG:05161'), ('INO80D', 'KEGG:04380'), ('ZNF507', 'KEGG:04010'), ('ZNF507', 'KEGG:04014'), ('ZNF507', 'KEGG:05200'), ('ZNF507', 'KEGG:05212'), ('ZNF507', 'KEGG:05211'), ('ZNF507', 'KEGG:05225'), ('ZNF507', 'KEGG:04012'), ('ZNF507', 'KEGG:05223'), ('ZNF507', 'KEGG:05210'), ('ZNF507', 'KEGG:04151'), ('ZNF507', 'KEGG:05215'), ('ZNF507', 'KEGG:01521'), ('ZNF507', 'KEGG:05214'), ('ZNF507', 'KEGG:04915'), ('RERE', 'KEGG:04144'), ('RERE', 'KEGG:04340'), ('RERE', 'KEGG:04724'), ('RERE', 'KEGG:05032')]",0.6324786324786325,0.522368239753764
hsa-miR-486-5p,hsa-miR-486-5p,MicroRNA,1.0,0,1,0.016011065772464,0.2637640694529273,0.0165380374862183,0.0898989898989899,"[('MTA3', 'KEGG:03082'), ('POU2F1', 'KEGG:05417'), ('CD47', 'KEGG:04148'), ('ARHGAP5', 'KEGG:03082'), ('SMAD2', 'KEGG:04550'), ('SMAD2', 'KEGG:04350'), ('H3-3B', 'KEGG:05202'), ('H3-3B', 'KEGG:05131'), ('GOLGA3', 'KEGG:05200'), ('GOLGA3', 'KEGG:04510'), ('GOLGA3', 'KEGG:05166'), ('GOLGA3', 'KEGG:05222'), ('GOLGA3', 'KEGG:04120'), ('GOLGA3', 'KEGG:04210'), ('GOLGA3', 'KEGG:01524'), ('GOLGA3', 'KEGG:05207'), ('GOLGA3', 'KEGG:04668'), ('SLC4A8', 'KEGG:04151'), ('ARHGAP44', 'KEGG:04141'), ('TBL1X', 'KEGG:04350'), ('BZW1', 'KEGG:04015'), ('ASB4', 'KEGG:04360'), ('ASB4', 'KEGG:05200'), ('ASB4', 'KEGG:04015'), ('ASB4', 'KEGG:04935'), ('ASB4', 'KEGG:04914'), ('ASB4', 'KEGG:05170'), ('ASB4', 'KEGG:04371'), ('ASB4', 'KEGG:04725'), ('ASB4', 'KEGG:04928'), ('ASB4', 'KEGG:04921'), ('ASB4', 'KEGG:04713'), ('ASB4', 'KEGG:04926'), ('ASB4', 'KEGG:05163'), ('ASB4', 'KEGG:04730'), ('ASB4', 'KEGG:04022'), ('ASB4', 'KEGG:05142'), ('ASB4', 'KEGG:04724'), ('ASB4', 'KEGG:04971'), ('ASB4', 'KEGG:04611'), ('ASB4', 'KEGG:04934'), ('ASB4', 'KEGG:04728'), ('ASB4', 'KEGG:04024'), ('ASB4', 'KEGG:05032'), ('ASB4', 'KEGG:04923'), ('ASB4', 'KEGG:04924'), ('ASB4', 'KEGG:04916'), ('ASB4', 'KEGG:04915'), ('ASB4', 'KEGG:04071'), ('ASB4', 'KEGG:05207'), ('ASB4', 'KEGG:05030')]",0.39316239316239315,0.5211306054485314
hsa-miR-378a-3p,hsa-miR-378a-3p,MicroRNA,1.0,0,1,0.0262480792680666,0.2815497811306696,0.0275633958103638,0.3866666666666666,"[('XPO5', 'KEGG:03013'), ('CSNK1G2', 'KEGG:04340'), ('ABI2', 'KEGG:04810'), ('NFX1', 'KEGG:04015'), ('NFX1', 'KEGG:04510'), ('NFX1', 'KEGG:05166'), ('NFX1', 'KEGG:05131'), ('NFX1', 'KEGG:04611'), ('MAPK1', 'KEGG:05205'), ('ANKRD52', 'KEGG:04110'), ('IPO9', 'KEGG:04152'), ('IPO9', 'KEGG:04148'), ('TFCP2L1', 'KEGG:04151'), ('TFCP2L1', 'KEGG:04152'), ('TFCP2L1', 'KEGG:04110'), ('TFCP2L1', 'KEGG:04660'), ('TFCP2L1', 'KEGG:04114'), ('TFCP2L1', 'KEGG:04728'), ('TFCP2L1', 'KEGG:04071'), ('TFCP2L1', 'KEGG:05165'), ('MAPK1IP1L', 'KEGG:04350'), ('FAHD2A', 'KEGG:04010'), ('FAHD2A', 'KEGG:04014'), ('FAHD2A', 'KEGG:04510'), ('NUFIP2', 'KEGG:04010'), ('NUFIP2', 'KEGG:04935'), ('NUFIP2', 'KEGG:04912'), ('NUFIP2', 'KEGG:04725'), ('NUFIP2', 'KEGG:04930'), ('NUFIP2', 'KEGG:04921'), ('NUFIP2', 'KEGG:04713'), ('NUFIP2', 'KEGG:04022'), ('NUFIP2', 'KEGG:04724'), ('NUFIP2', 'KEGG:04929'), ('NUFIP2', 'KEGG:04934'), ('NUFIP2', 'KEGG:04728'), ('NUFIP2', 'KEGG:04024'), ('NUFIP2', 'KEGG:04924'), ('NUFIP2', 'KEGG:05414'), ('NUFIP2', 'KEGG:05207'), ('NUFIP2', 'KEGG:04911'), ('NUFIP2', 'KEGG:05410'), ('ZNF507', 'KEGG:04010'), ('ZNF507', 'KEGG:04014'), ('ZNF507', 'KEGG:05200'), ('ZNF507', 'KEGG:05212'), ('ZNF507', 'KEGG:05211'), ('ZNF507', 'KEGG:05225'), ('ZNF507', 'KEGG:04012'), ('ZNF507', 'KEGG:05223'), ('ZNF507', 'KEGG:05210'), ('ZNF507', 'KEGG:04151'), ('ZNF507', 'KEGG:05215'), ('ZNF507', 'KEGG:01521'), ('ZNF507', 'KEGG:05214'), ('ZNF507', 'KEGG:04915'), ('ARL10', 'KEGG:04120'), ('ARL10', 'KEGG:04141'), ('NXPE3', 'KEGG:03082'), ('C6orf89', 'KEGG:04710')]",0.4444444444444444,0.49986652521418407
hsa-miR-181c-5p,hsa-miR-181c-5p,MicroRNA,1.0,0,1,0.0077638482125594,0.1585960862494098,0.0077177508269018,0.1809523809523809,"[('ACVR1C', 'KEGG:04550'), ('ACVR1C', 'KEGG:04350'), ('PARM1', 'KEGG:05202'), ('CNR1', 'KEGG:04144'), ('ETS1', 'KEGG:04144'), ('ATL3', 'KEGG:04068'), ('ATL3', 'KEGG:04115'), ('KLHL5', 'KEGG:04934')]",0.05982905982905983,0.4849810724505392
hsa-miR-200b-3p,hsa-miR-200b-3p,MicroRNA,1.0,0,1,0.0544961500831513,0.1767112877769334,0.0147004777655273,0.3,"[('ZEB1', 'KEGG:05202'), ('ZEB1', 'KEGG:05215'), ('YWHAG', 'KEGG:04390'), ('YWHAG', 'KEGG:04151'), ('YWHAG', 'KEGG:04110'), ('YWHAG', 'KEGG:04114'), ('YWHAG', 'KEGG:05160'), ('ABCA1', 'KEGG:04148'), ('ABCA1', 'KEGG:05417'), ('FLI1', 'KEGG:05202'), ('DCUN1D3', 'KEGG:04120'), ('ETS1', 'KEGG:04144'), ('ADIPOR2', 'KEGG:05417'), ('SCD', 'KEGG:03082')]",0.10256410256410256,0.6243506288561786
hsa-miR-139-5p,hsa-miR-139-5p,MicroRNA,1.0,0,1,0.0495676022355791,0.2861334595362044,0.0396912899669239,0.0832467982000692,"[('SMARCA4', 'KEGG:05225'), ('SMARCA4', 'KEGG:03082'), ('HMGCR', 'KEGG:04152'), ('RUNX1', 'KEGG:05200'), ('RUNX1', 'KEGG:05220'), ('RUNX1', 'KEGG:05202'), ('RUNX1', 'KEGG:05221'), ('TGIF1', 'KEGG:04350'), ('IGF1R', 'KEGG:05205'), ('IGF1R', 'KEGG:04010'), ('IGF1R', 'KEGG:04014'), ('IGF1R', 'KEGG:04550'), ('IGF1R', 'KEGG:05200'), ('IGF1R', 'KEGG:04068'), ('IGF1R', 'KEGG:04211'), ('IGF1R', 'KEGG:04015'), ('IGF1R', 'KEGG:04144'), ('IGF1R', 'KEGG:05225'), ('IGF1R', 'KEGG:04151'), ('IGF1R', 'KEGG:05224'), ('IGF1R', 'KEGG:04510'), ('IGF1R', 'KEGG:04152'), ('IGF1R', 'KEGG:04914'), ('IGF1R', 'KEGG:04213'), ('IGF1R', 'KEGG:04140'), ('IGF1R', 'KEGG:04150'), ('IGF1R', 'KEGG:05202'), ('IGF1R', 'KEGG:01522'), ('IGF1R', 'KEGG:05215'), ('IGF1R', 'KEGG:01521'), ('IGF1R', 'KEGG:04114'), ('IGF1R', 'KEGG:04520'), ('IGF1R', 'KEGG:04730'), ('IGF1R', 'KEGG:05214'), ('IGF1R', 'KEGG:05218'), ('IGF1R', 'KEGG:04066'), ('CUL3', 'KEGG:04340'), ('CUL3', 'KEGG:04120'), ('MAPK8', 'KEGG:04010'), ('MAPK8', 'KEGG:04014'), ('MAPK8', 'KEGG:05200'), ('MAPK8', 'KEGG:04068'), ('MAPK8', 'KEGG:04917'), ('MAPK8', 'KEGG:05212'), ('MAPK8', 'KEGG:04012'), ('MAPK8', 'KEGG:05210'), ('MAPK8', 'KEGG:04310'), ('MAPK8', 'KEGG:04910'), ('MAPK8', 'KEGG:04510'), ('MAPK8', 'KEGG:04935'), ('MAPK8', 'KEGG:05166'), ('MAPK8', 'KEGG:04914'), ('MAPK8', 'KEGG:04931'), ('MAPK8', 'KEGG:04140'), ('MAPK8', 'KEGG:01522'), ('MAPK8', 'KEGG:05170'), ('MAPK8', 'KEGG:04912'), ('MAPK8', 'KEGG:04722'), ('MAPK8', 'KEGG:05017'), ('MAPK8', 'KEGG:04930'), ('MAPK8', 'KEGG:04660'), ('MAPK8', 'KEGG:04933'), ('MAPK8', 'KEGG:04926'), ('MAPK8', 'KEGG:04141'), ('MAPK8', 'KEGG:05135'), ('MAPK8', 'KEGG:05142'), ('MAPK8', 'KEGG:05161'), ('MAPK8', 'KEGG:05131'), ('MAPK8', 'KEGG:05417'), ('MAPK8', 'KEGG:04210'), ('MAPK8', 'KEGG:04750'), ('MAPK8', 'KEGG:04728'), ('MAPK8', 'KEGG:04024'), ('MAPK8', 'KEGG:04920'), ('MAPK8', 'KEGG:04071'), ('MAPK8', 'KEGG:04664'), ('MAPK8', 'KEGG:05130'), ('MAPK8', 'KEGG:05167'), ('MAPK8', 'KEGG:04668'), ('MAPK8', 'KEGG:04380'), ('MAPK8', 'KEGG:05162'), ('YWHAQ', 'KEGG:04390'), ('YWHAQ', 'KEGG:04151'), ('YWHAQ', 'KEGG:04110'), ('YWHAQ', 'KEGG:04114'), ('YWHAQ', 'KEGG:05161'), ('YWHAQ', 'KEGG:05160'), ('PHF6', 'KEGG:05202'), ('SPCS3', 'KEGG:04914'), ('SPCS3', 'KEGG:04114'), ('TMEM107', 'KEGG:04520'), ('RLIM', 'KEGG:04810'), ('RLIM', 'KEGG:04070'), ('PGGT1B', 'KEGG:04148'), ('PGGT1B', 'KEGG:04750'), ('LCOR', 'KEGG:03083'), ('H2AZ2', 'KEGG:05131'), ('PURB', 'KEGG:04211'), ('PURB', 'KEGG:04140'), ('PURB', 'KEGG:05017'), ('FBXO28', 'KEGG:05165'), ('ARRDC3', 'KEGG:04310'), ('RASGRF1', 'KEGG:03082'), ('GLG1', 'KEGG:03013'), ('FMR1', 'KEGG:04120'), ('AJAP1', 'KEGG:04750'), ('ECE1', 'KEGG:05205'), ('ECE1', 'KEGG:04010'), ('ECE1', 'KEGG:04014'), ('ECE1', 'KEGG:05200'), ('ECE1', 'KEGG:04068'), ('ECE1', 'KEGG:04917'), ('ECE1', 'KEGG:05220'), ('ECE1', 'KEGG:05211'), ('ECE1', 'KEGG:05225'), ('ECE1', 'KEGG:04012'), ('ECE1', 'KEGG:05223'), ('ECE1', 'KEGG:05210'), ('ECE1', 'KEGG:04151'), ('ECE1', 'KEGG:05224'), ('ECE1', 'KEGG:04910'), ('ECE1', 'KEGG:05226'), ('ECE1', 'KEGG:04510'), ('ECE1', 'KEGG:04935'), ('ECE1', 'KEGG:04150'), ('ECE1', 'KEGG:01522'), ('ECE1', 'KEGG:05215'), ('ECE1', 'KEGG:04912'), ('ECE1', 'KEGG:04722'), ('ECE1', 'KEGG:01521'), ('ECE1', 'KEGG:04810'), ('ECE1', 'KEGG:05213'), ('ECE1', 'KEGG:04660'), ('ECE1', 'KEGG:05221'), ('ECE1', 'KEGG:04926'), ('ECE1', 'KEGG:05163'), ('ECE1', 'KEGG:05214'), ('ECE1', 'KEGG:05161'), ('ECE1', 'KEGG:05160'), ('ECE1', 'KEGG:04915'), ('ECE1', 'KEGG:04664'), ('ECE1', 'KEGG:05207'), ('ECE1', 'KEGG:05165'), ('TRIM71', 'KEGG:04917'), ('AEBP2', 'KEGG:04360'), ('AEBP2', 'KEGG:05205'), ('AEBP2', 'KEGG:04218'), ('AEBP2', 'KEGG:04010'), ('AEBP2', 'KEGG:04014'), ('AEBP2', 'KEGG:04550'), ('AEBP2', 'KEGG:05200'), ('AEBP2', 'KEGG:04068'), ('AEBP2', 'KEGG:04917'), ('AEBP2', 'KEGG:04211'), ('AEBP2', 'KEGG:04015'), ('AEBP2', 'KEGG:05212'), ('AEBP2', 'KEGG:05220'), ('AEBP2', 'KEGG:05211'), ('AEBP2', 'KEGG:05225'), ('AEBP2', 'KEGG:04012'), ('AEBP2', 'KEGG:04919'), ('AEBP2', 'KEGG:05223'), ('AEBP2', 'KEGG:05210'), ('AEBP2', 'KEGG:04151'), ('AEBP2', 'KEGG:05224'), ('AEBP2', 'KEGG:04910'), ('AEBP2', 'KEGG:05226'), ('AEBP2', 'KEGG:04935'), ('AEBP2', 'KEGG:05166'), ('AEBP2', 'KEGG:04914'), ('AEBP2', 'KEGG:04213'), ('AEBP2', 'KEGG:04140'), ('AEBP2', 'KEGG:04150'), ('AEBP2', 'KEGG:01522'), ('AEBP2', 'KEGG:05170'), ('AEBP2', 'KEGG:05215'), ('AEBP2', 'KEGG:04371'), ('AEBP2', 'KEGG:04912'), ('AEBP2', 'KEGG:04725'), ('AEBP2', 'KEGG:04722'), ('AEBP2', 'KEGG:01521'), ('AEBP2', 'KEGG:04810'), ('AEBP2', 'KEGG:05213'), ('AEBP2', 'KEGG:04660'), ('AEBP2', 'KEGG:04933'), ('AEBP2', 'KEGG:04921'), ('AEBP2', 'KEGG:05221'), ('AEBP2', 'KEGG:04926'), ('AEBP2', 'KEGG:05163'), ('AEBP2', 'KEGG:04730'), ('AEBP2', 'KEGG:05216'), ('AEBP2', 'KEGG:04960'), ('AEBP2', 'KEGG:05214'), ('AEBP2', 'KEGG:05161'), ('AEBP2', 'KEGG:05218'), ('AEBP2', 'KEGG:05160'), ('AEBP2', 'KEGG:04929'), ('AEBP2', 'KEGG:05417'), ('AEBP2', 'KEGG:04210'), ('AEBP2', 'KEGG:04916'), ('AEBP2', 'KEGG:04915'), ('AEBP2', 'KEGG:04071'), ('AEBP2', 'KEGG:04664'), ('AEBP2', 'KEGG:05235'), ('AEBP2', 'KEGG:05207'), ('AEBP2', 'KEGG:05167'), ('AEBP2', 'KEGG:05165'), ('WDR26', 'KEGG:05130'), ('XPO4', 'KEGG:04210'), ('XPO4', 'KEGG:04668'), ('BBC3', 'KEGG:04550'), ('ZBTB10', 'KEGG:05205'), ('ZBTB10', 'KEGG:04014'), ('ZBTB10', 'KEGG:05211'), ('ZBTB10', 'KEGG:05225'), ('ZBTB10', 'KEGG:04012'), ('ZBTB10', 'KEGG:05226'), ('ZBTB10', 'KEGG:04722'), ('ZBTB10', 'KEGG:01521'), ('ZBTB10', 'KEGG:05100'), ('TPM3', 'KEGG:05200'), ('TPM3', 'KEGG:05216'), ('TPM3', 'KEGG:05414'), ('TPM3', 'KEGG:05410'), ('LMO4', 'KEGG:04930'), ('LMO4', 'KEGG:04929'), ('LMO4', 'KEGG:04911'), ('PAX2', 'KEGG:04151'), ('PAX2', 'KEGG:05135'), ('YAF2', 'KEGG:04140'), ('ATXN1', 'KEGG:04010'), ('ATXN1', 'KEGG:04921'), ('ATXN1', 'KEGG:05414'), ('ATXN1', 'KEGG:05410'), ('TRAF3', 'KEGG:04150'), ('AGO3', 'KEGG:04928'), ('B3GAT2', 'KEGG:05205'), ('B3GAT2', 'KEGG:04550'), ('B3GAT2', 'KEGG:05200'), ('B3GAT2', 'KEGG:05225'), ('B3GAT2', 'KEGG:04390'), ('B3GAT2', 'KEGG:04310'), ('B3GAT2', 'KEGG:05224'), ('B3GAT2', 'KEGG:05226'), ('B3GAT2', 'KEGG:04150'), ('B3GAT2', 'KEGG:04934'), ('B3GAT2', 'KEGG:04916'), ('B3GAT2', 'KEGG:05217'), ('B3GAT2', 'KEGG:05165'), ('PCDH7', 'KEGG:03082')]",0.8803418803418803,0.5234247677280232
hsa-miR-135b-5p,hsa-miR-135b-5p,MicroRNA,1.0,0,1,0.009218089262268,0.1365710413372487,0.0095553105475927,0.1261538461538461,"[('GHR', 'KEGG:04151'), ('GHR', 'KEGG:04935'), ('YWHAG', 'KEGG:04390'), ('YWHAG', 'KEGG:04151'), ('YWHAG', 'KEGG:04110'), ('YWHAG', 'KEGG:04114'), ('YWHAG', 'KEGG:05160'), ('PLCL2', 'KEGG:05205'), ('PLCL2', 'KEGG:04218'), ('PLCL2', 'KEGG:04935'), ('PLCL2', 'KEGG:05170'), ('PLCL2', 'KEGG:04371'), ('PLCL2', 'KEGG:04912'), ('PLCL2', 'KEGG:04725'), ('PLCL2', 'KEGG:05017'), ('PLCL2', 'KEGG:04928'), ('PLCL2', 'KEGG:04114'), ('PLCL2', 'KEGG:04921'), ('PLCL2', 'KEGG:04713'), ('PLCL2', 'KEGG:05163'), ('PLCL2', 'KEGG:04730'), ('PLCL2', 'KEGG:04022'), ('PLCL2', 'KEGG:04724'), ('PLCL2', 'KEGG:04929'), ('PLCL2', 'KEGG:05131'), ('PLCL2', 'KEGG:04971'), ('PLCL2', 'KEGG:04210'), ('PLCL2', 'KEGG:04611'), ('PLCL2', 'KEGG:04934'), ('PLCL2', 'KEGG:04750'), ('PLCL2', 'KEGG:04728'), ('PLCL2', 'KEGG:04924'), ('PLCL2', 'KEGG:04915'), ('PLCL2', 'KEGG:05167'), ('PLCL2', 'KEGG:04911'), ('PLCL2', 'KEGG:04070'), ('PLCL2', 'KEGG:04380'), ('TBX4', 'KEGG:04010'), ('TBX4', 'KEGG:04935'), ('TBX4', 'KEGG:05166'), ('TBX4', 'KEGG:04912'), ('TBX4', 'KEGG:04722'), ('TBX4', 'KEGG:04120'), ('TBX4', 'KEGG:05161'), ('SPOCK1', 'KEGG:04211'), ('ARHGAP6', 'KEGG:04141'), ('GRIN2B', 'KEGG:04070')]",0.3504273504273504,0.5221343862746441
hsa-miR-200c-3p,hsa-miR-200c-3p,MicroRNA,1.0,0,1,0.0446445340624904,0.1767319497223034,0.0117603822124219,0.3185483870967742,"[('CFL2', 'KEGG:04360'), ('CFL2', 'KEGG:05170'), ('CFL2', 'KEGG:04810'), ('ZEB1', 'KEGG:05202'), ('ZEB1', 'KEGG:05215'), ('ERG', 'KEGG:05202'), ('ERG', 'KEGG:05215'), ('HAS2', 'KEGG:04310'), ('HAS2', 'KEGG:04722'), ('HAS2', 'KEGG:05165'), ('ANO6', 'KEGG:04148'), ('ADIPOR2', 'KEGG:05417'), ('ZFHX4', 'KEGG:04010'), ('ZFHX4', 'KEGG:04014'), ('ZFHX4', 'KEGG:04015'), ('ZFHX4', 'KEGG:05211'), ('ZFHX4', 'KEGG:04510'), ('ZFHX4', 'KEGG:04722'), ('ZFHX4', 'KEGG:04520'), ('ZFHX4', 'KEGG:05417'), ('ZFHX4', 'KEGG:04611'), ('ZFHX4', 'KEGG:04934'), ('ZFHX4', 'KEGG:04024'), ('RAP1B', 'KEGG:04360'), ('RAP1B', 'KEGG:05205'), ('RAP1B', 'KEGG:04218'), ('RAP1B', 'KEGG:04010'), ('RAP1B', 'KEGG:04014'), ('RAP1B', 'KEGG:04550'), ('RAP1B', 'KEGG:05200'), ('RAP1B', 'KEGG:04068'), ('RAP1B', 'KEGG:04917'), ('RAP1B', 'KEGG:04211'), ('RAP1B', 'KEGG:04015'), ('RAP1B', 'KEGG:05220'), ('RAP1B', 'KEGG:05211'), ('RAP1B', 'KEGG:05225'), ('RAP1B', 'KEGG:04012'), ('RAP1B', 'KEGG:04919'), ('RAP1B', 'KEGG:05223'), ('RAP1B', 'KEGG:05210'), ('RAP1B', 'KEGG:04151'), ('RAP1B', 'KEGG:05224'), ('RAP1B', 'KEGG:04910'), ('RAP1B', 'KEGG:05226'), ('RAP1B', 'KEGG:04935'), ('RAP1B', 'KEGG:05166'), ('RAP1B', 'KEGG:04213'), ('RAP1B', 'KEGG:04140'), ('RAP1B', 'KEGG:04150'), ('RAP1B', 'KEGG:01522'), ('RAP1B', 'KEGG:05170'), ('RAP1B', 'KEGG:05215'), ('RAP1B', 'KEGG:04371'), ('RAP1B', 'KEGG:04912'), ('RAP1B', 'KEGG:04725'), ('RAP1B', 'KEGG:04722'), ('RAP1B', 'KEGG:01521'), ('RAP1B', 'KEGG:04810'), ('RAP1B', 'KEGG:05213'), ('RAP1B', 'KEGG:04660'), ('RAP1B', 'KEGG:04933'), ('RAP1B', 'KEGG:04921'), ('RAP1B', 'KEGG:05221'), ('RAP1B', 'KEGG:04926'), ('RAP1B', 'KEGG:05163'), ('RAP1B', 'KEGG:04730'), ('RAP1B', 'KEGG:05216'), ('RAP1B', 'KEGG:05214'), ('RAP1B', 'KEGG:05161'), ('RAP1B', 'KEGG:05218'), ('RAP1B', 'KEGG:05160'), ('RAP1B', 'KEGG:04929'), ('RAP1B', 'KEGG:05417'), ('RAP1B', 'KEGG:04210'), ('RAP1B', 'KEGG:04916'), ('RAP1B', 'KEGG:04915'), ('RAP1B', 'KEGG:04071'), ('RAP1B', 'KEGG:04664'), ('RAP1B', 'KEGG:05235'), ('RAP1B', 'KEGG:05207'), ('RAP1B', 'KEGG:05167'), ('RAP1B', 'KEGG:05165'), ('KATNAL1', 'KEGG:04911')]",0.5897435897435898,0.4144997968691009
hsa-miR-145-5p,hsa-miR-145-5p,MicroRNA,1.0,0,1,0.0455986218183065,0.2724159682797152,0.0352811466372657,0.0326754385964912,"[('TPM3', 'KEGG:05200'), ('TPM3', 'KEGG:05216'), ('TPM3', 'KEGG:05414'), ('TPM3', 'KEGG:05410'), ('TPM4', 'KEGG:03083'), ('TPM4', 'KEGG:03082'), ('CDCA3', 'KEGG:05200'), ('CDCA3', 'KEGG:04068'), ('CDCA3', 'KEGG:05210'), ('CDCA3', 'KEGG:04151'), ('CDCA3', 'KEGG:01521'), ('CDCA3', 'KEGG:04210'), ('SKP1', 'KEGG:05200'), ('SKP1', 'KEGG:04310'), ('SKP1', 'KEGG:04350'), ('SKP1', 'KEGG:03083'), ('SKP1', 'KEGG:05170'), ('SKP1', 'KEGG:04110'), ('SKP1', 'KEGG:04114'), ('SKP1', 'KEGG:04120'), ('SKP1', 'KEGG:04141'), ('SKP1', 'KEGG:04710'), ('SKP1', 'KEGG:05131'), ('IPPK', 'KEGG:04144'), ('DERL2', 'KEGG:04360'), ('ARF6', 'KEGG:05202'), ('STMP1', 'KEGG:04144'), ('SET', 'KEGG:04010'), ('ACTB', 'KEGG:04910'), ('ACTB', 'KEGG:04914'), ('ACTB', 'KEGG:04371'), ('ACTB', 'KEGG:04022'), ('ACTB', 'KEGG:04024'), ('ACTB', 'KEGG:05032'), ('ACTB', 'KEGG:04923'), ('ACTB', 'KEGG:04924'), ('ATXN7L3', 'KEGG:03082'), ('ERN1', 'KEGG:04010'), ('ERN1', 'KEGG:04014'), ('MSI2', 'KEGG:05202'), ('CCDC25', 'KEGG:05205'), ('CCDC25', 'KEGG:04151'), ('CCDC25', 'KEGG:04150'), ('RLIM', 'KEGG:04810'), ('RLIM', 'KEGG:04070'), ('RGS7', 'KEGG:04140'), ('TTC4', 'KEGG:04141'), ('AP1G1', 'KEGG:04070'), ('RAB18', 'KEGG:04919'), ('RAB18', 'KEGG:04921'), ('RAB18', 'KEGG:05167'), ('G3BP1', 'KEGG:04010'), ('G3BP1', 'KEGG:05200'), ('G3BP1', 'KEGG:04722'), ('G3BP1', 'KEGG:04713'), ('G3BP1', 'KEGG:05131'), ('G3BP1', 'KEGG:04668'), ('MRGBP', 'KEGG:04120'), ('ZRANB3', 'KEGG:04550'), ('ZRANB3', 'KEGG:04668'), ('ANKRD52', 'KEGG:04110'), ('ZC2HC1C', 'KEGG:05032'), ('USP46', 'KEGG:04110'), ('EFNB3', 'KEGG:04015'), ('EFNB3', 'KEGG:04151'), ('EFNB3', 'KEGG:05165'), ('CCDC120', 'KEGG:04917'), ('CCDC120', 'KEGG:04910'), ('CCDC120', 'KEGG:04935'), ('CCDC120', 'KEGG:04930'), ('CCDC120', 'KEGG:04120'), ('CCDC120', 'KEGG:04380'), ('CLCN3', 'KEGG:04360'), ('CLCN3', 'KEGG:04014'), ('CLCN3', 'KEGG:05211'), ('CLCN3', 'KEGG:04012'), ('CLCN3', 'KEGG:04510'), ('CLCN3', 'KEGG:05170'), ('CLCN3', 'KEGG:04810'), ('CLCN3', 'KEGG:04660'), ('CLCN3', 'KEGG:05130')]",0.47863247863247865,0.4268342364260382
hsa-miR-185-5p,hsa-miR-185-5p,MicroRNA,1.0,0,1,0.0632946446499461,0.2851617771908311,0.0474090407938258,0.065406976744186,"[('NCOA2', 'KEGG:04919'), ('NCOA2', 'KEGG:04915'), ('MDM4', 'KEGG:04115'), ('PPIP5K2', 'KEGG:04070'), ('LCOR', 'KEGG:03083'), ('SYNGAP1', 'KEGG:04014'), ('PDE7A', 'KEGG:05032'), ('SSBP2', 'KEGG:04360'), ('SSBP2', 'KEGG:05205'), ('SSBP2', 'KEGG:04068'), ('SSBP2', 'KEGG:04919'), ('SSBP2', 'KEGG:05223'), ('SSBP2', 'KEGG:04151'), ('SSBP2', 'KEGG:04910'), ('SSBP2', 'KEGG:04510'), ('SSBP2', 'KEGG:04152'), ('SSBP2', 'KEGG:04931'), ('SSBP2', 'KEGG:04140'), ('SSBP2', 'KEGG:04150'), ('SSBP2', 'KEGG:05215'), ('SSBP2', 'KEGG:04722'), ('SSBP2', 'KEGG:05213'), ('SSBP2', 'KEGG:04660'), ('SSBP2', 'KEGG:04960'), ('SSBP2', 'KEGG:05417'), ('SSBP2', 'KEGG:04210'), ('SSBP2', 'KEGG:01524'), ('SSBP2', 'KEGG:04071'), ('SSBP2', 'KEGG:04664'), ('STXBP4', 'KEGG:04360'), ('NR6A1', 'KEGG:03082'), ('KIF1B', 'KEGG:04923'), ('WDR55', 'KEGG:04110'), ('TAF3', 'KEGG:05032'), ('TAF3', 'KEGG:04924'), ('GPRIN3', 'KEGG:04110'), ('RERE', 'KEGG:04144'), ('RERE', 'KEGG:04340'), ('RERE', 'KEGG:04724'), ('RERE', 'KEGG:05032'), ('TOM1L2', 'KEGG:04010'), ('TOM1L2', 'KEGG:04014'), ('TOM1L2', 'KEGG:05200'), ('TOM1L2', 'KEGG:04015'), ('TOM1L2', 'KEGG:04151'), ('TOM1L2', 'KEGG:05224'), ('TOM1L2', 'KEGG:05221'), ('TOM1L2', 'KEGG:04916'), ('ANKFY1', 'KEGG:04120'), ('ANKFY1', 'KEGG:04141'), ('TSN', 'KEGG:04068'), ('TSN', 'KEGG:04211'), ('TSN', 'KEGG:04151'), ('TSN', 'KEGG:04910'), ('TSN', 'KEGG:04152'), ('TSN', 'KEGG:04213'), ('TSN', 'KEGG:04931'), ('TSN', 'KEGG:04140'), ('TSN', 'KEGG:04150'), ('TSN', 'KEGG:04371'), ('TSN', 'KEGG:04921'), ('TSN', 'KEGG:04710'), ('TSN', 'KEGG:04920'), ('TSN', 'KEGG:05410'), ('ZBTB20', 'KEGG:05135'), ('SF1', 'KEGG:04144'), ('TRIM5', 'KEGG:04550'), ('TRIM5', 'KEGG:05200'), ('TRIM5', 'KEGG:05225'), ('TRIM5', 'KEGG:04390'), ('TRIM5', 'KEGG:05210'), ('TRIM5', 'KEGG:04310'), ('TRIM5', 'KEGG:05224'), ('TRIM5', 'KEGG:05226'), ('TRIM5', 'KEGG:05215'), ('TRIM5', 'KEGG:05213'), ('TRIM5', 'KEGG:05221'), ('TRIM5', 'KEGG:04520'), ('TRIM5', 'KEGG:05216'), ('TRIM5', 'KEGG:04934'), ('TRIM5', 'KEGG:04916'), ('TRIM5', 'KEGG:05217'), ('TRIM5', 'KEGG:05167'), ('TRIM5', 'KEGG:05165'), ('SLC25A15', 'KEGG:05202'), ('SLC25A15', 'KEGG:04934'), ('DLG2', 'KEGG:04390'), ('DLG2', 'KEGG:04151'), ('DLG2', 'KEGG:04110'), ('DLG2', 'KEGG:04114'), ('DLG2', 'KEGG:05161'), ('DLG2', 'KEGG:05160'), ('VIPAS39', 'KEGG:05235'), ('PTPRA', 'KEGG:05170'), ('PTPRA', 'KEGG:04110'), ('SLA2', 'KEGG:04115'), ('PAX2', 'KEGG:04151'), ('PAX2', 'KEGG:05135'), ('KLF7', 'KEGG:04724'), ('CNKSR3', 'KEGG:04114'), ('TMC5', 'KEGG:05200'), ('TMC5', 'KEGG:04015'), ('TMC5', 'KEGG:04151'), ('TMC5', 'KEGG:04810'), ('TMC5', 'KEGG:05130'), ('CYB561', 'KEGG:04360'), ('CYB561', 'KEGG:04015'), ('CYB561', 'KEGG:04810'), ('CDC42EP3', 'KEGG:01524')]",0.6068376068376068,0.5308036934809279
hsa-miR-365a-3p,hsa-miR-365a-3p,MicroRNA,1.0,0,1,0.0092702499739212,0.2560779330792037,0.0154355016538037,1.0,"[('PPP5C', 'KEGG:04010'), ('SNX12', 'KEGG:04144'), ('SMARCC1', 'KEGG:05225'), ('SMARCC1', 'KEGG:03082'), ('VGLL4', 'KEGG:04130'), ('VGLL4', 'KEGG:04911'), ('ADAM10', 'KEGG:04068'), ('MAPK1IP1L', 'KEGG:04350'), ('PAX2', 'KEGG:04151'), ('PAX2', 'KEGG:05135'), ('RSF1', 'KEGG:04022'), ('RSF1', 'KEGG:04024'), ('RSF1', 'KEGG:05032'), ('RSF1', 'KEGG:04924'), ('SRSF1', 'KEGG:04010'), ('SRSF1', 'KEGG:04390'), ('PIAS1', 'KEGG:04141'), ('BEST3', 'KEGG:04919'), ('BEST3', 'KEGG:04960'), ('BEST3', 'KEGG:04022'), ('BEST3', 'KEGG:04971'), ('BEST3', 'KEGG:04024'), ('BEST3', 'KEGG:04911'), ('NUFIP2', 'KEGG:04010'), ('NUFIP2', 'KEGG:04935'), ('NUFIP2', 'KEGG:04912'), ('NUFIP2', 'KEGG:04725'), ('NUFIP2', 'KEGG:04930'), ('NUFIP2', 'KEGG:04921'), ('NUFIP2', 'KEGG:04713'), ('NUFIP2', 'KEGG:04022'), ('NUFIP2', 'KEGG:04724'), ('NUFIP2', 'KEGG:04929'), ('NUFIP2', 'KEGG:04934'), ('NUFIP2', 'KEGG:04728'), ('NUFIP2', 'KEGG:04024'), ('NUFIP2', 'KEGG:04924'), ('NUFIP2', 'KEGG:05414'), ('NUFIP2', 'KEGG:05207'), ('NUFIP2', 'KEGG:04911'), ('NUFIP2', 'KEGG:05410')]",0.27350427350427353,0.4079018893465322
hsa-miR-365b-3p,hsa-miR-365b-3p,MicroRNA,1.0,0,1,0.0092702499739212,0.2560779330792037,0.0154355016538037,1.0,"[('PPP5C', 'KEGG:04010'), ('SNX12', 'KEGG:04144'), ('SMARCC1', 'KEGG:05225'), ('SMARCC1', 'KEGG:03082'), ('VGLL4', 'KEGG:04130'), ('VGLL4', 'KEGG:04911'), ('ADAM10', 'KEGG:04068'), ('MAPK1IP1L', 'KEGG:04350'), ('PAX2', 'KEGG:04151'), ('PAX2', 'KEGG:05135'), ('RSF1', 'KEGG:04022'), ('RSF1', 'KEGG:04024'), ('RSF1', 'KEGG:05032'), ('RSF1', 'KEGG:04924'), ('SRSF1', 'KEGG:04010'), ('SRSF1', 'KEGG:04390'), ('PIAS1', 'KEGG:04141'), ('BEST3', 'KEGG:04919'), ('BEST3', 'KEGG:04960'), ('BEST3', 'KEGG:04022'), ('BEST3', 'KEGG:04971'), ('BEST3', 'KEGG:04024'), ('BEST3', 'KEGG:04911'), ('NUFIP2', 'KEGG:04010'), ('NUFIP2', 'KEGG:04935'), ('NUFIP2', 'KEGG:04912'), ('NUFIP2', 'KEGG:04725'), ('NUFIP2', 'KEGG:04930'), ('NUFIP2', 'KEGG:04921'), ('NUFIP2', 'KEGG:04713'), ('NUFIP2', 'KEGG:04022'), ('NUFIP2', 'KEGG:04724'), ('NUFIP2', 'KEGG:04929'), ('NUFIP2', 'KEGG:04934'), ('NUFIP2', 'KEGG:04728'), ('NUFIP2', 'KEGG:04024'), ('NUFIP2', 'KEGG:04924'), ('NUFIP2', 'KEGG:05414'), ('NUFIP2', 'KEGG:05207'), ('NUFIP2', 'KEGG:04911'), ('NUFIP2', 'KEGG:05410')]",0.27350427350427353,0.4079018893465322
hsa-miR-20b-5p,hsa-miR-20b-5p,MicroRNA,1.0,0,1,0.1824939302466025,0.3034835859853428,0.1444321940463065,0.2816378459780859,"[('TRIM32', 'KEGG:04120'), ('MTMR3', 'KEGG:04140'), ('MTMR3', 'KEGG:04070'), ('ERBB3', 'KEGG:05205'), ('ERBB3', 'KEGG:04010'), ('ERBB3', 'KEGG:04012'), ('ERBB3', 'KEGG:04151'), ('ERBB3', 'KEGG:01521'), ('E2F5', 'KEGG:04218'), ('E2F5', 'KEGG:04350'), ('E2F5', 'KEGG:04110'), ('LDLRAP1', 'KEGG:04144'), ('GOSR1', 'KEGG:04130'), ('FAM102A', 'KEGG:05200'), ('FAM102A', 'KEGG:05211'), ('SOCS6', 'KEGG:04010'), ('SOCS6', 'KEGG:04150'), ('C15orf61', 'KEGG:04390'), ('C15orf61', 'KEGG:04350'), ('CDC23', 'KEGG:04014'), ('CDC23', 'KEGG:05200'), ('CDC23', 'KEGG:04151'), ('CDC23', 'KEGG:05170'), ('CDC23', 'KEGG:04371'), ('CDC23', 'KEGG:04725'), ('CDC23', 'KEGG:04713'), ('CDC23', 'KEGG:04926'), ('CDC23', 'KEGG:05163'), ('CDC23', 'KEGG:04724'), ('CDC23', 'KEGG:04728'), ('CDC23', 'KEGG:05032'), ('CDC23', 'KEGG:05167'), ('SNX12', 'KEGG:04144'), ('GPR157', 'KEGG:03082'), ('FOXJ3', 'KEGG:05017'), ('WDR37', 'KEGG:04310'), ('CUL3', 'KEGG:04340'), ('CUL3', 'KEGG:04120'), ('CCDC25', 'KEGG:05205'), ('CCDC25', 'KEGG:04151'), ('CCDC25', 'KEGG:04150'), ('LDLRAD3', 'KEGG:04360'), ('LDLRAD3', 'KEGG:05205'), ('LDLRAD3', 'KEGG:04218'), ('LDLRAD3', 'KEGG:04010'), ('LDLRAD3', 'KEGG:04014'), ('LDLRAD3', 'KEGG:04550'), ('LDLRAD3', 'KEGG:05200'), ('LDLRAD3', 'KEGG:04068'), ('LDLRAD3', 'KEGG:04917'), ('LDLRAD3', 'KEGG:04015'), ('LDLRAD3', 'KEGG:05212'), ('LDLRAD3', 'KEGG:05220'), ('LDLRAD3', 'KEGG:05211'), ('LDLRAD3', 'KEGG:05225'), ('LDLRAD3', 'KEGG:04012'), ('LDLRAD3', 'KEGG:04919'), ('LDLRAD3', 'KEGG:05223'), ('LDLRAD3', 'KEGG:05210'), ('LDLRAD3', 'KEGG:04151'), ('LDLRAD3', 'KEGG:05224'), ('LDLRAD3', 'KEGG:04910'), ('LDLRAD3', 'KEGG:05226'), ('LDLRAD3', 'KEGG:04510'), ('LDLRAD3', 'KEGG:04935'), ('LDLRAD3', 'KEGG:05166'), ('LDLRAD3', 'KEGG:04914'), ('LDLRAD3', 'KEGG:04350'), ('LDLRAD3', 'KEGG:04140'), ('LDLRAD3', 'KEGG:04150'), ('LDLRAD3', 'KEGG:01522'), ('LDLRAD3', 'KEGG:05170'), ('LDLRAD3', 'KEGG:05215'), ('LDLRAD3', 'KEGG:04371'), ('LDLRAD3', 'KEGG:04912'), ('LDLRAD3', 'KEGG:04725'), ('LDLRAD3', 'KEGG:04722'), ('LDLRAD3', 'KEGG:01521'), ('LDLRAD3', 'KEGG:04810'), ('LDLRAD3', 'KEGG:05213'), ('LDLRAD3', 'KEGG:04930'), ('LDLRAD3', 'KEGG:04660'), ('LDLRAD3', 'KEGG:04933'), ('LDLRAD3', 'KEGG:04928'), ('LDLRAD3', 'KEGG:04114'), ('LDLRAD3', 'KEGG:04921'), ('LDLRAD3', 'KEGG:05221'), ('LDLRAD3', 'KEGG:04713'), ('LDLRAD3', 'KEGG:04926'), ('LDLRAD3', 'KEGG:04520'), ('LDLRAD3', 'KEGG:05163'), ('LDLRAD3', 'KEGG:04730'), ('LDLRAD3', 'KEGG:05135'), ('LDLRAD3', 'KEGG:05216'), ('LDLRAD3', 'KEGG:04960'), ('LDLRAD3', 'KEGG:04022'), ('LDLRAD3', 'KEGG:05214'), ('LDLRAD3', 'KEGG:05142'), ('LDLRAD3', 'KEGG:04148'), ('LDLRAD3', 'KEGG:05161'), ('LDLRAD3', 'KEGG:05218'), ('LDLRAD3', 'KEGG:05160'), ('LDLRAD3', 'KEGG:04724'), ('LDLRAD3', 'KEGG:04929'), ('LDLRAD3', 'KEGG:05131'), ('LDLRAD3', 'KEGG:05417'), ('LDLRAD3', 'KEGG:04210'), ('LDLRAD3', 'KEGG:04611'), ('LDLRAD3', 'KEGG:04934'), ('LDLRAD3', 'KEGG:01524'), ('LDLRAD3', 'KEGG:04024'), ('LDLRAD3', 'KEGG:04916'), ('LDLRAD3', 'KEGG:04915'), ('LDLRAD3', 'KEGG:04071'), ('LDLRAD3', 'KEGG:04066'), ('LDLRAD3', 'KEGG:04664'), ('LDLRAD3', 'KEGG:05130'), ('LDLRAD3', 'KEGG:05235'), ('LDLRAD3', 'KEGG:05207'), ('LDLRAD3', 'KEGG:05167'), ('LDLRAD3', 'KEGG:04668'), ('LDLRAD3', 'KEGG:05165'), ('LDLRAD3', 'KEGG:04380'), ('ZBTB6', 'KEGG:04012'), ('ZBTB6', 'KEGG:01521'), ('RAB5B', 'KEGG:04014'), ('RAB5B', 'KEGG:04144'), ('RAB5B', 'KEGG:04148'), ('MAP3K9', 'KEGG:04724'), ('TVP23B', 'KEGG:05200'), ('TVP23B', 'KEGG:04151'), ('TVP23B', 'KEGG:04510'), ('TVP23B', 'KEGG:05222'), ('TVP23B', 'KEGG:05165'), ('ZFP3', 'KEGG:04144'), ('ZFP3', 'KEGG:05135'), ('ZFP3', 'KEGG:05130'), ('WIPF2', 'KEGG:04360'), ('G3BP1', 'KEGG:04010'), ('G3BP1', 'KEGG:05200'), ('G3BP1', 'KEGG:04722'), ('G3BP1', 'KEGG:04713'), ('G3BP1', 'KEGG:05131'), ('G3BP1', 'KEGG:04668'), ('CRAMP1', 'KEGG:04148'), ('NUFIP2', 'KEGG:04010'), ('NUFIP2', 'KEGG:04935'), ('NUFIP2', 'KEGG:04912'), ('NUFIP2', 'KEGG:04725'), ('NUFIP2', 'KEGG:04930'), ('NUFIP2', 'KEGG:04921'), ('NUFIP2', 'KEGG:04713'), ('NUFIP2', 'KEGG:04022'), ('NUFIP2', 'KEGG:04724'), ('NUFIP2', 'KEGG:04929'), ('NUFIP2', 'KEGG:04934'), ('NUFIP2', 'KEGG:04728'), ('NUFIP2', 'KEGG:04024'), ('NUFIP2', 'KEGG:04924'), ('NUFIP2', 'KEGG:05414'), ('NUFIP2', 'KEGG:05207'), ('NUFIP2', 'KEGG:04911'), ('NUFIP2', 'KEGG:05410'), ('ETV1', 'KEGG:05202'), ('USP28', 'KEGG:04218'), ('USP28', 'KEGG:04010'), ('USP28', 'KEGG:04015'), ('USP28', 'KEGG:04935'), ('USP28', 'KEGG:05170'), ('USP28', 'KEGG:04912'), ('USP28', 'KEGG:05163'), ('USP28', 'KEGG:05135'), ('USP28', 'KEGG:05161'), ('USP28', 'KEGG:05417'), ('USP28', 'KEGG:04750'), ('USP28', 'KEGG:04664'), ('USP28', 'KEGG:05235'), ('USP28', 'KEGG:05167'), ('USP28', 'KEGG:04668'), ('USP28', 'KEGG:04380'), ('PURB', 'KEGG:04211'), ('PURB', 'KEGG:04140'), ('PURB', 'KEGG:05017'), ('FBXW11', 'KEGG:04010'), ('FBXW11', 'KEGG:04014'), ('FBXW11', 'KEGG:05200'), ('FBXW11', 'KEGG:04068'), ('FBXW11', 'KEGG:05223'), ('RPS6KA6', 'KEGG:04014'), ('RPS6KA6', 'KEGG:05200'), ('RPS6KA6', 'KEGG:04151'), ('RPS6KA6', 'KEGG:05170'), ('RPS6KA6', 'KEGG:04371'), ('RPS6KA6', 'KEGG:04725'), ('RPS6KA6', 'KEGG:04713'), ('RPS6KA6', 'KEGG:04926'), ('RPS6KA6', 'KEGG:05163'), ('RPS6KA6', 'KEGG:04724'), ('RPS6KA6', 'KEGG:04728'), ('RPS6KA6', 'KEGG:05032'), ('RPS6KA6', 'KEGG:05167'), ('RABEP1', 'KEGG:04550'), ('RABEP1', 'KEGG:05207'), ('IPO9', 'KEGG:04152'), ('IPO9', 'KEGG:04148'), ('EXPH5', 'KEGG:05200'), ('EXPH5', 'KEGG:04919'), ('EXPH5', 'KEGG:05224'), ('EXPH5', 'KEGG:04915'), ('C9orf64', 'KEGG:04724'), ('SRPK2', 'KEGG:04152'), ('SSX2IP', 'KEGG:04340'), ('PCDHA11', 'KEGG:04151'), ('FBXO41', 'KEGG:04144'), ('SCN2B', 'KEGG:04144'), ('SCN2B', 'KEGG:04120'), ('SCN2B', 'KEGG:04960'), ('XIAP', 'KEGG:04010'), ('XIAP', 'KEGG:04148'), ('RPP14', 'KEGG:04360'), ('NEDD4L', 'KEGG:04144'), ('NEDD4L', 'KEGG:04152'), ('NEDD4L', 'KEGG:04140'), ('USP46', 'KEGG:04110'), ('TMEM25', 'KEGG:03013'), ('SMIM14', 'KEGG:04310'), ('SMIM14', 'KEGG:04928'), ('UEVLD', 'KEGG:04360'), ('UEVLD', 'KEGG:05205'), ('UEVLD', 'KEGG:04218'), ('UEVLD', 'KEGG:04014'), ('UEVLD', 'KEGG:04550'), ('UEVLD', 'KEGG:05200'), ('UEVLD', 'KEGG:04068'), ('UEVLD', 'KEGG:04917'), ('UEVLD', 'KEGG:04211'), ('UEVLD', 'KEGG:04015'), ('UEVLD', 'KEGG:05212'), ('UEVLD', 'KEGG:05220'), ('UEVLD', 'KEGG:05211'), ('UEVLD', 'KEGG:05225'), ('UEVLD', 'KEGG:04012'), ('UEVLD', 'KEGG:04919'), ('UEVLD', 'KEGG:05223'), ('UEVLD', 'KEGG:05210'), ('UEVLD', 'KEGG:04151'), ('UEVLD', 'KEGG:05224'), ('UEVLD', 'KEGG:04910'), ('UEVLD', 'KEGG:05226'), ('UEVLD', 'KEGG:04510'), ('UEVLD', 'KEGG:04935'), ('UEVLD', 'KEGG:04152'), ('UEVLD', 'KEGG:05166'), ('UEVLD', 'KEGG:04914'), ('UEVLD', 'KEGG:04213'), ('UEVLD', 'KEGG:04931'), ('UEVLD', 'KEGG:04140'), ('UEVLD', 'KEGG:04150'), ('UEVLD', 'KEGG:01522'), ('UEVLD', 'KEGG:05170'), ('UEVLD', 'KEGG:05222'), ('UEVLD', 'KEGG:05215'), ('UEVLD', 'KEGG:04725'), ('UEVLD', 'KEGG:04722'), ('UEVLD', 'KEGG:01521'), ('UEVLD', 'KEGG:04810'), ('UEVLD', 'KEGG:05017'), ('UEVLD', 'KEGG:05213'), ('UEVLD', 'KEGG:04930'), ('UEVLD', 'KEGG:04660'), ('UEVLD', 'KEGG:04933'), ('UEVLD', 'KEGG:05221'), ('UEVLD', 'KEGG:04926'), ('UEVLD', 'KEGG:05163'), ('UEVLD', 'KEGG:05135'), ('UEVLD', 'KEGG:04960'), ('UEVLD', 'KEGG:05214'), ('UEVLD', 'KEGG:05142'), ('UEVLD', 'KEGG:05161'), ('UEVLD', 'KEGG:05218'), ('UEVLD', 'KEGG:05160'), ('UEVLD', 'KEGG:04929'), ('UEVLD', 'KEGG:05131'), ('UEVLD', 'KEGG:05417'), ('UEVLD', 'KEGG:04210'), ('UEVLD', 'KEGG:04611'), ('UEVLD', 'KEGG:04750'), ('UEVLD', 'KEGG:01524'), ('UEVLD', 'KEGG:04024'), ('UEVLD', 'KEGG:04923'), ('UEVLD', 'KEGG:04915'), ('UEVLD', 'KEGG:04071'), ('UEVLD', 'KEGG:04066'), ('UEVLD', 'KEGG:05100'), ('UEVLD', 'KEGG:04664'), ('UEVLD', 'KEGG:05235'), ('UEVLD', 'KEGG:05207'), ('UEVLD', 'KEGG:05167'), ('UEVLD', 'KEGG:04668'), ('UEVLD', 'KEGG:04070'), ('UEVLD', 'KEGG:05165'), ('UEVLD', 'KEGG:04380'), ('UEVLD', 'KEGG:05162'), ('ATE1', 'KEGG:03013'), ('HECTD2', 'KEGG:05200'), ('HECTD2', 'KEGG:04015'), ('HECTD2', 'KEGG:04919'), ('HECTD2', 'KEGG:04310'), ('HECTD2', 'KEGG:04935'), ('HECTD2', 'KEGG:04371'), ('HECTD2', 'KEGG:04912'), ('HECTD2', 'KEGG:04725'), ('HECTD2', 'KEGG:05017'), ('HECTD2', 'KEGG:04933'), ('HECTD2', 'KEGG:04928'), ('HECTD2', 'KEGG:04921'), ('HECTD2', 'KEGG:04713'), ('HECTD2', 'KEGG:04926'), ('HECTD2', 'KEGG:05163'), ('HECTD2', 'KEGG:04730'), ('HECTD2', 'KEGG:04022'), ('HECTD2', 'KEGG:05142'), ('HECTD2', 'KEGG:04724'), ('HECTD2', 'KEGG:04929'), ('HECTD2', 'KEGG:05131'), ('HECTD2', 'KEGG:05417'), ('HECTD2', 'KEGG:04971'), ('HECTD2', 'KEGG:04611'), ('HECTD2', 'KEGG:04934'), ('HECTD2', 'KEGG:04750'), ('HECTD2', 'KEGG:04728'), ('HECTD2', 'KEGG:04924'), ('HECTD2', 'KEGG:04916'), ('HECTD2', 'KEGG:04915'), ('HECTD2', 'KEGG:04071'), ('HECTD2', 'KEGG:04911'), ('HECTD2', 'KEGG:04070'), ('ZRANB1', 'KEGG:04010'), ('ZRANB1', 'KEGG:04750'), ('FBXO28', 'KEGG:05165'), ('PHF6', 'KEGG:05202'), ('SLC4A7', 'KEGG:03082'), ('MASTL', 'KEGG:04520'), ('LHX4', 'KEGG:04014'), ('LHX4', 'KEGG:04015'), ('LHX4', 'KEGG:05017'), ('LHX4', 'KEGG:04713'), ('LHX4', 'KEGG:04724'), ('LHX4', 'KEGG:04024'), ('LHX4', 'KEGG:05030'), ('PHIP', 'KEGG:04371'), ('PHIP', 'KEGG:04928'), ('PHIP', 'KEGG:04022'), ('INO80D', 'KEGG:04218'), ('INO80D', 'KEGG:04010'), ('INO80D', 'KEGG:05200'), ('INO80D', 'KEGG:04068'), ('INO80D', 'KEGG:05212'), ('INO80D', 'KEGG:05220'), ('INO80D', 'KEGG:04144'), ('INO80D', 'KEGG:05225'), ('INO80D', 'KEGG:04390'), ('INO80D', 'KEGG:05210'), ('INO80D', 'KEGG:05226'), ('INO80D', 'KEGG:05166'), ('INO80D', 'KEGG:04350'), ('INO80D', 'KEGG:05202'), ('INO80D', 'KEGG:04933'), ('INO80D', 'KEGG:04926'), ('INO80D', 'KEGG:04520'), ('INO80D', 'KEGG:05142'), ('INO80D', 'KEGG:05161'), ('INO80D', 'KEGG:04380'), ('ABI1', 'KEGG:03082'), ('TENT5C', 'KEGG:04390'), ('TENT5C', 'KEGG:05165'), ('ERO1B', 'KEGG:05170'), ('RUFY2', 'KEGG:04141'), ('ATAD2', 'KEGG:04360'), ('ATAD2', 'KEGG:05205'), ('ATAD2', 'KEGG:05200'), ('ATAD2', 'KEGG:04012'), ('ATAD2', 'KEGG:04310'), ('ATAD2', 'KEGG:04912'), ('ATAD2', 'KEGG:04725'), ('ATAD2', 'KEGG:04722'), ('ATAD2', 'KEGG:04114'), ('ATAD2', 'KEGG:04921'), ('ATAD2', 'KEGG:04713'), ('ATAD2', 'KEGG:05214'), ('ATAD2', 'KEGG:04148'), ('ATAD2', 'KEGG:05417'), ('ATAD2', 'KEGG:04971'), ('ATAD2', 'KEGG:04934'), ('ATAD2', 'KEGG:04750'), ('ATAD2', 'KEGG:04728'), ('ATAD2', 'KEGG:04024'), ('ATAD2', 'KEGG:04916'), ('ATAD2', 'KEGG:04066'), ('ATAD2', 'KEGG:04911'), ('PON2', 'KEGG:04550'), ('PON2', 'KEGG:03083'), ('DDIAS', 'KEGG:04390'), ('DDIAS', 'KEGG:04151'), ('DDIAS', 'KEGG:04152'), ('DDIAS', 'KEGG:04350'), ('DDIAS', 'KEGG:04140'), ('DDIAS', 'KEGG:04110'), ('DDIAS', 'KEGG:04660'), ('DDIAS', 'KEGG:04114'), ('DDIAS', 'KEGG:04730'), ('DDIAS', 'KEGG:05142'), ('DDIAS', 'KEGG:05160'), ('DDIAS', 'KEGG:04728'), ('DDIAS', 'KEGG:04071'), ('DDIAS', 'KEGG:05165'), ('OTUD3', 'KEGG:04010'), ('OTUD3', 'KEGG:04014'), ('OTUD3', 'KEGG:05200'), ('OTUD3', 'KEGG:04068'), ('OTUD3', 'KEGG:05212'), ('OTUD3', 'KEGG:05220'), ('OTUD3', 'KEGG:04151'), ('OTUD3', 'KEGG:04910'), ('OTUD3', 'KEGG:05166'), ('OTUD3', 'KEGG:04931'), ('OTUD3', 'KEGG:04150'), ('OTUD3', 'KEGG:05170'), ('OTUD3', 'KEGG:05222'), ('OTUD3', 'KEGG:05215'), ('OTUD3', 'KEGG:04722'), ('OTUD3', 'KEGG:04930'), ('OTUD3', 'KEGG:04660'), ('OTUD3', 'KEGG:05221'), ('OTUD3', 'KEGG:05163'), ('OTUD3', 'KEGG:05135'), ('OTUD3', 'KEGG:05142'), ('OTUD3', 'KEGG:05161'), ('OTUD3', 'KEGG:05160'), ('OTUD3', 'KEGG:05131'), ('OTUD3', 'KEGG:05417'), ('OTUD3', 'KEGG:04210'), ('OTUD3', 'KEGG:04920'), ('OTUD3', 'KEGG:05130'), ('OTUD3', 'KEGG:05235'), ('OTUD3', 'KEGG:05167'), ('OTUD3', 'KEGG:04668'), ('OTUD3', 'KEGG:05165'), ('OTUD3', 'KEGG:04380'), ('OTUD3', 'KEGG:05162'), ('ZBTB41', 'KEGG:03083'), ('FAM177A1', 'KEGG:04390'), ('ARHGEF3', 'KEGG:04510'), ('NCKAP5', 'KEGG:04310'), ('NCKAP5', 'KEGG:04520'), ('NCKAP5', 'KEGG:05235'), ('NCKAP5', 'KEGG:05162'), ('C16orf72', 'KEGG:05202'), ('MTF1', 'KEGG:04148'), ('ARAP2', 'KEGG:04390'), ('ARAP2', 'KEGG:05165'), ('FBXO39', 'KEGG:04360'), ('FBXO39', 'KEGG:04014'), ('FBXO39', 'KEGG:05211'), ('FBXO39', 'KEGG:04012'), ('FBXO39', 'KEGG:04510'), ('FBXO39', 'KEGG:05170'), ('FBXO39', 'KEGG:04810'), ('FBXO39', 'KEGG:04660'), ('NSD3', 'KEGG:03013'), ('DIP2A', 'KEGG:04071'), ('USP31', 'KEGG:04140'), ('USP31', 'KEGG:04148'), ('SYTL4', 'KEGG:05166'), ('SYTL4', 'KEGG:03013'), ('LYSMD3', 'KEGG:04360'), ('AGO3', 'KEGG:04928'), ('NR2C2', 'KEGG:04110'), ('RBL1', 'KEGG:04910'), ('RBL1', 'KEGG:04931'), ('TBCEL', 'KEGG:04148'), ('RGS9BP', 'KEGG:05200'), ('RGS9BP', 'KEGG:04935'), ('RGS9BP', 'KEGG:05170'), ('RGS9BP', 'KEGG:04912'), ('RGS9BP', 'KEGG:04725'), ('RGS9BP', 'KEGG:04928'), ('RGS9BP', 'KEGG:05163'), ('RGS9BP', 'KEGG:04730'), ('RGS9BP', 'KEGG:04022'), ('RGS9BP', 'KEGG:05142'), ('RGS9BP', 'KEGG:04929'), ('RGS9BP', 'KEGG:04934'), ('RGS9BP', 'KEGG:04911'), ('PHC3', 'KEGG:05200'), ('PHC3', 'KEGG:04340'), ('PHC3', 'KEGG:04024'), ('PHC3', 'KEGG:05217'), ('GNA11', 'KEGG:04550'), ('GNA11', 'KEGG:04390'), ('GNA11', 'KEGG:04350'), ('GNA11', 'KEGG:05202'), ('ABHD2', 'KEGG:05200'), ('ABHD2', 'KEGG:04211'), ('ABHD2', 'KEGG:04015'), ('ABHD2', 'KEGG:04935'), ('ABHD2', 'KEGG:05166'), ('ABHD2', 'KEGG:04914'), ('ABHD2', 'KEGG:04213'), ('ABHD2', 'KEGG:01522'), ('ABHD2', 'KEGG:04371'), ('ABHD2', 'KEGG:04912'), ('ABHD2', 'KEGG:04725'), ('ABHD2', 'KEGG:04928'), ('ABHD2', 'KEGG:04114'), ('ABHD2', 'KEGG:04921'), ('ABHD2', 'KEGG:04713'), ('ABHD2', 'KEGG:04926'), ('ABHD2', 'KEGG:05163'), ('ABHD2', 'KEGG:04022'), ('ABHD2', 'KEGG:04724'), ('ABHD2', 'KEGG:04971'), ('ABHD2', 'KEGG:04611'), ('ABHD2', 'KEGG:04934'), ('ABHD2', 'KEGG:04750'), ('ABHD2', 'KEGG:04024'), ('ABHD2', 'KEGG:05032'), ('ABHD2', 'KEGG:04923'), ('ABHD2', 'KEGG:04916'), ('ABHD2', 'KEGG:05414'), ('ABHD2', 'KEGG:04915'), ('ABHD2', 'KEGG:05207'), ('ABHD2', 'KEGG:04911'), ('FAM199X', 'KEGG:04724'), ('MYO9A', 'KEGG:04140'), ('ZFYVE16', 'KEGG:05100'), ('UBE2J1', 'KEGG:05162'), ('MYCN', 'KEGG:04919'), ('KPNA5', 'KEGG:04141'), ('TRIM71', 'KEGG:04917'), ('ATXN1', 'KEGG:04010'), ('ATXN1', 'KEGG:04921'), ('ATXN1', 'KEGG:05414'), ('ATXN1', 'KEGG:05410'), ('KIF1B', 'KEGG:04923'), ('XRN1', 'KEGG:04141'), ('TUSC2', 'KEGG:04144'), ('PCDHA9', 'KEGG:04130'), ('CDCA3', 'KEGG:05200'), ('CDCA3', 'KEGG:04068'), ('CDCA3', 'KEGG:05210'), ('CDCA3', 'KEGG:04151'), ('CDCA3', 'KEGG:01521'), ('CDCA3', 'KEGG:04210'), ('TPRG1L', 'KEGG:05170'), ('TPRG1L', 'KEGG:04120'), ('LRCH1', 'KEGG:03082'), ('CMPK1', 'KEGG:04120'), ('ATXN1L', 'KEGG:04660'), ('UBE3C', 'KEGG:04070'), ('STXBP5', 'KEGG:04919'), ('STXBP5', 'KEGG:04152'), ('TNFSF11', 'KEGG:04390'), ('TNFSF11', 'KEGG:04151'), ('TNFSF11', 'KEGG:04152'), ('TNFSF11', 'KEGG:04350'), ('TNFSF11', 'KEGG:04110'), ('TNFSF11', 'KEGG:04660'), ('TNFSF11', 'KEGG:04114'), ('TNFSF11', 'KEGG:04730'), ('TNFSF11', 'KEGG:05142'), ('TNFSF11', 'KEGG:05160'), ('TNFSF11', 'KEGG:04728'), ('TNFSF11', 'KEGG:04071'), ('TNFSF11', 'KEGG:05165'), ('ARL5A', 'KEGG:04911'), ('KLF12', 'KEGG:05414'), ('KLF12', 'KEGG:05410'), ('TMCC1', 'KEGG:04152'), ('TMCC1', 'KEGG:04066'), ('TGOLN2', 'KEGG:04144'), ('TGOLN2', 'KEGG:05135'), ('TGOLN2', 'KEGG:05130'), ('TIMM17A', 'KEGG:04014'), ('TIMM17A', 'KEGG:04015'), ('TIMM17A', 'KEGG:05017'), ('TIMM17A', 'KEGG:04713'), ('TIMM17A', 'KEGG:04724'), ('TIMM17A', 'KEGG:04728'), ('TIMM17A', 'KEGG:04024'), ('TIMM17A', 'KEGG:05030'), ('E2F2', 'KEGG:04070'), ('CCND1', 'KEGG:04141'), ('AJAP1', 'KEGG:04750'), ('IQSEC2', 'KEGG:05032'), ('PGM2L1', 'KEGG:03013'), ('ANKH', 'KEGG:05170')]",0.9829059829059829,0.5225498149945202
hsa-miR-429,hsa-miR-429,MicroRNA,1.0,0,1,0.0089741063549795,0.1597357992073976,0.0088202866593164,0.3152173913043478,"[('PLXNA4', 'KEGG:04360'), ('TRPV3', 'KEGG:04550'), ('TRPV3', 'KEGG:04350'), ('SCD', 'KEGG:03082'), ('MAP4K4', 'KEGG:04218')]",0.042735042735042736,0.46126850733080776
hsa-miR-193b-3p,hsa-miR-193b-3p,MicroRNA,1.0,0,1,0.0333640846879815,0.2773140078891845,0.0301359794193311,0.1020776874435411,"[('SKP1', 'KEGG:05200'), ('SKP1', 'KEGG:04310'), ('SKP1', 'KEGG:04350'), ('SKP1', 'KEGG:03083'), ('SKP1', 'KEGG:05170'), ('SKP1', 'KEGG:04110'), ('SKP1', 'KEGG:04114'), ('SKP1', 'KEGG:04120'), ('SKP1', 'KEGG:04141'), ('SKP1', 'KEGG:04710'), ('SKP1', 'KEGG:05131'), ('ANAPC15', 'KEGG:05166'), ('ANAPC15', 'KEGG:04914'), ('ANAPC15', 'KEGG:04110'), ('ANAPC15', 'KEGG:04114'), ('ANAPC15', 'KEGG:04120'), ('PAK4', 'KEGG:04360'), ('PAK4', 'KEGG:04014'), ('PAK4', 'KEGG:05211'), ('PAK4', 'KEGG:04012'), ('PAK4', 'KEGG:04510'), ('PAK4', 'KEGG:05170'), ('PAK4', 'KEGG:04810'), ('PAK4', 'KEGG:04660'), ('ETV6', 'KEGG:05202'), ('IGSF3', 'KEGG:05200'), ('IGSF3', 'KEGG:05211'), ('IGSF3', 'KEGG:04919'), ('IGSF3', 'KEGG:05166'), ('IGSF3', 'KEGG:04931'), ('IGSF3', 'KEGG:04148'), ('IGSF3', 'KEGG:04920'), ('IGSF3', 'KEGG:04066'), ('IGSF3', 'KEGG:04911'), ('KIAA1549L', 'KEGG:04070'), ('ETV1', 'KEGG:05202'), ('KIT', 'KEGG:04010'), ('ABI2', 'KEGG:04810'), ('CD47', 'KEGG:04148'), ('MSI2', 'KEGG:05202'), ('C18orf32', 'KEGG:04340'), ('N4BP3', 'KEGG:04724'), ('AJUBA', 'KEGG:04141'), ('SMIM14', 'KEGG:04310'), ('SMIM14', 'KEGG:04928'), ('STX16', 'KEGG:05205'), ('STX16', 'KEGG:04550'), ('STX16', 'KEGG:05200'), ('STX16', 'KEGG:05225'), ('STX16', 'KEGG:04390'), ('STX16', 'KEGG:04310'), ('STX16', 'KEGG:05224'), ('STX16', 'KEGG:05226'), ('STX16', 'KEGG:04150'), ('STX16', 'KEGG:04934'), ('STX16', 'KEGG:04916'), ('STX16', 'KEGG:05217'), ('STX16', 'KEGG:05165'), ('DIO2', 'KEGG:04110'), ('KCNJ2', 'KEGG:05205'), ('KCNJ2', 'KEGG:04010'), ('KCNJ2', 'KEGG:04012'), ('KCNJ2', 'KEGG:04151'), ('TMEM260', 'KEGG:03082'), ('NUFIP2', 'KEGG:04010'), ('NUFIP2', 'KEGG:04935'), ('NUFIP2', 'KEGG:04912'), ('NUFIP2', 'KEGG:04725'), ('NUFIP2', 'KEGG:04930'), ('NUFIP2', 'KEGG:04921'), ('NUFIP2', 'KEGG:04713'), ('NUFIP2', 'KEGG:04022'), ('NUFIP2', 'KEGG:04724'), ('NUFIP2', 'KEGG:04929'), ('NUFIP2', 'KEGG:04934'), ('NUFIP2', 'KEGG:04728'), ('NUFIP2', 'KEGG:04024'), ('NUFIP2', 'KEGG:04924'), ('NUFIP2', 'KEGG:05414'), ('NUFIP2', 'KEGG:05207'), ('NUFIP2', 'KEGG:04911'), ('NUFIP2', 'KEGG:05410'), ('INO80D', 'KEGG:04218'), ('INO80D', 'KEGG:04010'), ('INO80D', 'KEGG:05200'), ('INO80D', 'KEGG:04068'), ('INO80D', 'KEGG:05212'), ('INO80D', 'KEGG:05220'), ('INO80D', 'KEGG:04144'), ('INO80D', 'KEGG:05225'), ('INO80D', 'KEGG:04390'), ('INO80D', 'KEGG:05210'), ('INO80D', 'KEGG:05226'), ('INO80D', 'KEGG:05166'), ('INO80D', 'KEGG:04350'), ('INO80D', 'KEGG:05202'), ('INO80D', 'KEGG:04933'), ('INO80D', 'KEGG:04926'), ('INO80D', 'KEGG:04520'), ('INO80D', 'KEGG:05142'), ('INO80D', 'KEGG:05161'), ('INO80D', 'KEGG:04380'), ('ENTPD1', 'KEGG:04144'), ('CDK17', 'KEGG:03082'), ('RSF1', 'KEGG:04022'), ('RSF1', 'KEGG:04024'), ('RSF1', 'KEGG:05032'), ('RSF1', 'KEGG:04924'), ('FAM168B', 'KEGG:05130'), ('CXXC4', 'KEGG:04070'), ('MYCN', 'KEGG:04919'), ('ATXN1', 'KEGG:04010'), ('ATXN1', 'KEGG:04921'), ('ATXN1', 'KEGG:05414'), ('ATXN1', 'KEGG:05410'), ('TMEM30A', 'KEGG:04960')]",0.6324786324786325,0.4857529927425287
hsa-miR-652-3p,hsa-miR-652-3p,MicroRNA,1.0,0,1,0.0014324512337179,0.1886662922049553,0.0014700477765527,0.0,"[('UBE2I', 'KEGG:04120'), ('UBE2I', 'KEGG:03013')]",0.017094017094017096,0.6518483349863968
hsa-let-7b-5p,hsa-let-7b-5p,MicroRNA,1.0,0,1,0.0261706886304283,0.161114960294196,0.0213156927600147,0.2226255293405928,"[('FZD4', 'KEGG:05205'), ('FZD4', 'KEGG:04550'), ('FZD4', 'KEGG:05200'), ('FZD4', 'KEGG:05225'), ('FZD4', 'KEGG:04390'), ('FZD4', 'KEGG:04310'), ('FZD4', 'KEGG:05224'), ('FZD4', 'KEGG:05226'), ('FZD4', 'KEGG:04150'), ('FZD4', 'KEGG:04934'), ('FZD4', 'KEGG:04916'), ('FZD4', 'KEGG:05217'), ('FZD4', 'KEGG:05165'), ('ACVR1C', 'KEGG:04550'), ('ACVR1C', 'KEGG:04350'), ('GHR', 'KEGG:04151'), ('GHR', 'KEGG:04935'), ('PDP2', 'KEGG:04140'), ('GRK3', 'KEGG:05205'), ('PARM1', 'KEGG:05202'), ('SCD', 'KEGG:03082'), ('ALPK3', 'KEGG:04144'), ('IGF1', 'KEGG:04151'), ('IGF1', 'KEGG:04510'), ('IGF1', 'KEGG:04810'), ('IGF1', 'KEGG:05414'), ('IGF1', 'KEGG:05410'), ('IGF1', 'KEGG:05165'), ('CFL2', 'KEGG:04360'), ('CFL2', 'KEGG:05170'), ('CFL2', 'KEGG:04810'), ('ANGPTL2', 'KEGG:04931'), ('ANGPTL2', 'KEGG:04371'), ('ANGPTL2', 'KEGG:04930'), ('ANGPTL2', 'KEGG:04933'), ('ANGPTL2', 'KEGG:04022'), ('ANGPTL2', 'KEGG:05131'), ('ANGPTL2', 'KEGG:04750'), ('ANGPTL2', 'KEGG:04071'), ('FIGN', 'KEGG:04218'), ('FIGN', 'KEGG:04068'), ('FIGN', 'KEGG:05166'), ('FIGN', 'KEGG:05202'), ('FIGN', 'KEGG:05170'), ('FIGN', 'KEGG:04110'), ('FIGN', 'KEGG:04115'), ('FIGN', 'KEGG:05131'), ('FIGN', 'KEGG:04210'), ('FIGN', 'KEGG:01524'), ('FIGN', 'KEGG:05165'), ('HAS2', 'KEGG:04310'), ('HAS2', 'KEGG:04722'), ('HAS2', 'KEGG:05165'), ('GNS', 'KEGG:04910'), ('GNS', 'KEGG:04152'), ('GNS', 'KEGG:04931'), ('GNS', 'KEGG:04920'), ('DCUN1D3', 'KEGG:04120'), ('KATNAL1', 'KEGG:04911')]",0.4017094017094017,0.5251967282613071
hsa-miR-93-5p,hsa-miR-93-5p,MicroRNA,0.0,0,1,0.0626856052186978,0.2918235350902596,0.0771775082690187,0.4933242196400091,"[('TADA2B', 'KEGG:05200'), ('TADA2B', 'KEGG:05212'), ('TADA2B', 'KEGG:05220'), ('TADA2B', 'KEGG:05225'), ('TADA2B', 'KEGG:05223'), ('TADA2B', 'KEGG:05210'), ('TADA2B', 'KEGG:05224'), ('TADA2B', 'KEGG:05226'), ('TADA2B', 'KEGG:05202'), ('TADA2B', 'KEGG:05170'), ('TADA2B', 'KEGG:05222'), ('TADA2B', 'KEGG:05213'), ('TADA2B', 'KEGG:05163'), ('TADA2B', 'KEGG:04141'), ('TADA2B', 'KEGG:05216'), ('TADA2B', 'KEGG:05214'), ('TADA2B', 'KEGG:05218'), ('TADA2B', 'KEGG:05160'), ('TADA2B', 'KEGG:04210'), ('TADA2B', 'KEGG:01524'), ('TADA2B', 'KEGG:05130'), ('TADA2B', 'KEGG:05217'), ('TADA2B', 'KEGG:05167'), ('TADA2B', 'KEGG:05165'), ('TADA2B', 'KEGG:05162'), ('DERL2', 'KEGG:04360'), ('RAB5B', 'KEGG:04014'), ('RAB5B', 'KEGG:04144'), ('RAB5B', 'KEGG:04148'), ('TENT5C', 'KEGG:04390'), ('TENT5C', 'KEGG:05165'), ('MKRN1', 'KEGG:05205'), ('MKRN1', 'KEGG:05200'), ('MKRN1', 'KEGG:04917'), ('MKRN1', 'KEGG:04919'), ('MKRN1', 'KEGG:05224'), ('MKRN1', 'KEGG:01522'), ('MKRN1', 'KEGG:04915'), ('MKRN1', 'KEGG:05207'), ('CCDC25', 'KEGG:05205'), ('CCDC25', 'KEGG:04151'), ('CCDC25', 'KEGG:04150'), ('GOSR1', 'KEGG:04130'), ('SNX12', 'KEGG:04144'), ('ATE1', 'KEGG:03013'), ('ARHGAP12', 'KEGG:04068'), ('ARHGAP12', 'KEGG:04148'), ('ARHGAP12', 'KEGG:04071'), ('TRIM32', 'KEGG:04120'), ('PPP6C', 'KEGG:04310'), ('LDLRAP1', 'KEGG:04144'), ('FOXJ3', 'KEGG:05017'), ('PPP6R3', 'KEGG:04120'), ('NTN4', 'KEGG:03082'), ('TPRG1L', 'KEGG:05170'), ('TPRG1L', 'KEGG:04120'), ('ZSCAN25', 'KEGG:05200'), ('ZSCAN25', 'KEGG:05225'), ('ZSCAN25', 'KEGG:04390'), ('ZSCAN25', 'KEGG:05210'), ('ZSCAN25', 'KEGG:04310'), ('ZSCAN25', 'KEGG:05224'), ('ZSCAN25', 'KEGG:05226'), ('ZSCAN25', 'KEGG:05215'), ('ZSCAN25', 'KEGG:05213'), ('ZSCAN25', 'KEGG:05221'), ('ZSCAN25', 'KEGG:04520'), ('ZSCAN25', 'KEGG:05216'), ('ZSCAN25', 'KEGG:04934'), ('ZSCAN25', 'KEGG:04916'), ('ZSCAN25', 'KEGG:05217'), ('ZSCAN25', 'KEGG:05167'), ('ERO1B', 'KEGG:05170'), ('ERBB3', 'KEGG:05205'), ('ERBB3', 'KEGG:04010'), ('ERBB3', 'KEGG:04012'), ('ERBB3', 'KEGG:04151'), ('ERBB3', 'KEGG:01521'), ('CDC23', 'KEGG:04014'), ('CDC23', 'KEGG:05200'), ('CDC23', 'KEGG:04151'), ('CDC23', 'KEGG:05170'), ('CDC23', 'KEGG:04371'), ('CDC23', 'KEGG:04725'), ('CDC23', 'KEGG:04713'), ('CDC23', 'KEGG:04926'), ('CDC23', 'KEGG:05163'), ('CDC23', 'KEGG:04724'), ('CDC23', 'KEGG:04728'), ('CDC23', 'KEGG:05032'), ('CDC23', 'KEGG:05167'), ('C9orf64', 'KEGG:04724'), ('SMAD5', 'KEGG:04144'), ('SMAD5', 'KEGG:04934'), ('MYNN', 'KEGG:03082'), ('UEVLD', 'KEGG:04360'), ('UEVLD', 'KEGG:05205'), ('UEVLD', 'KEGG:04218'), ('UEVLD', 'KEGG:04014'), ('UEVLD', 'KEGG:04550'), ('UEVLD', 'KEGG:05200'), ('UEVLD', 'KEGG:04068'), ('UEVLD', 'KEGG:04917'), ('UEVLD', 'KEGG:04211'), ('UEVLD', 'KEGG:04015'), ('UEVLD', 'KEGG:05212'), ('UEVLD', 'KEGG:05220'), ('UEVLD', 'KEGG:05211'), ('UEVLD', 'KEGG:05225'), ('UEVLD', 'KEGG:04012'), ('UEVLD', 'KEGG:04919'), ('UEVLD', 'KEGG:05223'), ('UEVLD', 'KEGG:05210'), ('UEVLD', 'KEGG:04151'), ('UEVLD', 'KEGG:05224'), ('UEVLD', 'KEGG:04910'), ('UEVLD', 'KEGG:05226'), ('UEVLD', 'KEGG:04510'), ('UEVLD', 'KEGG:04935'), ('UEVLD', 'KEGG:04152'), ('UEVLD', 'KEGG:05166'), ('UEVLD', 'KEGG:04914'), ('UEVLD', 'KEGG:04213'), ('UEVLD', 'KEGG:04931'), ('UEVLD', 'KEGG:04140'), ('UEVLD', 'KEGG:04150'), ('UEVLD', 'KEGG:01522'), ('UEVLD', 'KEGG:05170'), ('UEVLD', 'KEGG:05222'), ('UEVLD', 'KEGG:05215'), ('UEVLD', 'KEGG:04725'), ('UEVLD', 'KEGG:04722'), ('UEVLD', 'KEGG:01521'), ('UEVLD', 'KEGG:04810'), ('UEVLD', 'KEGG:05017'), ('UEVLD', 'KEGG:05213'), ('UEVLD', 'KEGG:04930'), ('UEVLD', 'KEGG:04660'), ('UEVLD', 'KEGG:04933'), ('UEVLD', 'KEGG:05221'), ('UEVLD', 'KEGG:04926'), ('UEVLD', 'KEGG:05163'), ('UEVLD', 'KEGG:05135'), ('UEVLD', 'KEGG:04960'), ('UEVLD', 'KEGG:05214'), ('UEVLD', 'KEGG:05142'), ('UEVLD', 'KEGG:05161'), ('UEVLD', 'KEGG:05218'), ('UEVLD', 'KEGG:05160'), ('UEVLD', 'KEGG:04929'), ('UEVLD', 'KEGG:05131'), ('UEVLD', 'KEGG:05417'), ('UEVLD', 'KEGG:04210'), ('UEVLD', 'KEGG:04611'), ('UEVLD', 'KEGG:04750'), ('UEVLD', 'KEGG:01524'), ('UEVLD', 'KEGG:04024'), ('UEVLD', 'KEGG:04923'), ('UEVLD', 'KEGG:04915'), ('UEVLD', 'KEGG:04071'), ('UEVLD', 'KEGG:04066'), ('UEVLD', 'KEGG:05100'), ('UEVLD', 'KEGG:04664'), ('UEVLD', 'KEGG:05235'), ('UEVLD', 'KEGG:05207'), ('UEVLD', 'KEGG:05167'), ('UEVLD', 'KEGG:04668'), ('UEVLD', 'KEGG:04070'), ('UEVLD', 'KEGG:05165'), ('UEVLD', 'KEGG:04380'), ('UEVLD', 'KEGG:05162'), ('LDLRAD3', 'KEGG:04360'), ('LDLRAD3', 'KEGG:05205'), ('LDLRAD3', 'KEGG:04218'), ('LDLRAD3', 'KEGG:04010'), ('LDLRAD3', 'KEGG:04014'), ('LDLRAD3', 'KEGG:04550'), ('LDLRAD3', 'KEGG:05200'), ('LDLRAD3', 'KEGG:04068'), ('LDLRAD3', 'KEGG:04917'), ('LDLRAD3', 'KEGG:04015'), ('LDLRAD3', 'KEGG:05212'), ('LDLRAD3', 'KEGG:05220'), ('LDLRAD3', 'KEGG:05211'), ('LDLRAD3', 'KEGG:05225'), ('LDLRAD3', 'KEGG:04012'), ('LDLRAD3', 'KEGG:04919'), ('LDLRAD3', 'KEGG:05223'), ('LDLRAD3', 'KEGG:05210'), ('LDLRAD3', 'KEGG:04151'), ('LDLRAD3', 'KEGG:05224'), ('LDLRAD3', 'KEGG:04910'), ('LDLRAD3', 'KEGG:05226'), ('LDLRAD3', 'KEGG:04510'), ('LDLRAD3', 'KEGG:04935'), ('LDLRAD3', 'KEGG:05166'), ('LDLRAD3', 'KEGG:04914'), ('LDLRAD3', 'KEGG:04350'), ('LDLRAD3', 'KEGG:04140'), ('LDLRAD3', 'KEGG:04150'), ('LDLRAD3', 'KEGG:01522'), ('LDLRAD3', 'KEGG:05170'), ('LDLRAD3', 'KEGG:05215'), ('LDLRAD3', 'KEGG:04371'), ('LDLRAD3', 'KEGG:04912'), ('LDLRAD3', 'KEGG:04725'), ('LDLRAD3', 'KEGG:04722'), ('LDLRAD3', 'KEGG:01521'), ('LDLRAD3', 'KEGG:04810'), ('LDLRAD3', 'KEGG:05213'), ('LDLRAD3', 'KEGG:04930'), ('LDLRAD3', 'KEGG:04660'), ('LDLRAD3', 'KEGG:04933'), ('LDLRAD3', 'KEGG:04928'), ('LDLRAD3', 'KEGG:04114'), ('LDLRAD3', 'KEGG:04921'), ('LDLRAD3', 'KEGG:05221'), ('LDLRAD3', 'KEGG:04713'), ('LDLRAD3', 'KEGG:04926'), ('LDLRAD3', 'KEGG:04520'), ('LDLRAD3', 'KEGG:05163'), ('LDLRAD3', 'KEGG:04730'), ('LDLRAD3', 'KEGG:05135'), ('LDLRAD3', 'KEGG:05216'), ('LDLRAD3', 'KEGG:04960'), ('LDLRAD3', 'KEGG:04022'), ('LDLRAD3', 'KEGG:05214'), ('LDLRAD3', 'KEGG:05142'), ('LDLRAD3', 'KEGG:04148'), ('LDLRAD3', 'KEGG:05161'), ('LDLRAD3', 'KEGG:05218'), ('LDLRAD3', 'KEGG:05160'), ('LDLRAD3', 'KEGG:04724'), ('LDLRAD3', 'KEGG:04929'), ('LDLRAD3', 'KEGG:05131'), ('LDLRAD3', 'KEGG:05417'), ('LDLRAD3', 'KEGG:04210'), ('LDLRAD3', 'KEGG:04611'), ('LDLRAD3', 'KEGG:04934'), ('LDLRAD3', 'KEGG:01524'), ('LDLRAD3', 'KEGG:04024'), ('LDLRAD3', 'KEGG:04916'), ('LDLRAD3', 'KEGG:04915'), ('LDLRAD3', 'KEGG:04071'), ('LDLRAD3', 'KEGG:04066'), ('LDLRAD3', 'KEGG:04664'), ('LDLRAD3', 'KEGG:05130'), ('LDLRAD3', 'KEGG:05235'), ('LDLRAD3', 'KEGG:05207'), ('LDLRAD3', 'KEGG:05167'), ('LDLRAD3', 'KEGG:04668'), ('LDLRAD3', 'KEGG:05165'), ('LDLRAD3', 'KEGG:04380'), ('SMIM14', 'KEGG:04310'), ('SMIM14', 'KEGG:04928'), ('NEDD4L', 'KEGG:04144'), ('NEDD4L', 'KEGG:04152'), ('NEDD4L', 'KEGG:04140'), ('RABEP1', 'KEGG:04550'), ('RABEP1', 'KEGG:05207'), ('KPNA5', 'KEGG:04141'), ('SRPK2', 'KEGG:04152'), ('ZBTB44', 'KEGG:04340'), ('MTMR3', 'KEGG:04140'), ('MTMR3', 'KEGG:04070'), ('ARL5A', 'KEGG:04911'), ('ZFP3', 'KEGG:04144'), ('ZFP3', 'KEGG:05135'), ('ZFP3', 'KEGG:05130'), ('BRMS1L', 'KEGG:04928'), ('WIPF2', 'KEGG:04360'), ('PHF6', 'KEGG:05202'), ('FBXW11', 'KEGG:04010'), ('FBXW11', 'KEGG:04014'), ('FBXW11', 'KEGG:05200'), ('FBXW11', 'KEGG:04068'), ('FBXW11', 'KEGG:05223'), ('XIAP', 'KEGG:04010'), ('XIAP', 'KEGG:04148'), ('OXR1', 'KEGG:05200'), ('OXR1', 'KEGG:05222'), ('OXR1', 'KEGG:05161'), ('OXR1', 'KEGG:05160'), ('OXR1', 'KEGG:05417'), ('OXR1', 'KEGG:05167'), ('OXR1', 'KEGG:04668'), ('OXR1', 'KEGG:05165'), ('OXR1', 'KEGG:05162'), ('FAM177A1', 'KEGG:04390'), ('SCAMP5', 'KEGG:05205'), ('SCAMP5', 'KEGG:04218'), ('SCAMP5', 'KEGG:04010'), ('SCAMP5', 'KEGG:05200'), ('SCAMP5', 'KEGG:04068'), ('SCAMP5', 'KEGG:05212'), ('SCAMP5', 'KEGG:05220'), ('SCAMP5', 'KEGG:05211'), ('SCAMP5', 'KEGG:05225'), ('SCAMP5', 'KEGG:04390'), ('SCAMP5', 'KEGG:05210'), ('SCAMP5', 'KEGG:05226'), ('SCAMP5', 'KEGG:05166'), ('SCAMP5', 'KEGG:04350'), ('SCAMP5', 'KEGG:04110'), ('SCAMP5', 'KEGG:04933'), ('SCAMP5', 'KEGG:05142'), ('SCAMP5', 'KEGG:05161'), ('SCAMP5', 'KEGG:05414'), ('SCAMP5', 'KEGG:05410'), ('SCAMP5', 'KEGG:04380'), ('OTUD3', 'KEGG:04010'), ('OTUD3', 'KEGG:04014'), ('OTUD3', 'KEGG:05200'), ('OTUD3', 'KEGG:04068'), ('OTUD3', 'KEGG:05212'), ('OTUD3', 'KEGG:05220'), ('OTUD3', 'KEGG:04151'), ('OTUD3', 'KEGG:04910'), ('OTUD3', 'KEGG:05166'), ('OTUD3', 'KEGG:04931'), ('OTUD3', 'KEGG:04150'), ('OTUD3', 'KEGG:05170'), ('OTUD3', 'KEGG:05222'), ('OTUD3', 'KEGG:05215'), ('OTUD3', 'KEGG:04722'), ('OTUD3', 'KEGG:04930'), ('OTUD3', 'KEGG:04660'), ('OTUD3', 'KEGG:05221'), ('OTUD3', 'KEGG:05163'), ('OTUD3', 'KEGG:05135'), ('OTUD3', 'KEGG:05142'), ('OTUD3', 'KEGG:05161'), ('OTUD3', 'KEGG:05160'), ('OTUD3', 'KEGG:05131'), ('OTUD3', 'KEGG:05417'), ('OTUD3', 'KEGG:04210'), ('OTUD3', 'KEGG:04920'), ('OTUD3', 'KEGG:05130'), ('OTUD3', 'KEGG:05235'), ('OTUD3', 'KEGG:05167'), ('OTUD3', 'KEGG:04668'), ('OTUD3', 'KEGG:05165'), ('OTUD3', 'KEGG:04380'), ('OTUD3', 'KEGG:05162'), ('RPS6KA6', 'KEGG:04014'), ('RPS6KA6', 'KEGG:05200'), ('RPS6KA6', 'KEGG:04151'), ('RPS6KA6', 'KEGG:05170'), ('RPS6KA6', 'KEGG:04371'), ('RPS6KA6', 'KEGG:04725'), ('RPS6KA6', 'KEGG:04713'), ('RPS6KA6', 'KEGG:04926'), ('RPS6KA6', 'KEGG:05163'), ('RPS6KA6', 'KEGG:04724'), ('RPS6KA6', 'KEGG:04728'), ('RPS6KA6', 'KEGG:05032'), ('RPS6KA6', 'KEGG:05167'), ('WDR37', 'KEGG:04310'), ('SCN2B', 'KEGG:04144'), ('SCN2B', 'KEGG:04120'), ('SCN2B', 'KEGG:04960'), ('PHIP', 'KEGG:04371'), ('PHIP', 'KEGG:04928'), ('PHIP', 'KEGG:04022'), ('IPO9', 'KEGG:04152'), ('IPO9', 'KEGG:04148'), ('BRD4', 'KEGG:04920'), ('TBCEL', 'KEGG:04148'), ('RPP14', 'KEGG:04360'), ('RLIM', 'KEGG:04810'), ('RLIM', 'KEGG:04070'), ('ZBTB41', 'KEGG:03083'), ('LYSMD3', 'KEGG:04360'), ('STYX', 'KEGG:04148'), ('EIF4H', 'KEGG:04110'), ('C2orf69', 'KEGG:04141'), ('CRAMP1', 'KEGG:04148'), ('LCOR', 'KEGG:03083'), ('INO80D', 'KEGG:04218'), ('INO80D', 'KEGG:04010'), ('INO80D', 'KEGG:05200'), ('INO80D', 'KEGG:04068'), ('INO80D', 'KEGG:05212'), ('INO80D', 'KEGG:05220'), ('INO80D', 'KEGG:04144'), ('INO80D', 'KEGG:05225'), ('INO80D', 'KEGG:04390'), ('INO80D', 'KEGG:05210'), ('INO80D', 'KEGG:05226'), ('INO80D', 'KEGG:05166'), ('INO80D', 'KEGG:04350'), ('INO80D', 'KEGG:05202'), ('INO80D', 'KEGG:04933'), ('INO80D', 'KEGG:04926'), ('INO80D', 'KEGG:04520'), ('INO80D', 'KEGG:05142'), ('INO80D', 'KEGG:05161'), ('INO80D', 'KEGG:04380'), ('MAP3K9', 'KEGG:04724'), ('IPO7', 'KEGG:05200'), ('TUSC2', 'KEGG:04144')]",0.9572649572649573,0.40722423169498256
hsa-miR-196a-5p,hsa-miR-196a-5p,MicroRNA,1.0,0,1,0.0121800504619218,0.1594829860195199,0.0058801911062109,0.125,"[('HABP4', 'KEGG:04010'), ('IGF1', 'KEGG:04151'), ('IGF1', 'KEGG:04510'), ('IGF1', 'KEGG:04810'), ('IGF1', 'KEGG:05414'), ('IGF1', 'KEGG:05410'), ('IGF1', 'KEGG:05165')]",0.05982905982905983,0.5117719172412303
hsa-miR-21-5p,hsa-miR-21-5p,MicroRNA,1.0,0,1,0.0024156867656136,0.1359445968430993,0.0036751194413818,0.1333333333333333,"[('TNS1', 'KEGG:03013'), ('EIF4EBP2', 'KEGG:04213'), ('ANKRD46', 'KEGG:04070')]",0.02564102564102564,0.5425098905322944
hsa-miR-223-3p,hsa-miR-223-3p,MicroRNA,1.0,0,1,0.0172962844586097,0.2602668962548429,0.018008085262771,0.0875850340136054,"[('TBC1D4', 'KEGG:04919'), ('TBC1D4', 'KEGG:04931'), ('SCN2A', 'KEGG:03083'), ('ACVR2A', 'KEGG:04810'), ('MSI2', 'KEGG:05202'), ('ITPR3', 'KEGG:04140'), ('ITPR3', 'KEGG:05017'), ('ITPR3', 'KEGG:05131'), ('ITPR3', 'KEGG:05167'), ('RSBN1L', 'KEGG:04218'), ('RSBN1L', 'KEGG:05200'), ('RSBN1L', 'KEGG:05212'), ('RSBN1L', 'KEGG:05220'), ('RSBN1L', 'KEGG:05225'), ('RSBN1L', 'KEGG:05223'), ('RSBN1L', 'KEGG:05224'), ('RSBN1L', 'KEGG:05226'), ('RSBN1L', 'KEGG:05166'), ('RSBN1L', 'KEGG:01522'), ('RSBN1L', 'KEGG:04110'), ('RSBN1L', 'KEGG:05222'), ('RSBN1L', 'KEGG:05215'), ('RSBN1L', 'KEGG:05163'), ('RSBN1L', 'KEGG:05214'), ('RSBN1L', 'KEGG:05161'), ('RSBN1L', 'KEGG:05218'), ('RSBN1L', 'KEGG:05160'), ('RSBN1L', 'KEGG:04934'), ('RSBN1L', 'KEGG:05167'), ('TENT5C', 'KEGG:04390'), ('TENT5C', 'KEGG:05165'), ('POU2F1', 'KEGG:05417'), ('ZFP3', 'KEGG:04144'), ('ZFP3', 'KEGG:05135'), ('ZFP3', 'KEGG:05130'), ('ATP2B1', 'KEGG:04022'), ('ATP2B1', 'KEGG:04024'), ('ZFX', 'KEGG:05130'), ('POLR1C', 'KEGG:04810'), ('POLR1C', 'KEGG:05130'), ('ERO1B', 'KEGG:05170'), ('ZC3H6', 'KEGG:04360'), ('ZC3H6', 'KEGG:05205'), ('ZC3H6', 'KEGG:04218'), ('ZC3H6', 'KEGG:04014'), ('ZC3H6', 'KEGG:04550'), ('ZC3H6', 'KEGG:05200'), ('ZC3H6', 'KEGG:04068'), ('ZC3H6', 'KEGG:04917'), ('ZC3H6', 'KEGG:04211'), ('ZC3H6', 'KEGG:04015'), ('ZC3H6', 'KEGG:05212'), ('ZC3H6', 'KEGG:05220'), ('ZC3H6', 'KEGG:05211'), ('ZC3H6', 'KEGG:05225'), ('ZC3H6', 'KEGG:04012'), ('ZC3H6', 'KEGG:04919'), ('ZC3H6', 'KEGG:05223'), ('ZC3H6', 'KEGG:05210'), ('ZC3H6', 'KEGG:04151'), ('ZC3H6', 'KEGG:05224'), ('ZC3H6', 'KEGG:04910'), ('ZC3H6', 'KEGG:05226'), ('ZC3H6', 'KEGG:04510'), ('ZC3H6', 'KEGG:04935'), ('ZC3H6', 'KEGG:04152'), ('ZC3H6', 'KEGG:05166'), ('ZC3H6', 'KEGG:04914'), ('ZC3H6', 'KEGG:04213'), ('ZC3H6', 'KEGG:04931'), ('ZC3H6', 'KEGG:04140'), ('ZC3H6', 'KEGG:04150'), ('ZC3H6', 'KEGG:01522'), ('ZC3H6', 'KEGG:05170'), ('ZC3H6', 'KEGG:05222'), ('ZC3H6', 'KEGG:05215'), ('ZC3H6', 'KEGG:04725'), ('ZC3H6', 'KEGG:04722'), ('ZC3H6', 'KEGG:01521'), ('ZC3H6', 'KEGG:04810'), ('ZC3H6', 'KEGG:05017'), ('ZC3H6', 'KEGG:05213'), ('ZC3H6', 'KEGG:04930'), ('ZC3H6', 'KEGG:04660'), ('ZC3H6', 'KEGG:04933'), ('ZC3H6', 'KEGG:05221'), ('ZC3H6', 'KEGG:04926'), ('ZC3H6', 'KEGG:05163'), ('ZC3H6', 'KEGG:05135'), ('ZC3H6', 'KEGG:04960'), ('ZC3H6', 'KEGG:05214'), ('ZC3H6', 'KEGG:05142'), ('ZC3H6', 'KEGG:05161'), ('ZC3H6', 'KEGG:05218'), ('ZC3H6', 'KEGG:05160'), ('ZC3H6', 'KEGG:04929'), ('ZC3H6', 'KEGG:05131'), ('ZC3H6', 'KEGG:05417'), ('ZC3H6', 'KEGG:04210'), ('ZC3H6', 'KEGG:04611'), ('ZC3H6', 'KEGG:04750'), ('ZC3H6', 'KEGG:01524'), ('ZC3H6', 'KEGG:04024'), ('ZC3H6', 'KEGG:04923'), ('ZC3H6', 'KEGG:04915'), ('ZC3H6', 'KEGG:04071'), ('ZC3H6', 'KEGG:04066'), ('ZC3H6', 'KEGG:05100'), ('ZC3H6', 'KEGG:04664'), ('ZC3H6', 'KEGG:05235'), ('ZC3H6', 'KEGG:05207'), ('ZC3H6', 'KEGG:05167'), ('ZC3H6', 'KEGG:04668'), ('ZC3H6', 'KEGG:04070'), ('ZC3H6', 'KEGG:05165'), ('ZC3H6', 'KEGG:04380'), ('ZC3H6', 'KEGG:05162'), ('WASL', 'KEGG:05170')]",0.717948717948718,0.4484266080027998
hsa-miR-148a-3p,hsa-miR-148a-3p,MicroRNA,1.0,0,1,0.0062002315204887,0.1256390008727816,0.0058801911062109,0.0166666666666666,"[('TEK', 'KEGG:04010'), ('TEK', 'KEGG:04014'), ('TEK', 'KEGG:04015'), ('TEK', 'KEGG:04151'), ('TEK', 'KEGG:04066'), ('EPAS1', 'KEGG:05165'), ('ANK2', 'KEGG:04340'), ('LAMA4', 'KEGG:04144'), ('BEST1', 'KEGG:05166'), ('BEST1', 'KEGG:05017'), ('BEST1', 'KEGG:05165'), ('SNX3', 'KEGG:05202'), ('IGF1', 'KEGG:04151'), ('IGF1', 'KEGG:04510'), ('IGF1', 'KEGG:04810'), ('IGF1', 'KEGG:05414'), ('IGF1', 'KEGG:05410'), ('IGF1', 'KEGG:05165'), ('RXRA', 'KEGG:04068'), ('RXRA', 'KEGG:05417'), ('RXRA', 'KEGG:04210'), ('RXRA', 'KEGG:05130')]",0.1623931623931624,0.47372526636938
hsa-miR-215-5p,hsa-miR-215-5p,MicroRNA,1.0,0,1,0.0022962530952616,0.2278929513758009,0.0044101433296582,0.2121212121212121,"[('ACVR2A', 'KEGG:04810'), ('ABHD2', 'KEGG:05200'), ('ABHD2', 'KEGG:04211'), ('ABHD2', 'KEGG:04015'), ('ABHD2', 'KEGG:04935'), ('ABHD2', 'KEGG:05166'), ('ABHD2', 'KEGG:04914'), ('ABHD2', 'KEGG:04213'), ('ABHD2', 'KEGG:01522'), ('ABHD2', 'KEGG:04371'), ('ABHD2', 'KEGG:04912'), ('ABHD2', 'KEGG:04725'), ('ABHD2', 'KEGG:04928'), ('ABHD2', 'KEGG:04114'), ('ABHD2', 'KEGG:04921'), ('ABHD2', 'KEGG:04713'), ('ABHD2', 'KEGG:04926'), ('ABHD2', 'KEGG:05163'), ('ABHD2', 'KEGG:04022'), ('ABHD2', 'KEGG:04724'), ('ABHD2', 'KEGG:04971'), ('ABHD2', 'KEGG:04611'), ('ABHD2', 'KEGG:04934'), ('ABHD2', 'KEGG:04750'), ('ABHD2', 'KEGG:04024'), ('ABHD2', 'KEGG:05032'), ('ABHD2', 'KEGG:04923'), ('ABHD2', 'KEGG:04916'), ('ABHD2', 'KEGG:05414'), ('ABHD2', 'KEGG:04915'), ('ABHD2', 'KEGG:05207'), ('ABHD2', 'KEGG:04911'), ('KIF1B', 'KEGG:04923'), ('RICTOR', 'KEGG:04144'), ('RICTOR', 'KEGG:05100'), ('TMTC3', 'KEGG:03013')]",0.29914529914529914,0.493103656032848
hsa-miR-15a-5p,hsa-miR-15a-5p,MicroRNA,1.0,0,1,0.1138082953309452,0.2983321819796704,0.0871003307607497,0.1802545948651934,"[('MIPOL1', 'KEGG:04015'), ('MIPOL1', 'KEGG:04810'), ('MIPOL1', 'KEGG:05131'), ('AMMECR1', 'KEGG:04144'), ('SMS', 'KEGG:04010'), ('SMS', 'KEGG:04914'), ('SMS', 'KEGG:04931'), ('SMS', 'KEGG:04150'), ('SMS', 'KEGG:04722'), ('SMS', 'KEGG:04114'), ('SMS', 'KEGG:05135'), ('SMS', 'KEGG:05207'), ('LCOR', 'KEGG:03083'), ('ARIH1', 'KEGG:04520'), ('PDCD4', 'KEGG:05202'), ('WAPL', 'KEGG:05205'), ('WAPL', 'KEGG:04010'), ('WAPL', 'KEGG:04014'), ('WAPL', 'KEGG:04550'), ('WAPL', 'KEGG:05200'), ('WAPL', 'KEGG:04068'), ('WAPL', 'KEGG:04211'), ('WAPL', 'KEGG:04015'), ('WAPL', 'KEGG:04151'), ('WAPL', 'KEGG:05224'), ('WAPL', 'KEGG:04510'), ('WAPL', 'KEGG:04935'), ('WAPL', 'KEGG:04152'), ('WAPL', 'KEGG:04914'), ('WAPL', 'KEGG:04213'), ('WAPL', 'KEGG:04150'), ('WAPL', 'KEGG:05202'), ('WAPL', 'KEGG:01522'), ('WAPL', 'KEGG:05215'), ('WAPL', 'KEGG:01521'), ('WAPL', 'KEGG:04114'), ('WAPL', 'KEGG:04730'), ('WAPL', 'KEGG:04115'), ('WAPL', 'KEGG:04960'), ('WAPL', 'KEGG:05214'), ('WAPL', 'KEGG:05218'), ('WAPL', 'KEGG:04750'), ('WAPL', 'KEGG:05414'), ('WAPL', 'KEGG:04066'), ('WAPL', 'KEGG:05410'), ('NUFIP2', 'KEGG:04010'), ('NUFIP2', 'KEGG:04935'), ('NUFIP2', 'KEGG:04912'), ('NUFIP2', 'KEGG:04725'), ('NUFIP2', 'KEGG:04930'), ('NUFIP2', 'KEGG:04921'), ('NUFIP2', 'KEGG:04713'), ('NUFIP2', 'KEGG:04022'), ('NUFIP2', 'KEGG:04724'), ('NUFIP2', 'KEGG:04929'), ('NUFIP2', 'KEGG:04934'), ('NUFIP2', 'KEGG:04728'), ('NUFIP2', 'KEGG:04024'), ('NUFIP2', 'KEGG:04924'), ('NUFIP2', 'KEGG:05414'), ('NUFIP2', 'KEGG:05207'), ('NUFIP2', 'KEGG:04911'), ('NUFIP2', 'KEGG:05410'), ('RLIM', 'KEGG:04810'), ('RLIM', 'KEGG:04070'), ('ABI2', 'KEGG:04810'), ('CYB561', 'KEGG:04360'), ('CYB561', 'KEGG:04015'), ('CYB561', 'KEGG:04810'), ('PCM1', 'KEGG:04140'), ('PCM1', 'KEGG:04141'), ('PCM1', 'KEGG:05160'), ('PCM1', 'KEGG:05417'), ('PCM1', 'KEGG:04210'), ('PCM1', 'KEGG:05162'), ('TBP', 'KEGG:04010'), ('TBP', 'KEGG:04211'), ('TBP', 'KEGG:04151'), ('TBP', 'KEGG:04935'), ('TBP', 'KEGG:05166'), ('TBP', 'KEGG:04928'), ('TBP', 'KEGG:04926'), ('TBP', 'KEGG:05163'), ('TBP', 'KEGG:04022'), ('TBP', 'KEGG:05161'), ('TBP', 'KEGG:04934'), ('TBP', 'KEGG:04728'), ('TBP', 'KEGG:04915'), ('TBP', 'KEGG:05207'), ('TBP', 'KEGG:04911'), ('TBP', 'KEGG:04668'), ('TBP', 'KEGG:05030'), ('SETD6', 'KEGG:04971'), ('MAPK8', 'KEGG:04010'), ('MAPK8', 'KEGG:04014'), ('MAPK8', 'KEGG:05200'), ('MAPK8', 'KEGG:04068'), ('MAPK8', 'KEGG:04917'), ('MAPK8', 'KEGG:05212'), ('MAPK8', 'KEGG:04012'), ('MAPK8', 'KEGG:05210'), ('MAPK8', 'KEGG:04310'), ('MAPK8', 'KEGG:04910'), ('MAPK8', 'KEGG:04510'), ('MAPK8', 'KEGG:04935'), ('MAPK8', 'KEGG:05166'), ('MAPK8', 'KEGG:04914'), ('MAPK8', 'KEGG:04931'), ('MAPK8', 'KEGG:04140'), ('MAPK8', 'KEGG:01522'), ('MAPK8', 'KEGG:05170'), ('MAPK8', 'KEGG:04912'), ('MAPK8', 'KEGG:04722'), ('MAPK8', 'KEGG:05017'), ('MAPK8', 'KEGG:04930'), ('MAPK8', 'KEGG:04660'), ('MAPK8', 'KEGG:04933'), ('MAPK8', 'KEGG:04926'), ('MAPK8', 'KEGG:04141'), ('MAPK8', 'KEGG:05135'), ('MAPK8', 'KEGG:05142'), ('MAPK8', 'KEGG:05161'), ('MAPK8', 'KEGG:05131'), ('MAPK8', 'KEGG:05417'), ('MAPK8', 'KEGG:04210'), ('MAPK8', 'KEGG:04750'), ('MAPK8', 'KEGG:04728'), ('MAPK8', 'KEGG:04024'), ('MAPK8', 'KEGG:04920'), ('MAPK8', 'KEGG:04071'), ('MAPK8', 'KEGG:04664'), ('MAPK8', 'KEGG:05130'), ('MAPK8', 'KEGG:05167'), ('MAPK8', 'KEGG:04668'), ('MAPK8', 'KEGG:04380'), ('MAPK8', 'KEGG:05162'), ('DCAF10', 'KEGG:04120'), ('SRPK1', 'KEGG:05225'), ('SRPK1', 'KEGG:03082'), ('ZNRF3', 'KEGG:04310'), ('KCNJ2', 'KEGG:05205'), ('KCNJ2', 'KEGG:04010'), ('KCNJ2', 'KEGG:04012'), ('KCNJ2', 'KEGG:04151'), ('RSF1', 'KEGG:04022'), ('RSF1', 'KEGG:04024'), ('RSF1', 'KEGG:05032'), ('RSF1', 'KEGG:04924'), ('ZC2HC1A', 'KEGG:03082'), ('ACVR2A', 'KEGG:04810'), ('TGIF2', 'KEGG:04140'), ('CDK17', 'KEGG:03082'), ('PHIP', 'KEGG:04371'), ('PHIP', 'KEGG:04928'), ('PHIP', 'KEGG:04022'), ('IGF1R', 'KEGG:05205'), ('IGF1R', 'KEGG:04010'), ('IGF1R', 'KEGG:04014'), ('IGF1R', 'KEGG:04550'), ('IGF1R', 'KEGG:05200'), ('IGF1R', 'KEGG:04068'), ('IGF1R', 'KEGG:04211'), ('IGF1R', 'KEGG:04015'), ('IGF1R', 'KEGG:04144'), ('IGF1R', 'KEGG:05225'), ('IGF1R', 'KEGG:04151'), ('IGF1R', 'KEGG:05224'), ('IGF1R', 'KEGG:04510'), ('IGF1R', 'KEGG:04152'), ('IGF1R', 'KEGG:04914'), ('IGF1R', 'KEGG:04213'), ('IGF1R', 'KEGG:04140'), ('IGF1R', 'KEGG:04150'), ('IGF1R', 'KEGG:05202'), ('IGF1R', 'KEGG:01522'), ('IGF1R', 'KEGG:05215'), ('IGF1R', 'KEGG:01521'), ('IGF1R', 'KEGG:04114'), ('IGF1R', 'KEGG:04520'), ('IGF1R', 'KEGG:04730'), ('IGF1R', 'KEGG:05214'), ('IGF1R', 'KEGG:05218'), ('IGF1R', 'KEGG:04066'), ('SMAD5', 'KEGG:04144'), ('SMAD5', 'KEGG:04934'), ('PIAS1', 'KEGG:04141'), ('AMMECR1L', 'KEGG:04014'), ('AMMECR1L', 'KEGG:04144'), ('AMMECR1L', 'KEGG:05135'), ('AMMECR1L', 'KEGG:05131'), ('AMMECR1L', 'KEGG:05130'), ('ZBTB10', 'KEGG:05205'), ('ZBTB10', 'KEGG:04014'), ('ZBTB10', 'KEGG:05211'), ('ZBTB10', 'KEGG:05225'), ('ZBTB10', 'KEGG:04012'), ('ZBTB10', 'KEGG:05226'), ('ZBTB10', 'KEGG:04722'), ('ZBTB10', 'KEGG:01521'), ('ZBTB10', 'KEGG:05100'), ('MBD1', 'KEGG:04921'), ('MBD1', 'KEGG:04713'), ('MBD1', 'KEGG:04730'), ('MBD1', 'KEGG:04022'), ('MBD1', 'KEGG:04611'), ('MBD1', 'KEGG:04924'), ('C16orf72', 'KEGG:05202'), ('CNKSR3', 'KEGG:04114'), ('MIGA1', 'KEGG:04340'), ('LRP2', 'KEGG:05205'), ('LRP2', 'KEGG:04015'), ('LRP2', 'KEGG:04919'), ('LRP2', 'KEGG:04151'), ('LRP2', 'KEGG:04510'), ('LRP2', 'KEGG:04810'), ('LRP2', 'KEGG:05163'), ('LRP2', 'KEGG:04148'), ('LRP2', 'KEGG:04611'), ('LRP2', 'KEGG:05414'), ('LRP2', 'KEGG:05410'), ('LRP2', 'KEGG:05165'), ('LRP2', 'KEGG:04380'), ('USP44', 'KEGG:04310'), ('USP44', 'KEGG:04120'), ('USP44', 'KEGG:04115'), ('BACH2', 'KEGG:04730'), ('BACH2', 'KEGG:05417'), ('BACH2', 'KEGG:04611'), ('BACH2', 'KEGG:04664'), ('BACH2', 'KEGG:05167'), ('RNF24', 'KEGG:04130'), ('CYLD', 'KEGG:04725'), ('CYLD', 'KEGG:04810'), ('CYLD', 'KEGG:04971'), ('CYLD', 'KEGG:04911'), ('STAG1', 'KEGG:04218'), ('STAG1', 'KEGG:05166'), ('STAG1', 'KEGG:05017'), ('STAG1', 'KEGG:04022'), ('ETV1', 'KEGG:05202'), ('RAB9A', 'KEGG:03013'), ('RAB9A', 'KEGG:05207'), ('DENND4A', 'KEGG:04550'), ('DENND4A', 'KEGG:04390'), ('DENND4A', 'KEGG:04350'), ('TNIK', 'KEGG:04218'), ('TNIK', 'KEGG:05200'), ('TNIK', 'KEGG:04068'), ('TNIK', 'KEGG:04151'), ('TNIK', 'KEGG:05226'), ('TNIK', 'KEGG:05166'), ('TNIK', 'KEGG:04914'), ('TNIK', 'KEGG:04110'), ('TNIK', 'KEGG:05222'), ('TNIK', 'KEGG:05215'), ('TNIK', 'KEGG:04114'), ('TNIK', 'KEGG:04115'), ('TNIK', 'KEGG:05161'), ('TNIK', 'KEGG:05160'), ('TNIK', 'KEGG:04934'), ('TNIK', 'KEGG:05165'), ('TNIK', 'KEGG:05162'), ('ATP10B', 'KEGG:05200'), ('ATP10B', 'KEGG:04211'), ('ATP10B', 'KEGG:05210'), ('ATP10B', 'KEGG:04920'), ('KPNA5', 'KEGG:04141'), ('RNF152', 'KEGG:04360'), ('SOS2', 'KEGG:03083'), ('WDFY2', 'KEGG:04724'), ('FBXW7', 'KEGG:03013'), ('CPD', 'KEGG:04140'), ('CPD', 'KEGG:04150'), ('CPD', 'KEGG:05131'), ('CHPT1', 'KEGG:05130'), ('E2F3', 'KEGG:04120'), ('E2F3', 'KEGG:05131'), ('UBE2W', 'KEGG:04010'), ('UBE2W', 'KEGG:04921'), ('UBE2W', 'KEGG:05414'), ('UBE2W', 'KEGG:05410'), ('DENND6A', 'KEGG:04010'), ('DENND6A', 'KEGG:04014'), ('DENND6A', 'KEGG:05200'), ('DENND6A', 'KEGG:04015'), ('DENND6A', 'KEGG:04390'), ('DENND6A', 'KEGG:04151'), ('DENND6A', 'KEGG:05224'), ('DENND6A', 'KEGG:05226'), ('DENND6A', 'KEGG:04810'), ('DENND6A', 'KEGG:05218'), ('PCDHA11', 'KEGG:04151'), ('ARL10', 'KEGG:04120'), ('ARL10', 'KEGG:04141'), ('KIF1B', 'KEGG:04923'), ('ELL', 'KEGG:04070'), ('CCDC28A', 'KEGG:04144'), ('CACNA1E', 'KEGG:01524'), ('DCAF5', 'KEGG:04141'), ('GPRIN3', 'KEGG:04110'), ('NFATC2', 'KEGG:04144'), ('CSDE1', 'KEGG:03013'), ('TSPYL2', 'KEGG:04010'), ('TSPYL2', 'KEGG:04014'), ('TSPYL2', 'KEGG:04015'), ('TSPYL2', 'KEGG:04151'), ('TSPYL2', 'KEGG:04668'), ('TSPYL2', 'KEGG:04380'), ('PPM1K', 'KEGG:04910'), ('SEC24A', 'KEGG:04140'), ('TRAK1', 'KEGG:04928'), ('NXPE3', 'KEGG:03082')]",0.9230769230769231,0.4763612736876807
hsa-miR-193a-5p,hsa-miR-193a-5p,MicroRNA,1.0,0,1,0.0204445679680941,0.2439673956904204,0.0158030135979419,0.0121816168327796,"[('SEC61A1', 'KEGG:04141'), ('METTL1', 'KEGG:04120'), ('CHST14', 'KEGG:04360'), ('CHST14', 'KEGG:05205'), ('CHST14', 'KEGG:04550'), ('CHST14', 'KEGG:05200'), ('CHST14', 'KEGG:05225'), ('CHST14', 'KEGG:04390'), ('CHST14', 'KEGG:04310'), ('CHST14', 'KEGG:05224'), ('CHST14', 'KEGG:05226'), ('CHST14', 'KEGG:04150'), ('CHST14', 'KEGG:04934'), ('CHST14', 'KEGG:04916'), ('CHST14', 'KEGG:05217'), ('CHST14', 'KEGG:05165'), ('UPF1', 'KEGG:05205'), ('SLC35F2', 'KEGG:04150'), ('BCL7C', 'KEGG:05205'), ('CUL3', 'KEGG:04340'), ('CUL3', 'KEGG:04120'), ('TNFRSF19', 'KEGG:04550'), ('TNFRSF19', 'KEGG:04350'), ('NETO2', 'KEGG:04141'), ('GPR39', 'KEGG:04071'), ('EIF2B2', 'KEGG:04144'), ('EIF2B2', 'KEGG:05223'), ('EIF2B2', 'KEGG:04728'), ('ZMYM4', 'KEGG:05017'), ('XK', 'KEGG:04022'), ('XK', 'KEGG:04024'), ('XK', 'KEGG:04923'), ('XK', 'KEGG:04924'), ('XK', 'KEGG:05207'), ('TMEM234', 'KEGG:04010'), ('TMEM234', 'KEGG:04930'), ('ANKS1A', 'KEGG:04390'), ('GRAMD1B', 'KEGG:05030'), ('RGS9BP', 'KEGG:05200'), ('RGS9BP', 'KEGG:04935'), ('RGS9BP', 'KEGG:05170'), ('RGS9BP', 'KEGG:04912'), ('RGS9BP', 'KEGG:04725'), ('RGS9BP', 'KEGG:04928'), ('RGS9BP', 'KEGG:05163'), ('RGS9BP', 'KEGG:04730'), ('RGS9BP', 'KEGG:04022'), ('RGS9BP', 'KEGG:05142'), ('RGS9BP', 'KEGG:04929'), ('RGS9BP', 'KEGG:04934'), ('RGS9BP', 'KEGG:04911')]",0.3504273504273504,0.46211565091836293
hsa-miR-326,hsa-miR-326,MicroRNA,1.0,0,1,0.0289887992689827,0.2412802298667092,0.0202131569276001,0.0134680134680134,"[('LDOC1', 'KEGG:05166'), ('LDOC1', 'KEGG:05170'), ('LDOC1', 'KEGG:04660'), ('LDOC1', 'KEGG:05142'), ('LDOC1', 'KEGG:05235'), ('LDOC1', 'KEGG:05162'), ('PIP5KL1', 'KEGG:05205'), ('PIP5KL1', 'KEGG:04010'), ('PIP5KL1', 'KEGG:04014'), ('PIP5KL1', 'KEGG:05200'), ('PIP5KL1', 'KEGG:05225'), ('PIP5KL1', 'KEGG:04012'), ('PIP5KL1', 'KEGG:04910'), ('PIP5KL1', 'KEGG:04510'), ('PIP5KL1', 'KEGG:05166'), ('PIP5KL1', 'KEGG:04912'), ('PIP5KL1', 'KEGG:05213'), ('PIP5KL1', 'KEGG:04921'), ('PIP5KL1', 'KEGG:05163'), ('PIP5KL1', 'KEGG:05161'), ('PCP4L1', 'KEGG:04360'), ('PCP4L1', 'KEGG:05170'), ('PCP4L1', 'KEGG:04810'), ('DNAJB12', 'KEGG:05200'), ('DNAJB12', 'KEGG:05211'), ('DNAJB12', 'KEGG:04120'), ('DNAJB12', 'KEGG:04066'), ('ZBTB12', 'KEGG:04150'), ('POLR2F', 'KEGG:05170'), ('DLG3', 'KEGG:04360'), ('AAMP', 'KEGG:04917'), ('AAMP', 'KEGG:04151'), ('CDH3', 'KEGG:04140'), ('CDH3', 'KEGG:04150'), ('CDH3', 'KEGG:05131'), ('KRT80', 'KEGG:04550'), ('KRT80', 'KEGG:04350'), ('NGFR', 'KEGG:04360'), ('DAGLA', 'KEGG:04010'), ('RBM23', 'KEGG:04141'), ('URB1', 'KEGG:04211'), ('URB1', 'KEGG:04115'), ('GLG1', 'KEGG:03013'), ('ARHGEF37', 'KEGG:04218'), ('E2F2', 'KEGG:04070'), ('VPS18', 'KEGG:04910'), ('VPS18', 'KEGG:04931'), ('VPS18', 'KEGG:04520'), ('PTPN9', 'KEGG:05017'), ('CKAP2L', 'KEGG:04360')]",0.3418803418803419,0.42679181800847865
hsa-miR-18a-5p,hsa-miR-18a-5p,MicroRNA,1.0,0,1,0.0327483565350843,0.2769075753412109,0.0323410510841602,0.1102403343782654,"[('ANK3', 'KEGG:05205'), ('ANK3', 'KEGG:04550'), ('ANK3', 'KEGG:05200'), ('ANK3', 'KEGG:04068'), ('ANK3', 'KEGG:04917'), ('ANK3', 'KEGG:05212'), ('ANK3', 'KEGG:05223'), ('ANK3', 'KEGG:04935'), ('ANK3', 'KEGG:04931'), ('ANK3', 'KEGG:01521'), ('ANK3', 'KEGG:04933'), ('ANK3', 'KEGG:05221'), ('ANK3', 'KEGG:05163'), ('ANK3', 'KEGG:05161'), ('ANK3', 'KEGG:05160'), ('ANK3', 'KEGG:05417'), ('ANK3', 'KEGG:04920'), ('ANK3', 'KEGG:04066'), ('ANK3', 'KEGG:05235'), ('ANK3', 'KEGG:05207'), ('ANK3', 'KEGG:05167'), ('ANK3', 'KEGG:05162'), ('TRAPPC8', 'KEGG:04218'), ('TRAPPC8', 'KEGG:04914'), ('TRAPPC8', 'KEGG:04110'), ('TRAPPC8', 'KEGG:05207'), ('SMAD2', 'KEGG:04550'), ('SMAD2', 'KEGG:04350'), ('HMGCS1', 'KEGG:04550'), ('ZBTB44', 'KEGG:04340'), ('DDI2', 'KEGG:05205'), ('DDI2', 'KEGG:04015'), ('DDI2', 'KEGG:05225'), ('DDI2', 'KEGG:04919'), ('DDI2', 'KEGG:04390'), ('DDI2', 'KEGG:04510'), ('DDI2', 'KEGG:04810'), ('DDI2', 'KEGG:03082'), ('DDI2', 'KEGG:04921'), ('DDI2', 'KEGG:04520'), ('DDI2', 'KEGG:05135'), ('DDI2', 'KEGG:05131'), ('DDI2', 'KEGG:04971'), ('DDI2', 'KEGG:04210'), ('DDI2', 'KEGG:04611'), ('DDI2', 'KEGG:05414'), ('DDI2', 'KEGG:05100'), ('DDI2', 'KEGG:05130'), ('DDI2', 'KEGG:05410'), ('NCOA2', 'KEGG:04919'), ('NCOA2', 'KEGG:04915'), ('FBXO28', 'KEGG:05165'), ('NXT2', 'KEGG:05160'), ('ANKRD52', 'KEGG:04110'), ('PURB', 'KEGG:04211'), ('PURB', 'KEGG:04140'), ('PURB', 'KEGG:05017'), ('TMEM248', 'KEGG:04917'), ('INO80D', 'KEGG:04218'), ('INO80D', 'KEGG:04010'), ('INO80D', 'KEGG:05200'), ('INO80D', 'KEGG:04068'), ('INO80D', 'KEGG:05212'), ('INO80D', 'KEGG:05220'), ('INO80D', 'KEGG:04144'), ('INO80D', 'KEGG:05225'), ('INO80D', 'KEGG:04390'), ('INO80D', 'KEGG:05210'), ('INO80D', 'KEGG:05226'), ('INO80D', 'KEGG:05166'), ('INO80D', 'KEGG:04350'), ('INO80D', 'KEGG:05202'), ('INO80D', 'KEGG:04933'), ('INO80D', 'KEGG:04926'), ('INO80D', 'KEGG:04520'), ('INO80D', 'KEGG:05142'), ('INO80D', 'KEGG:05161'), ('INO80D', 'KEGG:04380'), ('EXPH5', 'KEGG:05200'), ('EXPH5', 'KEGG:04919'), ('EXPH5', 'KEGG:05224'), ('EXPH5', 'KEGG:04915'), ('NUFIP2', 'KEGG:04010'), ('NUFIP2', 'KEGG:04935'), ('NUFIP2', 'KEGG:04912'), ('NUFIP2', 'KEGG:04725'), ('NUFIP2', 'KEGG:04930'), ('NUFIP2', 'KEGG:04921'), ('NUFIP2', 'KEGG:04713'), ('NUFIP2', 'KEGG:04022'), ('NUFIP2', 'KEGG:04724'), ('NUFIP2', 'KEGG:04929'), ('NUFIP2', 'KEGG:04934'), ('NUFIP2', 'KEGG:04728'), ('NUFIP2', 'KEGG:04024'), ('NUFIP2', 'KEGG:04924'), ('NUFIP2', 'KEGG:05414'), ('NUFIP2', 'KEGG:05207'), ('NUFIP2', 'KEGG:04911'), ('NUFIP2', 'KEGG:05410'), ('MTF1', 'KEGG:04148'), ('TRIM2', 'KEGG:04928'), ('TRIM2', 'KEGG:04024'), ('TRIM2', 'KEGG:05032'), ('AEBP2', 'KEGG:04360'), ('AEBP2', 'KEGG:05205'), ('AEBP2', 'KEGG:04218'), ('AEBP2', 'KEGG:04010'), ('AEBP2', 'KEGG:04014'), ('AEBP2', 'KEGG:04550'), ('AEBP2', 'KEGG:05200'), ('AEBP2', 'KEGG:04068'), ('AEBP2', 'KEGG:04917'), ('AEBP2', 'KEGG:04211'), ('AEBP2', 'KEGG:04015'), ('AEBP2', 'KEGG:05212'), ('AEBP2', 'KEGG:05220'), ('AEBP2', 'KEGG:05211'), ('AEBP2', 'KEGG:05225'), ('AEBP2', 'KEGG:04012'), ('AEBP2', 'KEGG:04919'), ('AEBP2', 'KEGG:05223'), ('AEBP2', 'KEGG:05210'), ('AEBP2', 'KEGG:04151'), ('AEBP2', 'KEGG:05224'), ('AEBP2', 'KEGG:04910'), ('AEBP2', 'KEGG:05226'), ('AEBP2', 'KEGG:04935'), ('AEBP2', 'KEGG:05166'), ('AEBP2', 'KEGG:04914'), ('AEBP2', 'KEGG:04213'), ('AEBP2', 'KEGG:04140'), ('AEBP2', 'KEGG:04150'), ('AEBP2', 'KEGG:01522'), ('AEBP2', 'KEGG:05170'), ('AEBP2', 'KEGG:05215'), ('AEBP2', 'KEGG:04371'), ('AEBP2', 'KEGG:04912'), ('AEBP2', 'KEGG:04725'), ('AEBP2', 'KEGG:04722'), ('AEBP2', 'KEGG:01521'), ('AEBP2', 'KEGG:04810'), ('AEBP2', 'KEGG:05213'), ('AEBP2', 'KEGG:04660'), ('AEBP2', 'KEGG:04933'), ('AEBP2', 'KEGG:04921'), ('AEBP2', 'KEGG:05221'), ('AEBP2', 'KEGG:04926'), ('AEBP2', 'KEGG:05163'), ('AEBP2', 'KEGG:04730'), ('AEBP2', 'KEGG:05216'), ('AEBP2', 'KEGG:04960'), ('AEBP2', 'KEGG:05214'), ('AEBP2', 'KEGG:05161'), ('AEBP2', 'KEGG:05218'), ('AEBP2', 'KEGG:05160'), ('AEBP2', 'KEGG:04929'), ('AEBP2', 'KEGG:05417'), ('AEBP2', 'KEGG:04210'), ('AEBP2', 'KEGG:04916'), ('AEBP2', 'KEGG:04915'), ('AEBP2', 'KEGG:04071'), ('AEBP2', 'KEGG:04664'), ('AEBP2', 'KEGG:05235'), ('AEBP2', 'KEGG:05207'), ('AEBP2', 'KEGG:05167'), ('AEBP2', 'KEGG:05165'), ('FGF1', 'KEGG:04144'), ('UBE2Z', 'KEGG:04390'), ('KIT', 'KEGG:04010'), ('ETV6', 'KEGG:05202'), ('HSF2', 'KEGG:04218'), ('HSF2', 'KEGG:05200'), ('HSF2', 'KEGG:05212'), ('HSF2', 'KEGG:05220'), ('HSF2', 'KEGG:05225'), ('HSF2', 'KEGG:05223'), ('HSF2', 'KEGG:05224'), ('HSF2', 'KEGG:05226'), ('HSF2', 'KEGG:05166'), ('HSF2', 'KEGG:01522'), ('HSF2', 'KEGG:04110'), ('HSF2', 'KEGG:05222'), ('HSF2', 'KEGG:05215'), ('HSF2', 'KEGG:05163'), ('HSF2', 'KEGG:05214'), ('HSF2', 'KEGG:05161'), ('HSF2', 'KEGG:05218'), ('HSF2', 'KEGG:05160'), ('HSF2', 'KEGG:04934'), ('HSF2', 'KEGG:05167'), ('KLHL15', 'KEGG:04070'), ('KCMF1', 'KEGG:04910'), ('ZBTB20', 'KEGG:05135')]",0.8632478632478633,0.4349944161372664
hsa-miR-182-5p,hsa-miR-182-5p,MicroRNA,1.0,0,1,0.01760461260232,0.1599217055493837,0.0124954061006982,0.0659536541889483,"[('MTARC1', 'KEGG:04144'), ('MTARC1', 'KEGG:05032'), ('RRAGD', 'KEGG:04710'), ('S1PR1', 'KEGG:04550'), ('RGS17', 'KEGG:03083'), ('CLIC5', 'KEGG:03083'), ('LDB3', 'KEGG:05200'), ('LDB3', 'KEGG:04340'), ('LDB3', 'KEGG:05217'), ('PCDH18', 'KEGG:05205'), ('PCDH18', 'KEGG:04510'), ('PCDH18', 'KEGG:04810'), ('PCDH18', 'KEGG:04921')]",0.10256410256410256,0.42503682698709705
hsa-miR-362-5p,hsa-miR-362-5p,MicroRNA,1.0,0,1,0.0132710067923616,0.2455128725737025,0.0150679897096655,0.0707317073170731,"[('VTA1', 'KEGG:04211'), ('VTA1', 'KEGG:04151'), ('VTA1', 'KEGG:04935'), ('VTA1', 'KEGG:04152'), ('VTA1', 'KEGG:05166'), ('VTA1', 'KEGG:04931'), ('VTA1', 'KEGG:05215'), ('VTA1', 'KEGG:04725'), ('VTA1', 'KEGG:04928'), ('VTA1', 'KEGG:04713'), ('VTA1', 'KEGG:04926'), ('VTA1', 'KEGG:05163'), ('VTA1', 'KEGG:04022'), ('VTA1', 'KEGG:04710'), ('VTA1', 'KEGG:04148'), ('VTA1', 'KEGG:05161'), ('VTA1', 'KEGG:04934'), ('VTA1', 'KEGG:04728'), ('VTA1', 'KEGG:04024'), ('VTA1', 'KEGG:04924'), ('VTA1', 'KEGG:04916'), ('VTA1', 'KEGG:04915'), ('VTA1', 'KEGG:05207'), ('VTA1', 'KEGG:05167'), ('VTA1', 'KEGG:04911'), ('VTA1', 'KEGG:04668'), ('VTA1', 'KEGG:05165'), ('VTA1', 'KEGG:05030'), ('VTA1', 'KEGG:04380'), ('CCSER1', 'KEGG:04144'), ('CDK5R1', 'KEGG:05160'), ('CDK5R1', 'KEGG:05130'), ('SERAC1', 'KEGG:04310'), ('ATMIN', 'KEGG:04210'), ('RLIM', 'KEGG:04810'), ('RLIM', 'KEGG:04070'), ('LRP6', 'KEGG:04151'), ('LRP6', 'KEGG:04725'), ('LRP6', 'KEGG:04810'), ('LRP6', 'KEGG:04024'), ('CYLD', 'KEGG:04725'), ('CYLD', 'KEGG:04810'), ('CYLD', 'KEGG:04971'), ('CYLD', 'KEGG:04911'), ('DENND6A', 'KEGG:04010'), ('DENND6A', 'KEGG:04014'), ('DENND6A', 'KEGG:05200'), ('DENND6A', 'KEGG:04015'), ('DENND6A', 'KEGG:04390'), ('DENND6A', 'KEGG:04151'), ('DENND6A', 'KEGG:05224'), ('DENND6A', 'KEGG:05226'), ('DENND6A', 'KEGG:04810'), ('DENND6A', 'KEGG:05218'), ('AJUBA', 'KEGG:04141'), ('PLXNB1', 'KEGG:04910'), ('DPP8', 'KEGG:04014'), ('DPP8', 'KEGG:05200'), ('DPP8', 'KEGG:04151'), ('DPP8', 'KEGG:05170'), ('DPP8', 'KEGG:04371'), ('DPP8', 'KEGG:04725'), ('DPP8', 'KEGG:04713'), ('DPP8', 'KEGG:04926'), ('DPP8', 'KEGG:05163'), ('DPP8', 'KEGG:04724'), ('DPP8', 'KEGG:04728'), ('DPP8', 'KEGG:05032'), ('DPP8', 'KEGG:05167'), ('PURB', 'KEGG:04211'), ('PURB', 'KEGG:04140'), ('PURB', 'KEGG:05017'), ('AEBP2', 'KEGG:04360'), ('AEBP2', 'KEGG:05205'), ('AEBP2', 'KEGG:04218'), ('AEBP2', 'KEGG:04010'), ('AEBP2', 'KEGG:04014'), ('AEBP2', 'KEGG:04550'), ('AEBP2', 'KEGG:05200'), ('AEBP2', 'KEGG:04068'), ('AEBP2', 'KEGG:04917'), ('AEBP2', 'KEGG:04211'), ('AEBP2', 'KEGG:04015'), ('AEBP2', 'KEGG:05212'), ('AEBP2', 'KEGG:05220'), ('AEBP2', 'KEGG:05211'), ('AEBP2', 'KEGG:05225'), ('AEBP2', 'KEGG:04012'), ('AEBP2', 'KEGG:04919'), ('AEBP2', 'KEGG:05223'), ('AEBP2', 'KEGG:05210'), ('AEBP2', 'KEGG:04151'), ('AEBP2', 'KEGG:05224'), ('AEBP2', 'KEGG:04910'), ('AEBP2', 'KEGG:05226'), ('AEBP2', 'KEGG:04935'), ('AEBP2', 'KEGG:05166'), ('AEBP2', 'KEGG:04914'), ('AEBP2', 'KEGG:04213'), ('AEBP2', 'KEGG:04140'), ('AEBP2', 'KEGG:04150'), ('AEBP2', 'KEGG:01522'), ('AEBP2', 'KEGG:05170'), ('AEBP2', 'KEGG:05215'), ('AEBP2', 'KEGG:04371'), ('AEBP2', 'KEGG:04912'), ('AEBP2', 'KEGG:04725'), ('AEBP2', 'KEGG:04722'), ('AEBP2', 'KEGG:01521'), ('AEBP2', 'KEGG:04810'), ('AEBP2', 'KEGG:05213'), ('AEBP2', 'KEGG:04660'), ('AEBP2', 'KEGG:04933'), ('AEBP2', 'KEGG:04921'), ('AEBP2', 'KEGG:05221'), ('AEBP2', 'KEGG:04926'), ('AEBP2', 'KEGG:05163'), ('AEBP2', 'KEGG:04730'), ('AEBP2', 'KEGG:05216'), ('AEBP2', 'KEGG:04960'), ('AEBP2', 'KEGG:05214'), ('AEBP2', 'KEGG:05161'), ('AEBP2', 'KEGG:05218'), ('AEBP2', 'KEGG:05160'), ('AEBP2', 'KEGG:04929'), ('AEBP2', 'KEGG:05417'), ('AEBP2', 'KEGG:04210'), ('AEBP2', 'KEGG:04916'), ('AEBP2', 'KEGG:04915'), ('AEBP2', 'KEGG:04071'), ('AEBP2', 'KEGG:04664'), ('AEBP2', 'KEGG:05235'), ('AEBP2', 'KEGG:05207'), ('AEBP2', 'KEGG:05167'), ('AEBP2', 'KEGG:05165'), ('CDKL2', 'KEGG:05205'), ('CDKL2', 'KEGG:04550'), ('CDKL2', 'KEGG:05200'), ('CDKL2', 'KEGG:05225'), ('CDKL2', 'KEGG:04390'), ('CDKL2', 'KEGG:04310'), ('CDKL2', 'KEGG:05224'), ('CDKL2', 'KEGG:05226'), ('CDKL2', 'KEGG:04150'), ('CDKL2', 'KEGG:04934'), ('CDKL2', 'KEGG:04916'), ('CDKL2', 'KEGG:05217'), ('CDKL2', 'KEGG:05165')]",0.7606837606837606,0.39250643799131885
hsa-miR-532-3p,hsa-miR-532-3p,MicroRNA,1.0,0,1,0.0211723323640452,0.2601325187161173,0.0165380374862183,0.0252525252525252,"[('ZNF428', 'KEGG:05205'), ('ZNF428', 'KEGG:04218'), ('ZNF428', 'KEGG:04010'), ('ZNF428', 'KEGG:04014'), ('ZNF428', 'KEGG:04015'), ('ZNF428', 'KEGG:04140'), ('ZNF428', 'KEGG:04371'), ('ZNF428', 'KEGG:04810'), ('ETNK2', 'KEGG:04310'), ('PAK4', 'KEGG:04360'), ('PAK4', 'KEGG:04014'), ('PAK4', 'KEGG:05211'), ('PAK4', 'KEGG:04012'), ('PAK4', 'KEGG:04510'), ('PAK4', 'KEGG:05170'), ('PAK4', 'KEGG:04810'), ('PAK4', 'KEGG:04660'), ('FDXR', 'KEGG:04910'), ('FDXR', 'KEGG:04931'), ('FDXR', 'KEGG:04520'), ('UBE2Z', 'KEGG:04390'), ('ZNF48', 'KEGG:05202'), ('NUDT3', 'KEGG:05200'), ('NUDT3', 'KEGG:04151'), ('NUDT3', 'KEGG:04510'), ('NUDT3', 'KEGG:05222'), ('NUDT3', 'KEGG:05165'), ('H1-0', 'KEGG:04068'), ('H1-0', 'KEGG:04140'), ('ZBTB7A', 'KEGG:05200'), ('ZBTB7A', 'KEGG:04211'), ('ZBTB7A', 'KEGG:04015'), ('ZBTB7A', 'KEGG:04935'), ('ZBTB7A', 'KEGG:05166'), ('ZBTB7A', 'KEGG:04914'), ('ZBTB7A', 'KEGG:04213'), ('ZBTB7A', 'KEGG:01522'), ('ZBTB7A', 'KEGG:04371'), ('ZBTB7A', 'KEGG:04912'), ('ZBTB7A', 'KEGG:04725'), ('ZBTB7A', 'KEGG:04928'), ('ZBTB7A', 'KEGG:04114'), ('ZBTB7A', 'KEGG:04921'), ('ZBTB7A', 'KEGG:04713'), ('ZBTB7A', 'KEGG:04926'), ('ZBTB7A', 'KEGG:05163'), ('ZBTB7A', 'KEGG:04022'), ('ZBTB7A', 'KEGG:04724'), ('ZBTB7A', 'KEGG:04971'), ('ZBTB7A', 'KEGG:04611'), ('ZBTB7A', 'KEGG:04934'), ('ZBTB7A', 'KEGG:04750'), ('ZBTB7A', 'KEGG:04728'), ('ZBTB7A', 'KEGG:04024'), ('ZBTB7A', 'KEGG:05032'), ('ZBTB7A', 'KEGG:04923'), ('ZBTB7A', 'KEGG:04924'), ('ZBTB7A', 'KEGG:04916'), ('ZBTB7A', 'KEGG:05414'), ('ZBTB7A', 'KEGG:04915'), ('ZBTB7A', 'KEGG:05207'), ('ZBTB7A', 'KEGG:04911'), ('ZBTB7A', 'KEGG:05030'), ('MTA3', 'KEGG:03082'), ('ISY1', 'KEGG:04350')]",0.49572649572649574,0.4194250492339615
hsa-miR-30e-5p,hsa-miR-30e-5p,MicroRNA,1.0,0,1,0.1721024645087816,0.2133530947843884,0.0066152149944873,0.130718954248366,"[('ABHD6', 'KEGG:05414'), ('ABHD6', 'KEGG:05410'), ('ERG', 'KEGG:05202'), ('ERG', 'KEGG:05215'), ('PCDH19', 'KEGG:04360'), ('DCUN1D3', 'KEGG:04120'), ('JAM2', 'KEGG:04152'), ('KCTD16', 'KEGG:04141'), ('EPDR1', 'KEGG:04218'), ('EPDR1', 'KEGG:05200'), ('EPDR1', 'KEGG:04390'), ('EPDR1', 'KEGG:04310'), ('EPDR1', 'KEGG:04151'), ('EPDR1', 'KEGG:04510'), ('EPDR1', 'KEGG:05166'), ('EPDR1', 'KEGG:04110'), ('EPDR1', 'KEGG:04115'), ('EPDR1', 'KEGG:05207'), ('EPDR1', 'KEGG:05165'), ('EPDR1', 'KEGG:05162'), ('ACTC1', 'KEGG:05205'), ('ACTC1', 'KEGG:04010'), ('ACTC1', 'KEGG:04014'), ('ACTC1', 'KEGG:04550'), ('ACTC1', 'KEGG:05200'), ('ACTC1', 'KEGG:04068'), ('ACTC1', 'KEGG:04917'), ('ACTC1', 'KEGG:05220'), ('ACTC1', 'KEGG:05211'), ('ACTC1', 'KEGG:05225'), ('ACTC1', 'KEGG:04012'), ('ACTC1', 'KEGG:05223'), ('ACTC1', 'KEGG:05210'), ('ACTC1', 'KEGG:04151'), ('ACTC1', 'KEGG:05224'), ('ACTC1', 'KEGG:04910'), ('ACTC1', 'KEGG:05226'), ('ACTC1', 'KEGG:04510'), ('ACTC1', 'KEGG:04935'), ('ACTC1', 'KEGG:04150'), ('ACTC1', 'KEGG:01522'), ('ACTC1', 'KEGG:05215'), ('ACTC1', 'KEGG:04912'), ('ACTC1', 'KEGG:04722'), ('ACTC1', 'KEGG:01521'), ('ACTC1', 'KEGG:05213'), ('ACTC1', 'KEGG:04660'), ('ACTC1', 'KEGG:05221'), ('ACTC1', 'KEGG:04926'), ('ACTC1', 'KEGG:05163'), ('ACTC1', 'KEGG:05214'), ('ACTC1', 'KEGG:05161'), ('ACTC1', 'KEGG:05160'), ('ACTC1', 'KEGG:04915'), ('ACTC1', 'KEGG:04664'), ('ACTC1', 'KEGG:05207'), ('ACTC1', 'KEGG:05165'), ('ACTC1', 'KEGG:04380'), ('CCDC71L', 'KEGG:04510'), ('CCDC71L', 'KEGG:04810'), ('CCDC71L', 'KEGG:04933'), ('CCDC71L', 'KEGG:05131')]",0.4700854700854701,0.3641854454944171
hsa-miR-30a-5p,hsa-miR-30a-5p,MicroRNA,1.0,0,1,0.0075256306503272,0.1588460932163312,0.0062477030503491,0.2279411764705882,"[('ABHD6', 'KEGG:05414'), ('ABHD6', 'KEGG:05410'), ('AIDA', 'KEGG:04144')]",0.02564102564102564,0.5648487475081355
hsa-miR-31-5p,hsa-miR-31-5p,MicroRNA,1.0,0,1,0.0072312991341989,0.1358590625140443,0.0066152149944873,0.0261437908496732,"[('FZD4', 'KEGG:05205'), ('FZD4', 'KEGG:04550'), ('FZD4', 'KEGG:05200'), ('FZD4', 'KEGG:05225'), ('FZD4', 'KEGG:04390'), ('FZD4', 'KEGG:04310'), ('FZD4', 'KEGG:05224'), ('FZD4', 'KEGG:05226'), ('FZD4', 'KEGG:04150'), ('FZD4', 'KEGG:04934'), ('FZD4', 'KEGG:04916'), ('FZD4', 'KEGG:05217'), ('FZD4', 'KEGG:05165'), ('HBEGF', 'KEGG:03083'), ('FITM2', 'KEGG:04144'), ('TLN2', 'KEGG:04917'), ('BMPER', 'KEGG:04390'), ('STK40', 'KEGG:04010'), ('STK40', 'KEGG:04014'), ('STK40', 'KEGG:04015'), ('STK40', 'KEGG:04151'), ('STK40', 'KEGG:04510'), ('STK40', 'KEGG:05202'), ('STK40', 'KEGG:04066')]",0.19658119658119658,0.49217608138317254
hsa-miR-9-5p,hsa-miR-9-5p,MicroRNA,1.0,0,1,0.0062805602976064,0.1358468521098279,0.0058801911062109,0.0416666666666666,"[('PCDH9', 'KEGG:04130'), ('ANK2', 'KEGG:04340'), ('VAMP3', 'KEGG:05202'), ('SIM1', 'KEGG:05205'), ('SIM1', 'KEGG:04010'), ('SIM1', 'KEGG:04014'), ('SIM1', 'KEGG:04550'), ('SIM1', 'KEGG:05200'), ('SIM1', 'KEGG:04015'), ('SIM1', 'KEGG:04151'), ('SIM1', 'KEGG:05224'), ('SIM1', 'KEGG:05226'), ('SIM1', 'KEGG:01521'), ('SIM1', 'KEGG:04810'), ('SIM1', 'KEGG:05218'), ('SIM1', 'KEGG:05207'), ('SIM1', 'KEGG:05167'), ('LRRC8C', 'KEGG:04710'), ('TNFAIP8', 'KEGG:04010'), ('TNFAIP8', 'KEGG:04144'), ('TNFAIP8', 'KEGG:04213'), ('TNFAIP8', 'KEGG:04141'), ('TNFAIP8', 'KEGG:05417'), ('TNFAIP8', 'KEGG:04915'), ('TNFAIP8', 'KEGG:05162')]",0.20512820512820512,0.365218379125304
hsa-miR-140-5p,hsa-miR-140-5p,MicroRNA,1.0,0,1,0.0100213608955449,0.2462327930276126,0.0095553105475927,0.0369230769230769,"[('SLC2A1', 'KEGG:04010'), ('SLC2A1', 'KEGG:05200'), ('SLC2A1', 'KEGG:04015'), ('SLC2A1', 'KEGG:05220'), ('SLC2A1', 'KEGG:05211'), ('SLC2A1', 'KEGG:04012'), ('SLC2A1', 'KEGG:04910'), ('SLC2A1', 'KEGG:04510'), ('SLC2A1', 'KEGG:04935'), ('SLC2A1', 'KEGG:05170'), ('SLC2A1', 'KEGG:04722'), ('SLC2A1', 'KEGG:04810'), ('SLC2A1', 'KEGG:05163'), ('SLC2A1', 'KEGG:05135'), ('SLC2A1', 'KEGG:04148'), ('SLC2A1', 'KEGG:05131'), ('SLC2A1', 'KEGG:05100'), ('PAK4', 'KEGG:04360'), ('PAK4', 'KEGG:04014'), ('PAK4', 'KEGG:05211'), ('PAK4', 'KEGG:04012'), ('PAK4', 'KEGG:04510'), ('PAK4', 'KEGG:05170'), ('PAK4', 'KEGG:04810'), ('PAK4', 'KEGG:04660'), ('LMNB1', 'KEGG:04919'), ('BCL2L1', 'KEGG:04140'), ('NFYA', 'KEGG:05017'), ('PSMF1', 'KEGG:04371'), ('PSMF1', 'KEGG:04713'), ('PSMF1', 'KEGG:04926'), ('PSMF1', 'KEGG:04730'), ('PSMF1', 'KEGG:05414'), ('PSMF1', 'KEGG:05410'), ('RALGPS1', 'KEGG:05205'), ('RALGPS1', 'KEGG:04218'), ('RALGPS1', 'KEGG:04550'), ('RALGPS1', 'KEGG:05200'), ('RALGPS1', 'KEGG:05212'), ('RALGPS1', 'KEGG:04144'), ('RALGPS1', 'KEGG:05225'), ('RALGPS1', 'KEGG:04390'), ('RALGPS1', 'KEGG:05210'), ('RALGPS1', 'KEGG:05226'), ('RALGPS1', 'KEGG:05166'), ('RALGPS1', 'KEGG:04350'), ('RALGPS1', 'KEGG:04110'), ('RALGPS1', 'KEGG:04371'), ('RALGPS1', 'KEGG:04933'), ('RALGPS1', 'KEGG:04926'), ('RALGPS1', 'KEGG:05142'), ('CUL3', 'KEGG:04340'), ('CUL3', 'KEGG:04120')]",0.38461538461538464,0.44745579753579856
hsa-miR-381-3p,hsa-miR-381-3p,MicroRNA,1.0,0,1,0.0057329643440772,0.1350096020722611,0.0044101433296582,0.0,"[('NPR3', 'KEGG:05200'), ('NPR3', 'KEGG:04151'), ('NPR3', 'KEGG:04510'), ('NPR3', 'KEGG:05222'), ('NPR3', 'KEGG:04933'), ('NPR3', 'KEGG:04926'), ('NPR3', 'KEGG:05165'), ('LAMA4', 'KEGG:04144'), ('VLDLR', 'KEGG:04141'), ('GRIN2B', 'KEGG:04070')]",0.08547008547008547,0.5191427471212249
hsa-miR-181b-5p,hsa-miR-181b-5p,MicroRNA,1.0,0,1,0.0147804542045432,0.1598202484800422,0.0117603822124219,0.3165322580645161,"[('RAB3C', 'KEGG:04144'), ('RAB3C', 'KEGG:04120'), ('ERG', 'KEGG:05202'), ('ERG', 'KEGG:05215'), ('NRP1', 'KEGG:04360'), ('NRP1', 'KEGG:05166'), ('CALM1', 'KEGG:05130'), ('ACVR1C', 'KEGG:04550'), ('ACVR1C', 'KEGG:04350'), ('ELN', 'KEGG:04010'), ('ELN', 'KEGG:04144'), ('ELN', 'KEGG:04340'), ('ELN', 'KEGG:04928'), ('ELN', 'KEGG:04926'), ('ELN', 'KEGG:04929'), ('ELN', 'KEGG:04728'), ('ELN', 'KEGG:05032'), ('ELN', 'KEGG:05207'), ('CNR1', 'KEGG:04144'), ('WSCD2', 'KEGG:05205'), ('WSCD2', 'KEGG:05200'), ('WSCD2', 'KEGG:04211'), ('WSCD2', 'KEGG:05212'), ('WSCD2', 'KEGG:05225'), ('WSCD2', 'KEGG:04012'), ('WSCD2', 'KEGG:05210'), ('WSCD2', 'KEGG:04151'), ('WSCD2', 'KEGG:05224'), ('WSCD2', 'KEGG:04910'), ('WSCD2', 'KEGG:05226'), ('WSCD2', 'KEGG:04152'), ('WSCD2', 'KEGG:04350'), ('WSCD2', 'KEGG:04213'), ('WSCD2', 'KEGG:04931'), ('WSCD2', 'KEGG:04140'), ('WSCD2', 'KEGG:04150'), ('WSCD2', 'KEGG:01522'), ('WSCD2', 'KEGG:05170'), ('WSCD2', 'KEGG:04371'), ('WSCD2', 'KEGG:01521'), ('WSCD2', 'KEGG:05221'), ('WSCD2', 'KEGG:05163'), ('WSCD2', 'KEGG:05131'), ('WSCD2', 'KEGG:04066'), ('WSCD2', 'KEGG:05235'), ('WSCD2', 'KEGG:05207'), ('WSCD2', 'KEGG:05165'), ('SYPL2', 'KEGG:04120'), ('FLT1', 'KEGG:04148')]",0.37606837606837606,0.3633406369124666
hsa-miR-186-5p,hsa-miR-186-5p,MicroRNA,1.0,0,1,0.0202246191309309,0.2599535643649497,0.0165380374862183,0.0202020202020202,"[('SEC61A1', 'KEGG:04141'), ('MAPK6', 'KEGG:05200'), ('MAPK6', 'KEGG:04390'), ('MAPK6', 'KEGG:05210'), ('MAPK6', 'KEGG:04115'), ('MAPK6', 'KEGG:04210'), ('MAPK6', 'KEGG:01524'), ('MAPK6', 'KEGG:05162'), ('FOXK2', 'KEGG:04520'), ('OCLN', 'KEGG:05160'), ('OCLN', 'KEGG:05130'), ('SUMO2', 'KEGG:04144'), ('ZBTB7A', 'KEGG:05200'), ('ZBTB7A', 'KEGG:04211'), ('ZBTB7A', 'KEGG:04015'), ('ZBTB7A', 'KEGG:04935'), ('ZBTB7A', 'KEGG:05166'), ('ZBTB7A', 'KEGG:04914'), ('ZBTB7A', 'KEGG:04213'), ('ZBTB7A', 'KEGG:01522'), ('ZBTB7A', 'KEGG:04371'), ('ZBTB7A', 'KEGG:04912'), ('ZBTB7A', 'KEGG:04725'), ('ZBTB7A', 'KEGG:04928'), ('ZBTB7A', 'KEGG:04114'), ('ZBTB7A', 'KEGG:04921'), ('ZBTB7A', 'KEGG:04713'), ('ZBTB7A', 'KEGG:04926'), ('ZBTB7A', 'KEGG:05163'), ('ZBTB7A', 'KEGG:04022'), ('ZBTB7A', 'KEGG:04724'), ('ZBTB7A', 'KEGG:04971'), ('ZBTB7A', 'KEGG:04611'), ('ZBTB7A', 'KEGG:04934'), ('ZBTB7A', 'KEGG:04750'), ('ZBTB7A', 'KEGG:04728'), ('ZBTB7A', 'KEGG:04024'), ('ZBTB7A', 'KEGG:05032'), ('ZBTB7A', 'KEGG:04923'), ('ZBTB7A', 'KEGG:04924'), ('ZBTB7A', 'KEGG:04916'), ('ZBTB7A', 'KEGG:05414'), ('ZBTB7A', 'KEGG:04915'), ('ZBTB7A', 'KEGG:05207'), ('ZBTB7A', 'KEGG:04911'), ('ZBTB7A', 'KEGG:05030'), ('PIGV', 'KEGG:05202'), ('VAPB', 'KEGG:04071'), ('ACTR3', 'KEGG:04150'), ('GRIN3A', 'KEGG:04010'), ('GRIN3A', 'KEGG:05202'), ('GRIN3A', 'KEGG:04371'), ('GRIN3A', 'KEGG:04928'), ('GRIN3A', 'KEGG:04921'), ('GRIN3A', 'KEGG:04022')]",0.4188034188034188,0.3792629393680734
hsa-miR-181d-5p,hsa-miR-181d-5p,MicroRNA,1.0,0,1,0.0118496785452429,0.1598202484800422,0.0113928702682837,0.3268817204301075,"[('ACVR1C', 'KEGG:04550'), ('ACVR1C', 'KEGG:04350'), ('TIMP3', 'KEGG:04360'), ('TIMP3', 'KEGG:05205'), ('TIMP3', 'KEGG:05200'), ('TIMP3', 'KEGG:04012'), ('TIMP3', 'KEGG:04310'), ('TIMP3', 'KEGG:04912'), ('TIMP3', 'KEGG:04725'), ('TIMP3', 'KEGG:04722'), ('TIMP3', 'KEGG:04114'), ('TIMP3', 'KEGG:04921'), ('TIMP3', 'KEGG:04713'), ('TIMP3', 'KEGG:05214'), ('TIMP3', 'KEGG:04148'), ('TIMP3', 'KEGG:05417'), ('TIMP3', 'KEGG:04971'), ('TIMP3', 'KEGG:04934'), ('TIMP3', 'KEGG:04750'), ('TIMP3', 'KEGG:04728'), ('TIMP3', 'KEGG:04024'), ('TIMP3', 'KEGG:04916'), ('TIMP3', 'KEGG:04066'), ('TIMP3', 'KEGG:04911'), ('CNR1', 'KEGG:04144'), ('ERG', 'KEGG:05202'), ('ERG', 'KEGG:05215'), ('LGI2', 'KEGG:04550'), ('FLT1', 'KEGG:04148'), ('PARM1', 'KEGG:05202'), ('WSCD2', 'KEGG:05205'), ('WSCD2', 'KEGG:05200'), ('WSCD2', 'KEGG:04211'), ('WSCD2', 'KEGG:05212'), ('WSCD2', 'KEGG:05225'), ('WSCD2', 'KEGG:04012'), ('WSCD2', 'KEGG:05210'), ('WSCD2', 'KEGG:04151'), ('WSCD2', 'KEGG:05224'), ('WSCD2', 'KEGG:04910'), ('WSCD2', 'KEGG:05226'), ('WSCD2', 'KEGG:04152'), ('WSCD2', 'KEGG:04350'), ('WSCD2', 'KEGG:04213'), ('WSCD2', 'KEGG:04931'), ('WSCD2', 'KEGG:04140'), ('WSCD2', 'KEGG:04150'), ('WSCD2', 'KEGG:01522'), ('WSCD2', 'KEGG:05170'), ('WSCD2', 'KEGG:04371'), ('WSCD2', 'KEGG:01521'), ('WSCD2', 'KEGG:05221'), ('WSCD2', 'KEGG:05163'), ('WSCD2', 'KEGG:05131'), ('WSCD2', 'KEGG:04066'), ('WSCD2', 'KEGG:05235'), ('WSCD2', 'KEGG:05207'), ('WSCD2', 'KEGG:05165'), ('FIGN', 'KEGG:04218'), ('FIGN', 'KEGG:04068'), ('FIGN', 'KEGG:05166'), ('FIGN', 'KEGG:05202'), ('FIGN', 'KEGG:05170'), ('FIGN', 'KEGG:04110'), ('FIGN', 'KEGG:04115'), ('FIGN', 'KEGG:05131'), ('FIGN', 'KEGG:04210'), ('FIGN', 'KEGG:01524'), ('FIGN', 'KEGG:05165'), ('SIM1', 'KEGG:05205'), ('SIM1', 'KEGG:04010'), ('SIM1', 'KEGG:04014'), ('SIM1', 'KEGG:04550'), ('SIM1', 'KEGG:05200'), ('SIM1', 'KEGG:04015'), ('SIM1', 'KEGG:04151'), ('SIM1', 'KEGG:05224'), ('SIM1', 'KEGG:05226'), ('SIM1', 'KEGG:01521'), ('SIM1', 'KEGG:04810'), ('SIM1', 'KEGG:05218'), ('SIM1', 'KEGG:05207'), ('SIM1', 'KEGG:05167')]",0.5384615384615384,0.43205073922665604
hsa-miR-195-5p,hsa-miR-195-5p,MicroRNA,1.0,0,1,0.0226561335626936,0.1602608280761278,0.0158030135979419,0.0653377630121816,"[('ANO3', 'KEGG:04144'), ('PLXNA4', 'KEGG:04360'), ('AKAP12', 'KEGG:05205'), ('CALM1', 'KEGG:05130'), ('SEMA3A', 'KEGG:04218'), ('SEMA3A', 'KEGG:04014'), ('SEMA3A', 'KEGG:05200'), ('SEMA3A', 'KEGG:05211'), ('SEMA3A', 'KEGG:05166'), ('FZD4', 'KEGG:05205'), ('FZD4', 'KEGG:04550'), ('FZD4', 'KEGG:05200'), ('FZD4', 'KEGG:05225'), ('FZD4', 'KEGG:04390'), ('FZD4', 'KEGG:04310'), ('FZD4', 'KEGG:05224'), ('FZD4', 'KEGG:05226'), ('FZD4', 'KEGG:04150'), ('FZD4', 'KEGG:04934'), ('FZD4', 'KEGG:04916'), ('FZD4', 'KEGG:05217'), ('FZD4', 'KEGG:05165'), ('IGF1', 'KEGG:04151'), ('IGF1', 'KEGG:04510'), ('IGF1', 'KEGG:04810'), ('IGF1', 'KEGG:05414'), ('IGF1', 'KEGG:05410'), ('IGF1', 'KEGG:05165'), ('XKR4', 'KEGG:04144'), ('TACC1', 'KEGG:04144'), ('KSR1', 'KEGG:03082'), ('STK40', 'KEGG:04010'), ('STK40', 'KEGG:04014'), ('STK40', 'KEGG:04015'), ('STK40', 'KEGG:04151'), ('STK40', 'KEGG:04510'), ('STK40', 'KEGG:05202'), ('STK40', 'KEGG:04066'), ('TNFSF13B', 'KEGG:05200'), ('TNFSF13B', 'KEGG:04371'), ('TNFSF13B', 'KEGG:04810'), ('TNFSF13B', 'KEGG:04928'), ('TNFSF13B', 'KEGG:05163'), ('TNFSF13B', 'KEGG:04730'), ('TNFSF13B', 'KEGG:04022'), ('TNFSF13B', 'KEGG:04611'), ('TNFSF13B', 'KEGG:04071'), ('TNFSF13B', 'KEGG:05130'), ('SNCG', 'KEGG:05202'), ('NLGN1', 'KEGG:04917'), ('NLGN1', 'KEGG:05224'), ('NLGN1', 'KEGG:04928'), ('NLGN1', 'KEGG:05207'), ('NLGN1', 'KEGG:04380'), ('RSPO3', 'KEGG:04213'), ('KATNAL1', 'KEGG:04911')]",0.358974358974359,0.45571991454002964
hsa-miR-24-3p,hsa-miR-24-3p,MicroRNA,1.0,0,1,0.0962868622355274,0.289143950263032,0.0694597574421168,0.0354047056174715,"[('RAB8A', 'KEGG:03013'), ('RAB8A', 'KEGG:05207'), ('GRAMD1B', 'KEGG:05030'), ('FDXR', 'KEGG:04910'), ('FDXR', 'KEGG:04931'), ('FDXR', 'KEGG:04520'), ('KCNK6', 'KEGG:04360'), ('KCNK6', 'KEGG:04218'), ('KCNK6', 'KEGG:04310'), ('KCNK6', 'KEGG:05166'), ('KCNK6', 'KEGG:05170'), ('KCNK6', 'KEGG:04660'), ('KCNK6', 'KEGG:04921'), ('KCNK6', 'KEGG:05163'), ('KCNK6', 'KEGG:05135'), ('KCNK6', 'KEGG:04022'), ('KCNK6', 'KEGG:04148'), ('KCNK6', 'KEGG:05161'), ('KCNK6', 'KEGG:05417'), ('KCNK6', 'KEGG:05235'), ('KCNK6', 'KEGG:05167'), ('KCNK6', 'KEGG:04380'), ('ATXN7L3', 'KEGG:03082'), ('NEDD4L', 'KEGG:04144'), ('NEDD4L', 'KEGG:04152'), ('NEDD4L', 'KEGG:04140'), ('CLCN3', 'KEGG:04360'), ('CLCN3', 'KEGG:04014'), ('CLCN3', 'KEGG:05211'), ('CLCN3', 'KEGG:04012'), ('CLCN3', 'KEGG:04510'), ('CLCN3', 'KEGG:05170'), ('CLCN3', 'KEGG:04810'), ('CLCN3', 'KEGG:04660'), ('CLCN3', 'KEGG:05130'), ('TBC1D22B', 'KEGG:04310'), ('TOP1', 'KEGG:05205'), ('TOP1', 'KEGG:04810'), ('IFFO2', 'KEGG:04310'), ('IFFO2', 'KEGG:03013'), ('SHROOM2', 'KEGG:03013'), ('PIGV', 'KEGG:05202'), ('PLA2G2C', 'KEGG:04725'), ('PLA2G2C', 'KEGG:04921'), ('PSKH1', 'KEGG:04810'), ('PSKH1', 'KEGG:05130'), ('GBA2', 'KEGG:04110'), ('WAPL', 'KEGG:05205'), ('WAPL', 'KEGG:04010'), ('WAPL', 'KEGG:04014'), ('WAPL', 'KEGG:04550'), ('WAPL', 'KEGG:05200'), ('WAPL', 'KEGG:04068'), ('WAPL', 'KEGG:04211'), ('WAPL', 'KEGG:04015'), ('WAPL', 'KEGG:04151'), ('WAPL', 'KEGG:05224'), ('WAPL', 'KEGG:04510'), ('WAPL', 'KEGG:04935'), ('WAPL', 'KEGG:04152'), ('WAPL', 'KEGG:04914'), ('WAPL', 'KEGG:04213'), ('WAPL', 'KEGG:04150'), ('WAPL', 'KEGG:05202'), ('WAPL', 'KEGG:01522'), ('WAPL', 'KEGG:05215'), ('WAPL', 'KEGG:01521'), ('WAPL', 'KEGG:04114'), ('WAPL', 'KEGG:04730'), ('WAPL', 'KEGG:04115'), ('WAPL', 'KEGG:04960'), ('WAPL', 'KEGG:05214'), ('WAPL', 'KEGG:05218'), ('WAPL', 'KEGG:04750'), ('WAPL', 'KEGG:05414'), ('WAPL', 'KEGG:04066'), ('WAPL', 'KEGG:05410'), ('TGIF2', 'KEGG:04140'), ('ERBB3', 'KEGG:05205'), ('ERBB3', 'KEGG:04010'), ('ERBB3', 'KEGG:04012'), ('ERBB3', 'KEGG:04151'), ('ERBB3', 'KEGG:01521'), ('KIAA1549L', 'KEGG:04070'), ('LAMB3', 'KEGG:04211'), ('LAMB3', 'KEGG:04151'), ('LAMB3', 'KEGG:04910'), ('LAMB3', 'KEGG:04150'), ('LAMB3', 'KEGG:01521'), ('LAMB3', 'KEGG:04066'), ('PRKRIP1', 'KEGG:04218'), ('PRKRIP1', 'KEGG:05166'), ('PRKRIP1', 'KEGG:05017'), ('PRKRIP1', 'KEGG:04022'), ('PRKRIP1', 'KEGG:05131'), ('FBXW4', 'KEGG:03083'), ('FBXW4', 'KEGG:05131'), ('AVL9', 'KEGG:04360'), ('NUDT3', 'KEGG:05200'), ('NUDT3', 'KEGG:04151'), ('NUDT3', 'KEGG:04510'), ('NUDT3', 'KEGG:05222'), ('NUDT3', 'KEGG:05165'), ('ABI2', 'KEGG:04810'), ('VXN', 'KEGG:04010'), ('VXN', 'KEGG:04014'), ('VXN', 'KEGG:04151'), ('VXN', 'KEGG:04722'), ('VXN', 'KEGG:04024'), ('VXN', 'KEGG:05030'), ('BET1L', 'KEGG:04919'), ('BET1L', 'KEGG:05017'), ('BET1L', 'KEGG:04022'), ('BET1L', 'KEGG:04148'), ('BET1L', 'KEGG:04024'), ('BET1L', 'KEGG:05414'), ('BET1L', 'KEGG:05410'), ('BET1L', 'KEGG:04380'), ('RGP1', 'KEGG:04360'), ('RSBN1L', 'KEGG:04218'), ('RSBN1L', 'KEGG:05200'), ('RSBN1L', 'KEGG:05212'), ('RSBN1L', 'KEGG:05220'), ('RSBN1L', 'KEGG:05225'), ('RSBN1L', 'KEGG:05223'), ('RSBN1L', 'KEGG:05224'), ('RSBN1L', 'KEGG:05226'), ('RSBN1L', 'KEGG:05166'), ('RSBN1L', 'KEGG:01522'), ('RSBN1L', 'KEGG:04110'), ('RSBN1L', 'KEGG:05222'), ('RSBN1L', 'KEGG:05215'), ('RSBN1L', 'KEGG:05163'), ('RSBN1L', 'KEGG:05214'), ('RSBN1L', 'KEGG:05161'), ('RSBN1L', 'KEGG:05218'), ('RSBN1L', 'KEGG:05160'), ('RSBN1L', 'KEGG:04934'), ('RSBN1L', 'KEGG:05167'), ('CCNI2', 'KEGG:04360'), ('ZBTB44', 'KEGG:04340'), ('TRIM71', 'KEGG:04917'), ('TSHZ2', 'KEGG:04725'), ('TSHZ2', 'KEGG:04810'), ('SZRD1', 'KEGG:05205'), ('SZRD1', 'KEGG:04015'), ('SZRD1', 'KEGG:04510'), ('SZRD1', 'KEGG:04810'), ('SZRD1', 'KEGG:04660'), ('SZRD1', 'KEGG:05135'), ('SZRD1', 'KEGG:05417'), ('SZRD1', 'KEGG:04024'), ('SZRD1', 'KEGG:04664'), ('SCAMP5', 'KEGG:05205'), ('SCAMP5', 'KEGG:04218'), ('SCAMP5', 'KEGG:04010'), ('SCAMP5', 'KEGG:05200'), ('SCAMP5', 'KEGG:04068'), ('SCAMP5', 'KEGG:05212'), ('SCAMP5', 'KEGG:05220'), ('SCAMP5', 'KEGG:05211'), ('SCAMP5', 'KEGG:05225'), ('SCAMP5', 'KEGG:04390'), ('SCAMP5', 'KEGG:05210'), ('SCAMP5', 'KEGG:05226'), ('SCAMP5', 'KEGG:05166'), ('SCAMP5', 'KEGG:04350'), ('SCAMP5', 'KEGG:04110'), ('SCAMP5', 'KEGG:04933'), ('SCAMP5', 'KEGG:05142'), ('SCAMP5', 'KEGG:05161'), ('SCAMP5', 'KEGG:05414'), ('SCAMP5', 'KEGG:05410'), ('SCAMP5', 'KEGG:04380'), ('RPS6KB1', 'KEGG:03083'), ('RAB5B', 'KEGG:04014'), ('RAB5B', 'KEGG:04144'), ('RAB5B', 'KEGG:04148'), ('NREP', 'KEGG:04140'), ('MCTP2', 'KEGG:04910'), ('MLEC', 'KEGG:05200'), ('MLEC', 'KEGG:05223'), ('MLEC', 'KEGG:05235'), ('PTPN9', 'KEGG:05017'), ('EML4', 'KEGG:04068'), ('EML4', 'KEGG:04151'), ('CACNA1E', 'KEGG:01524'), ('ATP2B1', 'KEGG:04022'), ('ATP2B1', 'KEGG:04024'), ('SOCS6', 'KEGG:04010'), ('SOCS6', 'KEGG:04150'), ('PRKCH', 'KEGG:04919'), ('DNAJB12', 'KEGG:05200'), ('DNAJB12', 'KEGG:05211'), ('DNAJB12', 'KEGG:04120'), ('DNAJB12', 'KEGG:04066'), ('STRN', 'KEGG:05202'), ('BZW1', 'KEGG:04015'), ('TRMT10B', 'KEGG:04360'), ('TRMT10B', 'KEGG:04010'), ('TRMT10B', 'KEGG:04014'), ('ANGEL1', 'KEGG:04144'), ('UTP25', 'KEGG:04917'), ('UTP25', 'KEGG:04380'), ('BBC3', 'KEGG:04550'), ('ABHD2', 'KEGG:05200'), ('ABHD2', 'KEGG:04211'), ('ABHD2', 'KEGG:04015'), ('ABHD2', 'KEGG:04935'), ('ABHD2', 'KEGG:05166'), ('ABHD2', 'KEGG:04914'), ('ABHD2', 'KEGG:04213'), ('ABHD2', 'KEGG:01522'), ('ABHD2', 'KEGG:04371'), ('ABHD2', 'KEGG:04912'), ('ABHD2', 'KEGG:04725'), ('ABHD2', 'KEGG:04928'), ('ABHD2', 'KEGG:04114'), ('ABHD2', 'KEGG:04921'), ('ABHD2', 'KEGG:04713'), ('ABHD2', 'KEGG:04926'), ('ABHD2', 'KEGG:05163'), ('ABHD2', 'KEGG:04022'), ('ABHD2', 'KEGG:04724'), ('ABHD2', 'KEGG:04971'), ('ABHD2', 'KEGG:04611'), ('ABHD2', 'KEGG:04934'), ('ABHD2', 'KEGG:04750'), ('ABHD2', 'KEGG:04024'), ('ABHD2', 'KEGG:05032'), ('ABHD2', 'KEGG:04923'), ('ABHD2', 'KEGG:04916'), ('ABHD2', 'KEGG:05414'), ('ABHD2', 'KEGG:04915'), ('ABHD2', 'KEGG:05207'), ('ABHD2', 'KEGG:04911'), ('STX5', 'KEGG:05202'), ('TNKS', 'KEGG:05414'), ('TNKS', 'KEGG:05410'), ('GK5', 'KEGG:04120'), ('NR6A1', 'KEGG:03082'), ('HOXC12', 'KEGG:04928'), ('HOXC12', 'KEGG:05163')]",0.8547008547008547,0.40356353093308334
hsa-miR-146b-5p,hsa-miR-146b-5p,MicroRNA,1.0,0,1,0.0018605129867553,0.1357980324334037,0.0029400955531054,0.2142857142857142,"[('VTI1B', 'KEGG:04110'), ('VTI1B', 'KEGG:05207'), ('NOVA1', 'KEGG:04218'), ('RRAGD', 'KEGG:04710')]",0.03418803418803419,0.4511208785303907
hsa-miR-378c,hsa-miR-378c,MicroRNA,1.0,0,1,0.0192653481489842,0.2808696460094769,0.0235207644248438,0.5500992063492064,"[('RASGRF1', 'KEGG:03082'), ('NXPE3', 'KEGG:03082'), ('ANKRD52', 'KEGG:04110'), ('DUSP8', 'KEGG:04014'), ('DUSP8', 'KEGG:04015'), ('DUSP8', 'KEGG:05017'), ('DUSP8', 'KEGG:04713'), ('DUSP8', 'KEGG:04724'), ('DUSP8', 'KEGG:04728'), ('DUSP8', 'KEGG:04024'), ('DUSP8', 'KEGG:05030'), ('IGF1R', 'KEGG:05205'), ('IGF1R', 'KEGG:04010'), ('IGF1R', 'KEGG:04014'), ('IGF1R', 'KEGG:04550'), ('IGF1R', 'KEGG:05200'), ('IGF1R', 'KEGG:04068'), ('IGF1R', 'KEGG:04211'), ('IGF1R', 'KEGG:04015'), ('IGF1R', 'KEGG:04144'), ('IGF1R', 'KEGG:05225'), ('IGF1R', 'KEGG:04151'), ('IGF1R', 'KEGG:05224'), ('IGF1R', 'KEGG:04510'), ('IGF1R', 'KEGG:04152'), ('IGF1R', 'KEGG:04914'), ('IGF1R', 'KEGG:04213'), ('IGF1R', 'KEGG:04140'), ('IGF1R', 'KEGG:04150'), ('IGF1R', 'KEGG:05202'), ('IGF1R', 'KEGG:01522'), ('IGF1R', 'KEGG:05215'), ('IGF1R', 'KEGG:01521'), ('IGF1R', 'KEGG:04114'), ('IGF1R', 'KEGG:04520'), ('IGF1R', 'KEGG:04730'), ('IGF1R', 'KEGG:05214'), ('IGF1R', 'KEGG:05218'), ('IGF1R', 'KEGG:04066'), ('WDR37', 'KEGG:04310'), ('COQ10B', 'KEGG:04710'), ('COQ10B', 'KEGG:04728'), ('MAPK1', 'KEGG:05205'), ('MAPK1IP1L', 'KEGG:04350'), ('ABI2', 'KEGG:04810'), ('VANGL1', 'KEGG:04310'), ('IPO9', 'KEGG:04152'), ('IPO9', 'KEGG:04148'), ('UBE2W', 'KEGG:04010'), ('UBE2W', 'KEGG:04921'), ('UBE2W', 'KEGG:05414'), ('UBE2W', 'KEGG:05410'), ('NUFIP2', 'KEGG:04010'), ('NUFIP2', 'KEGG:04935'), ('NUFIP2', 'KEGG:04912'), ('NUFIP2', 'KEGG:04725'), ('NUFIP2', 'KEGG:04930'), ('NUFIP2', 'KEGG:04921'), ('NUFIP2', 'KEGG:04713'), ('NUFIP2', 'KEGG:04022'), ('NUFIP2', 'KEGG:04724'), ('NUFIP2', 'KEGG:04929'), ('NUFIP2', 'KEGG:04934'), ('NUFIP2', 'KEGG:04728'), ('NUFIP2', 'KEGG:04024'), ('NUFIP2', 'KEGG:04924'), ('NUFIP2', 'KEGG:05414'), ('NUFIP2', 'KEGG:05207'), ('NUFIP2', 'KEGG:04911'), ('NUFIP2', 'KEGG:05410')]",0.46153846153846156,0.40952793731807824
hsa-miR-363-3p,hsa-miR-363-3p,MicroRNA,1.0,0,1,0.053037048572599,0.2792093839475386,0.0444689452407203,0.0670798898071625,"[('PDXDC1', 'KEGG:05205'), ('PDXDC1', 'KEGG:04012'), ('PDXDC1', 'KEGG:01522'), ('PDXDC1', 'KEGG:04912'), ('PDXDC1', 'KEGG:04928'), ('PDXDC1', 'KEGG:04915'), ('ZDHHC5', 'KEGG:01524'), ('KCNC4', 'KEGG:04022'), ('KCNC4', 'KEGG:04024'), ('NUP43', 'KEGG:04140'), ('NUP43', 'KEGG:04150'), ('NUP43', 'KEGG:05131'), ('PRKAA2', 'KEGG:04144'), ('PRKAA2', 'KEGG:05223'), ('PRKAA2', 'KEGG:04728'), ('DAG1', 'KEGG:05414'), ('DAG1', 'KEGG:05410'), ('UBE2Z', 'KEGG:04390'), ('PCGF3', 'KEGG:04144'), ('SLC4A8', 'KEGG:04151'), ('ABI2', 'KEGG:04810'), ('BICRAL', 'KEGG:04520'), ('LCOR', 'KEGG:03083'), ('TBX3', 'KEGG:04010'), ('TBX3', 'KEGG:04912'), ('DCAF10', 'KEGG:04120'), ('SETD1B', 'KEGG:03013'), ('NUFIP2', 'KEGG:04010'), ('NUFIP2', 'KEGG:04935'), ('NUFIP2', 'KEGG:04912'), ('NUFIP2', 'KEGG:04725'), ('NUFIP2', 'KEGG:04930'), ('NUFIP2', 'KEGG:04921'), ('NUFIP2', 'KEGG:04713'), ('NUFIP2', 'KEGG:04022'), ('NUFIP2', 'KEGG:04724'), ('NUFIP2', 'KEGG:04929'), ('NUFIP2', 'KEGG:04934'), ('NUFIP2', 'KEGG:04728'), ('NUFIP2', 'KEGG:04024'), ('NUFIP2', 'KEGG:04924'), ('NUFIP2', 'KEGG:05414'), ('NUFIP2', 'KEGG:05207'), ('NUFIP2', 'KEGG:04911'), ('NUFIP2', 'KEGG:05410'), ('PAPOLA', 'KEGG:04360'), ('SEC31B', 'KEGG:03083'), ('AATK', 'KEGG:04144'), ('AGO3', 'KEGG:04928'), ('DSC2', 'KEGG:04015'), ('DSC2', 'KEGG:04728'), ('DSC2', 'KEGG:04024'), ('DSC2', 'KEGG:05030'), ('CDK5R1', 'KEGG:05160'), ('CDK5R1', 'KEGG:05130'), ('GRHL1', 'KEGG:03013'), ('SMIM14', 'KEGG:04310'), ('SMIM14', 'KEGG:04928'), ('ATXN1', 'KEGG:04010'), ('ATXN1', 'KEGG:04921'), ('ATXN1', 'KEGG:05414'), ('ATXN1', 'KEGG:05410'), ('TMCC1', 'KEGG:04152'), ('TMCC1', 'KEGG:04066'), ('DMXL1', 'KEGG:04151'), ('DMXL1', 'KEGG:04510'), ('DMXL1', 'KEGG:04810'), ('DMXL1', 'KEGG:05414'), ('DMXL1', 'KEGG:05410'), ('DMXL1', 'KEGG:05165'), ('XRN1', 'KEGG:04141'), ('FAR1', 'KEGG:04015'), ('FAR1', 'KEGG:04520'), ('NSG1', 'KEGG:04010'), ('OTUD3', 'KEGG:04010'), ('OTUD3', 'KEGG:04014'), ('OTUD3', 'KEGG:05200'), ('OTUD3', 'KEGG:04068'), ('OTUD3', 'KEGG:05212'), ('OTUD3', 'KEGG:05220'), ('OTUD3', 'KEGG:04151'), ('OTUD3', 'KEGG:04910'), ('OTUD3', 'KEGG:05166'), ('OTUD3', 'KEGG:04931'), ('OTUD3', 'KEGG:04150'), ('OTUD3', 'KEGG:05170'), ('OTUD3', 'KEGG:05222'), ('OTUD3', 'KEGG:05215'), ('OTUD3', 'KEGG:04722'), ('OTUD3', 'KEGG:04930'), ('OTUD3', 'KEGG:04660'), ('OTUD3', 'KEGG:05221'), ('OTUD3', 'KEGG:05163'), ('OTUD3', 'KEGG:05135'), ('OTUD3', 'KEGG:05142'), ('OTUD3', 'KEGG:05161'), ('OTUD3', 'KEGG:05160'), ('OTUD3', 'KEGG:05131'), ('OTUD3', 'KEGG:05417'), ('OTUD3', 'KEGG:04210'), ('OTUD3', 'KEGG:04920'), ('OTUD3', 'KEGG:05130'), ('OTUD3', 'KEGG:05235'), ('OTUD3', 'KEGG:05167'), ('OTUD3', 'KEGG:04668'), ('OTUD3', 'KEGG:05165'), ('OTUD3', 'KEGG:04380'), ('OTUD3', 'KEGG:05162'), ('LRCH1', 'KEGG:03082'), ('PCDH7', 'KEGG:03082'), ('TRAF3', 'KEGG:04150'), ('CPEB2', 'KEGG:04919'), ('SNX13', 'KEGG:04024'), ('SOX11', 'KEGG:05205'), ('SOX11', 'KEGG:04015'), ('SOX11', 'KEGG:04510'), ('SOX11', 'KEGG:04810'), ('SOX11', 'KEGG:04660'), ('SOX11', 'KEGG:05135'), ('SOX11', 'KEGG:05417'), ('SOX11', 'KEGG:04024'), ('SOX11', 'KEGG:04664'), ('ATXN1L', 'KEGG:04660')]",0.6495726495726496,0.41203623124062566
hsa-let-7d-5p,hsa-let-7d-5p,MicroRNA,1.0,0,1,0.222570456029578,0.2964016080007844,0.0382212421903711,0.0715085884988797,"[('BZW1', 'KEGG:04015'), ('SLCO5A1', 'KEGG:05200'), ('SLCO5A1', 'KEGG:04919'), ('SLCO5A1', 'KEGG:05224'), ('SLCO5A1', 'KEGG:01522'), ('SLCO5A1', 'KEGG:04915'), ('PGM2L1', 'KEGG:03013'), ('PARD6B', 'KEGG:04360'), ('ARFGEF3', 'KEGG:04014'), ('ARFGEF3', 'KEGG:04012'), ('ETNK2', 'KEGG:04310'), ('TRPM6', 'KEGG:03083'), ('OLR1', 'KEGG:05202'), ('PRLR', 'KEGG:04218'), ('PRLR', 'KEGG:04010'), ('PRLR', 'KEGG:04014'), ('PRLR', 'KEGG:05200'), ('PRLR', 'KEGG:04917'), ('PRLR', 'KEGG:04211'), ('PRLR', 'KEGG:05212'), ('PRLR', 'KEGG:05220'), ('PRLR', 'KEGG:04151'), ('PRLR', 'KEGG:05166'), ('PRLR', 'KEGG:04931'), ('PRLR', 'KEGG:05202'), ('PRLR', 'KEGG:05170'), ('PRLR', 'KEGG:05222'), ('PRLR', 'KEGG:05215'), ('PRLR', 'KEGG:04722'), ('PRLR', 'KEGG:04660'), ('PRLR', 'KEGG:04933'), ('PRLR', 'KEGG:05221'), ('PRLR', 'KEGG:04926'), ('PRLR', 'KEGG:05163'), ('PRLR', 'KEGG:05135'), ('PRLR', 'KEGG:05142'), ('PRLR', 'KEGG:05161'), ('PRLR', 'KEGG:05160'), ('PRLR', 'KEGG:05131'), ('PRLR', 'KEGG:05417'), ('PRLR', 'KEGG:04210'), ('PRLR', 'KEGG:04024'), ('PRLR', 'KEGG:04920'), ('PRLR', 'KEGG:04071'), ('PRLR', 'KEGG:04066'), ('PRLR', 'KEGG:05130'), ('PRLR', 'KEGG:05235'), ('PRLR', 'KEGG:05207'), ('PRLR', 'KEGG:05167'), ('PRLR', 'KEGG:04668'), ('PRLR', 'KEGG:05165'), ('PRLR', 'KEGG:05030'), ('PRLR', 'KEGG:04380'), ('PRLR', 'KEGG:05162'), ('PAX2', 'KEGG:04151'), ('PAX2', 'KEGG:05135'), ('SLC1A4', 'KEGG:04010'), ('SLC1A4', 'KEGG:04014'), ('SLC1A4', 'KEGG:04015'), ('SLC1A4', 'KEGG:04151'), ('SLC1A4', 'KEGG:05202'), ('SLC1A4', 'KEGG:04722'), ('EIF4G2', 'KEGG:04140'), ('EIF4G2', 'KEGG:05017'), ('EIF4G2', 'KEGG:04141'), ('EIF4G2', 'KEGG:05417'), ('EIF4G2', 'KEGG:04210'), ('VAV3', 'KEGG:04310'), ('CCDC71L', 'KEGG:04510'), ('CCDC71L', 'KEGG:04810'), ('CCDC71L', 'KEGG:04933'), ('CCDC71L', 'KEGG:05131'), ('MAPK1IP1L', 'KEGG:04350'), ('CPD', 'KEGG:04140'), ('CPD', 'KEGG:04150'), ('CPD', 'KEGG:05131'), ('TUSC2', 'KEGG:04144'), ('ADCY9', 'KEGG:04710'), ('FAS', 'KEGG:04218'), ('FAS', 'KEGG:04914'), ('FAS', 'KEGG:05170'), ('FAS', 'KEGG:04110'), ('FAS', 'KEGG:04114'), ('FAS', 'KEGG:04115'), ('KCNK6', 'KEGG:04360'), ('KCNK6', 'KEGG:04218'), ('KCNK6', 'KEGG:04310'), ('KCNK6', 'KEGG:05166'), ('KCNK6', 'KEGG:05170'), ('KCNK6', 'KEGG:04660'), ('KCNK6', 'KEGG:04921'), ('KCNK6', 'KEGG:05163'), ('KCNK6', 'KEGG:05135'), ('KCNK6', 'KEGG:04022'), ('KCNK6', 'KEGG:04148'), ('KCNK6', 'KEGG:05161'), ('KCNK6', 'KEGG:05417'), ('KCNK6', 'KEGG:05235'), ('KCNK6', 'KEGG:05167'), ('KCNK6', 'KEGG:04380'), ('CTPS1', 'KEGG:05017'), ('CTPS1', 'KEGG:04141'), ('NRK', 'KEGG:04010'), ('TNIK', 'KEGG:04218'), ('TNIK', 'KEGG:05200'), ('TNIK', 'KEGG:04068'), ('TNIK', 'KEGG:04151'), ('TNIK', 'KEGG:05226'), ('TNIK', 'KEGG:05166'), ('TNIK', 'KEGG:04914'), ('TNIK', 'KEGG:04110'), ('TNIK', 'KEGG:05222'), ('TNIK', 'KEGG:05215'), ('TNIK', 'KEGG:04114'), ('TNIK', 'KEGG:04115'), ('TNIK', 'KEGG:05161'), ('TNIK', 'KEGG:05160'), ('TNIK', 'KEGG:04934'), ('TNIK', 'KEGG:05165'), ('TNIK', 'KEGG:05162'), ('CACNA1E', 'KEGG:01524'), ('KCNJ11', 'KEGG:04218'), ('KCNJ11', 'KEGG:04390'), ('KCNJ11', 'KEGG:04371'), ('KCNJ11', 'KEGG:04933'), ('KCNJ11', 'KEGG:04115'), ('KCNJ11', 'KEGG:05142'), ('KCNJ11', 'KEGG:04066'), ('LIPH', 'KEGG:04360'), ('G3BP1', 'KEGG:04010'), ('G3BP1', 'KEGG:05200'), ('G3BP1', 'KEGG:04722'), ('G3BP1', 'KEGG:04713'), ('G3BP1', 'KEGG:05131'), ('G3BP1', 'KEGG:04668'), ('ZNF24', 'KEGG:05166'), ('ZNF24', 'KEGG:04914'), ('ZNF24', 'KEGG:04110'), ('ZNF24', 'KEGG:04114'), ('CPEB1', 'KEGG:04360'), ('CPEB1', 'KEGG:05205'), ('CPEB1', 'KEGG:04010'), ('CPEB1', 'KEGG:04014'), ('CPEB1', 'KEGG:05200'), ('CPEB1', 'KEGG:04015'), ('CPEB1', 'KEGG:05212'), ('CPEB1', 'KEGG:05211'), ('CPEB1', 'KEGG:04144'), ('CPEB1', 'KEGG:04510'), ('CPEB1', 'KEGG:04912'), ('CPEB1', 'KEGG:04722'), ('CPEB1', 'KEGG:04810'), ('CPEB1', 'KEGG:04660'), ('CPEB1', 'KEGG:04933'), ('CPEB1', 'KEGG:04520'), ('CPEB1', 'KEGG:05135'), ('CPEB1', 'KEGG:05131'), ('CPEB1', 'KEGG:05417'), ('CPEB1', 'KEGG:05100'), ('CPEB1', 'KEGG:05130'), ('CPEB1', 'KEGG:05165'), ('ANKRD28', 'KEGG:04360'), ('ANKRD28', 'KEGG:04310'), ('LCOR', 'KEGG:03083'), ('GRIN3A', 'KEGG:04010'), ('GRIN3A', 'KEGG:05202'), ('GRIN3A', 'KEGG:04371'), ('GRIN3A', 'KEGG:04928'), ('GRIN3A', 'KEGG:04921'), ('GRIN3A', 'KEGG:04022'), ('WASL', 'KEGG:05170'), ('MSI2', 'KEGG:05202'), ('MTUS1', 'KEGG:04931'), ('NR6A1', 'KEGG:03082'), ('SLC26A9', 'KEGG:04120')]",0.7008547008547008,0.3718213710825649
hsa-miR-7-5p,hsa-miR-7-5p,MicroRNA,1.0,0,1,0.0364908083837812,0.2538416323788731,0.031973539140022,0.0467789361133386,"[('TRMT13', 'KEGG:04218'), ('TRMT13', 'KEGG:04390'), ('TRMT13', 'KEGG:04310'), ('TRMT13', 'KEGG:05170'), ('TRMT13', 'KEGG:04340'), ('TRMT13', 'KEGG:04114'), ('TRMT13', 'KEGG:04120'), ('TRMT13', 'KEGG:04710'), ('TRMT13', 'KEGG:05131'), ('POLH', 'KEGG:05135'), ('POLH', 'KEGG:04148'), ('POLH', 'KEGG:05131'), ('POLH', 'KEGG:05100'), ('PURB', 'KEGG:04211'), ('PURB', 'KEGG:04140'), ('PURB', 'KEGG:05017'), ('FAM168B', 'KEGG:05130'), ('ODF2L', 'KEGG:05017'), ('ODF2L', 'KEGG:04710'), ('ARIH1', 'KEGG:04520'), ('ARID2', 'KEGG:01524'), ('SPOPL', 'KEGG:04211'), ('SPOPL', 'KEGG:04152'), ('SPOPL', 'KEGG:04920'), ('GMEB1', 'KEGG:03013'), ('KLF12', 'KEGG:05414'), ('KLF12', 'KEGG:05410'), ('FBXO28', 'KEGG:05165'), ('SEPTIN8', 'KEGG:05202'), ('NUDCD3', 'KEGG:05202'), ('PIAS1', 'KEGG:04141'), ('DPP8', 'KEGG:04014'), ('DPP8', 'KEGG:05200'), ('DPP8', 'KEGG:04151'), ('DPP8', 'KEGG:05170'), ('DPP8', 'KEGG:04371'), ('DPP8', 'KEGG:04725'), ('DPP8', 'KEGG:04713'), ('DPP8', 'KEGG:04926'), ('DPP8', 'KEGG:05163'), ('DPP8', 'KEGG:04724'), ('DPP8', 'KEGG:04728'), ('DPP8', 'KEGG:05032'), ('DPP8', 'KEGG:05167'), ('TADA2B', 'KEGG:05200'), ('TADA2B', 'KEGG:05212'), ('TADA2B', 'KEGG:05220'), ('TADA2B', 'KEGG:05225'), ('TADA2B', 'KEGG:05223'), ('TADA2B', 'KEGG:05210'), ('TADA2B', 'KEGG:05224'), ('TADA2B', 'KEGG:05226'), ('TADA2B', 'KEGG:05202'), ('TADA2B', 'KEGG:05170'), ('TADA2B', 'KEGG:05222'), ('TADA2B', 'KEGG:05213'), ('TADA2B', 'KEGG:05163'), ('TADA2B', 'KEGG:04141'), ('TADA2B', 'KEGG:05216'), ('TADA2B', 'KEGG:05214'), ('TADA2B', 'KEGG:05218'), ('TADA2B', 'KEGG:05160'), ('TADA2B', 'KEGG:04210'), ('TADA2B', 'KEGG:01524'), ('TADA2B', 'KEGG:05130'), ('TADA2B', 'KEGG:05217'), ('TADA2B', 'KEGG:05167'), ('TADA2B', 'KEGG:05165'), ('TADA2B', 'KEGG:05162'), ('SEC23IP', 'KEGG:03013'), ('SEC23IP', 'KEGG:05207'), ('PPIL6', 'KEGG:05161'), ('SLC25A15', 'KEGG:05202'), ('SLC25A15', 'KEGG:04934'), ('ZNF75A', 'KEGG:04144'), ('ZNF75A', 'KEGG:04350'), ('GLG1', 'KEGG:03013'), ('UBLCP1', 'KEGG:04014'), ('SSX2IP', 'KEGG:04340'), ('PRMT2', 'KEGG:05417'), ('NREP', 'KEGG:04140'), ('BACE1', 'KEGG:05205'), ('BACE1', 'KEGG:04010'), ('BACE1', 'KEGG:05200'), ('BACE1', 'KEGG:05210'), ('BACE1', 'KEGG:05170'), ('BACE1', 'KEGG:05222'), ('BACE1', 'KEGG:04933'), ('BACE1', 'KEGG:05163'), ('BACE1', 'KEGG:04115'), ('BACE1', 'KEGG:04148'), ('BACE1', 'KEGG:05161'), ('BACE1', 'KEGG:05160'), ('BACE1', 'KEGG:05417'), ('BACE1', 'KEGG:04210'), ('BACE1', 'KEGG:01524'), ('BACE1', 'KEGG:05130'), ('BACE1', 'KEGG:05167'), ('BACE1', 'KEGG:04668'), ('BACE1', 'KEGG:05165'), ('BACE1', 'KEGG:05162'), ('USP9X', 'KEGG:05225'), ('USP9X', 'KEGG:03082'), ('IGF1R', 'KEGG:05205'), ('IGF1R', 'KEGG:04010'), ('IGF1R', 'KEGG:04014'), ('IGF1R', 'KEGG:04550'), ('IGF1R', 'KEGG:05200'), ('IGF1R', 'KEGG:04068'), ('IGF1R', 'KEGG:04211'), ('IGF1R', 'KEGG:04015'), ('IGF1R', 'KEGG:04144'), ('IGF1R', 'KEGG:05225'), ('IGF1R', 'KEGG:04151'), ('IGF1R', 'KEGG:05224'), ('IGF1R', 'KEGG:04510'), ('IGF1R', 'KEGG:04152'), ('IGF1R', 'KEGG:04914'), ('IGF1R', 'KEGG:04213'), ('IGF1R', 'KEGG:04140'), ('IGF1R', 'KEGG:04150'), ('IGF1R', 'KEGG:05202'), ('IGF1R', 'KEGG:01522'), ('IGF1R', 'KEGG:05215'), ('IGF1R', 'KEGG:01521'), ('IGF1R', 'KEGG:04114'), ('IGF1R', 'KEGG:04520'), ('IGF1R', 'KEGG:04730'), ('IGF1R', 'KEGG:05214'), ('IGF1R', 'KEGG:05218'), ('IGF1R', 'KEGG:04066'), ('TIMM50', 'KEGG:03013'), ('IRS1', 'KEGG:05017'), ('MED12L', 'KEGG:04014'), ('RYK', 'KEGG:04148'), ('SCN2B', 'KEGG:04144'), ('SCN2B', 'KEGG:04120'), ('SCN2B', 'KEGG:04960'), ('RNF24', 'KEGG:04130'), ('RBFOX1', 'KEGG:05200'), ('RBFOX1', 'KEGG:05225'), ('RBFOX1', 'KEGG:01524'), ('RBFOX1', 'KEGG:05207'), ('ZBTB20', 'KEGG:05135'), ('KBTBD2', 'KEGG:04115'), ('DLGAP2', 'KEGG:04068'), ('STRN3', 'KEGG:03013'), ('STRN3', 'KEGG:05207'), ('KPNA1', 'KEGG:04120')]",0.6837606837606838,0.43731616677947693
hsa-miR-16-5p,hsa-miR-16-5p,MicroRNA,1.0,0,1,0.0857103893874682,0.2950131745876842,0.069827269386255,0.2407128933444723,"[('SLC4A8', 'KEGG:04151'), ('TMEM87B', 'KEGG:04371'), ('DCUN1D4', 'KEGG:04144'), ('PPP6R3', 'KEGG:04120'), ('UBE2W', 'KEGG:04010'), ('UBE2W', 'KEGG:04921'), ('UBE2W', 'KEGG:05414'), ('UBE2W', 'KEGG:05410'), ('POU2F1', 'KEGG:05417'), ('SOS2', 'KEGG:03083'), ('DCAF10', 'KEGG:04120'), ('ZC3H11A', 'KEGG:04550'), ('ZC3H11A', 'KEGG:03083'), ('NXPE3', 'KEGG:03082'), ('NUP50', 'KEGG:03013'), ('PARD6B', 'KEGG:04360'), ('SLC4A7', 'KEGG:03082'), ('CCDC6', 'KEGG:04010'), ('CCDC6', 'KEGG:04014'), ('CCDC6', 'KEGG:01521'), ('BICD1', 'KEGG:05165'), ('PCM1', 'KEGG:04140'), ('PCM1', 'KEGG:04141'), ('PCM1', 'KEGG:05160'), ('PCM1', 'KEGG:05417'), ('PCM1', 'KEGG:04210'), ('PCM1', 'KEGG:05162'), ('TBP', 'KEGG:04010'), ('TBP', 'KEGG:04211'), ('TBP', 'KEGG:04151'), ('TBP', 'KEGG:04935'), ('TBP', 'KEGG:05166'), ('TBP', 'KEGG:04928'), ('TBP', 'KEGG:04926'), ('TBP', 'KEGG:05163'), ('TBP', 'KEGG:04022'), ('TBP', 'KEGG:05161'), ('TBP', 'KEGG:04934'), ('TBP', 'KEGG:04728'), ('TBP', 'KEGG:04915'), ('TBP', 'KEGG:05207'), ('TBP', 'KEGG:04911'), ('TBP', 'KEGG:04668'), ('TBP', 'KEGG:05030'), ('TNIK', 'KEGG:04218'), ('TNIK', 'KEGG:05200'), ('TNIK', 'KEGG:04068'), ('TNIK', 'KEGG:04151'), ('TNIK', 'KEGG:05226'), ('TNIK', 'KEGG:05166'), ('TNIK', 'KEGG:04914'), ('TNIK', 'KEGG:04110'), ('TNIK', 'KEGG:05222'), ('TNIK', 'KEGG:05215'), ('TNIK', 'KEGG:04114'), ('TNIK', 'KEGG:04115'), ('TNIK', 'KEGG:05161'), ('TNIK', 'KEGG:05160'), ('TNIK', 'KEGG:04934'), ('TNIK', 'KEGG:05165'), ('TNIK', 'KEGG:05162'), ('ZBTB44', 'KEGG:04340'), ('GOLGA1', 'KEGG:04010'), ('GOLGA1', 'KEGG:04148'), ('AMMECR1L', 'KEGG:04014'), ('AMMECR1L', 'KEGG:04144'), ('AMMECR1L', 'KEGG:05135'), ('AMMECR1L', 'KEGG:05131'), ('AMMECR1L', 'KEGG:05130'), ('BAG5', 'KEGG:04929'), ('HECTD4', 'KEGG:03013'), ('WAPL', 'KEGG:05205'), ('WAPL', 'KEGG:04010'), ('WAPL', 'KEGG:04014'), ('WAPL', 'KEGG:04550'), ('WAPL', 'KEGG:05200'), ('WAPL', 'KEGG:04068'), ('WAPL', 'KEGG:04211'), ('WAPL', 'KEGG:04015'), ('WAPL', 'KEGG:04151'), ('WAPL', 'KEGG:05224'), ('WAPL', 'KEGG:04510'), ('WAPL', 'KEGG:04935'), ('WAPL', 'KEGG:04152'), ('WAPL', 'KEGG:04914'), ('WAPL', 'KEGG:04213'), ('WAPL', 'KEGG:04150'), ('WAPL', 'KEGG:05202'), ('WAPL', 'KEGG:01522'), ('WAPL', 'KEGG:05215'), ('WAPL', 'KEGG:01521'), ('WAPL', 'KEGG:04114'), ('WAPL', 'KEGG:04730'), ('WAPL', 'KEGG:04115'), ('WAPL', 'KEGG:04960'), ('WAPL', 'KEGG:05214'), ('WAPL', 'KEGG:05218'), ('WAPL', 'KEGG:04750'), ('WAPL', 'KEGG:05414'), ('WAPL', 'KEGG:04066'), ('WAPL', 'KEGG:05410'), ('WDR47', 'KEGG:04141'), ('MTMR11', 'KEGG:05205'), ('MTMR11', 'KEGG:05202'), ('GNA13', 'KEGG:05200'), ('GNA13', 'KEGG:05220'), ('GNA13', 'KEGG:04310'), ('IPPK', 'KEGG:04144'), ('SRPK1', 'KEGG:05225'), ('SRPK1', 'KEGG:03082'), ('ACVR2A', 'KEGG:04810'), ('ATP10B', 'KEGG:05200'), ('ATP10B', 'KEGG:04211'), ('ATP10B', 'KEGG:05210'), ('ATP10B', 'KEGG:04920'), ('ZNRF3', 'KEGG:04310'), ('ABI2', 'KEGG:04810'), ('PLXNB1', 'KEGG:04910'), ('DCTN5', 'KEGG:05017'), ('DCAF5', 'KEGG:04141'), ('ETV1', 'KEGG:05202'), ('SEL1L3', 'KEGG:03013'), ('FBXL20', 'KEGG:04068'), ('FBXL20', 'KEGG:04151'), ('FBXL20', 'KEGG:04910'), ('FBXL20', 'KEGG:04152'), ('FBXL20', 'KEGG:04931'), ('FBXL20', 'KEGG:04920'), ('IPO7', 'KEGG:05200'), ('ZBTB20', 'KEGG:05135'), ('MBD1', 'KEGG:04921'), ('MBD1', 'KEGG:04713'), ('MBD1', 'KEGG:04730'), ('MBD1', 'KEGG:04022'), ('MBD1', 'KEGG:04611'), ('MBD1', 'KEGG:04924'), ('BDNF', 'KEGG:04130'), ('POLR1A', 'KEGG:04724'), ('ARL10', 'KEGG:04120'), ('ARL10', 'KEGG:04141'), ('RGP1', 'KEGG:04360'), ('PTCH1', 'KEGG:04360'), ('PTCH1', 'KEGG:05017'), ('UBE2J1', 'KEGG:05162'), ('SUSD6', 'KEGG:05414'), ('SUSD6', 'KEGG:05410'), ('ANGEL1', 'KEGG:04144'), ('RNF43', 'KEGG:04152'), ('RNF43', 'KEGG:04931'), ('RNF43', 'KEGG:04148'), ('RNF43', 'KEGG:04920'), ('VAPB', 'KEGG:04071'), ('TGIF2', 'KEGG:04140'), ('SHROOM3', 'KEGG:03082'), ('TLE4', 'KEGG:05017'), ('TMCC1', 'KEGG:04152'), ('TMCC1', 'KEGG:04066')]",0.7094017094017094,0.43441161762805214
hsa-miR-542-3p,hsa-miR-542-3p,MicroRNA,1.0,0,1,0.0021185340499555,0.124010337613324,0.0018375597206909,0.0,"[('TLN2', 'KEGG:04917')]",0.008547008547008548,0.48899477052334606
hsa-miR-424-5p,hsa-miR-424-5p,MicroRNA,1.0,0,1,0.0057965371515674,0.135433000313606,0.0062477030503491,0.1323529411764706,"[('CYGB', 'KEGG:04071'), ('XKR4', 'KEGG:04144'), ('AKAP12', 'KEGG:05205'), ('ANO3', 'KEGG:04144'), ('ADRB2', 'KEGG:05017'), ('PLXNA4', 'KEGG:04360'), ('COL12A1', 'KEGG:04152'), ('COL12A1', 'KEGG:04150'), ('HAS2', 'KEGG:04310'), ('HAS2', 'KEGG:04722'), ('HAS2', 'KEGG:05165')]",0.08547008547008547,0.4025072156117116
hsa-miR-181a-5p,hsa-miR-181a-5p,MicroRNA,1.0,0,1,0.0019455675401713,0.1592309718198578,0.00404263138552,0.7454545454545455,"[('CALM1', 'KEGG:05130'), ('FLT1', 'KEGG:04148')]",0.017094017094017096,0.36227466718627
hsa-miR-132-3p,hsa-miR-132-3p,MicroRNA,1.0,0,1,0.0015747537058101,0.1353723523353186,0.0025725836089672,0.0952380952380952,"[('CFL2', 'KEGG:04360'), ('CFL2', 'KEGG:05170'), ('CFL2', 'KEGG:04810')]",0.02564102564102564,0.5535515153943272
hsa-miR-135a-5p,hsa-miR-135a-5p,MicroRNA,1.0,0,1,0.003893919967942,0.136115989013463,0.0051451672179345,0.2967032967032967,"[('GLYCTK', 'KEGG:04141'), ('ASPH', 'KEGG:04070'), ('ANGPTL2', 'KEGG:04931'), ('ANGPTL2', 'KEGG:04371'), ('ANGPTL2', 'KEGG:04930'), ('ANGPTL2', 'KEGG:04933'), ('ANGPTL2', 'KEGG:04022'), ('ANGPTL2', 'KEGG:05131'), ('ANGPTL2', 'KEGG:04750'), ('ANGPTL2', 'KEGG:04071'), ('HOXA10', 'KEGG:04014'), ('TBX4', 'KEGG:04010'), ('TBX4', 'KEGG:04935'), ('TBX4', 'KEGG:05166'), ('TBX4', 'KEGG:04912'), ('TBX4', 'KEGG:04722'), ('TBX4', 'KEGG:04120'), ('TBX4', 'KEGG:05161')]",0.15384615384615385,0.42258223280943225
hsa-miR-335-5p,hsa-miR-335-5p,MicroRNA,1.0,0,1,0.0024464639855692,0.236597010252798,0.00404263138552,0.109090909090909,"[('GSTO2', 'KEGG:04310'), ('RBFOX2', 'KEGG:04141')]",0.017094017094017096,0.3401902698365735
hsa-miR-144-3p,hsa-miR-144-3p,MicroRNA,1.0,0,1,0.0071654461078508,0.2411262662518944,0.0117603822124219,0.1673387096774193,"[('TNKS2', 'KEGG:05200'), ('TNKS2', 'KEGG:04340'), ('TNKS2', 'KEGG:04024'), ('TNKS2', 'KEGG:05217'), ('FMR1', 'KEGG:04120'), ('TP53INP1', 'KEGG:05200'), ('TP53INP1', 'KEGG:05212'), ('TP53INP1', 'KEGG:05220'), ('TP53INP1', 'KEGG:05225'), ('TP53INP1', 'KEGG:05223'), ('TP53INP1', 'KEGG:05210'), ('TP53INP1', 'KEGG:05224'), ('TP53INP1', 'KEGG:05226'), ('TP53INP1', 'KEGG:05202'), ('TP53INP1', 'KEGG:05222'), ('TP53INP1', 'KEGG:05213'), ('TP53INP1', 'KEGG:05216'), ('TP53INP1', 'KEGG:05214'), ('TP53INP1', 'KEGG:05218'), ('TP53INP1', 'KEGG:05217'), ('KMT2E', 'KEGG:04550'), ('KMT2E', 'KEGG:04350'), ('CUL3', 'KEGG:04340'), ('CUL3', 'KEGG:04120'), ('VANGL1', 'KEGG:04310'), ('ZBTB20', 'KEGG:05135'), ('ZNF507', 'KEGG:04010'), ('ZNF507', 'KEGG:04014'), ('ZNF507', 'KEGG:05200'), ('ZNF507', 'KEGG:05212'), ('ZNF507', 'KEGG:05211'), ('ZNF507', 'KEGG:05225'), ('ZNF507', 'KEGG:04012'), ('ZNF507', 'KEGG:05223'), ('ZNF507', 'KEGG:05210'), ('ZNF507', 'KEGG:04151'), ('ZNF507', 'KEGG:05215'), ('ZNF507', 'KEGG:01521'), ('ZNF507', 'KEGG:05214'), ('ZNF507', 'KEGG:04915'), ('H2AZ2', 'KEGG:05131'), ('PANK1', 'KEGG:05200'), ('PANK1', 'KEGG:05211'), ('PANK1', 'KEGG:04066'), ('IRS1', 'KEGG:05017')]",0.28205128205128205,0.42034520562238
hsa-miR-184,hsa-miR-184,MicroRNA,1.0,0,1,0.0,0.132709952148909,0.0003675119441381,,[],0.0,0.0
hsa-let-7e-5p,hsa-let-7e-5p,MicroRNA,1.0,0,1,0.0220725702858654,0.2466748266013871,0.0165380374862183,0.0747474747474747,"[('RPUSD2', 'KEGG:04151'), ('RPUSD2', 'KEGG:04510'), ('RPUSD2', 'KEGG:05165'), ('ETNK2', 'KEGG:04310'), ('KCNJ11', 'KEGG:04218'), ('KCNJ11', 'KEGG:04390'), ('KCNJ11', 'KEGG:04371'), ('KCNJ11', 'KEGG:04933'), ('KCNJ11', 'KEGG:04115'), ('KCNJ11', 'KEGG:05142'), ('KCNJ11', 'KEGG:04066'), ('RAB40C', 'KEGG:04971'), ('PAX2', 'KEGG:04151'), ('PAX2', 'KEGG:05135'), ('DDX19B', 'KEGG:04144'), ('EIF2B2', 'KEGG:04144'), ('EIF2B2', 'KEGG:05223'), ('EIF2B2', 'KEGG:04728'), ('PIAS4', 'KEGG:04914'), ('PIAS4', 'KEGG:04114'), ('STEAP3', 'KEGG:04725'), ('STEAP3', 'KEGG:04921'), ('STEAP3', 'KEGG:04713'), ('STEAP3', 'KEGG:04724'), ('STEAP3', 'KEGG:04929'), ('STEAP3', 'KEGG:04728'), ('STEAP3', 'KEGG:05032'), ('STEAP3', 'KEGG:04915'), ('ZNF282', 'KEGG:04140'), ('ZNF282', 'KEGG:04130'), ('ZNF282', 'KEGG:04611'), ('TUSC2', 'KEGG:04144'), ('BIN3', 'KEGG:04360'), ('BIN3', 'KEGG:05205'), ('BIN3', 'KEGG:04550'), ('BIN3', 'KEGG:05200'), ('BIN3', 'KEGG:05225'), ('BIN3', 'KEGG:04919'), ('BIN3', 'KEGG:04390'), ('BIN3', 'KEGG:04310'), ('BIN3', 'KEGG:05224'), ('BIN3', 'KEGG:05226'), ('BIN3', 'KEGG:04150'), ('BIN3', 'KEGG:04934'), ('BIN3', 'KEGG:04916'), ('BIN3', 'KEGG:05217'), ('BIN3', 'KEGG:05165'), ('VAV3', 'KEGG:04310')]",0.3418803418803419,0.34965006326123976
hsa-miR-107,hsa-miR-107,MicroRNA,1.0,0,1,0.0928387925526539,0.2965179009318293,0.0621095185593531,0.0983375598760214,"[('ST13', 'KEGG:05131'), ('ST13', 'KEGG:05100'), ('EIF1AX', 'KEGG:04218'), ('EIF1AX', 'KEGG:04010'), ('EIF1AX', 'KEGG:05200'), ('EIF1AX', 'KEGG:04068'), ('EIF1AX', 'KEGG:05212'), ('EIF1AX', 'KEGG:05220'), ('EIF1AX', 'KEGG:04144'), ('EIF1AX', 'KEGG:05225'), ('EIF1AX', 'KEGG:04390'), ('EIF1AX', 'KEGG:05210'), ('EIF1AX', 'KEGG:05226'), ('EIF1AX', 'KEGG:05166'), ('EIF1AX', 'KEGG:04350'), ('EIF1AX', 'KEGG:04371'), ('EIF1AX', 'KEGG:04933'), ('EIF1AX', 'KEGG:04926'), ('EIF1AX', 'KEGG:04520'), ('EIF1AX', 'KEGG:05142'), ('EIF1AX', 'KEGG:05161'), ('EIF1AX', 'KEGG:04380'), ('NSG1', 'KEGG:04010'), ('PAIP2B', 'KEGG:04144'), ('AJUBA', 'KEGG:04141'), ('KCNC4', 'KEGG:04022'), ('KCNC4', 'KEGG:04024'), ('SF1', 'KEGG:04144'), ('PLEKHA7', 'KEGG:04360'), ('PLEKHA7', 'KEGG:04550'), ('PLEKHA7', 'KEGG:05200'), ('PLEKHA7', 'KEGG:04917'), ('PLEKHA7', 'KEGG:05225'), ('PLEKHA7', 'KEGG:04012'), ('PLEKHA7', 'KEGG:04919'), ('PLEKHA7', 'KEGG:04390'), ('PLEKHA7', 'KEGG:05210'), ('PLEKHA7', 'KEGG:04310'), ('PLEKHA7', 'KEGG:04151'), ('PLEKHA7', 'KEGG:05224'), ('PLEKHA7', 'KEGG:04910'), ('PLEKHA7', 'KEGG:05226'), ('PLEKHA7', 'KEGG:04510'), ('PLEKHA7', 'KEGG:04935'), ('PLEKHA7', 'KEGG:04931'), ('PLEKHA7', 'KEGG:04150'), ('PLEKHA7', 'KEGG:04110'), ('PLEKHA7', 'KEGG:05215'), ('PLEKHA7', 'KEGG:04722'), ('PLEKHA7', 'KEGG:01521'), ('PLEKHA7', 'KEGG:05213'), ('PLEKHA7', 'KEGG:04660'), ('PLEKHA7', 'KEGG:04340'), ('PLEKHA7', 'KEGG:05163'), ('PLEKHA7', 'KEGG:05135'), ('PLEKHA7', 'KEGG:05160'), ('PLEKHA7', 'KEGG:05131'), ('PLEKHA7', 'KEGG:05417'), ('PLEKHA7', 'KEGG:04934'), ('PLEKHA7', 'KEGG:04728'), ('PLEKHA7', 'KEGG:04916'), ('PLEKHA7', 'KEGG:05217'), ('PLEKHA7', 'KEGG:05167'), ('PLEKHA7', 'KEGG:05165'), ('PLEKHA7', 'KEGG:05162'), ('SETD1B', 'KEGG:03013'), ('ATXN7L1', 'KEGG:05202'), ('MIGA1', 'KEGG:04340'), ('PURB', 'KEGG:04211'), ('PURB', 'KEGG:04140'), ('PURB', 'KEGG:05017'), ('COPZ1', 'KEGG:04141'), ('COPZ1', 'KEGG:05417'), ('MSI2', 'KEGG:05202'), ('GALNTL6', 'KEGG:04510'), ('BDNF', 'KEGG:04130'), ('ELP1', 'KEGG:05200'), ('ELP1', 'KEGG:05225'), ('ELP1', 'KEGG:04310'), ('ELP1', 'KEGG:05224'), ('ELP1', 'KEGG:05226'), ('ELP1', 'KEGG:04150'), ('ELP1', 'KEGG:04928'), ('GRAMD2A', 'KEGG:04390'), ('MAPK8', 'KEGG:04010'), ('MAPK8', 'KEGG:04014'), ('MAPK8', 'KEGG:05200'), ('MAPK8', 'KEGG:04068'), ('MAPK8', 'KEGG:04917'), ('MAPK8', 'KEGG:05212'), ('MAPK8', 'KEGG:04012'), ('MAPK8', 'KEGG:05210'), ('MAPK8', 'KEGG:04310'), ('MAPK8', 'KEGG:04910'), ('MAPK8', 'KEGG:04510'), ('MAPK8', 'KEGG:04935'), ('MAPK8', 'KEGG:05166'), ('MAPK8', 'KEGG:04914'), ('MAPK8', 'KEGG:04931'), ('MAPK8', 'KEGG:04140'), ('MAPK8', 'KEGG:01522'), ('MAPK8', 'KEGG:05170'), ('MAPK8', 'KEGG:04912'), ('MAPK8', 'KEGG:04722'), ('MAPK8', 'KEGG:05017'), ('MAPK8', 'KEGG:04930'), ('MAPK8', 'KEGG:04660'), ('MAPK8', 'KEGG:04933'), ('MAPK8', 'KEGG:04926'), ('MAPK8', 'KEGG:04141'), ('MAPK8', 'KEGG:05135'), ('MAPK8', 'KEGG:05142'), ('MAPK8', 'KEGG:05161'), ('MAPK8', 'KEGG:05131'), ('MAPK8', 'KEGG:05417'), ('MAPK8', 'KEGG:04210'), ('MAPK8', 'KEGG:04750'), ('MAPK8', 'KEGG:04728'), ('MAPK8', 'KEGG:04024'), ('MAPK8', 'KEGG:04920'), ('MAPK8', 'KEGG:04071'), ('MAPK8', 'KEGG:04664'), ('MAPK8', 'KEGG:05130'), ('MAPK8', 'KEGG:05167'), ('MAPK8', 'KEGG:04668'), ('MAPK8', 'KEGG:04380'), ('MAPK8', 'KEGG:05162'), ('FAM81A', 'KEGG:04919'), ('HMGN2', 'KEGG:05130'), ('TFCP2L1', 'KEGG:04151'), ('TFCP2L1', 'KEGG:04152'), ('TFCP2L1', 'KEGG:04110'), ('TFCP2L1', 'KEGG:04660'), ('TFCP2L1', 'KEGG:04114'), ('TFCP2L1', 'KEGG:04728'), ('TFCP2L1', 'KEGG:04071'), ('TFCP2L1', 'KEGG:05165'), ('ABI2', 'KEGG:04810'), ('BCL9L', 'KEGG:05017'), ('BCL9L', 'KEGG:05417'), ('AVL9', 'KEGG:04360'), ('TLE4', 'KEGG:05017'), ('SUFU', 'KEGG:05166'), ('SUFU', 'KEGG:04371'), ('SUFU', 'KEGG:04912'), ('SUFU', 'KEGG:04933'), ('SUFU', 'KEGG:04928'), ('FOXJ3', 'KEGG:05017'), ('PRPF4B', 'KEGG:04130'), ('LCOR', 'KEGG:03083'), ('MRPS23', 'KEGG:05130'), ('FAM168B', 'KEGG:05130'), ('MYNN', 'KEGG:03082'), ('CCDC6', 'KEGG:04010'), ('CCDC6', 'KEGG:04014'), ('CCDC6', 'KEGG:01521'), ('SALL1', 'KEGG:04390'), ('RBAK', 'KEGG:05131'), ('RBAK', 'KEGG:05100'), ('FLOT2', 'KEGG:05200'), ('FLOT2', 'KEGG:05223'), ('FLOT2', 'KEGG:05226'), ('FLOT2', 'KEGG:05222'), ('ICE1', 'KEGG:04360'), ('ICE1', 'KEGG:04218'), ('ICE1', 'KEGG:04010'), ('ICE1', 'KEGG:04310'), ('ICE1', 'KEGG:05166'), ('ICE1', 'KEGG:05170'), ('ICE1', 'KEGG:04660'), ('ICE1', 'KEGG:04114'), ('ICE1', 'KEGG:04921'), ('ICE1', 'KEGG:05163'), ('ICE1', 'KEGG:04022'), ('ICE1', 'KEGG:04724'), ('ICE1', 'KEGG:05417'), ('ICE1', 'KEGG:04924'), ('ICE1', 'KEGG:05235'), ('ICE1', 'KEGG:05167'), ('ICE1', 'KEGG:04380'), ('FAF2', 'KEGG:04130'), ('RPGRIP1L', 'KEGG:04931'), ('TSHZ2', 'KEGG:04725'), ('TSHZ2', 'KEGG:04810'), ('PSMF1', 'KEGG:04371'), ('PSMF1', 'KEGG:04713'), ('PSMF1', 'KEGG:04926'), ('PSMF1', 'KEGG:04730'), ('PSMF1', 'KEGG:05414'), ('PSMF1', 'KEGG:05410'), ('NUP50', 'KEGG:03013'), ('G3BP2', 'KEGG:05205'), ('G3BP2', 'KEGG:04510'), ('G3BP2', 'KEGG:04810'), ('G3BP2', 'KEGG:04921'), ('G3BP2', 'KEGG:04022'), ('G3BP2', 'KEGG:04611'), ('G3BP2', 'KEGG:04024'), ('ARHGAP5', 'KEGG:03082'), ('MAPK1IP1L', 'KEGG:04350'), ('THOC2', 'KEGG:04144'), ('RNF152', 'KEGG:04360'), ('ZBTB10', 'KEGG:05205'), ('ZBTB10', 'KEGG:04014'), ('ZBTB10', 'KEGG:05211'), ('ZBTB10', 'KEGG:05225'), ('ZBTB10', 'KEGG:04012'), ('ZBTB10', 'KEGG:05226'), ('ZBTB10', 'KEGG:04722'), ('ZBTB10', 'KEGG:01521'), ('ZBTB10', 'KEGG:05100'), ('PPIP5K2', 'KEGG:04070'), ('NFATC2', 'KEGG:04144'), ('SUSD6', 'KEGG:05414'), ('SUSD6', 'KEGG:05410')]",0.8205128205128205,0.3962568511374026
hsa-miR-501-3p,hsa-miR-501-3p,MicroRNA,1.0,0,1,0.0101916053569929,0.2395214325330797,0.0117603822124219,0.0544354838709677,"[('ABI2', 'KEGG:04810'), ('ARIH1', 'KEGG:04520'), ('AMOTL1', 'KEGG:03083'), ('UCHL5', 'KEGG:04014'), ('RPRD1B', 'KEGG:04141'), ('TMEM248', 'KEGG:04917'), ('ZMYM4', 'KEGG:05017'), ('SNX13', 'KEGG:04024'), ('MYNN', 'KEGG:03082'), ('GNAQ', 'KEGG:04148')]",0.08547008547008547,0.38090380982174965
hsa-miR-425-5p,hsa-miR-425-5p,MicroRNA,1.0,0,1,0.0035311732480945,0.2444013258953836,0.0066152149944873,0.1176470588235294,"[('IFFO2', 'KEGG:04310'), ('IFFO2', 'KEGG:03013'), ('EPN2', 'KEGG:04510'), ('EPN2', 'KEGG:04371'), ('EPN2', 'KEGG:04810'), ('EPN2', 'KEGG:04921'), ('EPN2', 'KEGG:04022'), ('EPN2', 'KEGG:04971'), ('EPN2', 'KEGG:04611'), ('PHIP', 'KEGG:04371'), ('PHIP', 'KEGG:04928'), ('PHIP', 'KEGG:04022'), ('XPO4', 'KEGG:04210'), ('XPO4', 'KEGG:04668')]",0.10256410256410256,0.4722835955899035
hsa-let-7c-5p,hsa-let-7c-5p,MicroRNA,1.0,0,1,0.0114776555570097,0.1602268511157046,0.0117603822124219,0.6169354838709677,"[('FZD4', 'KEGG:05205'), ('FZD4', 'KEGG:04550'), ('FZD4', 'KEGG:05200'), ('FZD4', 'KEGG:05225'), ('FZD4', 'KEGG:04390'), ('FZD4', 'KEGG:04310'), ('FZD4', 'KEGG:05224'), ('FZD4', 'KEGG:05226'), ('FZD4', 'KEGG:04150'), ('FZD4', 'KEGG:04934'), ('FZD4', 'KEGG:04916'), ('FZD4', 'KEGG:05217'), ('FZD4', 'KEGG:05165'), ('ALPK3', 'KEGG:04144'), ('SMIM3', 'KEGG:04140'), ('CFL2', 'KEGG:04360'), ('CFL2', 'KEGG:05170'), ('CFL2', 'KEGG:04810'), ('PARM1', 'KEGG:05202'), ('IGF1', 'KEGG:04151'), ('IGF1', 'KEGG:04510'), ('IGF1', 'KEGG:04810'), ('IGF1', 'KEGG:05414'), ('IGF1', 'KEGG:05410'), ('IGF1', 'KEGG:05165'), ('ANGPTL2', 'KEGG:04931'), ('ANGPTL2', 'KEGG:04371'), ('ANGPTL2', 'KEGG:04930'), ('ANGPTL2', 'KEGG:04933'), ('ANGPTL2', 'KEGG:04022'), ('ANGPTL2', 'KEGG:05131'), ('ANGPTL2', 'KEGG:04750'), ('ANGPTL2', 'KEGG:04071'), ('DCUN1D3', 'KEGG:04120'), ('SCD', 'KEGG:03082'), ('XKR4', 'KEGG:04144')]",0.28205128205128205,0.4166463540782659
hsa-miR-106a-5p,hsa-miR-106a-5p,MicroRNA,1.0,0,1,0.0700838650258411,0.2878773450147605,0.0848952590959206,0.5308865047995482,"[('PGM2L1', 'KEGG:03013'), ('TVP23B', 'KEGG:05200'), ('TVP23B', 'KEGG:04151'), ('TVP23B', 'KEGG:04510'), ('TVP23B', 'KEGG:05222'), ('TVP23B', 'KEGG:05165'), ('C2orf69', 'KEGG:04141'), ('XIAP', 'KEGG:04010'), ('XIAP', 'KEGG:04148'), ('SMAD5', 'KEGG:04144'), ('SMAD5', 'KEGG:04934'), ('KDM6B', 'KEGG:04360'), ('KDM6B', 'KEGG:04350'), ('PURB', 'KEGG:04211'), ('PURB', 'KEGG:04140'), ('PURB', 'KEGG:05017'), ('NTN4', 'KEGG:03082'), ('C16orf72', 'KEGG:05202'), ('CHIC1', 'KEGG:04141'), ('ZBTB41', 'KEGG:03083'), ('KPNA5', 'KEGG:04141'), ('AGO3', 'KEGG:04928'), ('RLIM', 'KEGG:04810'), ('RLIM', 'KEGG:04070'), ('LCOR', 'KEGG:03083'), ('SMIM14', 'KEGG:04310'), ('SMIM14', 'KEGG:04928'), ('KIAA0232', 'KEGG:04360'), ('KIAA0232', 'KEGG:05205'), ('KIAA0232', 'KEGG:04218'), ('KIAA0232', 'KEGG:04014'), ('KIAA0232', 'KEGG:04550'), ('KIAA0232', 'KEGG:05200'), ('KIAA0232', 'KEGG:04068'), ('KIAA0232', 'KEGG:04917'), ('KIAA0232', 'KEGG:04211'), ('KIAA0232', 'KEGG:04015'), ('KIAA0232', 'KEGG:05212'), ('KIAA0232', 'KEGG:05220'), ('KIAA0232', 'KEGG:05211'), ('KIAA0232', 'KEGG:05225'), ('KIAA0232', 'KEGG:04012'), ('KIAA0232', 'KEGG:04919'), ('KIAA0232', 'KEGG:05223'), ('KIAA0232', 'KEGG:05210'), ('KIAA0232', 'KEGG:04151'), ('KIAA0232', 'KEGG:05224'), ('KIAA0232', 'KEGG:04910'), ('KIAA0232', 'KEGG:05226'), ('KIAA0232', 'KEGG:04510'), ('KIAA0232', 'KEGG:04935'), ('KIAA0232', 'KEGG:04152'), ('KIAA0232', 'KEGG:05166'), ('KIAA0232', 'KEGG:04914'), ('KIAA0232', 'KEGG:04213'), ('KIAA0232', 'KEGG:04931'), ('KIAA0232', 'KEGG:04140'), ('KIAA0232', 'KEGG:04150'), ('KIAA0232', 'KEGG:01522'), ('KIAA0232', 'KEGG:05170'), ('KIAA0232', 'KEGG:05222'), ('KIAA0232', 'KEGG:05215'), ('KIAA0232', 'KEGG:04725'), ('KIAA0232', 'KEGG:04722'), ('KIAA0232', 'KEGG:01521'), ('KIAA0232', 'KEGG:04810'), ('KIAA0232', 'KEGG:05017'), ('KIAA0232', 'KEGG:05213'), ('KIAA0232', 'KEGG:04930'), ('KIAA0232', 'KEGG:04660'), ('KIAA0232', 'KEGG:04933'), ('KIAA0232', 'KEGG:05221'), ('KIAA0232', 'KEGG:04926'), ('KIAA0232', 'KEGG:05163'), ('KIAA0232', 'KEGG:05135'), ('KIAA0232', 'KEGG:04960'), ('KIAA0232', 'KEGG:05214'), ('KIAA0232', 'KEGG:05142'), ('KIAA0232', 'KEGG:05161'), ('KIAA0232', 'KEGG:05218'), ('KIAA0232', 'KEGG:05160'), ('KIAA0232', 'KEGG:04929'), ('KIAA0232', 'KEGG:05131'), ('KIAA0232', 'KEGG:05417'), ('KIAA0232', 'KEGG:04210'), ('KIAA0232', 'KEGG:04611'), ('KIAA0232', 'KEGG:04750'), ('KIAA0232', 'KEGG:01524'), ('KIAA0232', 'KEGG:04024'), ('KIAA0232', 'KEGG:04923'), ('KIAA0232', 'KEGG:04915'), ('KIAA0232', 'KEGG:04071'), ('KIAA0232', 'KEGG:04066'), ('KIAA0232', 'KEGG:05100'), ('KIAA0232', 'KEGG:04664'), ('KIAA0232', 'KEGG:05235'), ('KIAA0232', 'KEGG:05207'), ('KIAA0232', 'KEGG:05167'), ('KIAA0232', 'KEGG:04668'), ('KIAA0232', 'KEGG:04070'), ('KIAA0232', 'KEGG:05165'), ('KIAA0232', 'KEGG:04380'), ('KIAA0232', 'KEGG:05162'), ('ZFYVE16', 'KEGG:05100'), ('UBE2W', 'KEGG:04010'), ('UBE2W', 'KEGG:04921'), ('UBE2W', 'KEGG:05414'), ('UBE2W', 'KEGG:05410'), ('ATE1', 'KEGG:03013'), ('KLHL28', 'KEGG:04141'), ('G3BP1', 'KEGG:04010'), ('G3BP1', 'KEGG:05200'), ('G3BP1', 'KEGG:04722'), ('G3BP1', 'KEGG:04713'), ('G3BP1', 'KEGG:05131'), ('G3BP1', 'KEGG:04668'), ('ARL5A', 'KEGG:04911'), ('PHC3', 'KEGG:05200'), ('PHC3', 'KEGG:04340'), ('PHC3', 'KEGG:04024'), ('PHC3', 'KEGG:05217'), ('TP53INP1', 'KEGG:05200'), ('TP53INP1', 'KEGG:05212'), ('TP53INP1', 'KEGG:05220'), ('TP53INP1', 'KEGG:05225'), ('TP53INP1', 'KEGG:05223'), ('TP53INP1', 'KEGG:05210'), ('TP53INP1', 'KEGG:05224'), ('TP53INP1', 'KEGG:05226'), ('TP53INP1', 'KEGG:05202'), ('TP53INP1', 'KEGG:05222'), ('TP53INP1', 'KEGG:05213'), ('TP53INP1', 'KEGG:05216'), ('TP53INP1', 'KEGG:05214'), ('TP53INP1', 'KEGG:05218'), ('TP53INP1', 'KEGG:05217'), ('TBCEL', 'KEGG:04148'), ('MTF1', 'KEGG:04148'), ('TNKS2', 'KEGG:05200'), ('TNKS2', 'KEGG:04340'), ('TNKS2', 'KEGG:04024'), ('TNKS2', 'KEGG:05217'), ('FAM199X', 'KEGG:04724'), ('PARP6', 'KEGG:05162'), ('ARHGAP12', 'KEGG:04068'), ('ARHGAP12', 'KEGG:04148'), ('ARHGAP12', 'KEGG:04071'), ('NCKAP5', 'KEGG:04310'), ('NCKAP5', 'KEGG:04520'), ('NCKAP5', 'KEGG:05235'), ('NCKAP5', 'KEGG:05162'), ('KLHL15', 'KEGG:04070'), ('RAPGEF5', 'KEGG:04144'), ('RAPGEF5', 'KEGG:04810'), ('RAPGEF5', 'KEGG:04520'), ('RAPGEF5', 'KEGG:05135'), ('RAPGEF5', 'KEGG:05131'), ('RAPGEF5', 'KEGG:05100'), ('RAPGEF5', 'KEGG:05130'), ('UEVLD', 'KEGG:04360'), ('UEVLD', 'KEGG:05205'), ('UEVLD', 'KEGG:04218'), ('UEVLD', 'KEGG:04014'), ('UEVLD', 'KEGG:04550'), ('UEVLD', 'KEGG:05200'), ('UEVLD', 'KEGG:04068'), ('UEVLD', 'KEGG:04917'), ('UEVLD', 'KEGG:04211'), ('UEVLD', 'KEGG:04015'), ('UEVLD', 'KEGG:05212'), ('UEVLD', 'KEGG:05220'), ('UEVLD', 'KEGG:05211'), ('UEVLD', 'KEGG:05225'), ('UEVLD', 'KEGG:04012'), ('UEVLD', 'KEGG:04919'), ('UEVLD', 'KEGG:05223'), ('UEVLD', 'KEGG:05210'), ('UEVLD', 'KEGG:04151'), ('UEVLD', 'KEGG:05224'), ('UEVLD', 'KEGG:04910'), ('UEVLD', 'KEGG:05226'), ('UEVLD', 'KEGG:04510'), ('UEVLD', 'KEGG:04935'), ('UEVLD', 'KEGG:04152'), ('UEVLD', 'KEGG:05166'), ('UEVLD', 'KEGG:04914'), ('UEVLD', 'KEGG:04213'), ('UEVLD', 'KEGG:04931'), ('UEVLD', 'KEGG:04140'), ('UEVLD', 'KEGG:04150'), ('UEVLD', 'KEGG:01522'), ('UEVLD', 'KEGG:05170'), ('UEVLD', 'KEGG:05222'), ('UEVLD', 'KEGG:05215'), ('UEVLD', 'KEGG:04725'), ('UEVLD', 'KEGG:04722'), ('UEVLD', 'KEGG:01521'), ('UEVLD', 'KEGG:04810'), ('UEVLD', 'KEGG:05017'), ('UEVLD', 'KEGG:05213'), ('UEVLD', 'KEGG:04930'), ('UEVLD', 'KEGG:04660'), ('UEVLD', 'KEGG:04933'), ('UEVLD', 'KEGG:05221'), ('UEVLD', 'KEGG:04926'), ('UEVLD', 'KEGG:05163'), ('UEVLD', 'KEGG:05135'), ('UEVLD', 'KEGG:04960'), ('UEVLD', 'KEGG:05214'), ('UEVLD', 'KEGG:05142'), ('UEVLD', 'KEGG:05161'), ('UEVLD', 'KEGG:05218'), ('UEVLD', 'KEGG:05160'), ('UEVLD', 'KEGG:04929'), ('UEVLD', 'KEGG:05131'), ('UEVLD', 'KEGG:05417'), ('UEVLD', 'KEGG:04210'), ('UEVLD', 'KEGG:04611'), ('UEVLD', 'KEGG:04750'), ('UEVLD', 'KEGG:01524'), ('UEVLD', 'KEGG:04024'), ('UEVLD', 'KEGG:04923'), ('UEVLD', 'KEGG:04915'), ('UEVLD', 'KEGG:04071'), ('UEVLD', 'KEGG:04066'), ('UEVLD', 'KEGG:05100'), ('UEVLD', 'KEGG:04664'), ('UEVLD', 'KEGG:05235'), ('UEVLD', 'KEGG:05207'), ('UEVLD', 'KEGG:05167'), ('UEVLD', 'KEGG:04668'), ('UEVLD', 'KEGG:04070'), ('UEVLD', 'KEGG:05165'), ('UEVLD', 'KEGG:04380'), ('UEVLD', 'KEGG:05162'), ('WIPF2', 'KEGG:04360'), ('ARAP2', 'KEGG:04390'), ('ARAP2', 'KEGG:05165'), ('PCDHA9', 'KEGG:04130'), ('EGLN3', 'KEGG:04919'), ('FRRS1L', 'KEGG:04144'), ('FRRS1L', 'KEGG:04810'), ('FRRS1L', 'KEGG:05135'), ('FRRS1L', 'KEGG:05131'), ('FRRS1L', 'KEGG:05100'), ('FRRS1L', 'KEGG:05130'), ('FAM177A1', 'KEGG:04390'), ('ATXN1', 'KEGG:04010'), ('ATXN1', 'KEGG:04921'), ('ATXN1', 'KEGG:05414'), ('ATXN1', 'KEGG:05410'), ('NUFIP2', 'KEGG:04010'), ('NUFIP2', 'KEGG:04935'), ('NUFIP2', 'KEGG:04912'), ('NUFIP2', 'KEGG:04725'), ('NUFIP2', 'KEGG:04930'), ('NUFIP2', 'KEGG:04921'), ('NUFIP2', 'KEGG:04713'), ('NUFIP2', 'KEGG:04022'), ('NUFIP2', 'KEGG:04724'), ('NUFIP2', 'KEGG:04929'), ('NUFIP2', 'KEGG:04934'), ('NUFIP2', 'KEGG:04728'), ('NUFIP2', 'KEGG:04024'), ('NUFIP2', 'KEGG:04924'), ('NUFIP2', 'KEGG:05414'), ('NUFIP2', 'KEGG:05207'), ('NUFIP2', 'KEGG:04911'), ('NUFIP2', 'KEGG:05410'), ('DERL2', 'KEGG:04360'), ('ANKRD28', 'KEGG:04360'), ('ANKRD28', 'KEGG:04310'), ('ARHGEF3', 'KEGG:04510'), ('WDR37', 'KEGG:04310'), ('NR2C2', 'KEGG:04110'), ('CCNG2', 'KEGG:05414'), ('CCNG2', 'KEGG:05410'), ('ANKH', 'KEGG:05170'), ('CUL3', 'KEGG:04340'), ('CUL3', 'KEGG:04120'), ('EXPH5', 'KEGG:05200'), ('EXPH5', 'KEGG:04919'), ('EXPH5', 'KEGG:05224'), ('EXPH5', 'KEGG:04915'), ('PHF6', 'KEGG:05202'), ('FBXO41', 'KEGG:04144'), ('BICRAL', 'KEGG:04520'), ('ZFYVE26', 'KEGG:05017'), ('PCDHA11', 'KEGG:04151'), ('WDFY2', 'KEGG:04724'), ('LHX4', 'KEGG:04014'), ('LHX4', 'KEGG:04015'), ('LHX4', 'KEGG:05017'), ('LHX4', 'KEGG:04713'), ('LHX4', 'KEGG:04724'), ('LHX4', 'KEGG:04024'), ('LHX4', 'KEGG:05030'), ('ZBTB20', 'KEGG:05135'), ('GOSR1', 'KEGG:04130'), ('ETV1', 'KEGG:05202'), ('PPP6C', 'KEGG:04310'), ('OTUD3', 'KEGG:04010'), ('OTUD3', 'KEGG:04014'), ('OTUD3', 'KEGG:05200'), ('OTUD3', 'KEGG:04068'), ('OTUD3', 'KEGG:05212'), ('OTUD3', 'KEGG:05220'), ('OTUD3', 'KEGG:04151'), ('OTUD3', 'KEGG:04910'), ('OTUD3', 'KEGG:05166'), ('OTUD3', 'KEGG:04931'), ('OTUD3', 'KEGG:04150'), ('OTUD3', 'KEGG:05170'), ('OTUD3', 'KEGG:05222'), ('OTUD3', 'KEGG:05215'), ('OTUD3', 'KEGG:04722'), ('OTUD3', 'KEGG:04930'), ('OTUD3', 'KEGG:04660'), ('OTUD3', 'KEGG:05221'), ('OTUD3', 'KEGG:05163'), ('OTUD3', 'KEGG:05135'), ('OTUD3', 'KEGG:05142'), ('OTUD3', 'KEGG:05161'), ('OTUD3', 'KEGG:05160'), ('OTUD3', 'KEGG:05131'), ('OTUD3', 'KEGG:05417'), ('OTUD3', 'KEGG:04210'), ('OTUD3', 'KEGG:04920'), ('OTUD3', 'KEGG:05130'), ('OTUD3', 'KEGG:05235'), ('OTUD3', 'KEGG:05167'), ('OTUD3', 'KEGG:04668'), ('OTUD3', 'KEGG:05165'), ('OTUD3', 'KEGG:04380'), ('OTUD3', 'KEGG:05162'), ('NIN', 'KEGG:04010'), ('NIN', 'KEGG:04912'), ('ABI1', 'KEGG:03082'), ('USP28', 'KEGG:04218'), ('USP28', 'KEGG:04010'), ('USP28', 'KEGG:04015'), ('USP28', 'KEGG:04935'), ('USP28', 'KEGG:05170'), ('USP28', 'KEGG:04912'), ('USP28', 'KEGG:05163'), ('USP28', 'KEGG:05135'), ('USP28', 'KEGG:05161'), ('USP28', 'KEGG:05417'), ('USP28', 'KEGG:04750'), ('USP28', 'KEGG:04664'), ('USP28', 'KEGG:05235'), ('USP28', 'KEGG:05167'), ('USP28', 'KEGG:04668'), ('USP28', 'KEGG:04380'), ('IPO9', 'KEGG:04152'), ('IPO9', 'KEGG:04148'), ('SRPK2', 'KEGG:04152')]",0.9316239316239316,0.3961368012530441
hsa-miR-1306-5p,hsa-miR-1306-5p,MicroRNA,1.0,0,1,0.0117566165570534,0.2590180789992288,0.0106578463800073,0.083743842364532,"[('ETNK2', 'KEGG:04310'), ('TFCP2L1', 'KEGG:04151'), ('TFCP2L1', 'KEGG:04152'), ('TFCP2L1', 'KEGG:04110'), ('TFCP2L1', 'KEGG:04660'), ('TFCP2L1', 'KEGG:04114'), ('TFCP2L1', 'KEGG:04728'), ('TFCP2L1', 'KEGG:04071'), ('TFCP2L1', 'KEGG:05165'), ('CNP', 'KEGG:05200'), ('CNP', 'KEGG:05220'), ('FBXO44', 'KEGG:05200'), ('FBXO44', 'KEGG:04211'), ('FBXO44', 'KEGG:04152'), ('FBXO44', 'KEGG:05202'), ('FBXO44', 'KEGG:05216'), ('FBXO44', 'KEGG:04148'), ('FBXO44', 'KEGG:05417'), ('FBXO44', 'KEGG:04380'), ('CXADR', 'KEGG:05166'), ('CXADR', 'KEGG:04141'), ('BRD4', 'KEGG:04920')]",0.17094017094017094,0.34398558574235755
hsa-miR-451a,hsa-miR-451a,MicroRNA,1.0,0,1,0.00071808757028,0.1717906461328635,0.0011025358324145,0.0,"[('VPS18', 'KEGG:04910'), ('VPS18', 'KEGG:04931'), ('VPS18', 'KEGG:04520')]",0.02564102564102564,0.47269216726355934
hsa-miR-205-5p,hsa-miR-205-5p,MicroRNA,1.0,0,1,0.0016778966138303,0.1255659397715472,0.0029400955531054,0.1071428571428571,"[('ANK2', 'KEGG:04340'), ('VTI1B', 'KEGG:04110'), ('VTI1B', 'KEGG:05207'), ('TNFAIP8', 'KEGG:04010'), ('TNFAIP8', 'KEGG:04144'), ('TNFAIP8', 'KEGG:04213'), ('TNFAIP8', 'KEGG:04141'), ('TNFAIP8', 'KEGG:05417'), ('TNFAIP8', 'KEGG:04915'), ('TNFAIP8', 'KEGG:05162'), ('CALM1', 'KEGG:05130')]",0.09401709401709402,0.38767715247970985
hsa-miR-339-5p,hsa-miR-339-5p,MicroRNA,1.0,0,1,0.0135185002016218,0.233130253720984,0.0084527747151782,0.0276679841897233,"[('DLG3', 'KEGG:04360'), ('COPZ1', 'KEGG:04141'), ('COPZ1', 'KEGG:05417'), ('PDF', 'KEGG:04390'), ('LDLRAD3', 'KEGG:04360'), ('LDLRAD3', 'KEGG:05205'), ('LDLRAD3', 'KEGG:04218'), ('LDLRAD3', 'KEGG:04010'), ('LDLRAD3', 'KEGG:04014'), ('LDLRAD3', 'KEGG:04550'), ('LDLRAD3', 'KEGG:05200'), ('LDLRAD3', 'KEGG:04068'), ('LDLRAD3', 'KEGG:04917'), ('LDLRAD3', 'KEGG:04015'), ('LDLRAD3', 'KEGG:05212'), ('LDLRAD3', 'KEGG:05220'), ('LDLRAD3', 'KEGG:05211'), ('LDLRAD3', 'KEGG:05225'), ('LDLRAD3', 'KEGG:04012'), ('LDLRAD3', 'KEGG:04919'), ('LDLRAD3', 'KEGG:05223'), ('LDLRAD3', 'KEGG:05210'), ('LDLRAD3', 'KEGG:04151'), ('LDLRAD3', 'KEGG:05224'), ('LDLRAD3', 'KEGG:04910'), ('LDLRAD3', 'KEGG:05226'), ('LDLRAD3', 'KEGG:04510'), ('LDLRAD3', 'KEGG:04935'), ('LDLRAD3', 'KEGG:05166'), ('LDLRAD3', 'KEGG:04914'), ('LDLRAD3', 'KEGG:04350'), ('LDLRAD3', 'KEGG:04140'), ('LDLRAD3', 'KEGG:04150'), ('LDLRAD3', 'KEGG:01522'), ('LDLRAD3', 'KEGG:05170'), ('LDLRAD3', 'KEGG:05215'), ('LDLRAD3', 'KEGG:04371'), ('LDLRAD3', 'KEGG:04912'), ('LDLRAD3', 'KEGG:04725'), ('LDLRAD3', 'KEGG:04722'), ('LDLRAD3', 'KEGG:01521'), ('LDLRAD3', 'KEGG:04810'), ('LDLRAD3', 'KEGG:05213'), ('LDLRAD3', 'KEGG:04930'), ('LDLRAD3', 'KEGG:04660'), ('LDLRAD3', 'KEGG:04933'), ('LDLRAD3', 'KEGG:04928'), ('LDLRAD3', 'KEGG:04114'), ('LDLRAD3', 'KEGG:04921'), ('LDLRAD3', 'KEGG:05221'), ('LDLRAD3', 'KEGG:04713'), ('LDLRAD3', 'KEGG:04926'), ('LDLRAD3', 'KEGG:04520'), ('LDLRAD3', 'KEGG:05163'), ('LDLRAD3', 'KEGG:04730'), ('LDLRAD3', 'KEGG:05135'), ('LDLRAD3', 'KEGG:05216'), ('LDLRAD3', 'KEGG:04960'), ('LDLRAD3', 'KEGG:04022'), ('LDLRAD3', 'KEGG:05214'), ('LDLRAD3', 'KEGG:05142'), ('LDLRAD3', 'KEGG:04148'), ('LDLRAD3', 'KEGG:05161'), ('LDLRAD3', 'KEGG:05218'), ('LDLRAD3', 'KEGG:05160'), ('LDLRAD3', 'KEGG:04724'), ('LDLRAD3', 'KEGG:04929'), ('LDLRAD3', 'KEGG:05131'), ('LDLRAD3', 'KEGG:05417'), ('LDLRAD3', 'KEGG:04210'), ('LDLRAD3', 'KEGG:04611'), ('LDLRAD3', 'KEGG:04934'), ('LDLRAD3', 'KEGG:01524'), ('LDLRAD3', 'KEGG:04024'), ('LDLRAD3', 'KEGG:04916'), ('LDLRAD3', 'KEGG:04915'), ('LDLRAD3', 'KEGG:04071'), ('LDLRAD3', 'KEGG:04066'), ('LDLRAD3', 'KEGG:04664'), ('LDLRAD3', 'KEGG:05130'), ('LDLRAD3', 'KEGG:05235'), ('LDLRAD3', 'KEGG:05207'), ('LDLRAD3', 'KEGG:05167'), ('LDLRAD3', 'KEGG:04668'), ('LDLRAD3', 'KEGG:05165'), ('LDLRAD3', 'KEGG:04380')]",0.717948717948718,0.32383372225300644
hsa-miR-30c-5p,hsa-miR-30c-5p,MicroRNA,1.0,0,1,0.0939583081647772,0.2325205753403584,0.0044101433296582,0.0303030303030303,"[('NFATC2', 'KEGG:04144'), ('CCDC71L', 'KEGG:04510'), ('CCDC71L', 'KEGG:04810'), ('CCDC71L', 'KEGG:04933'), ('CCDC71L', 'KEGG:05131'), ('LYN', 'KEGG:04668'), ('LYN', 'KEGG:04380'), ('CYSLTR1', 'KEGG:04722')]",0.06837606837606838,0.4380403201756321
hsa-miR-98-5p,hsa-miR-98-5p,MicroRNA,0.0,0,1,0.0081276704635568,0.2350882650283847,0.0095553105475927,0.1107692307692307,"[('RPUSD2', 'KEGG:04151'), ('RPUSD2', 'KEGG:04510'), ('RPUSD2', 'KEGG:05165'), ('CANT1', 'KEGG:04218'), ('ZNF282', 'KEGG:04140'), ('ZNF282', 'KEGG:04130'), ('ZNF282', 'KEGG:04611'), ('NEDD4L', 'KEGG:04144'), ('NEDD4L', 'KEGG:04152'), ('NEDD4L', 'KEGG:04140'), ('TUSC2', 'KEGG:04144'), ('IPO9', 'KEGG:04152'), ('IPO9', 'KEGG:04148'), ('LIPH', 'KEGG:04360'), ('PRLR', 'KEGG:04218'), ('PRLR', 'KEGG:04010'), ('PRLR', 'KEGG:04014'), ('PRLR', 'KEGG:05200'), ('PRLR', 'KEGG:04917'), ('PRLR', 'KEGG:04211'), ('PRLR', 'KEGG:05212'), ('PRLR', 'KEGG:05220'), ('PRLR', 'KEGG:04151'), ('PRLR', 'KEGG:05166'), ('PRLR', 'KEGG:04931'), ('PRLR', 'KEGG:05202'), ('PRLR', 'KEGG:05170'), ('PRLR', 'KEGG:05222'), ('PRLR', 'KEGG:05215'), ('PRLR', 'KEGG:04722'), ('PRLR', 'KEGG:04660'), ('PRLR', 'KEGG:04933'), ('PRLR', 'KEGG:05221'), ('PRLR', 'KEGG:04926'), ('PRLR', 'KEGG:05163'), ('PRLR', 'KEGG:05135'), ('PRLR', 'KEGG:05142'), ('PRLR', 'KEGG:05161'), ('PRLR', 'KEGG:05160'), ('PRLR', 'KEGG:05131'), ('PRLR', 'KEGG:05417'), ('PRLR', 'KEGG:04210'), ('PRLR', 'KEGG:04024'), ('PRLR', 'KEGG:04920'), ('PRLR', 'KEGG:04071'), ('PRLR', 'KEGG:04066'), ('PRLR', 'KEGG:05130'), ('PRLR', 'KEGG:05235'), ('PRLR', 'KEGG:05207'), ('PRLR', 'KEGG:05167'), ('PRLR', 'KEGG:04668'), ('PRLR', 'KEGG:05165'), ('PRLR', 'KEGG:05030'), ('PRLR', 'KEGG:04380'), ('PRLR', 'KEGG:05162'), ('FGF11', 'KEGG:04070'), ('KLHL13', 'KEGG:05100'), ('SLC1A4', 'KEGG:04010'), ('SLC1A4', 'KEGG:04014'), ('SLC1A4', 'KEGG:04015'), ('SLC1A4', 'KEGG:04151'), ('SLC1A4', 'KEGG:05202'), ('SLC1A4', 'KEGG:04722')]",0.4444444444444444,0.3300317153271755
hsa-miR-454-3p,hsa-miR-454-3p,MicroRNA,1.0,0,1,0.0221868423604177,0.2674038036267138,0.0235207644248438,0.1036706349206349,"[('ZNRF3', 'KEGG:04310'), ('MAML3', 'KEGG:04350'), ('FBXW11', 'KEGG:04010'), ('FBXW11', 'KEGG:04014'), ('FBXW11', 'KEGG:05200'), ('FBXW11', 'KEGG:04068'), ('FBXW11', 'KEGG:05223'), ('CCDC6', 'KEGG:04010'), ('CCDC6', 'KEGG:04014'), ('CCDC6', 'KEGG:01521'), ('RAB5B', 'KEGG:04014'), ('RAB5B', 'KEGG:04144'), ('RAB5B', 'KEGG:04148'), ('ACBD3', 'KEGG:04310'), ('DENND1A', 'KEGG:03083'), ('LCOR', 'KEGG:03083'), ('LRP2', 'KEGG:05205'), ('LRP2', 'KEGG:04015'), ('LRP2', 'KEGG:04919'), ('LRP2', 'KEGG:04151'), ('LRP2', 'KEGG:04510'), ('LRP2', 'KEGG:04810'), ('LRP2', 'KEGG:05163'), ('LRP2', 'KEGG:04148'), ('LRP2', 'KEGG:04611'), ('LRP2', 'KEGG:05414'), ('LRP2', 'KEGG:05410'), ('LRP2', 'KEGG:05165'), ('LRP2', 'KEGG:04380'), ('N4BP1', 'KEGG:04014'), ('N4BP1', 'KEGG:05200'), ('N4BP1', 'KEGG:05212'), ('N4BP1', 'KEGG:05220'), ('N4BP1', 'KEGG:05225'), ('N4BP1', 'KEGG:04151'), ('N4BP1', 'KEGG:05166'), ('N4BP1', 'KEGG:04140'), ('N4BP1', 'KEGG:05202'), ('N4BP1', 'KEGG:05170'), ('N4BP1', 'KEGG:05222'), ('N4BP1', 'KEGG:01521'), ('N4BP1', 'KEGG:04115'), ('N4BP1', 'KEGG:05131'), ('N4BP1', 'KEGG:05417'), ('N4BP1', 'KEGG:04210'), ('N4BP1', 'KEGG:01524'), ('N4BP1', 'KEGG:05162'), ('TSPOAP1', 'KEGG:04360'), ('TSPOAP1', 'KEGG:05205'), ('TSPOAP1', 'KEGG:04218'), ('TSPOAP1', 'KEGG:04014'), ('TSPOAP1', 'KEGG:04550'), ('TSPOAP1', 'KEGG:05200'), ('TSPOAP1', 'KEGG:04068'), ('TSPOAP1', 'KEGG:04917'), ('TSPOAP1', 'KEGG:04211'), ('TSPOAP1', 'KEGG:04015'), ('TSPOAP1', 'KEGG:05212'), ('TSPOAP1', 'KEGG:05220'), ('TSPOAP1', 'KEGG:05211'), ('TSPOAP1', 'KEGG:05225'), ('TSPOAP1', 'KEGG:04012'), ('TSPOAP1', 'KEGG:04919'), ('TSPOAP1', 'KEGG:05223'), ('TSPOAP1', 'KEGG:05210'), ('TSPOAP1', 'KEGG:04151'), ('TSPOAP1', 'KEGG:05224'), ('TSPOAP1', 'KEGG:04910'), ('TSPOAP1', 'KEGG:05226'), ('TSPOAP1', 'KEGG:04510'), ('TSPOAP1', 'KEGG:04935'), ('TSPOAP1', 'KEGG:04152'), ('TSPOAP1', 'KEGG:05166'), ('TSPOAP1', 'KEGG:04914'), ('TSPOAP1', 'KEGG:04213'), ('TSPOAP1', 'KEGG:04931'), ('TSPOAP1', 'KEGG:04140'), ('TSPOAP1', 'KEGG:04150'), ('TSPOAP1', 'KEGG:01522'), ('TSPOAP1', 'KEGG:05170'), ('TSPOAP1', 'KEGG:05222'), ('TSPOAP1', 'KEGG:05215'), ('TSPOAP1', 'KEGG:04725'), ('TSPOAP1', 'KEGG:04722'), ('TSPOAP1', 'KEGG:01521'), ('TSPOAP1', 'KEGG:04810'), ('TSPOAP1', 'KEGG:05017'), ('TSPOAP1', 'KEGG:05213'), ('TSPOAP1', 'KEGG:04930'), ('TSPOAP1', 'KEGG:04660'), ('TSPOAP1', 'KEGG:04933'), ('TSPOAP1', 'KEGG:05221'), ('TSPOAP1', 'KEGG:04926'), ('TSPOAP1', 'KEGG:05163'), ('TSPOAP1', 'KEGG:05135'), ('TSPOAP1', 'KEGG:04960'), ('TSPOAP1', 'KEGG:05214'), ('TSPOAP1', 'KEGG:05142'), ('TSPOAP1', 'KEGG:05161'), ('TSPOAP1', 'KEGG:05218'), ('TSPOAP1', 'KEGG:05160'), ('TSPOAP1', 'KEGG:04929'), ('TSPOAP1', 'KEGG:05131'), ('TSPOAP1', 'KEGG:05417'), ('TSPOAP1', 'KEGG:04210'), ('TSPOAP1', 'KEGG:04611'), ('TSPOAP1', 'KEGG:04750'), ('TSPOAP1', 'KEGG:01524'), ('TSPOAP1', 'KEGG:04024'), ('TSPOAP1', 'KEGG:04923'), ('TSPOAP1', 'KEGG:04915'), ('TSPOAP1', 'KEGG:04071'), ('TSPOAP1', 'KEGG:04066'), ('TSPOAP1', 'KEGG:05100'), ('TSPOAP1', 'KEGG:04664'), ('TSPOAP1', 'KEGG:05235'), ('TSPOAP1', 'KEGG:05207'), ('TSPOAP1', 'KEGG:05167'), ('TSPOAP1', 'KEGG:04668'), ('TSPOAP1', 'KEGG:04070'), ('TSPOAP1', 'KEGG:05165'), ('TSPOAP1', 'KEGG:04380'), ('TSPOAP1', 'KEGG:05162'), ('USP48', 'KEGG:05200'), ('USP48', 'KEGG:04390'), ('USP48', 'KEGG:05226'), ('USP48', 'KEGG:05213'), ('USP48', 'KEGG:04520'), ('USP48', 'KEGG:05100'), ('TRIM2', 'KEGG:04928'), ('TRIM2', 'KEGG:04024'), ('TRIM2', 'KEGG:05032'), ('ZFP3', 'KEGG:04144'), ('ZFP3', 'KEGG:05135'), ('ZFP3', 'KEGG:05130'), ('COG5', 'KEGG:04360'), ('COG5', 'KEGG:04810'), ('LYSMD2', 'KEGG:04914'), ('LYSMD2', 'KEGG:04114'), ('RAB34', 'KEGG:05211'), ('RAB34', 'KEGG:05202'), ('LRCH1', 'KEGG:03082'), ('FMR1', 'KEGG:04120')]",0.8034188034188035,0.37705074881696343
hsa-miR-17-5p,hsa-miR-17-5p,MicroRNA,1.0,0,1,0.0096541250077138,0.2712913937000807,0.0253583241455347,0.690537084398977,"[('C9orf64', 'KEGG:04724'), ('BZW1', 'KEGG:04015'), ('TUSC2', 'KEGG:04144'), ('FAM177A1', 'KEGG:04390'), ('LAMP1', 'KEGG:04066'), ('FAM102A', 'KEGG:05200'), ('FAM102A', 'KEGG:05211'), ('HSPA8', 'KEGG:04360'), ('HSPA8', 'KEGG:04550'), ('HSPA8', 'KEGG:04390'), ('HSPA8', 'KEGG:04350'), ('TVP23B', 'KEGG:05200'), ('TVP23B', 'KEGG:04151'), ('TVP23B', 'KEGG:04510'), ('TVP23B', 'KEGG:05222'), ('TVP23B', 'KEGG:05165'), ('DERL2', 'KEGG:04360'), ('SMIM14', 'KEGG:04310'), ('SMIM14', 'KEGG:04928'), ('TIMM17A', 'KEGG:04014'), ('TIMM17A', 'KEGG:04015'), ('TIMM17A', 'KEGG:05017'), ('TIMM17A', 'KEGG:04713'), ('TIMM17A', 'KEGG:04724'), ('TIMM17A', 'KEGG:04728'), ('TIMM17A', 'KEGG:04024'), ('TIMM17A', 'KEGG:05030'), ('TENT5C', 'KEGG:04390'), ('TENT5C', 'KEGG:05165'), ('GNA11', 'KEGG:04550'), ('GNA11', 'KEGG:04390'), ('GNA11', 'KEGG:04350'), ('GNA11', 'KEGG:05202'), ('C2orf69', 'KEGG:04141'), ('PGM2L1', 'KEGG:03013'), ('EGLN3', 'KEGG:04919'), ('UEVLD', 'KEGG:04360'), ('UEVLD', 'KEGG:05205'), ('UEVLD', 'KEGG:04218'), ('UEVLD', 'KEGG:04014'), ('UEVLD', 'KEGG:04550'), ('UEVLD', 'KEGG:05200'), ('UEVLD', 'KEGG:04068'), ('UEVLD', 'KEGG:04917'), ('UEVLD', 'KEGG:04211'), ('UEVLD', 'KEGG:04015'), ('UEVLD', 'KEGG:05212'), ('UEVLD', 'KEGG:05220'), ('UEVLD', 'KEGG:05211'), ('UEVLD', 'KEGG:05225'), ('UEVLD', 'KEGG:04012'), ('UEVLD', 'KEGG:04919'), ('UEVLD', 'KEGG:05223'), ('UEVLD', 'KEGG:05210'), ('UEVLD', 'KEGG:04151'), ('UEVLD', 'KEGG:05224'), ('UEVLD', 'KEGG:04910'), ('UEVLD', 'KEGG:05226'), ('UEVLD', 'KEGG:04510'), ('UEVLD', 'KEGG:04935'), ('UEVLD', 'KEGG:04152'), ('UEVLD', 'KEGG:05166'), ('UEVLD', 'KEGG:04914'), ('UEVLD', 'KEGG:04213'), ('UEVLD', 'KEGG:04931'), ('UEVLD', 'KEGG:04140'), ('UEVLD', 'KEGG:04150'), ('UEVLD', 'KEGG:01522'), ('UEVLD', 'KEGG:05170'), ('UEVLD', 'KEGG:05222'), ('UEVLD', 'KEGG:05215'), ('UEVLD', 'KEGG:04725'), ('UEVLD', 'KEGG:04722'), ('UEVLD', 'KEGG:01521'), ('UEVLD', 'KEGG:04810'), ('UEVLD', 'KEGG:05017'), ('UEVLD', 'KEGG:05213'), ('UEVLD', 'KEGG:04930'), ('UEVLD', 'KEGG:04660'), ('UEVLD', 'KEGG:04933'), ('UEVLD', 'KEGG:05221'), ('UEVLD', 'KEGG:04926'), ('UEVLD', 'KEGG:05163'), ('UEVLD', 'KEGG:05135'), ('UEVLD', 'KEGG:04960'), ('UEVLD', 'KEGG:05214'), ('UEVLD', 'KEGG:05142'), ('UEVLD', 'KEGG:05161'), ('UEVLD', 'KEGG:05218'), ('UEVLD', 'KEGG:05160'), ('UEVLD', 'KEGG:04929'), ('UEVLD', 'KEGG:05131'), ('UEVLD', 'KEGG:05417'), ('UEVLD', 'KEGG:04210'), ('UEVLD', 'KEGG:04611'), ('UEVLD', 'KEGG:04750'), ('UEVLD', 'KEGG:01524'), ('UEVLD', 'KEGG:04024'), ('UEVLD', 'KEGG:04923'), ('UEVLD', 'KEGG:04915'), ('UEVLD', 'KEGG:04071'), ('UEVLD', 'KEGG:04066'), ('UEVLD', 'KEGG:05100'), ('UEVLD', 'KEGG:04664'), ('UEVLD', 'KEGG:05235'), ('UEVLD', 'KEGG:05207'), ('UEVLD', 'KEGG:05167'), ('UEVLD', 'KEGG:04668'), ('UEVLD', 'KEGG:04070'), ('UEVLD', 'KEGG:05165'), ('UEVLD', 'KEGG:04380'), ('UEVLD', 'KEGG:05162'), ('SYTL4', 'KEGG:05166'), ('SYTL4', 'KEGG:03013'), ('CCDC25', 'KEGG:05205'), ('CCDC25', 'KEGG:04151'), ('CCDC25', 'KEGG:04150'), ('ERO1B', 'KEGG:05170'), ('TP53INP1', 'KEGG:05200'), ('TP53INP1', 'KEGG:05212'), ('TP53INP1', 'KEGG:05220'), ('TP53INP1', 'KEGG:05225'), ('TP53INP1', 'KEGG:05223'), ('TP53INP1', 'KEGG:05210'), ('TP53INP1', 'KEGG:05224'), ('TP53INP1', 'KEGG:05226'), ('TP53INP1', 'KEGG:05202'), ('TP53INP1', 'KEGG:05222'), ('TP53INP1', 'KEGG:05213'), ('TP53INP1', 'KEGG:05216'), ('TP53INP1', 'KEGG:05214'), ('TP53INP1', 'KEGG:05218'), ('TP53INP1', 'KEGG:05217'), ('VANGL1', 'KEGG:04310'), ('TPRG1L', 'KEGG:05170'), ('TPRG1L', 'KEGG:04120')]",0.7777777777777778,0.36076199029951256
hsa-miR-150-5p,hsa-miR-150-5p,MicroRNA,1.0,0,1,0.0037813108766362,0.2135942909630467,0.00404263138552,0.0363636363636363,"[('SKP1', 'KEGG:05200'), ('SKP1', 'KEGG:04310'), ('SKP1', 'KEGG:04350'), ('SKP1', 'KEGG:03083'), ('SKP1', 'KEGG:05170'), ('SKP1', 'KEGG:04110'), ('SKP1', 'KEGG:04114'), ('SKP1', 'KEGG:04120'), ('SKP1', 'KEGG:04141'), ('SKP1', 'KEGG:04710'), ('SKP1', 'KEGG:05131'), ('H1-0', 'KEGG:04068'), ('H1-0', 'KEGG:04140'), ('SZRD1', 'KEGG:05205'), ('SZRD1', 'KEGG:04015'), ('SZRD1', 'KEGG:04510'), ('SZRD1', 'KEGG:04810'), ('SZRD1', 'KEGG:04660'), ('SZRD1', 'KEGG:05135'), ('SZRD1', 'KEGG:05417'), ('SZRD1', 'KEGG:04024'), ('SZRD1', 'KEGG:04664'), ('GDI1', 'KEGG:05200'), ('GDI1', 'KEGG:04211'), ('GDI1', 'KEGG:04015'), ('GDI1', 'KEGG:04935'), ('GDI1', 'KEGG:05166'), ('GDI1', 'KEGG:04914'), ('GDI1', 'KEGG:04213'), ('GDI1', 'KEGG:01522'), ('GDI1', 'KEGG:04371'), ('GDI1', 'KEGG:04912'), ('GDI1', 'KEGG:04725'), ('GDI1', 'KEGG:04928'), ('GDI1', 'KEGG:04114'), ('GDI1', 'KEGG:04921'), ('GDI1', 'KEGG:04713'), ('GDI1', 'KEGG:04926'), ('GDI1', 'KEGG:05163'), ('GDI1', 'KEGG:04022'), ('GDI1', 'KEGG:04724'), ('GDI1', 'KEGG:04971'), ('GDI1', 'KEGG:04611'), ('GDI1', 'KEGG:04934'), ('GDI1', 'KEGG:04750'), ('GDI1', 'KEGG:04024'), ('GDI1', 'KEGG:05032'), ('GDI1', 'KEGG:04923'), ('GDI1', 'KEGG:04924'), ('GDI1', 'KEGG:04916'), ('GDI1', 'KEGG:05414'), ('GDI1', 'KEGG:04915'), ('GDI1', 'KEGG:05207'), ('GDI1', 'KEGG:04911'), ('B4GAT1', 'KEGG:04024'), ('PTPA', 'KEGG:04148')]",0.4358974358974359,0.3524839431328485
hsa-miR-152-3p,hsa-miR-152-3p,MicroRNA,1.0,0,1,0.0293234136607336,0.2710967626221863,0.0253583241455347,0.0924978687127024,"[('INSIG2', 'KEGG:04350'), ('AJUBA', 'KEGG:04141'), ('DLG2', 'KEGG:04390'), ('DLG2', 'KEGG:04151'), ('DLG2', 'KEGG:04110'), ('DLG2', 'KEGG:04114'), ('DLG2', 'KEGG:05161'), ('DLG2', 'KEGG:05160'), ('SMAD5', 'KEGG:04144'), ('SMAD5', 'KEGG:04934'), ('ARHGEF17', 'KEGG:04148'), ('MDM4', 'KEGG:04115'), ('DHRS13', 'KEGG:04360'), ('DDX6', 'KEGG:03083'), ('WDR20', 'KEGG:04520'), ('RICTOR', 'KEGG:04144'), ('RICTOR', 'KEGG:05100'), ('UBE2W', 'KEGG:04010'), ('UBE2W', 'KEGG:04921'), ('UBE2W', 'KEGG:05414'), ('UBE2W', 'KEGG:05410'), ('STXBP5', 'KEGG:04919'), ('STXBP5', 'KEGG:04152'), ('FMR1', 'KEGG:04120'), ('NFYA', 'KEGG:05017'), ('RSBN1L', 'KEGG:04218'), ('RSBN1L', 'KEGG:05200'), ('RSBN1L', 'KEGG:05212'), ('RSBN1L', 'KEGG:05220'), ('RSBN1L', 'KEGG:05225'), ('RSBN1L', 'KEGG:05223'), ('RSBN1L', 'KEGG:05224'), ('RSBN1L', 'KEGG:05226'), ('RSBN1L', 'KEGG:05166'), ('RSBN1L', 'KEGG:01522'), ('RSBN1L', 'KEGG:04110'), ('RSBN1L', 'KEGG:05222'), ('RSBN1L', 'KEGG:05215'), ('RSBN1L', 'KEGG:05163'), ('RSBN1L', 'KEGG:05214'), ('RSBN1L', 'KEGG:05161'), ('RSBN1L', 'KEGG:05218'), ('RSBN1L', 'KEGG:05160'), ('RSBN1L', 'KEGG:04934'), ('RSBN1L', 'KEGG:05167'), ('MTCL1', 'KEGG:05205'), ('MTCL1', 'KEGG:04218'), ('MTCL1', 'KEGG:05200'), ('MTCL1', 'KEGG:04068'), ('MTCL1', 'KEGG:04917'), ('MTCL1', 'KEGG:05212'), ('MTCL1', 'KEGG:05220'), ('MTCL1', 'KEGG:05225'), ('MTCL1', 'KEGG:04919'), ('MTCL1', 'KEGG:05223'), ('MTCL1', 'KEGG:04390'), ('MTCL1', 'KEGG:05210'), ('MTCL1', 'KEGG:04310'), ('MTCL1', 'KEGG:04151'), ('MTCL1', 'KEGG:05224'), ('MTCL1', 'KEGG:05226'), ('MTCL1', 'KEGG:04510'), ('MTCL1', 'KEGG:04152'), ('MTCL1', 'KEGG:05166'), ('MTCL1', 'KEGG:01522'), ('MTCL1', 'KEGG:04110'), ('MTCL1', 'KEGG:05222'), ('MTCL1', 'KEGG:05215'), ('MTCL1', 'KEGG:04371'), ('MTCL1', 'KEGG:05213'), ('MTCL1', 'KEGG:04340'), ('MTCL1', 'KEGG:04933'), ('MTCL1', 'KEGG:04921'), ('MTCL1', 'KEGG:05221'), ('MTCL1', 'KEGG:05163'), ('MTCL1', 'KEGG:04115'), ('MTCL1', 'KEGG:05216'), ('MTCL1', 'KEGG:05214'), ('MTCL1', 'KEGG:05218'), ('MTCL1', 'KEGG:05160'), ('MTCL1', 'KEGG:04934'), ('MTCL1', 'KEGG:05207'), ('MTCL1', 'KEGG:05167'), ('MTCL1', 'KEGG:05165'), ('MTCL1', 'KEGG:05162'), ('LCOR', 'KEGG:03083'), ('MYO9A', 'KEGG:04140'), ('UCP3', 'KEGG:05017'), ('UCP3', 'KEGG:04724'), ('UCP3', 'KEGG:04024'), ('UCP3', 'KEGG:05030'), ('XPO4', 'KEGG:04210'), ('XPO4', 'KEGG:04668'), ('MSI2', 'KEGG:05202'), ('SLC2A1', 'KEGG:04010'), ('SLC2A1', 'KEGG:05200'), ('SLC2A1', 'KEGG:04015'), ('SLC2A1', 'KEGG:05220'), ('SLC2A1', 'KEGG:05211'), ('SLC2A1', 'KEGG:04012'), ('SLC2A1', 'KEGG:04910'), ('SLC2A1', 'KEGG:04510'), ('SLC2A1', 'KEGG:04935'), ('SLC2A1', 'KEGG:05170'), ('SLC2A1', 'KEGG:04722'), ('SLC2A1', 'KEGG:04810'), ('SLC2A1', 'KEGG:05163'), ('SLC2A1', 'KEGG:05135'), ('SLC2A1', 'KEGG:04148'), ('SLC2A1', 'KEGG:05131'), ('SLC2A1', 'KEGG:05100')]",0.6153846153846154,0.35142164130523834
hsa-miR-370-5p,hsa-miR-370-5p,MicroRNA,1.0,0,1,0.0032445835705999,0.1354815578362389,0.00404263138552,0.0727272727272727,"[('PDE3B', 'KEGG:04218'), ('PDE3B', 'KEGG:03083'), ('PDE3B', 'KEGG:03082'), ('ELMOD3', 'KEGG:03083'), ('UVRAG', 'KEGG:04360'), ('PIP4P2', 'KEGG:04010'), ('PIP4P2', 'KEGG:04015')]",0.05128205128205128,0.3697322444009622
hsa-miR-338-3p,hsa-miR-338-3p,MicroRNA,1.0,0,1,0.0080209242180759,0.2240088921822897,0.0073502388827636,0.0526315789473684,"[('MACROD2', 'KEGG:04360'), ('MACROD2', 'KEGG:04015'), ('MACROD2', 'KEGG:04144'), ('MACROD2', 'KEGG:04390'), ('MACROD2', 'KEGG:05165'), ('ZNF607', 'KEGG:04921'), ('ZNF607', 'KEGG:04713'), ('ZNF607', 'KEGG:04730'), ('ZNF607', 'KEGG:04022'), ('ZNF607', 'KEGG:04611'), ('ZNF607', 'KEGG:04924'), ('CTBP2', 'KEGG:05200'), ('CTBP2', 'KEGG:05163'), ('CTBP2', 'KEGG:04024'), ('CTBP2', 'KEGG:04923'), ('RNF114', 'KEGG:04141'), ('ZZZ3', 'KEGG:04144'), ('ZZZ3', 'KEGG:04152'), ('CHEK2', 'KEGG:04550'), ('CHEK2', 'KEGG:04350'), ('ATXN7L1', 'KEGG:05202')]",0.17094017094017094,0.42596099845766217
hsa-miR-15b-5p,hsa-miR-15b-5p,MicroRNA,1.0,0,1,0.0365602852032596,0.2790547401458506,0.027930907754502,0.1256140350877193,"[('VPS37C', 'KEGG:05200'), ('VPS37C', 'KEGG:05216'), ('AMMECR1', 'KEGG:04144'), ('GRAMD2A', 'KEGG:04390'), ('RAB35', 'KEGG:03083'), ('KCTD1', 'KEGG:05205'), ('KCTD1', 'KEGG:04218'), ('KCTD1', 'KEGG:04010'), ('KCTD1', 'KEGG:04550'), ('KCTD1', 'KEGG:04068'), ('KCTD1', 'KEGG:04917'), ('KCTD1', 'KEGG:04015'), ('KCTD1', 'KEGG:04935'), ('KCTD1', 'KEGG:04914'), ('KCTD1', 'KEGG:01522'), ('KCTD1', 'KEGG:05170'), ('KCTD1', 'KEGG:04912'), ('KCTD1', 'KEGG:04722'), ('KCTD1', 'KEGG:04660'), ('KCTD1', 'KEGG:04933'), ('KCTD1', 'KEGG:04114'), ('KCTD1', 'KEGG:04926'), ('KCTD1', 'KEGG:05163'), ('KCTD1', 'KEGG:05135'), ('KCTD1', 'KEGG:05142'), ('KCTD1', 'KEGG:04148'), ('KCTD1', 'KEGG:05161'), ('KCTD1', 'KEGG:05131'), ('KCTD1', 'KEGG:05417'), ('KCTD1', 'KEGG:04611'), ('KCTD1', 'KEGG:04750'), ('KCTD1', 'KEGG:04728'), ('KCTD1', 'KEGG:04071'), ('KCTD1', 'KEGG:04664'), ('KCTD1', 'KEGG:05130'), ('KCTD1', 'KEGG:05235'), ('KCTD1', 'KEGG:05167'), ('KCTD1', 'KEGG:04668'), ('KCTD1', 'KEGG:04380'), ('UBQLNL', 'KEGG:04014'), ('UBQLNL', 'KEGG:04015'), ('ZYX', 'KEGG:04141'), ('CYB561', 'KEGG:04360'), ('CYB561', 'KEGG:04015'), ('CYB561', 'KEGG:04810'), ('DNAJC5', 'KEGG:03013'), ('PSMA5', 'KEGG:04550'), ('PSMA5', 'KEGG:05200'), ('PSMA5', 'KEGG:05167'), ('NFATC2', 'KEGG:04144'), ('PPP2R1A', 'KEGG:05200'), ('PPP2R1A', 'KEGG:04211'), ('PPP2R1A', 'KEGG:04015'), ('PPP2R1A', 'KEGG:04935'), ('PPP2R1A', 'KEGG:05166'), ('PPP2R1A', 'KEGG:04914'), ('PPP2R1A', 'KEGG:04213'), ('PPP2R1A', 'KEGG:01522'), ('PPP2R1A', 'KEGG:04371'), ('PPP2R1A', 'KEGG:04912'), ('PPP2R1A', 'KEGG:04725'), ('PPP2R1A', 'KEGG:04928'), ('PPP2R1A', 'KEGG:04114'), ('PPP2R1A', 'KEGG:04921'), ('PPP2R1A', 'KEGG:04713'), ('PPP2R1A', 'KEGG:04926'), ('PPP2R1A', 'KEGG:05163'), ('PPP2R1A', 'KEGG:04022'), ('PPP2R1A', 'KEGG:04724'), ('PPP2R1A', 'KEGG:04971'), ('PPP2R1A', 'KEGG:04611'), ('PPP2R1A', 'KEGG:04934'), ('PPP2R1A', 'KEGG:04750'), ('PPP2R1A', 'KEGG:04024'), ('PPP2R1A', 'KEGG:05032'), ('PPP2R1A', 'KEGG:04923'), ('PPP2R1A', 'KEGG:04916'), ('PPP2R1A', 'KEGG:05414'), ('PPP2R1A', 'KEGG:04915'), ('PPP2R1A', 'KEGG:05207'), ('PPP2R1A', 'KEGG:04911'), ('CHEK1', 'KEGG:04218'), ('CHEK1', 'KEGG:05166'), ('CHEK1', 'KEGG:05170'), ('CHEK1', 'KEGG:04110'), ('CHEK1', 'KEGG:04115'), ('PGM2L1', 'KEGG:03013'), ('CRAMP1', 'KEGG:04148'), ('ZFYVE27', 'KEGG:04550'), ('ZFYVE27', 'KEGG:03083'), ('ZFYVE27', 'KEGG:05202'), ('PSME3', 'KEGG:04360'), ('PSME3', 'KEGG:04014'), ('PSME3', 'KEGG:05211'), ('PSME3', 'KEGG:04012'), ('PSME3', 'KEGG:04510'), ('PSME3', 'KEGG:05170'), ('PSME3', 'KEGG:04810'), ('PSME3', 'KEGG:04660'), ('CCDC6', 'KEGG:04010'), ('CCDC6', 'KEGG:04014'), ('CCDC6', 'KEGG:01521'), ('TNIK', 'KEGG:04218'), ('TNIK', 'KEGG:05200'), ('TNIK', 'KEGG:04068'), ('TNIK', 'KEGG:04151'), ('TNIK', 'KEGG:05226'), ('TNIK', 'KEGG:05166'), ('TNIK', 'KEGG:04914'), ('TNIK', 'KEGG:04110'), ('TNIK', 'KEGG:05222'), ('TNIK', 'KEGG:05215'), ('TNIK', 'KEGG:04114'), ('TNIK', 'KEGG:04115'), ('TNIK', 'KEGG:05161'), ('TNIK', 'KEGG:05160'), ('TNIK', 'KEGG:04934'), ('TNIK', 'KEGG:05165'), ('TNIK', 'KEGG:05162'), ('HMGCR', 'KEGG:04152'), ('MAPK1IP1L', 'KEGG:04350'), ('ATP10B', 'KEGG:05200'), ('ATP10B', 'KEGG:04211'), ('ATP10B', 'KEGG:05210'), ('ATP10B', 'KEGG:04920')]",0.7008547008547008,0.37193611401039284
hsa-miR-34c-5p,hsa-miR-34c-5p,MicroRNA,1.0,0,1,0.0039682338042154,0.1360669757392987,0.0047776552737963,0.0769230769230769,"[('RRAGD', 'KEGG:04710'), ('ANK2', 'KEGG:04340'), ('VTI1B', 'KEGG:04110'), ('VTI1B', 'KEGG:05207'), ('SLC7A6', 'KEGG:04917'), ('SLC7A6', 'KEGG:04910'), ('SLC7A6', 'KEGG:04930'), ('ADIPOR2', 'KEGG:05417')]",0.06837606837606838,0.38217137056361805
hsa-miR-1-3p,hsa-miR-1-3p,MicroRNA,1.0,0,1,0.0041832590410078,0.2518956753603866,0.0058801911062109,0.15,"[('PTBP1', 'KEGG:05017'), ('RASA1', 'KEGG:04910'), ('G3BP1', 'KEGG:04010'), ('G3BP1', 'KEGG:05200'), ('G3BP1', 'KEGG:04722'), ('G3BP1', 'KEGG:04713'), ('G3BP1', 'KEGG:05131'), ('G3BP1', 'KEGG:04668'), ('E2F5', 'KEGG:04218'), ('E2F5', 'KEGG:04350'), ('E2F5', 'KEGG:04110'), ('LCOR', 'KEGG:03083')]",0.10256410256410256,0.3580143780979152
hsa-miR-320b,hsa-miR-320b,MicroRNA,1.0,0,1,0.0023505347337687,0.2098285555632678,0.0022050716648291,0.0,[],0.0,0.0
hsa-miR-136-5p,hsa-miR-136-5p,MicroRNA,1.0,0,1,0.0020884853145038,0.1216645872741176,0.0014700477765527,0.0,"[('CCPG1', 'KEGG:04360'), ('CCPG1', 'KEGG:04010'), ('CCPG1', 'KEGG:04014'), ('CCPG1', 'KEGG:04015'), ('CCPG1', 'KEGG:04151')]",0.042735042735042736,0.37394861322040096
hsa-miR-455-5p,hsa-miR-455-5p,MicroRNA,1.0,0,1,0.0013925661080797,0.1231816144411393,0.0011025358324145,0.0,[],0.0,0.0
hsa-miR-10a-5p,hsa-miR-10a-5p,MicroRNA,1.0,0,1,0.0012569253633691,0.2171851426108197,0.0029400955531054,0.0714285714285714,"[('ANK3', 'KEGG:05205'), ('ANK3', 'KEGG:04550'), ('ANK3', 'KEGG:05200'), ('ANK3', 'KEGG:04068'), ('ANK3', 'KEGG:04917'), ('ANK3', 'KEGG:05212'), ('ANK3', 'KEGG:05223'), ('ANK3', 'KEGG:04935'), ('ANK3', 'KEGG:04931'), ('ANK3', 'KEGG:01521'), ('ANK3', 'KEGG:04933'), ('ANK3', 'KEGG:05221'), ('ANK3', 'KEGG:05163'), ('ANK3', 'KEGG:05161'), ('ANK3', 'KEGG:05160'), ('ANK3', 'KEGG:05417'), ('ANK3', 'KEGG:04920'), ('ANK3', 'KEGG:04066'), ('ANK3', 'KEGG:05235'), ('ANK3', 'KEGG:05207'), ('ANK3', 'KEGG:05167'), ('ANK3', 'KEGG:05162'), ('SNX12', 'KEGG:04144'), ('E2F3', 'KEGG:04120'), ('E2F3', 'KEGG:05131')]",0.21367521367521367,0.33225194985311673
hsa-miR-324-5p,hsa-miR-324-5p,MicroRNA,1.0,0,1,0.0051832167992024,0.2075523515276347,0.0051451672179345,0.0109890109890109,"[('PSME3', 'KEGG:04360'), ('PSME3', 'KEGG:04014'), ('PSME3', 'KEGG:05211'), ('PSME3', 'KEGG:04012'), ('PSME3', 'KEGG:04510'), ('PSME3', 'KEGG:05170'), ('PSME3', 'KEGG:04810'), ('PSME3', 'KEGG:04660'), ('ARF3', 'KEGG:05205'), ('ARF3', 'KEGG:04151'), ('ARF3', 'KEGG:05170'), ('ARF3', 'KEGG:05135'), ('ARF3', 'KEGG:05142'), ('ARF3', 'KEGG:05161'), ('ARF3', 'KEGG:05131'), ('ARF3', 'KEGG:05417'), ('ARF3', 'KEGG:04066'), ('ARF3', 'KEGG:05130'), ('ARF3', 'KEGG:05235'), ('ARF3', 'KEGG:05162'), ('VDAC1', 'KEGG:04150'), ('INSIG2', 'KEGG:04350'), ('RBM18', 'KEGG:05205'), ('RBM18', 'KEGG:04722')]",0.18803418803418803,0.4350771520201066
hsa-miR-30d-5p,hsa-miR-30d-5p,MicroRNA,1.0,0,1,0.0023389894352378,0.1583468650149285,0.0029400955531054,0.25,"[('SIM1', 'KEGG:05205'), ('SIM1', 'KEGG:04010'), ('SIM1', 'KEGG:04014'), ('SIM1', 'KEGG:04550'), ('SIM1', 'KEGG:05200'), ('SIM1', 'KEGG:04015'), ('SIM1', 'KEGG:04151'), ('SIM1', 'KEGG:05224'), ('SIM1', 'KEGG:05226'), ('SIM1', 'KEGG:01521'), ('SIM1', 'KEGG:04810'), ('SIM1', 'KEGG:05218'), ('SIM1', 'KEGG:05207'), ('SIM1', 'KEGG:05167')]",0.11965811965811966,0.4694372418941413
hsa-miR-143-3p,hsa-miR-143-3p,MicroRNA,1.0,0,1,0.0090119192686912,0.2134133427462054,0.0069827269386255,0.0116959064327485,"[('EFS', 'KEGG:04218'), ('EFS', 'KEGG:04350'), ('EFS', 'KEGG:04110'), ('EFS', 'KEGG:05165'), ('VMP1', 'KEGG:05017'), ('TPM3', 'KEGG:05200'), ('TPM3', 'KEGG:05216'), ('TPM3', 'KEGG:05414'), ('TPM3', 'KEGG:05410'), ('DLG3', 'KEGG:04360'), ('DNMT3A', 'KEGG:04010'), ('DNMT3A', 'KEGG:04014'), ('DNMT3A', 'KEGG:05200'), ('DNMT3A', 'KEGG:04015'), ('DNMT3A', 'KEGG:04151'), ('DNMT3A', 'KEGG:05224'), ('DNMT3A', 'KEGG:05226'), ('DNMT3A', 'KEGG:04810'), ('DNMT3A', 'KEGG:05218'), ('DNMT3A', 'KEGG:05207')]",0.1623931623931624,0.3623160827071057
hsa-miR-331-3p,hsa-miR-331-3p,MicroRNA,1.0,0,1,0.0048646426228076,0.1618394989025108,0.0007350238882763,0.0,"[('PDF', 'KEGG:04390')]",0.008547008547008548,0.46008077355808275
hsa-miR-423-5p,hsa-miR-423-5p,MicroRNA,1.0,0,1,0.0046972998439144,0.2551270149379694,0.0051451672179345,0.0989010989010989,"[('CYP4F22', 'KEGG:04022'), ('G3BP1', 'KEGG:04010'), ('G3BP1', 'KEGG:05200'), ('G3BP1', 'KEGG:04722'), ('G3BP1', 'KEGG:04713'), ('G3BP1', 'KEGG:05131'), ('G3BP1', 'KEGG:04668'), ('ZMYM4', 'KEGG:05017')]",0.06837606837606838,0.3388533530399622
hsa-miR-410-3p,hsa-miR-410-3p,MicroRNA,1.0,0,1,1.1378719033405264e-05,0.1094377873511204,0.0007350238882763,0.0,"[('GRIN2B', 'KEGG:04070')]",0.008547008547008548,0.43524405407162464
hsa-miR-129-5p,hsa-miR-129-5p,MicroRNA,1.0,0,1,0.0014452797601113,0.1249018716688013,0.0014700477765527,0.1666666666666666,"[('VTI1B', 'KEGG:04110'), ('VTI1B', 'KEGG:05207'), ('CDKN1C', 'KEGG:04141'), ('CDKN1C', 'KEGG:05130')]",0.03418803418803419,0.38138964332955755
hsa-miR-29b-3p,hsa-miR-29b-3p,MicroRNA,1.0,0,1,0.0157758463783278,0.2191056026672465,0.0113928702682837,0.010752688172043,"[('VPS37C', 'KEGG:05200'), ('VPS37C', 'KEGG:05216'), ('DIO2', 'KEGG:04110'), ('RTKN2', 'KEGG:04550'), ('LRPAP1', 'KEGG:03013'), ('DNMT3A', 'KEGG:04010'), ('DNMT3A', 'KEGG:04014'), ('DNMT3A', 'KEGG:05200'), ('DNMT3A', 'KEGG:04015'), ('DNMT3A', 'KEGG:04151'), ('DNMT3A', 'KEGG:05224'), ('DNMT3A', 'KEGG:05226'), ('DNMT3A', 'KEGG:04810'), ('DNMT3A', 'KEGG:05218'), ('DNMT3A', 'KEGG:05207'), ('SLC31A1', 'KEGG:04360'), ('SLC31A1', 'KEGG:05205'), ('SLC31A1', 'KEGG:05200'), ('SLC31A1', 'KEGG:04340'), ('SLC31A1', 'KEGG:04024'), ('SLC31A1', 'KEGG:05217'), ('SLCO5A1', 'KEGG:05200'), ('SLCO5A1', 'KEGG:04919'), ('SLCO5A1', 'KEGG:05224'), ('SLCO5A1', 'KEGG:01522'), ('SLCO5A1', 'KEGG:04915'), ('GGCT', 'KEGG:04144'), ('PXYLP1', 'KEGG:05200'), ('PXYLP1', 'KEGG:04310'), ('PXYLP1', 'KEGG:05221'), ('PXYLP1', 'KEGG:04148'), ('HMGCR', 'KEGG:04152')]",0.23076923076923078,0.3715356799487138
hsa-miR-23b-3p,hsa-miR-23b-3p,MicroRNA,1.0,0,1,0.0020884853145038,0.1616836925710007,0.0014700477765527,0.0,"[('KLF10', 'KEGG:04144'), ('EGR1', 'KEGG:04371')]",0.017094017094017096,0.3990247909696993
hsa-miR-493-5p,hsa-miR-493-5p,MicroRNA,1.0,0,1,0.0013786388519503,0.1340992769374085,0.0018375597206909,0.0,"[('TTC7B', 'KEGG:05166'), ('RXRA', 'KEGG:04068'), ('RXRA', 'KEGG:05417'), ('RXRA', 'KEGG:04210'), ('RXRA', 'KEGG:05130')]",0.042735042735042736,0.32015571261622483
hsa-let-7g-5p,hsa-let-7g-5p,MicroRNA,1.0,0,1,0.0016082520158901,0.2118578737122433,0.0022050716648291,0.0666666666666666,"[('BZW1', 'KEGG:04015')]",0.008547008547008548,0.3853114062997786
hsa-miR-342-3p,hsa-miR-342-3p,MicroRNA,1.0,0,1,0.0021007548826345,0.133743308410388,0.0018375597206909,0.0,"[('TACC1', 'KEGG:04144'), ('CSF1', 'KEGG:03083'), ('CSF1', 'KEGG:04120'), ('CSF1', 'KEGG:04141'), ('CSF1', 'KEGG:05131')]",0.042735042735042736,0.3262902096855998
hsa-miR-96-5p,hsa-miR-96-5p,MicroRNA,0.0,0,1,0.0048233574054509,0.1359323710598498,0.0055126791620727,0.0476190476190476,"[('TNFAIP8', 'KEGG:04010'), ('TNFAIP8', 'KEGG:04144'), ('TNFAIP8', 'KEGG:04213'), ('TNFAIP8', 'KEGG:04141'), ('TNFAIP8', 'KEGG:05417'), ('TNFAIP8', 'KEGG:04915'), ('TNFAIP8', 'KEGG:05162'), ('TNS1', 'KEGG:03013'), ('GRIN2B', 'KEGG:04070'), ('TACC1', 'KEGG:04144')]",0.07692307692307693,0.38374299577633064
hsa-miR-130a-3p,hsa-miR-130a-3p,MicroRNA,1.0,0,1,0.0023211921377644,0.1340160482333643,0.0025725836089672,0.1428571428571428,"[('CMPK2', 'KEGG:04919'), ('CMPK2', 'KEGG:04350'), ('CMPK2', 'KEGG:05202'), ('CMPK2', 'KEGG:01522'), ('CFL2', 'KEGG:04360'), ('CFL2', 'KEGG:05170'), ('CFL2', 'KEGG:04810')]",0.05982905982905983,0.34745240440343733
hsa-miR-204-5p,hsa-miR-204-5p,MicroRNA,1.0,1,0,,,,,"[('EPHB2', 'KEGG:04360'), ('EPHB2', 'KEGG:05205'), ('EPHB2', 'KEGG:04218'), ('EPHB2', 'KEGG:04010'), ('EPHB2', 'KEGG:04014'), ('EPHB2', 'KEGG:04015'), ('EPHB2', 'KEGG:04140'), ('EPHB2', 'KEGG:04371'), ('EPHB2', 'KEGG:04810'), ('EPHB2', 'KEGG:04024')]",0.08547008547008547,0.38650018018641
hsa-miR-29c-3p,hsa-miR-29c-3p,MicroRNA,1.0,0,1,0.0027839193907735,0.1233122578013461,0.0014700477765527,0.0,"[('RHOBTB1', 'KEGG:04310')]",0.008547008547008548,0.38290669464399707
hsa-miR-33b-5p,hsa-miR-33b-5p,MicroRNA,1.0,0,1,0.0006964043365784,0.1895178985643533,0.0007350238882763,0.0,[],0.0,0.0
hsa-miR-19b-3p,hsa-miR-19b-3p,MicroRNA,1.0,0,1,0.0047875964459767,0.2334182688595475,0.0036751194413818,0.0666666666666666,"[('TRPM6', 'KEGG:03083')]",0.008547008547008548,0.3578552023621105
hsa-miR-421,hsa-miR-421,MicroRNA,1.0,0,1,0.01191740225766,0.2417433026789284,0.0095553105475927,0.1415384615384615,"[('LEF1', 'KEGG:04010'), ('LEF1', 'KEGG:04014'), ('LEF1', 'KEGG:05200'), ('LEF1', 'KEGG:04068'), ('LEF1', 'KEGG:04917'), ('LEF1', 'KEGG:05212'), ('LEF1', 'KEGG:04012'), ('LEF1', 'KEGG:05210'), ('LEF1', 'KEGG:04310'), ('LEF1', 'KEGG:04910'), ('LEF1', 'KEGG:04510'), ('LEF1', 'KEGG:04935'), ('LEF1', 'KEGG:05166'), ('LEF1', 'KEGG:04914'), ('LEF1', 'KEGG:04931'), ('LEF1', 'KEGG:04140'), ('LEF1', 'KEGG:01522'), ('LEF1', 'KEGG:05170'), ('LEF1', 'KEGG:04912'), ('LEF1', 'KEGG:04722'), ('LEF1', 'KEGG:05017'), ('LEF1', 'KEGG:04930'), ('LEF1', 'KEGG:04660'), ('LEF1', 'KEGG:04933'), ('LEF1', 'KEGG:04926'), ('LEF1', 'KEGG:04141'), ('LEF1', 'KEGG:05135'), ('LEF1', 'KEGG:05142'), ('LEF1', 'KEGG:05161'), ('LEF1', 'KEGG:05131'), ('LEF1', 'KEGG:05417'), ('LEF1', 'KEGG:04210'), ('LEF1', 'KEGG:04750'), ('LEF1', 'KEGG:04728'), ('LEF1', 'KEGG:04024'), ('LEF1', 'KEGG:04920'), ('LEF1', 'KEGG:04071'), ('LEF1', 'KEGG:04664'), ('LEF1', 'KEGG:05130'), ('LEF1', 'KEGG:05167'), ('LEF1', 'KEGG:04668'), ('LEF1', 'KEGG:04380'), ('LEF1', 'KEGG:05162'), ('KDM5A', 'KEGG:04010'), ('KDM5A', 'KEGG:04014'), ('KDM5A', 'KEGG:05200'), ('KDM5A', 'KEGG:04068'), ('KDM5A', 'KEGG:05212'), ('KDM5A', 'KEGG:05220'), ('KDM5A', 'KEGG:04151'), ('KDM5A', 'KEGG:05166'), ('KDM5A', 'KEGG:04150'), ('KDM5A', 'KEGG:05170'), ('KDM5A', 'KEGG:05222'), ('KDM5A', 'KEGG:05215'), ('KDM5A', 'KEGG:04660'), ('KDM5A', 'KEGG:05221'), ('KDM5A', 'KEGG:05163'), ('KDM5A', 'KEGG:05135'), ('KDM5A', 'KEGG:05142'), ('KDM5A', 'KEGG:05161'), ('KDM5A', 'KEGG:05160'), ('KDM5A', 'KEGG:05131'), ('KDM5A', 'KEGG:05417'), ('KDM5A', 'KEGG:04210'), ('KDM5A', 'KEGG:04920'), ('KDM5A', 'KEGG:05130'), ('KDM5A', 'KEGG:05235'), ('KDM5A', 'KEGG:05167'), ('KDM5A', 'KEGG:04668'), ('KDM5A', 'KEGG:05165'), ('KDM5A', 'KEGG:04380'), ('KDM5A', 'KEGG:05162'), ('XIAP', 'KEGG:04010'), ('XIAP', 'KEGG:04148'), ('PTAR1', 'KEGG:04068'), ('PTAR1', 'KEGG:04211'), ('PTAR1', 'KEGG:04151'), ('PTAR1', 'KEGG:04910'), ('PTAR1', 'KEGG:04935'), ('PTAR1', 'KEGG:04152'), ('PTAR1', 'KEGG:04213'), ('PTAR1', 'KEGG:04931'), ('PTAR1', 'KEGG:04140'), ('PTAR1', 'KEGG:04150'), ('PTAR1', 'KEGG:04722'), ('PTAR1', 'KEGG:04930'), ('PTAR1', 'KEGG:04960'), ('PTAR1', 'KEGG:04022'), ('PTAR1', 'KEGG:04923'), ('PTAR1', 'KEGG:04920'), ('NUFIP2', 'KEGG:04010'), ('NUFIP2', 'KEGG:04935'), ('NUFIP2', 'KEGG:04912'), ('NUFIP2', 'KEGG:04725'), ('NUFIP2', 'KEGG:04930'), ('NUFIP2', 'KEGG:04921'), ('NUFIP2', 'KEGG:04713'), ('NUFIP2', 'KEGG:04022'), ('NUFIP2', 'KEGG:04724'), ('NUFIP2', 'KEGG:04929'), ('NUFIP2', 'KEGG:04934'), ('NUFIP2', 'KEGG:04728'), ('NUFIP2', 'KEGG:04024'), ('NUFIP2', 'KEGG:04924'), ('NUFIP2', 'KEGG:05414'), ('NUFIP2', 'KEGG:05207'), ('NUFIP2', 'KEGG:04911'), ('NUFIP2', 'KEGG:05410'), ('IGSF3', 'KEGG:05200'), ('IGSF3', 'KEGG:05211'), ('IGSF3', 'KEGG:04919'), ('IGSF3', 'KEGG:05166'), ('IGSF3', 'KEGG:04931'), ('IGSF3', 'KEGG:04148'), ('IGSF3', 'KEGG:04920'), ('IGSF3', 'KEGG:04066'), ('IGSF3', 'KEGG:04911'), ('XRN1', 'KEGG:04141'), ('STRN', 'KEGG:05202'), ('PANK2', 'KEGG:04110')]",0.6495726495726496,0.40403681093058974
hsa-miR-301a-3p,hsa-miR-301a-3p,MicroRNA,1.0,0,1,0.0063020117759429,0.2335264580919273,0.0073502388827636,0.0947368421052631,"[('SKP1', 'KEGG:05200'), ('SKP1', 'KEGG:04310'), ('SKP1', 'KEGG:04350'), ('SKP1', 'KEGG:03083'), ('SKP1', 'KEGG:05170'), ('SKP1', 'KEGG:04110'), ('SKP1', 'KEGG:04114'), ('SKP1', 'KEGG:04120'), ('SKP1', 'KEGG:04141'), ('SKP1', 'KEGG:04710'), ('SKP1', 'KEGG:05131'), ('UBE2W', 'KEGG:04010'), ('UBE2W', 'KEGG:04921'), ('UBE2W', 'KEGG:05414'), ('UBE2W', 'KEGG:05410'), ('ARAP2', 'KEGG:04390'), ('ARAP2', 'KEGG:05165'), ('N4BP1', 'KEGG:04014'), ('N4BP1', 'KEGG:05200'), ('N4BP1', 'KEGG:05212'), ('N4BP1', 'KEGG:05220'), ('N4BP1', 'KEGG:05225'), ('N4BP1', 'KEGG:04151'), ('N4BP1', 'KEGG:05166'), ('N4BP1', 'KEGG:04140'), ('N4BP1', 'KEGG:05202'), ('N4BP1', 'KEGG:05170'), ('N4BP1', 'KEGG:05222'), ('N4BP1', 'KEGG:01521'), ('N4BP1', 'KEGG:04115'), ('N4BP1', 'KEGG:05131'), ('N4BP1', 'KEGG:05417'), ('N4BP1', 'KEGG:04210'), ('N4BP1', 'KEGG:01524'), ('N4BP1', 'KEGG:05162'), ('BHLHE41', 'KEGG:04910'), ('ABRAXAS2', 'KEGG:04725'), ('ABRAXAS2', 'KEGG:04921'), ('ABRAXAS2', 'KEGG:04713'), ('ABRAXAS2', 'KEGG:04929'), ('ABRAXAS2', 'KEGG:04728'), ('ABRAXAS2', 'KEGG:05032'), ('ABRAXAS2', 'KEGG:04915'), ('RASGEF1A', 'KEGG:05225'), ('RASGEF1A', 'KEGG:03082'), ('WDR20', 'KEGG:04520')]",0.3504273504273504,0.36684285631725033
hsa-miR-100-5p,hsa-miR-100-5p,MicroRNA,1.0,0,1,0.0,0.1241529426259805,0.0003675119441381,,[],0.0,0.0
hsa-miR-106b-5p,hsa-miR-106b-5p,MicroRNA,1.0,0,1,0.0115208817966935,0.263718049376254,0.0227857405365674,0.4949762030671602,"[('TP53INP1', 'KEGG:05200'), ('TP53INP1', 'KEGG:05212'), ('TP53INP1', 'KEGG:05220'), ('TP53INP1', 'KEGG:05225'), ('TP53INP1', 'KEGG:05223'), ('TP53INP1', 'KEGG:05210'), ('TP53INP1', 'KEGG:05224'), ('TP53INP1', 'KEGG:05226'), ('TP53INP1', 'KEGG:05202'), ('TP53INP1', 'KEGG:05222'), ('TP53INP1', 'KEGG:05213'), ('TP53INP1', 'KEGG:05216'), ('TP53INP1', 'KEGG:05214'), ('TP53INP1', 'KEGG:05218'), ('TP53INP1', 'KEGG:05217'), ('PURA', 'KEGG:04520'), ('PURA', 'KEGG:05130'), ('SMAD5', 'KEGG:04144'), ('SMAD5', 'KEGG:04934'), ('FBXO48', 'KEGG:05131'), ('ZBTB20', 'KEGG:05135'), ('AGO3', 'KEGG:04928'), ('PGM2L1', 'KEGG:03013'), ('NSD3', 'KEGG:03013'), ('XIAP', 'KEGG:04010'), ('XIAP', 'KEGG:04148'), ('LYSMD3', 'KEGG:04360'), ('ZBTB41', 'KEGG:03083'), ('PHC3', 'KEGG:05200'), ('PHC3', 'KEGG:04340'), ('PHC3', 'KEGG:04024'), ('PHC3', 'KEGG:05217'), ('ZNF236', 'KEGG:05200'), ('ZNF236', 'KEGG:04022'), ('ZNF236', 'KEGG:04024'), ('ZNF236', 'KEGG:04924'), ('SMIM14', 'KEGG:04310'), ('SMIM14', 'KEGG:04928'), ('UCP3', 'KEGG:05017'), ('UCP3', 'KEGG:04724'), ('UCP3', 'KEGG:04024'), ('UCP3', 'KEGG:05030'), ('MYNN', 'KEGG:03082'), ('RAPGEF5', 'KEGG:04144'), ('RAPGEF5', 'KEGG:04810'), ('RAPGEF5', 'KEGG:04520'), ('RAPGEF5', 'KEGG:05135'), ('RAPGEF5', 'KEGG:05131'), ('RAPGEF5', 'KEGG:05100'), ('RAPGEF5', 'KEGG:05130')]",0.3247863247863248,0.35999231157288236
hsa-miR-330-3p,hsa-miR-330-3p,MicroRNA,1.0,2,0,,,,,"[('KIAA1614', 'KEGG:05205'), ('KIAA1614', 'KEGG:04015'), ('KIAA1614', 'KEGG:05225'), ('KIAA1614', 'KEGG:04919'), ('KIAA1614', 'KEGG:04390'), ('KIAA1614', 'KEGG:04510'), ('KIAA1614', 'KEGG:04810'), ('KIAA1614', 'KEGG:03082'), ('KIAA1614', 'KEGG:04921'), ('KIAA1614', 'KEGG:04520'), ('KIAA1614', 'KEGG:05135'), ('KIAA1614', 'KEGG:05131'), ('KIAA1614', 'KEGG:04971'), ('KIAA1614', 'KEGG:04210'), ('KIAA1614', 'KEGG:04611'), ('KIAA1614', 'KEGG:05414'), ('KIAA1614', 'KEGG:05100'), ('KIAA1614', 'KEGG:05130'), ('KIAA1614', 'KEGG:05410')]",0.1623931623931624,0.4252038591006696
hsa-miR-26a-5p,hsa-miR-26a-5p,MicroRNA,1.0,0,1,0.0024810899140967,0.1565266918655827,0.0022050716648291,0.2,"[('DCUN1D3', 'KEGG:04120'), ('HAS2', 'KEGG:04310'), ('HAS2', 'KEGG:04722'), ('HAS2', 'KEGG:05165'), ('KCNE4', 'KEGG:04211'), ('KCNE4', 'KEGG:04910'), ('KCNE4', 'KEGG:04152'), ('KCNE4', 'KEGG:04931'), ('KCNE4', 'KEGG:04371'), ('KCNE4', 'KEGG:04920')]",0.08547008547008547,0.3275319972481455
hsa-miR-491-5p,hsa-miR-491-5p,MicroRNA,1.0,0,1,0.0064172240964147,0.2317362974319662,0.0066152149944873,0.065359477124183,"[('ERN1', 'KEGG:04010'), ('ERN1', 'KEGG:04014'), ('SYNGAP1', 'KEGG:04014'), ('NIPAL2', 'KEGG:03082')]",0.02564102564102564,0.37369505430498046
hsa-miR-196b-5p,hsa-miR-196b-5p,MicroRNA,1.0,0,1,0.0013925661080797,0.1616491096732795,0.0011025358324145,0.0,"[('GATA6', 'KEGG:04919'), ('GATA6', 'KEGG:04152'), ('GATA6', 'KEGG:04066'), ('NRXN1', 'KEGG:04150'), ('NRXN1', 'KEGG:05165')]",0.042735042735042736,0.32076187822969954
hsa-miR-125a-5p,hsa-miR-125a-5p,MicroRNA,1.0,0,1,0.0034795960321204,0.1238985204311652,0.0022050716648291,0.0,"[('LOXL1', 'KEGG:04070'), ('TMED9', 'KEGG:04218'), ('TMED9', 'KEGG:05166'), ('TMED9', 'KEGG:04110'), ('TMED9', 'KEGG:04115')]",0.042735042735042736,0.35760957528926224
hsa-miR-130b-3p,hsa-miR-130b-3p,MicroRNA,1.0,0,1,0.0047907239723194,0.2396733528898755,0.0062477030503491,0.0661764705882353,"[('SKP1', 'KEGG:05200'), ('SKP1', 'KEGG:04310'), ('SKP1', 'KEGG:04350'), ('SKP1', 'KEGG:03083'), ('SKP1', 'KEGG:05170'), ('SKP1', 'KEGG:04110'), ('SKP1', 'KEGG:04114'), ('SKP1', 'KEGG:04120'), ('SKP1', 'KEGG:04141'), ('SKP1', 'KEGG:04710'), ('SKP1', 'KEGG:05131'), ('FBXW11', 'KEGG:04010'), ('FBXW11', 'KEGG:04014'), ('FBXW11', 'KEGG:05200'), ('FBXW11', 'KEGG:04068'), ('FBXW11', 'KEGG:05223'), ('MLEC', 'KEGG:05200'), ('MLEC', 'KEGG:05223'), ('MLEC', 'KEGG:05235'), ('BAG5', 'KEGG:04929'), ('RNF180', 'KEGG:04668')]",0.15384615384615385,0.34080841898911035
hsa-miR-142-5p,hsa-miR-142-5p,MicroRNA,1.0,0,1,0.0003254821787375,0.2274813755737828,0.0033076074972436,0.4722222222222222,"[('SMAD5', 'KEGG:04144'), ('SMAD5', 'KEGG:04934'), ('PURA', 'KEGG:04520'), ('PURA', 'KEGG:05130')]",0.03418803418803419,0.38372520609912986
hsa-miR-221-3p,hsa-miR-221-3p,MicroRNA,1.0,0,1,0.0016304846795869,0.1336132596685083,0.0014700477765527,0.1666666666666666,"[('KDR', 'KEGG:04360')]",0.008547008547008548,0.32955194861104586
hsa-let-7a-5p,hsa-let-7a-5p,MicroRNA,0.0,0,1,0.0006964043365784,0.1680284586737813,0.0007350238882763,0.0,[],0.0,0.0
hsa-miR-148b-3p,hsa-miR-148b-3p,MicroRNA,1.0,0,1,0.0048517841041679,0.2282715396813411,0.0069827269386255,0.1461988304093567,"[('DCUN1D4', 'KEGG:04144'), ('LYSMD3', 'KEGG:04360'), ('ZBTB20', 'KEGG:05135'), ('ARHGEF17', 'KEGG:04148')]",0.03418803418803419,0.3425474045673623
hsa-miR-128-3p,hsa-miR-128-3p,MicroRNA,1.0,0,1,0.0012607077918177,0.1795450495931579,0.0011025358324145,0.0,"[('RIMS3', 'KEGG:04120')]",0.008547008547008548,0.3788357169007678
hsa-miR-25-3p,hsa-miR-25-3p,MicroRNA,1.0,0,1,0.0071275394914049,0.2326995612347009,0.0102903344358691,0.1428571428571428,"[('PAX5', 'KEGG:04144'), ('YIPF4', 'KEGG:04218'), ('YIPF4', 'KEGG:05200'), ('YIPF4', 'KEGG:04068'), ('YIPF4', 'KEGG:04211'), ('YIPF4', 'KEGG:04919'), ('YIPF4', 'KEGG:04910'), ('YIPF4', 'KEGG:04152'), ('YIPF4', 'KEGG:04213'), ('YIPF4', 'KEGG:04931'), ('YIPF4', 'KEGG:05202'), ('YIPF4', 'KEGG:05215'), ('YIPF4', 'KEGG:04933'), ('YIPF4', 'KEGG:05131'), ('YIPF4', 'KEGG:05165'), ('ZC2HC1A', 'KEGG:03082'), ('SEC31B', 'KEGG:03083'), ('STAG2', 'KEGG:04110'), ('RPS6KB1', 'KEGG:03083'), ('DCAF10', 'KEGG:04120')]",0.1623931623931624,0.3665179265057815
hsa-miR-1271-5p,hsa-miR-1271-5p,MicroRNA,1.0,0,1,0.0020907258317476,0.1800154826415768,0.0011025358324145,0.3333333333333333,[],0.0,0.0
hsa-miR-708-5p,hsa-miR-708-5p,MicroRNA,1.0,0,1,0.0029760523723739,0.1664739247755933,0.0022050716648291,0.0,"[('RIMS3', 'KEGG:04120'), ('DKK3', 'KEGG:03083')]",0.017094017094017096,0.3411974105782185
hsa-miR-497-5p,hsa-miR-497-5p,MicroRNA,1.0,0,1,0.0018026210093798,0.2106179892705357,0.0011025358324145,0.0,"[('ATP10B', 'KEGG:05200'), ('ATP10B', 'KEGG:04211'), ('ATP10B', 'KEGG:05210'), ('ATP10B', 'KEGG:04920'), ('PTGFR', 'KEGG:04360')]",0.042735042735042736,0.4023381478018321
hsa-miR-23a-3p,hsa-miR-23a-3p,MicroRNA,1.0,0,1,0.0150594179682372,0.2330943017965918,0.00808526277104,0.0346320346320346,"[('KPNA5', 'KEGG:04141'), ('MYNN', 'KEGG:03082'), ('YIPF4', 'KEGG:04218'), ('YIPF4', 'KEGG:05200'), ('YIPF4', 'KEGG:04068'), ('YIPF4', 'KEGG:04211'), ('YIPF4', 'KEGG:04919'), ('YIPF4', 'KEGG:04910'), ('YIPF4', 'KEGG:04152'), ('YIPF4', 'KEGG:04213'), ('YIPF4', 'KEGG:04931'), ('YIPF4', 'KEGG:05202'), ('YIPF4', 'KEGG:05215'), ('YIPF4', 'KEGG:04933'), ('YIPF4', 'KEGG:05131'), ('YIPF4', 'KEGG:05165'), ('NRXN1', 'KEGG:04150'), ('NRXN1', 'KEGG:05165'), ('FBXO33', 'KEGG:04010'), ('FBXO33', 'KEGG:04014'), ('FBXO33', 'KEGG:04068'), ('FBXO33', 'KEGG:04211'), ('FBXO33', 'KEGG:04015'), ('FBXO33', 'KEGG:04151'), ('FBXO33', 'KEGG:04910'), ('FBXO33', 'KEGG:04152'), ('FBXO33', 'KEGG:04213'), ('FBXO33', 'KEGG:04931'), ('FBXO33', 'KEGG:04150'), ('FBXO33', 'KEGG:04930'), ('FBXO33', 'KEGG:04520'), ('FBXO33', 'KEGG:04960'), ('FBXO33', 'KEGG:04022'), ('FBXO33', 'KEGG:04923'), ('FBXO33', 'KEGG:04066'), ('ZNF793', 'KEGG:05200'), ('ZNF793', 'KEGG:04919'), ('ZNF793', 'KEGG:05223'), ('ZNF793', 'KEGG:04151'), ('ZNF793', 'KEGG:05226'), ('ZNF793', 'KEGG:05202'), ('ZNF793', 'KEGG:05222'), ('ZNF793', 'KEGG:04928'), ('ZNF793', 'KEGG:05216'), ('ZNF793', 'KEGG:04148'), ('ZNF793', 'KEGG:05160'), ('ZNF793', 'KEGG:05417'), ('ZNF793', 'KEGG:04920'), ('ZNF793', 'KEGG:05207'), ('PURB', 'KEGG:04211'), ('PURB', 'KEGG:04140'), ('PURB', 'KEGG:05017'), ('KLF10', 'KEGG:04144')]",0.3418803418803419,0.35856780415246137
hsa-miR-103a-3p,hsa-miR-103a-3p,MicroRNA,1.0,0,1,0.0014185752135821,0.2038298159261007,0.0029400955531054,0.5357142857142857,"[('ST13', 'KEGG:05131'), ('ST13', 'KEGG:05100'), ('NSG1', 'KEGG:04010'), ('HMGN2', 'KEGG:05130')]",0.03418803418803419,0.3414117584797616
hsa-miR-493-3p,hsa-miR-493-3p,MicroRNA,1.0,0,1,0.0006964043365784,0.1337669808398601,0.0007350238882763,0.0,[],0.0,0.0
hsa-miR-222-3p,hsa-miR-222-3p,MicroRNA,1.0,0,1,0.0005171023783781,0.1342183545708831,0.0018375597206909,0.3,"[('AIDA', 'KEGG:04144')]",0.008547008547008548,0.33083276879744516
hsa-miR-187-3p,hsa-miR-187-3p,MicroRNA,1.0,0,1,0.0,0.1235440761780211,0.0003675119441381,,[],0.0,0.0
hsa-miR-193a-3p,hsa-miR-193a-3p,MicroRNA,1.0,0,1,0.0021330659535656,0.1867086653078871,0.0025725836089672,0.1428571428571428,"[('DIO2', 'KEGG:04110'), ('NSF', 'KEGG:04750'), ('ENTPD1', 'KEGG:04144')]",0.02564102564102564,0.37223227009218984
hsa-miR-29a-3p,hsa-miR-29a-3p,MicroRNA,1.0,0,1,0.0,0.0999173690299124,0.0003675119441381,,[],0.0,0.0
hsa-miR-20a-5p,hsa-miR-20a-5p,MicroRNA,1.0,4,0,,,,,"[('SMOC2', 'KEGG:04218'), ('SMOC2', 'KEGG:04390'), ('SMOC2', 'KEGG:04310'), ('SMOC2', 'KEGG:05170'), ('SMOC2', 'KEGG:04340'), ('SMOC2', 'KEGG:04114'), ('SMOC2', 'KEGG:04120'), ('SMOC2', 'KEGG:04710'), ('SMOC2', 'KEGG:05131')]",0.07692307692307693,0.4036989117723815
hsa-miR-615-3p,hsa-miR-615-3p,MicroRNA,1.0,5,0,,,,,[],0.0,0.0
hsa-miR-760,hsa-miR-760,MicroRNA,1.0,0,1,0.0038550081817089,0.2084683814909316,0.0044101433296582,0.0303030303030303,"[('KRBA1', 'KEGG:04141')]",0.008547008547008548,0.33762233277508463
hsa-miR-30b-5p,hsa-miR-30b-5p,MicroRNA,1.0,0,1,0.0006964043365784,0.1225822148331373,0.0007350238882763,0.0,"[('MAP4K4', 'KEGG:04218')]",0.008547008547008548,0.3580553801628105
hsa-miR-190a-5p,hsa-miR-190a-5p,MicroRNA,1.0,0,1,0.0006964043365784,0.196541187178987,0.0007350238882763,0.0,"[('KCNJ6', 'KEGG:04144'), ('KCNJ6', 'KEGG:05135')]",0.017094017094017096,0.32512731563261704
hsa-miR-551b-3p,hsa-miR-551b-3p,MicroRNA,1.0,0,1,0.0,0.1899943435359185,0.0003675119441381,,[],0.0,0.0
hsa-miR-328-3p,hsa-miR-328-3p,MicroRNA,1.0,0,1,0.001625389226194,0.2023833433755104,0.0018375597206909,0.0,"[('SOX11', 'KEGG:05205'), ('SOX11', 'KEGG:04015'), ('SOX11', 'KEGG:04510'), ('SOX11', 'KEGG:04810'), ('SOX11', 'KEGG:04660'), ('SOX11', 'KEGG:05135'), ('SOX11', 'KEGG:05417'), ('SOX11', 'KEGG:04024'), ('SOX11', 'KEGG:04664')]",0.07692307692307693,0.3175296650511997
hsa-miR-877-5p,hsa-miR-877-5p,MicroRNA,1.0,0,1,0.0014080905383772,0.2229844360846795,0.0018375597206909,0.1,"[('NR4A3', 'KEGG:05205'), ('NR4A3', 'KEGG:04010'), ('NR4A3', 'KEGG:05200'), ('NR4A3', 'KEGG:05170'), ('NR4A3', 'KEGG:05163'), ('NR4A3', 'KEGG:04115'), ('NR4A3', 'KEGG:05142'), ('NR4A3', 'KEGG:05161'), ('NR4A3', 'KEGG:05160'), ('NR4A3', 'KEGG:05417'), ('NR4A3', 'KEGG:04210'), ('NR4A3', 'KEGG:01524'), ('NR4A3', 'KEGG:05130'), ('NR4A3', 'KEGG:05167'), ('NR4A3', 'KEGG:04668'), ('NR4A3', 'KEGG:05165'), ('NR4A3', 'KEGG:05162')]",0.1452991452991453,0.35739499932042795
hsa-miR-199b-3p,hsa-miR-199b-3p,MicroRNA,1.0,0,1,0.003134903188227,0.1561063774851536,0.0025725836089672,1.0,"[('PGRMC2', 'KEGG:04550'), ('PGRMC2', 'KEGG:05166'), ('PGRMC2', 'KEGG:05202'), ('ZEB1', 'KEGG:05202'), ('ZEB1', 'KEGG:05215'), ('KCTD16', 'KEGG:04141')]",0.042735042735042736,0.35023020264023136
hsa-miR-199a-3p,hsa-miR-199a-3p,MicroRNA,1.0,0,1,0.003134903188227,0.1561063774851536,0.0025725836089672,1.0,"[('PGRMC2', 'KEGG:04550'), ('PGRMC2', 'KEGG:05166'), ('PGRMC2', 'KEGG:05202'), ('ZEB1', 'KEGG:05202'), ('ZEB1', 'KEGG:05215'), ('KCTD16', 'KEGG:04141')]",0.042735042735042736,0.347899103316809
hsa-miR-199a-5p,hsa-miR-199a-5p,MicroRNA,1.0,0,1,0.0,0.179055855002073,0.0003675119441381,,[],0.0,0.0
hsa-miR-299-5p,hsa-miR-299-5p,MicroRNA,1.0,0,1,0.0,0.1613729781668713,0.0003675119441381,,[],0.0,0.0
hsa-miR-503-5p,hsa-miR-503-5p,MicroRNA,1.0,0,1,0.0,0.1504504056138954,0.0003675119441381,,"[('PTGFR', 'KEGG:04360')]",0.008547008547008548,0.3819979404328371
hsa-let-7i-5p,hsa-let-7i-5p,MicroRNA,1.0,3,0,,,,,"[('PCTP', 'KEGG:04310'), ('MTRES1', 'KEGG:05205'), ('MTRES1', 'KEGG:04010'), ('MTRES1', 'KEGG:04014'), ('MTRES1', 'KEGG:04015'), ('MTRES1', 'KEGG:04151'), ('MTRES1', 'KEGG:04510'), ('MTRES1', 'KEGG:01521')]",0.06837606837606838,0.3339736071574536
hsa-miR-26b-5p,hsa-miR-26b-5p,MicroRNA,1.0,0,1,0.0006964043365784,0.1341826090816281,0.0007350238882763,0.0,"[('TMEM86A', 'KEGG:04144')]",0.008547008547008548,0.3567000305768383
hsa-miR-502-3p,hsa-miR-502-3p,MicroRNA,1.0,0,1,0.0,0.1973881815213842,0.0003675119441381,,[],0.0,0.0
hsa-let-7f-5p,hsa-let-7f-5p,MicroRNA,1.0,0,1,0.0,0.1679911086412892,0.0003675119441381,,[],0.0,0.0
hsa-miR-340-5p,hsa-miR-340-5p,MicroRNA,1.0,0,1,0.0006964043365784,0.167823238771998,0.0007350238882763,0.0,[],0.0,0.0
hsa-miR-154-5p,hsa-miR-154-5p,MicroRNA,1.0,0,1,0.0,0.1236046939526516,0.0003675119441381,,[],0.0,0.0
hsa-miR-374b-5p,hsa-miR-374b-5p,MicroRNA,1.0,0,1,0.0,0.1851080766640132,0.0003675119441381,,[],0.0,0.0
hsa-miR-409-3p,hsa-miR-409-3p,MicroRNA,1.0,0,1,0.0,0.1989208396394025,0.0003675119441381,,[],0.0,0.0
hsa-miR-330-5p,hsa-miR-330-5p,MicroRNA,1.0,0,1,0.0013923235430025,0.1655440556376978,0.0007350238882763,0.0,[],0.0,0.0
hsa-miR-382-5p,hsa-miR-382-5p,MicroRNA,1.0,6,0,,,,,[],0.0,0.0
hsa-miR-27a-3p,hsa-miR-27a-3p,MicroRNA,1.0,0,1,0.0034795960321204,0.1915109280962939,0.0022050716648291,0.0,"[('SLCO5A1', 'KEGG:05200'), ('SLCO5A1', 'KEGG:04919'), ('SLCO5A1', 'KEGG:05224'), ('SLCO5A1', 'KEGG:01522'), ('SLCO5A1', 'KEGG:04915'), ('MVB12B', 'KEGG:04144'), ('MVB12B', 'KEGG:04140'), ('ADCY6', 'KEGG:04070'), ('LONRF2', 'KEGG:04914'), ('LONRF2', 'KEGG:04114'), ('KCNJ3', 'KEGG:05200'), ('KCNJ3', 'KEGG:04015'), ('KCNJ3', 'KEGG:04935'), ('KCNJ3', 'KEGG:05170'), ('KCNJ3', 'KEGG:04371'), ('KCNJ3', 'KEGG:04912'), ('KCNJ3', 'KEGG:04725'), ('KCNJ3', 'KEGG:05017'), ('KCNJ3', 'KEGG:04928'), ('KCNJ3', 'KEGG:04921'), ('KCNJ3', 'KEGG:04713'), ('KCNJ3', 'KEGG:05163'), ('KCNJ3', 'KEGG:04730'), ('KCNJ3', 'KEGG:05135'), ('KCNJ3', 'KEGG:04022'), ('KCNJ3', 'KEGG:05142'), ('KCNJ3', 'KEGG:04724'), ('KCNJ3', 'KEGG:04929'), ('KCNJ3', 'KEGG:04971'), ('KCNJ3', 'KEGG:04611'), ('KCNJ3', 'KEGG:04934'), ('KCNJ3', 'KEGG:04750'), ('KCNJ3', 'KEGG:04728'), ('KCNJ3', 'KEGG:04924'), ('KCNJ3', 'KEGG:04916'), ('KCNJ3', 'KEGG:04915'), ('KCNJ3', 'KEGG:04071'), ('KCNJ3', 'KEGG:04911'), ('FBRSL1', 'KEGG:05200'), ('FBRSL1', 'KEGG:04151'), ('FBRSL1', 'KEGG:04510'), ('FBRSL1', 'KEGG:05222'), ('FBRSL1', 'KEGG:04933'), ('FBRSL1', 'KEGG:04926'), ('FBRSL1', 'KEGG:05165')]",0.358974358974359,0.33463005496237874
hsa-miR-212-3p,hsa-miR-212-3p,MicroRNA,1.0,0,1,1.7206461920350112e-05,0.133885468798441,0.0007350238882763,1.0,"[('CFL2', 'KEGG:04360'), ('CFL2', 'KEGG:05170'), ('CFL2', 'KEGG:04810')]",0.02564102564102564,0.35412808723552436
hsa-miR-125b-5p,hsa-miR-125b-5p,MicroRNA,1.0,1,0,,,,,"[('CD248', 'KEGG:04218'), ('CD248', 'KEGG:05200'), ('CD248', 'KEGG:05212'), ('CD248', 'KEGG:05220'), ('CD248', 'KEGG:05225'), ('CD248', 'KEGG:05223'), ('CD248', 'KEGG:04151'), ('CD248', 'KEGG:05224'), ('CD248', 'KEGG:04110'), ('CD248', 'KEGG:05222'), ('CD248', 'KEGG:05163'), ('CD248', 'KEGG:04115'), ('CD248', 'KEGG:05214'), ('CD248', 'KEGG:05218'), ('CD248', 'KEGG:05160'), ('CD248', 'KEGG:04934'), ('CD248', 'KEGG:05167'), ('CD248', 'KEGG:05165'), ('CD248', 'KEGG:05162')]",0.1623931623931624,0.35087877921254396
hsa-miR-532-5p,hsa-miR-532-5p,MicroRNA,1.0,7,0,,,,,"[('SETD9', 'KEGG:05161'), ('SETD9', 'KEGG:04210'), ('SETD9', 'KEGG:04668')]",0.02564102564102564,0.3467585755829056
hsa-miR-22-5p,hsa-miR-22-5p,MicroRNA,1.0,8,0,,,,,"[('STK25', 'KEGG:04010'), ('STK25', 'KEGG:04014'), ('STK25', 'KEGG:05200'), ('STK25', 'KEGG:04015'), ('STK25', 'KEGG:04151'), ('STK25', 'KEGG:05224'), ('STK25', 'KEGG:05226'), ('STK25', 'KEGG:04810'), ('STK25', 'KEGG:05218'), ('STK25', 'KEGG:05207')]",0.08547008547008547,0.35167199694484763
hsa-miR-582-5p,hsa-miR-582-5p,MicroRNA,1.0,0,1,0.0007644174575961,0.2042429565569894,0.0014700477765527,0.0,"[('SKP1', 'KEGG:05200'), ('SKP1', 'KEGG:04310'), ('SKP1', 'KEGG:04350'), ('SKP1', 'KEGG:03083'), ('SKP1', 'KEGG:05170'), ('SKP1', 'KEGG:04110'), ('SKP1', 'KEGG:04114'), ('SKP1', 'KEGG:04120'), ('SKP1', 'KEGG:04141'), ('SKP1', 'KEGG:04710'), ('SKP1', 'KEGG:05131'), ('RABEP1', 'KEGG:04550'), ('RABEP1', 'KEGG:05207')]",0.1111111111111111,0.3471549447178975
hsa-miR-374c-5p,hsa-miR-374c-5p,MicroRNA,1.0,0,1,0.0,0.1866856048910022,0.0003675119441381,,[],0.0,0.0
hsa-miR-874-3p,hsa-miR-874-3p,MicroRNA,1.0,0,1,0.0,0.125953085288113,0.0003675119441381,,[],0.0,0.0
hsa-miR-655-3p,hsa-miR-655-3p,MicroRNA,1.0,9,0,,,,,"[('FERMT2', 'KEGG:04218'), ('FERMT2', 'KEGG:04068'), ('FERMT2', 'KEGG:04151'), ('FERMT2', 'KEGG:04110'), ('FERMT2', 'KEGG:05165')]",0.042735042735042736,0.33708009773138226
hsa-miR-28-5p,hsa-miR-28-5p,MicroRNA,1.0,10,0,,,,,"[('RCVRN', 'KEGG:04140'), ('RCVRN', 'KEGG:05017')]",0.017094017094017096,0.3399070956689121
hsa-miR-34a-5p,hsa-miR-34a-5p,MicroRNA,1.0,11,0,,,,,[],0.0,0.0
hsa-miR-33a-5p,hsa-miR-33a-5p,MicroRNA,1.0,0,1,1.2555111111306824e-05,0.1337906616508077,0.0007350238882763,0.0,[],0.0,0.0
hsa-miR-758-3p,hsa-miR-758-3p,MicroRNA,1.0,0,1,0.0,0.1323149647656147,0.0003675119441381,,[],0.0,0.0
hsa-miR-92b-3p,hsa-miR-92b-3p,MicroRNA,0.0,12,0,,,,,[],0.0,0.0
hsa-miR-32-5p,hsa-miR-32-5p,MicroRNA,1.0,13,0,,,,,[],0.0,0.0
RPS3,RPS3,Messenger RNA,0.0,0,1,0.0,0.4137931034482758,0.006578947368421,,,,
RPA1,RPA1,Messenger RNA,0.0,0,1,0.0,0.4010902309568211,0.006578947368421,,,,
TRHDE,TRHDE,Messenger RNA,0.0,0,1,4.603529306234984e-05,0.2590808005930319,0.0197368421052631,1.0,,,
RPL14,RPL14,Messenger RNA,0.0,0,1,0.0,0.4137931034482758,0.006578947368421,,,,
LRRC1,LRRC1,Messenger RNA,0.0,0,1,0.0,0.4137931034482758,0.006578947368421,,,,
FZD4,FZD4,Messenger RNA,0.0,0,1,0.0015117279521436,0.2616997379258705,0.0394736842105263,0.8666666666666667,,,
RAB5B,RAB5B,Messenger RNA,0.0,0,1,0.0026921333030419,0.4696791533680497,0.0328947368421052,1.0,,,
KAT7,KAT7,Messenger RNA,0.0,0,1,0.0012226258040327,0.4520614389652385,0.0263157894736842,0.8333333333333334,,,
SLC35C2,SLC35C2,Messenger RNA,0.0,0,1,0.0021620516619768,0.4217194570135746,0.0197368421052631,0.3333333333333333,,,
CADM1,CADM1,Messenger RNA,0.0,0,1,0.0049678888321621,0.4502415458937198,0.0460526315789473,0.7619047619047619,,,
ZBTB7C,ZBTB7C,Messenger RNA,0.0,0,1,0.0003946387984834,0.412267767620171,0.0131578947368421,0.0,,,
NRP1,NRP1,Messenger RNA,0.0,0,1,6.449715028833293e-05,0.2588409553786336,0.0197368421052631,1.0,,,
CCDC85C,CCDC85C,Messenger RNA,0.0,0,1,0.0024246533290764,0.4680281218613994,0.0328947368421052,1.0,,,
HCAR2,HCAR2,Messenger RNA,0.0,0,1,0.0,0.2572690467427309,0.006578947368421,,,,
EDC3,EDC3,Messenger RNA,0.0,0,1,0.0,0.4137931034482758,0.006578947368421,,,,
LAS1L,LAS1L,Messenger RNA,0.0,0,1,3.958871587481144e-06,0.4144678327898013,0.0131578947368421,1.0,,,
GNAI1,GNAI1,Messenger RNA,0.0,0,1,2.684934628791172e-06,0.257767124550567,0.0131578947368421,1.0,,,
EMX2,EMX2,Messenger RNA,0.0,0,1,0.0,0.2549699069852271,0.006578947368421,,,,
ITSN1,ITSN1,Messenger RNA,0.0,0,1,0.0036655424776905,0.261650758001123,0.0657894736842105,0.5333333333333333,,,
RCC2,RCC2,Messenger RNA,0.0,0,1,0.0017648396887397,0.4334883720930232,0.0328947368421052,0.8,,,
HNRNPA1,HNRNPA1,Messenger RNA,6.0,0,1,0.0022358125247156,0.4309494451294698,0.0263157894736842,0.6666666666666666,,,
DAG1,DAG1,Messenger RNA,0.0,0,1,0.0002485412800856,0.4170022371364653,0.0131578947368421,1.0,,,
PRPF38A,PRPF38A,Messenger RNA,0.0,0,1,0.0006616786167329,0.4557457212713936,0.0197368421052631,1.0,,,
PAK4,PAK4,Messenger RNA,0.0,0,1,0.0015853443797442,0.4266097039975587,0.0263157894736842,0.5,,,
ACO1,ACO1,Messenger RNA,0.0,0,1,0.0,0.2572690467427309,0.006578947368421,,,,
NOVA2,NOVA2,Messenger RNA,0.0,0,1,0.0007545733258092,0.281968535699879,0.0197368421052631,0.6666666666666666,,,
IL20RA,IL20RA,Messenger RNA,0.0,0,1,0.0,0.4010902309568211,0.006578947368421,,,,
DMRT2,DMRT2,Messenger RNA,0.0,0,1,0.0,0.2799078986885574,0.006578947368421,,,,
ZNF740,ZNF740,Messenger RNA,0.0,0,1,0.0007742743144973,0.4345663661796705,0.0197368421052631,1.0,,,
AK2,AK2,Messenger RNA,0.0,0,1,0.0,0.4137931034482758,0.006578947368421,,,,
STRBP,STRBP,Messenger RNA,14.0,0,1,0.001019207154394,0.4634510193933366,0.0263157894736842,1.0,,,
PLXNA4,PLXNA4,Messenger RNA,0.0,0,1,0.0005604640985101,0.2601656276170094,0.0263157894736842,0.8333333333333334,,,
PITPNA,PITPNA,Messenger RNA,0.0,0,1,0.0016468222130246,0.4602469135802469,0.0328947368421052,0.9,,,
WRNIP1,WRNIP1,Messenger RNA,0.0,0,1,0.0003299220207128,0.4246013667425968,0.0131578947368421,1.0,,,
GHR,GHR,Messenger RNA,0.0,0,1,0.000105797645915,0.2593692022263451,0.0131578947368421,1.0,,,
CRTAP,CRTAP,Messenger RNA,3.0,0,1,0.0035520235620546,0.282566953006569,0.0263157894736842,0.3333333333333333,,,
ZFPM2,ZFPM2,Messenger RNA,0.0,0,1,9.544023663625056e-05,0.2808638874937217,0.0131578947368421,1.0,,,
GOLT1A,GOLT1A,Messenger RNA,0.0,0,1,0.0,0.4109347442680776,0.006578947368421,,,,
ASB6,ASB6,Messenger RNA,1.0,0,1,0.0003150212534959,0.4450103453764125,0.0131578947368421,1.0,,,
RAPGEFL1,RAPGEFL1,Messenger RNA,0.0,0,1,0.0010666400892252,0.4561174551386623,0.0263157894736842,1.0,,,
TP53,TP53,Messenger RNA,0.0,0,1,0.0,0.4137931034482758,0.006578947368421,,,,
CELF2,CELF2,Messenger RNA,0.0,0,1,0.0033653120132399,0.2826812253563845,0.0328947368421052,0.6,,,
JCAD,JCAD,Messenger RNA,0.0,0,1,0.0027098930221682,0.2814292903875188,0.0263157894736842,0.5,,,
ABRACL,ABRACL,Messenger RNA,0.0,0,1,0.0,0.4003436426116838,0.006578947368421,,,,
ZEB2,ZEB2,Messenger RNA,0.0,0,1,0.0007373967120001,0.2593451442352286,0.0263157894736842,0.3333333333333333,,,
PADI2,PADI2,Messenger RNA,0.0,0,1,0.0007099604278236,0.4285714285714285,0.0197368421052631,1.0,,,
GPN1,GPN1,Messenger RNA,0.0,0,1,0.0,0.3989156798402054,0.006578947368421,,,,
ZEB1,ZEB1,Messenger RNA,0.0,0,1,0.0006164138053922,0.2813160277693933,0.0263157894736842,0.3333333333333333,,,
NEGR1,NEGR1,Messenger RNA,0.0,0,1,0.0037518053069687,0.2832539762941951,0.0394736842105263,0.6666666666666666,,,
YWHAG,YWHAG,Messenger RNA,0.0,0,1,0.0013425382688345,0.2826812253563845,0.0263157894736842,1.0,,,
SPPL3,SPPL3,Messenger RNA,0.0,0,1,0.0,0.3989156798402054,0.006578947368421,,,,
UMPS,UMPS,Messenger RNA,0.0,0,1,0.0,0.4109347442680776,0.006578947368421,,,,
NOL7,NOL7,Messenger RNA,0.0,0,1,0.0,0.4161952962191128,0.006578947368421,,,,
TMEM108,TMEM108,Messenger RNA,0.0,0,1,0.0,0.3989156798402054,0.006578947368421,,,,
NHP2,NHP2,Messenger RNA,0.0,0,1,0.0,0.4137931034482758,0.006578947368421,,,,
WARS2,WARS2,Messenger RNA,0.0,0,1,0.0,0.4137931034482758,0.006578947368421,,,,
TMEM201,TMEM201,Messenger RNA,0.0,0,1,0.0,0.3989156798402054,0.006578947368421,,,,
SCYL3,SCYL3,Messenger RNA,0.0,0,1,0.0,0.4137931034482758,0.006578947368421,,,,
ETV1,ETV1,Messenger RNA,0.0,0,1,0.0029852356408864,0.4943422913719943,0.0394736842105263,1.0,,,
CAPRIN1,CAPRIN1,Messenger RNA,0.0,0,1,0.0014990716508701,0.4535279805352798,0.0263157894736842,1.0,,,
ZNF207,ZNF207,Messenger RNA,0.0,0,1,0.0007539943508964,0.4241504854368932,0.0263157894736842,1.0,,,
XPO5,XPO5,Messenger RNA,0.0,0,1,0.0,0.4109347442680776,0.006578947368421,,,,
HMGB3,HMGB3,Messenger RNA,0.0,0,1,0.0003125067399179,0.4417759519671354,0.0197368421052631,1.0,,,
NCOA2,NCOA2,Messenger RNA,0.0,0,1,0.0001880949426363,0.4230594643667726,0.0131578947368421,1.0,,,
GABRP,GABRP,Messenger RNA,0.0,0,1,0.0,0.3989156798402054,0.006578947368421,,,,
PSPC1,PSPC1,Messenger RNA,0.0,0,1,0.0002339472145913,0.4114790286975717,0.0131578947368421,1.0,,,
MDM4,MDM4,Messenger RNA,0.0,0,1,0.0001695991646078,0.4208308248043347,0.0131578947368421,1.0,,,
CFL2,CFL2,Messenger RNA,0.0,0,1,0.0042592042653674,0.2828528072837633,0.0394736842105263,0.3333333333333333,,,
CFAP44,CFAP44,Messenger RNA,0.0,0,1,0.0004386101293898,0.4175003733014782,0.0131578947368421,0.0,,,
F2RL1,F2RL1,Messenger RNA,0.0,0,1,0.0,0.3989156798402054,0.006578947368421,,,,
PPP5C,PPP5C,Messenger RNA,0.0,0,1,5.811379452719616e-09,0.3810821861796374,0.0131578947368421,1.0,,,
SMARCA4,SMARCA4,Messenger RNA,0.0,0,1,0.0,0.4161952962191128,0.006578947368421,,,,
IL17RD,IL17RD,Messenger RNA,0.0,0,1,0.0019019861173473,0.4604743083003952,0.0328947368421052,1.0,,,
CHEK1,CHEK1,Messenger RNA,0.0,0,1,0.0003351008449167,0.4233797698364627,0.0131578947368421,1.0,,,
CCDC71,CCDC71,Messenger RNA,0.0,0,1,0.0,0.3989156798402054,0.006578947368421,,,,
ZNF652,ZNF652,Messenger RNA,0.0,0,1,0.0127492118958615,0.4968017057569296,0.0657894736842105,0.8888888888888888,,,
FAM83F,FAM83F,Messenger RNA,0.0,0,1,0.0127659247236984,0.4628372785962589,0.0526315789473684,0.75,,,
SRRD,SRRD,Messenger RNA,0.0,0,1,0.0012822924835376,0.4379013312451057,0.0197368421052631,1.0,,,
UCK2,UCK2,Messenger RNA,0.0,0,1,0.000172940645976,0.4256355609681839,0.0131578947368421,1.0,,,
TMEM229B,TMEM229B,Messenger RNA,0.0,0,1,0.0003690681371071,0.4208308248043347,0.0131578947368421,1.0,,,
HNRNPUL2,HNRNPUL2,Messenger RNA,0.0,0,1,0.0007363814394023,0.4173134328358209,0.0131578947368421,0.0,,,
LZIC,LZIC,Messenger RNA,0.0,0,1,0.0012023437379855,0.4381071764337198,0.0263157894736842,0.8333333333333334,,,
CCDC47,CCDC47,Messenger RNA,0.0,0,1,0.0,0.4137931034482758,0.006578947368421,,,,
PPIP5K2,PPIP5K2,Messenger RNA,0.0,0,1,0.0009671388532991,0.4453647658489965,0.0197368421052631,1.0,,,
LRATD2,LRATD2,Messenger RNA,0.0,0,1,0.004900090216353,0.489753021544929,0.0328947368421052,1.0,,,
SLC4A4,SLC4A4,Messenger RNA,0.0,0,1,0.0090248505321064,0.282995951417004,0.0394736842105263,0.3333333333333333,,,
TET3,TET3,Messenger RNA,0.0,0,1,0.0002849394458517,0.4398301085417649,0.0131578947368421,1.0,,,
PCYT1B,PCYT1B,Messenger RNA,0.0,0,1,0.0004409956388319,0.4414272181875592,0.0131578947368421,1.0,,,
UNK,UNK,Messenger RNA,0.0,0,1,0.0,0.4137931034482758,0.006578947368421,,,,
MYCL,MYCL,Messenger RNA,0.0,0,1,0.0107714530889714,0.4999106025388879,0.0328947368421052,1.0,,,
ZNF280C,ZNF280C,Messenger RNA,0.0,0,1,0.0,0.415083135391924,0.006578947368421,,,,
HP1BP3,HP1BP3,Messenger RNA,0.0,0,1,0.0008256091684515,0.4563407866818998,0.0263157894736842,1.0,,,
SNX12,SNX12,Messenger RNA,0.0,0,1,0.001343721009124,0.4468595173405785,0.0328947368421052,0.8,,,
DENND2B,DENND2B,Messenger RNA,0.0,0,1,3.958871587481144e-06,0.4144678327898013,0.0131578947368421,1.0,,,
TMBIM6,TMBIM6,Messenger RNA,0.0,0,1,0.0,0.4010902309568211,0.006578947368421,,,,
CUL3,CUL3,Messenger RNA,0.0,0,1,0.006710328568808,0.4663886572143453,0.0460526315789473,0.7619047619047619,,,
SPIN3,SPIN3,Messenger RNA,0.0,0,1,0.0,0.415083135391924,0.006578947368421,,,,
TMCO1,TMCO1,Messenger RNA,0.0,0,1,3.958871587481144e-06,0.4144678327898013,0.0131578947368421,1.0,,,
CLSTN1,CLSTN1,Messenger RNA,0.0,0,1,0.0001170593297044,0.4098504837291117,0.0131578947368421,1.0,,,
SMG7,SMG7,Messenger RNA,0.0,0,1,0.0002458073019005,0.4275229357798165,0.0131578947368421,1.0,,,
TRIM32,TRIM32,Messenger RNA,0.0,0,1,2.675065835310257e-05,0.4426151654266265,0.0131578947368421,1.0,,,
EMILIN3,EMILIN3,Messenger RNA,0.0,0,1,0.0007693279060378,0.419630796938316,0.0131578947368421,1.0,,,
NOP9,NOP9,Messenger RNA,0.0,0,1,0.0001624346853678,0.4257003654080389,0.0131578947368421,1.0,,,
DNAJC21,DNAJC21,Messenger RNA,0.0,0,1,0.0002538138251209,0.3974978675007108,0.0131578947368421,0.0,,,
PRMT7,PRMT7,Messenger RNA,0.0,0,1,0.0,0.4010902309568211,0.006578947368421,,,,
BTBD3,BTBD3,Messenger RNA,0.0,0,1,0.0,0.3901758303097962,0.006578947368421,,,,
CREBRF,CREBRF,Messenger RNA,0.0,0,1,0.001029644445827,0.4653020469296056,0.0263157894736842,1.0,,,
HMGCR,HMGCR,Messenger RNA,0.0,0,1,0.0019637070545606,0.4366021236727045,0.0197368421052631,1.0,,,
LCOR,LCOR,Messenger RNA,0.0,0,1,0.0251212105364928,0.5406032482598608,0.0723684210526315,0.9454545454545454,,,
GPC6,GPC6,Messenger RNA,0.0,0,1,0.002341373286362,0.2834262544348707,0.0394736842105263,0.6666666666666666,,,
VEZF1,VEZF1,Messenger RNA,0.0,0,1,0.0005294818751872,0.4230594643667726,0.0197368421052631,0.6666666666666666,,,
FOXN3,FOXN3,Messenger RNA,0.0,0,1,0.0003799195953478,0.2594654788418708,0.0263157894736842,1.0,,,
NAP1L1,NAP1L1,Messenger RNA,0.0,0,1,0.0,0.3989156798402054,0.006578947368421,,,,
CTDSPL2,CTDSPL2,Messenger RNA,0.0,0,1,0.0014477161981979,0.45791025221094,0.0328947368421052,1.0,,,
GDI2,GDI2,Messenger RNA,0.0,0,1,0.0002371768169502,0.4449395289624443,0.0131578947368421,1.0,,,
MEX3A,MEX3A,Messenger RNA,0.0,0,1,0.0002397287233721,0.4266748054326262,0.0131578947368421,1.0,,,
CHRDL1,CHRDL1,Messenger RNA,0.0,0,1,0.0,0.2565608368507983,0.006578947368421,,,,
ZNF423,ZNF423,Messenger RNA,0.0,0,1,0.0009437370319771,0.2827098078867543,0.0263157894736842,1.0,,,
ANO6,ANO6,Messenger RNA,0.0,0,1,0.0001510107880319,0.2813726476803864,0.0131578947368421,1.0,,,
TPD52,TPD52,Messenger RNA,0.0,0,1,0.0011364006848779,0.4451520458525712,0.0197368421052631,1.0,,,
LARP4B,LARP4B,Messenger RNA,0.0,0,1,0.0017388703805885,0.4500241429261226,0.0263157894736842,1.0,,,
STK26,STK26,Messenger RNA,0.0,0,1,0.0,0.4137931034482758,0.006578947368421,,,,
MARCHF9,MARCHF9,Messenger RNA,0.0,0,1,0.0003351008449167,0.4233797698364627,0.0131578947368421,1.0,,,
TMEM170B,TMEM170B,Messenger RNA,0.0,0,1,0.0038175763775951,0.2827383961977955,0.0328947368421052,0.7,,,
C2CD2,C2CD2,Messenger RNA,0.0,0,1,0.0001012878102907,0.2583387230897163,0.0131578947368421,1.0,,,
FAM83G,FAM83G,Messenger RNA,0.0,0,1,0.000324413359221,0.3956417150134427,0.0131578947368421,0.0,,,
EBF1,EBF1,Messenger RNA,0.0,0,1,0.002216359670334,0.2580049829288549,0.0197368421052631,0.0,,,
GRSF1,GRSF1,Messenger RNA,0.0,0,1,0.0001621503586245,0.4173134328358209,0.0197368421052631,1.0,,,
PLEKHA1,PLEKHA1,Messenger RNA,0.0,0,1,0.0015913340871245,0.4624545153820708,0.0263157894736842,1.0,,,
RUNX1,RUNX1,Messenger RNA,0.0,0,1,0.0002397287233721,0.4266748054326262,0.0131578947368421,1.0,,,
COPS7B,COPS7B,Messenger RNA,0.0,0,1,0.0,0.3901758303097962,0.006578947368421,,,,
SKP1,SKP1,Messenger RNA,0.0,0,1,0.0035916015280932,0.4301538461538461,0.0460526315789473,0.238095238095238,,,
SOX5,SOX5,Messenger RNA,0.0,0,1,0.0006819076053148,0.2611863615133115,0.0394736842105263,0.8666666666666667,,,
LRCH3,LRCH3,Messenger RNA,0.0,0,1,0.0003737756954108,0.4431764146457442,0.0131578947368421,1.0,,,
SMARCD1,SMARCD1,Messenger RNA,0.0,0,1,0.0,0.3989156798402054,0.006578947368421,,,,
CSRNP3,CSRNP3,Messenger RNA,0.0,0,1,0.0023314169504045,0.4686557157224271,0.0394736842105263,1.0,,,
MRRF,MRRF,Messenger RNA,0.0,0,1,0.0003405074336401,0.4161952962191128,0.0131578947368421,1.0,,,
TTC5,TTC5,Messenger RNA,0.0,0,1,0.0,0.415083135391924,0.006578947368421,,,,
GPR107,GPR107,Messenger RNA,0.0,0,1,0.0002458073019005,0.4275229357798165,0.0131578947368421,1.0,,,
CCDC149,CCDC149,Messenger RNA,0.0,0,1,0.0026603907989023,0.4261545496113397,0.0263157894736842,0.6666666666666666,,,
MTA3,MTA3,Messenger RNA,0.0,0,1,0.0002691392645728,0.4029979821274142,0.0131578947368421,0.0,,,
WDTC1,WDTC1,Messenger RNA,0.0,0,1,0.000408447472711,0.4318146718146718,0.0131578947368421,1.0,,,
ARID4B,ARID4B,Messenger RNA,0.0,0,1,0.0006827886160295,0.4508223153821348,0.0263157894736842,1.0,,,
USP3,USP3,Messenger RNA,0.0,0,1,0.0015748072987262,0.4567881065185427,0.0263157894736842,1.0,,,
NFYA,NFYA,Messenger RNA,0.0,0,1,0.0005644667521782,0.4246013667425968,0.0197368421052631,1.0,,,
SIK2,SIK2,Messenger RNA,0.0,0,1,0.0013034849232751,0.2806383619391749,0.0131578947368421,1.0,,,
ZNF710,ZNF710,Messenger RNA,0.0,0,1,0.0011095410090595,0.4167536145476226,0.0197368421052631,0.3333333333333333,,,
ERG,ERG,Messenger RNA,0.0,0,1,0.0118214974330349,0.3354931605471562,0.0263157894736842,1.0,,,
TMEM50B,TMEM50B,Messenger RNA,0.0,0,1,0.00326297135854,0.4676367285499247,0.0460526315789473,0.9523809523809524,,,
HNRNPF,HNRNPF,Messenger RNA,0.0,0,1,0.0010617127297311,0.41862554274592,0.0131578947368421,1.0,,,
SARM1,SARM1,Messenger RNA,0.0,0,1,0.000754511323387,0.4191275670813971,0.0197368421052631,1.0,,,
TTC9,TTC9,Messenger RNA,0.0,0,1,0.0,0.4137931034482758,0.006578947368421,,,,
UBE2I,UBE2I,Messenger RNA,0.0,0,1,0.0,0.2959669736424262,0.006578947368421,,,,
CRIPT,CRIPT,Messenger RNA,0.0,0,1,7.025074583163935e-05,0.4467881112176414,0.0197368421052631,1.0,,,
MSL2,MSL2,Messenger RNA,0.0,0,1,0.0003992205018899,0.4149599287622439,0.0131578947368421,1.0,,,
OSTM1,OSTM1,Messenger RNA,0.0,0,1,0.0002808277175919,0.2800480769230769,0.0131578947368421,1.0,,,
ANAPC15,ANAPC15,Messenger RNA,0.0,0,1,0.0,0.406041243101946,0.006578947368421,,,,
DYNLL2,DYNLL2,Messenger RNA,0.0,0,1,0.0066269820016832,0.4520614389652385,0.0460526315789473,0.5714285714285714,,,
TGIF1,TGIF1,Messenger RNA,0.0,0,1,0.0,0.4161952962191128,0.006578947368421,,,,
ST8SIA2,ST8SIA2,Messenger RNA,0.0,0,1,0.0016574141669192,0.4275883162563083,0.0197368421052631,0.6666666666666666,,,
HOXC8,HOXC8,Messenger RNA,0.0,0,1,9.282751439302469e-06,0.2574822727691316,0.0131578947368421,1.0,,,
MYBL1,MYBL1,Messenger RNA,0.0,0,1,0.0008807044251084,0.440176322418136,0.0263157894736842,0.8333333333333334,,,
EIF4EBP2,EIF4EBP2,Messenger RNA,0.0,0,1,8.868793404380537e-05,0.2577433628318584,0.0131578947368421,1.0,,,
OCLN,OCLN,Messenger RNA,0.0,0,1,0.0002339472145913,0.4114790286975717,0.0131578947368421,1.0,,,
KCNAB3,KCNAB3,Messenger RNA,0.0,0,1,0.0,0.415083135391924,0.006578947368421,,,,
CYP26B1,CYP26B1,Messenger RNA,0.0,0,1,0.0020735694553079,0.2603594375640189,0.0526315789473684,0.5714285714285714,,,
AGO1,AGO1,Messenger RNA,0.0,0,1,0.013516032376221,0.5311550151975684,0.0789473684210526,0.9545454545454546,,,
H3-3B,H3-3B,Messenger RNA,0.0,0,1,0.0001577774369947,0.4191904047976012,0.0131578947368421,1.0,,,
PDZD2,PDZD2,Messenger RNA,0.0,0,1,0.0002458355949978,0.2237695078031212,0.0197368421052631,0.0,,,
PRIM2,PRIM2,Messenger RNA,0.0,0,1,0.0001672804928961,0.4144064028457092,0.0131578947368421,1.0,,,
ETV6,ETV6,Messenger RNA,0.0,0,1,9.859177737031586e-05,0.4168778887729238,0.0131578947368421,1.0,,,
NR5A2,NR5A2,Messenger RNA,0.0,0,1,0.0049073961789125,0.2818832543603186,0.0197368421052631,0.3333333333333333,,,
ITGA10,ITGA10,Messenger RNA,0.0,0,1,0.0,0.4137931034482758,0.006578947368421,,,,
PLAGL2,PLAGL2,Messenger RNA,0.0,0,1,0.0059370164589342,0.4656895403064623,0.0328947368421052,1.0,,,
ACER3,ACER3,Messenger RNA,0.0,0,1,0.0003422689169498,0.2601656276170094,0.0263157894736842,1.0,,,
GJC1,GJC1,Messenger RNA,0.0,0,1,0.0016332333931884,0.2846091205211726,0.0394736842105263,0.9333333333333332,,,
QSOX1,QSOX1,Messenger RNA,0.0,0,1,0.0002843632475595,0.4181247196052041,0.0131578947368421,1.0,,,
RSBN1,RSBN1,Messenger RNA,0.0,0,1,0.0031565690020254,0.4891532540237928,0.0394736842105263,1.0,,,
AKAP1,AKAP1,Messenger RNA,0.0,0,1,0.0,0.3860278889962723,0.006578947368421,,,,
TPM3,TPM3,Messenger RNA,0.0,0,1,0.0017085959714178,0.425506011261604,0.0197368421052631,0.3333333333333333,,,
TRIM24,TRIM24,Messenger RNA,0.0,0,1,0.0001611758367022,0.4114184814596822,0.0197368421052631,1.0,,,
RIMKLA,RIMKLA,Messenger RNA,0.0,0,1,0.0094560886088832,0.4986623863028357,0.0460526315789473,0.8571428571428571,,,
SYNGAP1,SYNGAP1,Messenger RNA,0.0,0,1,0.0002329372779187,0.4174380412063302,0.0131578947368421,1.0,,,
HAT1,HAT1,Messenger RNA,0.0,0,1,0.0,0.3901758303097962,0.006578947368421,,,,
ABCA1,ABCA1,Messenger RNA,0.0,0,1,0.0,0.2799078986885574,0.006578947368421,,,,
STAG2,STAG2,Messenger RNA,0.0,0,1,0.0001404730791525,0.418187256954831,0.0131578947368421,1.0,,,
GPR173,GPR173,Messenger RNA,0.0,0,1,0.0,0.3989156798402054,0.006578947368421,,,,
IAH1,IAH1,Messenger RNA,0.0,0,1,0.0007007477571678,0.2799359231077293,0.0131578947368421,0.0,,,
SMARCC1,SMARCC1,Messenger RNA,0.0,0,1,5.811379452719616e-09,0.3810821861796374,0.0131578947368421,1.0,,,
ACVR1C,ACVR1C,Messenger RNA,0.0,0,1,0.0001842894242404,0.2600688308064366,0.0263157894736842,1.0,,,
RAB15,RAB15,Messenger RNA,0.0,0,1,0.0012525855835481,0.4316146958937943,0.0263157894736842,1.0,,,
BSN,BSN,Messenger RNA,0.0,0,1,0.0,0.415083135391924,0.006578947368421,,,,
POU2F1,POU2F1,Messenger RNA,0.0,0,1,0.0012249539595271,0.4440914866581957,0.0263157894736842,1.0,,,
FLI1,FLI1,Messenger RNA,0.0,0,1,0.0,0.2799078986885574,0.006578947368421,,,,
CSNK1G2,CSNK1G2,Messenger RNA,0.0,0,1,0.0,0.4109347442680776,0.006578947368421,,,,
TBC1D4,TBC1D4,Messenger RNA,0.0,0,1,0.0,0.3860278889962723,0.006578947368421,,,,
MAX,MAX,Messenger RNA,8.0,0,1,0.0,0.4137931034482758,0.006578947368421,,,,
SYT12,SYT12,Messenger RNA,0.0,0,1,0.0005380006752964,0.4177498879426266,0.0197368421052631,1.0,,,
RETREG2,RETREG2,Messenger RNA,0.0,0,1,0.0004597271515179,0.4418457648546144,0.0131578947368421,1.0,,,
GYG2,GYG2,Messenger RNA,0.0,0,1,0.0,0.2562081920645102,0.006578947368421,,,,
IGF1R,IGF1R,Messenger RNA,0.0,0,1,0.0014619662886131,0.4544863459037711,0.0263157894736842,1.0,,,
TM9SF4,TM9SF4,Messenger RNA,0.0,0,1,0.0,0.4161952962191128,0.006578947368421,,,,
QKI,QKI,Messenger RNA,0.0,0,1,0.0031815514633759,0.2845511907185019,0.0460526315789473,0.8571428571428571,,,
RUBCNL,RUBCNL,Messenger RNA,0.0,0,1,0.0006070547831586,0.4405924992121021,0.0197368421052631,1.0,,,
ZBTB43,ZBTB43,Messenger RNA,0.0,0,1,0.0004793230060459,0.4681064791562029,0.0197368421052631,1.0,,,
TEK,TEK,Messenger RNA,0.0,0,1,0.0,0.2076340412891727,0.006578947368421,,,,
ENO1,ENO1,Messenger RNA,0.0,0,1,0.0,0.4137931034482758,0.006578947368421,,,,
GINS2,GINS2,Messenger RNA,0.0,0,1,0.0004383415780806,0.4045724207784691,0.0131578947368421,1.0,,,
FSTL1,FSTL1,Messenger RNA,0.0,0,1,0.0005147442564653,0.2823671985457483,0.0263157894736842,1.0,,,
DTX3,DTX3,Messenger RNA,0.0,0,1,0.0,0.4161952962191128,0.006578947368421,,,,
SLC11A2,SLC11A2,Messenger RNA,0.0,0,1,0.0,0.3465542885473475,0.006578947368421,,,,
HOOK3,HOOK3,Messenger RNA,0.0,0,1,0.0007880118989934,0.4197567932742831,0.0197368421052631,0.3333333333333333,,,
PHF12,PHF12,Messenger RNA,0.0,0,1,0.0027686112290349,0.4306839186691312,0.0394736842105263,0.6666666666666666,,,
PAFAH2,PAFAH2,Messenger RNA,0.0,0,1,2.675065835310257e-05,0.4426151654266265,0.0131578947368421,1.0,,,
KLHL31,KLHL31,Messenger RNA,0.0,0,1,0.0,0.2584820190440972,0.006578947368421,,,,
VMA21,VMA21,Messenger RNA,0.0,0,1,0.0002409084963716,0.4393463230672533,0.0131578947368421,1.0,,,
PCNP,PCNP,Messenger RNA,0.0,0,1,0.0003719007413104,0.4447979637289214,0.0197368421052631,1.0,,,
NMT2,NMT2,Messenger RNA,0.0,0,1,2.072356323041525e-05,0.2575534266764923,0.0197368421052631,1.0,,,
SLC7A1,SLC7A1,Messenger RNA,0.0,0,1,0.0,0.3664002096710785,0.006578947368421,,,,
PHLDB2,PHLDB2,Messenger RNA,0.0,0,1,0.0,0.2236263296808766,0.006578947368421,,,,
CD47,CD47,Messenger RNA,0.0,0,1,9.032641444902018e-05,0.4112369466097955,0.0131578947368421,1.0,,,
MTMR3,MTMR3,Messenger RNA,0.0,0,1,2.675065835310257e-05,0.4426151654266265,0.0131578947368421,1.0,,,
TLK2,TLK2,Messenger RNA,0.0,0,1,0.0001820962733755,0.4238290131878126,0.0131578947368421,1.0,,,
XKR6,XKR6,Messenger RNA,0.0,0,1,0.0,0.4010902309568211,0.006578947368421,,,,
KCTD15,KCTD15,Messenger RNA,0.0,0,1,0.0025693991534493,0.4554487701580061,0.0197368421052631,0.6666666666666666,,,
ERBB3,ERBB3,Messenger RNA,0.0,0,1,0.0007604088013832,0.4556714471968709,0.0197368421052631,1.0,,,
FBXO21,FBXO21,Messenger RNA,0.0,0,1,0.0007292293871632,0.4448687350835322,0.0197368421052631,1.0,,,
KIAA1549,KIAA1549,Messenger RNA,0.0,0,1,0.0016218369552077,0.4207674943566591,0.0197368421052631,0.6666666666666666,,,
RUNDC1,RUNDC1,Messenger RNA,0.0,0,1,0.0005869953552204,0.4436686766105998,0.0263157894736842,0.8333333333333334,,,
PDIK1L,PDIK1L,Messenger RNA,0.0,0,1,0.0031742821558323,0.4617671345995045,0.0328947368421052,0.7,,,
SOWAHC,SOWAHC,Messenger RNA,0.0,0,1,2.675065835310257e-05,0.4426151654266265,0.0131578947368421,1.0,,,
E2F5,E2F5,Messenger RNA,0.0,0,1,0.000186492964534,0.436738519212746,0.0131578947368421,1.0,,,
REPS2,REPS2,Messenger RNA,0.0,0,1,2.231246209077866e-05,0.4412182420703803,0.0131578947368421,1.0,,,
RFXANK,RFXANK,Messenger RNA,0.0,0,1,0.0,0.4137931034482758,0.006578947368421,,,,
MAPK8,MAPK8,Messenger RNA,0.0,0,1,0.0005883865675337,0.4561918746940773,0.0197368421052631,1.0,,,
CBX5,CBX5,Messenger RNA,0.0,0,1,0.0209085787017695,0.4984845783562132,0.0657894736842105,0.7555555555555555,,,
SDC4,SDC4,Messenger RNA,0.0,0,1,0.0,0.3989156798402054,0.006578947368421,,,,
PDE7A,PDE7A,Messenger RNA,0.0,0,1,0.0,0.415083135391924,0.006578947368421,,,,
COL23A1,COL23A1,Messenger RNA,0.0,0,1,0.0,0.4010902309568211,0.006578947368421,,,,
YWHAQ,YWHAQ,Messenger RNA,0.0,0,1,0.0,0.4161952962191128,0.006578947368421,,,,
ABI2,ABI2,Messenger RNA,0.0,0,1,0.008226074429769,0.4899246539337655,0.0592105263157894,0.9722222222222222,,,
NPAS3,NPAS3,Messenger RNA,0.0,0,1,0.0007369001555648,0.4558943420838089,0.0197368421052631,1.0,,,
FBXO46,FBXO46,Messenger RNA,0.0,0,1,0.0,0.4137931034482758,0.006578947368421,,,,
LDLRAP1,LDLRAP1,Messenger RNA,0.0,0,1,2.675065835310257e-05,0.4426151654266265,0.0131578947368421,1.0,,,
FAM76A,FAM76A,Messenger RNA,0.0,0,1,0.0,0.415083135391924,0.006578947368421,,,,
ATP2B1,ATP2B1,Messenger RNA,0.0,0,1,0.0008912193716077,0.4298892988929889,0.0197368421052631,0.6666666666666666,,,
SEC61A1,SEC61A1,Messenger RNA,0.0,0,1,0.000412106430165,0.4005730659025788,0.0131578947368421,0.0,,,
GOSR1,GOSR1,Messenger RNA,0.0,0,1,7.025074583163935e-05,0.4467881112176414,0.0197368421052631,1.0,,,
ARL4A,ARL4A,Messenger RNA,0.0,0,1,0.0007539738663875,0.4492287917737789,0.0263157894736842,1.0,,,
SRSF3,SRSF3,Messenger RNA,0.0,0,1,0.0,0.3901758303097962,0.006578947368421,,,,
FAM102A,FAM102A,Messenger RNA,0.0,0,1,1.742265621840977e-05,0.4374902206227507,0.0131578947368421,1.0,,,
EPAS1,EPAS1,Messenger RNA,0.0,0,1,0.0,0.2076340412891727,0.006578947368421,,,,
NFX1,NFX1,Messenger RNA,0.0,0,1,0.0,0.4109347442680776,0.006578947368421,,,,
TLN2,TLN2,Messenger RNA,0.0,0,1,0.0031092823776196,0.2587690883850069,0.0263157894736842,0.5,,,
SOCS6,SOCS6,Messenger RNA,0.0,0,1,0.0004038555684105,0.4485801379752928,0.0131578947368421,1.0,,,
LAMTOR3,LAMTOR3,Messenger RNA,0.0,0,1,4.489057203105293e-05,0.4434575733544805,0.0131578947368421,1.0,,,
COX7A2L,COX7A2L,Messenger RNA,0.0,0,1,5.6863509106632646e-05,0.4438095238095238,0.0197368421052631,1.0,,,
MAPK4,MAPK4,Messenger RNA,0.0,0,1,0.0004383415780806,0.4045724207784691,0.0131578947368421,1.0,,,
EHF,EHF,Messenger RNA,0.0,0,1,5.811379452719616e-09,0.3810821861796374,0.0131578947368421,1.0,,,
C15orf61,C15orf61,Messenger RNA,0.0,0,1,0.0,0.435785536159601,0.006578947368421,,,,
BMP8A,BMP8A,Messenger RNA,0.0,0,1,3.958871587481144e-06,0.4144678327898013,0.0131578947368421,1.0,,,
IKZF3,IKZF3,Messenger RNA,0.0,0,1,0.0022290542612963,0.4304849884526558,0.0263157894736842,0.5,,,
ESRRG,ESRRG,Messenger RNA,0.0,0,1,0.0008061435009155,0.4443031940251072,0.0197368421052631,1.0,,,
ERMP1,ERMP1,Messenger RNA,0.0,0,1,0.0005283547096032,0.4426852438252058,0.0131578947368421,1.0,,,
PRDM15,PRDM15,Messenger RNA,0.0,0,1,0.0,0.4161952962191128,0.006578947368421,,,,
ZNF81,ZNF81,Messenger RNA,0.0,0,1,0.0,0.415083135391924,0.006578947368421,,,,
TBC1D2B,TBC1D2B,Messenger RNA,0.0,0,1,2.2189124039897203e-05,0.256961676316515,0.0131578947368421,1.0,,,
FUT9,FUT9,Messenger RNA,0.0,0,1,0.0002229077242893,0.4158239143367043,0.0131578947368421,1.0,,,
ZNF70,ZNF70,Messenger RNA,0.0,0,1,0.001892529328951,0.4456487089576028,0.0197368421052631,0.6666666666666666,,,
DEUP1,DEUP1,Messenger RNA,0.0,0,1,0.0,0.4137931034482758,0.006578947368421,,,,
CDC23,CDC23,Messenger RNA,0.0,0,1,2.675065835310257e-05,0.4426151654266265,0.0131578947368421,1.0,,,
GNB5,GNB5,Messenger RNA,0.0,0,1,2.675065835310257e-05,0.4426151654266265,0.0131578947368421,1.0,,,
RBM18,RBM18,Messenger RNA,0.0,0,1,0.0004239946011747,0.4006304628170224,0.0131578947368421,0.0,,,
FRS2,FRS2,Messenger RNA,5.0,0,1,0.0058189434976529,0.4739786404475334,0.0394736842105263,0.8666666666666667,,,
BNC2,BNC2,Messenger RNA,0.0,0,1,0.0334202061858844,0.3385397747911369,0.0592105263157894,0.75,,,
SNX30,SNX30,Messenger RNA,0.0,0,1,0.0022236829820159,0.4493009802346135,0.0263157894736842,0.8333333333333334,,,
FOXN2,FOXN2,Messenger RNA,0.0,0,1,0.0001726879494125,0.2585059171597633,0.0197368421052631,1.0,,,
SCN2A,SCN2A,Messenger RNA,0.0,0,1,0.0,0.3860278889962723,0.006578947368421,,,,
KDM2A,KDM2A,Messenger RNA,0.0,0,1,0.001096788714234,0.4568627450980392,0.0263157894736842,1.0,,,
SAMD12,SAMD12,Messenger RNA,0.0,0,1,0.0082416910625725,0.4991074616208497,0.0328947368421052,0.9,,,
ACP6,ACP6,Messenger RNA,0.0,0,1,0.0,0.4109347442680776,0.006578947368421,,,,
RFFL,RFFL,Messenger RNA,0.0,0,1,0.0,0.3901758303097962,0.006578947368421,,,,
GPR157,GPR157,Messenger RNA,0.0,0,1,0.0,0.435785536159601,0.006578947368421,,,,
BAZ2A,BAZ2A,Messenger RNA,0.0,0,1,0.0035424174863561,0.46514723007819,0.0394736842105263,1.0,,,
PGRMC2,PGRMC2,Messenger RNA,0.0,0,1,0.0001604379051748,0.2579335793357933,0.0197368421052631,0.3333333333333333,,,
TCF3,TCF3,Messenger RNA,0.0,0,1,0.0,0.3664002096710785,0.006578947368421,,,,
PAIP2B,PAIP2B,Messenger RNA,0.0,0,1,0.0002941435729415,0.4405230817709153,0.0131578947368421,1.0,,,
RAB11FIP4,RAB11FIP4,Messenger RNA,0.0,0,1,5.6863509106632646e-05,0.4438095238095238,0.0197368421052631,1.0,,,
C9orf85,C9orf85,Messenger RNA,0.0,0,1,0.0,0.3989156798402054,0.006578947368421,,,,
VPS53,VPS53,Messenger RNA,0.0,0,1,0.0,0.4137931034482758,0.006578947368421,,,,
CSNK1A1,CSNK1A1,Messenger RNA,0.0,0,1,0.0016287785206641,0.4497345986810359,0.0197368421052631,1.0,,,
HAS2,HAS2,Messenger RNA,0.0,0,1,0.0026131272352041,0.2826240776306479,0.0263157894736842,0.6666666666666666,,,
PSEN1,PSEN1,Messenger RNA,0.0,0,1,0.0034830629326808,0.4609297725024728,0.0328947368421052,0.9,,,
PTPRT,PTPRT,Messenger RNA,0.0,0,1,0.0008722618820094,0.4169400536832687,0.0197368421052631,1.0,,,
PLCXD3,PLCXD3,Messenger RNA,0.0,0,1,0.0037226906610693,0.2848991237008355,0.0460526315789473,1.0,,,
FOXJ3,FOXJ3,Messenger RNA,0.0,0,1,0.0006323414227677,0.4684201708828949,0.0197368421052631,1.0,,,
TWNK,TWNK,Messenger RNA,0.0,0,1,0.0,0.3682824025289778,0.006578947368421,,,,
SSBP2,SSBP2,Messenger RNA,0.0,0,1,0.0,0.415083135391924,0.006578947368421,,,,
PDPK1,PDPK1,Messenger RNA,0.0,0,1,0.000750297335472,0.4168157423971377,0.0197368421052631,0.3333333333333333,,,
IRF2BP2,IRF2BP2,Messenger RNA,0.0,0,1,0.0009011794151005,0.4730164100828963,0.0263157894736842,1.0,,,
WDR37,WDR37,Messenger RNA,0.0,0,1,0.0003405846334861,0.4513317191283293,0.0263157894736842,1.0,,,
RSPO1,RSPO1,Messenger RNA,0.0,0,1,0.0,0.3989156798402054,0.006578947368421,,,,
POGK,POGK,Messenger RNA,0.0,0,1,0.0005350594449033,0.4236363636363636,0.0197368421052631,1.0,,,
STXBP4,STXBP4,Messenger RNA,0.0,0,1,0.0,0.415083135391924,0.006578947368421,,,,
PLXNA2,PLXNA2,Messenger RNA,0.0,0,1,0.0028954233491147,0.2835987422659499,0.0263157894736842,1.0,,,
ARL3,ARL3,Messenger RNA,0.0,0,1,0.0,0.3858680651393872,0.006578947368421,,,,
CNNM3,CNNM3,Messenger RNA,0.0,0,1,0.0,0.415083135391924,0.006578947368421,,,,
AFF3,AFF3,Messenger RNA,0.0,0,1,0.0005628903111333,0.4262844945875895,0.0197368421052631,1.0,,,
IFNLR1,IFNLR1,Messenger RNA,0.0,0,1,5.811379452719616e-09,0.3810821861796374,0.0131578947368421,1.0,,,
NR6A1,NR6A1,Messenger RNA,0.0,0,1,0.0045743903519601,0.4734970364098221,0.0197368421052631,1.0,,,
GATAD2B,GATAD2B,Messenger RNA,0.0,0,1,0.0056965116640793,0.4902682798527091,0.0460526315789473,0.9047619047619048,,,
ATP8B4,ATP8B4,Messenger RNA,0.0,0,1,3.1594703872944763e-06,0.2586733277824035,0.0131578947368421,1.0,,,
PRRG4,PRRG4,Messenger RNA,0.0,0,1,5.6863509106632646e-05,0.4438095238095238,0.0197368421052631,1.0,,,
CMTR2,CMTR2,Messenger RNA,0.0,0,1,0.0,0.435785536159601,0.006578947368421,,,,
NRIP3,NRIP3,Messenger RNA,0.0,0,1,7.025074583163935e-05,0.4467881112176414,0.0197368421052631,1.0,,,
TRA2B,TRA2B,Messenger RNA,0.0,0,1,0.0,0.3989156798402054,0.006578947368421,,,,
STXBP5L,STXBP5L,Messenger RNA,0.0,0,1,0.0,0.4161952962191128,0.006578947368421,,,,
PRDM10,PRDM10,Messenger RNA,0.0,0,1,0.0002349419307159,0.4452938365981844,0.0131578947368421,1.0,,,
PALM2AKAP2,PALM2AKAP2,Messenger RNA,0.0,0,1,6.645292151133884e-05,0.2578859988931931,0.0131578947368421,1.0,,,
ABHD6,ABHD6,Messenger RNA,0.0,0,1,0.001208672580427,0.3303402646502835,0.0131578947368421,1.0,,,
MIEF1,MIEF1,Messenger RNA,0.0,0,1,0.0,0.415083135391924,0.006578947368421,,,,
TPM4,TPM4,Messenger RNA,0.0,0,1,0.0,0.4003436426116838,0.006578947368421,,,,
PKIA,PKIA,Messenger RNA,0.0,0,1,0.0007105999093201,0.4575355915562101,0.0197368421052631,1.0,,,
YY1,YY1,Messenger RNA,0.0,0,1,0.0005672837542756,0.4178747571364519,0.0263157894736842,0.5,,,
CCDC25,CCDC25,Messenger RNA,2.0,0,1,0.0009911928638332,0.4506769825918762,0.0263157894736842,1.0,,,
LDLRAD3,LDLRAD3,Messenger RNA,0.0,0,1,0.0023694968060061,0.4447272148878638,0.0197368421052631,0.6666666666666666,,,
EIF4B,EIF4B,Messenger RNA,0.0,0,1,0.0014991421820071,0.4556714471968709,0.0263157894736842,0.6666666666666666,,,
MAPK1,MAPK1,Messenger RNA,0.0,0,1,3.958871587481144e-06,0.4144678327898013,0.0131578947368421,1.0,,,
ARHGEF15,ARHGEF15,Messenger RNA,0.0,0,1,0.0,0.2225937425364222,0.006578947368421,,,,
FAM214B,FAM214B,Messenger RNA,0.0,0,1,4.5688656508832974e-05,0.2585776380282992,0.0131578947368421,1.0,,,
SDC2,SDC2,Messenger RNA,0.0,0,1,0.0008187168011738,0.2806101967081493,0.0131578947368421,0.0,,,
DNAJC16,DNAJC16,Messenger RNA,0.0,0,1,0.0015833977603922,0.4812392426850258,0.0328947368421052,1.0,,,
FAF1,FAF1,Messenger RNA,0.0,0,1,9.859177737031586e-05,0.4168778887729238,0.0131578947368421,1.0,,,
CHD7,CHD7,Messenger RNA,0.0,0,1,0.0001670305910073,0.4234438891412994,0.0131578947368421,1.0,,,
ANKRD52,ANKRD52,Messenger RNA,0.0,0,1,0.0008945479100456,0.4284400858106037,0.0263157894736842,1.0,,,
NEURL1B,NEURL1B,Messenger RNA,0.0,0,1,0.0016051574123845,0.2581002492384381,0.0197368421052631,0.6666666666666666,,,
HLF,HLF,Messenger RNA,0.0,0,1,0.0016942100237135,0.4760769623701685,0.0328947368421052,1.0,,,
ESCO2,ESCO2,Messenger RNA,0.0,0,1,0.0,0.4003436426116838,0.006578947368421,,,,
ZNF597,ZNF597,Messenger RNA,0.0,0,1,0.0,0.435785536159601,0.006578947368421,,,,
TMEM200C,TMEM200C,Messenger RNA,0.0,0,1,0.0,0.4161952962191128,0.006578947368421,,,,
TMEM231,TMEM231,Messenger RNA,0.0,0,1,2.675065835310257e-05,0.4426151654266265,0.0131578947368421,1.0,,,
DYRK1A,DYRK1A,Messenger RNA,0.0,0,1,0.00386210634146,0.4672459893048128,0.0526315789473684,0.9642857142857144,,,
LMX1A,LMX1A,Messenger RNA,0.0,0,1,0.0,0.2225760229262856,0.006578947368421,,,,
ZBTB6,ZBTB6,Messenger RNA,0.0,0,1,0.0,0.435785536159601,0.006578947368421,,,,
VKORC1L1,VKORC1L1,Messenger RNA,0.0,0,1,2.072356323041525e-05,0.2575534266764923,0.0197368421052631,1.0,,,
HABP4,HABP4,Messenger RNA,0.0,0,1,0.0,0.2562081920645102,0.006578947368421,,,,
NRG1,NRG1,Messenger RNA,0.0,0,1,0.0006975948757032,0.412267767620171,0.0197368421052631,0.3333333333333333,,,
ARL1,ARL1,Messenger RNA,0.0,0,1,1.742265621840977e-05,0.4374902206227507,0.0131578947368421,1.0,,,
MAP3K9,MAP3K9,Messenger RNA,0.0,0,1,2.675065835310257e-05,0.4426151654266265,0.0131578947368421,1.0,,,
SLC24A4,SLC24A4,Messenger RNA,0.0,0,1,0.0,0.2799078986885574,0.006578947368421,,,,
TRUB1,TRUB1,Messenger RNA,0.0,0,1,0.0,0.4137931034482758,0.006578947368421,,,,
SLC38A1,SLC38A1,Messenger RNA,0.0,0,1,0.001562276908223,0.4574607329842932,0.0394736842105263,1.0,,,
HOXB5,HOXB5,Messenger RNA,0.0,0,1,0.0,0.2572690467427309,0.006578947368421,,,,
ARHGAP5,ARHGAP5,Messenger RNA,0.0,0,1,0.0002536935778869,0.4326164319975243,0.0131578947368421,1.0,,,
MARK1,MARK1,Messenger RNA,0.0,0,1,0.0101607040276553,0.3333333333333333,0.0263157894736842,0.8333333333333334,,,
DNAJB6,DNAJB6,Messenger RNA,0.0,0,1,5.6863509106632646e-05,0.4438095238095238,0.0197368421052631,1.0,,,
PHF6,PHF6,Messenger RNA,0.0,0,1,0.0006650527670549,0.4550040683482506,0.0263157894736842,1.0,,,
TVP23B,TVP23B,Messenger RNA,0.0,0,1,5.046151330822545e-05,0.4421951605250672,0.0197368421052631,1.0,,,
SERP1,SERP1,Messenger RNA,0.0,0,1,0.0013691526308374,0.4538224314234702,0.0328947368421052,1.0,,,
FKBP4,FKBP4,Messenger RNA,0.0,0,1,0.0,0.369157644573541,0.006578947368421,,,,
MLLT3,MLLT3,Messenger RNA,0.0,0,1,0.0,0.415083135391924,0.006578947368421,,,,
LAMC1,LAMC1,Messenger RNA,0.0,0,1,0.0,0.2549699069852271,0.006578947368421,,,,
GPD2,GPD2,Messenger RNA,0.0,0,1,2.675065835310257e-05,0.4426151654266265,0.0131578947368421,1.0,,,
CHD2,CHD2,Messenger RNA,0.0,0,1,0.0001503387332252,0.4263494967978042,0.0131578947368421,1.0,,,
TWF1,TWF1,Messenger RNA,0.0,0,1,0.0010755144121789,0.4573110893032385,0.0263157894736842,1.0,,,
ANGEL2,ANGEL2,Messenger RNA,0.0,0,1,0.0,0.4137931034482758,0.006578947368421,,,,
PPM1K,PPM1K,Messenger RNA,0.0,0,1,0.0003150212534959,0.4450103453764125,0.0131578947368421,1.0,,,
MFSD6,MFSD6,Messenger RNA,0.0,0,1,0.0003450065955825,0.4242792109256449,0.0131578947368421,1.0,,,
METTL1,METTL1,Messenger RNA,0.0,0,1,0.0,0.3664002096710785,0.006578947368421,,,,
FAM168A,FAM168A,Messenger RNA,0.0,0,1,0.007193741587419,0.4628372785962589,0.0394736842105263,0.7333333333333333,,,
PRKAR2A,PRKAR2A,Messenger RNA,0.0,0,1,0.0054042591497448,0.4704694598687531,0.0328947368421052,1.0,,,
NPR3,NPR3,Messenger RNA,0.0,0,1,0.0,0.2213601456733433,0.006578947368421,,,,
UBE2K,UBE2K,Messenger RNA,0.0,0,1,0.0004603827824728,0.4509677419354839,0.0131578947368421,1.0,,,
VGLL4,VGLL4,Messenger RNA,0.0,0,1,5.811379452719616e-09,0.3810821861796374,0.0131578947368421,1.0,,,
ZXDA,ZXDA,Messenger RNA,0.0,0,1,0.0,0.435785536159601,0.006578947368421,,,,
COL4A1,COL4A1,Messenger RNA,0.0,0,1,0.0,0.2584820190440972,0.006578947368421,,,,
TRIM3,TRIM3,Messenger RNA,0.0,0,1,2.231246209077866e-05,0.4412182420703803,0.0131578947368421,1.0,,,
VAMP2,VAMP2,Messenger RNA,0.0,0,1,0.0002221103948291,0.4182498130142109,0.0131578947368421,1.0,,,
TCF12,TCF12,Messenger RNA,0.0,0,1,0.0002991160643943,0.4202615361491056,0.0131578947368421,1.0,,,
SCOC,SCOC,Messenger RNA,0.0,0,1,0.0002143909463229,0.4364658133000312,0.0131578947368421,1.0,,,
TIMP2,TIMP2,Messenger RNA,0.0,0,1,0.0,0.2799078986885574,0.006578947368421,,,,
WNK3,WNK3,Messenger RNA,0.0,0,1,0.0006721445507606,0.4722972972972973,0.0263157894736842,1.0,,,
ZFP3,ZFP3,Messenger RNA,0.0,0,1,0.000876278007886,0.4493731918997107,0.0263157894736842,1.0,,,
ZNF704,ZNF704,Messenger RNA,0.0,0,1,0.0019510296795259,0.4841558441558442,0.0328947368421052,1.0,,,
KIF1B,KIF1B,Messenger RNA,0.0,0,1,0.0013313705714169,0.4735772357723577,0.0263157894736842,1.0,,,
AP1AR,AP1AR,Messenger RNA,0.0,0,1,3.958871587481144e-06,0.4144678327898013,0.0131578947368421,1.0,,,
WIPF2,WIPF2,Messenger RNA,0.0,0,1,7.025074583163935e-05,0.4467881112176414,0.0197368421052631,1.0,,,
C6orf132,C6orf132,Messenger RNA,0.0,0,1,0.0002736094598787,0.4153914722923785,0.0131578947368421,1.0,,,
MGLL,MGLL,Messenger RNA,0.0,0,1,3.1594703872944763e-06,0.2586733277824035,0.0131578947368421,1.0,,,
SLC25A12,SLC25A12,Messenger RNA,0.0,0,1,0.0,0.3989156798402054,0.006578947368421,,,,
SEMA4G,SEMA4G,Messenger RNA,0.0,0,1,0.0,0.435785536159601,0.006578947368421,,,,
WDR55,WDR55,Messenger RNA,0.0,0,1,0.0,0.415083135391924,0.006578947368421,,,,
SLITRK6,SLITRK6,Messenger RNA,0.0,0,1,0.0009816614409509,0.4516962843295638,0.0197368421052631,1.0,,,
MFAP3L,MFAP3L,Messenger RNA,0.0,0,1,2.675065835310257e-05,0.4426151654266265,0.0131578947368421,1.0,,,
ENPP5,ENPP5,Messenger RNA,0.0,0,1,0.0006462476890613,0.4516233241802617,0.0328947368421052,1.0,,,
ORC4,ORC4,Messenger RNA,0.0,0,1,0.0,0.3989156798402054,0.006578947368421,,,,
ZNF644,ZNF644,Messenger RNA,0.0,0,1,0.0,0.4010902309568211,0.006578947368421,,,,
IGSF3,IGSF3,Messenger RNA,0.0,0,1,0.000177439194404,0.4131816166691296,0.0131578947368421,1.0,,,
SORD,SORD,Messenger RNA,0.0,0,1,0.0,0.3989156798402054,0.006578947368421,,,,
RNF144B,RNF144B,Messenger RNA,0.0,0,1,0.0008293845180753,0.4450811843361986,0.0197368421052631,1.0,,,
PKNOX1,PKNOX1,Messenger RNA,0.0,0,1,0.0004279175205233,0.445435717699538,0.0197368421052631,1.0,,,
FOXP1,FOXP1,Messenger RNA,0.0,0,1,0.0002941435729415,0.4405230817709153,0.0131578947368421,1.0,,,
SLC2A1,SLC2A1,Messenger RNA,13.0,0,1,0.0001395788122193,0.4077584949686452,0.0131578947368421,1.0,,,
MAP7,MAP7,Messenger RNA,0.0,0,1,2.675065835310257e-05,0.4426151654266265,0.0131578947368421,1.0,,,
TAF3,TAF3,Messenger RNA,0.0,0,1,0.0,0.415083135391924,0.006578947368421,,,,
G3BP1,G3BP1,Messenger RNA,0.0,0,1,0.0075500994780636,0.4940802261883725,0.0394736842105263,0.8666666666666667,,,
MED6,MED6,Messenger RNA,0.0,0,1,0.0,0.4226757369614512,0.006578947368421,,,,
CRKL,CRKL,Messenger RNA,0.0,0,1,0.0,0.430021531836358,0.006578947368421,,,,
EYA4,EYA4,Messenger RNA,0.0,0,1,0.0,0.2562081920645102,0.006578947368421,,,,
PDE1C,PDE1C,Messenger RNA,0.0,0,1,0.0,0.3989156798402054,0.006578947368421,,,,
RPS6KA5,RPS6KA5,Messenger RNA,0.0,0,1,0.0015532819921529,0.4768889646938427,0.0328947368421052,1.0,,,
RALGPS1,RALGPS1,Messenger RNA,0.0,0,1,0.0001655564023539,0.4066909090909091,0.0131578947368421,1.0,,,
UBFD1,UBFD1,Messenger RNA,0.0,0,1,0.0005876975361555,0.473336719146775,0.0197368421052631,1.0,,,
GXYLT1,GXYLT1,Messenger RNA,0.0,0,1,0.0005870535022729,0.4352428393524284,0.0263157894736842,1.0,,,
GALNT7,GALNT7,Messenger RNA,0.0,0,1,0.0011094059444926,0.4632206759443339,0.0263157894736842,1.0,,,
CRAMP1,CRAMP1,Messenger RNA,0.0,0,1,0.0008597065783133,0.4617671345995045,0.0197368421052631,1.0,,,
SMAD2,SMAD2,Messenger RNA,0.0,0,1,0.0003810738486899,0.4201352366641623,0.0197368421052631,1.0,,,
EYA3,EYA3,Messenger RNA,0.0,0,1,0.0011322769979392,0.4320815948076031,0.0263157894736842,0.5,,,
NMNAT2,NMNAT2,Messenger RNA,0.0,0,1,6.438642037985097e-05,0.258912862302065,0.0131578947368421,1.0,,,
CADM2,CADM2,Messenger RNA,0.0,0,1,0.0005256823312902,0.2592489568845619,0.0328947368421052,0.4,,,
ANO3,ANO3,Messenger RNA,0.0,0,1,0.0001150387021841,0.2579811773389924,0.0131578947368421,1.0,,,
ACVR2A,ACVR2A,Messenger RNA,0.0,0,1,0.0009638983882056,0.4472168905950096,0.0263157894736842,0.6666666666666666,,,
SAMD8,SAMD8,Messenger RNA,0.0,0,1,0.006330294794076,0.2842618950793005,0.0592105263157894,0.6666666666666666,,,
ZZZ3,ZZZ3,Messenger RNA,17.0,0,1,0.0003055089617709,0.4025917926565874,0.0131578947368421,0.0,,,
PARM1,PARM1,Messenger RNA,0.0,0,1,0.0001813540045327,0.2598513011152416,0.0263157894736842,0.8333333333333334,,,
PSD4,PSD4,Messenger RNA,0.0,0,1,0.0003324704088852,0.4293611793611793,0.0131578947368421,1.0,,,
DIAPH2,DIAPH2,Messenger RNA,0.0,0,1,3.0055187851221804e-05,0.2591528408564278,0.0131578947368421,1.0,,,
HDAC9,HDAC9,Messenger RNA,0.0,0,1,0.0301022368722189,0.3365025875556625,0.0328947368421052,0.7,,,
RAB10,RAB10,Messenger RNA,0.0,0,1,0.0009208088015131,0.4429657794676806,0.0197368421052631,1.0,,,
HOXA9,HOXA9,Messenger RNA,0.0,0,1,0.0002547394878394,0.4194419441944194,0.0197368421052631,1.0,,,
PTCHD1,PTCHD1,Messenger RNA,0.0,0,1,0.0020686844612251,0.4533073929961089,0.0394736842105263,0.8,,,
SRSF10,SRSF10,Messenger RNA,0.0,0,1,0.0074658661295615,0.4688128772635815,0.0526315789473684,0.8214285714285714,,,
NFIB,NFIB,Messenger RNA,0.0,0,1,0.0055848727203929,0.4915611814345991,0.0394736842105263,0.8666666666666667,,,
SAP30L,SAP30L,Messenger RNA,0.0,0,1,0.0,0.415083135391924,0.006578947368421,,,,
MAT2B,MAT2B,Messenger RNA,0.0,0,1,0.0,0.4226757369614512,0.006578947368421,,,,
TMEM168,TMEM168,Messenger RNA,0.0,0,1,0.0011454789047,0.452720207253886,0.0263157894736842,1.0,,,
PCDH9,PCDH9,Messenger RNA,0.0,0,1,0.0,0.2225760229262856,0.006578947368421,,,,
SORL1,SORL1,Messenger RNA,0.0,0,1,0.0,0.415083135391924,0.006578947368421,,,,
GPRIN3,GPRIN3,Messenger RNA,0.0,0,1,0.000282223099933,0.4435279187817258,0.0131578947368421,1.0,,,
GPM6B,GPM6B,Messenger RNA,0.0,0,1,0.0,0.3860278889962723,0.006578947368421,,,,
NUFIP2,NUFIP2,Messenger RNA,0.0,0,1,0.0085331747873845,0.5004474673348845,0.0723684210526315,0.9636363636363636,,,
VTI1B,VTI1B,Messenger RNA,0.0,0,1,0.0001123392050477,0.2244340985711992,0.0263157894736842,0.5,,,
TNS1,TNS1,Messenger RNA,0.0,0,1,2.369879346585291e-05,0.2239846190819514,0.0131578947368421,0.0,,,
PDS5A,PDS5A,Messenger RNA,0.0,0,1,0.0,0.435785536159601,0.006578947368421,,,,
KIAA1549L,KIAA1549L,Messenger RNA,0.0,0,1,0.0003324704088852,0.4293611793611793,0.0131578947368421,1.0,,,
CACNA1C,CACNA1C,Messenger RNA,0.0,0,1,5.811379452719616e-09,0.3810821861796374,0.0131578947368421,1.0,,,
CDC6,CDC6,Messenger RNA,0.0,0,1,0.0004479068077578,0.4420553359683794,0.0197368421052631,0.6666666666666666,,,
IPO9,IPO9,Messenger RNA,0.0,0,1,0.00227505002545,0.455820019563091,0.0394736842105263,0.8,,,
CDCA3,CDCA3,Messenger RNA,0.0,0,1,0.0005283547096032,0.4426852438252058,0.0131578947368421,1.0,,,
IP6K1,IP6K1,Messenger RNA,0.0,0,1,0.0002837818288715,0.4642975755562936,0.0131578947368421,1.0,,,
OTUD7A,OTUD7A,Messenger RNA,0.0,0,1,0.0,0.4137931034482758,0.006578947368421,,,,
PTPN3,PTPN3,Messenger RNA,0.0,0,1,0.0005337662137895,0.4417061611374407,0.0131578947368421,1.0,,,
RAB14,RAB14,Messenger RNA,0.0,0,1,0.0003088265671548,0.4175003733014782,0.0131578947368421,0.0,,,
BCL2L11,BCL2L11,Messenger RNA,0.0,0,1,0.0013459431092857,0.4561174551386623,0.0263157894736842,1.0,,,
N4BP3,N4BP3,Messenger RNA,0.0,0,1,0.0001624346853678,0.4257003654080389,0.0131578947368421,1.0,,,
UBE3A,UBE3A,Messenger RNA,0.0,0,1,0.0,0.4010902309568211,0.006578947368421,,,,
PPP1R16B,PPP1R16B,Messenger RNA,0.0,0,1,0.0001089888443889,0.2588888888888889,0.0131578947368421,1.0,,,
BMT2,BMT2,Messenger RNA,0.0,0,1,0.0,0.435785536159601,0.006578947368421,,,,
KCNB1,KCNB1,Messenger RNA,0.0,0,1,0.0057361614228605,0.2827955901689086,0.0394736842105263,0.4666666666666667,,,
SHANK2,SHANK2,Messenger RNA,0.0,0,1,0.0,0.435785536159601,0.006578947368421,,,,
SUCO,SUCO,Messenger RNA,0.0,0,1,7.025074583163935e-05,0.4467881112176414,0.0197368421052631,1.0,,,
SF3B1,SF3B1,Messenger RNA,0.0,0,1,0.0,0.4010902309568211,0.006578947368421,,,,
BAHD1,BAHD1,Messenger RNA,0.0,0,1,0.0002937795025562,0.4414272181875592,0.0197368421052631,1.0,,,
TRPV6,TRPV6,Messenger RNA,0.0,0,1,2.231246209077866e-05,0.4412182420703803,0.0131578947368421,1.0,,,
FAM133B,FAM133B,Messenger RNA,0.0,0,1,0.0005416867787786,0.4514774745680607,0.0197368421052631,1.0,,,
MIER3,MIER3,Messenger RNA,0.0,0,1,0.0014381259275223,0.4530870199319397,0.0328947368421052,0.9,,,
PDP2,PDP2,Messenger RNA,0.0,0,1,0.0,0.2584820190440972,0.006578947368421,,,,
ZDHHC9,ZDHHC9,Messenger RNA,0.0,0,1,0.0003704957352556,0.4163192376414532,0.0131578947368421,1.0,,,
TFCP2L1,TFCP2L1,Messenger RNA,0.0,0,1,0.0005239337692625,0.4389324960753532,0.0197368421052631,1.0,,,
CPM,CPM,Messenger RNA,0.0,0,1,4.960155284335013e-05,0.2593451442352286,0.0197368421052631,1.0,,,
ALKBH5,ALKBH5,Messenger RNA,0.0,0,1,0.0,0.406041243101946,0.006578947368421,,,,
LAMP2,LAMP2,Messenger RNA,0.0,0,1,0.0001596118230684,0.4134259943811917,0.0197368421052631,1.0,,,
CACUL1,CACUL1,Messenger RNA,0.0,0,1,0.0028073698722797,0.4663108739159439,0.0328947368421052,1.0,,,
PPP2R5C,PPP2R5C,Messenger RNA,0.0,0,1,0.0002162078679252,0.4363976900265335,0.0131578947368421,1.0,,,
NIPSNAP1,NIPSNAP1,Messenger RNA,0.0,0,1,0.0,0.419630796938316,0.006578947368421,,,,
RNF4,RNF4,Messenger RNA,12.0,0,1,0.0,0.435785536159601,0.006578947368421,,,,
GTDC1,GTDC1,Messenger RNA,0.0,0,1,0.0021556469224784,0.258912862302065,0.0394736842105263,0.0666666666666666,,,
USP28,USP28,Messenger RNA,0.0,0,1,2.231246209077866e-05,0.4412182420703803,0.0131578947368421,1.0,,,
WDR82,WDR82,Messenger RNA,0.0,0,1,0.0028689641063008,0.481487859479938,0.0328947368421052,1.0,,,
SPCS3,SPCS3,Messenger RNA,0.0,0,1,0.0,0.4161952962191128,0.006578947368421,,,,
TMPO,TMPO,Messenger RNA,0.0,0,1,0.0,0.4161952962191128,0.006578947368421,,,,
RERE,RERE,Messenger RNA,0.0,0,1,0.0002158434319947,0.4214651793789569,0.0131578947368421,1.0,,,
MAP2K6,MAP2K6,Messenger RNA,0.0,0,1,0.0011861994296634,0.4626075446724024,0.0328947368421052,1.0,,,
ZKSCAN1,ZKSCAN1,Messenger RNA,0.0,0,1,0.000691249920366,0.4418457648546144,0.0197368421052631,1.0,,,
CPEB3,CPEB3,Messenger RNA,0.0,0,1,0.0020386165134196,0.4815707888391319,0.0328947368421052,0.9,,,
PLEKHG3,PLEKHG3,Messenger RNA,0.0,0,1,0.0010510196009737,0.429097605893186,0.0197368421052631,0.6666666666666666,,,
GRK3,GRK3,Messenger RNA,0.0,0,1,0.0,0.2584820190440972,0.006578947368421,,,,
UHMK1,UHMK1,Messenger RNA,0.0,0,1,0.0010049291882435,0.4335555900139556,0.0263157894736842,0.8333333333333334,,,
PURB,PURB,Messenger RNA,0.0,0,1,0.0093351182963221,0.4907846234860453,0.0526315789473684,0.9285714285714286,,,
FARP1,FARP1,Messenger RNA,0.0,0,1,0.0,0.406041243101946,0.006578947368421,,,,
MTARC1,MTARC1,Messenger RNA,0.0,0,1,0.0,0.2568200606227611,0.006578947368421,,,,
ANK2,ANK2,Messenger RNA,0.0,0,1,0.0002940329207537,0.2251751630828702,0.0263157894736842,0.3333333333333333,,,
EIF3M,EIF3M,Messenger RNA,0.0,0,1,0.0,0.430021531836358,0.006578947368421,,,,
ATG13,ATG13,Messenger RNA,0.0,0,1,0.0,0.3989156798402054,0.006578947368421,,,,
ZNF805,ZNF805,Messenger RNA,0.0,0,1,0.0011629802646598,0.4530136098509397,0.0263157894736842,1.0,,,
GRK5,GRK5,Messenger RNA,0.0,0,1,0.0,0.2799359231077293,0.006578947368421,,,,
KIF3A,KIF3A,Messenger RNA,0.0,0,1,0.0,0.4161952962191128,0.006578947368421,,,,
BZW1,BZW1,Messenger RNA,0.0,0,1,0.0083406947673829,0.4771331058020477,0.0394736842105263,0.6666666666666666,,,
MIPOL1,MIPOL1,Messenger RNA,0.0,0,1,0.0002143909463229,0.4364658133000312,0.0131578947368421,1.0,,,
MTURN,MTURN,Messenger RNA,0.0,0,1,0.0012044400297398,0.2596341350171789,0.0328947368421052,0.5,,,
SNIP1,SNIP1,Messenger RNA,0.0,0,1,0.0,0.430021531836358,0.006578947368421,,,,
CHST14,CHST14,Messenger RNA,0.0,0,1,0.0,0.3664002096710785,0.006578947368421,,,,
CNR1,CNR1,Messenger RNA,0.0,0,1,3.643949833996666e-05,0.2581479087803527,0.0197368421052631,1.0,,,
PFN2,PFN2,Messenger RNA,0.0,0,1,0.0,0.435785536159601,0.006578947368421,,,,
ITIH5,ITIH5,Messenger RNA,0.0,0,1,0.0,0.2225937425364222,0.006578947368421,,,,
TOMM34,TOMM34,Messenger RNA,0.0,0,1,0.0,0.3631168831168831,0.006578947368421,,,,
FZD3,FZD3,Messenger RNA,0.0,0,1,0.0043193543238021,0.489753021544929,0.0263157894736842,1.0,,,
VTA1,VTA1,Messenger RNA,0.0,0,1,0.0,0.3682824025289778,0.006578947368421,,,,
TRMT13,TRMT13,Messenger RNA,0.0,0,1,0.0,0.3783491204330176,0.006578947368421,,,,
APLP2,APLP2,Messenger RNA,0.0,0,1,0.0,0.4161952962191128,0.006578947368421,,,,
RALGPS2,RALGPS2,Messenger RNA,0.0,0,1,0.0004965112701976,0.424408014571949,0.0197368421052631,1.0,,,
AMMECR1,AMMECR1,Messenger RNA,0.0,0,1,0.0001358687611454,0.4413575374901342,0.0131578947368421,1.0,,,
CREB1,CREB1,Messenger RNA,0.0,0,1,0.0009305102062281,0.4585861899294735,0.0328947368421052,1.0,,,
FBXW11,FBXW11,Messenger RNA,0.0,0,1,0.0008839669086355,0.4480769230769231,0.0263157894736842,1.0,,,
CARMIL1,CARMIL1,Messenger RNA,0.0,0,1,0.0,0.4137931034482758,0.006578947368421,,,,
TMEM107,TMEM107,Messenger RNA,0.0,0,1,0.0,0.4161952962191128,0.006578947368421,,,,
AP2B1,AP2B1,Messenger RNA,0.0,0,1,0.0004038555684105,0.4485801379752928,0.0131578947368421,1.0,,,
SMS,SMS,Messenger RNA,0.0,0,1,0.0,0.430021531836358,0.006578947368421,,,,
STK4,STK4,Messenger RNA,0.0,0,1,9.817768884192792e-05,0.4105726872246696,0.0131578947368421,1.0,,,
LAMA4,LAMA4,Messenger RNA,0.0,0,1,8.46364700921121e-05,0.2232335329341317,0.0131578947368421,0.0,,,
PTPRJ,PTPRJ,Messenger RNA,0.0,0,1,0.000685918116414,0.4493009802346135,0.0197368421052631,1.0,,,
RTN4,RTN4,Messenger RNA,0.0,0,1,0.0,0.2076340412891727,0.006578947368421,,,,
RPS6KA6,RPS6KA6,Messenger RNA,0.0,0,1,2.675065835310257e-05,0.4426151654266265,0.0131578947368421,1.0,,,
SLC9A9,SLC9A9,Messenger RNA,0.0,0,1,0.0003525393417433,0.2597306084533209,0.0263157894736842,0.8333333333333334,,,
RABEP1,RABEP1,Messenger RNA,0.0,0,1,0.0008963992932036,0.443316949421278,0.0197368421052631,0.3333333333333333,,,
CCNJL,CCNJL,Messenger RNA,0.0,0,1,0.0015924005943264,0.4483643361128929,0.0197368421052631,0.3333333333333333,,,
APP,APP,Messenger RNA,0.0,0,1,0.0037552108210338,0.440661938534279,0.0197368421052631,0.3333333333333333,,,
GNG2,GNG2,Messenger RNA,0.0,0,1,0.0,0.2566786009363812,0.006578947368421,,,,
PNISR,PNISR,Messenger RNA,0.0,0,1,0.0013459402069763,0.460550156481634,0.0263157894736842,1.0,,,
KLF4,KLF4,Messenger RNA,7.0,0,1,0.0,0.2565608368507983,0.006578947368421,,,,
TOMM20,TOMM20,Messenger RNA,0.0,0,1,0.0,0.430021531836358,0.006578947368421,,,,
QTRT2,QTRT2,Messenger RNA,0.0,0,1,5.811379452719616e-09,0.3810821861796374,0.0131578947368421,1.0,,,
EXPH5,EXPH5,Messenger RNA,0.0,0,1,0.0002854438739333,0.4458619040025514,0.0197368421052631,1.0,,,
CDH20,CDH20,Messenger RNA,0.0,0,1,4.617601506888559e-06,0.2558331045841339,0.0131578947368421,1.0,,,
CEP20,CEP20,Messenger RNA,0.0,0,1,0.0,0.3682824025289778,0.006578947368421,,,,
MTMR9,MTMR9,Messenger RNA,0.0,0,1,0.0001578098399235,0.4167536145476226,0.0131578947368421,1.0,,,
MPZL1,MPZL1,Messenger RNA,0.0,0,1,0.0,0.4003436426116838,0.006578947368421,,,,
NCOA1,NCOA1,Messenger RNA,0.0,0,1,0.000408447472711,0.4318146718146718,0.0131578947368421,1.0,,,
RLIM,RLIM,Messenger RNA,0.0,0,1,0.0035996842410827,0.481487859479938,0.0394736842105263,1.0,,,
TSPAN18,TSPAN18,Messenger RNA,0.0,0,1,0.0005315539058876,0.2596341350171789,0.0263157894736842,0.8333333333333334,,,
PGGT1B,PGGT1B,Messenger RNA,0.0,0,1,0.0,0.4161952962191128,0.006578947368421,,,,
PPP1R9A,PPP1R9A,Messenger RNA,0.0,0,1,0.0,0.4137931034482758,0.006578947368421,,,,
TLK1,TLK1,Messenger RNA,0.0,0,1,0.0005053101324998,0.4484362469927826,0.0197368421052631,1.0,,,
PIP4K2C,PIP4K2C,Messenger RNA,0.0,0,1,0.0,0.4082347787998248,0.006578947368421,,,,
C9orf64,C9orf64,Messenger RNA,0.0,0,1,5.6863509106632646e-05,0.4438095238095238,0.0197368421052631,1.0,,,
ATXN7L3B,ATXN7L3B,Messenger RNA,0.0,0,1,0.0,0.430021531836358,0.006578947368421,,,,
P2RY2,P2RY2,Messenger RNA,0.0,0,1,4.489057203105293e-05,0.4434575733544805,0.0131578947368421,1.0,,,
PSD3,PSD3,Messenger RNA,0.0,0,1,0.0018888263733537,0.4315480784071616,0.0328947368421052,0.6,,,
DAZAP1,DAZAP1,Messenger RNA,0.0,0,1,0.0,0.419630796938316,0.006578947368421,,,,
POU6F2,POU6F2,Messenger RNA,0.0,0,1,0.000194513364451,0.2243800658053125,0.0197368421052631,0.3333333333333333,,,
GRIK3,GRIK3,Messenger RNA,0.0,0,1,0.0002364617844722,0.413364872856298,0.0131578947368421,1.0,,,
SBNO1,SBNO1,Messenger RNA,0.0,0,1,0.0003521305244679,0.4328173374613003,0.0131578947368421,1.0,,,
CEP57,CEP57,Messenger RNA,0.0,0,1,2.675065835310257e-05,0.4426151654266265,0.0131578947368421,1.0,,,
MSI2,MSI2,Messenger RNA,0.0,0,1,0.0114648833595104,0.4838207302301436,0.0394736842105263,0.9333333333333332,,,
MAPK1IP1L,MAPK1IP1L,Messenger RNA,0.0,0,1,0.0079301129083641,0.4777853725222146,0.0460526315789473,0.9047619047619048,,,
HS6ST1,HS6ST1,Messenger RNA,0.0,0,1,0.0,0.4003436426116838,0.006578947368421,,,,
CYGB,CYGB,Messenger RNA,0.0,0,1,0.0,0.2219752302318196,0.006578947368421,,,,
SEC22A,SEC22A,Messenger RNA,0.0,0,1,0.0,0.415083135391924,0.006578947368421,,,,
NAPEPLD,NAPEPLD,Messenger RNA,0.0,0,1,0.0014009539996118,0.482984971497668,0.0328947368421052,1.0,,,
SIX1,SIX1,Messenger RNA,0.0,0,1,1.820016034265406e-05,0.2583387230897163,0.0131578947368421,1.0,,,
RGMB,RGMB,Messenger RNA,0.0,0,1,7.025074583163935e-05,0.4467881112176414,0.0197368421052631,1.0,,,
TCERG1,TCERG1,Messenger RNA,0.0,0,1,0.0,0.3989156798402054,0.006578947368421,,,,
SPTLC1,SPTLC1,Messenger RNA,0.0,0,1,4.489057203105293e-05,0.4434575733544805,0.0131578947368421,1.0,,,
ARIH1,ARIH1,Messenger RNA,0.0,0,1,0.0017771870583446,0.4447272148878638,0.0263157894736842,0.6666666666666666,,,
NPNT,NPNT,Messenger RNA,0.0,0,1,0.0003740730214136,0.4170022371364653,0.0197368421052631,1.0,,,
SRPK2,SRPK2,Messenger RNA,0.0,0,1,7.025074583163935e-05,0.4467881112176414,0.0197368421052631,1.0,,,
CCDC141,CCDC141,Messenger RNA,2.0,0,1,3.1594703872944763e-06,0.2586733277824035,0.0131578947368421,1.0,,,
ZBTB5,ZBTB5,Messenger RNA,0.0,0,1,0.0,0.406041243101946,0.006578947368421,,,,
CASK,CASK,Messenger RNA,0.0,0,1,6.477640880440067e-05,0.4090709583028529,0.0131578947368421,1.0,,,
SSX2IP,SSX2IP,Messenger RNA,0.0,0,1,0.0004597271515179,0.4418457648546144,0.0131578947368421,1.0,,,
GMPPB,GMPPB,Messenger RNA,0.0,0,1,0.0,0.419630796938316,0.006578947368421,,,,
SCD,SCD,Messenger RNA,0.0,0,1,0.0007507909662165,0.2829386763812993,0.0263157894736842,1.0,,,
ZNF800,ZNF800,Messenger RNA,0.0,0,1,0.0,0.435785536159601,0.006578947368421,,,,
UBN2,UBN2,Messenger RNA,0.0,0,1,0.0044676816158328,0.4715008431703204,0.0460526315789473,0.9523809523809524,,,
MXI1,MXI1,Messenger RNA,0.0,0,1,0.0,0.435785536159601,0.006578947368421,,,,
CSNK1G1,CSNK1G1,Messenger RNA,0.0,0,1,0.001204961780119,0.4447272148878638,0.0328947368421052,0.8,,,
MGAT4A,MGAT4A,Messenger RNA,0.0,0,1,0.0008999469307645,0.4328173374613003,0.0197368421052631,0.6666666666666666,,,
H2AZ2,H2AZ2,Messenger RNA,0.0,0,1,8.153015845173535e-05,0.4178747571364519,0.0131578947368421,1.0,,,
CBFA2T2,CBFA2T2,Messenger RNA,0.0,0,1,0.0002097914547406,0.4180622009569378,0.0131578947368421,1.0,,,
SCN8A,SCN8A,Messenger RNA,0.0,0,1,0.0,0.4082347787998248,0.006578947368421,,,,
ZCCHC24,ZCCHC24,Messenger RNA,0.0,0,1,0.0002540533327984,0.2575534266764923,0.0131578947368421,1.0,,,
RPA2,RPA2,Messenger RNA,12.0,0,1,2.675065835310257e-05,0.4426151654266265,0.0131578947368421,1.0,,,
FAM126A,FAM126A,Messenger RNA,0.0,0,1,0.0,0.4010902309568211,0.006578947368421,,,,
OTUB2,OTUB2,Messenger RNA,0.0,0,1,0.0,0.4109347442680776,0.006578947368421,,,,
FNBP1L,FNBP1L,Messenger RNA,0.0,0,1,0.0005775307408833,0.4513317191283293,0.0197368421052631,1.0,,,
LDOC1,LDOC1,Messenger RNA,0.0,0,1,0.0,0.3631168831168831,0.006578947368421,,,,
PCDHA11,PCDHA11,Messenger RNA,0.0,0,1,0.0004847144585981,0.469994957135653,0.0197368421052631,1.0,,,
PDXDC1,PDXDC1,Messenger RNA,0.0,0,1,0.0,0.4082347787998248,0.006578947368421,,,,
FBXO41,FBXO41,Messenger RNA,0.0,0,1,2.231246209077866e-05,0.4412182420703803,0.0131578947368421,1.0,,,
PDCD4,PDCD4,Messenger RNA,0.0,0,1,0.0,0.430021531836358,0.006578947368421,,,,
MSMO1,MSMO1,Messenger RNA,0.0,0,1,7.025074583163935e-05,0.4467881112176414,0.0197368421052631,1.0,,,
TSPYL5,TSPYL5,Messenger RNA,0.0,0,1,0.0,0.3989156798402054,0.006578947368421,,,,
CD3G,CD3G,Messenger RNA,0.0,0,1,3.958871587481144e-06,0.4144678327898013,0.0131578947368421,1.0,,,
OSMR,OSMR,Messenger RNA,0.0,0,1,0.0021268132997959,0.4504591590140164,0.0131578947368421,1.0,,,
HBEGF,HBEGF,Messenger RNA,0.0,0,1,0.0,0.2225937425364222,0.006578947368421,,,,
VPS26A,VPS26A,Messenger RNA,0.0,0,1,7.025074583163935e-05,0.4467881112176414,0.0197368421052631,1.0,,,
CCNT2,CCNT2,Messenger RNA,0.0,0,1,0.0014009539996118,0.482984971497668,0.0328947368421052,1.0,,,
PHF20,PHF20,Messenger RNA,0.0,0,1,0.0010750849078392,0.4553745928338762,0.0263157894736842,1.0,,,
TASP1,TASP1,Messenger RNA,0.0,0,1,5.811379452719616e-09,0.3810821861796374,0.0131578947368421,1.0,,,
CHFR,CHFR,Messenger RNA,0.0,0,1,0.0002020488879798,0.3842770753161078,0.0131578947368421,0.0,,,
GINS1,GINS1,Messenger RNA,0.0,0,1,0.0,0.435785536159601,0.006578947368421,,,,
RYBP,RYBP,Messenger RNA,0.0,0,1,7.025074583163935e-05,0.4467881112176414,0.0197368421052631,1.0,,,
USP36,USP36,Messenger RNA,0.0,0,1,0.0,0.4082347787998248,0.006578947368421,,,,
GOLGA3,GOLGA3,Messenger RNA,0.0,0,1,0.0,0.3901758303097962,0.006578947368421,,,,
TOLLIP,TOLLIP,Messenger RNA,0.0,0,1,3.958871587481144e-06,0.4144678327898013,0.0131578947368421,1.0,,,
RGP1,RGP1,Messenger RNA,0.0,0,1,0.0009136295851918,0.4530870199319397,0.0197368421052631,1.0,,,
IKZF4,IKZF4,Messenger RNA,0.0,0,1,0.0012023336294018,0.4598684210526316,0.0263157894736842,1.0,,,
SCN2B,SCN2B,Messenger RNA,0.0,0,1,0.0007874405270574,0.4487961476725521,0.0197368421052631,1.0,,,
FRK,FRK,Messenger RNA,5.0,0,1,0.0026359647993867,0.4676367285499247,0.0328947368421052,1.0,,,
PLPP3,PLPP3,Messenger RNA,0.0,0,1,0.000796187993804,0.2808921036769138,0.0197368421052631,0.3333333333333333,,,
XIAP,XIAP,Messenger RNA,0.0,0,1,0.0010046314819627,0.4497345986810359,0.0328947368421052,1.0,,,
NUS1,NUS1,Messenger RNA,0.0,0,1,0.0,0.4137931034482758,0.006578947368421,,,,
LRIG2,LRIG2,Messenger RNA,0.0,0,1,0.0001277353291272,0.446716727911807,0.0131578947368421,1.0,,,
ENTPD5,ENTPD5,Messenger RNA,0.0,0,1,0.0002372321564215,0.4166915052160954,0.0131578947368421,1.0,,,
RPP14,RPP14,Messenger RNA,0.0,0,1,2.675065835310257e-05,0.4426151654266265,0.0131578947368421,1.0,,,
NEDD4L,NEDD4L,Messenger RNA,0.0,0,1,0.0017922563039322,0.4573110893032385,0.0263157894736842,1.0,,,
USP46,USP46,Messenger RNA,0.0,0,1,0.0005283547096032,0.4426852438252058,0.0131578947368421,1.0,,,
ALPK3,ALPK3,Messenger RNA,0.0,0,1,3.1594703872944763e-06,0.2586733277824035,0.0131578947368421,1.0,,,
DUSP16,DUSP16,Messenger RNA,0.0,0,1,0.0006476661178609,0.4289659404725376,0.0197368421052631,1.0,,,
HNRNPA3,HNRNPA3,Messenger RNA,0.0,0,1,0.0002673206285842,0.3764642520533189,0.0131578947368421,0.0,,,
WAC,WAC,Messenger RNA,0.0,0,1,2.231246209077866e-05,0.4412182420703803,0.0131578947368421,1.0,,,
TMEM25,TMEM25,Messenger RNA,0.0,0,1,0.0,0.435785536159601,0.006578947368421,,,,
UNC5D,UNC5D,Messenger RNA,0.0,0,1,0.0,0.4137931034482758,0.006578947368421,,,,
RAB8A,RAB8A,Messenger RNA,0.0,0,1,0.0,0.419630796938316,0.006578947368421,,,,
WAPL,WAPL,Messenger RNA,0.0,0,1,0.0008643094020994,0.4602469135802469,0.0197368421052631,1.0,,,
SH3KBP1,SH3KBP1,Messenger RNA,0.0,0,1,0.0001136761364482,0.2576958525345622,0.0131578947368421,1.0,,,
MN1,MN1,Messenger RNA,0.0,0,1,0.0,0.2219752302318196,0.006578947368421,,,,
CA12,CA12,Messenger RNA,0.0,0,1,0.0,0.4003436426116838,0.006578947368421,,,,
B4GALNT3,B4GALNT3,Messenger RNA,0.0,0,1,0.0013077100447819,0.4137318733353063,0.0263157894736842,0.6666666666666666,,,
UPF1,UPF1,Messenger RNA,0.0,0,1,0.0,0.3664002096710785,0.006578947368421,,,,
CLDN12,CLDN12,Messenger RNA,0.0,0,1,0.0024836754466186,0.4743807261621988,0.0197368421052631,1.0,,,
KPNA6,KPNA6,Messenger RNA,0.0,0,1,0.0004733527717214,0.4202615361491056,0.0197368421052631,1.0,,,
IGF1,IGF1,Messenger RNA,0.0,0,1,0.0032154092819583,0.2608939068769245,0.0328947368421052,0.8,,,
TOM1L2,TOM1L2,Messenger RNA,0.0,0,1,0.0,0.415083135391924,0.006578947368421,,,,
CD226,CD226,Messenger RNA,0.0,0,1,0.0,0.4109347442680776,0.006578947368421,,,,
U2SURP,U2SURP,Messenger RNA,0.0,0,1,0.0017688980815193,0.4600197433366239,0.0263157894736842,1.0,,,
NAT8L,NAT8L,Messenger RNA,0.0,0,1,0.0001898449894616,0.2593451442352286,0.0131578947368421,0.0,,,
TIMP3,TIMP3,Messenger RNA,0.0,0,1,0.0,0.2566786009363812,0.006578947368421,,,,
ETNK1,ETNK1,Messenger RNA,0.0,0,1,0.0003036219603725,0.4553745928338762,0.0197368421052631,1.0,,,
RBBP6,RBBP6,Messenger RNA,0.0,0,1,0.0001277353291272,0.446716727911807,0.0131578947368421,1.0,,,
ITGB8,ITGB8,Messenger RNA,0.0,0,1,0.0004599569494091,0.4516233241802617,0.0197368421052631,1.0,,,
KIT,KIT,Messenger RNA,0.0,0,1,9.859177737031586e-05,0.4168778887729238,0.0131578947368421,1.0,,,
SMIM14,SMIM14,Messenger RNA,0.0,0,1,0.0020894442822101,0.4632974316487158,0.0460526315789473,1.0,,,
TRPS1,TRPS1,Messenger RNA,0.0,0,1,0.0014712581042932,0.4469309462915601,0.0263157894736842,0.5,,,
SINHCAF,SINHCAF,Messenger RNA,0.0,0,1,2.675065835310257e-05,0.4426151654266265,0.0131578947368421,1.0,,,
CAMK2B,CAMK2B,Messenger RNA,0.0,0,1,0.0001383041271257,0.4214651793789569,0.0131578947368421,1.0,,,
GPR61,GPR61,Messenger RNA,0.0,0,1,0.0004395388993265,0.4318146718146718,0.0131578947368421,1.0,,,
MBOAT2,MBOAT2,Messenger RNA,0.0,0,1,0.0001051805539493,0.4085330216247808,0.0131578947368421,1.0,,,
FAM222B,FAM222B,Messenger RNA,0.0,0,1,0.0,0.435785536159601,0.006578947368421,,,,
MAP3K21,MAP3K21,Messenger RNA,0.0,0,1,4.489057203105293e-05,0.4434575733544805,0.0131578947368421,1.0,,,
SOST,SOST,Messenger RNA,0.0,0,1,0.0,0.3696945656485522,0.006578947368421,,,,
LYPD6,LYPD6,Messenger RNA,0.0,0,1,0.0001110899915842,0.4476464937560038,0.0263157894736842,1.0,,,
SLC30A9,SLC30A9,Messenger RNA,0.0,0,1,0.0001116435379882,0.4176250933532487,0.0131578947368421,1.0,,,
SON,SON,Messenger RNA,0.0,0,1,9.859177737031586e-05,0.4168778887729238,0.0131578947368421,1.0,,,
JAZF1,JAZF1,Messenger RNA,0.0,0,1,0.0001591478023911,0.2588888888888889,0.0263157894736842,0.6666666666666666,,,
DSCAM,DSCAM,Messenger RNA,0.0,0,1,3.958871587481144e-06,0.4144678327898013,0.0131578947368421,1.0,,,
SLC9A7,SLC9A7,Messenger RNA,0.0,0,1,0.0,0.4082347787998248,0.006578947368421,,,,
PPIG,PPIG,Messenger RNA,0.0,0,1,0.0001277353291272,0.446716727911807,0.0131578947368421,1.0,,,
SYS1,SYS1,Messenger RNA,0.0,0,1,0.0057276678077098,0.4585861899294735,0.0263157894736842,0.5,,,
TMED8,TMED8,Messenger RNA,0.0,0,1,0.0027038959784967,0.4896672504378284,0.0328947368421052,1.0,,,
RAB3IP,RAB3IP,Messenger RNA,0.0,0,1,0.0,0.3856551724137931,0.006578947368421,,,,
ZDHHC5,ZDHHC5,Messenger RNA,0.0,0,1,0.0,0.4082347787998248,0.006578947368421,,,,
ELP4,ELP4,Messenger RNA,0.0,0,1,0.0,0.4161952962191128,0.006578947368421,,,,
UEVLD,UEVLD,Messenger RNA,0.0,0,1,0.0001110899915842,0.4476464937560038,0.0263157894736842,1.0,,,
SLC35F2,SLC35F2,Messenger RNA,0.0,0,1,0.0,0.3664002096710785,0.006578947368421,,,,
SEC22C,SEC22C,Messenger RNA,0.0,0,1,0.0,0.4279810194397673,0.006578947368421,,,,
NME7,NME7,Messenger RNA,0.0,0,1,0.0,0.4161952962191128,0.006578947368421,,,,
ATE1,ATE1,Messenger RNA,0.0,0,1,7.025074583163935e-05,0.4467881112176414,0.0197368421052631,1.0,,,
SLC4A8,SLC4A8,Messenger RNA,0.0,0,1,0.0008403638239088,0.4387947269303202,0.0197368421052631,0.6666666666666666,,,
POLH,POLH,Messenger RNA,0.0,0,1,0.0,0.3783491204330176,0.006578947368421,,,,
USP37,USP37,Messenger RNA,0.0,0,1,0.0001832547788916,0.4342289175337785,0.0131578947368421,1.0,,,
TBC1D30,TBC1D30,Messenger RNA,0.0,0,1,0.0005582207866494,0.4312818139750116,0.0131578947368421,1.0,,,
PIK3R1,PIK3R1,Messenger RNA,0.0,0,1,0.0016000688160078,0.4787671232876712,0.0263157894736842,1.0,,,
MIOS,MIOS,Messenger RNA,0.0,0,1,0.0,0.3783491204330176,0.006578947368421,,,,
NAA15,NAA15,Messenger RNA,0.0,0,1,0.0001277353291272,0.446716727911807,0.0131578947368421,1.0,,,
TIAM2,TIAM2,Messenger RNA,0.0,0,1,5.811379452719616e-09,0.3810821861796374,0.0131578947368421,1.0,,,
NUP155,NUP155,Messenger RNA,0.0,0,1,0.0,0.4109347442680776,0.006578947368421,,,,
PHLPP2,PHLPP2,Messenger RNA,0.0,0,1,0.0019193263954965,0.468263272483671,0.0263157894736842,1.0,,,
ELMO1,ELMO1,Messenger RNA,0.0,0,1,0.001208672580427,0.3303402646502835,0.0131578947368421,1.0,,,
HECTD2,HECTD2,Messenger RNA,0.0,0,1,0.0,0.435785536159601,0.006578947368421,,,,
SV2B,SV2B,Messenger RNA,0.0,0,1,7.05833332554101e-05,0.2239487384861834,0.0131578947368421,0.0,,,
NEK7,NEK7,Messenger RNA,0.0,0,1,0.0,0.2566786009363812,0.006578947368421,,,,
RNF38,RNF38,Messenger RNA,0.0,0,1,0.0,0.3609604957397366,0.006578947368421,,,,
TFAP2B,TFAP2B,Messenger RNA,0.0,0,1,0.0,0.4010902309568211,0.006578947368421,,,,
ARHGAP44,ARHGAP44,Messenger RNA,0.0,0,1,0.0,0.3901758303097962,0.006578947368421,,,,
C1orf21,C1orf21,Messenger RNA,0.0,0,1,0.0049318833806656,0.476158038147139,0.0526315789473684,0.9642857142857144,,,
HOXB8,HOXB8,Messenger RNA,0.0,0,1,0.0,0.2562081920645102,0.006578947368421,,,,
POLR3H,POLR3H,Messenger RNA,0.0,0,1,0.0,0.419630796938316,0.006578947368421,,,,
PLCB1,PLCB1,Messenger RNA,0.0,0,1,0.0,0.435785536159601,0.006578947368421,,,,
TSPAN31,TSPAN31,Messenger RNA,0.0,0,1,0.0,0.406041243101946,0.006578947368421,,,,
JADE2,JADE2,Messenger RNA,0.0,0,1,0.0008517115677803,0.4508223153821348,0.0263157894736842,1.0,,,
TMEM26,TMEM26,Messenger RNA,0.0,0,1,0.0,0.3682824025289778,0.006578947368421,,,,
CNOT6,CNOT6,Messenger RNA,0.0,0,1,0.0010169973023325,0.4214651793789569,0.0197368421052631,0.3333333333333333,,,
ERP29,ERP29,Messenger RNA,0.0,0,1,0.0007007477571678,0.3697434541126686,0.0131578947368421,0.0,,,
CNOT6L,CNOT6L,Messenger RNA,0.0,0,1,0.003271000554893,0.4878729715581923,0.0394736842105263,1.0,,,
ANKFY1,ANKFY1,Messenger RNA,0.0,0,1,0.0,0.415083135391924,0.006578947368421,,,,
SUPT6H,SUPT6H,Messenger RNA,0.0,0,1,0.0,0.415083135391924,0.006578947368421,,,,
TRDN,TRDN,Messenger RNA,0.0,0,1,0.001208672580427,0.3303402646502835,0.0131578947368421,1.0,,,
DSTYK,DSTYK,Messenger RNA,0.0,0,1,7.025074583163935e-05,0.4467881112176414,0.0197368421052631,1.0,,,
CDC40,CDC40,Messenger RNA,0.0,0,1,7.025074583163935e-05,0.4467881112176414,0.0197368421052631,1.0,,,
ZRANB1,ZRANB1,Messenger RNA,0.0,0,1,0.0,0.435785536159601,0.006578947368421,,,,
IFFO2,IFFO2,Messenger RNA,0.0,0,1,0.0006036660988282,0.433152594887684,0.0197368421052631,1.0,,,
SYNGR1,SYNGR1,Messenger RNA,0.0,0,1,0.0009714042399116,0.4330184296112745,0.0131578947368421,1.0,,,
FBXO28,FBXO28,Messenger RNA,0.0,0,1,0.0015706477750816,0.4554487701580061,0.0263157894736842,1.0,,,
UBE2G1,UBE2G1,Messenger RNA,0.0,0,1,0.0007017341588952,0.4220377358490566,0.0197368421052631,0.6666666666666666,,,
ZNF148,ZNF148,Messenger RNA,0.0,0,1,0.0041204114611067,0.4614622875061891,0.0526315789473684,0.9642857142857144,,,
TMEM63B,TMEM63B,Messenger RNA,0.0,0,1,0.0,0.4003436426116838,0.006578947368421,,,,
DAZAP2,DAZAP2,Messenger RNA,0.0,0,1,0.0007874359423524,0.4407313997477932,0.0197368421052631,1.0,,,
RUNX3,RUNX3,Messenger RNA,0.0,0,1,0.0,0.435785536159601,0.006578947368421,,,,
IL1RAP,IL1RAP,Messenger RNA,0.0,0,1,2.675065835310257e-05,0.4426151654266265,0.0131578947368421,1.0,,,
SENP2,SENP2,Messenger RNA,0.0,0,1,0.0,0.3989156798402054,0.006578947368421,,,,
LOX,LOX,Messenger RNA,0.0,0,1,0.000319225723684,0.2815709969788519,0.0197368421052631,1.0,,,
ATP6V0B,ATP6V0B,Messenger RNA,0.0,0,1,0.0,0.4003436426116838,0.006578947368421,,,,
AGMAT,AGMAT,Messenger RNA,0.0,0,1,0.0,0.4137931034482758,0.006578947368421,,,,
KIF26B,KIF26B,Messenger RNA,0.0,0,1,0.0003186436450107,0.4423350735643094,0.0197368421052631,1.0,,,
MINDY2,MINDY2,Messenger RNA,0.0,0,1,4.489057203105293e-05,0.4434575733544805,0.0131578947368421,1.0,,,
ST13,ST13,Messenger RNA,0.0,0,1,0.0001949155674536,0.428177641653905,0.0131578947368421,1.0,,,
PRRT2,PRRT2,Messenger RNA,0.0,0,1,0.0,0.415083135391924,0.006578947368421,,,,
CISD2,CISD2,Messenger RNA,0.0,0,1,0.0,0.4003436426116838,0.006578947368421,,,,
DNAJC27,DNAJC27,Messenger RNA,0.0,0,1,0.0013929933134875,0.4554487701580061,0.0328947368421052,0.9,,,
KCNC4,KCNC4,Messenger RNA,0.0,0,1,0.0003089877773724,0.4394844388557057,0.0131578947368421,1.0,,,
SLC33A1,SLC33A1,Messenger RNA,0.0,0,1,4.46042149219153e-05,0.4363295880149813,0.0197368421052631,1.0,,,
ZMYM2,ZMYM2,Messenger RNA,0.0,0,1,0.0,0.430021531836358,0.006578947368421,,,,
THUMPD1,THUMPD1,Messenger RNA,0.0,0,1,4.489057203105293e-05,0.4434575733544805,0.0131578947368421,1.0,,,
PAX9,PAX9,Messenger RNA,0.0,0,1,0.0,0.369157644573541,0.006578947368421,,,,
SEPTIN11,SEPTIN11,Messenger RNA,0.0,0,1,7.255235223171068e-05,0.2587451415880066,0.0131578947368421,1.0,,,
MRPL43,MRPL43,Messenger RNA,0.0,0,1,0.0,0.406041243101946,0.006578947368421,,,,
AREL1,AREL1,Messenger RNA,0.0,0,1,0.003573964670991,0.4717394972161295,0.0328947368421052,1.0,,,
FAXC,FAXC,Messenger RNA,0.0,0,1,0.00114402360601,0.4247303660944858,0.0131578947368421,0.0,,,
ATP2B4,ATP2B4,Messenger RNA,0.0,0,1,0.0012352410291993,0.2593210907067334,0.0197368421052631,1.0,,,
PGM2L1,PGM2L1,Messenger RNA,0.0,0,1,0.0057360167484592,0.4939929328621908,0.0394736842105263,1.0,,,
GAN,GAN,Messenger RNA,0.0,0,1,0.0034370571063171,0.4856696195935383,0.0394736842105263,0.7333333333333333,,,
MTERF4,MTERF4,Messenger RNA,0.0,0,1,0.0,0.4226757369614512,0.006578947368421,,,,
OTUD4,OTUD4,Messenger RNA,0.0,0,1,0.0031774073094749,0.4790131917080692,0.0394736842105263,0.8,,,
STK24,STK24,Messenger RNA,0.0,0,1,0.0002097914547406,0.4180622009569378,0.0131578947368421,1.0,,,
EMSY,EMSY,Messenger RNA,0.0,0,1,0.0006436868891714,0.4496622708266323,0.0263157894736842,1.0,,,
SPRYD4,SPRYD4,Messenger RNA,0.0,0,1,0.0,0.4082347787998248,0.006578947368421,,,,
LYRM2,LYRM2,Messenger RNA,0.0,0,1,0.0,0.3682824025289778,0.006578947368421,,,,
AIDA,AIDA,Messenger RNA,0.0,0,1,0.0001020097320376,0.2557161148710444,0.0131578947368421,1.0,,,
NUP43,NUP43,Messenger RNA,0.0,0,1,0.0,0.4082347787998248,0.006578947368421,,,,
FAM168B,FAM168B,Messenger RNA,0.0,0,1,0.001190131338979,0.4441620333598093,0.0197368421052631,1.0,,,
CIAO2A,CIAO2A,Messenger RNA,0.0,0,1,0.0,0.4137931034482758,0.006578947368421,,,,
RAB21,RAB21,Messenger RNA,0.0,0,1,7.025074583163935e-05,0.4467881112176414,0.0197368421052631,1.0,,,
SLC4A7,SLC4A7,Messenger RNA,0.0,0,1,0.0002590251352529,0.4626075446724024,0.0131578947368421,1.0,,,
CYB561,CYB561,Messenger RNA,0.0,0,1,0.0011859171291397,0.4525736484299126,0.0197368421052631,0.6666666666666666,,,
SLC39A6,SLC39A6,Messenger RNA,0.0,0,1,0.0002539424267897,0.4380385398715337,0.0197368421052631,0.6666666666666666,,,
SYAP1,SYAP1,Messenger RNA,0.0,0,1,0.0013113401347754,0.4471453702222933,0.0263157894736842,1.0,,,
RAB11FIP1,RAB11FIP1,Messenger RNA,0.0,0,1,0.0004038555684105,0.4485801379752928,0.0131578947368421,1.0,,,
RRAGD,RRAGD,Messenger RNA,0.0,0,1,0.0001340320558731,0.2577908906509312,0.0197368421052631,1.0,,,
MYO5B,MYO5B,Messenger RNA,0.0,0,1,0.0,0.435785536159601,0.006578947368421,,,,
BTBD7,BTBD7,Messenger RNA,0.0,0,1,0.0001667166791666,0.4479333546940083,0.0263157894736842,1.0,,,
PDK3,PDK3,Messenger RNA,0.0,0,1,0.0011833731916664,0.4380385398715337,0.0131578947368421,0.0,,,
INO80,INO80,Messenger RNA,0.0,0,1,0.0003564713197109,0.4450811843361986,0.0197368421052631,1.0,,,
ENAH,ENAH,Messenger RNA,0.0,0,1,0.0048533801569708,0.469758064516129,0.0460526315789473,0.9047619047619048,,,
DCX,DCX,Messenger RNA,0.0,0,1,0.0001672804928961,0.4144064028457092,0.0131578947368421,1.0,,,
PCM1,PCM1,Messenger RNA,0.0,0,1,4.489057203105293e-05,0.4434575733544805,0.0131578947368421,1.0,,,
TET2,TET2,Messenger RNA,0.0,0,1,0.0001733733134345,0.4161333531775562,0.0131578947368421,1.0,,,
FBXL3,FBXL3,Messenger RNA,0.0,0,1,2.675065835310257e-05,0.4426151654266265,0.0131578947368421,1.0,,,
PPM1H,PPM1H,Messenger RNA,0.0,0,1,0.0,0.4082347787998248,0.006578947368421,,,,
MASTL,MASTL,Messenger RNA,0.0,0,1,0.0,0.435785536159601,0.006578947368421,,,,
AKAP12,AKAP12,Messenger RNA,0.0,0,1,0.0001150387021841,0.2579811773389924,0.0131578947368421,1.0,,,
HNMT,HNMT,Messenger RNA,0.0,0,1,2.684934628791172e-06,0.257767124550567,0.0131578947368421,1.0,,,
LHX4,LHX4,Messenger RNA,0.0,0,1,2.231246209077866e-05,0.4412182420703803,0.0131578947368421,1.0,,,
USP15,USP15,Messenger RNA,0.0,0,1,0.0,0.4262844945875895,0.006578947368421,,,,
EIF2S1,EIF2S1,Messenger RNA,0.0,0,1,5.6863509106632646e-05,0.4438095238095238,0.0197368421052631,1.0,,,
MFN1,MFN1,Messenger RNA,0.0,0,1,0.0006392125038161,0.4672459893048128,0.0197368421052631,1.0,,,
ZNF428,ZNF428,Messenger RNA,0.0,0,1,0.0,0.3858680651393872,0.006578947368421,,,,
FANCD2,FANCD2,Messenger RNA,0.0,0,1,0.0,0.3664002096710785,0.006578947368421,,,,
SYNCRIP,SYNCRIP,Messenger RNA,0.0,0,1,0.0089278035274743,0.4979519145146928,0.0460526315789473,0.8571428571428571,,,
YES1,YES1,Messenger RNA,0.0,0,1,0.0001110899915842,0.4476464937560038,0.0263157894736842,1.0,,,
ANK3,ANK3,Messenger RNA,0.0,0,1,0.0001106464183761,0.4084733382030679,0.0131578947368421,0.0,,,
PHIP,PHIP,Messenger RNA,0.0,0,1,0.0011010066288581,0.472936400541272,0.0263157894736842,0.8333333333333334,,,
GRIN1,GRIN1,Messenger RNA,0.0,0,1,0.0,0.3631168831168831,0.006578947368421,,,,
FAHD2A,FAHD2A,Messenger RNA,0.0,0,1,0.0,0.4109347442680776,0.006578947368421,,,,
DCUN1D3,DCUN1D3,Messenger RNA,0.0,0,1,0.0520847316212878,0.3387858960378044,0.0460526315789473,0.6190476190476191,,,
KIAA0319L,KIAA0319L,Messenger RNA,0.0,0,1,0.0001358687611454,0.4413575374901342,0.0131578947368421,1.0,,,
MRAS,MRAS,Messenger RNA,0.0,0,1,0.0002877221997926,0.2592729970326409,0.0197368421052631,0.6666666666666666,,,
WBP11,WBP11,Messenger RNA,0.0,0,1,0.0,0.430021531836358,0.006578947368421,,,,
USP47,USP47,Messenger RNA,0.0,0,1,0.0,0.4137931034482758,0.006578947368421,,,,
SHROOM4,SHROOM4,Messenger RNA,0.0,0,1,0.0001370441139718,0.2594414029878444,0.0197368421052631,1.0,,,
STAT3,STAT3,Messenger RNA,0.0,0,1,0.0033617230152477,0.4850798056904927,0.0263157894736842,1.0,,,
MEF2D,MEF2D,Messenger RNA,0.0,0,1,0.0003768419557272,0.424086151979372,0.0197368421052631,1.0,,,
ANKRD46,ANKRD46,Messenger RNA,0.0,0,1,0.0,0.222717858849769,0.006578947368421,,,,
RASGRF1,RASGRF1,Messenger RNA,0.0,0,1,9.9973850512629e-05,0.4214651793789569,0.0131578947368421,1.0,,,
CALM1,CALM1,Messenger RNA,0.0,0,1,0.0012462512953718,0.2593210907067334,0.0263157894736842,0.3333333333333333,,,
FBXW7,FBXW7,Messenger RNA,0.0,0,1,0.0003150212534959,0.4450103453764125,0.0131578947368421,1.0,,,
BEST1,BEST1,Messenger RNA,0.0,0,1,0.0,0.2076340412891727,0.006578947368421,,,,
ZBTB21,ZBTB21,Messenger RNA,0.0,0,1,8.650361055146606e-05,0.4426852438252058,0.0197368421052631,1.0,,,
DOK7,DOK7,Messenger RNA,0.0,0,1,0.0,0.4137931034482758,0.006578947368421,,,,
CDC42SE2,CDC42SE2,Messenger RNA,0.0,0,1,4.489057203105293e-05,0.4434575733544805,0.0131578947368421,1.0,,,
HMGXB4,HMGXB4,Messenger RNA,0.0,0,1,4.489057203105293e-05,0.4434575733544805,0.0131578947368421,1.0,,,
AP5M1,AP5M1,Messenger RNA,0.0,0,1,0.000710449742646,0.4214651793789569,0.0197368421052631,0.6666666666666666,,,
SPRED3,SPRED3,Messenger RNA,0.0,0,1,0.0,0.3664002096710785,0.006578947368421,,,,
IPPK,IPPK,Messenger RNA,0.0,0,1,0.0004030046551302,0.4379013312451057,0.0131578947368421,1.0,,,
INO80D,INO80D,Messenger RNA,0.0,0,1,0.0020569001837653,0.4585861899294735,0.0328947368421052,1.0,,,
ABI1,ABI1,Messenger RNA,0.0,0,1,2.231246209077866e-05,0.4412182420703803,0.0131578947368421,1.0,,,
XPO7,XPO7,Messenger RNA,0.0,0,1,0.000496885268358,0.4354461921819031,0.0131578947368421,1.0,,,
TBP,TBP,Messenger RNA,0.0,0,1,4.489057203105293e-05,0.4434575733544805,0.0131578947368421,1.0,,,
LRRC73,LRRC73,Messenger RNA,0.0,0,1,0.0,0.4137931034482758,0.006578947368421,,,,
GAPVD1,GAPVD1,Messenger RNA,0.0,0,1,0.0,0.3901758303097962,0.006578947368421,,,,
CYP4F11,CYP4F11,Messenger RNA,0.0,0,1,0.0,0.3845413285655343,0.006578947368421,,,,
AAK1,AAK1,Messenger RNA,0.0,0,1,0.0125372234011251,0.5010752688172043,0.0526315789473684,0.8214285714285714,,,
FNBP4,FNBP4,Messenger RNA,0.0,0,1,0.0,0.4137931034482758,0.006578947368421,,,,
KIAA1671,KIAA1671,Messenger RNA,0.0,0,1,2.675065835310257e-05,0.4426151654266265,0.0131578947368421,1.0,,,
CHMP7,CHMP7,Messenger RNA,0.0,0,1,0.0,0.419630796938316,0.006578947368421,,,,
TGFBR2,TGFBR2,Messenger RNA,0.0,0,1,0.0005293972341396,0.2589608224506807,0.0263157894736842,0.8333333333333334,,,
BCL7C,BCL7C,Messenger RNA,0.0,0,1,0.0,0.3664002096710785,0.006578947368421,,,,
GMCL1,GMCL1,Messenger RNA,0.0,0,1,0.0,0.4226757369614512,0.006578947368421,,,,
ATF2,ATF2,Messenger RNA,0.0,0,1,0.0,0.2732069572014852,0.006578947368421,,,,
ETNK2,ETNK2,Messenger RNA,0.0,0,1,0.0051504595407626,0.4460041473919285,0.0263157894736842,0.8333333333333334,,,
ANGPTL2,ANGPTL2,Messenger RNA,0.0,0,1,0.0001445105227272,0.2589848091885883,0.0197368421052631,1.0,,,
PCDH19,PCDH19,Messenger RNA,0.0,0,1,0.0,0.328169014084507,0.006578947368421,,,,
CXXC5,CXXC5,Messenger RNA,0.0,0,1,0.0,0.4082347787998248,0.006578947368421,,,,
LUC7L2,LUC7L2,Messenger RNA,0.0,0,1,0.0007846041971051,0.4086524408067816,0.0263157894736842,0.5,,,
ESR2,ESR2,Messenger RNA,0.0,0,1,0.0,0.2572927210821754,0.006578947368421,,,,
TENT5C,TENT5C,Messenger RNA,0.0,0,1,0.000526742016476,0.4466453674121405,0.0263157894736842,1.0,,,
TADA2B,TADA2B,Messenger RNA,0.0,0,1,0.0003009627171864,0.4288343558282209,0.0131578947368421,1.0,,,
MID1IP1,MID1IP1,Messenger RNA,0.0,0,1,0.0,0.207526163437987,0.006578947368421,,,,
ANK1,ANK1,Messenger RNA,0.0,0,1,4.728526400609113e-06,0.2574822727691316,0.0131578947368421,1.0,,,
TRAPPC8,TRAPPC8,Messenger RNA,0.0,0,1,0.0,0.4055700609225413,0.006578947368421,,,,
GRAMD1B,GRAMD1B,Messenger RNA,0.0,0,1,0.0012500665210751,0.422547982469397,0.0131578947368421,0.0,,,
TBL1X,TBL1X,Messenger RNA,0.0,0,1,0.0,0.3901758303097962,0.006578947368421,,,,
PRKCE,PRKCE,Messenger RNA,0.0,0,1,0.0,0.4082347787998248,0.006578947368421,,,,
UNC5C,UNC5C,Messenger RNA,0.0,0,1,0.0,0.3901758303097962,0.006578947368421,,,,
CCSER1,CCSER1,Messenger RNA,0.0,0,1,0.0,0.3682824025289778,0.006578947368421,,,,
GFRA1,GFRA1,Messenger RNA,0.0,0,1,0.002116630535942,0.4014357501794687,0.0197368421052631,0.6666666666666666,,,
TSN,TSN,Messenger RNA,0.0,0,1,0.0,0.415083135391924,0.006578947368421,,,,
DLG3,DLG3,Messenger RNA,0.0,0,1,0.0006908743325154,0.3800978792822186,0.0197368421052631,0.3333333333333333,,,
BAK1,BAK1,Messenger RNA,0.0,0,1,0.0,0.406041243101946,0.006578947368421,,,,
FITM2,FITM2,Messenger RNA,0.0,0,1,0.0,0.2225937425364222,0.006578947368421,,,,
DICER1,DICER1,Messenger RNA,0.0,0,1,0.000442102848446,0.4487961476725521,0.0197368421052631,1.0,,,
CDC25A,CDC25A,Messenger RNA,0.0,0,1,0.0,0.3530748831923223,0.006578947368421,,,,
CDK5R1,CDK5R1,Messenger RNA,0.0,0,1,0.0002451593185887,0.4148983528713459,0.0131578947368421,1.0,,,
LRRC32,LRRC32,Messenger RNA,0.0,0,1,0.0,0.2566786009363812,0.006578947368421,,,,
NBEA,NBEA,Messenger RNA,0.0,0,1,8.650361055146606e-05,0.4426852438252058,0.0197368421052631,1.0,,,
CCNJ,CCNJ,Messenger RNA,0.0,0,1,0.0,0.435785536159601,0.006578947368421,,,,
STAM2,STAM2,Messenger RNA,0.0,0,1,0.0,0.4055700609225413,0.006578947368421,,,,
ZNF395,ZNF395,Messenger RNA,0.0,0,1,0.0,0.3860278889962723,0.006578947368421,,,,
PRKAA2,PRKAA2,Messenger RNA,0.0,0,1,0.0,0.4082347787998248,0.006578947368421,,,,
SEMA3A,SEMA3A,Messenger RNA,0.0,0,1,0.0,0.2572927210821754,0.006578947368421,,,,
TCF4,TCF4,Messenger RNA,0.0,0,1,0.0006940325407566,0.2575059863694971,0.0131578947368421,0.0,,,
RAB11A,RAB11A,Messenger RNA,0.0,0,1,0.0009624489419696,0.4210209305827435,0.0263157894736842,0.6666666666666666,,,
ZNF470,ZNF470,Messenger RNA,0.0,0,1,0.0,0.4161952962191128,0.006578947368421,,,,
NRP2,NRP2,Messenger RNA,0.0,0,1,0.0,0.2572927210821754,0.006578947368421,,,,
CLDN1,CLDN1,Messenger RNA,0.0,0,1,0.0,0.3856551724137931,0.006578947368421,,,,
SETD6,SETD6,Messenger RNA,0.0,0,1,0.0,0.430021531836358,0.006578947368421,,,,
TNFRSF19,TNFRSF19,Messenger RNA,0.0,0,1,0.0,0.3664002096710785,0.006578947368421,,,,
ODF2L,ODF2L,Messenger RNA,0.0,0,1,0.0,0.3783491204330176,0.006578947368421,,,,
SNN,SNN,Messenger RNA,0.0,0,1,0.0,0.2584820190440972,0.006578947368421,,,,
PADI1,PADI1,Messenger RNA,0.0,0,1,0.0003411298017738,0.4040462427745664,0.0131578947368421,1.0,,,
KIF5C,KIF5C,Messenger RNA,0.0,0,1,0.002856173824103,0.4688128772635815,0.0394736842105263,0.8,,,
ETS1,ETS1,Messenger RNA,0.0,0,1,0.0002031307665882,0.2810615199034982,0.0131578947368421,1.0,,,
TAGLN2,TAGLN2,Messenger RNA,0.0,0,1,0.0,0.4003436426116838,0.006578947368421,,,,
DNTTIP2,DNTTIP2,Messenger RNA,0.0,0,1,0.0,0.3664002096710785,0.006578947368421,,,,
MYO18A,MYO18A,Messenger RNA,0.0,0,1,0.0004395388993265,0.4318146718146718,0.0131578947368421,1.0,,,
CCNYL1,CCNYL1,Messenger RNA,0.0,0,1,0.0,0.2572927210821754,0.006578947368421,,,,
GLYCTK,GLYCTK,Messenger RNA,0.0,0,1,0.0,0.2229665071770334,0.006578947368421,,,,
KCNJ15,KCNJ15,Messenger RNA,0.0,0,1,0.0865125995745223,0.3720558882235529,0.0197368421052631,0.3333333333333333,,,
SKIL,SKIL,Messenger RNA,0.0,0,1,0.0273774707697811,0.4707070707070707,0.0197368421052631,0.6666666666666666,,,
RORA,RORA,Messenger RNA,0.0,0,1,0.0073910726148478,0.4943422913719943,0.0657894736842105,0.8666666666666667,,,
C2orf69,C2orf69,Messenger RNA,0.0,0,1,4.46042149219153e-05,0.4363295880149813,0.0197368421052631,1.0,,,
ZBTB20,ZBTB20,Messenger RNA,0.0,0,1,0.004574961871315,0.473336719146775,0.0526315789473684,0.8928571428571429,,,
PDLIM5,PDLIM5,Messenger RNA,0.0,0,1,0.0009379516231183,0.4787671232876712,0.0263157894736842,1.0,,,
PDCD6IP,PDCD6IP,Messenger RNA,0.0,0,1,0.0,0.430021531836358,0.006578947368421,,,,
PLCL2,PLCL2,Messenger RNA,0.0,0,1,0.0,0.2236263296808766,0.006578947368421,,,,
MACC1,MACC1,Messenger RNA,0.0,0,1,0.0002811008703099,0.4506043513295729,0.0197368421052631,1.0,,,
HIVEP3,HIVEP3,Messenger RNA,0.0,0,1,0.0003081759926067,0.4428254672157111,0.0197368421052631,1.0,,,
ST6GALNAC3,ST6GALNAC3,Messenger RNA,0.0,0,1,9.308612659896778e-05,0.2572217111315547,0.0131578947368421,1.0,,,
ERO1B,ERO1B,Messenger RNA,0.0,0,1,0.000526742016476,0.4466453674121405,0.0263157894736842,1.0,,,
CNOT7,CNOT7,Messenger RNA,0.0,0,1,0.0004226852647506,0.4361934477379095,0.0197368421052631,1.0,,,
NETO2,NETO2,Messenger RNA,0.0,0,1,0.0,0.3664002096710785,0.006578947368421,,,,
TUB,TUB,Messenger RNA,0.0,0,1,0.0003299220207128,0.4246013667425968,0.0131578947368421,1.0,,,
DERL2,DERL2,Messenger RNA,0.0,0,1,0.0007733391071494,0.4432466708941027,0.0263157894736842,1.0,,,
ARHGEF28,ARHGEF28,Messenger RNA,0.0,0,1,0.0,0.435785536159601,0.006578947368421,,,,
SF1,SF1,Messenger RNA,0.0,0,1,0.0002377822372488,0.4395535293192894,0.0131578947368421,1.0,,,
SHE,SHE,Messenger RNA,0.0,0,1,4.728526400609113e-06,0.2574822727691316,0.0131578947368421,1.0,,,
ITPR3,ITPR3,Messenger RNA,0.0,0,1,0.0,0.3860278889962723,0.006578947368421,,,,
GGA1,GGA1,Messenger RNA,0.0,0,1,0.0,0.419630796938316,0.006578947368421,,,,
A1CF,A1CF,Messenger RNA,0.0,0,1,0.000496885268358,0.4354461921819031,0.0131578947368421,1.0,,,
COPZ1,COPZ1,Messenger RNA,0.0,0,1,0.0009927709416113,0.4316146958937943,0.0131578947368421,1.0,,,
TRIM5,TRIM5,Messenger RNA,0.0,0,1,0.0,0.415083135391924,0.006578947368421,,,,
NAIF1,NAIF1,Messenger RNA,0.0,0,1,0.0,0.419630796938316,0.006578947368421,,,,
SAR1B,SAR1B,Messenger RNA,0.0,0,1,0.0001110899915842,0.4476464937560038,0.0263157894736842,1.0,,,
PXDN,PXDN,Messenger RNA,0.0,0,1,0.0,0.2572453767595915,0.006578947368421,,,,
EPHA7,EPHA7,Messenger RNA,0.0,0,1,0.0005127686130299,0.4446564885496183,0.0197368421052631,1.0,,,
TSPAN5,TSPAN5,Messenger RNA,0.0,0,1,0.0006215297948883,0.4497345986810359,0.0197368421052631,1.0,,,
RUFY2,RUFY2,Messenger RNA,0.0,0,1,0.0,0.435785536159601,0.006578947368421,,,,
RACGAP1,RACGAP1,Messenger RNA,0.0,0,1,0.0,0.435785536159601,0.006578947368421,,,,
ATG14,ATG14,Messenger RNA,0.0,0,1,0.000586112105149,0.4482924482924483,0.0263157894736842,1.0,,,
DIPK2B,DIPK2B,Messenger RNA,0.0,0,1,0.0,0.2584820190440972,0.006578947368421,,,,
TRIM66,TRIM66,Messenger RNA,0.0,0,1,2.675065835310257e-05,0.4426151654266265,0.0131578947368421,1.0,,,
ERO1A,ERO1A,Messenger RNA,0.0,0,1,0.0,0.427850038255547,0.006578947368421,,,,
TCF7,TCF7,Messenger RNA,0.0,0,1,0.0002296131287704,0.4205776173285198,0.0131578947368421,1.0,,,
DCAF10,DCAF10,Messenger RNA,0.0,0,1,0.0011419357134183,0.4529402235541876,0.0263157894736842,1.0,,,
TMEM87B,TMEM87B,Messenger RNA,0.0,0,1,0.0,0.4262844945875895,0.006578947368421,,,,
VAPA,VAPA,Messenger RNA,0.0,0,1,0.0007045141492194,0.3557704542562667,0.0131578947368421,0.0,,,
TRIM44,TRIM44,Messenger RNA,0.0,0,1,0.0020185351568006,0.4567881065185427,0.0328947368421052,1.0,,,
ATAD2,ATAD2,Messenger RNA,0.0,0,1,0.0,0.435785536159601,0.006578947368421,,,,
YOD1,YOD1,Messenger RNA,0.0,0,1,0.0077823780672803,0.4676367285499247,0.0394736842105263,0.8,,,
RSBN1L,RSBN1L,Messenger RNA,0.0,0,1,0.0008977261436071,0.4298892988929889,0.0197368421052631,1.0,,,
PAM,PAM,Messenger RNA,0.0,0,1,0.0,0.2572927210821754,0.006578947368421,,,,
HMGCS1,HMGCS1,Messenger RNA,6.0,0,1,0.0,0.4055700609225413,0.006578947368421,,,,
PON2,PON2,Messenger RNA,0.0,0,1,0.0,0.435785536159601,0.006578947368421,,,,
TNFSF15,TNFSF15,Messenger RNA,0.0,0,1,0.0,0.4137931034482758,0.006578947368421,,,,
OAZ2,OAZ2,Messenger RNA,0.0,0,1,5.811379452719616e-09,0.3810821861796374,0.0131578947368421,1.0,,,
UBA6,UBA6,Messenger RNA,0.0,0,1,0.000915393434369,0.4154531946508172,0.0197368421052631,0.3333333333333333,,,
TFAM,TFAM,Messenger RNA,0.0,0,1,0.0,0.3682824025289778,0.006578947368421,,,,
MKRN1,MKRN1,Messenger RNA,0.0,0,1,0.0,0.4226757369614512,0.006578947368421,,,,
XPR1,XPR1,Messenger RNA,0.0,0,1,0.0012445909954253,0.4585861899294735,0.0263157894736842,1.0,,,
CAMK2D,CAMK2D,Messenger RNA,0.0,0,1,0.0002991160643943,0.4202615361491056,0.0131578947368421,1.0,,,
BRPF1,BRPF1,Messenger RNA,0.0,0,1,0.0,0.406041243101946,0.006578947368421,,,,
E2F3,E2F3,Messenger RNA,0.0,0,1,0.0006912906462075,0.438313215237498,0.0197368421052631,0.3333333333333333,,,
XKRX,XKRX,Messenger RNA,0.0,0,1,4.229514257730125e-05,0.3811860940695296,0.0131578947368421,1.0,,,
REST,REST,Messenger RNA,0.0,0,1,0.000798720431967,0.4534544275056762,0.0328947368421052,1.0,,,
PCGF5,PCGF5,Messenger RNA,0.0,0,1,0.0035576323935133,0.47078632766459,0.0328947368421052,1.0,,,
C18orf32,C18orf32,Messenger RNA,0.0,0,1,0.0,0.406041243101946,0.006578947368421,,,,
PCDHA6,PCDHA6,Messenger RNA,0.0,0,1,0.0002837818288715,0.4642975755562936,0.0131578947368421,1.0,,,
REXO1,REXO1,Messenger RNA,0.0,0,1,0.0,0.4010902309568211,0.006578947368421,,,,
TMEM178B,TMEM178B,Messenger RNA,0.0,0,1,0.0008604190498894,0.4447979637289214,0.0197368421052631,1.0,,,
ESR1,ESR1,Messenger RNA,0.0,0,1,0.0070609010576537,0.4980406127538297,0.0657894736842105,0.9333333333333332,,,
NUMBL,NUMBL,Messenger RNA,0.0,0,1,2.684934628791172e-06,0.257767124550567,0.0131578947368421,1.0,,,
FAM76B,FAM76B,Messenger RNA,0.0,0,1,0.0001388678214099,0.4178123132098028,0.0131578947368421,1.0,,,
NPAT,NPAT,Messenger RNA,0.0,0,1,2.231246209077866e-05,0.4412182420703803,0.0131578947368421,1.0,,,
UBE2N,UBE2N,Messenger RNA,0.0,0,1,0.0,0.4137931034482758,0.006578947368421,,,,
HIF3A,HIF3A,Messenger RNA,0.0,0,1,0.0002380723964768,0.258912862302065,0.0197368421052631,0.6666666666666666,,,
NAA30,NAA30,Messenger RNA,0.0,0,1,3.227478487427729e-05,0.4261545496113397,0.0131578947368421,1.0,,,
INSYN2B,INSYN2B,Messenger RNA,0.0,0,1,0.0001229255127532,0.4091906922288892,0.0131578947368421,1.0,,,
MOSMO,MOSMO,Messenger RNA,0.0,0,1,0.0019360571295169,0.4537487828627069,0.0394736842105263,0.9333333333333332,,,
TEX2,TEX2,Messenger RNA,0.0,0,1,0.0,0.4055700609225413,0.006578947368421,,,,
ZNF362,ZNF362,Messenger RNA,0.0,0,1,0.0,0.435785536159601,0.006578947368421,,,,
DOCK6,DOCK6,Messenger RNA,0.0,0,1,0.0,0.2076340412891727,0.006578947368421,,,,
NEK10,NEK10,Messenger RNA,9.0,0,1,0.0006986369176332,0.4594150509365757,0.0263157894736842,1.0,,,
ABHD2,ABHD2,Messenger RNA,0.0,0,1,0.0016947246981618,0.4549300357956394,0.0263157894736842,0.8333333333333334,,,
PAPOLG,PAPOLG,Messenger RNA,0.0,0,1,3.958871587481144e-06,0.4144678327898013,0.0131578947368421,1.0,,,
NCBP3,NCBP3,Messenger RNA,0.0,0,1,0.0020199908954135,0.4515503875968992,0.0263157894736842,0.6666666666666666,,,
PAFAH1B2,PAFAH1B2,Messenger RNA,0.0,0,1,0.0106742031105376,0.4977746127826242,0.0592105263157894,0.8888888888888888,,,
GRB7,GRB7,Messenger RNA,0.0,0,1,0.0,0.406041243101946,0.006578947368421,,,,
RNF40,RNF40,Messenger RNA,0.0,0,1,0.0,0.419630796938316,0.006578947368421,,,,
DCUN1D4,DCUN1D4,Messenger RNA,0.0,0,1,0.0002503184845043,0.4273922347905839,0.0131578947368421,1.0,,,
SLC25A3,SLC25A3,Messenger RNA,0.0,0,1,0.0,0.4161952962191128,0.006578947368421,,,,
MECP2,MECP2,Messenger RNA,0.0,0,1,8.650361055146606e-05,0.4426852438252058,0.0197368421052631,1.0,,,
ZCCHC17,ZCCHC17,Messenger RNA,0.0,0,1,0.0,0.3284774436090225,0.006578947368421,,,,
SRPK1,SRPK1,Messenger RNA,0.0,0,1,4.489057203105293e-05,0.4434575733544805,0.0131578947368421,1.0,,,
DCUN1D5,DCUN1D5,Messenger RNA,0.0,0,1,0.0009892027636789,0.4498069498069498,0.0263157894736842,1.0,,,
ADCY2,ADCY2,Messenger RNA,0.0,0,1,0.0001562972678152,0.4056877539175856,0.0131578947368421,1.0,,,
SLC25A15,SLC25A15,Messenger RNA,0.0,0,1,0.0002991160643943,0.4202615361491056,0.0131578947368421,1.0,,,
DDIAS,DDIAS,Messenger RNA,0.0,0,1,0.0,0.435785536159601,0.006578947368421,,,,
GPR37L1,GPR37L1,Messenger RNA,0.0,0,1,0.0,0.435785536159601,0.006578947368421,,,,
CEP128,CEP128,Messenger RNA,0.0,0,1,7.025074583163935e-05,0.4467881112176414,0.0197368421052631,1.0,,,
FNDC3A,FNDC3A,Messenger RNA,0.0,0,1,0.0004949592630136,0.4484362469927826,0.0263157894736842,1.0,,,
RAB22A,RAB22A,Messenger RNA,0.0,0,1,0.0025278647449201,0.4688128772635815,0.0263157894736842,1.0,,,
ARRDC3,ARRDC3,Messenger RNA,0.0,0,1,0.0,0.4161952962191128,0.006578947368421,,,,
OTUD3,OTUD3,Messenger RNA,0.0,0,1,0.0007812074560963,0.4553745928338762,0.0263157894736842,1.0,,,
PRR14L,PRR14L,Messenger RNA,11.0,0,1,0.0005154204632558,0.4290317630811723,0.0197368421052631,1.0,,,
ARID2,ARID2,Messenger RNA,0.0,0,1,0.0,0.3783491204330176,0.006578947368421,,,,
ZBTB41,ZBTB41,Messenger RNA,0.0,0,1,0.0001667166791666,0.4479333546940083,0.0263157894736842,1.0,,,
GRIP1,GRIP1,Messenger RNA,0.0,0,1,0.0,0.419630796938316,0.006578947368421,,,,
KMT2A,KMT2A,Messenger RNA,0.0,0,1,0.0023067771335627,0.4888111888111888,0.0328947368421052,1.0,,,
PPP2CA,PPP2CA,Messenger RNA,0.0,0,1,0.000675699054515,0.4445857847034504,0.0263157894736842,0.8333333333333334,,,
MOB4,MOB4,Messenger RNA,0.0,0,1,0.0,0.4262844945875895,0.006578947368421,,,,
RANBP6,RANBP6,Messenger RNA,0.0,0,1,0.0,0.4010902309568211,0.006578947368421,,,,
TBX4,TBX4,Messenger RNA,0.0,0,1,8.850890499015296e-06,0.2242361055417435,0.0131578947368421,1.0,,,
SLC35A3,SLC35A3,Messenger RNA,0.0,0,1,0.0002358304288455,0.4364658133000312,0.0131578947368421,1.0,,,
ZBTB44,ZBTB44,Messenger RNA,0.0,0,1,0.0016135878527718,0.4688128772635815,0.0263157894736842,1.0,,,
ZNRF3,ZNRF3,Messenger RNA,0.0,0,1,0.0004073174383948,0.44736,0.0197368421052631,1.0,,,
IKBKB,IKBKB,Messenger RNA,0.0,0,1,0.0,0.4262844945875895,0.006578947368421,,,,
TENT2,TENT2,Messenger RNA,0.0,0,1,0.00085653906096,0.4302862419205909,0.0263157894736842,0.8333333333333334,,,
ATP7A,ATP7A,Messenger RNA,0.0,0,1,0.0008595220444204,0.440661938534279,0.0197368421052631,1.0,,,
SFMBT2,SFMBT2,Messenger RNA,0.0,0,1,0.0,0.4137931034482758,0.006578947368421,,,,
HAUS8,HAUS8,Messenger RNA,0.0,0,1,0.0,0.435785536159601,0.006578947368421,,,,
SFXN5,SFXN5,Messenger RNA,0.0,0,1,0.0004038555684105,0.4485801379752928,0.0131578947368421,1.0,,,
PPP6R3,PPP6R3,Messenger RNA,0.0,0,1,0.0001935472124398,0.4492287917737789,0.0131578947368421,1.0,,,
PCDHA3,PCDHA3,Messenger RNA,0.0,0,1,0.0004249555316574,0.4662331165582791,0.0197368421052631,1.0,,,
DMTF1,DMTF1,Messenger RNA,0.0,0,1,4.489057203105293e-05,0.4434575733544805,0.0131578947368421,1.0,,,
MAP3K1,MAP3K1,Messenger RNA,0.0,0,1,0.0,0.4055700609225413,0.006578947368421,,,,
ATOH8,ATOH8,Messenger RNA,0.0,0,1,2.088064731281871e-05,0.224092329886992,0.0131578947368421,1.0,,,
SPOPL,SPOPL,Messenger RNA,0.0,0,1,0.0,0.3783491204330176,0.006578947368421,,,,
TBL1XR1,TBL1XR1,Messenger RNA,0.0,0,1,0.001547727200493,0.4542648253452477,0.0328947368421052,1.0,,,
GLRA3,GLRA3,Messenger RNA,0.0,0,1,0.0001756272896444,0.4082943925233644,0.0131578947368421,1.0,,,
BEND3,BEND3,Messenger RNA,0.0,0,1,0.0013814283007065,0.4264795607077486,0.0197368421052631,0.6666666666666666,,,
C16orf87,C16orf87,Messenger RNA,0.0,0,1,0.0002485412800856,0.4170022371364653,0.0131578947368421,1.0,,,
ARHGEF12,ARHGEF12,Messenger RNA,0.0,0,1,0.0001624346853678,0.4257003654080389,0.0131578947368421,1.0,,,
AMIGO2,AMIGO2,Messenger RNA,0.0,0,1,0.0,0.415083135391924,0.006578947368421,,,,
DR1,DR1,Messenger RNA,0.0,0,1,0.0,0.4010902309568211,0.006578947368421,,,,
UBE2W,UBE2W,Messenger RNA,0.0,0,1,0.0028262711299333,0.4724569111186211,0.0394736842105263,0.8666666666666667,,,
FAM177A1,FAM177A1,Messenger RNA,0.0,0,1,0.0001110899915842,0.4476464937560038,0.0263157894736842,1.0,,,
NCS1,NCS1,Messenger RNA,0.0,0,1,0.0,0.4010902309568211,0.006578947368421,,,,
PCDHA4,PCDHA4,Messenger RNA,0.0,0,1,0.0048032552708683,0.4783575705731394,0.0328947368421052,0.7,,,
ASB4,ASB4,Messenger RNA,1.0,0,1,0.0,0.3901758303097962,0.006578947368421,,,,
ADIPOR2,ADIPOR2,Messenger RNA,0.0,0,1,0.0026685175374535,0.2817696261211327,0.0197368421052631,0.3333333333333333,,,
NXPE3,NXPE3,Messenger RNA,0.0,0,1,0.0006364117080986,0.452500404596213,0.0263157894736842,1.0,,,
SLC7A2,SLC7A2,Messenger RNA,0.0,0,1,0.0005599752041892,0.4692062426581641,0.0263157894736842,1.0,,,
ARHGEF3,ARHGEF3,Messenger RNA,0.0,0,1,2.231246209077866e-05,0.4412182420703803,0.0131578947368421,1.0,,,
CFAP45,CFAP45,Messenger RNA,0.0,0,1,0.0001358687611454,0.4413575374901342,0.0131578947368421,1.0,,,
TMEM170A,TMEM170A,Messenger RNA,0.0,0,1,0.0,0.3989156798402054,0.006578947368421,,,,
LAMP5,LAMP5,Messenger RNA,0.0,0,1,0.0,0.3664002096710785,0.006578947368421,,,,
PRKAB2,PRKAB2,Messenger RNA,0.0,0,1,0.0001277353291272,0.446716727911807,0.0131578947368421,1.0,,,
CACNA2D1,CACNA2D1,Messenger RNA,0.0,0,1,2.797245684653757e-05,0.2583625947144705,0.0131578947368421,1.0,,,
MOB1B,MOB1B,Messenger RNA,0.0,0,1,0.0,0.3783491204330176,0.006578947368421,,,,
KCNJ2,KCNJ2,Messenger RNA,0.0,0,1,0.0002203695889741,0.4419854568447676,0.0131578947368421,1.0,,,
MARCHF7,MARCHF7,Messenger RNA,0.0,0,1,0.0,0.4161952962191128,0.006578947368421,,,,
GNAI3,GNAI3,Messenger RNA,0.0,0,1,0.0,0.3989156798402054,0.006578947368421,,,,
MIB1,MIB1,Messenger RNA,0.0,0,1,0.0001277353291272,0.446716727911807,0.0131578947368421,1.0,,,
RSF1,RSF1,Messenger RNA,0.0,0,1,0.0007558055349821,0.4465027147876078,0.0263157894736842,1.0,,,
LYVE1,LYVE1,Messenger RNA,0.0,0,1,0.0009737736035661,0.2590567960715278,0.0197368421052631,0.0,,,
EMP2,EMP2,Messenger RNA,0.0,0,1,0.0003847214604352,0.4197567932742831,0.0131578947368421,1.0,,,
HDX,HDX,Messenger RNA,0.0,0,1,0.0,0.4161952962191128,0.006578947368421,,,,
CDH6,CDH6,Messenger RNA,0.0,0,1,0.0006246308728458,0.2810332696753442,0.0197368421052631,0.3333333333333333,,,
THAP1,THAP1,Messenger RNA,0.0,0,1,0.0,0.4137931034482758,0.006578947368421,,,,
INSIG2,INSIG2,Messenger RNA,0.0,0,1,0.000523233420753,0.4029979821274142,0.0131578947368421,0.0,,,
KIF21A,KIF21A,Messenger RNA,0.0,0,1,0.0,0.4262844945875895,0.006578947368421,,,,
LSM14B,LSM14B,Messenger RNA,0.0,0,1,0.000186033625488,0.3774807614418793,0.0131578947368421,0.0,,,
ERBB4,ERBB4,Messenger RNA,0.0,0,1,0.0025405993187543,0.4288343558282209,0.0394736842105263,0.5333333333333333,,,
PANK3,PANK3,Messenger RNA,0.0,0,1,0.0013580927820263,0.4507496372722876,0.0328947368421052,0.9,,,
E2F6,E2F6,Messenger RNA,0.0,0,1,0.0,0.415083135391924,0.006578947368421,,,,
NCKAP5,NCKAP5,Messenger RNA,0.0,0,1,2.231246209077866e-05,0.4412182420703803,0.0131578947368421,1.0,,,
PDE3A,PDE3A,Messenger RNA,0.0,0,1,0.0007091991298371,0.2582671346757805,0.0263157894736842,0.5,,,
ZC2HC1A,ZC2HC1A,Messenger RNA,0.0,0,1,0.0002456936899164,0.4316146958937943,0.0131578947368421,1.0,,,
ING5,ING5,Messenger RNA,0.0,0,1,0.0,0.406041243101946,0.006578947368421,,,,
RPAP2,RPAP2,Messenger RNA,0.0,0,1,0.0,0.3989156798402054,0.006578947368421,,,,
GMEB1,GMEB1,Messenger RNA,0.0,0,1,0.0,0.3783491204330176,0.006578947368421,,,,
SP6,SP6,Messenger RNA,0.0,0,1,0.0,0.419630796938316,0.006578947368421,,,,
TGIF2,TGIF2,Messenger RNA,0.0,0,1,0.0008643094020994,0.4602469135802469,0.0197368421052631,1.0,,,
C16orf72,C16orf72,Messenger RNA,0.0,0,1,0.0010847682217808,0.4746223052113393,0.0263157894736842,1.0,,,
DDI2,DDI2,Messenger RNA,0.0,0,1,0.0,0.4055700609225413,0.006578947368421,,,,
SAMD4A,SAMD4A,Messenger RNA,0.0,0,1,0.0188793861433507,0.3344097595981342,0.0197368421052631,0.3333333333333333,,,
NAA25,NAA25,Messenger RNA,0.0,0,1,0.0,0.430021531836358,0.006578947368421,,,,
GABPA,GABPA,Messenger RNA,0.0,0,1,0.0,0.4262844945875895,0.006578947368421,,,,
ZNF618,ZNF618,Messenger RNA,0.0,0,1,0.0008687659272795,0.4445151033386327,0.0263157894736842,1.0,,,
CSNK2A1,CSNK2A1,Messenger RNA,0.0,0,1,0.0004628093609538,0.4063953488372093,0.0131578947368421,0.0,,,
EIF1AX,EIF1AX,Messenger RNA,0.0,0,1,0.0,0.4279810194397673,0.006578947368421,,,,
INO80E,INO80E,Messenger RNA,0.0,0,1,0.0,0.4137931034482758,0.006578947368421,,,,
KLF12,KLF12,Messenger RNA,0.0,0,1,0.0008870621730755,0.4462889066241021,0.0197368421052631,1.0,,,
NEBL,NEBL,Messenger RNA,0.0,0,1,0.0,0.430021531836358,0.006578947368421,,,,
NUP35,NUP35,Messenger RNA,0.0,0,1,0.0,0.4226757369614512,0.006578947368421,,,,
ST3GAL5,ST3GAL5,Messenger RNA,0.0,0,1,2.684934628791172e-06,0.257767124550567,0.0131578947368421,1.0,,,
EPG5,EPG5,Messenger RNA,0.0,0,1,0.0,0.4082347787998248,0.006578947368421,,,,
BCL11B,BCL11B,Messenger RNA,0.0,0,1,5.811379452719616e-09,0.3810821861796374,0.0131578947368421,1.0,,,
ACTG1,ACTG1,Messenger RNA,0.0,0,1,0.0,0.4003436426116838,0.006578947368421,,,,
NAV2,NAV2,Messenger RNA,0.0,0,1,0.001260707220138,0.4743807261621988,0.0197368421052631,1.0,,,
DCUN1D1,DCUN1D1,Messenger RNA,0.0,0,1,0.0005053101324998,0.4484362469927826,0.0197368421052631,1.0,,,
SGSM2,SGSM2,Messenger RNA,0.0,0,1,0.0001277353291272,0.446716727911807,0.0131578947368421,1.0,,,
AKAP10,AKAP10,Messenger RNA,0.0,0,1,0.0,0.4082347787998248,0.006578947368421,,,,
MTF1,MTF1,Messenger RNA,0.0,0,1,0.0002854438739333,0.4458619040025514,0.0197368421052631,1.0,,,
TGFBR1,TGFBR1,Messenger RNA,0.0,0,1,0.0006401958522235,0.4282432225455659,0.0131578947368421,0.0,,,
GLG1,GLG1,Messenger RNA,0.0,0,1,0.0019072069079927,0.4275883162563083,0.0197368421052631,0.6666666666666666,,,
DTNA,DTNA,Messenger RNA,0.0,0,1,5.811379452719616e-09,0.3810821861796374,0.0131578947368421,1.0,,,
RFX3,RFX3,Messenger RNA,0.0,0,1,0.0001116815368283,0.4317479925880172,0.0131578947368421,1.0,,,
GID4,GID4,Messenger RNA,0.0,0,1,0.0,0.222717858849769,0.006578947368421,,,,
FOXL1,FOXL1,Messenger RNA,0.0,0,1,0.0,0.4010902309568211,0.006578947368421,,,,
ARHGEF10,ARHGEF10,Messenger RNA,0.0,0,1,0.0,0.435785536159601,0.006578947368421,,,,
LGI2,LGI2,Messenger RNA,0.0,0,1,0.0,0.2566786009363812,0.006578947368421,,,,
FMR1,FMR1,Messenger RNA,0.0,0,1,0.0005861830631008,0.4290317630811723,0.0263157894736842,1.0,,,
AJAP1,AJAP1,Messenger RNA,0.0,0,1,0.0002349419307159,0.4452938365981844,0.0131578947368421,1.0,,,
ATL2,ATL2,Messenger RNA,0.0,0,1,0.0,0.3860278889962723,0.006578947368421,,,,
CNNM2,CNNM2,Messenger RNA,0.0,0,1,0.0019520946096311,0.4819027921406411,0.0328947368421052,1.0,,,
LTN1,LTN1,Messenger RNA,0.0,0,1,0.0,0.3783491204330176,0.006578947368421,,,,
XKR4,XKR4,Messenger RNA,0.0,0,1,0.0002964779775462,0.2594414029878444,0.0197368421052631,0.6666666666666666,,,
PTBP2,PTBP2,Messenger RNA,0.0,0,1,0.0,0.3860278889962723,0.006578947368421,,,,
TNPO1,TNPO1,Messenger RNA,0.0,0,1,4.489057203105293e-05,0.4434575733544805,0.0131578947368421,1.0,,,
NSG1,NSG1,Messenger RNA,0.0,0,1,0.0006917692009716,0.4396917754363894,0.0197368421052631,0.6666666666666666,,,
NLN,NLN,Messenger RNA,0.0,0,1,0.0,0.3664002096710785,0.006578947368421,,,,
LANCL3,LANCL3,Messenger RNA,0.0,0,1,0.0,0.4003436426116838,0.006578947368421,,,,
UBE2V1,UBE2V1,Messenger RNA,0.0,0,1,0.0,0.4262844945875895,0.006578947368421,,,,
ECE1,ECE1,Messenger RNA,0.0,0,1,0.0,0.4161952962191128,0.006578947368421,,,,
POU5F1B,POU5F1B,Messenger RNA,0.0,0,1,5.811379452719616e-09,0.3810821861796374,0.0131578947368421,1.0,,,
UBE2Z,UBE2Z,Messenger RNA,0.0,0,1,0.0014705483127686,0.4266097039975587,0.0197368421052631,0.3333333333333333,,,
TRPV3,TRPV3,Messenger RNA,0.0,0,1,0.0,0.2565608368507983,0.006578947368421,,,,
NCMAP,NCMAP,Messenger RNA,0.0,0,1,0.0,0.4137931034482758,0.006578947368421,,,,
FOXP2,FOXP2,Messenger RNA,0.0,0,1,0.0,0.2549699069852271,0.006578947368421,,,,
SNRPE,SNRPE,Messenger RNA,0.0,0,1,0.0,0.3416839789808139,0.006578947368421,,,,
C18orf25,C18orf25,Messenger RNA,0.0,0,1,0.0007038376697698,0.4134259943811917,0.0131578947368421,0.0,,,
ARAP2,ARAP2,Messenger RNA,0.0,0,1,0.0005814544095482,0.4429657794676806,0.0197368421052631,1.0,,,
SFXN2,SFXN2,Messenger RNA,0.0,0,1,0.0,0.430021531836358,0.006578947368421,,,,
BCL2L2,BCL2L2,Messenger RNA,0.0,0,1,0.0001636795283989,0.2246865959498553,0.0131578947368421,0.0,,,
MAFK,MAFK,Messenger RNA,0.0,0,1,0.0,0.4080560420315236,0.006578947368421,,,,
PPM1A,PPM1A,Messenger RNA,0.0,0,1,0.0005320493675373,0.4716599190283401,0.0197368421052631,1.0,,,
CDK17,CDK17,Messenger RNA,0.0,0,1,0.0002203695889741,0.4419854568447676,0.0131578947368421,1.0,,,
VPS13A,VPS13A,Messenger RNA,0.0,0,1,0.0,0.435785536159601,0.006578947368421,,,,
KDSR,KDSR,Messenger RNA,0.0,0,1,0.0001121609419165,0.4392082940622054,0.0131578947368421,1.0,,,
SOS2,SOS2,Messenger RNA,0.0,0,1,4.489057203105293e-05,0.4434575733544805,0.0131578947368421,1.0,,,
LIN7C,LIN7C,Messenger RNA,0.0,0,1,0.0003690681371071,0.4208308248043347,0.0131578947368421,1.0,,,
AJUBA,AJUBA,Messenger RNA,0.0,0,1,0.0012337171167468,0.4457197513151602,0.0263157894736842,0.8333333333333334,,,
SMAD5,SMAD5,Messenger RNA,0.0,0,1,0.0014296586856238,0.4706278404309039,0.0394736842105263,0.9333333333333332,,,
SLC2A3,SLC2A3,Messenger RNA,0.0,0,1,0.0,0.2572927210821754,0.006578947368421,,,,
ADGRG2,ADGRG2,Messenger RNA,0.0,0,1,0.0,0.2228954081632653,0.006578947368421,,,,
INAVA,INAVA,Messenger RNA,0.0,0,1,0.0,0.419630796938316,0.006578947368421,,,,
TRIM71,TRIM71,Messenger RNA,0.0,0,1,0.0010640781374743,0.4577603143418468,0.0197368421052631,1.0,,,
DLG2,DLG2,Messenger RNA,0.0,0,1,0.0001695991646078,0.4208308248043347,0.0131578947368421,1.0,,,
HPS5,HPS5,Messenger RNA,0.0,0,1,0.0,0.435785536159601,0.006578947368421,,,,
SETD5,SETD5,Messenger RNA,0.0,0,1,0.0,0.4082347787998248,0.006578947368421,,,,
ASPH,ASPH,Messenger RNA,1.0,0,1,0.0,0.2229665071770334,0.006578947368421,,,,
SLC35F1,SLC35F1,Messenger RNA,0.0,0,1,0.0,0.2553191489361702,0.006578947368421,,,,
EPC1,EPC1,Messenger RNA,0.0,0,1,0.0,0.430021531836358,0.006578947368421,,,,
KDM6B,KDM6B,Messenger RNA,0.0,0,1,0.000167458337031,0.432750348243306,0.0131578947368421,1.0,,,
CDH11,CDH11,Messenger RNA,0.0,0,1,0.0,0.3901758303097962,0.006578947368421,,,,
AEBP2,AEBP2,Messenger RNA,0.0,0,1,0.0004327942535925,0.4257003654080389,0.0197368421052631,1.0,,,
FDXR,FDXR,Messenger RNA,0.0,0,1,0.0006265803754701,0.4235080278703423,0.0131578947368421,1.0,,,
SAR1A,SAR1A,Messenger RNA,0.0,0,1,2.684934628791172e-06,0.257767124550567,0.0131578947368421,1.0,,,
KIAA1522,KIAA1522,Messenger RNA,0.0,0,1,0.0001178203537165,0.4119640489170473,0.0131578947368421,1.0,,,
USP8,USP8,Messenger RNA,0.0,0,1,0.0,0.4137931034482758,0.006578947368421,,,,
SLC25A22,SLC25A22,Messenger RNA,0.0,0,1,0.0,0.3760086067778375,0.006578947368421,,,,
AMMECR1L,AMMECR1L,Messenger RNA,0.0,0,1,0.0006616786167329,0.4557457212713936,0.0197368421052631,1.0,,,
POFUT1,POFUT1,Messenger RNA,0.0,0,1,2.675065835310257e-05,0.4426151654266265,0.0131578947368421,1.0,,,
SOCS5,SOCS5,Messenger RNA,0.0,0,1,0.0005878397976496,0.444232602478551,0.0197368421052631,1.0,,,
YWHAZ,YWHAZ,Messenger RNA,0.0,0,1,0.0,0.3236485704363931,0.006578947368421,,,,
TRIM33,TRIM33,Messenger RNA,0.0,0,1,0.0,0.3783491204330176,0.006578947368421,,,,
NOL4,NOL4,Messenger RNA,0.0,0,1,0.0003089830733901,0.4381758345086977,0.0131578947368421,1.0,,,
IPMK,IPMK,Messenger RNA,0.0,0,1,0.0,0.418187256954831,0.006578947368421,,,,
TSPAN3,TSPAN3,Messenger RNA,0.0,0,1,0.0031807400794696,0.2543899554180693,0.0328947368421052,0.1,,,
ANKRD13C,ANKRD13C,Messenger RNA,0.0,0,1,0.0004147236657511,0.4508223153821348,0.0197368421052631,1.0,,,
NEO1,NEO1,Messenger RNA,0.0,0,1,0.0,0.4055700609225413,0.006578947368421,,,,
DCAF11,DCAF11,Messenger RNA,0.0,0,1,0.0005888155501371,0.4203247143716175,0.0131578947368421,1.0,,,
KRAS,KRAS,Messenger RNA,0.0,0,1,0.0004954612852558,0.4438095238095238,0.0197368421052631,0.3333333333333333,,,
PTPN1,PTPN1,Messenger RNA,0.0,0,1,0.0,0.4137931034482758,0.006578947368421,,,,
RCOR3,RCOR3,Messenger RNA,0.0,0,1,0.0,0.430021531836358,0.006578947368421,,,,
NIBAN2,NIBAN2,Messenger RNA,0.0,0,1,0.0,0.435785536159601,0.006578947368421,,,,
SEPTIN8,SEPTIN8,Messenger RNA,0.0,0,1,0.0,0.3783491204330176,0.006578947368421,,,,
KMT5A,KMT5A,Messenger RNA,0.0,0,1,0.0,0.3856551724137931,0.006578947368421,,,,
ARF6,ARF6,Messenger RNA,0.0,0,1,0.0,0.4003436426116838,0.006578947368421,,,,
ZC3H11A,ZC3H11A,Messenger RNA,0.0,0,1,0.0,0.4262844945875895,0.006578947368421,,,,
RSPRY1,RSPRY1,Messenger RNA,0.0,0,1,0.0,0.3783491204330176,0.006578947368421,,,,
RRN3,RRN3,Messenger RNA,0.0,0,1,0.0,0.4082347787998248,0.006578947368421,,,,
KCNK6,KCNK6,Messenger RNA,0.0,0,1,0.002633044950699,0.4613100148490348,0.0131578947368421,1.0,,,
KCTD3,KCTD3,Messenger RNA,0.0,0,1,0.0,0.419630796938316,0.006578947368421,,,,
ESRP1,ESRP1,Messenger RNA,0.0,0,1,0.0,0.4082347787998248,0.006578947368421,,,,
SLC25A36,SLC25A36,Messenger RNA,0.0,0,1,0.0009529189404259,0.4565643370346179,0.0328947368421052,1.0,,,
PHACTR4,PHACTR4,Messenger RNA,0.0,0,1,4.489057203105293e-05,0.4434575733544805,0.0131578947368421,1.0,,,
SLC45A4,SLC45A4,Messenger RNA,0.0,0,1,0.0,0.4279810194397673,0.006578947368421,,,,
ASB14,ASB14,Messenger RNA,0.0,0,1,0.0,0.4137931034482758,0.006578947368421,,,,
FBXO39,FBXO39,Messenger RNA,0.0,0,1,0.0,0.435785536159601,0.006578947368421,,,,
NSD3,NSD3,Messenger RNA,0.0,0,1,4.587938452611409e-05,0.4379013312451057,0.0131578947368421,1.0,,,
LLPH,LLPH,Messenger RNA,0.0,0,1,4.46042149219153e-05,0.4363295880149813,0.0197368421052631,1.0,,,
MACROD2,MACROD2,Messenger RNA,0.0,0,1,0.0,0.3416839789808139,0.006578947368421,,,,
CDK9,CDK9,Messenger RNA,0.0,0,1,0.0,0.3989156798402054,0.006578947368421,,,,
BACE2,BACE2,Messenger RNA,0.0,0,1,0.0,0.427850038255547,0.006578947368421,,,,
SIX4,SIX4,Messenger RNA,0.0,0,1,0.0,0.3629283489096573,0.006578947368421,,,,
PCGF3,PCGF3,Messenger RNA,0.0,0,1,0.0,0.4082347787998248,0.006578947368421,,,,
PARPBP,PARPBP,Messenger RNA,0.0,0,1,0.0,0.415083135391924,0.006578947368421,,,,
INPP5K,INPP5K,Messenger RNA,0.0,0,1,0.0,0.2039982489420691,0.006578947368421,,,,
NFATC2,NFATC2,Messenger RNA,0.0,0,1,0.0602826732687902,0.4887257472469848,0.0263157894736842,0.5,,,
DIP2A,DIP2A,Messenger RNA,0.0,0,1,0.0,0.435785536159601,0.006578947368421,,,,
STOX2,STOX2,Messenger RNA,0.0,0,1,0.0006616786167329,0.4557457212713936,0.0197368421052631,1.0,,,
BCAT1,BCAT1,Messenger RNA,0.0,0,1,4.960155284335013e-05,0.2593451442352286,0.0197368421052631,1.0,,,
RRP12,RRP12,Messenger RNA,0.0,0,1,0.0,0.419630796938316,0.006578947368421,,,,
MARCHF3,MARCHF3,Messenger RNA,0.0,0,1,0.0,0.328169014084507,0.006578947368421,,,,
ENTPD4,ENTPD4,Messenger RNA,0.0,0,1,2.231246209077866e-05,0.4412182420703803,0.0131578947368421,1.0,,,
PAK5,PAK5,Messenger RNA,0.0,0,1,0.0002215168803127,0.4521345407503234,0.0131578947368421,1.0,,,
NUP50,NUP50,Messenger RNA,0.0,0,1,0.0001309960592142,0.4447979637289214,0.0131578947368421,1.0,,,
FUBP1,FUBP1,Messenger RNA,0.0,0,1,0.0001277353291272,0.446716727911807,0.0131578947368421,1.0,,,
PARD6B,PARD6B,Messenger RNA,0.0,0,1,0.001064524931337,0.4571615434924787,0.0131578947368421,1.0,,,
BTF3L4,BTF3L4,Messenger RNA,0.0,0,1,0.0001529895369688,0.4103918978423602,0.0131578947368421,1.0,,,
ANTXR2,ANTXR2,Messenger RNA,0.0,0,1,9.308612659896778e-05,0.2572217111315547,0.0131578947368421,1.0,,,
VIPAS39,VIPAS39,Messenger RNA,0.0,0,1,0.0,0.415083135391924,0.006578947368421,,,,
VPS37C,VPS37C,Messenger RNA,0.0,0,1,0.0006854606318218,0.4131205673758865,0.0131578947368421,1.0,,,
TANC2,TANC2,Messenger RNA,0.0,0,1,0.0003484219802039,0.423187528378992,0.0197368421052631,1.0,,,
RAB3C,RAB3C,Messenger RNA,0.0,0,1,0.0,0.2566786009363812,0.006578947368421,,,,
EPN2,EPN2,Messenger RNA,0.0,0,1,0.0,0.3669291338582677,0.006578947368421,,,,
SPTLC2,SPTLC2,Messenger RNA,0.0,0,1,0.0,0.4010902309568211,0.006578947368421,,,,
BRWD1,BRWD1,Messenger RNA,0.0,0,1,0.0001563510656699,0.4258300335059397,0.0197368421052631,1.0,,,
NFAT5,NFAT5,Messenger RNA,0.0,0,1,0.0023015751018512,0.4663108739159439,0.0460526315789473,0.9047619047619048,,,
ARHGAP12,ARHGAP12,Messenger RNA,0.0,0,1,2.118762538775812e-05,0.4344988344988345,0.0131578947368421,1.0,,,
USP31,USP31,Messenger RNA,0.0,0,1,0.0,0.435785536159601,0.006578947368421,,,,
RAB3D,RAB3D,Messenger RNA,0.0,0,1,0.0,0.419630796938316,0.006578947368421,,,,
TNKS2,TNKS2,Messenger RNA,0.0,0,1,9.54425234790272e-05,0.4196937856499549,0.0131578947368421,1.0,,,
NXT2,NXT2,Messenger RNA,0.0,0,1,0.0,0.4055700609225413,0.006578947368421,,,,
ATXN7L3,ATXN7L3,Messenger RNA,0.0,0,1,0.0005630392708661,0.4264795607077486,0.0131578947368421,1.0,,,
NTN4,NTN4,Messenger RNA,0.0,0,1,2.118762538775812e-05,0.4344988344988345,0.0131578947368421,1.0,,,
GPR39,GPR39,Messenger RNA,0.0,0,1,0.0,0.3664002096710785,0.006578947368421,,,,
SYTL4,SYTL4,Messenger RNA,0.0,0,1,1.742265621840977e-05,0.4374902206227507,0.0131578947368421,1.0,,,
CD274,CD274,Messenger RNA,0.0,0,1,0.0,0.418187256954831,0.006578947368421,,,,
CCDC6,CCDC6,Messenger RNA,0.0,0,1,0.0009436110892223,0.4530870199319397,0.0263157894736842,1.0,,,
BICD1,BICD1,Messenger RNA,0.0,0,1,0.0,0.4262844945875895,0.006578947368421,,,,
NEDD4,NEDD4,Messenger RNA,0.0,0,1,0.0,0.4055700609225413,0.006578947368421,,,,
MYLK,MYLK,Messenger RNA,0.0,0,1,0.0014466527207833,0.4536751582021742,0.0263157894736842,0.5,,,
PIAS1,PIAS1,Messenger RNA,10.0,0,1,0.0011002635799872,0.440176322418136,0.0263157894736842,1.0,,,
KIAA0586,KIAA0586,Messenger RNA,0.0,0,1,0.0,0.430021531836358,0.006578947368421,,,,
GOLGA8B,GOLGA8B,Messenger RNA,0.0,0,1,0.0,0.4082347787998248,0.006578947368421,,,,
S1PR1,S1PR1,Messenger RNA,0.0,0,1,0.0,0.2568200606227611,0.006578947368421,,,,
VPS18,VPS18,Messenger RNA,0.0,0,1,0.0007200027818034,0.3637782982045277,0.0131578947368421,0.0,,,
NONO,NONO,Messenger RNA,0.0,0,1,7.387093230297047e-05,0.3665923692146322,0.0131578947368421,0.0,,,
HHIP,HHIP,Messenger RNA,0.0,0,1,0.0,0.2218871518133481,0.006578947368421,,,,
PSME3,PSME3,Messenger RNA,0.0,0,1,0.0007111866194102,0.4098504837291117,0.0131578947368421,1.0,,,
BCL7A,BCL7A,Messenger RNA,0.0,0,1,0.0,0.3609604957397366,0.006578947368421,,,,
BICRAL,BICRAL,Messenger RNA,0.0,0,1,0.0001556777018912,0.4274575752942975,0.0131578947368421,1.0,,,
CERS6,CERS6,Messenger RNA,0.0,0,1,2.231246209077866e-05,0.4412182420703803,0.0131578947368421,1.0,,,
RAN,RAN,Messenger RNA,0.0,0,1,0.0,0.3858680651393872,0.006578947368421,,,,
SIM1,SIM1,Messenger RNA,0.0,0,1,0.000437090683986,0.2578859988931931,0.0197368421052631,0.3333333333333333,,,
NF1,NF1,Messenger RNA,9.0,0,1,0.0,0.4082347787998248,0.006578947368421,,,,
MAML3,MAML3,Messenger RNA,0.0,0,1,0.0,0.3944695259593679,0.006578947368421,,,,
GPR174,GPR174,Messenger RNA,0.0,0,1,0.0004073174383948,0.44736,0.0197368421052631,1.0,,,
DOCK5,DOCK5,Messenger RNA,0.0,0,1,0.0,0.4082347787998248,0.006578947368421,,,,
UBXN2A,UBXN2A,Messenger RNA,0.0,0,1,2.231246209077866e-05,0.4412182420703803,0.0131578947368421,1.0,,,
MON2,MON2,Messenger RNA,0.0,0,1,0.0,0.4137931034482758,0.006578947368421,,,,
SLC6A17,SLC6A17,Messenger RNA,0.0,0,1,0.0,0.4137931034482758,0.006578947368421,,,,
TBX3,TBX3,Messenger RNA,0.0,0,1,0.0,0.4082347787998248,0.006578947368421,,,,
PTPRF,PTPRF,Messenger RNA,0.0,0,1,0.0,0.419630796938316,0.006578947368421,,,,
NEXMIF,NEXMIF,Messenger RNA,0.0,0,1,0.0004788129021827,0.4201983769161406,0.0197368421052631,0.6666666666666666,,,
INTS6,INTS6,Messenger RNA,0.0,0,1,2.231246209077866e-05,0.4412182420703803,0.0131578947368421,1.0,,,
PAK6,PAK6,Messenger RNA,0.0,0,1,0.0,0.415083135391924,0.006578947368421,,,,
CYB561D1,CYB561D1,Messenger RNA,0.0,0,1,0.0002837818288715,0.4642975755562936,0.0131578947368421,1.0,,,
NECTIN3,NECTIN3,Messenger RNA,0.0,0,1,0.0,0.2568200606227611,0.006578947368421,,,,
SETBP1,SETBP1,Messenger RNA,0.0,0,1,0.0,0.3860278889962723,0.006578947368421,,,,
ZNRF2,ZNRF2,Messenger RNA,0.0,0,1,0.0,0.4262844945875895,0.006578947368421,,,,
FGF2,FGF2,Messenger RNA,0.0,0,1,0.0,0.2572927210821754,0.006578947368421,,,,
SLC22A23,SLC22A23,Messenger RNA,0.0,0,1,0.0005469390319718,0.4249886000911992,0.0197368421052631,1.0,,,
THSD4,THSD4,Messenger RNA,0.0,0,1,0.0,0.3682824025289778,0.006578947368421,,,,
PCDHA7,PCDHA7,Messenger RNA,0.0,0,1,0.0004847144585981,0.469994957135653,0.0197368421052631,1.0,,,
ZBTB10,ZBTB10,Messenger RNA,0.0,0,1,0.0005883865675337,0.4561918746940773,0.0197368421052631,1.0,,,
KIF1C,KIF1C,Messenger RNA,0.0,0,1,0.0,0.2225937425364222,0.006578947368421,,,,
RBBP8,RBBP8,Messenger RNA,0.0,0,1,0.0,0.4055700609225413,0.006578947368421,,,,
STC2,STC2,Messenger RNA,0.0,0,1,0.000251670361831,0.4229954614220877,0.0131578947368421,1.0,,,
MAP3K2,MAP3K2,Messenger RNA,0.0,0,1,0.0004064398353372,0.4443031940251072,0.0263157894736842,1.0,,,
EDAR,EDAR,Messenger RNA,0.0,0,1,0.0,0.419630796938316,0.006578947368421,,,,
NUDCD3,NUDCD3,Messenger RNA,0.0,0,1,0.0,0.3783491204330176,0.006578947368421,,,,
PNPO,PNPO,Messenger RNA,0.0,0,1,0.0010851349019962,0.4222927050294517,0.0131578947368421,0.0,,,
SLCO5A1,SLCO5A1,Messenger RNA,0.0,0,1,0.0063883725369761,0.4326833797585886,0.0197368421052631,0.3333333333333333,,,
GJB7,GJB7,Messenger RNA,0.0,0,1,0.0,0.4003436426116838,0.006578947368421,,,,
ENTPD7,ENTPD7,Messenger RNA,0.0,0,1,0.0020927839704075,0.469994957135653,0.0197368421052631,1.0,,,
TTPAL,TTPAL,Messenger RNA,0.0,0,1,2.231246209077866e-05,0.4412182420703803,0.0131578947368421,1.0,,,
ENSA,ENSA,Messenger RNA,0.0,0,1,0.0003031456517835,0.3874722838137472,0.0197368421052631,0.3333333333333333,,,
PTPRA,PTPRA,Messenger RNA,0.0,0,1,0.0,0.415083135391924,0.006578947368421,,,,
RAPH1,RAPH1,Messenger RNA,0.0,0,1,2.231246209077866e-05,0.4412182420703803,0.0131578947368421,1.0,,,
CDC37L1,CDC37L1,Messenger RNA,0.0,0,1,0.000372832196903,0.4586614173228346,0.0197368421052631,1.0,,,
MBD1,MBD1,Messenger RNA,0.0,0,1,4.489057203105293e-05,0.4434575733544805,0.0131578947368421,1.0,,,
GAB1,GAB1,Messenger RNA,0.0,0,1,8.650361055146606e-05,0.4426852438252058,0.0197368421052631,1.0,,,
LYSMD3,LYSMD3,Messenger RNA,0.0,0,1,0.0007217931721727,0.4455066921606118,0.0263157894736842,0.8333333333333334,,,
KLHDC10,KLHDC10,Messenger RNA,0.0,0,1,4.489057203105293e-05,0.4434575733544805,0.0131578947368421,1.0,,,
SLC30A1,SLC30A1,Messenger RNA,0.0,0,1,0.0027641516286849,0.4806601340897369,0.0197368421052631,1.0,,,
CLCN3,CLCN3,Messenger RNA,0.0,0,1,0.0005630392708661,0.4264795607077486,0.0131578947368421,1.0,,,
VGLL3,VGLL3,Messenger RNA,0.0,0,1,3.1594703872944763e-06,0.2586733277824035,0.0131578947368421,1.0,,,
PAX3,PAX3,Messenger RNA,0.0,0,1,0.0,0.2584820190440972,0.006578947368421,,,,
BBX,BBX,Messenger RNA,0.0,0,1,0.0001257642456765,0.4228035687282625,0.0131578947368421,1.0,,,
NCOA3,NCOA3,Messenger RNA,0.0,0,1,0.0001811467322625,0.4363295880149813,0.0131578947368421,1.0,,,
CHIC1,CHIC1,Messenger RNA,0.0,0,1,0.0,0.418187256954831,0.006578947368421,,,,
MMAB,MMAB,Messenger RNA,0.0,0,1,0.0,0.419630796938316,0.006578947368421,,,,
TBC1D17,TBC1D17,Messenger RNA,0.0,0,1,0.0,0.3860278889962723,0.006578947368421,,,,
CREBZF,CREBZF,Messenger RNA,0.0,0,1,3.220492475019834e-05,0.393193643650682,0.0131578947368421,0.0,,,
WEE1,WEE1,Messenger RNA,0.0,0,1,0.0019218684277105,0.4637585005805275,0.0263157894736842,1.0,,,
RNF111,RNF111,Messenger RNA,0.0,0,1,0.0,0.4010902309568211,0.006578947368421,,,,
PLEKHA5,PLEKHA5,Messenger RNA,0.0,0,1,0.0,0.430021531836358,0.006578947368421,,,,
GUCY1A1,GUCY1A1,Messenger RNA,0.0,0,1,0.0,0.435785536159601,0.006578947368421,,,,
SATB2,SATB2,Messenger RNA,0.0,0,1,0.0,0.2225937425364222,0.006578947368421,,,,
SRGAP1,SRGAP1,Messenger RNA,0.0,0,1,0.0075139354259479,0.5067053280173976,0.0328947368421052,1.0,,,
TBC1D22B,TBC1D22B,Messenger RNA,0.0,0,1,0.0,0.419630796938316,0.006578947368421,,,,
AGO3,AGO3,Messenger RNA,0.0,0,1,0.0013573589679006,0.4598684210526316,0.0328947368421052,1.0,,,
RNF165,RNF165,Messenger RNA,0.0,0,1,0.0,0.419630796938316,0.006578947368421,,,,
PAK3,PAK3,Messenger RNA,0.0,0,1,0.0006022918561094,0.4560430598597292,0.0197368421052631,1.0,,,
TARDBP,TARDBP,Messenger RNA,0.0,0,1,0.0004849776626373,0.4333539987600744,0.0197368421052631,0.6666666666666666,,,
AP3M1,AP3M1,Messenger RNA,0.0,0,1,0.0002371768169502,0.4449395289624443,0.0131578947368421,1.0,,,
FSTL4,FSTL4,Messenger RNA,0.0,0,1,0.0059336996083035,0.4920802534318901,0.0263157894736842,1.0,,,
MTSS2,MTSS2,Messenger RNA,0.0,0,1,0.0,0.415083135391924,0.006578947368421,,,,
TRAM1,TRAM1,Messenger RNA,0.0,0,1,4.489057203105293e-05,0.4434575733544805,0.0131578947368421,1.0,,,
FSD1L,FSD1L,Messenger RNA,0.0,0,1,0.0001667166791666,0.4479333546940083,0.0263157894736842,1.0,,,
POMGNT1,POMGNT1,Messenger RNA,0.0,0,1,0.0,0.419630796938316,0.006578947368421,,,,
PCMTD1,PCMTD1,Messenger RNA,0.0,0,1,0.000133927645426,0.4242148384160218,0.0131578947368421,1.0,,,
TNIK,TNIK,Messenger RNA,0.0,0,1,0.003302541010909,0.4801648634724368,0.0263157894736842,1.0,,,
CNTD1,CNTD1,Messenger RNA,0.0,0,1,0.0,0.415083135391924,0.006578947368421,,,,
ERI2,ERI2,Messenger RNA,0.0,0,1,0.0,0.3989156798402054,0.006578947368421,,,,
TMED4,TMED4,Messenger RNA,0.0,0,1,0.0,0.3856551724137931,0.006578947368421,,,,
NR2C2,NR2C2,Messenger RNA,0.0,0,1,2.231246209077866e-05,0.4412182420703803,0.0131578947368421,1.0,,,
TUSC2,TUSC2,Messenger RNA,0.0,0,1,0.0073138768649668,0.4903542616625745,0.0394736842105263,0.8666666666666667,,,
FRZB,FRZB,Messenger RNA,0.0,0,1,0.0,0.435785536159601,0.006578947368421,,,,
MMP15,MMP15,Messenger RNA,0.0,0,1,0.0,0.2076340412891727,0.006578947368421,,,,
INTS8,INTS8,Messenger RNA,0.0,0,1,0.0,0.3989156798402054,0.006578947368421,,,,
ALS2,ALS2,Messenger RNA,0.0,0,1,3.958871587481144e-06,0.4144678327898013,0.0131578947368421,1.0,,,
EFS,EFS,Messenger RNA,0.0,0,1,0.0,0.3282460671519135,0.006578947368421,,,,
ARHGAP26,ARHGAP26,Messenger RNA,0.0,0,1,0.001021916751259,0.4760769623701685,0.0197368421052631,1.0,,,
DSC1,DSC1,Messenger RNA,0.0,0,1,0.0,0.4279810194397673,0.006578947368421,,,,
ESRP2,ESRP2,Messenger RNA,0.0,0,1,0.0,0.430021531836358,0.006578947368421,,,,
ARMC8,ARMC8,Messenger RNA,0.0,0,1,0.0002590251352529,0.4626075446724024,0.0131578947368421,1.0,,,
CLINT1,CLINT1,Messenger RNA,0.0,0,1,0.0,0.4003436426116838,0.006578947368421,,,,
ERI1,ERI1,Messenger RNA,0.0,0,1,0.0,0.435785536159601,0.006578947368421,,,,
FAT2,FAT2,Messenger RNA,0.0,0,1,0.0,0.435785536159601,0.006578947368421,,,,
CDK2,CDK2,Messenger RNA,0.0,0,1,0.0,0.4055700609225413,0.006578947368421,,,,
CELF1,CELF1,Messenger RNA,0.0,0,1,0.0,0.4137931034482758,0.006578947368421,,,,
CACNB4,CACNB4,Messenger RNA,0.0,0,1,0.0,0.3783491204330176,0.006578947368421,,,,
MYLK4,MYLK4,Messenger RNA,0.0,0,1,0.0,0.430021531836358,0.006578947368421,,,,
HNF4G,HNF4G,Messenger RNA,0.0,0,1,0.0,0.3416839789808139,0.006578947368421,,,,
ORC2,ORC2,Messenger RNA,0.0,0,1,0.0,0.4055700609225413,0.006578947368421,,,,
PIP5KL1,PIP5KL1,Messenger RNA,0.0,0,1,0.0,0.3631168831168831,0.006578947368421,,,,
PAFAH1B1,PAFAH1B1,Messenger RNA,0.0,0,1,2.231246209077866e-05,0.4412182420703803,0.0131578947368421,1.0,,,
DUS2,DUS2,Messenger RNA,0.0,0,1,0.0,0.4082347787998248,0.006578947368421,,,,
CCDC88C,CCDC88C,Messenger RNA,0.0,0,1,0.0,0.4080560420315236,0.006578947368421,,,,
TMEM151B,TMEM151B,Messenger RNA,0.0,0,1,0.0,0.419630796938316,0.006578947368421,,,,
RBL1,RBL1,Messenger RNA,0.0,0,1,0.0,0.435785536159601,0.006578947368421,,,,
PPP6C,PPP6C,Messenger RNA,0.0,0,1,2.118762538775812e-05,0.4344988344988345,0.0131578947368421,1.0,,,
RGS17,RGS17,Messenger RNA,0.0,0,1,7.725723259419738e-05,0.2588409553786336,0.0197368421052631,1.0,,,
NPAS4,NPAS4,Messenger RNA,0.0,0,1,0.0014230582046406,0.4276537167329458,0.0328947368421052,0.8,,,
MBOAT1,MBOAT1,Messenger RNA,0.0,0,1,0.0,0.419630796938316,0.006578947368421,,,,
TBC1D20,TBC1D20,Messenger RNA,0.0,0,1,0.0,0.415083135391924,0.006578947368421,,,,
TBCEL,TBCEL,Messenger RNA,0.0,0,1,7.025074583163935e-05,0.4467881112176414,0.0197368421052631,1.0,,,
PDF,PDF,Messenger RNA,0.0,0,1,0.0055923136928698,0.3534319302237391,0.0131578947368421,0.0,,,
LMO3,LMO3,Messenger RNA,0.0,0,1,0.0,0.2566786009363812,0.006578947368421,,,,
SETD1B,SETD1B,Messenger RNA,0.0,0,1,0.0003089877773724,0.4394844388557057,0.0131578947368421,1.0,,,
STMP1,STMP1,Messenger RNA,0.0,0,1,0.0,0.4003436426116838,0.006578947368421,,,,
TMEM233,TMEM233,Messenger RNA,0.0,0,1,0.0,0.2584820190440972,0.006578947368421,,,,
FBXO45,FBXO45,Messenger RNA,0.0,0,1,0.001770513024786,0.4468595173405785,0.0131578947368421,1.0,,,
TOP1,TOP1,Messenger RNA,0.0,0,1,0.0,0.419630796938316,0.006578947368421,,,,
ELK1,ELK1,Messenger RNA,0.0,0,1,0.000750580361301,0.4214651793789569,0.0131578947368421,1.0,,,
RGS9BP,RGS9BP,Messenger RNA,0.0,0,1,0.0010425198599399,0.438725874784246,0.0131578947368421,1.0,,,
MARVELD2,MARVELD2,Messenger RNA,0.0,0,1,0.0,0.4003436426116838,0.006578947368421,,,,
ANKRD12,ANKRD12,Messenger RNA,0.0,0,1,2.231246209077866e-05,0.4412182420703803,0.0131578947368421,1.0,,,
GOLGA1,GOLGA1,Messenger RNA,0.0,0,1,0.0,0.4262844945875895,0.006578947368421,,,,
PPP1R3B,PPP1R3B,Messenger RNA,0.0,0,1,0.0,0.3988018827556696,0.006578947368421,,,,
CTNNBIP1,CTNNBIP1,Messenger RNA,0.0,0,1,0.0,0.4082347787998248,0.006578947368421,,,,
PHC3,PHC3,Messenger RNA,0.0,0,1,8.650361055146606e-05,0.4426852438252058,0.0197368421052631,1.0,,,
DPP8,DPP8,Messenger RNA,0.0,0,1,0.0001775014495459,0.3829612381865498,0.0131578947368421,1.0,,,
ZBTB37,ZBTB37,Messenger RNA,0.0,0,1,0.0005724341922936,0.4480051273834321,0.0263157894736842,1.0,,,
CAPN7,CAPN7,Messenger RNA,0.0,0,1,0.0,0.4226757369614512,0.006578947368421,,,,
ADAM10,ADAM10,Messenger RNA,0.0,0,1,0.0002434552478946,0.4036962171527577,0.0197368421052631,1.0,,,
NF2,NF2,Messenger RNA,0.0,0,1,0.0,0.4082347787998248,0.006578947368421,,,,
WDR26,WDR26,Messenger RNA,0.0,0,1,0.0,0.4161952962191128,0.006578947368421,,,,
IPO11,IPO11,Messenger RNA,0.0,0,1,0.0,0.3783491204330176,0.006578947368421,,,,
ACAP2,ACAP2,Messenger RNA,0.0,0,1,0.0,0.418187256954831,0.006578947368421,,,,
FRMD4B,FRMD4B,Messenger RNA,0.0,0,1,0.0,0.435785536159601,0.006578947368421,,,,
ARHGAP19,ARHGAP19,Messenger RNA,0.0,0,1,0.0002162078679252,0.4363976900265335,0.0131578947368421,1.0,,,
RDX,RDX,Messenger RNA,0.0,0,1,6.381176171305411e-05,0.2586972612879348,0.0131578947368421,1.0,,,
EIF2B2,EIF2B2,Messenger RNA,0.0,0,1,0.000511672548089,0.3948037277605196,0.0131578947368421,0.0,,,
GNA11,GNA11,Messenger RNA,0.0,0,1,1.742265621840977e-05,0.4374902206227507,0.0131578947368421,1.0,,,
SRSF6,SRSF6,Messenger RNA,0.0,0,1,0.0,0.406041243101946,0.006578947368421,,,,
SGCZ,SGCZ,Messenger RNA,0.0,0,1,0.0,0.4109347442680776,0.006578947368421,,,,
DUSP8,DUSP8,Messenger RNA,0.0,0,1,0.0,0.4101510928560951,0.006578947368421,,,,
RIOK3,RIOK3,Messenger RNA,0.0,0,1,0.0,0.3989156798402054,0.006578947368421,,,,
C1orf52,C1orf52,Messenger RNA,0.0,0,1,0.0,0.3989156798402054,0.006578947368421,,,,
GLI3,GLI3,Messenger RNA,0.0,0,1,0.0,0.3783491204330176,0.006578947368421,,,,
GNB1,GNB1,Messenger RNA,0.0,0,1,0.0,0.4003436426116838,0.006578947368421,,,,
COL26A1,COL26A1,Messenger RNA,0.0,0,1,0.0,0.419630796938316,0.006578947368421,,,,
SEC23IP,SEC23IP,Messenger RNA,0.0,0,1,0.0,0.3783491204330176,0.006578947368421,,,,
SETD7,SETD7,Messenger RNA,0.0,0,1,0.0,0.2236263296808766,0.006578947368421,,,,
CNKSR3,CNKSR3,Messenger RNA,0.0,0,1,0.000282223099933,0.4435279187817258,0.0131578947368421,1.0,,,
MYO1D,MYO1D,Messenger RNA,0.0,0,1,0.0,0.3798913043478261,0.006578947368421,,,,
QSER1,QSER1,Messenger RNA,0.0,0,1,0.0,0.4109347442680776,0.006578947368421,,,,
PALLD,PALLD,Messenger RNA,0.0,0,1,0.0,0.435785536159601,0.006578947368421,,,,
CLYBL,CLYBL,Messenger RNA,0.0,0,1,0.0,0.4161952962191128,0.006578947368421,,,,
TMEM255A,TMEM255A,Messenger RNA,0.0,0,1,0.0,0.4010902309568211,0.006578947368421,,,,
SMNDC1,SMNDC1,Messenger RNA,0.0,0,1,0.0,0.3783491204330176,0.006578947368421,,,,
KIF5A,KIF5A,Messenger RNA,0.0,0,1,0.0002140286275435,0.4479333546940083,0.0131578947368421,1.0,,,
SMAD1,SMAD1,Messenger RNA,0.0,0,1,0.0,0.418187256954831,0.006578947368421,,,,
FEM1C,FEM1C,Messenger RNA,0.0,0,1,0.0,0.418187256954831,0.006578947368421,,,,
ZDHHC21,ZDHHC21,Messenger RNA,0.0,0,1,0.0,0.4082347787998248,0.006578947368421,,,,
GRIN2B,GRIN2B,Messenger RNA,0.0,0,1,0.0007369715520158,0.2252658717370287,0.0263157894736842,0.0,,,
SRSF11,SRSF11,Messenger RNA,0.0,0,1,0.0001618346721057,0.4086524408067816,0.0197368421052631,0.6666666666666666,,,
COX20,COX20,Messenger RNA,0.0,0,1,2.675065835310257e-05,0.4426151654266265,0.0131578947368421,1.0,,,
LRRC20,LRRC20,Messenger RNA,0.0,0,1,0.0,0.3631168831168831,0.006578947368421,,,,
DNAJB9,DNAJB9,Messenger RNA,0.0,0,1,0.0019838385143874,0.4781939456131349,0.0131578947368421,1.0,,,
NEMP2,NEMP2,Messenger RNA,0.0,0,1,0.0,0.419630796938316,0.006578947368421,,,,
KPNA5,KPNA5,Messenger RNA,0.0,0,1,0.0045485339626931,0.4782757440985289,0.0328947368421052,0.9,,,
TTC14,TTC14,Messenger RNA,0.0,0,1,0.0002828252500134,0.4413575374901342,0.0131578947368421,1.0,,,
SLK,SLK,Messenger RNA,0.0,0,1,2.231246209077866e-05,0.4412182420703803,0.0131578947368421,1.0,,,
JMY,JMY,Messenger RNA,0.0,0,1,0.0,0.4055700609225413,0.006578947368421,,,,
SRD5A3,SRD5A3,Messenger RNA,0.0,0,1,0.0,0.427850038255547,0.006578947368421,,,,
SLC16A9,SLC16A9,Messenger RNA,0.0,0,1,0.0038565667851061,0.4694425789120215,0.0263157894736842,1.0,,,
FBXO3,FBXO3,Messenger RNA,0.0,0,1,0.0,0.3682824025289778,0.006578947368421,,,,
CDYL,CDYL,Messenger RNA,0.0,0,1,0.0,0.3860278889962723,0.006578947368421,,,,
DALRD3,DALRD3,Messenger RNA,0.0,0,1,0.0,0.419630796938316,0.006578947368421,,,,
HELZ,HELZ,Messenger RNA,0.0,0,1,0.0,0.4262844945875895,0.006578947368421,,,,
SCAPER,SCAPER,Messenger RNA,0.0,0,1,0.0,0.4161952962191128,0.006578947368421,,,,
BMF,BMF,Messenger RNA,0.0,0,1,0.0,0.415083135391924,0.006578947368421,,,,
MCFD2,MCFD2,Messenger RNA,0.0,0,1,0.0,0.4279810194397673,0.006578947368421,,,,
DGKH,DGKH,Messenger RNA,0.0,0,1,8.650361055146606e-05,0.4426852438252058,0.0197368421052631,1.0,,,
MIGA1,MIGA1,Messenger RNA,0.0,0,1,0.0001277353291272,0.446716727911807,0.0131578947368421,1.0,,,
BAG5,BAG5,Messenger RNA,0.0,0,1,0.0002347237974802,0.4299554051976011,0.0131578947368421,1.0,,,
HACD3,HACD3,Messenger RNA,0.0,0,1,0.0,0.4279810194397673,0.006578947368421,,,,
DMTN,DMTN,Messenger RNA,0.0,0,1,0.0,0.2549699069852271,0.006578947368421,,,,
SHROOM2,SHROOM2,Messenger RNA,0.0,0,1,0.0,0.419630796938316,0.006578947368421,,,,
DDOST,DDOST,Messenger RNA,0.0,0,1,0.0,0.3858680651393872,0.006578947368421,,,,
SET,SET,Messenger RNA,0.0,0,1,0.0,0.4003436426116838,0.006578947368421,,,,
TACC1,TACC1,Messenger RNA,0.0,0,1,0.0004514181210417,0.2585059171597633,0.0197368421052631,0.0,,,
FAM3C,FAM3C,Messenger RNA,0.0,0,1,4.46042149219153e-05,0.4363295880149813,0.0197368421052631,1.0,,,
PELI2,PELI2,Messenger RNA,0.0,0,1,4.489057203105293e-05,0.4434575733544805,0.0131578947368421,1.0,,,
MYEF2,MYEF2,Messenger RNA,0.0,0,1,0.0,0.4262844945875895,0.006578947368421,,,,
MPZL3,MPZL3,Messenger RNA,0.0,0,1,0.0,0.4137931034482758,0.006578947368421,,,,
ZNF607,ZNF607,Messenger RNA,0.0,0,1,0.0,0.3416839789808139,0.006578947368421,,,,
SLC4A5,SLC4A5,Messenger RNA,0.0,0,1,0.0,0.3783491204330176,0.006578947368421,,,,
CBX1,CBX1,Messenger RNA,0.0,0,1,0.0,0.3858680651393872,0.006578947368421,,,,
TBL2,TBL2,Messenger RNA,0.0,0,1,0.0,0.3858680651393872,0.006578947368421,,,,
SLA2,SLA2,Messenger RNA,0.0,0,1,0.0,0.415083135391924,0.006578947368421,,,,
FAM199X,FAM199X,Messenger RNA,0.0,0,1,2.231246209077866e-05,0.4412182420703803,0.0131578947368421,1.0,,,
CMTM4,CMTM4,Messenger RNA,0.0,0,1,0.0004863927706622,0.439622641509434,0.0197368421052631,1.0,,,
LRP2,LRP2,Messenger RNA,0.0,0,1,0.0001818699503677,0.4354461921819031,0.0131578947368421,1.0,,,
HCN1,HCN1,Messenger RNA,0.0,0,1,0.0010616154465198,0.3525406632202749,0.0197368421052631,0.0,,,
TMEM248,TMEM248,Messenger RNA,0.0,0,1,0.0002704780783028,0.4094903339191564,0.0131578947368421,0.0,,,
GALNT15,GALNT15,Messenger RNA,0.0,0,1,3.1594703872944763e-06,0.2586733277824035,0.0131578947368421,1.0,,,
NXF1,NXF1,Messenger RNA,0.0,0,1,0.00019614111208,0.3686222808174028,0.0131578947368421,0.0,,,
SNX22,SNX22,Messenger RNA,0.0,0,1,0.0,0.406041243101946,0.006578947368421,,,,
MAP4K2,MAP4K2,Messenger RNA,0.0,0,1,0.0,0.3988018827556696,0.006578947368421,,,,
SNX3,SNX3,Messenger RNA,0.0,0,1,0.0,0.2076340412891727,0.006578947368421,,,,
SRSF12,SRSF12,Messenger RNA,0.0,0,1,0.0,0.435785536159601,0.006578947368421,,,,
HECTD4,HECTD4,Messenger RNA,0.0,0,1,0.0,0.4262844945875895,0.006578947368421,,,,
PPIL6,PPIL6,Messenger RNA,0.0,0,1,0.0,0.3783491204330176,0.006578947368421,,,,
SPOCK1,SPOCK1,Messenger RNA,0.0,0,1,0.0,0.2236263296808766,0.006578947368421,,,,
GUCY1A2,GUCY1A2,Messenger RNA,0.0,0,1,0.0,0.2236263296808766,0.006578947368421,,,,
ZBTB18,ZBTB18,Messenger RNA,0.0,0,1,0.0017067403253722,0.4573110893032385,0.0328947368421052,0.8,,,
PCDHA12,PCDHA12,Messenger RNA,0.0,0,1,0.0,0.435785536159601,0.006578947368421,,,,
LYRM4,LYRM4,Messenger RNA,0.0,0,1,0.0,0.3664002096710785,0.006578947368421,,,,
ZMAT3,ZMAT3,Messenger RNA,0.0,0,1,0.000241014967272,0.4281120808451998,0.0131578947368421,1.0,,,
SLC1A2,SLC1A2,Messenger RNA,0.0,0,1,0.0005283547096032,0.4426852438252058,0.0131578947368421,1.0,,,
GOLGA7B,GOLGA7B,Messenger RNA,0.0,0,1,0.0,0.3631168831168831,0.006578947368421,,,,
ITGB3,ITGB3,Messenger RNA,0.0,0,1,0.0007957705182145,0.3935810810810811,0.0131578947368421,1.0,,,
MAPK6,MAPK6,Messenger RNA,0.0,0,1,0.0,0.3856551724137931,0.006578947368421,,,,
CISH,CISH,Messenger RNA,0.0,0,1,0.0,0.4137931034482758,0.006578947368421,,,,
WDR47,WDR47,Messenger RNA,0.0,0,1,0.0,0.4262844945875895,0.006578947368421,,,,
PIGV,PIGV,Messenger RNA,0.0,0,1,0.0009838188830752,0.4231234866828087,0.0131578947368421,0.0,,,
SLC39A9,SLC39A9,Messenger RNA,0.0,0,1,0.0065572178184678,0.4548560273304051,0.0263157894736842,0.3333333333333333,,,
ORAI2,ORAI2,Messenger RNA,0.0,0,1,0.0,0.3354931605471562,0.006578947368421,,,,
BMP2K,BMP2K,Messenger RNA,0.0,0,1,8.361248293380326e-05,0.4240218380345769,0.0131578947368421,1.0,,,
TOGARAM1,TOGARAM1,Messenger RNA,0.0,0,1,0.0,0.4262844945875895,0.006578947368421,,,,
XPO4,XPO4,Messenger RNA,0.0,0,1,0.0003568630147086,0.4245368964470088,0.0197368421052631,0.6666666666666666,,,
EGR3,EGR3,Messenger RNA,0.0,0,1,0.0,0.2592729970326409,0.006578947368421,,,,
EHMT1,EHMT1,Messenger RNA,0.0,0,1,0.0,0.4055700609225413,0.006578947368421,,,,
B3GALT5,B3GALT5,Messenger RNA,0.0,0,1,0.0,0.419630796938316,0.006578947368421,,,,
RPUSD2,RPUSD2,Messenger RNA,0.0,0,1,4.229514257730125e-05,0.3811860940695296,0.0131578947368421,1.0,,,
SLC6A9,SLC6A9,Messenger RNA,0.0,0,1,0.0,0.435785536159601,0.006578947368421,,,,
CD164L2,CD164L2,Messenger RNA,0.0,0,1,0.0,0.419630796938316,0.006578947368421,,,,
VWA1,VWA1,Messenger RNA,0.0,0,1,0.0,0.3282460671519135,0.006578947368421,,,,
GRHL2,GRHL2,Messenger RNA,0.0,0,1,0.0,0.4226757369614512,0.006578947368421,,,,
SPATA2,SPATA2,Messenger RNA,0.0,0,1,0.0007329214954187,0.4266748054326262,0.0197368421052631,1.0,,,
ARFGEF3,ARFGEF3,Messenger RNA,0.0,0,1,0.0,0.427850038255547,0.006578947368421,,,,
BBC3,BBC3,Messenger RNA,0.0,0,1,0.0004252806383478,0.4310158779096655,0.0131578947368421,1.0,,,
PAPOLA,PAPOLA,Messenger RNA,0.0,0,1,0.0,0.4082347787998248,0.006578947368421,,,,
SEC31B,SEC31B,Messenger RNA,0.0,0,1,8.404399927631841e-05,0.4114790286975717,0.0131578947368421,1.0,,,
HOXA10,HOXA10,Messenger RNA,0.0,0,1,0.0,0.2229665071770334,0.006578947368421,,,,
FAM110C,FAM110C,Messenger RNA,0.0,0,1,0.0003901422553294,0.4492287917737789,0.0197368421052631,1.0,,,
USP44,USP44,Messenger RNA,0.0,0,1,0.0,0.430021531836358,0.006578947368421,,,,
HNRNPU,HNRNPU,Messenger RNA,0.0,0,1,0.0001438202229506,0.4012053379250969,0.0131578947368421,1.0,,,
EPB41L3,EPB41L3,Messenger RNA,0.0,0,1,0.0,0.2566786009363812,0.006578947368421,,,,
DAB2IP,DAB2IP,Messenger RNA,0.0,0,1,0.0,0.415083135391924,0.006578947368421,,,,
TP53INP1,TP53INP1,Messenger RNA,0.0,0,1,0.0002290229549858,0.4266097039975587,0.0263157894736842,1.0,,,
TMEM123,TMEM123,Messenger RNA,0.0,0,1,0.0,0.4226757369614512,0.006578947368421,,,,
ZNF248,ZNF248,Messenger RNA,0.0,0,1,0.0,0.406041243101946,0.006578947368421,,,,
TNC,TNC,Messenger RNA,0.0,0,1,0.0,0.3631168831168831,0.006578947368421,,,,
GALNT2,GALNT2,Messenger RNA,0.0,0,1,0.0,0.3262543757292882,0.006578947368421,,,,
SMIM3,SMIM3,Messenger RNA,0.0,0,1,0.0,0.2572453767595915,0.006578947368421,,,,
CIAPIN1,CIAPIN1,Messenger RNA,0.0,0,1,0.0,0.430021531836358,0.006578947368421,,,,
LIG3,LIG3,Messenger RNA,0.0,0,1,0.0,0.419630796938316,0.006578947368421,,,,
TENT4B,TENT4B,Messenger RNA,0.0,0,1,0.0002181351754616,0.4228035687282625,0.0131578947368421,1.0,,,
ABL2,ABL2,Messenger RNA,0.0,0,1,0.0010826987762823,0.4510404904016777,0.0263157894736842,1.0,,,
KAT6A,KAT6A,Messenger RNA,0.0,0,1,0.0004252806383478,0.4310158779096655,0.0131578947368421,1.0,,,
SEMA4A,SEMA4A,Messenger RNA,0.0,0,1,0.0,0.419630796938316,0.006578947368421,,,,
PHF1,PHF1,Messenger RNA,0.0,0,1,0.0,0.4226757369614512,0.006578947368421,,,,
PLA2G2C,PLA2G2C,Messenger RNA,0.0,0,1,0.0,0.419630796938316,0.006578947368421,,,,
TLCD2,TLCD2,Messenger RNA,0.0,0,1,0.0,0.2219752302318196,0.006578947368421,,,,
SIAH1,SIAH1,Messenger RNA,0.0,0,1,4.489057203105293e-05,0.4434575733544805,0.0131578947368421,1.0,,,
ZNF507,ZNF507,Messenger RNA,0.0,0,1,0.0004597425551878,0.4206408906273506,0.0197368421052631,1.0,,,
CNBP,CNBP,Messenger RNA,0.0,0,1,0.0003411298017738,0.4040462427745664,0.0131578947368421,1.0,,,
CEMIP,CEMIP,Messenger RNA,0.0,0,1,0.0,0.415083135391924,0.006578947368421,,,,
POLK,POLK,Messenger RNA,0.0,0,1,0.0,0.4082347787998248,0.006578947368421,,,,
SH3BP4,SH3BP4,Messenger RNA,0.0,0,1,0.0,0.3631168831168831,0.006578947368421,,,,
TMC7,TMC7,Messenger RNA,0.0,0,1,0.0,0.2572453767595915,0.006578947368421,,,,
COQ10B,COQ10B,Messenger RNA,0.0,0,1,0.0,0.4101510928560951,0.006578947368421,,,,
AATK,AATK,Messenger RNA,0.0,0,1,0.0,0.4082347787998248,0.006578947368421,,,,
VMP1,VMP1,Messenger RNA,0.0,0,1,0.0,0.3282460671519135,0.006578947368421,,,,
OSBP2,OSBP2,Messenger RNA,0.0,0,1,0.0,0.415083135391924,0.006578947368421,,,,
YTHDC1,YTHDC1,Messenger RNA,0.0,0,1,0.0,0.4279810194397673,0.006578947368421,,,,
PIM3,PIM3,Messenger RNA,0.0,0,1,0.0,0.4080560420315236,0.006578947368421,,,,
GPATCH2L,GPATCH2L,Messenger RNA,0.0,0,1,0.0,0.3669291338582677,0.006578947368421,,,,
DDR2,DDR2,Messenger RNA,0.0,0,1,0.0003472491351941,0.254228041462084,0.0197368421052631,0.3333333333333333,,,
PIGH,PIGH,Messenger RNA,0.0,0,1,0.0001653331204249,0.4143449911084766,0.0131578947368421,1.0,,,
MYO9A,MYO9A,Messenger RNA,0.0,0,1,0.0002783090822085,0.4410094637223974,0.0131578947368421,1.0,,,
KCNJ12,KCNJ12,Messenger RNA,0.0,0,1,0.0,0.2218871518133481,0.006578947368421,,,,
CCDC71L,CCDC71L,Messenger RNA,0.0,0,1,0.1779043277235889,0.4595660749506903,0.0197368421052631,0.3333333333333333,,,
SATB1,SATB1,Messenger RNA,0.0,0,1,0.0008801517334832,0.4468595173405785,0.0197368421052631,1.0,,,
TGFA,TGFA,Messenger RNA,0.0,0,1,6.876132551503883e-05,0.4038128249566724,0.0131578947368421,1.0,,,
CDCA4,CDCA4,Messenger RNA,0.0,0,1,0.0,0.3354931605471562,0.006578947368421,,,,
KMT2E,KMT2E,Messenger RNA,0.0,0,1,0.0,0.3629283489096573,0.006578947368421,,,,
DENND11,DENND11,Messenger RNA,0.0,0,1,0.0003047359173154,0.4266097039975587,0.0197368421052631,1.0,,,
CEP41,CEP41,Messenger RNA,0.0,0,1,0.0,0.4082347787998248,0.006578947368421,,,,
ZNF75A,ZNF75A,Messenger RNA,0.0,0,1,0.0,0.3783491204330176,0.006578947368421,,,,
CLOCK,CLOCK,Messenger RNA,0.0,0,1,0.0011312911642588,0.4791773778920308,0.0328947368421052,1.0,,,
ARF3,ARF3,Messenger RNA,0.0,0,1,0.0,0.3207157604955264,0.006578947368421,,,,
PSMD12,PSMD12,Messenger RNA,0.0,0,1,0.0,0.3856551724137931,0.006578947368421,,,,
BTG2,BTG2,Messenger RNA,0.0,0,1,6.017928054909891e-05,0.258721199222726,0.0131578947368421,1.0,,,
ZFP91,ZFP91,Messenger RNA,0.0,0,1,0.0,0.4137931034482758,0.006578947368421,,,,
NAA20,NAA20,Messenger RNA,0.0,0,1,0.0,0.369157644573541,0.006578947368421,,,,
IGF2BP3,IGF2BP3,Messenger RNA,0.0,1,0,,,,,,,
MRTFB,MRTFB,Messenger RNA,0.0,0,1,8.650361055146606e-05,0.4426852438252058,0.0197368421052631,1.0,,,
DHX33,DHX33,Messenger RNA,0.0,0,1,0.0,0.419630796938316,0.006578947368421,,,,
WDFY3,WDFY3,Messenger RNA,0.0,0,1,0.0004599569494091,0.4516233241802617,0.0197368421052631,1.0,,,
STXBP1,STXBP1,Messenger RNA,0.0,0,1,0.0,0.2572927210821754,0.006578947368421,,,,
DIAPH1,DIAPH1,Messenger RNA,0.0,0,1,0.0014000170587426,0.4547820429407938,0.0197368421052631,0.6666666666666666,,,
ANKIB1,ANKIB1,Messenger RNA,0.0,0,1,0.0002139709567341,0.4344313238036047,0.0131578947368421,1.0,,,
PCP4L1,PCP4L1,Messenger RNA,0.0,0,1,0.0,0.3631168831168831,0.006578947368421,,,,
PSKH1,PSKH1,Messenger RNA,0.0,0,1,0.0,0.419630796938316,0.006578947368421,,,,
ACVR2B,ACVR2B,Messenger RNA,0.0,0,1,0.0001309960592142,0.4447979637289214,0.0131578947368421,1.0,,,
BACH2,BACH2,Messenger RNA,0.0,0,1,0.0,0.430021531836358,0.006578947368421,,,,
KIAA0232,KIAA0232,Messenger RNA,0.0,0,1,0.0,0.418187256954831,0.006578947368421,,,,
ZFYVE16,ZFYVE16,Messenger RNA,0.0,0,1,2.231246209077866e-05,0.4412182420703803,0.0131578947368421,1.0,,,
PHF20L1,PHF20L1,Messenger RNA,0.0,0,1,0.0,0.3860278889962723,0.006578947368421,,,,
TLR4,TLR4,Messenger RNA,0.0,0,1,0.0,0.2052260716382853,0.006578947368421,,,,
MTHFD2,MTHFD2,Messenger RNA,0.0,0,1,0.0,0.4137931034482758,0.006578947368421,,,,
KIF6,KIF6,Messenger RNA,0.0,0,1,0.0,0.3989156798402054,0.006578947368421,,,,
STX7,STX7,Messenger RNA,0.0,0,1,0.0,0.2571743929359823,0.006578947368421,,,,
KIF3B,KIF3B,Messenger RNA,0.0,0,1,0.000771615439746,0.4703903095558546,0.0197368421052631,1.0,,,
NFXL1,NFXL1,Messenger RNA,0.0,0,1,0.0,0.419630796938316,0.006578947368421,,,,
DUSP13,DUSP13,Messenger RNA,0.0,0,1,0.0004997399892553,0.4148367952522255,0.0131578947368421,0.0,,,
UNC13B,UNC13B,Messenger RNA,0.0,0,1,0.0007007477571678,0.2042068361086766,0.0131578947368421,0.0,,,
ARL10,ARL10,Messenger RNA,0.0,0,1,0.0004130006527473,0.4510404904016777,0.0197368421052631,1.0,,,
ELAVL2,ELAVL2,Messenger RNA,0.0,0,1,0.0013866658735818,0.4493731918997107,0.0263157894736842,0.5,,,
SORCS1,SORCS1,Messenger RNA,0.0,0,1,0.0003850782375849,0.3930830873049346,0.0131578947368421,0.0,,,
CREG2,CREG2,Messenger RNA,0.0,0,1,0.0,0.3856551724137931,0.006578947368421,,,,
MTMR11,MTMR11,Messenger RNA,0.0,0,1,0.0,0.4262844945875895,0.006578947368421,,,,
LIMK2,LIMK2,Messenger RNA,0.0,0,1,0.0003293687737388,0.4214651793789569,0.0131578947368421,1.0,,,
MYH9,MYH9,Messenger RNA,0.0,0,1,0.0,0.4279810194397673,0.006578947368421,,,,
NPEPPS,NPEPPS,Messenger RNA,0.0,0,1,0.0003057481408988,0.4336228287841191,0.0131578947368421,1.0,,,
LYN,LYN,Messenger RNA,0.0,0,1,0.0,0.3523185483870967,0.006578947368421,,,,
PIK3R3,PIK3R3,Messenger RNA,0.0,0,1,0.0026649211044103,0.4274575752942975,0.0263157894736842,0.0,,,
ARHGEF26,ARHGEF26,Messenger RNA,0.0,0,1,0.0,0.4137931034482758,0.006578947368421,,,,
KCNS2,KCNS2,Messenger RNA,0.0,0,1,0.0,0.3534319302237391,0.006578947368421,,,,
ZNF48,ZNF48,Messenger RNA,0.0,0,1,0.0,0.3858680651393872,0.006578947368421,,,,
KLHL28,KLHL28,Messenger RNA,0.0,0,1,0.0,0.418187256954831,0.006578947368421,,,,
SACS,SACS,Messenger RNA,0.0,0,1,2.231246209077866e-05,0.4412182420703803,0.0131578947368421,1.0,,,
UBTF,UBTF,Messenger RNA,0.0,0,1,0.0001828042246991,0.4084136722173532,0.0131578947368421,1.0,,,
DTX3L,DTX3L,Messenger RNA,0.0,0,1,0.0,0.415083135391924,0.006578947368421,,,,
SLC30A5,SLC30A5,Messenger RNA,0.0,0,1,0.0,0.3664002096710785,0.006578947368421,,,,
GBA2,GBA2,Messenger RNA,0.0,0,1,0.0,0.419630796938316,0.006578947368421,,,,
TNRC6B,TNRC6B,Messenger RNA,0.0,0,1,0.0074224761940253,0.5054229934924078,0.0592105263157894,0.9166666666666666,,,
UBE2J1,UBE2J1,Messenger RNA,0.0,0,1,0.0002590251352529,0.4626075446724024,0.0131578947368421,1.0,,,
ANKRD40,ANKRD40,Messenger RNA,0.0,0,1,0.0,0.2229665071770334,0.006578947368421,,,,
GTF2A1,GTF2A1,Messenger RNA,0.0,0,1,0.0001257642456765,0.4228035687282625,0.0131578947368421,1.0,,,
RNF24,RNF24,Messenger RNA,0.0,0,1,0.000496885268358,0.4354461921819031,0.0131578947368421,1.0,,,
DDX5,DDX5,Messenger RNA,0.0,0,1,0.0,0.3760086067778375,0.006578947368421,,,,
NFATC2IP,NFATC2IP,Messenger RNA,0.0,0,1,0.0,0.4082347787998248,0.006578947368421,,,,
PAX2,PAX2,Messenger RNA,0.0,0,1,0.0077470074633951,0.4742198100407055,0.0394736842105263,0.8,,,
ZFX,ZFX,Messenger RNA,0.0,0,1,0.0,0.3860278889962723,0.006578947368421,,,,
CYLD,CYLD,Messenger RNA,0.0,0,1,0.0002962130677192,0.433085501858736,0.0131578947368421,1.0,,,
SYDE1,SYDE1,Messenger RNA,0.0,0,1,0.0,0.2225937425364222,0.006578947368421,,,,
NR2C1,NR2C1,Messenger RNA,0.0,0,1,0.0001863483108231,0.3802012510198531,0.0131578947368421,1.0,,,
SOX6,SOX6,Messenger RNA,0.0,0,1,0.0015876412792639,0.2838290528880317,0.0328947368421052,1.0,,,
MYCN,MYCN,Messenger RNA,0.0,0,1,0.000220899835785,0.4436686766105998,0.0131578947368421,1.0,,,
DNAJB12,DNAJB12,Messenger RNA,0.0,0,1,0.0008489555137651,0.4241504854368932,0.0131578947368421,1.0,,,
JPT1,JPT1,Messenger RNA,0.0,0,1,1.742265621840977e-05,0.4374902206227507,0.0131578947368421,1.0,,,
AHCYL2,AHCYL2,Messenger RNA,0.0,0,1,4.489057203105293e-05,0.4434575733544805,0.0131578947368421,1.0,,,
VPS54,VPS54,Messenger RNA,0.0,0,1,0.0,0.4082347787998248,0.006578947368421,,,,
DSC2,DSC2,Messenger RNA,0.0,0,1,0.0,0.4082347787998248,0.006578947368421,,,,
STAG1,STAG1,Messenger RNA,0.0,0,1,0.0,0.430021531836358,0.006578947368421,,,,
PRDM16,PRDM16,Messenger RNA,0.0,0,1,0.0001037734597466,0.2811463046757164,0.0131578947368421,1.0,,,
RAB9A,RAB9A,Messenger RNA,0.0,0,1,0.0,0.430021531836358,0.006578947368421,,,,
TPRG1L,TPRG1L,Messenger RNA,0.0,0,1,5.6863509106632646e-05,0.4438095238095238,0.0197368421052631,1.0,,,
EFCAB14,EFCAB14,Messenger RNA,0.0,0,1,0.0,0.418187256954831,0.006578947368421,,,,
STX16,STX16,Messenger RNA,0.0,0,1,0.0,0.406041243101946,0.006578947368421,,,,
CLIC5,CLIC5,Messenger RNA,0.0,0,1,0.0,0.2568200606227611,0.006578947368421,,,,
CSK,CSK,Messenger RNA,3.0,0,1,0.0,0.419630796938316,0.006578947368421,,,,
PKN2,PKN2,Messenger RNA,0.0,0,1,0.0001667166791666,0.4479333546940083,0.0263157894736842,1.0,,,
MYO1C,MYO1C,Messenger RNA,0.0,0,1,0.0001810098961894,0.257767124550567,0.0131578947368421,0.0,,,
CHRM3,CHRM3,Messenger RNA,0.0,0,1,0.0001363592526246,0.4108743570903747,0.0131578947368421,1.0,,,
PLPPR4,PLPPR4,Messenger RNA,0.0,0,1,9.544023663625056e-05,0.2808638874937217,0.0131578947368421,1.0,,,
NEK4,NEK4,Messenger RNA,0.0,0,1,0.0,0.419630796938316,0.006578947368421,,,,
PLEKHA7,PLEKHA7,Messenger RNA,0.0,0,1,0.0,0.4279810194397673,0.006578947368421,,,,
DIO2,DIO2,Messenger RNA,0.0,0,1,0.0018548283300238,0.4108743570903747,0.0197368421052631,0.3333333333333333,,,
VHL,VHL,Messenger RNA,0.0,0,1,0.0,0.3860278889962723,0.006578947368421,,,,
NFASC,NFASC,Messenger RNA,0.0,0,1,0.0002296131287704,0.4205776173285198,0.0131578947368421,1.0,,,
SLC25A44,SLC25A44,Messenger RNA,0.0,0,1,5.046151330822545e-05,0.4421951605250672,0.0197368421052631,1.0,,,
HOXC11,HOXC11,Messenger RNA,0.0,0,1,0.0,0.4003436426116838,0.006578947368421,,,,
DRD2,DRD2,Messenger RNA,0.0,0,1,0.0,0.3631168831168831,0.006578947368421,,,,
SLC25A4,SLC25A4,Messenger RNA,0.0,0,1,8.016044908948633e-05,0.3731980779498131,0.0131578947368421,0.0,,,
TNRC6C,TNRC6C,Messenger RNA,0.0,0,1,0.0005331935592044,0.4465740297077144,0.0263157894736842,1.0,,,
KPNB1,KPNB1,Messenger RNA,0.0,0,1,0.0,0.4003436426116838,0.006578947368421,,,,
RNF7,RNF7,Messenger RNA,0.0,0,1,0.0005553872768096,0.43558186633432,0.0131578947368421,1.0,,,
RANBP10,RANBP10,Messenger RNA,0.0,0,1,0.0,0.419630796938316,0.006578947368421,,,,
WNT8B,WNT8B,Messenger RNA,0.0,0,1,0.0004448457678592,0.4275229357798165,0.0131578947368421,1.0,,,
FOXK2,FOXK2,Messenger RNA,0.0,0,1,0.0,0.3856551724137931,0.006578947368421,,,,
LRP10,LRP10,Messenger RNA,0.0,0,1,0.0,0.3631168831168831,0.006578947368421,,,,
SCN3A,SCN3A,Messenger RNA,0.0,0,1,0.0,0.4262844945875895,0.006578947368421,,,,
MFSD9,MFSD9,Messenger RNA,0.0,0,1,0.0,0.435785536159601,0.006578947368421,,,,
MSL1,MSL1,Messenger RNA,0.0,0,1,0.0,0.430021531836358,0.006578947368421,,,,
KLHL23,KLHL23,Messenger RNA,0.0,0,1,0.0,0.4161952962191128,0.006578947368421,,,,
UBLCP1,UBLCP1,Messenger RNA,0.0,0,1,0.0,0.3783491204330176,0.006578947368421,,,,
GSK3B,GSK3B,Messenger RNA,0.0,0,1,0.0,0.419630796938316,0.006578947368421,,,,
CDC14A,CDC14A,Messenger RNA,0.0,0,1,0.0,0.419630796938316,0.006578947368421,,,,
POLR1C,POLR1C,Messenger RNA,0.0,0,1,0.0,0.3860278889962723,0.006578947368421,,,,
NUCKS1,NUCKS1,Messenger RNA,0.0,0,1,0.0005230125535691,0.4168157423971377,0.0263157894736842,0.6666666666666666,,,
PHLDB1,PHLDB1,Messenger RNA,0.0,0,1,0.0,0.2568200606227611,0.006578947368421,,,,
ANKRD10,ANKRD10,Messenger RNA,0.0,0,1,0.0,0.4010902309568211,0.006578947368421,,,,
SLC30A7,SLC30A7,Messenger RNA,0.0,0,1,0.0,0.427850038255547,0.006578947368421,,,,
GRAMD2A,GRAMD2A,Messenger RNA,0.0,0,1,0.0001588046589818,0.4359214218896164,0.0131578947368421,1.0,,,
NDRG3,NDRG3,Messenger RNA,0.0,0,1,0.0002282662189148,0.405864421541588,0.0197368421052631,0.3333333333333333,,,
FREM2,FREM2,Messenger RNA,0.0,0,1,0.0,0.419630796938316,0.006578947368421,,,,
CYSLTR1,CYSLTR1,Messenger RNA,0.0,0,1,0.0,0.3523185483870967,0.006578947368421,,,,
PTBP1,PTBP1,Messenger RNA,0.0,0,1,0.0,0.3760086067778375,0.006578947368421,,,,
FAM126B,FAM126B,Messenger RNA,0.0,0,1,0.0020826076738396,0.4503865979381443,0.0328947368421052,0.9,,,
FIGN,FIGN,Messenger RNA,0.0,0,1,3.667954468358383e-05,0.2592729970326409,0.0131578947368421,1.0,,,
NECTIN1,NECTIN1,Messenger RNA,0.0,0,1,0.0011235222258339,0.4542648253452477,0.0197368421052631,1.0,,,
TIMM8A,TIMM8A,Messenger RNA,0.0,0,1,0.0,0.3609604957397366,0.006578947368421,,,,
PTP4A1,PTP4A1,Messenger RNA,0.0,0,1,0.0,0.3858680651393872,0.006578947368421,,,,
REEP1,REEP1,Messenger RNA,0.0,0,1,0.0008510173848745,0.4260896068271868,0.0197368421052631,0.6666666666666666,,,
CNKSR2,CNKSR2,Messenger RNA,0.0,0,1,0.0001150387021841,0.2579811773389924,0.0131578947368421,1.0,,,
YRDC,YRDC,Messenger RNA,0.0,0,1,0.0,0.430021531836358,0.006578947368421,,,,
KSR1,KSR1,Messenger RNA,0.0,0,1,0.0,0.2572927210821754,0.006578947368421,,,,
FBXL13,FBXL13,Messenger RNA,0.0,0,1,0.0,0.4137931034482758,0.006578947368421,,,,
CENPP,CENPP,Messenger RNA,0.0,0,1,0.0019777489603688,0.4469309462915601,0.0197368421052631,1.0,,,
NCKAP1,NCKAP1,Messenger RNA,0.0,0,1,0.0003057481408988,0.4336228287841191,0.0131578947368421,1.0,,,
KBTBD8,KBTBD8,Messenger RNA,0.0,0,1,0.0,0.4161952962191128,0.006578947368421,,,,
TMEM260,TMEM260,Messenger RNA,0.0,0,1,0.0,0.406041243101946,0.006578947368421,,,,
ASPHD2,ASPHD2,Messenger RNA,0.0,0,1,0.0,0.4003436426116838,0.006578947368421,,,,
KIAA1614,KIAA1614,Messenger RNA,0.0,2,0,,,,,,,
DLG5,DLG5,Messenger RNA,0.0,0,1,0.0,0.4279810194397673,0.006578947368421,,,,
IDH2,IDH2,Messenger RNA,0.0,0,1,0.0,0.3696945656485522,0.006578947368421,,,,
ZSCAN25,ZSCAN25,Messenger RNA,0.0,0,1,0.0,0.4226757369614512,0.006578947368421,,,,
SORT1,SORT1,Messenger RNA,0.0,0,1,0.0,0.2799078986885574,0.006578947368421,,,,
KCND3,KCND3,Messenger RNA,0.0,0,1,0.0005964390593712,0.4254412659768716,0.0197368421052631,0.6666666666666666,,,
ALCAM,ALCAM,Messenger RNA,0.0,0,1,0.0002112746906185,0.4157620817843866,0.0131578947368421,1.0,,,
ATM,ATM,Messenger RNA,0.0,0,1,0.0,0.4055700609225413,0.006578947368421,,,,
LRRC8E,LRRC8E,Messenger RNA,0.0,0,1,0.0,0.415083135391924,0.006578947368421,,,,
STK40,STK40,Messenger RNA,0.0,0,1,0.0002137735762838,0.2582194311045437,0.0131578947368421,1.0,,,
DENND4A,DENND4A,Messenger RNA,0.0,0,1,0.0,0.430021531836358,0.006578947368421,,,,
AMER1,AMER1,Messenger RNA,0.0,0,1,0.0,0.430021531836358,0.006578947368421,,,,
EIF5B,EIF5B,Messenger RNA,0.0,0,1,0.0007007477571678,0.3990864972880388,0.0131578947368421,0.0,,,
LRRC8B,LRRC8B,Messenger RNA,0.0,0,1,0.0,0.427850038255547,0.006578947368421,,,,
CHD3,CHD3,Messenger RNA,0.0,0,1,0.000160644520055,0.3935256861365235,0.0131578947368421,0.0,,,
ARHGAP6,ARHGAP6,Messenger RNA,0.0,0,1,0.0,0.2236263296808766,0.006578947368421,,,,
TRIM26,TRIM26,Messenger RNA,0.0,0,1,0.0,0.4279810194397673,0.006578947368421,,,,
SYT9,SYT9,Messenger RNA,0.0,0,1,0.0,0.2592249211941405,0.006578947368421,,,,
MPPED2,MPPED2,Messenger RNA,0.0,0,1,8.71622412976501e-05,0.4099105702976103,0.0131578947368421,1.0,,,
SMARCA5,SMARCA5,Messenger RNA,0.0,0,1,0.0,0.4003436426116838,0.006578947368421,,,,
DYNLT1,DYNLT1,Messenger RNA,0.0,0,1,0.0,0.3354931605471562,0.006578947368421,,,,
ACTB,ACTB,Messenger RNA,0.0,0,1,0.0,0.4003436426116838,0.006578947368421,,,,
UGCG,UGCG,Messenger RNA,0.0,0,1,0.0,0.4003436426116838,0.006578947368421,,,,
B4GALT1,B4GALT1,Messenger RNA,0.0,0,1,0.0,0.4080560420315236,0.006578947368421,,,,
LEF1,LEF1,Messenger RNA,0.0,0,1,0.0,0.3636836628511967,0.006578947368421,,,,
ARL5A,ARL5A,Messenger RNA,0.0,0,1,7.025074583163935e-05,0.4467881112176414,0.0197368421052631,1.0,,,
TNS3,TNS3,Messenger RNA,15.0,0,1,0.0,0.2213601456733433,0.006578947368421,,,,
ATXN7L1,ATXN7L1,Messenger RNA,0.0,0,1,0.0004751824371163,0.429097605893186,0.0131578947368421,1.0,,,
ZBTB12,ZBTB12,Messenger RNA,0.0,0,1,0.0,0.3631168831168831,0.006578947368421,,,,
TNFSF13B,TNFSF13B,Messenger RNA,0.0,0,1,0.0,0.2572927210821754,0.006578947368421,,,,
FLT1,FLT1,Messenger RNA,0.0,0,1,9.155278172333e-06,0.257529704338215,0.0197368421052631,1.0,,,
BMPR1A,BMPR1A,Messenger RNA,0.0,0,1,0.0009800712774425,0.4482924482924483,0.0263157894736842,0.8333333333333334,,,
MLLT11,MLLT11,Messenger RNA,0.0,0,1,0.0,0.3354931605471562,0.006578947368421,,,,
CAMKK1,CAMKK1,Messenger RNA,0.0,0,1,0.0,0.4279810194397673,0.006578947368421,,,,
RCN3,RCN3,Messenger RNA,0.0,0,1,0.0,0.205060506050605,0.006578947368421,,,,
USP12,USP12,Messenger RNA,0.0,0,1,0.0,0.427850038255547,0.006578947368421,,,,
DNAJB1,DNAJB1,Messenger RNA,0.0,0,1,0.0041971642048965,0.2596341350171789,0.0131578947368421,0.0,,,
ZMYM4,ZMYM4,Messenger RNA,0.0,0,1,0.000405589608108,0.4052173913043478,0.0197368421052631,0.0,,,
ARL8A,ARL8A,Messenger RNA,0.0,0,1,0.0,0.3631168831168831,0.006578947368421,,,,
BNIP2,BNIP2,Messenger RNA,0.0,0,1,0.0001651494792216,0.4191904047976012,0.0131578947368421,1.0,,,
KCTD20,KCTD20,Messenger RNA,0.0,0,1,0.0036575633819837,0.2582671346757805,0.0197368421052631,0.3333333333333333,,,
SERAC1,SERAC1,Messenger RNA,0.0,0,1,0.0,0.3682824025289778,0.006578947368421,,,,
PDE3B,PDE3B,Messenger RNA,0.0,0,1,0.0,0.2220457433290978,0.006578947368421,,,,
NUDT3,NUDT3,Messenger RNA,0.0,0,1,0.0006265803754701,0.4235080278703423,0.0131578947368421,1.0,,,
WNK2,WNK2,Messenger RNA,0.0,0,1,0.0,0.419630796938316,0.006578947368421,,,,
MAPK10,MAPK10,Messenger RNA,0.0,0,1,4.362015195669281e-06,0.2202615408854576,0.0131578947368421,1.0,,,
SNAP25,SNAP25,Messenger RNA,0.0,0,1,0.0002769144541758,0.432549504950495,0.0131578947368421,1.0,,,
ZBED4,ZBED4,Messenger RNA,0.0,0,1,0.0,0.3530748831923223,0.006578947368421,,,,
CDK14,CDK14,Messenger RNA,0.0,0,1,0.0010397916464615,0.4465027147876078,0.0131578947368421,1.0,,,
RICTOR,RICTOR,Messenger RNA,0.0,0,1,8.09168263251014e-05,0.4007453060054464,0.0131578947368421,0.0,,,
GNA13,GNA13,Messenger RNA,0.0,0,1,0.0,0.4262844945875895,0.006578947368421,,,,
PANX1,PANX1,Messenger RNA,0.0,0,1,0.0,0.3989156798402054,0.006578947368421,,,,
KMT5C,KMT5C,Messenger RNA,0.0,0,1,0.0,0.419630796938316,0.006578947368421,,,,
SYT6,SYT6,Messenger RNA,0.0,0,1,0.0,0.3856551724137931,0.006578947368421,,,,
MAPKBP1,MAPKBP1,Messenger RNA,0.0,0,1,0.0004652895148563,0.4449395289624443,0.0131578947368421,1.0,,,
KYAT3,KYAT3,Messenger RNA,0.0,0,1,0.0,0.4279810194397673,0.006578947368421,,,,
GIPC1,GIPC1,Messenger RNA,0.0,0,1,0.0014010073584616,0.3697923555085306,0.0131578947368421,0.0,,,
TMEM161B,TMEM161B,Messenger RNA,0.0,0,1,0.0,0.430021531836358,0.006578947368421,,,,
ATXN1,ATXN1,Messenger RNA,0.0,0,1,0.0019008776574218,0.463604709003482,0.0328947368421052,1.0,,,
TRPM6,TRPM6,Messenger RNA,0.0,0,1,0.0002145381057066,0.4285714285714285,0.0131578947368421,1.0,,,
SPTY2D1,SPTY2D1,Messenger RNA,0.0,0,1,0.0004478703863471,0.4363295880149813,0.0197368421052631,1.0,,,
TNFAIP1,TNFAIP1,Messenger RNA,0.0,0,1,2.231246209077866e-05,0.4412182420703803,0.0131578947368421,1.0,,,
VANGL1,VANGL1,Messenger RNA,0.0,0,1,0.0001597547497103,0.4186882300089847,0.0197368421052631,1.0,,,
RBBP4,RBBP4,Messenger RNA,0.0,0,1,0.0,0.3783491204330176,0.006578947368421,,,,
LAMB3,LAMB3,Messenger RNA,0.0,0,1,0.0,0.419630796938316,0.006578947368421,,,,
PRKRIP1,PRKRIP1,Messenger RNA,0.0,0,1,0.0,0.419630796938316,0.006578947368421,,,,
BCLAF3,BCLAF3,Messenger RNA,0.0,0,1,0.0007131733550598,0.436738519212746,0.0197368421052631,1.0,,,
ZC3H6,ZC3H6,Messenger RNA,0.0,0,1,0.0,0.3860278889962723,0.006578947368421,,,,
ABCB9,ABCB9,Messenger RNA,0.0,0,1,0.0004718456240952,0.424408014571949,0.0131578947368421,1.0,,,
USP6,USP6,Messenger RNA,0.0,0,1,0.0,0.3470274295643539,0.006578947368421,,,,
DNM2,DNM2,Messenger RNA,0.0,0,1,0.0,0.435785536159601,0.006578947368421,,,,
CTBP2,CTBP2,Messenger RNA,0.0,0,1,0.0,0.3416839789808139,0.006578947368421,,,,
TRPM3,TRPM3,Messenger RNA,0.0,0,1,0.0004793230060459,0.4681064791562029,0.0197368421052631,1.0,,,
HNRNPA2B1,HNRNPA2B1,Messenger RNA,0.0,0,1,0.0031428316183587,0.4357176250584385,0.0197368421052631,0.3333333333333333,,,
ATP10B,ATP10B,Messenger RNA,0.0,0,1,0.0024319158216405,0.4509677419354839,0.0263157894736842,0.5,,,
CEP97,CEP97,Messenger RNA,0.0,0,1,0.0,0.418187256954831,0.006578947368421,,,,
TBC1D2,TBC1D2,Messenger RNA,0.0,0,1,0.0,0.435785536159601,0.006578947368421,,,,
KLF10,KLF10,Messenger RNA,0.0,0,1,0.0028000620934271,0.3532086912582112,0.0131578947368421,0.0,,,
PRMT2,PRMT2,Messenger RNA,0.0,0,1,0.0,0.3783491204330176,0.006578947368421,,,,
CACNB3,CACNB3,Messenger RNA,0.0,0,1,0.0,0.4055700609225413,0.006578947368421,,,,
CBX6,CBX6,Messenger RNA,0.0,0,1,0.0001429497259134,0.3796334012219959,0.0131578947368421,0.0,,,
TBX15,TBX15,Messenger RNA,0.0,0,1,0.0,0.2195179398602496,0.006578947368421,,,,
THAP11,THAP11,Messenger RNA,0.0,0,1,0.0,0.2837426425816927,0.006578947368421,,,,
RSPO4,RSPO4,Messenger RNA,0.0,0,1,0.0,0.3664002096710785,0.006578947368421,,,,
ZBTB33,ZBTB33,Messenger RNA,0.0,0,1,0.0,0.4262844945875895,0.006578947368421,,,,
EIF4E2,EIF4E2,Messenger RNA,0.0,0,1,0.0,0.3354931605471562,0.006578947368421,,,,
VDAC1,VDAC1,Messenger RNA,0.0,0,1,0.0,0.3207157604955264,0.006578947368421,,,,
HMBOX1,HMBOX1,Messenger RNA,0.0,0,1,0.0004847144585981,0.469994957135653,0.0197368421052631,1.0,,,
PIK3CB,PIK3CB,Messenger RNA,0.0,0,1,0.0,0.3783491204330176,0.006578947368421,,,,
CANT1,CANT1,Messenger RNA,0.0,0,1,0.0,0.3554990464081373,0.006578947368421,,,,
BRWD3,BRWD3,Messenger RNA,0.0,0,1,0.0,0.4055700609225413,0.006578947368421,,,,
HIC2,HIC2,Messenger RNA,0.0,0,1,0.0006303808711386,0.4414272181875592,0.0197368421052631,0.3333333333333333,,,
PTGER3,PTGER3,Messenger RNA,0.0,0,1,0.0,0.2568200606227611,0.006578947368421,,,,
C1orf226,C1orf226,Messenger RNA,0.0,0,1,0.0,0.4279810194397673,0.006578947368421,,,,
XK,XK,Messenger RNA,0.0,0,1,0.0,0.3664002096710785,0.006578947368421,,,,
APPL1,APPL1,Messenger RNA,0.0,0,1,0.0004746313053169,0.4345663661796705,0.0197368421052631,1.0,,,
MED22,MED22,Messenger RNA,0.0,0,1,0.0,0.419630796938316,0.006578947368421,,,,
TOX3,TOX3,Messenger RNA,0.0,0,1,0.0,0.415083135391924,0.006578947368421,,,,
RAB4A,RAB4A,Messenger RNA,0.0,0,1,0.000587424431776,0.4061002178649237,0.0131578947368421,0.0,,,
OLR1,OLR1,Messenger RNA,0.0,0,1,0.0,0.427850038255547,0.006578947368421,,,,
BLMH,BLMH,Messenger RNA,0.0,0,1,0.0,0.3354931605471562,0.006578947368421,,,,
HIF1AN,HIF1AN,Messenger RNA,0.0,0,1,0.0,0.3988018827556696,0.006578947368421,,,,
CACFD1,CACFD1,Messenger RNA,0.0,0,1,0.0,0.3696945656485522,0.006578947368421,,,,
POLR2F,POLR2F,Messenger RNA,0.0,0,1,0.0,0.3631168831168831,0.006578947368421,,,,
CYP19A1,CYP19A1,Messenger RNA,0.0,0,1,3.1594703872944763e-06,0.2586733277824035,0.0131578947368421,1.0,,,
DBT,DBT,Messenger RNA,0.0,0,1,0.0,0.3525406632202749,0.006578947368421,,,,
STXBP6,STXBP6,Messenger RNA,14.0,0,1,0.0,0.2566786009363812,0.006578947368421,,,,
RNF152,RNF152,Messenger RNA,0.0,0,1,0.0001277353291272,0.446716727911807,0.0131578947368421,1.0,,,
CAPN15,CAPN15,Messenger RNA,0.0,0,1,0.0,0.435785536159601,0.006578947368421,,,,
SCN5A,SCN5A,Messenger RNA,0.0,0,1,3.958871587481144e-06,0.4144678327898013,0.0131578947368421,1.0,,,
TRPM7,TRPM7,Messenger RNA,0.0,0,1,0.0,0.4137931034482758,0.006578947368421,,,,
TMEM135,TMEM135,Messenger RNA,0.0,0,1,0.0001379101003449,0.2598996095928611,0.0197368421052631,1.0,,,
MSI1,MSI1,Messenger RNA,0.0,0,1,0.0,0.415083135391924,0.006578947368421,,,,
HECW2,HECW2,Messenger RNA,0.0,0,1,0.0,0.2568200606227611,0.006578947368421,,,,
NAA50,NAA50,Messenger RNA,0.0,0,1,0.0015821941245257,0.4238932686476652,0.0197368421052631,0.6666666666666666,,,
ADRB2,ADRB2,Messenger RNA,0.0,0,1,0.0,0.2219752302318196,0.006578947368421,,,,
NREP,NREP,Messenger RNA,0.0,0,1,0.0009728717463365,0.4286371301548367,0.0131578947368421,1.0,,,
AGFG2,AGFG2,Messenger RNA,0.0,0,1,0.0007255030072126,0.4539698002922552,0.0197368421052631,1.0,,,
ARIH2,ARIH2,Messenger RNA,0.0,0,1,0.0,0.4279810194397673,0.006578947368421,,,,
ESRRA,ESRRA,Messenger RNA,0.0,0,1,0.0017880353219477,0.4373533552322853,0.0197368421052631,0.3333333333333333,,,
PAX5,PAX5,Messenger RNA,0.0,0,1,0.0,0.3525406632202749,0.006578947368421,,,,
H1-0,H1-0,Messenger RNA,0.0,0,1,0.0001028912107519,0.3877947295423024,0.0131578947368421,1.0,,,
SYT1,SYT1,Messenger RNA,0.0,0,1,0.0035616714898217,0.4503140602351425,0.0131578947368421,1.0,,,
MINAR1,MINAR1,Messenger RNA,0.0,0,1,0.0,0.415083135391924,0.006578947368421,,,,
AP1S1,AP1S1,Messenger RNA,0.0,0,1,3.8806415776492026e-05,0.3619417475728155,0.0131578947368421,0.0,,,
GPAT4,GPAT4,Messenger RNA,0.0,0,1,0.0,0.415083135391924,0.006578947368421,,,,
FXR1,FXR1,Messenger RNA,0.0,0,1,0.0005386918275125,0.4178123132098028,0.0131578947368421,1.0,,,
UXS1,UXS1,Messenger RNA,0.0,0,1,0.0,0.3944695259593679,0.006578947368421,,,,
PLXNB1,PLXNB1,Messenger RNA,0.0,0,1,0.0003057481408988,0.4336228287841191,0.0131578947368421,1.0,,,
ACP3,ACP3,Messenger RNA,0.0,0,1,0.0005553872768096,0.43558186633432,0.0131578947368421,1.0,,,
FBXW4,FBXW4,Messenger RNA,0.0,0,1,0.0,0.419630796938316,0.006578947368421,,,,
RTKN,RTKN,Messenger RNA,0.0,0,1,0.0,0.4003436426116838,0.006578947368421,,,,
FRMD4A,FRMD4A,Messenger RNA,0.0,0,1,0.0,0.2568200606227611,0.006578947368421,,,,
ZC3H12B,ZC3H12B,Messenger RNA,0.0,0,1,0.0,0.4279810194397673,0.006578947368421,,,,
DNAL1,DNAL1,Messenger RNA,0.0,0,1,0.0038355834448556,0.4854166666666666,0.0263157894736842,1.0,,,
KHNYN,KHNYN,Messenger RNA,0.0,0,1,0.0003324704088852,0.4293611793611793,0.0131578947368421,1.0,,,
KCNC3,KCNC3,Messenger RNA,0.0,0,1,0.0004238873663927,0.4344988344988345,0.0131578947368421,1.0,,,
LAMP1,LAMP1,Messenger RNA,0.0,0,1,0.0,0.3990295418866847,0.006578947368421,,,,
OSBP,OSBP,Messenger RNA,0.0,0,1,0.0,0.419630796938316,0.006578947368421,,,,
CHTOP,CHTOP,Messenger RNA,0.0,0,1,0.0,0.3416839789808139,0.006578947368421,,,,
TMEM154,TMEM154,Messenger RNA,0.0,0,1,0.0001003415371333,0.4348367029548989,0.0131578947368421,1.0,,,
RAB35,RAB35,Messenger RNA,0.0,0,1,0.0,0.4080560420315236,0.006578947368421,,,,
GABARAPL1,GABARAPL1,Messenger RNA,0.0,0,1,0.0,0.2572927210821754,0.006578947368421,,,,
FERMT1,FERMT1,Messenger RNA,0.0,0,1,0.0,0.419630796938316,0.006578947368421,,,,
CLEC16A,CLEC16A,Messenger RNA,0.0,0,1,0.0,0.4003436426116838,0.006578947368421,,,,
ITPRID2,ITPRID2,Messenger RNA,0.0,0,1,0.0,0.4082347787998248,0.006578947368421,,,,
CERT1,CERT1,Messenger RNA,0.0,0,1,5.35165410150063e-05,0.258912862302065,0.0131578947368421,1.0,,,
BCAS3,BCAS3,Messenger RNA,0.0,0,1,0.0,0.3631168831168831,0.006578947368421,,,,
FBXO11,FBXO11,Messenger RNA,0.0,0,1,0.0,0.4010902309568211,0.006578947368421,,,,
PHKG2,PHKG2,Messenger RNA,0.0,0,1,4.489057203105293e-05,0.4434575733544805,0.0131578947368421,1.0,,,
MYNN,MYNN,Messenger RNA,0.0,0,1,0.0033480411154311,0.455820019563091,0.0328947368421052,0.7,,,
CBX3,CBX3,Messenger RNA,0.0,0,1,0.0,0.4101510928560951,0.006578947368421,,,,
RTKN2,RTKN2,Messenger RNA,0.0,0,1,0.0,0.3354931605471562,0.006578947368421,,,,
ATMIN,ATMIN,Messenger RNA,0.0,0,1,0.0,0.3682824025289778,0.006578947368421,,,,
KIAA1755,KIAA1755,Messenger RNA,0.0,0,1,0.0,0.3860278889962723,0.006578947368421,,,,
BCAM,BCAM,Messenger RNA,0.0,0,1,0.0,0.2659058487874465,0.006578947368421,,,,
APBA1,APBA1,Messenger RNA,0.0,0,1,0.000519688503901,0.4217194570135746,0.0131578947368421,1.0,,,
KDM5A,KDM5A,Messenger RNA,0.0,0,1,0.0,0.3636836628511967,0.006578947368421,,,,
PGK1,PGK1,Messenger RNA,0.0,0,1,0.0,0.3534319302237391,0.006578947368421,,,,
MATR3,MATR3,Messenger RNA,0.0,0,1,0.0,0.4010902309568211,0.006578947368421,,,,
JAM2,JAM2,Messenger RNA,0.0,0,1,0.0,0.328169014084507,0.006578947368421,,,,
RBM3,RBM3,Messenger RNA,0.0,0,1,0.0001828042246991,0.4084136722173532,0.0131578947368421,1.0,,,
TNFAIP8,TNFAIP8,Messenger RNA,15.0,0,1,8.812862549509034e-05,0.2246324415521812,0.0197368421052631,0.6666666666666666,,,
ASXL2,ASXL2,Messenger RNA,0.0,0,1,0.001789355986757,0.4475748359212422,0.0328947368421052,0.7,,,
TRIM2,TRIM2,Messenger RNA,0.0,0,1,0.0001223968899005,0.4123893805309734,0.0131578947368421,1.0,,,
ZDHHC14,ZDHHC14,Messenger RNA,0.0,0,1,0.0009453134546443,0.4536015574302401,0.0197368421052631,1.0,,,
XRN1,XRN1,Messenger RNA,0.0,0,1,0.0008112923559248,0.4462889066241021,0.0197368421052631,1.0,,,
MOCS2,MOCS2,Messenger RNA,0.0,0,1,0.0,0.406041243101946,0.006578947368421,,,,
AVL9,AVL9,Messenger RNA,0.0,0,1,0.0004652895148563,0.4449395289624443,0.0131578947368421,1.0,,,
CDKL1,CDKL1,Messenger RNA,0.0,0,1,0.0,0.3783491204330176,0.006578947368421,,,,
WDFY2,WDFY2,Messenger RNA,0.0,0,1,0.0001786201676358,0.4495899662325132,0.0131578947368421,1.0,,,
SLC28A3,SLC28A3,Messenger RNA,0.0,0,1,0.0,0.3236485704363931,0.006578947368421,,,,
BICRA,BICRA,Messenger RNA,0.0,0,1,0.0,0.3783491204330176,0.006578947368421,,,,
KCTD1,KCTD1,Messenger RNA,0.0,0,1,0.0,0.4080560420315236,0.006578947368421,,,,
HOXA1,HOXA1,Messenger RNA,0.0,0,1,0.0,0.3664002096710785,0.006578947368421,,,,
LMNB1,LMNB1,Messenger RNA,0.0,0,1,0.0,0.369157644573541,0.006578947368421,,,,
AAMP,AAMP,Messenger RNA,0.0,0,1,0.0,0.3631168831168831,0.006578947368421,,,,
SLC10A7,SLC10A7,Messenger RNA,0.0,0,1,4.489057203105293e-05,0.4434575733544805,0.0131578947368421,1.0,,,
CNTFR,CNTFR,Messenger RNA,0.0,0,1,0.0,0.2225051726882062,0.006578947368421,,,,
CHUK,CHUK,Messenger RNA,0.0,0,1,0.0,0.427850038255547,0.006578947368421,,,,
DCTN5,DCTN5,Messenger RNA,0.0,0,1,0.0,0.4262844945875895,0.006578947368421,,,,
RILPL1,RILPL1,Messenger RNA,0.0,0,1,0.0,0.3856551724137931,0.006578947368421,,,,
SCD5,SCD5,Messenger RNA,0.0,0,1,0.0,0.435785536159601,0.006578947368421,,,,
SGIP1,SGIP1,Messenger RNA,0.0,0,1,0.0,0.353030303030303,0.006578947368421,,,,
HSPA8,HSPA8,Messenger RNA,0.0,0,1,0.0,0.3990295418866847,0.006578947368421,,,,
PODXL,PODXL,Messenger RNA,0.0,0,1,0.0003524231673861,0.4052761269749239,0.0131578947368421,1.0,,,
PDE4D,PDE4D,Messenger RNA,0.0,0,1,0.0,0.2520735665344392,0.006578947368421,,,,
LUZP1,LUZP1,Messenger RNA,0.0,0,1,0.0002590251352529,0.4626075446724024,0.0131578947368421,1.0,,,
MBTPS1,MBTPS1,Messenger RNA,0.0,0,1,0.0,0.4226757369614512,0.006578947368421,,,,
TSPYL1,TSPYL1,Messenger RNA,0.0,0,1,0.0,0.3856551724137931,0.006578947368421,,,,
SEMA6D,SEMA6D,Messenger RNA,0.0,0,1,0.0015323121715033,0.4508950169327528,0.0263157894736842,1.0,,,
FAM124A,FAM124A,Messenger RNA,0.0,0,1,0.0,0.328169014084507,0.006578947368421,,,,
GRM4,GRM4,Messenger RNA,0.0,0,1,0.0,0.3798913043478261,0.006578947368421,,,,
MPLKIP,MPLKIP,Messenger RNA,0.0,0,1,0.0003761230783491,0.4103316700909891,0.0131578947368421,1.0,,,
MTUS2,MTUS2,Messenger RNA,0.0,0,1,0.0,0.3664002096710785,0.006578947368421,,,,
MAPK14,MAPK14,Messenger RNA,0.0,0,1,0.0,0.415083135391924,0.006578947368421,,,,
BACE1,BACE1,Messenger RNA,0.0,0,1,0.0,0.3783491204330176,0.006578947368421,,,,
MED17,MED17,Messenger RNA,0.0,0,1,0.0,0.4226757369614512,0.006578947368421,,,,
PRLR,PRLR,Messenger RNA,0.0,0,1,0.0003847826427483,0.4320815948076031,0.0131578947368421,1.0,,,
SIAH3,SIAH3,Messenger RNA,0.0,0,1,0.0,0.419630796938316,0.006578947368421,,,,
SRPRA,SRPRA,Messenger RNA,0.0,0,1,0.0002828252500134,0.4413575374901342,0.0131578947368421,1.0,,,
LPP,LPP,Messenger RNA,0.0,0,1,0.0017529583923453,0.4455066921606118,0.0263157894736842,0.6666666666666666,,,
PSMD11,PSMD11,Messenger RNA,0.0,0,1,0.0,0.415083135391924,0.006578947368421,,,,
ZBTB8B,ZBTB8B,Messenger RNA,0.0,0,1,0.0003602841769902,0.3981204613413071,0.0197368421052631,0.0,,,
NUDCD2,NUDCD2,Messenger RNA,0.0,0,1,0.0,0.3158965088690543,0.006578947368421,,,,
PID1,PID1,Messenger RNA,0.0,0,1,0.0,0.2219752302318196,0.006578947368421,,,,
BMPR2,BMPR2,Messenger RNA,0.0,0,1,0.0,0.3783491204330176,0.006578947368421,,,,
GRHL1,GRHL1,Messenger RNA,0.0,0,1,0.0,0.4082347787998248,0.006578947368421,,,,
NFIC,NFIC,Messenger RNA,0.0,0,1,0.0,0.3858680651393872,0.006578947368421,,,,
ZNF572,ZNF572,Messenger RNA,0.0,0,1,0.0,0.419630796938316,0.006578947368421,,,,
CSRNP2,CSRNP2,Messenger RNA,0.0,0,1,0.0,0.4161952962191128,0.006578947368421,,,,
CLK3,CLK3,Messenger RNA,0.0,0,1,0.0,0.3664002096710785,0.006578947368421,,,,
AMOTL1,AMOTL1,Messenger RNA,0.0,0,1,0.0,0.3609604957397366,0.006578947368421,,,,
KLF7,KLF7,Messenger RNA,0.0,0,1,0.0,0.415083135391924,0.006578947368421,,,,
CPD,CPD,Messenger RNA,0.0,0,1,0.0013742599432505,0.4629139072847682,0.0131578947368421,1.0,,,
RNF217,RNF217,Messenger RNA,0.0,0,1,0.0,0.418187256954831,0.006578947368421,,,,
ENTPD1,ENTPD1,Messenger RNA,0.0,0,1,0.0005842485623989,0.4063362883301846,0.0131578947368421,1.0,,,
LEPROTL1,LEPROTL1,Messenger RNA,0.0,0,1,0.0,0.427850038255547,0.006578947368421,,,,
CASP3,CASP3,Messenger RNA,0.0,0,1,0.0,0.427850038255547,0.006578947368421,,,,
DCAF5,DCAF5,Messenger RNA,0.0,0,1,4.489057203105293e-05,0.4434575733544805,0.0131578947368421,1.0,,,
RELA,RELA,Messenger RNA,0.0,0,1,0.0,0.3631168831168831,0.006578947368421,,,,
SLC39A11,SLC39A11,Messenger RNA,0.0,0,1,0.0,0.3282460671519135,0.006578947368421,,,,
KIAA1958,KIAA1958,Messenger RNA,0.0,0,1,0.0,0.4279810194397673,0.006578947368421,,,,
ACAA2,ACAA2,Messenger RNA,0.0,0,1,0.0,0.2195524146054181,0.006578947368421,,,,
CCDC134,CCDC134,Messenger RNA,0.0,0,1,0.0,0.419630796938316,0.006578947368421,,,,
PYGO1,PYGO1,Messenger RNA,0.0,0,1,0.0,0.3629283489096573,0.006578947368421,,,,
PARP6,PARP6,Messenger RNA,0.0,0,1,0.0,0.418187256954831,0.006578947368421,,,,
ZNF711,ZNF711,Messenger RNA,0.0,0,1,0.0,0.4279810194397673,0.006578947368421,,,,
NIBAN1,NIBAN1,Messenger RNA,0.0,0,1,0.0,0.435785536159601,0.006578947368421,,,,
PNN,PNN,Messenger RNA,0.0,0,1,0.0,0.4279810194397673,0.006578947368421,,,,
BEGAIN,BEGAIN,Messenger RNA,0.0,0,1,0.0,0.3696945656485522,0.006578947368421,,,,
ONECUT2,ONECUT2,Messenger RNA,0.0,0,1,0.0005225980450176,0.4360573923892701,0.0131578947368421,1.0,,,
BCAT2,BCAT2,Messenger RNA,0.0,0,1,0.0,0.4279810194397673,0.006578947368421,,,,
CHPT1,CHPT1,Messenger RNA,0.0,0,1,0.0,0.430021531836358,0.006578947368421,,,,
L3MBTL3,L3MBTL3,Messenger RNA,0.0,0,1,0.0,0.435785536159601,0.006578947368421,,,,
GLS2,GLS2,Messenger RNA,0.0,0,1,0.0,0.4262844945875895,0.006578947368421,,,,
RRAGA,RRAGA,Messenger RNA,0.0,0,1,0.0001358687611454,0.4413575374901342,0.0131578947368421,1.0,,,
ZNF706,ZNF706,Messenger RNA,0.0,0,1,0.0,0.4137931034482758,0.006578947368421,,,,
AGAP1,AGAP1,Messenger RNA,0.0,0,1,0.0009824650621352,0.4374217772215269,0.0197368421052631,1.0,,,
MCAT,MCAT,Messenger RNA,0.0,0,1,0.0,0.3858680651393872,0.006578947368421,,,,
KCNK12,KCNK12,Messenger RNA,0.0,0,1,0.0,0.4137931034482758,0.006578947368421,,,,
HSPA4L,HSPA4L,Messenger RNA,0.0,0,1,0.0008206454645441,0.4281120808451998,0.0263157894736842,0.3333333333333333,,,
ANKRD33B,ANKRD33B,Messenger RNA,0.0,0,1,0.0,0.2584820190440972,0.006578947368421,,,,
OSER1,OSER1,Messenger RNA,0.0,0,1,0.0,0.4082347787998248,0.006578947368421,,,,
PLEKHA8,PLEKHA8,Messenger RNA,0.0,0,1,4.587938452611409e-05,0.4379013312451057,0.0131578947368421,1.0,,,
VSNL1,VSNL1,Messenger RNA,0.0,0,1,0.0,0.4279810194397673,0.006578947368421,,,,
JAKMIP3,JAKMIP3,Messenger RNA,0.0,0,1,0.0,0.4055700609225413,0.006578947368421,,,,
MAT2A,MAT2A,Messenger RNA,0.0,0,1,0.0021390492117249,0.4395535293192894,0.0197368421052631,0.3333333333333333,,,
RAB9B,RAB9B,Messenger RNA,0.0,0,1,0.0,0.430021531836358,0.006578947368421,,,,
MAPRE1,MAPRE1,Messenger RNA,0.0,0,1,0.0,0.3354931605471562,0.006578947368421,,,,
SNX27,SNX27,Messenger RNA,0.0,0,1,0.0003324704088852,0.4293611793611793,0.0131578947368421,1.0,,,
FPGT-TNNI3K,FPGT-TNNI3K,Messenger RNA,0.0,0,1,0.0,0.3860278889962723,0.006578947368421,,,,
USP9X,USP9X,Messenger RNA,0.0,0,1,0.0,0.3783491204330176,0.006578947368421,,,,
PCDHA9,PCDHA9,Messenger RNA,10.0,0,1,2.231246209077866e-05,0.4412182420703803,0.0131578947368421,1.0,,,
KLHL15,KLHL15,Messenger RNA,0.0,0,1,8.361248293380326e-05,0.4240218380345769,0.0131578947368421,1.0,,,
MYO6,MYO6,Messenger RNA,0.0,0,1,0.0,0.4003436426116838,0.006578947368421,,,,
RBM38,RBM38,Messenger RNA,0.0,0,1,0.0003698506314594,0.373597006948156,0.0131578947368421,0.0,,,
PRPF38B,PRPF38B,Messenger RNA,0.0,0,1,0.0,0.4279810194397673,0.006578947368421,,,,
KMT5B,KMT5B,Messenger RNA,0.0,0,1,5.053878717522044e-05,0.4017818652105187,0.0131578947368421,1.0,,,
UBTD2,UBTD2,Messenger RNA,0.0,0,1,0.0002390143788205,0.4169400536832687,0.0131578947368421,1.0,,,
ACBD3,ACBD3,Messenger RNA,0.0,0,1,0.0,0.3944695259593679,0.006578947368421,,,,
LRCH1,LRCH1,Messenger RNA,0.0,0,1,0.0014777514941212,0.4577603143418468,0.0263157894736842,1.0,,,
CPEB4,CPEB4,Messenger RNA,0.0,0,1,0.0,0.427850038255547,0.006578947368421,,,,
SMOC2,SMOC2,Messenger RNA,0.0,4,0,,,,,,,
UBP1,UBP1,Messenger RNA,0.0,0,1,0.0,0.4055700609225413,0.006578947368421,,,,
GTPBP8,GTPBP8,Messenger RNA,0.0,0,1,0.0,0.3860278889962723,0.006578947368421,,,,
VXN,VXN,Messenger RNA,0.0,0,1,0.0,0.419630796938316,0.006578947368421,,,,
C5orf24,C5orf24,Messenger RNA,0.0,0,1,0.0001404730791525,0.418187256954831,0.0131578947368421,1.0,,,
PDZD4,PDZD4,Messenger RNA,0.0,0,1,0.0,0.4137931034482758,0.006578947368421,,,,
FHDC1,FHDC1,Messenger RNA,0.0,0,1,0.0,0.4080560420315236,0.006578947368421,,,,
CNTNAP1,CNTNAP1,Messenger RNA,0.0,0,1,0.0,0.2572927210821754,0.006578947368421,,,,
CENPO,CENPO,Messenger RNA,0.0,0,1,0.0,0.3944695259593679,0.006578947368421,,,,
NPFFR1,NPFFR1,Messenger RNA,0.0,0,1,0.0,0.3636836628511967,0.006578947368421,,,,
UBL3,UBL3,Messenger RNA,0.0,0,1,0.0,0.430021531836358,0.006578947368421,,,,
SMARCE1,SMARCE1,Messenger RNA,0.0,5,0,,,,,,,
BET1L,BET1L,Messenger RNA,0.0,0,1,0.0,0.419630796938316,0.006578947368421,,,,
PIP4P1,PIP4P1,Messenger RNA,0.0,0,1,0.0008092431207193,0.4365339578454332,0.0197368421052631,0.6666666666666666,,,
DENND6A,DENND6A,Messenger RNA,0.0,0,1,0.0002962130677192,0.433085501858736,0.0131578947368421,1.0,,,
MRPS25,MRPS25,Messenger RNA,0.0,0,1,0.0,0.3988018827556696,0.006578947368421,,,,
GALNTL6,GALNTL6,Messenger RNA,0.0,0,1,0.0,0.4279810194397673,0.006578947368421,,,,
SEL1L3,SEL1L3,Messenger RNA,0.0,0,1,0.0,0.4262844945875895,0.006578947368421,,,,
LRPAP1,LRPAP1,Messenger RNA,0.0,0,1,0.0,0.3354931605471562,0.006578947368421,,,,
SOX17,SOX17,Messenger RNA,0.0,0,1,2.684934628791172e-06,0.257767124550567,0.0131578947368421,1.0,,,
UCHL5,UCHL5,Messenger RNA,0.0,0,1,0.0,0.3609604957397366,0.006578947368421,,,,
CNN2,CNN2,Messenger RNA,0.0,0,1,0.0,0.3513445589344056,0.006578947368421,,,,
BTRC,BTRC,Messenger RNA,0.0,0,1,0.0,0.4279810194397673,0.006578947368421,,,,
LMO4,LMO4,Messenger RNA,0.0,0,1,0.0,0.4161952962191128,0.006578947368421,,,,
FBXL20,FBXL20,Messenger RNA,0.0,0,1,0.0,0.4262844945875895,0.006578947368421,,,,
BDNF,BDNF,Messenger RNA,0.0,0,1,0.0001309960592142,0.4447979637289214,0.0131578947368421,1.0,,,
TIMELESS,TIMELESS,Messenger RNA,0.0,0,1,0.0,0.4080560420315236,0.006578947368421,,,,
MYB,MYB,Messenger RNA,0.0,0,1,0.0,0.4262844945875895,0.006578947368421,,,,
UBQLNL,UBQLNL,Messenger RNA,0.0,0,1,0.0,0.4080560420315236,0.006578947368421,,,,
NASP,NASP,Messenger RNA,0.0,0,1,0.0,0.3354931605471562,0.006578947368421,,,,
TAL1,TAL1,Messenger RNA,0.0,0,1,0.0,0.201746157731438,0.006578947368421,,,,
PAN3,PAN3,Messenger RNA,0.0,0,1,0.0,0.3944695259593679,0.006578947368421,,,,
MKLN1,MKLN1,Messenger RNA,0.0,0,1,8.650361055146606e-05,0.4426852438252058,0.0197368421052631,1.0,,,
HERPUD2,HERPUD2,Messenger RNA,0.0,0,1,0.0,0.3783491204330176,0.006578947368421,,,,
ATP2A2,ATP2A2,Messenger RNA,0.0,0,1,0.0003847826427483,0.4320815948076031,0.0131578947368421,1.0,,,
LRIG1,LRIG1,Messenger RNA,0.0,0,1,0.0,0.430021531836358,0.006578947368421,,,,
FGF1,FGF1,Messenger RNA,0.0,0,1,0.0,0.4055700609225413,0.006578947368421,,,,
UBXN10,UBXN10,Messenger RNA,0.0,0,1,0.0,0.4262844945875895,0.006578947368421,,,,
ZYX,ZYX,Messenger RNA,0.0,0,1,0.0,0.4080560420315236,0.006578947368421,,,,
SUMO2,SUMO2,Messenger RNA,0.0,0,1,0.0,0.3856551724137931,0.006578947368421,,,,
PCDH11X,PCDH11X,Messenger RNA,0.0,0,1,0.0,0.4082347787998248,0.006578947368421,,,,
IPO7,IPO7,Messenger RNA,0.0,0,1,0.0001935472124398,0.4492287917737789,0.0131578947368421,1.0,,,
CDH3,CDH3,Messenger RNA,0.0,0,1,0.0,0.3631168831168831,0.006578947368421,,,,
RASAL2,RASAL2,Messenger RNA,0.0,0,1,0.0001088848695957,0.412267767620171,0.0131578947368421,1.0,,,
KRT80,KRT80,Messenger RNA,0.0,0,1,0.0,0.3631168831168831,0.006578947368421,,,,
TMEM183A,TMEM183A,Messenger RNA,0.0,0,1,3.815267704563697e-05,0.3604486270465386,0.0131578947368421,0.0,,,
KCNJ11,KCNJ11,Messenger RNA,0.0,0,1,0.0005553872768096,0.43558186633432,0.0131578947368421,1.0,,,
G6PC3,G6PC3,Messenger RNA,0.0,0,1,0.0,0.3664002096710785,0.006578947368421,,,,
STX2,STX2,Messenger RNA,0.0,0,1,0.0,0.2546216191603679,0.006578947368421,,,,
ELP1,ELP1,Messenger RNA,0.0,0,1,0.0,0.4279810194397673,0.006578947368421,,,,
SENP7,SENP7,Messenger RNA,0.0,0,1,0.0,0.3629283489096573,0.006578947368421,,,,
RAPGEF5,RAPGEF5,Messenger RNA,0.0,0,1,1.8311763934573415e-05,0.4207674943566591,0.0131578947368421,1.0,,,
SPARC,SPARC,Messenger RNA,0.0,1,0,,,,,,,
TOR1AIP2,TOR1AIP2,Messenger RNA,0.0,0,1,0.0,0.427850038255547,0.006578947368421,,,,
PCDHA10,PCDHA10,Messenger RNA,0.0,0,1,0.0,0.415083135391924,0.006578947368421,,,,
PURA,PURA,Messenger RNA,0.0,0,1,6.836845444358624e-06,0.3935256861365235,0.0131578947368421,1.0,,,
PARP8,PARP8,Messenger RNA,0.0,0,1,0.0,0.427850038255547,0.006578947368421,,,,
SLC1A4,SLC1A4,Messenger RNA,0.0,0,1,0.0003847826427483,0.4320815948076031,0.0131578947368421,1.0,,,
PXMP4,PXMP4,Messenger RNA,0.0,0,1,0.0004433728475373,0.3976109215017064,0.0197368421052631,0.0,,,
CAPZB,CAPZB,Messenger RNA,0.0,0,1,0.0,0.2959669736424262,0.006578947368421,,,,
CDK19,CDK19,Messenger RNA,0.0,0,1,0.0,0.4055700609225413,0.006578947368421,,,,
DNAJC10,DNAJC10,Messenger RNA,0.0,0,1,0.0,0.427850038255547,0.006578947368421,,,,
VPS4B,VPS4B,Messenger RNA,0.0,0,1,0.0,0.4082347787998248,0.006578947368421,,,,
RNF114,RNF114,Messenger RNA,0.0,0,1,0.0,0.3416839789808139,0.006578947368421,,,,
IL23R,IL23R,Messenger RNA,0.0,0,1,0.0,0.3901758303097962,0.006578947368421,,,,
RRAGC,RRAGC,Messenger RNA,0.0,0,1,0.0,0.2228954081632653,0.006578947368421,,,,
SALL4,SALL4,Messenger RNA,0.0,0,1,0.0,0.4262844945875895,0.006578947368421,,,,
ACVR1B,ACVR1B,Messenger RNA,0.0,0,1,0.0005888155501371,0.4203247143716175,0.0131578947368421,1.0,,,
KATNAL1,KATNAL1,Messenger RNA,0.0,0,1,0.0010102354381671,0.2841174677370185,0.0263157894736842,1.0,,,
SERPINE1,SERPINE1,Messenger RNA,0.0,0,1,0.0,0.2031091093999709,0.006578947368421,,,,
SRSF2,SRSF2,Messenger RNA,0.0,0,1,0.0,0.3535660091047041,0.006578947368421,,,,
GALNT10,GALNT10,Messenger RNA,0.0,0,1,0.0004038555684105,0.4485801379752928,0.0131578947368421,1.0,,,
LRP6,LRP6,Messenger RNA,0.0,0,1,0.0,0.3682824025289778,0.006578947368421,,,,
HS2ST1,HS2ST1,Messenger RNA,0.0,0,1,2.118762538775812e-05,0.4344988344988345,0.0131578947368421,1.0,,,
WASL,WASL,Messenger RNA,0.0,0,1,0.0008336931564818,0.4314149051072365,0.0131578947368421,1.0,,,
EIF4G2,EIF4G2,Messenger RNA,0.0,0,1,0.0,0.427850038255547,0.006578947368421,,,,
SPRED1,SPRED1,Messenger RNA,0.0,0,1,2.118762538775812e-05,0.4344988344988345,0.0131578947368421,1.0,,,
MYLIP,MYLIP,Messenger RNA,0.0,0,1,0.0,0.418187256954831,0.006578947368421,,,,
WASF3,WASF3,Messenger RNA,0.0,0,1,0.0,0.201746157731438,0.006578947368421,,,,
MNT,MNT,Messenger RNA,0.0,0,1,0.0001358687611454,0.4413575374901342,0.0131578947368421,1.0,,,
NGFR,NGFR,Messenger RNA,0.0,0,1,0.0,0.3631168831168831,0.006578947368421,,,,
GNS,GNS,Messenger RNA,0.0,0,1,0.0,0.2584820190440972,0.006578947368421,,,,
AQR,AQR,Messenger RNA,0.0,0,1,0.0,0.419630796938316,0.006578947368421,,,,
PTAR1,PTAR1,Messenger RNA,0.0,0,1,0.0,0.3636836628511967,0.006578947368421,,,,
SLC39A10,SLC39A10,Messenger RNA,0.0,0,1,0.0,0.430021531836358,0.006578947368421,,,,
PACSIN1,PACSIN1,Messenger RNA,0.0,0,1,0.0,0.4279810194397673,0.006578947368421,,,,
MARCHF6,MARCHF6,Messenger RNA,0.0,0,1,3.227478487427729e-05,0.4261545496113397,0.0131578947368421,1.0,,,
ILRUN,ILRUN,Messenger RNA,0.0,0,1,0.0,0.2236263296808766,0.006578947368421,,,,
ERGIC2,ERGIC2,Messenger RNA,0.0,0,1,0.0,0.427850038255547,0.006578947368421,,,,
GIGYF1,GIGYF1,Messenger RNA,0.0,0,1,0.0001563037800434,0.4342963653308481,0.0131578947368421,1.0,,,
TMCC1,TMCC1,Messenger RNA,0.0,0,1,0.000771615439746,0.4703903095558546,0.0197368421052631,1.0,,,
RIMS2,RIMS2,Messenger RNA,0.0,0,1,0.0,0.419630796938316,0.006578947368421,,,,
SLC35D1,SLC35D1,Messenger RNA,0.0,0,1,0.0,0.406041243101946,0.006578947368421,,,,
ABCB8,ABCB8,Messenger RNA,0.0,0,1,0.0,0.2933585143216871,0.006578947368421,,,,
FAM81A,FAM81A,Messenger RNA,0.0,0,1,0.0,0.4279810194397673,0.006578947368421,,,,
CHRM1,CHRM1,Messenger RNA,0.0,0,1,0.0,0.3631168831168831,0.006578947368421,,,,
TIMM17A,TIMM17A,Messenger RNA,0.0,0,1,1.742265621840977e-05,0.4374902206227507,0.0131578947368421,1.0,,,
AP1S2,AP1S2,Messenger RNA,0.0,0,1,9.544023663625056e-05,0.2808638874937217,0.0131578947368421,1.0,,,
ERN1,ERN1,Messenger RNA,0.0,0,1,0.0002592744624589,0.4023600518060152,0.0131578947368421,0.0,,,
PRCD,PRCD,Messenger RNA,0.0,0,1,0.0,0.2052260716382853,0.006578947368421,,,,
DSEL,DSEL,Messenger RNA,0.0,0,1,0.0,0.2572927210821754,0.006578947368421,,,,
PLEKHA3,PLEKHA3,Messenger RNA,0.0,0,1,0.0037375695791788,0.484659386375455,0.0263157894736842,1.0,,,
EIF5,EIF5,Messenger RNA,0.0,0,1,0.0,0.3989156798402054,0.006578947368421,,,,
ROBO2,ROBO2,Messenger RNA,0.0,0,1,6.646670341026331e-06,0.2809767862526379,0.0131578947368421,1.0,,,
ACACB,ACACB,Messenger RNA,0.0,0,1,0.0,0.2219752302318196,0.006578947368421,,,,
TIMM50,TIMM50,Messenger RNA,0.0,0,1,0.0,0.3783491204330176,0.006578947368421,,,,
IRS1,IRS1,Messenger RNA,0.0,0,1,9.147757312229232e-05,0.3859745996686913,0.0131578947368421,1.0,,,
ARHGEF17,ARHGEF17,Messenger RNA,0.0,0,1,5.791552230699332e-05,0.4036379385015158,0.0131578947368421,1.0,,,
TMC5,TMC5,Messenger RNA,0.0,0,1,0.0,0.415083135391924,0.006578947368421,,,,
METAP2,METAP2,Messenger RNA,0.0,0,1,0.0,0.3207157604955264,0.006578947368421,,,,
GPR12,GPR12,Messenger RNA,0.0,0,1,0.0002377822372488,0.4395535293192894,0.0131578947368421,1.0,,,
DYRK2,DYRK2,Messenger RNA,0.0,0,1,0.0019763061777678,0.4707070707070707,0.0328947368421052,0.8,,,
AARS1,AARS1,Messenger RNA,0.0,0,1,0.0,0.369157644573541,0.006578947368421,,,,
PFKFB3,PFKFB3,Messenger RNA,0.0,0,1,0.0,0.2213601456733433,0.006578947368421,,,,
GNPNAT1,GNPNAT1,Messenger RNA,0.0,0,1,0.0,0.4279810194397673,0.006578947368421,,,,
CNN1,CNN1,Messenger RNA,0.0,0,1,0.0001334575373144,0.3676045227452011,0.0131578947368421,1.0,,,
DSN1,DSN1,Messenger RNA,0.0,0,1,0.0,0.3856551724137931,0.006578947368421,,,,
MED12L,MED12L,Messenger RNA,0.0,0,1,0.0,0.3783491204330176,0.006578947368421,,,,
SLF2,SLF2,Messenger RNA,0.0,0,1,0.0,0.406041243101946,0.006578947368421,,,,
GRIN2A,GRIN2A,Messenger RNA,0.0,0,1,0.0014245855627536,0.3988587731811697,0.0197368421052631,0.3333333333333333,,,
SHISA4,SHISA4,Messenger RNA,0.0,0,1,0.0,0.3284774436090225,0.006578947368421,,,,
RASA2,RASA2,Messenger RNA,0.0,0,1,0.0001300524702142,0.4285714285714285,0.0131578947368421,1.0,,,
EOGT,EOGT,Messenger RNA,0.0,0,1,7.021182818350854e-05,0.3994856408058294,0.0131578947368421,1.0,,,
CEP43,CEP43,Messenger RNA,0.0,0,1,0.0,0.3629283489096573,0.006578947368421,,,,
TMUB2,TMUB2,Messenger RNA,0.0,0,1,0.0,0.4226757369614512,0.006578947368421,,,,
GBA,GBA,Messenger RNA,0.0,0,1,0.0,0.3140161725067385,0.006578947368421,,,,
BRMS1L,BRMS1L,Messenger RNA,0.0,0,1,0.0,0.4226757369614512,0.006578947368421,,,,
HMGN2,HMGN2,Messenger RNA,0.0,0,1,0.0001949155674536,0.428177641653905,0.0131578947368421,1.0,,,
CCNI2,CCNI2,Messenger RNA,0.0,0,1,0.0,0.419630796938316,0.006578947368421,,,,
MAGOHB,MAGOHB,Messenger RNA,0.0,0,1,0.0,0.4226757369614512,0.006578947368421,,,,
PSMA4,PSMA4,Messenger RNA,0.0,0,1,0.0,0.3682824025289778,0.006578947368421,,,,
ADAM17,ADAM17,Messenger RNA,0.0,0,1,0.0,0.4003436426116838,0.006578947368421,,,,
LPAR5,LPAR5,Messenger RNA,0.0,0,1,5.811379452719616e-09,0.3810821861796374,0.0131578947368421,1.0,,,
SNCG,SNCG,Messenger RNA,0.0,0,1,0.0,0.2572927210821754,0.006578947368421,,,,
SLC2A14,SLC2A14,Messenger RNA,0.0,0,1,3.958871587481144e-06,0.4144678327898013,0.0131578947368421,1.0,,,
RAB1B,RAB1B,Messenger RNA,0.0,0,1,0.0,0.4279810194397673,0.006578947368421,,,,
CTDSPL,CTDSPL,Messenger RNA,0.0,0,1,0.0,0.4055700609225413,0.006578947368421,,,,
MXD1,MXD1,Messenger RNA,0.0,0,1,0.0021912083320795,0.4322820037105751,0.0131578947368421,1.0,,,
DENND1A,DENND1A,Messenger RNA,0.0,0,1,0.0,0.3944695259593679,0.006578947368421,,,,
ZNF496,ZNF496,Messenger RNA,0.0,0,1,0.0,0.3609604957397366,0.006578947368421,,,,
PCDHA5,PCDHA5,Messenger RNA,0.0,0,1,0.0002837818288715,0.4642975755562936,0.0131578947368421,1.0,,,
SHOC2,SHOC2,Messenger RNA,0.0,0,1,0.0002837818288715,0.4642975755562936,0.0131578947368421,1.0,,,
ZNF282,ZNF282,Messenger RNA,0.0,0,1,4.229514257730125e-05,0.3811860940695296,0.0131578947368421,1.0,,,
RNF207,RNF207,Messenger RNA,0.0,0,1,0.0,0.3513445589344056,0.006578947368421,,,,
ATPAF1,ATPAF1,Messenger RNA,0.0,0,1,3.1594703872944763e-06,0.2586733277824035,0.0131578947368421,1.0,,,
TMEM9B,TMEM9B,Messenger RNA,0.0,0,1,0.0,0.3535660091047041,0.006578947368421,,,,
TANC1,TANC1,Messenger RNA,0.0,0,1,0.0,0.3988018827556696,0.006578947368421,,,,
N4BP2L1,N4BP2L1,Messenger RNA,0.0,0,1,0.0,0.3416839789808139,0.006578947368421,,,,
LOXL1,LOXL1,Messenger RNA,0.0,0,1,0.0,0.205060506050605,0.006578947368421,,,,
DHRS13,DHRS13,Messenger RNA,0.0,0,1,0.0,0.3988018827556696,0.006578947368421,,,,
MMP24,MMP24,Messenger RNA,0.0,0,1,0.0,0.4080560420315236,0.006578947368421,,,,
TMED10,TMED10,Messenger RNA,0.0,0,1,0.0,0.3858680651393872,0.006578947368421,,,,
EPHB3,EPHB3,Messenger RNA,0.0,0,1,0.0,0.3631168831168831,0.006578947368421,,,,
RPRD1B,RPRD1B,Messenger RNA,0.0,0,1,0.0,0.3609604957397366,0.006578947368421,,,,
C6orf62,C6orf62,Messenger RNA,0.0,0,1,1.2690194535120172e-05,0.4261545496113397,0.0131578947368421,1.0,,,
PDZD8,PDZD8,Messenger RNA,0.0,0,1,0.0005826552660115,0.4411486273272326,0.0131578947368421,1.0,,,
LDLRAD4,LDLRAD4,Messenger RNA,0.0,0,1,0.0001818699503677,0.4354461921819031,0.0131578947368421,1.0,,,
NSD2,NSD2,Messenger RNA,0.0,0,1,0.0004038555684105,0.4485801379752928,0.0131578947368421,1.0,,,
MRS2,MRS2,Messenger RNA,0.0,0,1,0.0,0.3525406632202749,0.006578947368421,,,,
STAC,STAC,Messenger RNA,0.0,0,1,0.0,0.3523185483870967,0.006578947368421,,,,
ZRANB2,ZRANB2,Messenger RNA,0.0,0,1,0.0,0.3609604957397366,0.006578947368421,,,,
ARPP21,ARPP21,Messenger RNA,0.0,0,1,0.0,0.2572927210821754,0.006578947368421,,,,
SFMBT1,SFMBT1,Messenger RNA,0.0,0,1,0.0002658412606297,0.428768593773961,0.0197368421052631,0.6666666666666666,,,
ZNF451,ZNF451,Messenger RNA,0.0,0,1,0.0001504911061905,0.4130595361205496,0.0131578947368421,1.0,,,
DDX6,DDX6,Messenger RNA,0.0,0,1,0.0,0.3988018827556696,0.006578947368421,,,,
EML5,EML5,Messenger RNA,0.0,0,1,0.0,0.4279810194397673,0.006578947368421,,,,
VAMP8,VAMP8,Messenger RNA,0.0,0,1,0.0,0.4279810194397673,0.006578947368421,,,,
WDR20,WDR20,Messenger RNA,0.0,0,1,0.0001117062228341,0.4034049920646371,0.0131578947368421,1.0,,,
MGAT1,MGAT1,Messenger RNA,0.0,0,1,0.0,0.2225937425364222,0.006578947368421,,,,
PANK1,PANK1,Messenger RNA,0.0,0,1,0.0,0.3629283489096573,0.006578947368421,,,,
HNRNPR,HNRNPR,Messenger RNA,0.0,0,1,0.0,0.3858680651393872,0.006578947368421,,,,
SPIN1,SPIN1,Messenger RNA,0.0,0,1,0.0004652895148563,0.4449395289624443,0.0131578947368421,1.0,,,
DGKE,DGKE,Messenger RNA,0.0,0,1,0.0,0.4137931034482758,0.006578947368421,,,,
EPHB2,EPHB2,Messenger RNA,0.0,1,0,,,,,,,
KCNRG,KCNRG,Messenger RNA,0.0,0,1,0.0,0.3682824025289778,0.006578947368421,,,,
TSHZ2,TSHZ2,Messenger RNA,0.0,0,1,0.0004652895148563,0.4449395289624443,0.0131578947368421,1.0,,,
EML1,EML1,Messenger RNA,0.0,0,1,4.728526400609113e-06,0.2574822727691316,0.0131578947368421,1.0,,,
MBTPS2,MBTPS2,Messenger RNA,8.0,0,1,0.0,0.419630796938316,0.006578947368421,,,,
SLC16A12,SLC16A12,Messenger RNA,0.0,0,1,0.0,0.3901213897028045,0.006578947368421,,,,
C6orf89,C6orf89,Messenger RNA,0.0,0,1,0.0,0.4109347442680776,0.006578947368421,,,,
IKZF2,IKZF2,Messenger RNA,0.0,0,1,0.0,0.427850038255547,0.006578947368421,,,,
SMIM12,SMIM12,Messenger RNA,0.0,0,1,0.0,0.2076340412891727,0.006578947368421,,,,
AGO4,AGO4,Messenger RNA,0.0,0,1,0.0,0.430021531836358,0.006578947368421,,,,
SZRD1,SZRD1,Messenger RNA,0.0,0,1,0.0006243717655822,0.4212112081952395,0.0131578947368421,0.0,,,
RAB3IL1,RAB3IL1,Messenger RNA,0.0,0,1,0.0,0.2566786009363812,0.006578947368421,,,,
SREK1,SREK1,Messenger RNA,0.0,0,1,0.0,0.4279810194397673,0.006578947368421,,,,
NRL,NRL,Messenger RNA,0.0,0,1,0.0,0.3856551724137931,0.006578947368421,,,,
ZNF609,ZNF609,Messenger RNA,0.0,0,1,0.0002814060336023,0.4309494451294698,0.0131578947368421,0.0,,,
YAF2,YAF2,Messenger RNA,0.0,0,1,0.0,0.4161952962191128,0.006578947368421,,,,
SCEL,SCEL,Messenger RNA,0.0,0,1,0.0,0.2571743929359823,0.006578947368421,,,,
MAFG,MAFG,Messenger RNA,0.0,0,1,0.0,0.3470274295643539,0.006578947368421,,,,
LMO7,LMO7,Messenger RNA,0.0,0,1,0.0,0.4080560420315236,0.006578947368421,,,,
UQCC1,UQCC1,Messenger RNA,0.0,0,1,0.0003590360475955,0.4485081809432146,0.0131578947368421,1.0,,,
EGLN3,EGLN3,Messenger RNA,0.0,0,1,1.0726394999037051e-05,0.4224841341795104,0.0131578947368421,1.0,,,
BTBD10,BTBD10,Messenger RNA,0.0,0,1,0.0,0.418187256954831,0.006578947368421,,,,
HNRNPA0,HNRNPA0,Messenger RNA,0.0,0,1,0.0,0.415083135391924,0.006578947368421,,,,
GDF11,GDF11,Messenger RNA,0.0,0,1,0.0,0.406041243101946,0.006578947368421,,,,
RRAS,RRAS,Messenger RNA,0.0,0,1,0.0,0.2228954081632653,0.006578947368421,,,,
FRRS1L,FRRS1L,Messenger RNA,0.0,0,1,0.0,0.418187256954831,0.006578947368421,,,,
CHRM5,CHRM5,Messenger RNA,0.0,0,1,0.0,0.4082347787998248,0.006578947368421,,,,
ELL,ELL,Messenger RNA,4.0,0,1,0.0,0.430021531836358,0.006578947368421,,,,
CMPK1,CMPK1,Messenger RNA,0.0,0,1,0.0,0.435785536159601,0.006578947368421,,,,
POLQ,POLQ,Messenger RNA,0.0,0,1,0.0,0.435785536159601,0.006578947368421,,,,
RORB,RORB,Messenger RNA,0.0,0,1,0.0002706963596917,0.2570798087532181,0.0263157894736842,0.3333333333333333,,,
DMXL1,DMXL1,Messenger RNA,0.0,0,1,0.0,0.4082347787998248,0.006578947368421,,,,
CCDC28A,CCDC28A,Messenger RNA,0.0,0,1,0.0,0.430021531836358,0.006578947368421,,,,
FAR1,FAR1,Messenger RNA,0.0,0,1,0.0,0.4082347787998248,0.006578947368421,,,,
VAV3,VAV3,Messenger RNA,0.0,0,1,0.0005553872768096,0.43558186633432,0.0131578947368421,1.0,,,
OXR1,OXR1,Messenger RNA,0.0,0,1,0.0,0.4226757369614512,0.006578947368421,,,,
WSCD2,WSCD2,Messenger RNA,0.0,0,1,4.728526400609113e-06,0.2574822727691316,0.0131578947368421,1.0,,,
MBNL2,MBNL2,Messenger RNA,0.0,0,1,4.489057203105293e-05,0.4434575733544805,0.0131578947368421,1.0,,,
IRF2BPL,IRF2BPL,Messenger RNA,0.0,0,1,0.0,0.4262844945875895,0.006578947368421,,,,
RUBCN,RUBCN,Messenger RNA,0.0,0,1,0.0019656899648373,0.4629139072847682,0.0263157894736842,1.0,,,
VTI1A,VTI1A,Messenger RNA,0.0,0,1,0.0002590251352529,0.4626075446724024,0.0131578947368421,1.0,,,
BCL9L,BCL9L,Messenger RNA,0.0,0,1,0.0,0.4279810194397673,0.006578947368421,,,,
PLEKHF2,PLEKHF2,Messenger RNA,0.0,0,1,0.0,0.3611469904417463,0.006578947368421,,,,
ELMOD1,ELMOD1,Messenger RNA,0.0,0,1,0.0,0.2572927210821754,0.006578947368421,,,,
RCAN2,RCAN2,Messenger RNA,0.0,2,0,,,,,,,
SCAMP5,SCAMP5,Messenger RNA,0.0,0,1,0.0003298025746195,0.4374217772215269,0.0131578947368421,1.0,,,
KIF2A,KIF2A,Messenger RNA,0.0,0,1,0.000172940645976,0.4256355609681839,0.0131578947368421,1.0,,,
RC3H1,RC3H1,Messenger RNA,0.0,0,1,0.0,0.3470274295643539,0.006578947368421,,,,
SLC23A2,SLC23A2,Messenger RNA,0.0,0,1,0.0002156521020635,0.421147763217352,0.0131578947368421,1.0,,,
ACTR3,ACTR3,Messenger RNA,0.0,0,1,0.0003593154546629,0.4101510928560951,0.0131578947368421,0.0,,,
SRSF1,SRSF1,Messenger RNA,0.0,0,1,5.811379452719616e-09,0.3810821861796374,0.0131578947368421,1.0,,,
MTMR1,MTMR1,Messenger RNA,0.0,0,1,0.0,0.3988018827556696,0.006578947368421,,,,
RHOBTB1,RHOBTB1,Messenger RNA,0.0,0,1,0.0,0.2041919228803038,0.006578947368421,,,,
MARCHF4,MARCHF4,Messenger RNA,0.0,0,1,0.0,0.3901758303097962,0.006578947368421,,,,
PGPEP1,PGPEP1,Messenger RNA,0.0,0,1,0.0,0.3669291338582677,0.006578947368421,,,,
ITGA1,ITGA1,Messenger RNA,0.0,0,1,0.0,0.2566786009363812,0.006578947368421,,,,
ARF5,ARF5,Messenger RNA,0.0,0,1,0.0,0.3354931605471562,0.006578947368421,,,,
CTNND1,CTNND1,Messenger RNA,0.0,0,1,0.0,0.3158965088690543,0.006578947368421,,,,
CXXC4,CXXC4,Messenger RNA,0.0,0,1,0.0,0.406041243101946,0.006578947368421,,,,
TRAF3,TRAF3,Messenger RNA,0.0,0,1,0.0002231983404454,0.4249886000911992,0.0131578947368421,1.0,,,
RPS6KB1,RPS6KB1,Messenger RNA,0.0,0,1,0.0004433660184576,0.4218467109233554,0.0131578947368421,0.0,,,
C12orf43,C12orf43,Messenger RNA,0.0,0,1,0.0,0.419630796938316,0.006578947368421,,,,
PTGFR,PTGFR,Messenger RNA,0.0,0,1,0.0007007477571678,0.3247009638834049,0.0131578947368421,0.0,,,
C5orf15,C5orf15,Messenger RNA,0.0,0,1,0.0,0.4003436426116838,0.006578947368421,,,,
ZFHX4,ZFHX4,Messenger RNA,0.0,0,1,0.0,0.2799359231077293,0.006578947368421,,,,
VLDLR,VLDLR,Messenger RNA,0.0,0,1,0.0,0.2213601456733433,0.006578947368421,,,,
ARMCX2,ARMCX2,Messenger RNA,0.0,0,1,0.0,0.4262844945875895,0.006578947368421,,,,
POU6F1,POU6F1,Messenger RNA,0.0,0,1,4.587938452611409e-05,0.4379013312451057,0.0131578947368421,1.0,,,
MEIS2,MEIS2,Messenger RNA,0.0,0,1,0.0,0.419630796938316,0.006578947368421,,,,
TGFB2,TGFB2,Messenger RNA,0.0,0,1,0.0001504911061905,0.4130595361205496,0.0131578947368421,1.0,,,
GPR158,GPR158,Messenger RNA,0.0,0,1,0.0,0.2229665071770334,0.006578947368421,,,,
POLR3G,POLR3G,Messenger RNA,0.0,0,1,2.231246209077866e-05,0.4412182420703803,0.0131578947368421,1.0,,,
LRRC59,LRRC59,Messenger RNA,0.0,0,1,0.0001079004115176,0.3944138806601777,0.0131578947368421,1.0,,,
FNIP2,FNIP2,Messenger RNA,0.0,0,1,0.0,0.2572690467427309,0.006578947368421,,,,
STK3,STK3,Messenger RNA,0.0,0,1,0.0,0.369157644573541,0.006578947368421,,,,
EPB41L1,EPB41L1,Messenger RNA,0.0,0,1,0.0,0.2213601456733433,0.006578947368421,,,,
TLE4,TLE4,Messenger RNA,0.0,0,1,0.0001309960592142,0.4447979637289214,0.0131578947368421,1.0,,,
RIMS3,RIMS3,Messenger RNA,0.0,0,1,6.379565982784172e-05,0.2855975485188968,0.0131578947368421,0.0,,,
N4BP1,N4BP1,Messenger RNA,0.0,0,1,7.021182818350854e-05,0.3994856408058294,0.0131578947368421,1.0,,,
ZPLD1,ZPLD1,Messenger RNA,0.0,0,1,0.0,0.3944695259593679,0.006578947368421,,,,
EIF5A2,EIF5A2,Messenger RNA,0.0,0,1,0.0,0.2572927210821754,0.006578947368421,,,,
POLR1A,POLR1A,Messenger RNA,0.0,0,1,0.0,0.4262844945875895,0.006578947368421,,,,
MTMR6,MTMR6,Messenger RNA,0.0,0,1,0.0,0.3944695259593679,0.006578947368421,,,,
CLIP1,CLIP1,Messenger RNA,0.0,0,1,0.0,0.4003436426116838,0.006578947368421,,,,
MBD5,MBD5,Messenger RNA,0.0,0,1,0.0,0.418187256954831,0.006578947368421,,,,
LDB3,LDB3,Messenger RNA,0.0,0,1,0.0,0.2568200606227611,0.006578947368421,,,,
EPHA3,EPHA3,Messenger RNA,0.0,0,1,3.1594703872944763e-06,0.2586733277824035,0.0131578947368421,1.0,,,
ANKRD28,ANKRD28,Messenger RNA,0.0,0,1,0.0010102802890198,0.4592641261498029,0.0131578947368421,1.0,,,
RAP1B,RAP1B,Messenger RNA,0.0,0,1,0.0,0.2799359231077293,0.006578947368421,,,,
DNAJC5,DNAJC5,Messenger RNA,0.0,0,1,0.0,0.4080560420315236,0.006578947368421,,,,
PDK4,PDK4,Messenger RNA,0.0,0,1,0.0,0.2549699069852271,0.006578947368421,,,,
FCRLB,FCRLB,Messenger RNA,0.0,0,1,3.958871587481144e-06,0.4144678327898013,0.0131578947368421,1.0,,,
DAGLA,DAGLA,Messenger RNA,0.0,0,1,0.0,0.3631168831168831,0.006578947368421,,,,
TMX3,TMX3,Messenger RNA,0.0,0,1,0.0,0.418187256954831,0.006578947368421,,,,
MTHFR,MTHFR,Messenger RNA,0.0,0,1,0.0,0.4137931034482758,0.006578947368421,,,,
ZC3H8,ZC3H8,Messenger RNA,0.0,0,1,0.0,0.419630796938316,0.006578947368421,,,,
MCTP2,MCTP2,Messenger RNA,0.0,0,1,0.0,0.419630796938316,0.006578947368421,,,,
SNAI1,SNAI1,Messenger RNA,0.0,0,1,0.0,0.3523185483870967,0.006578947368421,,,,
MLEC,MLEC,Messenger RNA,0.0,0,1,0.0002061723832853,0.421274672291698,0.0131578947368421,1.0,,,
AKIRIN1,AKIRIN1,Messenger RNA,0.0,0,1,0.0,0.4003436426116838,0.006578947368421,,,,
ATXN1L,ATXN1L,Messenger RNA,0.0,0,1,0.0002986193477589,0.4443738080101716,0.0131578947368421,1.0,,,
UBE3C,UBE3C,Messenger RNA,0.0,0,1,0.0,0.435785536159601,0.006578947368421,,,,
BCL2L1,BCL2L1,Messenger RNA,0.0,0,1,0.0,0.369157644573541,0.006578947368421,,,,
BMPER,BMPER,Messenger RNA,0.0,0,1,0.0,0.2225937425364222,0.006578947368421,,,,
KIAA1328,KIAA1328,Messenger RNA,0.0,0,1,5.811379452719616e-09,0.3810821861796374,0.0131578947368421,1.0,,,
SLC38A2,SLC38A2,Messenger RNA,0.0,0,1,0.0,0.3783491204330176,0.006578947368421,,,,
PTPN9,PTPN9,Messenger RNA,0.0,0,1,0.0008489555137651,0.4241504854368932,0.0131578947368421,1.0,,,
KCTD16,KCTD16,Messenger RNA,0.0,0,1,0.0067579949472399,0.329794762915782,0.0197368421052631,0.3333333333333333,,,
PAWR,PAWR,Messenger RNA,0.0,0,1,0.0,0.4279810194397673,0.006578947368421,,,,
SUFU,SUFU,Messenger RNA,0.0,0,1,0.0,0.4279810194397673,0.006578947368421,,,,
TMEM234,TMEM234,Messenger RNA,0.0,0,1,0.0,0.3664002096710785,0.006578947368421,,,,
RYK,RYK,Messenger RNA,0.0,0,1,0.0,0.3783491204330176,0.006578947368421,,,,
NRAS,NRAS,Messenger RNA,0.0,0,1,0.0041581802116632,0.4533073929961089,0.0131578947368421,1.0,,,
DDX19A,DDX19A,Messenger RNA,0.0,0,1,0.0,0.3696945656485522,0.006578947368421,,,,
MCF2L,MCF2L,Messenger RNA,0.0,0,1,0.0007477752571257,0.4541910331384015,0.0263157894736842,1.0,,,
DCP2,DCP2,Messenger RNA,0.0,0,1,0.0,0.3944695259593679,0.006578947368421,,,,
TAOK1,TAOK1,Messenger RNA,0.0,0,1,0.0001563037800434,0.4342963653308481,0.0131578947368421,1.0,,,
ELOVL5,ELOVL5,Messenger RNA,0.0,0,1,0.0,0.3534319302237391,0.006578947368421,,,,
SUB1,SUB1,Messenger RNA,0.0,3,0,,,,,,,
SYT2,SYT2,Messenger RNA,0.0,0,1,0.0,0.4082347787998248,0.006578947368421,,,,
RHOQ,RHOQ,Messenger RNA,0.0,0,1,0.0,0.2568200606227611,0.006578947368421,,,,
CBFB,CBFB,Messenger RNA,0.0,0,1,0.0,0.3944695259593679,0.006578947368421,,,,
EML4,EML4,Messenger RNA,0.0,0,1,0.0,0.419630796938316,0.006578947368421,,,,
ZBTB7A,ZBTB7A,Messenger RNA,0.0,0,1,0.0001438202229506,0.4012053379250969,0.0131578947368421,1.0,,,
ICOS,ICOS,Messenger RNA,0.0,0,1,0.0,0.427850038255547,0.006578947368421,,,,
OCRL,OCRL,Messenger RNA,0.0,0,1,0.0,0.4262844945875895,0.006578947368421,,,,
TP53INP2,TP53INP2,Messenger RNA,0.0,0,1,0.0014010073584616,0.2844354018311292,0.0131578947368421,0.0,,,
TEAD3,TEAD3,Messenger RNA,0.0,0,1,0.0,0.3696945656485522,0.006578947368421,,,,
NT5DC1,NT5DC1,Messenger RNA,0.0,0,1,0.0,0.3783491204330176,0.006578947368421,,,,
TMEM121B,TMEM121B,Messenger RNA,0.0,0,1,0.0,0.3330553901131626,0.006578947368421,,,,
PSMA5,PSMA5,Messenger RNA,0.0,0,1,0.0,0.4080560420315236,0.006578947368421,,,,
SSR1,SSR1,Messenger RNA,0.0,0,1,0.0,0.419630796938316,0.006578947368421,,,,
PRPF4B,PRPF4B,Messenger RNA,0.0,0,1,0.0,0.4279810194397673,0.006578947368421,,,,
EGR1,EGR1,Messenger RNA,0.0,0,1,0.0,0.2592729970326409,0.006578947368421,,,,
CACNA1E,CACNA1E,Messenger RNA,0.0,0,1,0.0044676876764224,0.4819027921406411,0.0197368421052631,1.0,,,
DNMT3A,DNMT3A,Messenger RNA,0.0,0,1,0.0002930842120284,0.3605415860735009,0.0131578947368421,0.0,,,
GRIPAP1,GRIPAP1,Messenger RNA,0.0,0,1,0.0,0.3282460671519135,0.006578947368421,,,,
AKAP11,AKAP11,Messenger RNA,0.0,0,1,0.0,0.3901213897028045,0.006578947368421,,,,
NCAM1,NCAM1,Messenger RNA,0.0,0,1,0.0019577169132261,0.3993144815766923,0.0131578947368421,0.0,,,
NHS,NHS,Messenger RNA,0.0,0,1,5.791552230699332e-05,0.4036379385015158,0.0131578947368421,1.0,,,
YIPF4,YIPF4,Messenger RNA,0.0,0,1,0.0001380130288418,0.3702330508474576,0.0131578947368421,0.0,,,
FAM117B,FAM117B,Messenger RNA,0.0,0,1,0.0,0.4226757369614512,0.006578947368421,,,,
RPRD2,RPRD2,Messenger RNA,0.0,0,1,0.0,0.4279810194397673,0.006578947368421,,,,
TMEM184C,TMEM184C,Messenger RNA,0.0,0,1,0.0,0.4279810194397673,0.006578947368421,,,,
ZDHHC17,ZDHHC17,Messenger RNA,0.0,0,1,5.791552230699332e-05,0.4036379385015158,0.0131578947368421,1.0,,,
PDE12,PDE12,Messenger RNA,0.0,0,1,0.0,0.427850038255547,0.006578947368421,,,,
SGK3,SGK3,Messenger RNA,0.0,0,1,0.0,0.3629283489096573,0.006578947368421,,,,
ADCY5,ADCY5,Messenger RNA,0.0,0,1,0.0,0.2065450247469897,0.006578947368421,,,,
ATL3,ATL3,Messenger RNA,0.0,0,1,0.0,0.2549699069852271,0.006578947368421,,,,
PPM1L,PPM1L,Messenger RNA,0.0,0,1,0.0,0.2568200606227611,0.006578947368421,,,,
OSBPL10,OSBPL10,Messenger RNA,0.0,0,1,0.0,0.3465542885473475,0.006578947368421,,,,
IDE,IDE,Messenger RNA,0.0,0,1,0.0,0.3783491204330176,0.006578947368421,,,,
TSPOAP1,TSPOAP1,Messenger RNA,0.0,0,1,0.0,0.3944695259593679,0.006578947368421,,,,
KCNC2,KCNC2,Messenger RNA,0.0,0,1,0.000282223099933,0.4435279187817258,0.0131578947368421,1.0,,,
IL6ST,IL6ST,Messenger RNA,0.0,0,1,6.836845444358624e-06,0.3935256861365235,0.0131578947368421,1.0,,,
CCPG1,CCPG1,Messenger RNA,0.0,0,1,0.0,0.201746157731438,0.006578947368421,,,,
VAMP3,VAMP3,Messenger RNA,0.0,0,1,0.0,0.2225760229262856,0.006578947368421,,,,
HDAC4,HDAC4,Messenger RNA,0.0,0,1,0.0,0.435785536159601,0.006578947368421,,,,
SLC31A1,SLC31A1,Messenger RNA,0.0,0,1,0.0,0.3354931605471562,0.006578947368421,,,,
FGF7,FGF7,Messenger RNA,0.0,0,1,0.0003085659369405,0.2553657868298474,0.0197368421052631,0.3333333333333333,,,
FOXQ1,FOXQ1,Messenger RNA,0.0,0,1,0.0,0.4226757369614512,0.006578947368421,,,,
LHX6,LHX6,Messenger RNA,0.0,0,1,0.0,0.2970991393050685,0.006578947368421,,,,
PCYOX1,PCYOX1,Messenger RNA,0.0,0,1,0.0,0.2584820190440972,0.006578947368421,,,,
EXT2,EXT2,Messenger RNA,0.0,0,1,0.0,0.3207157604955264,0.006578947368421,,,,
FOXO1,FOXO1,Messenger RNA,0.0,0,1,0.0,0.222700119474313,0.006578947368421,,,,
IRGQ,IRGQ,Messenger RNA,0.0,0,1,0.0,0.427850038255547,0.006578947368421,,,,
SREK1IP1,SREK1IP1,Messenger RNA,0.0,0,1,0.0,0.353030303030303,0.006578947368421,,,,
TRIB2,TRIB2,Messenger RNA,0.0,0,1,0.0,0.4137931034482758,0.006578947368421,,,,
FOXJ2,FOXJ2,Messenger RNA,0.0,0,1,0.0,0.4279810194397673,0.006578947368421,,,,
HS3ST3B1,HS3ST3B1,Messenger RNA,0.0,0,1,0.0,0.430021531836358,0.006578947368421,,,,
SNX24,SNX24,Messenger RNA,0.0,0,1,0.0,0.4003436426116838,0.006578947368421,,,,
RNF145,RNF145,Messenger RNA,0.0,0,1,0.0,0.435785536159601,0.006578947368421,,,,
CCNG2,CCNG2,Messenger RNA,0.0,0,1,0.0,0.418187256954831,0.006578947368421,,,,
EDA2R,EDA2R,Messenger RNA,0.0,0,1,1.8311763934573415e-05,0.4207674943566591,0.0131578947368421,1.0,,,
RAB40C,RAB40C,Messenger RNA,0.0,0,1,0.0,0.3696945656485522,0.006578947368421,,,,
IGLON5,IGLON5,Messenger RNA,0.0,0,1,0.0,0.2572453767595915,0.006578947368421,,,,
PIK3CD,PIK3CD,Messenger RNA,0.0,0,1,0.0,0.3783491204330176,0.006578947368421,,,,
SLC25A24,SLC25A24,Messenger RNA,0.0,0,1,0.0,0.427850038255547,0.006578947368421,,,,
STXBP5,STXBP5,Messenger RNA,0.0,0,1,0.0002783090822085,0.4410094637223974,0.0131578947368421,1.0,,,
EFNA5,EFNA5,Messenger RNA,0.0,0,1,0.0004200719660313,0.4105124064014094,0.0131578947368421,0.0,,,
DOT1L,DOT1L,Messenger RNA,0.0,0,1,0.0,0.3354931605471562,0.006578947368421,,,,
NRXN1,NRXN1,Messenger RNA,0.0,0,1,0.0021007788038814,0.3531640773020083,0.0131578947368421,0.0,,,
PTCH1,PTCH1,Messenger RNA,0.0,0,1,0.0,0.4262844945875895,0.006578947368421,,,,
REEP3,REEP3,Messenger RNA,0.0,0,1,0.0,0.418187256954831,0.006578947368421,,,,
HAS3,HAS3,Messenger RNA,0.0,0,1,0.0,0.4082347787998248,0.006578947368421,,,,
MATN1,MATN1,Messenger RNA,0.0,0,1,0.0,0.353030303030303,0.006578947368421,,,,
NACC2,NACC2,Messenger RNA,0.0,0,1,3.48682767163177e-08,0.2515067014482324,0.0131578947368421,1.0,,,
UGT8,UGT8,Messenger RNA,0.0,0,1,0.0,0.3988018827556696,0.006578947368421,,,,
NSF,NSF,Messenger RNA,0.0,0,1,0.0,0.2933585143216871,0.006578947368421,,,,
VCPIP1,VCPIP1,Messenger RNA,0.0,0,1,0.0005058084428572,0.4260246838336127,0.0131578947368421,1.0,,,
MRPS23,MRPS23,Messenger RNA,0.0,0,1,0.0,0.4279810194397673,0.006578947368421,,,,
KDM5C,KDM5C,Messenger RNA,0.0,0,1,0.0,0.2933585143216871,0.006578947368421,,,,
PRORP,PRORP,Messenger RNA,0.0,0,1,0.0,0.3554990464081373,0.006578947368421,,,,
NLGN1,NLGN1,Messenger RNA,0.0,0,1,0.0,0.2572927210821754,0.006578947368421,,,,
ANKS1A,ANKS1A,Messenger RNA,0.0,0,1,0.0,0.3664002096710785,0.006578947368421,,,,
LRATD1,LRATD1,Messenger RNA,0.0,0,1,0.0,0.4082347787998248,0.006578947368421,,,,
SNTB2,SNTB2,Messenger RNA,0.0,0,1,6.646670341026331e-06,0.2809767862526379,0.0131578947368421,1.0,,,
GPRC5A,GPRC5A,Messenger RNA,0.0,0,1,0.0008291401547088,0.3860811930405965,0.0131578947368421,1.0,,,
KCNK10,KCNK10,Messenger RNA,0.0,0,1,0.0,0.3611469904417463,0.006578947368421,,,,
JPH1,JPH1,Messenger RNA,0.0,0,1,0.0,0.4262844945875895,0.006578947368421,,,,
RBM23,RBM23,Messenger RNA,0.0,0,1,0.0,0.3631168831168831,0.006578947368421,,,,
SLAIN2,SLAIN2,Messenger RNA,0.0,0,1,0.0,0.3901758303097962,0.006578947368421,,,,
PFKFB2,PFKFB2,Messenger RNA,0.0,0,1,0.0,0.3636836628511967,0.006578947368421,,,,
ARMC1,ARMC1,Messenger RNA,0.0,0,1,0.0,0.3860278889962723,0.006578947368421,,,,
RNF121,RNF121,Messenger RNA,0.0,0,1,0.0,0.3858680651393872,0.006578947368421,,,,
ATP6V1C1,ATP6V1C1,Messenger RNA,0.0,0,1,0.0,0.353030303030303,0.006578947368421,,,,
TRPC3,TRPC3,Messenger RNA,0.0,0,1,0.0,0.2199150542708824,0.006578947368421,,,,
RGS7,RGS7,Messenger RNA,0.0,0,1,0.0,0.4003436426116838,0.006578947368421,,,,
RNF8,RNF8,Messenger RNA,0.0,0,1,0.0,0.419630796938316,0.006578947368421,,,,
FAIM2,FAIM2,Messenger RNA,0.0,0,1,0.0,0.406041243101946,0.006578947368421,,,,
USP48,USP48,Messenger RNA,0.0,0,1,0.0,0.3944695259593679,0.006578947368421,,,,
NUTF2,NUTF2,Messenger RNA,0.0,0,1,0.0,0.3858680651393872,0.006578947368421,,,,
PRKCH,PRKCH,Messenger RNA,11.0,0,1,0.0,0.419630796938316,0.006578947368421,,,,
MICOS10,MICOS10,Messenger RNA,0.0,0,1,0.0,0.3845413285655343,0.006578947368421,,,,
MYO10,MYO10,Messenger RNA,0.0,0,1,0.0014010073584616,0.3692551505546751,0.0131578947368421,0.0,,,
EBF3,EBF3,Messenger RNA,0.0,0,1,0.0,0.222700119474313,0.006578947368421,,,,
TTC4,TTC4,Messenger RNA,0.0,0,1,0.0,0.4003436426116838,0.006578947368421,,,,
TNFSF11,TNFSF11,Messenger RNA,0.0,0,1,0.0,0.435785536159601,0.006578947368421,,,,
LATS2,LATS2,Messenger RNA,0.0,0,1,0.0,0.2565608368507983,0.006578947368421,,,,
LCMT2,LCMT2,Messenger RNA,0.0,0,1,0.0,0.2659058487874465,0.006578947368421,,,,
FBXL19,FBXL19,Messenger RNA,0.0,0,1,7.190307795239745e-05,0.3986313088109495,0.0131578947368421,1.0,,,
STRN,STRN,Messenger RNA,0.0,0,1,0.0004048815422635,0.4234438891412994,0.0131578947368421,1.0,,,
FBXO48,FBXO48,Messenger RNA,0.0,0,1,0.0,0.3901213897028045,0.006578947368421,,,,
KLHL18,KLHL18,Messenger RNA,0.0,0,1,0.0,0.4080560420315236,0.006578947368421,,,,
SEC63,SEC63,Messenger RNA,0.0,0,1,0.0,0.3609604957397366,0.006578947368421,,,,
TOB2,TOB2,Messenger RNA,0.0,0,1,0.0,0.2584820190440972,0.006578947368421,,,,
ADGRL3,ADGRL3,Messenger RNA,0.0,0,1,0.0,0.427850038255547,0.006578947368421,,,,
ANKH,ANKH,Messenger RNA,0.0,0,1,2.231246209077866e-05,0.4412182420703803,0.0131578947368421,1.0,,,
SLC25A16,SLC25A16,Messenger RNA,13.0,0,1,0.0002369667254025,0.2579335793357933,0.0131578947368421,0.0,,,
CMPK2,CMPK2,Messenger RNA,0.0,0,1,0.0,0.2199150542708824,0.006578947368421,,,,
SEPHS2,SEPHS2,Messenger RNA,0.0,0,1,0.0,0.3218973060096707,0.006578947368421,,,,
HMGB1,HMGB1,Messenger RNA,0.0,0,1,0.0001949155674536,0.428177641653905,0.0131578947368421,1.0,,,
ZNF827,ZNF827,Messenger RNA,0.0,0,1,0.0004605541577856,0.4594905505341002,0.0197368421052631,1.0,,,
USP2,USP2,Messenger RNA,0.0,0,1,0.0,0.3207157604955264,0.006578947368421,,,,
CTNNA2,CTNNA2,Messenger RNA,0.0,0,1,0.0,0.4003436426116838,0.006578947368421,,,,
NAV1,NAV1,Messenger RNA,0.0,0,1,0.0,0.2052260716382853,0.006578947368421,,,,
DIO1,DIO1,Messenger RNA,0.0,0,1,0.0,0.3989156798402054,0.006578947368421,,,,
MALSU1,MALSU1,Messenger RNA,0.0,0,1,0.0,0.435785536159601,0.006578947368421,,,,
SLC25A26,SLC25A26,Messenger RNA,0.0,0,1,0.0,0.3609604957397366,0.006578947368421,,,,
PDPR,PDPR,Messenger RNA,0.0,0,1,0.0,0.435785536159601,0.006578947368421,,,,
MAN1A1,MAN1A1,Messenger RNA,0.0,0,1,0.0,0.2039982489420691,0.006578947368421,,,,
PPP2R1A,PPP2R1A,Messenger RNA,0.0,0,1,0.0,0.4080560420315236,0.006578947368421,,,,
EML2,EML2,Messenger RNA,0.0,0,1,0.0,0.3631168831168831,0.006578947368421,,,,
KIF3C,KIF3C,Messenger RNA,7.0,0,1,0.0,0.3282460671519135,0.006578947368421,,,,
NEURL4,NEURL4,Messenger RNA,0.0,0,1,0.0,0.3988018827556696,0.006578947368421,,,,
NR4A3,NR4A3,Messenger RNA,0.0,0,1,0.0,0.3403944485025566,0.006578947368421,,,,
FNBP1,FNBP1,Messenger RNA,0.0,0,1,0.0,0.3513445589344056,0.006578947368421,,,,
CPLX2,CPLX2,Messenger RNA,0.0,0,1,0.0007007477571678,0.2646474207288216,0.0131578947368421,0.0,,,
COL8A1,COL8A1,Messenger RNA,0.0,6,0,,,,,,,
GPATCH3,GPATCH3,Messenger RNA,0.0,0,1,0.0,0.3696945656485522,0.006578947368421,,,,
SLC44A1,SLC44A1,Messenger RNA,0.0,0,1,0.0,0.3611469904417463,0.006578947368421,,,,
AP1G1,AP1G1,Messenger RNA,0.0,0,1,0.0,0.4003436426116838,0.006578947368421,,,,
PEX2,PEX2,Messenger RNA,0.0,0,1,0.0,0.4101510928560951,0.006578947368421,,,,
NCOR1,NCOR1,Messenger RNA,0.0,0,1,2.118762538775812e-05,0.4344988344988345,0.0131578947368421,1.0,,,
TTBK2,TTBK2,Messenger RNA,0.0,0,1,0.0,0.3988018827556696,0.006578947368421,,,,
NFIX,NFIX,Messenger RNA,0.0,0,1,0.0021007788038814,0.3632584123684552,0.0131578947368421,0.0,,,
ADNP,ADNP,Messenger RNA,0.0,0,1,0.000462020682917,0.43721657544957,0.0131578947368421,1.0,,,
SLC7A6,SLC7A6,Messenger RNA,0.0,0,1,0.0,0.2228954081632653,0.006578947368421,,,,
PTCD3,PTCD3,Messenger RNA,0.0,0,1,0.0,0.3988018827556696,0.006578947368421,,,,
HM13,HM13,Messenger RNA,0.0,0,1,0.0,0.3140161725067385,0.006578947368421,,,,
MMS19,MMS19,Messenger RNA,0.0,0,1,0.0,0.4279810194397673,0.006578947368421,,,,
KATNBL1,KATNBL1,Messenger RNA,0.0,0,1,0.0,0.3403944485025566,0.006578947368421,,,,
NCOA7,NCOA7,Messenger RNA,0.0,0,1,0.0,0.3282460671519135,0.006578947368421,,,,
TMOD2,TMOD2,Messenger RNA,0.0,0,1,0.0,0.415083135391924,0.006578947368421,,,,
RAD54L2,RAD54L2,Messenger RNA,0.0,0,1,9.184291358638186e-05,0.3945808636748518,0.0197368421052631,0.3333333333333333,,,
ADCY9,ADCY9,Messenger RNA,0.0,0,1,0.0,0.427850038255547,0.006578947368421,,,,
MINDY1,MINDY1,Messenger RNA,0.0,0,1,4.489057203105293e-05,0.4434575733544805,0.0131578947368421,1.0,,,
ELAPOR1,ELAPOR1,Messenger RNA,0.0,0,1,0.0,0.3218973060096707,0.006578947368421,,,,
FBXO33,FBXO33,Messenger RNA,0.0,0,1,0.0,0.353030303030303,0.006578947368421,,,,
FAS,FAS,Messenger RNA,0.0,0,1,0.0,0.427850038255547,0.006578947368421,,,,
ARPP19,ARPP19,Messenger RNA,0.0,0,1,0.0,0.4262844945875895,0.006578947368421,,,,
TSC22D2,TSC22D2,Messenger RNA,0.0,0,1,0.002224126677593,0.4745417515274949,0.0197368421052631,1.0,,,
COL12A1,COL12A1,Messenger RNA,0.0,0,1,0.0,0.2219752302318196,0.006578947368421,,,,
USP25,USP25,Messenger RNA,0.0,0,1,0.0,0.4262844945875895,0.006578947368421,,,,
MFN2,MFN2,Messenger RNA,0.0,0,1,0.0001309960592142,0.4447979637289214,0.0131578947368421,1.0,,,
CDS2,CDS2,Messenger RNA,0.0,0,1,0.000113778404956,0.4052761269749239,0.0131578947368421,0.0,,,
CDC42SE1,CDC42SE1,Messenger RNA,0.0,0,1,0.0,0.3798913043478261,0.006578947368421,,,,
SALL1,SALL1,Messenger RNA,0.0,0,1,0.0,0.4279810194397673,0.006578947368421,,,,
SLC20A2,SLC20A2,Messenger RNA,0.0,0,1,0.0,0.4080560420315236,0.006578947368421,,,,
NBEAL1,NBEAL1,Messenger RNA,0.0,0,1,0.0,0.3901213897028045,0.006578947368421,,,,
CDH8,CDH8,Messenger RNA,0.0,0,1,0.0,0.4161952962191128,0.006578947368421,,,,
SOCS4,SOCS4,Messenger RNA,0.0,0,1,0.0,0.427850038255547,0.006578947368421,,,,
C14orf28,C14orf28,Messenger RNA,0.0,0,1,0.0,0.4226757369614512,0.006578947368421,,,,
SLC25A27,SLC25A27,Messenger RNA,0.0,0,1,0.0,0.418187256954831,0.006578947368421,,,,
RBAK,RBAK,Messenger RNA,0.0,0,1,0.0,0.4279810194397673,0.006578947368421,,,,
CTPS1,CTPS1,Messenger RNA,0.0,0,1,0.0,0.427850038255547,0.006578947368421,,,,
TRMT10B,TRMT10B,Messenger RNA,0.0,0,1,0.0,0.419630796938316,0.006578947368421,,,,
BEST3,BEST3,Messenger RNA,0.0,0,1,5.811379452719616e-09,0.3810821861796374,0.0131578947368421,1.0,,,
NRK,NRK,Messenger RNA,0.0,0,1,0.0,0.427850038255547,0.006578947368421,,,,
NR1D2,NR1D2,Messenger RNA,0.0,0,1,0.0,0.4279810194397673,0.006578947368421,,,,
RAB18,RAB18,Messenger RNA,0.0,0,1,0.0,0.4003436426116838,0.006578947368421,,,,
FAM13B,FAM13B,Messenger RNA,0.0,0,1,0.0,0.3944695259593679,0.006578947368421,,,,
INSR,INSR,Messenger RNA,0.0,0,1,0.0,0.430021531836358,0.006578947368421,,,,
CDK1,CDK1,Messenger RNA,0.0,0,1,0.0,0.3282460671519135,0.006578947368421,,,,
RIT1,RIT1,Messenger RNA,0.0,0,1,0.0,0.4101510928560951,0.006578947368421,,,,
TSR1,TSR1,Messenger RNA,0.0,0,1,0.0,0.4226757369614512,0.006578947368421,,,,
CAB39L,CAB39L,Messenger RNA,0.0,0,1,0.0,0.3845413285655343,0.006578947368421,,,,
C1orf131,C1orf131,Messenger RNA,0.0,0,1,0.0,0.419630796938316,0.006578947368421,,,,
WTAP,WTAP,Messenger RNA,0.0,0,1,0.0,0.3629283489096573,0.006578947368421,,,,
SUSD6,SUSD6,Messenger RNA,0.0,0,1,0.0001309960592142,0.4447979637289214,0.0131578947368421,1.0,,,
TGOLN2,TGOLN2,Messenger RNA,0.0,0,1,0.0,0.435785536159601,0.006578947368421,,,,
LIMD1,LIMD1,Messenger RNA,0.0,0,1,0.0,0.3989156798402054,0.006578947368421,,,,
SLC29A2,SLC29A2,Messenger RNA,0.0,0,1,0.0,0.4226757369614512,0.006578947368421,,,,
BTBD9,BTBD9,Messenger RNA,0.0,0,1,0.0,0.3554990464081373,0.006578947368421,,,,
ALKBH1,ALKBH1,Messenger RNA,0.0,0,1,0.0,0.3530748831923223,0.006578947368421,,,,
PEX5L,PEX5L,Messenger RNA,0.0,0,1,5.4168703719436944e-05,0.3977806231327358,0.0131578947368421,1.0,,,
BRD4,BRD4,Messenger RNA,0.0,0,1,0.0002226788401557,0.425765189584285,0.0131578947368421,1.0,,,
RBFOX1,RBFOX1,Messenger RNA,0.0,0,1,0.0,0.3783491204330176,0.006578947368421,,,,
SEPTIN6,SEPTIN6,Messenger RNA,0.0,0,1,0.0,0.3860278889962723,0.006578947368421,,,,
ATXN3,ATXN3,Messenger RNA,0.0,0,1,0.0,0.353030303030303,0.006578947368421,,,,
RASA1,RASA1,Messenger RNA,0.0,0,1,0.0,0.3760086067778375,0.006578947368421,,,,
ATP1A2,ATP1A2,Messenger RNA,0.0,0,1,2.1346748669079136e-05,0.2238949391415759,0.0131578947368421,0.0,,,
MAP4K4,MAP4K4,Messenger RNA,0.0,0,1,0.0014010073584616,0.2566079295154185,0.0131578947368421,0.0,,,
ANGEL1,ANGEL1,Messenger RNA,0.0,0,1,0.0003590360475955,0.4485081809432146,0.0131578947368421,1.0,,,
RCAN1,RCAN1,Messenger RNA,0.0,0,1,0.0,0.4003436426116838,0.006578947368421,,,,
TMEM86A,TMEM86A,Messenger RNA,0.0,0,1,0.0,0.2201574803149606,0.006578947368421,,,,
KDM5B,KDM5B,Messenger RNA,0.0,0,1,0.0,0.3513445589344056,0.006578947368421,,,,
NDST1,NDST1,Messenger RNA,0.0,0,1,0.0005345293223416,0.4228675136116152,0.0131578947368421,0.0,,,
EIF5A,EIF5A,Messenger RNA,0.0,0,1,0.0,0.4080560420315236,0.006578947368421,,,,
ZBTB8A,ZBTB8A,Messenger RNA,0.0,0,1,2.231246209077866e-05,0.4412182420703803,0.0131578947368421,1.0,,,
UBALD1,UBALD1,Messenger RNA,0.0,0,1,0.0,0.4137931034482758,0.006578947368421,,,,
LRFN2,LRFN2,Messenger RNA,0.0,0,1,0.0,0.419630796938316,0.006578947368421,,,,
LSM14A,LSM14A,Messenger RNA,0.0,0,1,0.0,0.3416839789808139,0.006578947368421,,,,
TPM1,TPM1,Messenger RNA,0.0,0,1,0.0,0.3354931605471562,0.006578947368421,,,,
WIPF1,WIPF1,Messenger RNA,0.0,0,1,0.0001405836866307,0.2812028562808005,0.0131578947368421,1.0,,,
PSMF1,PSMF1,Messenger RNA,0.0,0,1,0.0004378777436864,0.4332868433286843,0.0131578947368421,1.0,,,
PKNOX2,PKNOX2,Messenger RNA,0.0,0,1,0.0,0.2566786009363812,0.006578947368421,,,,
LRRC14,LRRC14,Messenger RNA,0.0,0,1,0.0,0.4279810194397673,0.006578947368421,,,,
GNL1,GNL1,Messenger RNA,0.0,0,1,0.0,0.3845413285655343,0.006578947368421,,,,
GGA3,GGA3,Messenger RNA,0.0,0,1,0.0,0.4279810194397673,0.006578947368421,,,,
ACSL6,ACSL6,Messenger RNA,0.0,0,1,0.0,0.427850038255547,0.006578947368421,,,,
GSTO2,GSTO2,Messenger RNA,0.0,0,1,0.0,0.357361963190184,0.006578947368421,,,,
ZNF217,ZNF217,Messenger RNA,0.0,0,1,0.0002993349767112,0.4370115661144108,0.0131578947368421,1.0,,,
KIAA0513,KIAA0513,Messenger RNA,0.0,0,1,0.0007111866194102,0.4098504837291117,0.0131578947368421,1.0,,,
FLOT2,FLOT2,Messenger RNA,0.0,0,1,0.0,0.4279810194397673,0.006578947368421,,,,
HAPLN1,HAPLN1,Messenger RNA,0.0,1,0,,,,,,,
HIPK2,HIPK2,Messenger RNA,0.0,0,1,0.0,0.2677647960160889,0.006578947368421,,,,
IGF2R,IGF2R,Messenger RNA,0.0,0,1,0.0,0.3282460671519135,0.006578947368421,,,,
TMED9,TMED9,Messenger RNA,0.0,0,1,0.0,0.205060506050605,0.006578947368421,,,,
EPN1,EPN1,Messenger RNA,0.0,0,1,5.811379452719616e-09,0.3810821861796374,0.0131578947368421,1.0,,,
ELN,ELN,Messenger RNA,4.0,0,1,0.0,0.2566786009363812,0.006578947368421,,,,
ZSCAN12,ZSCAN12,Messenger RNA,0.0,0,1,0.0,0.3416839789808139,0.006578947368421,,,,
CD248,CD248,Messenger RNA,0.0,1,0,,,,,,,
SETD9,SETD9,Messenger RNA,0.0,7,0,,,,,,,
PRPSAP2,PRPSAP2,Messenger RNA,0.0,0,1,0.0,0.4003436426116838,0.006578947368421,,,,
LEMD2,LEMD2,Messenger RNA,0.0,0,1,0.0,0.3845413285655343,0.006578947368421,,,,
RER1,RER1,Messenger RNA,0.0,0,1,0.0,0.3282460671519135,0.006578947368421,,,,
B3GAT2,B3GAT2,Messenger RNA,0.0,0,1,0.0,0.4161952962191128,0.006578947368421,,,,
STK25,STK25,Messenger RNA,0.0,8,0,,,,,,,
NOS1,NOS1,Messenger RNA,0.0,0,1,0.0,0.4279810194397673,0.006578947368421,,,,
ISG20L2,ISG20L2,Messenger RNA,0.0,0,1,0.0,0.3354931605471562,0.006578947368421,,,,
YPEL1,YPEL1,Messenger RNA,0.0,0,1,0.0,0.435785536159601,0.006578947368421,,,,
KLK10,KLK10,Messenger RNA,0.0,0,1,0.0,0.3696945656485522,0.006578947368421,,,,
SCAMP2,SCAMP2,Messenger RNA,0.0,0,1,0.0,0.435785536159601,0.006578947368421,,,,
UTP25,UTP25,Messenger RNA,0.0,0,1,0.0,0.419630796938316,0.006578947368421,,,,
RSPO3,RSPO3,Messenger RNA,0.0,0,1,0.0,0.2572927210821754,0.006578947368421,,,,
CHAF1A,CHAF1A,Messenger RNA,0.0,0,1,0.0,0.435785536159601,0.006578947368421,,,,
ICE1,ICE1,Messenger RNA,0.0,0,1,0.0,0.4279810194397673,0.006578947368421,,,,
RARB,RARB,Messenger RNA,0.0,0,1,0.0,0.4226757369614512,0.006578947368421,,,,
FAF2,FAF2,Messenger RNA,0.0,0,1,0.0,0.4279810194397673,0.006578947368421,,,,
EPDR1,EPDR1,Messenger RNA,0.0,0,1,0.0,0.328169014084507,0.006578947368421,,,,
GGCT,GGCT,Messenger RNA,0.0,0,1,0.0,0.3354931605471562,0.006578947368421,,,,
CHEK2,CHEK2,Messenger RNA,0.0,0,1,0.0,0.3416839789808139,0.006578947368421,,,,
IREB2,IREB2,Messenger RNA,0.0,0,1,0.0,0.3636836628511967,0.006578947368421,,,,
ARRB1,ARRB1,Messenger RNA,0.0,0,1,0.0,0.4137931034482758,0.006578947368421,,,,
PTPN4,PTPN4,Messenger RNA,0.0,0,1,2.231246209077866e-05,0.4412182420703803,0.0131578947368421,1.0,,,
CDK6,CDK6,Messenger RNA,0.0,0,1,0.0002837818288715,0.4642975755562936,0.0131578947368421,1.0,,,
CASP10,CASP10,Messenger RNA,0.0,0,1,0.0,0.2566786009363812,0.006578947368421,,,,
PKDCC,PKDCC,Messenger RNA,0.0,0,1,0.0,0.219328522121117,0.006578947368421,,,,
KLHL5,KLHL5,Messenger RNA,0.0,0,1,0.0,0.2549699069852271,0.006578947368421,,,,
DCAF16,DCAF16,Messenger RNA,0.0,0,1,0.0,0.419630796938316,0.006578947368421,,,,
WNT9B,WNT9B,Messenger RNA,0.0,0,1,0.0,0.2584820190440972,0.006578947368421,,,,
FGF18,FGF18,Messenger RNA,0.0,1,0,,,,,,,
ADAT2,ADAT2,Messenger RNA,0.0,0,1,0.0,0.4055700609225413,0.006578947368421,,,,
RMND5B,RMND5B,Messenger RNA,0.0,0,1,0.0,0.4080560420315236,0.006578947368421,,,,
IGF2BP1,IGF2BP1,Messenger RNA,0.0,0,1,0.0001620752034152,0.3748994368463395,0.0131578947368421,0.0,,,
RPS15A,RPS15A,Messenger RNA,0.0,0,1,0.0,0.3856551724137931,0.006578947368421,,,,
CNP,CNP,Messenger RNA,0.0,0,1,0.0,0.3845413285655343,0.006578947368421,,,,
TNFRSF11A,TNFRSF11A,Messenger RNA,0.0,0,1,0.0,0.3631168831168831,0.006578947368421,,,,
CLPB,CLPB,Messenger RNA,0.0,0,1,0.0008620458237114,0.4157620817843866,0.0131578947368421,0.0,,,
UTP15,UTP15,Messenger RNA,0.0,0,1,0.0,0.427850038255547,0.006578947368421,,,,
PPP3R1,PPP3R1,Messenger RNA,0.0,0,1,0.0,0.2546216191603679,0.006578947368421,,,,
TMX4,TMX4,Messenger RNA,0.0,0,1,0.0,0.427850038255547,0.006578947368421,,,,
STX5,STX5,Messenger RNA,0.0,0,1,0.0,0.419630796938316,0.006578947368421,,,,
CCND3,CCND3,Messenger RNA,0.0,0,1,0.0,0.4080560420315236,0.006578947368421,,,,
ZFYVE27,ZFYVE27,Messenger RNA,0.0,0,1,0.0,0.4080560420315236,0.006578947368421,,,,
ACVR1,ACVR1,Messenger RNA,0.0,0,1,5.811379452719616e-09,0.3810821861796374,0.0131578947368421,1.0,,,
TNKS,TNKS,Messenger RNA,0.0,0,1,0.0,0.419630796938316,0.006578947368421,,,,
GPR63,GPR63,Messenger RNA,0.0,0,1,0.0002837818288715,0.4642975755562936,0.0131578947368421,1.0,,,
RPGRIP1L,RPGRIP1L,Messenger RNA,0.0,0,1,0.0,0.4279810194397673,0.006578947368421,,,,
HSF2,HSF2,Messenger RNA,0.0,0,1,0.0,0.4055700609225413,0.006578947368421,,,,
KIAA0408,KIAA0408,Messenger RNA,0.0,0,1,0.0,0.2213601456733433,0.006578947368421,,,,
PCDH7,PCDH7,Messenger RNA,0.0,0,1,0.0002231983404454,0.4249886000911992,0.0131578947368421,1.0,,,
KMT2D,KMT2D,Messenger RNA,0.0,0,1,0.0,0.430021531836358,0.006578947368421,,,,
ZFYVE26,ZFYVE26,Messenger RNA,0.0,0,1,0.0,0.418187256954831,0.006578947368421,,,,
PLEKHA6,PLEKHA6,Messenger RNA,0.0,0,1,0.0,0.3218973060096707,0.006578947368421,,,,
URB1,URB1,Messenger RNA,0.0,0,1,0.0,0.3631168831168831,0.006578947368421,,,,
NIPAL2,NIPAL2,Messenger RNA,0.0,0,1,0.0,0.3513445589344056,0.006578947368421,,,,
SYPL2,SYPL2,Messenger RNA,0.0,0,1,0.0,0.2566786009363812,0.006578947368421,,,,
PEAK1,PEAK1,Messenger RNA,0.0,0,1,0.0,0.2572690467427309,0.006578947368421,,,,
FCHO2,FCHO2,Messenger RNA,0.0,0,1,0.0,0.3901213897028045,0.006578947368421,,,,
BCR,BCR,Messenger RNA,0.0,0,1,0.0,0.4080560420315236,0.006578947368421,,,,
FRMD5,FRMD5,Messenger RNA,0.0,0,1,0.0,0.427850038255547,0.006578947368421,,,,
COG5,COG5,Messenger RNA,0.0,0,1,0.0,0.3944695259593679,0.006578947368421,,,,
APPL2,APPL2,Messenger RNA,0.0,0,1,0.0,0.419630796938316,0.006578947368421,,,,
MTCL1,MTCL1,Messenger RNA,0.0,0,1,0.0,0.3988018827556696,0.006578947368421,,,,
B3GAT3,B3GAT3,Messenger RNA,0.0,0,1,0.0,0.3696945656485522,0.006578947368421,,,,
MAF,MAF,Messenger RNA,0.0,0,1,0.0,0.2799359231077293,0.006578947368421,,,,
NAA40,NAA40,Messenger RNA,0.0,0,1,0.0,0.3856551724137931,0.006578947368421,,,,
BMI1,BMI1,Messenger RNA,0.0,0,1,0.0,0.4010902309568211,0.006578947368421,,,,
PPP4R2,PPP4R2,Messenger RNA,0.0,0,1,4.068616874175868e-05,0.3900669642857143,0.0131578947368421,1.0,,,
ACTC1,ACTC1,Messenger RNA,0.0,0,1,0.0,0.328169014084507,0.006578947368421,,,,
RNF6,RNF6,Messenger RNA,0.0,0,1,0.0,0.4226757369614512,0.006578947368421,,,,
PPARGC1B,PPARGC1B,Messenger RNA,0.0,0,1,0.0,0.4082347787998248,0.006578947368421,,,,
E2F2,E2F2,Messenger RNA,0.0,0,1,0.0019501872072283,0.4410094637223974,0.0131578947368421,1.0,,,
PLPP6,PLPP6,Messenger RNA,0.0,0,1,0.0,0.427850038255547,0.006578947368421,,,,
MORF4L1,MORF4L1,Messenger RNA,0.0,0,1,0.0,0.4226757369614512,0.006578947368421,,,,
TMTC3,TMTC3,Messenger RNA,0.0,0,1,0.0,0.3465542885473475,0.006578947368421,,,,
FGF14,FGF14,Messenger RNA,0.0,0,1,0.0,0.3664002096710785,0.006578947368421,,,,
TRIM41,TRIM41,Messenger RNA,0.0,0,1,0.0,0.3696945656485522,0.006578947368421,,,,
SESN3,SESN3,Messenger RNA,0.0,0,1,0.0002401235064878,0.4217194570135746,0.0131578947368421,1.0,,,
MRGBP,MRGBP,Messenger RNA,0.0,0,1,0.0,0.4003436426116838,0.006578947368421,,,,
UBE4A,UBE4A,Messenger RNA,0.0,0,1,0.0001116815368283,0.4317479925880172,0.0131578947368421,1.0,,,
LRRFIP2,LRRFIP2,Messenger RNA,0.0,0,1,0.0,0.4080560420315236,0.006578947368421,,,,
ELMOD3,ELMOD3,Messenger RNA,0.0,0,1,0.0,0.2220457433290978,0.006578947368421,,,,
MTDH,MTDH,Messenger RNA,0.0,0,1,0.0003108057399604,0.4216558588448197,0.0131578947368421,1.0,,,
KIF16B,KIF16B,Messenger RNA,0.0,0,1,0.0,0.3783491204330176,0.006578947368421,,,,
SSH1,SSH1,Messenger RNA,0.0,0,1,0.0,0.418187256954831,0.006578947368421,,,,
LRRC8D,LRRC8D,Messenger RNA,0.0,0,1,0.0,0.4279810194397673,0.006578947368421,,,,
CCND1,CCND1,Messenger RNA,0.0,0,1,0.0,0.435785536159601,0.006578947368421,,,,
STYX,STYX,Messenger RNA,0.0,0,1,0.0,0.4226757369614512,0.006578947368421,,,,
EIF4H,EIF4H,Messenger RNA,0.0,0,1,0.0,0.4226757369614512,0.006578947368421,,,,
LYSMD2,LYSMD2,Messenger RNA,0.0,0,1,0.0,0.3944695259593679,0.006578947368421,,,,
TAF7L,TAF7L,Messenger RNA,0.0,0,1,0.0,0.419630796938316,0.006578947368421,,,,
PCDH18,PCDH18,Messenger RNA,0.0,0,1,0.0,0.2568200606227611,0.006578947368421,,,,
GRB2,GRB2,Messenger RNA,0.0,0,1,0.0,0.4109347442680776,0.006578947368421,,,,
FAM135A,FAM135A,Messenger RNA,0.0,0,1,0.0,0.430021531836358,0.006578947368421,,,,
ATP8B2,ATP8B2,Messenger RNA,0.0,0,1,0.0,0.3798913043478261,0.006578947368421,,,,
PI4K2B,PI4K2B,Messenger RNA,0.0,0,1,0.0,0.4003436426116838,0.006578947368421,,,,
AFF4,AFF4,Messenger RNA,0.0,0,1,0.0,0.4279810194397673,0.006578947368421,,,,
CYP4F22,CYP4F22,Messenger RNA,0.0,0,1,0.0,0.3798913043478261,0.006578947368421,,,,
NUP133,NUP133,Messenger RNA,0.0,0,1,0.0,0.3535660091047041,0.006578947368421,,,,
TTC7B,TTC7B,Messenger RNA,0.0,0,1,0.0,0.2200362005193987,0.006578947368421,,,,
ZNF793,ZNF793,Messenger RNA,17.0,0,1,0.0,0.353030303030303,0.006578947368421,,,,
PCSK5,PCSK5,Messenger RNA,0.0,0,1,0.0,0.2568200606227611,0.006578947368421,,,,
UBE2QL1,UBE2QL1,Messenger RNA,0.0,0,1,0.0,0.430021531836358,0.006578947368421,,,,
NPTN,NPTN,Messenger RNA,0.0,0,1,0.0,0.3858680651393872,0.006578947368421,,,,
SNX13,SNX13,Messenger RNA,0.0,0,1,0.0001517450801837,0.4117213959652481,0.0131578947368421,1.0,,,
FBRS,FBRS,Messenger RNA,0.0,0,1,0.0,0.3354931605471562,0.006578947368421,,,,
PCDHA2,PCDHA2,Messenger RNA,0.0,0,1,0.0,0.430021531836358,0.006578947368421,,,,
BEST4,BEST4,Messenger RNA,0.0,0,1,0.0,0.4262844945875895,0.006578947368421,,,,
HS3ST5,HS3ST5,Messenger RNA,0.0,0,1,0.0004597271515179,0.4418457648546144,0.0131578947368421,1.0,,,
ZNF449,ZNF449,Messenger RNA,0.0,0,1,4.489057203105293e-05,0.4434575733544805,0.0131578947368421,1.0,,,
SEC23A,SEC23A,Messenger RNA,0.0,0,1,0.0,0.328169014084507,0.006578947368421,,,,
TMEM30A,TMEM30A,Messenger RNA,0.0,0,1,0.0,0.406041243101946,0.006578947368421,,,,
TFDP2,TFDP2,Messenger RNA,0.0,0,1,0.0001517450801837,0.4117213959652481,0.0131578947368421,1.0,,,
DDX19B,DDX19B,Messenger RNA,0.0,0,1,0.0,0.3696945656485522,0.006578947368421,,,,
AURKA,AURKA,Messenger RNA,0.0,0,1,0.0,0.4082347787998248,0.006578947368421,,,,
LAPTM4A,LAPTM4A,Messenger RNA,0.0,0,1,1.742265621840977e-05,0.4374902206227507,0.0131578947368421,1.0,,,
PPP1R12B,PPP1R12B,Messenger RNA,0.0,0,1,0.0,0.427850038255547,0.006578947368421,,,,
PPP1R15B,PPP1R15B,Messenger RNA,0.0,0,1,0.0,0.418187256954831,0.006578947368421,,,,
DGCR2,DGCR2,Messenger RNA,0.0,0,1,0.0,0.3207157604955264,0.006578947368421,,,,
LIPH,LIPH,Messenger RNA,0.0,0,1,0.0003847826427483,0.4320815948076031,0.0131578947368421,1.0,,,
UNG,UNG,Messenger RNA,0.0,0,1,0.0,0.4055700609225413,0.006578947368421,,,,
GDI1,GDI1,Messenger RNA,0.0,0,1,0.0,0.3284774436090225,0.006578947368421,,,,
PDE5A,PDE5A,Messenger RNA,0.0,0,1,0.0,0.4137931034482758,0.006578947368421,,,,
RAB34,RAB34,Messenger RNA,0.0,0,1,0.0,0.3944695259593679,0.006578947368421,,,,
RANBP3,RANBP3,Messenger RNA,0.0,0,1,0.0,0.430021531836358,0.006578947368421,,,,
RXRA,RXRA,Messenger RNA,0.0,0,1,5.105538050725733e-05,0.2225051726882062,0.0131578947368421,0.0,,,
COG3,COG3,Messenger RNA,0.0,0,1,0.0,0.4262844945875895,0.006578947368421,,,,
SHISAL1,SHISAL1,Messenger RNA,0.0,0,1,0.0,0.3845413285655343,0.006578947368421,,,,
LCLAT1,LCLAT1,Messenger RNA,0.0,0,1,0.0,0.3611469904417463,0.006578947368421,,,,
HCAR3,HCAR3,Messenger RNA,0.0,0,1,0.0,0.2571743929359823,0.006578947368421,,,,
LMLN,LMLN,Messenger RNA,0.0,0,1,0.0,0.3944695259593679,0.006578947368421,,,,
PHF3,PHF3,Messenger RNA,0.0,0,1,0.0,0.3525406632202749,0.006578947368421,,,,
GK5,GK5,Messenger RNA,0.0,0,1,0.0,0.419630796938316,0.006578947368421,,,,
G3BP2,G3BP2,Messenger RNA,0.0,0,1,0.0,0.4279810194397673,0.006578947368421,,,,
SCRG1,SCRG1,Messenger RNA,0.0,0,1,0.0,0.4082347787998248,0.006578947368421,,,,
PCTP,PCTP,Messenger RNA,0.0,3,0,,,,,,,
NR3C2,NR3C2,Messenger RNA,0.0,0,1,5.811379452719616e-09,0.3810821861796374,0.0131578947368421,1.0,,,
MSANTD4,MSANTD4,Messenger RNA,0.0,0,1,0.0,0.4010902309568211,0.006578947368421,,,,
MVB12B,MVB12B,Messenger RNA,0.0,0,1,0.0,0.2997427101200686,0.006578947368421,,,,
LRRC8C,LRRC8C,Messenger RNA,0.0,0,1,0.0,0.2225760229262856,0.006578947368421,,,,
FERMT2,FERMT2,Messenger RNA,0.0,9,0,,,,,,,
KBTBD2,KBTBD2,Messenger RNA,0.0,0,1,0.0,0.3783491204330176,0.006578947368421,,,,
CROT,CROT,Messenger RNA,0.0,0,1,0.0,0.3990295418866847,0.006578947368421,,,,
RCVRN,RCVRN,Messenger RNA,0.0,10,0,,,,,,,
SEMA5A,SEMA5A,Messenger RNA,0.0,0,1,0.0,0.4226757369614512,0.006578947368421,,,,
FAM174B,FAM174B,Messenger RNA,0.0,0,1,0.0,0.4003436426116838,0.006578947368421,,,,
ADCY6,ADCY6,Messenger RNA,0.0,0,1,0.0,0.2997427101200686,0.006578947368421,,,,
NOVA1,NOVA1,Messenger RNA,0.0,0,1,0.0,0.2225051726882062,0.006578947368421,,,,
PRCC,PRCC,Messenger RNA,0.0,0,1,0.0036326721033175,0.3641099101445501,0.0131578947368421,0.0,,,
ARHGEF37,ARHGEF37,Messenger RNA,0.0,0,1,0.0,0.3631168831168831,0.006578947368421,,,,
TNFSF10,TNFSF10,Messenger RNA,0.0,0,1,0.0,0.3944695259593679,0.006578947368421,,,,
KRBA1,KRBA1,Messenger RNA,0.0,0,1,0.0,0.3218973060096707,0.006578947368421,,,,
PXYLP1,PXYLP1,Messenger RNA,0.0,0,1,0.0,0.3354931605471562,0.006578947368421,,,,
LONRF2,LONRF2,Messenger RNA,0.0,0,1,0.0,0.2997427101200686,0.006578947368421,,,,
ZRANB3,ZRANB3,Messenger RNA,0.0,0,1,0.0,0.4003436426116838,0.006578947368421,,,,
ZNF24,ZNF24,Messenger RNA,0.0,0,1,0.0,0.427850038255547,0.006578947368421,,,,
BTG1,BTG1,Messenger RNA,0.0,0,1,0.0,0.4226757369614512,0.006578947368421,,,,
PIAS4,PIAS4,Messenger RNA,0.0,0,1,0.0,0.3696945656485522,0.006578947368421,,,,
PPP1R12A,PPP1R12A,Messenger RNA,0.0,0,1,0.0,0.3988018827556696,0.006578947368421,,,,
PLEKHH3,PLEKHH3,Messenger RNA,0.0,0,1,0.0,0.3530748831923223,0.006578947368421,,,,
RNF43,RNF43,Messenger RNA,0.0,0,1,0.0,0.4262844945875895,0.006578947368421,,,,
KCMF1,KCMF1,Messenger RNA,0.0,0,1,0.0,0.4055700609225413,0.006578947368421,,,,
N4BP2,N4BP2,Messenger RNA,0.0,0,1,0.0,0.3525406632202749,0.006578947368421,,,,
SH3GLB1,SH3GLB1,Messenger RNA,0.0,0,1,0.0,0.2225760229262856,0.006578947368421,,,,
BHLHE41,BHLHE41,Messenger RNA,0.0,0,1,0.0,0.3535660091047041,0.006578947368421,,,,
RBL2,RBL2,Messenger RNA,0.0,0,1,0.0,0.435785536159601,0.006578947368421,,,,
STEAP3,STEAP3,Messenger RNA,0.0,0,1,0.0,0.3696945656485522,0.006578947368421,,,,
RNF141,RNF141,Messenger RNA,0.0,0,1,0.0,0.353030303030303,0.006578947368421,,,,
ATG2B,ATG2B,Messenger RNA,0.0,0,1,0.0,0.3901213897028045,0.006578947368421,,,,
CSDE1,CSDE1,Messenger RNA,0.0,0,1,0.0,0.430021531836358,0.006578947368421,,,,
RFTN1,RFTN1,Messenger RNA,0.0,0,1,0.0,0.222700119474313,0.006578947368421,,,,
SYNJ1,SYNJ1,Messenger RNA,0.0,0,1,0.0,0.3470274295643539,0.006578947368421,,,,
LIN54,LIN54,Messenger RNA,0.0,0,1,0.0,0.3525406632202749,0.006578947368421,,,,
SHISA6,SHISA6,Messenger RNA,0.0,0,1,0.0,0.2236263296808766,0.006578947368421,,,,
LIN52,LIN52,Messenger RNA,0.0,0,1,0.0,0.4226757369614512,0.006578947368421,,,,
ADAMTS15,ADAMTS15,Messenger RNA,0.0,0,1,0.0,0.3262543757292882,0.006578947368421,,,,
STT3A,STT3A,Messenger RNA,0.0,0,1,8.249715480677274e-05,0.3459967825764138,0.0131578947368421,0.0,,,
PPARD,PPARD,Messenger RNA,0.0,0,1,0.0,0.418187256954831,0.006578947368421,,,,
CPEB2,CPEB2,Messenger RNA,0.0,0,1,0.0,0.4082347787998248,0.006578947368421,,,,
LIF,LIF,Messenger RNA,0.0,0,1,0.0,0.418187256954831,0.006578947368421,,,,
MAD2L1,MAD2L1,Messenger RNA,0.0,0,1,0.0,0.3282460671519135,0.006578947368421,,,,
EPB41L5,EPB41L5,Messenger RNA,0.0,0,1,0.0,0.4003436426116838,0.006578947368421,,,,
CPEB1,CPEB1,Messenger RNA,0.0,0,1,0.0,0.427850038255547,0.006578947368421,,,,
TGFBR3,TGFBR3,Messenger RNA,0.0,0,1,0.0,0.3609604957397366,0.006578947368421,,,,
ZNF784,ZNF784,Messenger RNA,0.0,0,1,0.0,0.3696945656485522,0.006578947368421,,,,
CPT1A,CPT1A,Messenger RNA,0.0,0,1,0.0,0.3988018827556696,0.006578947368421,,,,
PPP1R3F,PPP1R3F,Messenger RNA,0.0,0,1,0.0,0.4262844945875895,0.006578947368421,,,,
SLC7A11,SLC7A11,Messenger RNA,0.0,0,1,0.0,0.3525406632202749,0.006578947368421,,,,
YPEL4,YPEL4,Messenger RNA,0.0,0,1,0.0,0.418187256954831,0.006578947368421,,,,
PHKA1,PHKA1,Messenger RNA,0.0,0,1,0.0,0.4080560420315236,0.006578947368421,,,,
DKK3,DKK3,Messenger RNA,0.0,0,1,0.0,0.2659058487874465,0.006578947368421,,,,
KCNJ3,KCNJ3,Messenger RNA,0.0,0,1,0.0,0.2997427101200686,0.006578947368421,,,,
PJA2,PJA2,Messenger RNA,0.0,0,1,0.0,0.3989156798402054,0.006578947368421,,,,
CLCN6,CLCN6,Messenger RNA,0.0,0,1,0.0,0.3988018827556696,0.006578947368421,,,,
THOC2,THOC2,Messenger RNA,0.0,0,1,0.0,0.4279810194397673,0.006578947368421,,,,
PGP,PGP,Messenger RNA,0.0,1,0,,,,,,,
IPCEF1,IPCEF1,Messenger RNA,0.0,0,1,0.0,0.435785536159601,0.006578947368421,,,,
SRP72,SRP72,Messenger RNA,0.0,0,1,0.0,0.4262844945875895,0.006578947368421,,,,
NOL4L,NOL4L,Messenger RNA,0.0,0,1,0.0,0.353030303030303,0.006578947368421,,,,
RNF44,RNF44,Messenger RNA,0.0,0,1,0.0002756503020874,0.4027077632147486,0.0131578947368421,0.0,,,
VPS13D,VPS13D,Messenger RNA,16.0,0,1,0.0,0.3611469904417463,0.006578947368421,,,,
GSTCD,GSTCD,Messenger RNA,0.0,0,1,0.0,0.4279810194397673,0.006578947368421,,,,
ELAVL4,ELAVL4,Messenger RNA,0.0,0,1,0.0,0.3988018827556696,0.006578947368421,,,,
THRB,THRB,Messenger RNA,0.0,0,1,0.0,0.435785536159601,0.006578947368421,,,,
PANK2,PANK2,Messenger RNA,0.0,0,1,0.0,0.3636836628511967,0.006578947368421,,,,
MTRES1,MTRES1,Messenger RNA,0.0,3,0,,,,,,,
TIGIT,TIGIT,Messenger RNA,0.0,0,1,0.0,0.353030303030303,0.006578947368421,,,,
CDC42,CDC42,Messenger RNA,0.0,0,1,0.0,0.3856551724137931,0.006578947368421,,,,
SREBF2,SREBF2,Messenger RNA,0.0,0,1,0.0002298946263785,0.3975543864638134,0.0131578947368421,1.0,,,
TMEM38A,TMEM38A,Messenger RNA,0.0,0,1,0.0,0.4080560420315236,0.006578947368421,,,,
VAPB,VAPB,Messenger RNA,0.0,0,1,0.0008801277967921,0.4347690872337117,0.0131578947368421,0.0,,,
ZC2HC1C,ZC2HC1C,Messenger RNA,0.0,0,1,0.0,0.4003436426116838,0.006578947368421,,,,
MARCHF8,MARCHF8,Messenger RNA,0.0,0,1,0.0,0.4082347787998248,0.006578947368421,,,,
SESTD1,SESTD1,Messenger RNA,0.0,0,1,0.0,0.2195179398602496,0.006578947368421,,,,
FEN1,FEN1,Messenger RNA,0.0,0,1,0.0,0.3845413285655343,0.006578947368421,,,,
FBRSL1,FBRSL1,Messenger RNA,0.0,0,1,0.0,0.2997427101200686,0.006578947368421,,,,
GNAQ,GNAQ,Messenger RNA,0.0,0,1,0.0,0.3609604957397366,0.006578947368421,,,,
CHI3L1,CHI3L1,Messenger RNA,0.0,0,1,0.0,0.419630796938316,0.006578947368421,,,,
SOX11,SOX11,Messenger RNA,0.0,0,1,0.0004144225008818,0.4111160123511248,0.0131578947368421,0.0,,,
IQSEC2,IQSEC2,Messenger RNA,0.0,0,1,0.0,0.435785536159601,0.006578947368421,,,,
CDKL2,CDKL2,Messenger RNA,0.0,0,1,0.0,0.3682824025289778,0.006578947368421,,,,
H2AW,H2AW,Messenger RNA,0.0,0,1,0.0,0.3218973060096707,0.006578947368421,,,,
UCP3,UCP3,Messenger RNA,0.0,0,1,6.270929812323344e-05,0.4079964978841383,0.0131578947368421,1.0,,,
NIN,NIN,Messenger RNA,0.0,0,1,0.0,0.418187256954831,0.006578947368421,,,,
GATA6,GATA6,Messenger RNA,0.0,0,1,0.0,0.2592249211941405,0.006578947368421,,,,
BCL2L12,BCL2L12,Messenger RNA,0.0,0,1,0.0,0.419630796938316,0.006578947368421,,,,
SLC35E1,SLC35E1,Messenger RNA,0.0,0,1,0.0,0.4003436426116838,0.006578947368421,,,,
SYNJ2BP,SYNJ2BP,Messenger RNA,0.0,0,1,0.0,0.427850038255547,0.006578947368421,,,,
KANK1,KANK1,Messenger RNA,0.0,0,1,0.0,0.2572927210821754,0.006578947368421,,,,
YIPF2,YIPF2,Messenger RNA,0.0,0,1,0.0,0.3845413285655343,0.006578947368421,,,,
CDKN1C,CDKN1C,Messenger RNA,0.0,0,1,0.0,0.2065450247469897,0.006578947368421,,,,
KDR,KDR,Messenger RNA,0.0,0,1,0.0,0.219328522121117,0.006578947368421,,,,
STRIP2,STRIP2,Messenger RNA,0.0,0,1,0.0,0.418187256954831,0.006578947368421,,,,
HOOK1,HOOK1,Messenger RNA,0.0,0,1,0.0,0.427850038255547,0.006578947368421,,,,
RNF213,RNF213,Messenger RNA,0.0,0,1,0.0,0.4080560420315236,0.006578947368421,,,,
CALU,CALU,Messenger RNA,0.0,0,1,0.0,0.207526163437987,0.006578947368421,,,,
CERS1,CERS1,Messenger RNA,0.0,0,1,0.0,0.4080560420315236,0.006578947368421,,,,
GABRB2,GABRB2,Messenger RNA,0.0,0,1,0.0,0.2225760229262856,0.006578947368421,,,,
PALD1,PALD1,Messenger RNA,0.0,0,1,0.0,0.3858680651393872,0.006578947368421,,,,
IVD,IVD,Messenger RNA,0.0,0,1,0.0,0.3845413285655343,0.006578947368421,,,,
KLHL2,KLHL2,Messenger RNA,0.0,0,1,0.0,0.4226757369614512,0.006578947368421,,,,
COL4A5,COL4A5,Messenger RNA,0.0,0,1,0.0,0.3354931605471562,0.006578947368421,,,,
ATP8A1,ATP8A1,Messenger RNA,0.0,0,1,0.0,0.3470274295643539,0.006578947368421,,,,
TSPYL2,TSPYL2,Messenger RNA,0.0,0,1,0.0,0.430021531836358,0.006578947368421,,,,
VAV2,VAV2,Messenger RNA,0.0,0,1,0.0,0.3164327750113173,0.006578947368421,,,,
GABRA3,GABRA3,Messenger RNA,0.0,11,0,,,,,,,
WNT7B,WNT7B,Messenger RNA,0.0,0,1,0.0,0.3523185483870967,0.006578947368421,,,,
ABRAXAS2,ABRAXAS2,Messenger RNA,0.0,0,1,0.0,0.3535660091047041,0.006578947368421,,,,
GRIN3A,GRIN3A,Messenger RNA,0.0,0,1,0.0014649382008188,0.4402456306093528,0.0131578947368421,1.0,,,
MAP3K4,MAP3K4,Messenger RNA,0.0,0,1,0.0,0.3988018827556696,0.006578947368421,,,,
PFKM,PFKM,Messenger RNA,0.0,0,1,0.0,0.2659058487874465,0.006578947368421,,,,
KCND1,KCND1,Messenger RNA,0.0,0,1,0.0,0.4109347442680776,0.006578947368421,,,,
TXLNG,TXLNG,Messenger RNA,0.0,0,1,0.0,0.4262844945875895,0.006578947368421,,,,
FBXO44,FBXO44,Messenger RNA,0.0,0,1,0.0,0.3845413285655343,0.006578947368421,,,,
ZNF831,ZNF831,Messenger RNA,0.0,0,1,0.0,0.4262844945875895,0.006578947368421,,,,
ACBD5,ACBD5,Messenger RNA,0.0,0,1,0.0,0.435785536159601,0.006578947368421,,,,
SEC24A,SEC24A,Messenger RNA,0.0,0,1,0.0,0.430021531836358,0.006578947368421,,,,
DPYSL5,DPYSL5,Messenger RNA,0.0,2,0,,,,,,,
PTPRQ,PTPRQ,Messenger RNA,0.0,0,1,0.0,0.222700119474313,0.006578947368421,,,,
NUAK1,NUAK1,Messenger RNA,0.0,0,1,0.0,0.2568200606227611,0.006578947368421,,,,
VSIR,VSIR,Messenger RNA,0.0,1,0,,,,,,,
BCLAF1,BCLAF1,Messenger RNA,0.0,0,1,0.0,0.3530748831923223,0.006578947368421,,,,
USP20,USP20,Messenger RNA,0.0,0,1,0.0,0.3513445589344056,0.006578947368421,,,,
RBFOX2,RBFOX2,Messenger RNA,0.0,0,1,0.0,0.357361963190184,0.006578947368421,,,,
MIDN,MIDN,Messenger RNA,0.0,0,1,0.0,0.2592729970326409,0.006578947368421,,,,
RASGEF1A,RASGEF1A,Messenger RNA,0.0,0,1,0.0,0.3535660091047041,0.006578947368421,,,,
NSUN4,NSUN4,Messenger RNA,0.0,0,1,0.0,0.4003436426116838,0.006578947368421,,,,
TRAK1,TRAK1,Messenger RNA,0.0,0,1,0.0,0.430021531836358,0.006578947368421,,,,
SHROOM3,SHROOM3,Messenger RNA,0.0,0,1,0.0,0.4262844945875895,0.006578947368421,,,,
CSF1,CSF1,Messenger RNA,0.0,0,1,0.0,0.2195179398602496,0.006578947368421,,,,
ASB13,ASB13,Messenger RNA,0.0,0,1,0.0,0.3513445589344056,0.006578947368421,,,,
SH3PXD2A,SH3PXD2A,Messenger RNA,0.0,0,1,0.0,0.4082347787998248,0.006578947368421,,,,
CXADR,CXADR,Messenger RNA,0.0,0,1,0.0,0.3845413285655343,0.006578947368421,,,,
KCNJ6,KCNJ6,Messenger RNA,0.0,0,1,0.0,0.3063773833004602,0.006578947368421,,,,
MEF2C,MEF2C,Messenger RNA,0.0,0,1,0.0,0.2584820190440972,0.006578947368421,,,,
UBXN7,UBXN7,Messenger RNA,0.0,0,1,0.0,0.4279810194397673,0.006578947368421,,,,
BIN3,BIN3,Messenger RNA,0.0,0,1,0.0,0.3696945656485522,0.006578947368421,,,,
DLGAP2,DLGAP2,Messenger RNA,0.0,0,1,0.0,0.3783491204330176,0.006578947368421,,,,
STRN3,STRN3,Messenger RNA,0.0,0,1,0.0,0.3783491204330176,0.006578947368421,,,,
PPARG,PPARG,Messenger RNA,0.0,0,1,0.0,0.2199150542708824,0.006578947368421,,,,
MMP11,MMP11,Messenger RNA,0.0,0,1,0.0,0.268047167098073,0.006578947368421,,,,
LETM1,LETM1,Messenger RNA,0.0,0,1,0.0,0.2520735665344392,0.006578947368421,,,,
UVRAG,UVRAG,Messenger RNA,0.0,0,1,0.0,0.2220457433290978,0.006578947368421,,,,
APPBP2,APPBP2,Messenger RNA,0.0,0,1,0.0,0.3636836628511967,0.006578947368421,,,,
C1orf74,C1orf74,Messenger RNA,0.0,0,1,0.0,0.3282460671519135,0.006578947368421,,,,
PRRX1,PRRX1,Messenger RNA,0.0,0,1,0.0,0.2225760229262856,0.006578947368421,,,,
MTUS1,MTUS1,Messenger RNA,0.0,0,1,0.0,0.427850038255547,0.006578947368421,,,,
YPEL2,YPEL2,Messenger RNA,0.0,0,1,0.0,0.2553191489361702,0.006578947368421,,,,
ZNF236,ZNF236,Messenger RNA,0.0,0,1,0.0,0.3901213897028045,0.006578947368421,,,,
SSR3,SSR3,Messenger RNA,0.0,0,1,0.0,0.3858680651393872,0.006578947368421,,,,
CKAP2L,CKAP2L,Messenger RNA,0.0,0,1,0.0,0.3631168831168831,0.006578947368421,,,,
SMARCD2,SMARCD2,Messenger RNA,0.0,0,1,0.0,0.3944695259593679,0.006578947368421,,,,
ARHGAP36,ARHGAP36,Messenger RNA,0.0,0,1,0.0,0.3207157604955264,0.006578947368421,,,,
NR4A2,NR4A2,Messenger RNA,0.0,0,1,0.0,0.3236485704363931,0.006578947368421,,,,
MBD2,MBD2,Messenger RNA,0.0,4,0,,,,,,,
UBE2D3,UBE2D3,Messenger RNA,0.0,0,1,0.0,0.3858680651393872,0.006578947368421,,,,
USF3,USF3,Messenger RNA,0.0,0,1,0.0,0.419630796938316,0.006578947368421,,,,
FBXO34,FBXO34,Messenger RNA,0.0,0,1,0.0,0.4003436426116838,0.006578947368421,,,,
CANX,CANX,Messenger RNA,0.0,0,1,0.0,0.3988018827556696,0.006578947368421,,,,
GIT2,GIT2,Messenger RNA,0.0,0,1,0.0,0.435785536159601,0.006578947368421,,,,
UBAP1,UBAP1,Messenger RNA,0.0,0,1,0.0,0.4080560420315236,0.006578947368421,,,,
B4GAT1,B4GAT1,Messenger RNA,0.0,0,1,0.0,0.3284774436090225,0.006578947368421,,,,
WNT4,WNT4,Messenger RNA,0.0,0,1,0.0,0.4279810194397673,0.006578947368421,,,,
FBXO32,FBXO32,Messenger RNA,0.0,12,0,,,,,,,
KPNA1,KPNA1,Messenger RNA,0.0,0,1,0.0,0.3783491204330176,0.006578947368421,,,,
CDC42EP3,CDC42EP3,Messenger RNA,0.0,0,1,0.0,0.415083135391924,0.006578947368421,,,,
ISY1,ISY1,Messenger RNA,0.0,0,1,0.0,0.3858680651393872,0.006578947368421,,,,
WBP2,WBP2,Messenger RNA,0.0,0,1,0.0,0.4109347442680776,0.006578947368421,,,,
SEMA6A,SEMA6A,Messenger RNA,0.0,0,1,0.0,0.4279810194397673,0.006578947368421,,,,
SAP30BP,SAP30BP,Messenger RNA,0.0,0,1,0.0,0.3513445589344056,0.006578947368421,,,,
ELP5,ELP5,Messenger RNA,0.0,0,1,0.0,0.419630796938316,0.006578947368421,,,,
MANEAL,MANEAL,Messenger RNA,0.0,0,1,0.0,0.3354931605471562,0.006578947368421,,,,
PTPA,PTPA,Messenger RNA,0.0,0,1,0.0,0.3284774436090225,0.006578947368421,,,,
EVI5,EVI5,Messenger RNA,0.0,0,1,0.0,0.4262844945875895,0.006578947368421,,,,
EDNRA,EDNRA,Messenger RNA,0.0,0,1,0.0,0.4137931034482758,0.006578947368421,,,,
CGGBP1,CGGBP1,Messenger RNA,0.0,0,1,0.0,0.4279810194397673,0.006578947368421,,,,
EFNB3,EFNB3,Messenger RNA,0.0,0,1,0.0,0.4003436426116838,0.006578947368421,,,,
TRIQK,TRIQK,Messenger RNA,0.0,0,1,0.0,0.4010902309568211,0.006578947368421,,,,
FGF11,FGF11,Messenger RNA,0.0,0,1,0.0,0.3554990464081373,0.006578947368421,,,,
CCDC120,CCDC120,Messenger RNA,0.0,0,1,0.0,0.4003436426116838,0.006578947368421,,,,
TM9SF2,TM9SF2,Messenger RNA,0.0,5,0,,,,,,,
HOXC12,HOXC12,Messenger RNA,0.0,0,1,0.0,0.419630796938316,0.006578947368421,,,,
ANKRD9,ANKRD9,Messenger RNA,0.0,0,1,0.0,0.4226757369614512,0.006578947368421,,,,
SLC26A9,SLC26A9,Messenger RNA,0.0,0,1,0.0,0.427850038255547,0.006578947368421,,,,
B3GAT1,B3GAT1,Messenger RNA,0.0,0,1,4.229514257730125e-05,0.3811860940695296,0.0131578947368421,1.0,,,
KCNE4,KCNE4,Messenger RNA,0.0,0,1,0.0,0.2520735665344392,0.006578947368421,,,,
ZNF689,ZNF689,Messenger RNA,0.0,0,1,0.0,0.3696945656485522,0.006578947368421,,,,
JADE1,JADE1,Messenger RNA,0.0,0,1,0.0,0.3944695259593679,0.006578947368421,,,,
CNGB3,CNGB3,Messenger RNA,0.0,0,1,0.0,0.435785536159601,0.006578947368421,,,,
MYCBP,MYCBP,Messenger RNA,0.0,0,1,0.0,0.3696945656485522,0.006578947368421,,,,
SLX4IP,SLX4IP,Messenger RNA,0.0,0,1,0.0,0.3530748831923223,0.006578947368421,,,,
KLHL13,KLHL13,Messenger RNA,0.0,0,1,0.0,0.3554990464081373,0.006578947368421,,,,
REV3L,REV3L,Messenger RNA,0.0,13,0,,,,,,,
FAM104A,FAM104A,Messenger RNA,0.0,0,1,0.0,0.427850038255547,0.006578947368421,,,,
GREM1,GREM1,Messenger RNA,0.0,0,1,0.0,0.353030303030303,0.006578947368421,,,,
RREB1,RREB1,Messenger RNA,0.0,0,1,0.0,0.4080560420315236,0.006578947368421,,,,
RNF180,RNF180,Messenger RNA,0.0,0,1,0.0,0.3611469904417463,0.006578947368421,,,,
DOCK3,DOCK3,Messenger RNA,0.0,0,1,0.0,0.3856551724137931,0.006578947368421,,,,
MSRB3,MSRB3,Messenger RNA,0.0,0,1,0.0,0.2213601456733433,0.006578947368421,,,,
SLC7A6OS,SLC7A6OS,Messenger RNA,0.0,0,1,0.0,0.419630796938316,0.006578947368421,,,,
ATP8A2,ATP8A2,Messenger RNA,0.0,0,1,0.0,0.3856551724137931,0.006578947368421,,,,
SPOCK3,SPOCK3,Messenger RNA,0.0,0,1,0.0,0.2219752302318196,0.006578947368421,,,,
TOB1,TOB1,Messenger RNA,0.0,0,1,0.0,0.3856551724137931,0.006578947368421,,,,
PACRGL,PACRGL,Messenger RNA,0.0,0,1,0.0,0.3636836628511967,0.006578947368421,,,,
MAGI1,MAGI1,Messenger RNA,0.0,0,1,0.0,0.419630796938316,0.006578947368421,,,,
RBM27,RBM27,Messenger RNA,0.0,0,1,0.0,0.3530748831923223,0.006578947368421,,,,
PIP4P2,PIP4P2,Messenger RNA,0.0,0,1,0.0,0.2220457433290978,0.006578947368421,,,,
SOCS1,SOCS1,Messenger RNA,0.0,0,1,0.0,0.2572453767595915,0.006578947368421,,,,
PCDHA8,PCDHA8,Messenger RNA,0.0,0,1,0.0,0.430021531836358,0.006578947368421,,,,
AKAP13,AKAP13,Messenger RNA,0.0,0,1,0.0,0.4279810194397673,0.006578947368421,,,,
SAMD14,SAMD14,Messenger RNA,0.0,0,1,0.0,0.205060506050605,0.006578947368421,,,,
UBE2Q1,UBE2Q1,Messenger RNA,0.0,0,1,0.0,0.4279810194397673,0.006578947368421,,,,
CTCF,CTCF,Messenger RNA,0.0,0,1,0.0,0.369157644573541,0.006578947368421,,,,
PPARGC1A,PPARGC1A,Messenger RNA,0.0,0,1,0.0,0.353030303030303,0.006578947368421,,,,
PLP1,PLP1,Messenger RNA,0.0,0,1,0.0,0.2041919228803038,0.006578947368421,,,,
COG8,COG8,Messenger RNA,0.0,0,1,0.0,0.3530748831923223,0.006578947368421,,,,
GSPT1,GSPT1,Messenger RNA,0.0,0,1,0.0,0.3636836628511967,0.006578947368421,,,,
ABHD17C,ABHD17C,Messenger RNA,0.0,0,1,0.0,0.3554990464081373,0.006578947368421,,,,
STK35,STK35,Messenger RNA,0.0,0,1,0.0,0.3631168831168831,0.006578947368421,,,,
CD2AP,CD2AP,Messenger RNA,0.0,0,1,0.0,0.3525406632202749,0.006578947368421,,,,
VAT1,VAT1,Messenger RNA,16.0,0,1,0.0,0.2572927210821754,0.006578947368421,,,,
SRRM3,SRRM3,Messenger RNA,0.0,0,1,0.0,0.205060506050605,0.006578947368421,,,,
SMUG1,SMUG1,Messenger RNA,0.0,0,1,0.0,0.415083135391924,0.006578947368421,,,,
MOB3C,MOB3C,Messenger RNA,0.0,2,0,,,,,,,
BCL3,BCL3,Messenger RNA,0.0,0,1,0.0,0.3534319302237391,0.006578947368421,,,,
LMBRD2,LMBRD2,Messenger RNA,0.0,0,1,0.0,0.3944695259593679,0.006578947368421,,,,
ZNF532,ZNF532,Messenger RNA,0.0,0,1,0.0,0.419630796938316,0.006578947368421,,,,
SURF4,SURF4,Messenger RNA,0.0,0,1,0.0,0.2799359231077293,0.006578947368421,,,,
STK38L,STK38L,Messenger RNA,0.0,0,1,0.0,0.3470274295643539,0.006578947368421,,,,
FTO,FTO,Messenger RNA,0.0,0,1,0.0,0.3856551724137931,0.006578947368421,,,,
NKAPD1,NKAPD1,Messenger RNA,0.0,0,1,0.0,0.3554990464081373,0.006578947368421,,,,
SLITRK4,SLITRK4,Messenger RNA,0.0,1,0,,,,,,,
PHF21A,PHF21A,Messenger RNA,0.0,0,1,0.0,0.430021531836358,0.006578947368421,,,,
ZC3H12A,ZC3H12A,Messenger RNA,0.0,0,1,0.0,0.4161952962191128,0.006578947368421,,,,
RAPGEF2,RAPGEF2,Messenger RNA,0.0,0,1,0.0,0.3901213897028045,0.006578947368421,,,,
NRP1,NRP1,Messenger RNA,0.0,0,1,9.88247925748918e-05,0.498464116168668,0.017094017094017,1.0,,,
GNAI1,GNAI1,Messenger RNA,0.0,0,1,0.0071552718303741,0.5912553825770123,0.2564102564102564,1.0,,,
PAK4,PAK4,Messenger RNA,0.0,0,1,0.000498752382298,0.5301455301455301,0.0683760683760683,1.0,,,
PLXNA4,PLXNA4,Messenger RNA,0.0,0,1,0.0,0.4604075315965953,0.0085470085470085,,,,
CFL2,CFL2,Messenger RNA,0.0,0,1,0.0001442675328717,0.5107296137339056,0.0256410256410256,1.0,,,
SSBP2,SSBP2,Messenger RNA,0.0,0,1,0.0040877528135868,0.574139594724992,0.188034188034188,1.0,,,
STXBP4,STXBP4,Messenger RNA,0.0,0,1,0.0,0.4604075315965953,0.0085470085470085,,,,
LDLRAD3,LDLRAD3,Messenger RNA,0.0,0,1,0.0691252136632611,0.7409713574097135,0.7008547008547009,0.9343571213489912,,,
WIPF2,WIPF2,Messenger RNA,0.0,0,1,0.0,0.4604075315965953,0.0085470085470085,,,,
CHST14,CHST14,Messenger RNA,0.0,0,1,0.0028278929220253,0.574139594724992,0.1196581196581196,1.0,,,
RGP1,RGP1,Messenger RNA,0.0,0,1,0.0,0.4604075315965953,0.0085470085470085,,,,
RPP14,RPP14,Messenger RNA,0.0,0,1,0.0,0.4604075315965953,0.0085470085470085,,,,
TIMP3,TIMP3,Messenger RNA,0.0,0,1,0.0066047441278209,0.5975895547371946,0.188034188034188,1.0,,,
UEVLD,UEVLD,Messenger RNA,0.0,0,1,0.0437581660833345,0.7217953902143146,0.6495726495726496,1.0,,,
CYB561,CYB561,Messenger RNA,0.0,0,1,0.000116016088536,0.4905193734542457,0.0256410256410256,1.0,,,
PCDH19,PCDH19,Messenger RNA,0.0,0,1,0.0,0.4604075315965953,0.0085470085470085,,,,
DLG3,DLG3,Messenger RNA,0.0,0,1,0.0,0.4604075315965953,0.0085470085470085,,,,
DERL2,DERL2,Messenger RNA,0.0,0,1,0.0,0.4604075315965953,0.0085470085470085,,,,
ATAD2,ATAD2,Messenger RNA,0.0,0,1,0.0066047441278209,0.5975895547371946,0.188034188034188,1.0,,,
SFMBT2,SFMBT2,Messenger RNA,0.0,0,1,0.0011347889494799,0.5490618271301139,0.0683760683760683,1.0,,,
ASB4,ASB4,Messenger RNA,0.0,0,1,0.0071552718303741,0.5912553825770123,0.2564102564102564,1.0,,,
KDM6B,KDM6B,Messenger RNA,0.0,0,1,0.0002398186209119,0.4921422663358147,0.017094017094017,1.0,,,
AEBP2,AEBP2,Messenger RNA,1.0,0,1,0.0221736988718044,0.6805184902783072,0.5384615384615385,1.0,,,
KCNK6,KCNK6,Messenger RNA,0.0,0,1,0.0038042962461616,0.5701053976365379,0.1367521367521367,1.0,,,
FBXO39,FBXO39,Messenger RNA,0.0,0,1,0.000498752382298,0.5301455301455301,0.0683760683760683,1.0,,,
MACROD2,MACROD2,Messenger RNA,0.0,0,1,0.0033557265556948,0.5371652121576889,0.0427350427350427,1.0,,,
PARD6B,PARD6B,Messenger RNA,0.0,0,1,0.0,0.4604075315965953,0.0085470085470085,,,,
PSME3,PSME3,Messenger RNA,0.0,0,1,0.000498752382298,0.5301455301455301,0.0683760683760683,1.0,,,
LYSMD3,LYSMD3,Messenger RNA,0.0,0,1,0.0,0.4604075315965953,0.0085470085470085,,,,
CLCN3,CLCN3,Messenger RNA,0.0,0,1,0.0010048942814882,0.5358751125788052,0.0769230769230769,1.0,,,
PAPOLA,PAPOLA,Messenger RNA,0.0,0,1,0.0,0.4604075315965953,0.0085470085470085,,,,
PCP4L1,PCP4L1,Messenger RNA,0.0,0,1,0.0001442675328717,0.5107296137339056,0.0256410256410256,1.0,,,
KIAA0232,KIAA0232,Messenger RNA,6.0,0,1,0.0437581660833345,0.7217953902143146,0.6495726495726496,1.0,,,
PLEKHA7,PLEKHA7,Messenger RNA,0.0,0,1,0.0200367671873796,0.6395557147975636,0.3162393162393163,0.9309309309309308,,,
ZC3H6,ZC3H6,Messenger RNA,0.0,0,1,0.0437581660833345,0.7217953902143146,0.6495726495726496,1.0,,,
RNF152,RNF152,Messenger RNA,0.0,0,1,0.0,0.4604075315965953,0.0085470085470085,,,,
AVL9,AVL9,Messenger RNA,0.0,0,1,0.0,0.4604075315965953,0.0085470085470085,,,,
HSPA8,HSPA8,Messenger RNA,0.0,0,1,0.0006719253734796,0.5136690647482014,0.0341880341880341,1.0,,,
NGFR,NGFR,Messenger RNA,0.0,0,1,0.0,0.4604075315965953,0.0085470085470085,,,,
CCNI2,CCNI2,Messenger RNA,0.0,0,1,0.0,0.4604075315965953,0.0085470085470085,,,,
DHRS13,DHRS13,Messenger RNA,0.0,0,1,0.0,0.4604075315965953,0.0085470085470085,,,,
EPHB2,EPHB2,Messenger RNA,0.0,0,1,0.0021276177040617,0.566127497621313,0.0854700854700854,1.0,,,
PTGFR,PTGFR,Messenger RNA,0.0,0,1,0.0,0.4604075315965953,0.0085470085470085,,,,
ANKRD28,ANKRD28,Messenger RNA,1.0,0,1,0.0002154408864852,0.5001400952647801,0.017094017094017,1.0,,,
RAP1B,RAP1B,Messenger RNA,0.0,0,1,0.0206944808535979,0.6753688989784336,0.5128205128205129,1.0,,,
TSPOAP1,TSPOAP1,Messenger RNA,14.0,0,1,0.0437581660833345,0.7217953902143146,0.6495726495726496,1.0,,,
CCPG1,CCPG1,Messenger RNA,0.0,0,1,0.0004747877302061,0.5342711762945226,0.0427350427350427,1.0,,,
SLC31A1,SLC31A1,Messenger RNA,0.0,0,1,0.001356308379471,0.5397641366797702,0.0512820512820512,1.0,,,
PTCH1,PTCH1,Messenger RNA,0.0,0,1,0.0002145439673139,0.4789374832304803,0.017094017094017,1.0,,,
TRMT10B,TRMT10B,Messenger RNA,0.0,0,1,0.0002419106876778,0.5086919350242234,0.0256410256410256,1.0,,,
ICE1,ICE1,Messenger RNA,0.0,0,1,0.0043795683838292,0.580110497237569,0.1452991452991453,0.9852941176470588,,,
COG5,COG5,Messenger RNA,0.0,0,1,5.346910652778317e-05,0.4763811048839071,0.017094017094017,1.0,,,
LIPH,LIPH,Messenger RNA,0.0,0,1,0.0,0.4604075315965953,0.0085470085470085,,,,
CPEB1,CPEB1,Messenger RNA,0.0,0,1,0.0158511969113973,0.609007164790174,0.188034188034188,0.9783549783549784,,,
KDR,KDR,Messenger RNA,5.0,0,1,0.0,0.4604075315965953,0.0085470085470085,,,,
BIN3,BIN3,Messenger RNA,0.0,0,1,0.0033968469039934,0.5797336797661579,0.1282051282051282,1.0,,,
UVRAG,UVRAG,Messenger RNA,0.0,0,1,0.0,0.4604075315965953,0.0085470085470085,,,,
CKAP2L,CKAP2L,Messenger RNA,0.0,0,1,0.0,0.4604075315965953,0.0085470085470085,,,,
FZD4,FZD4,Messenger RNA,0.0,0,1,0.0017657464724057,0.5614973262032086,0.1111111111111111,1.0,,,
TP53,TP53,Messenger RNA,0.0,0,1,0.0163769616274456,0.6265356265356266,0.3333333333333333,0.98110661268556,,,
IGF1R,IGF1R,Messenger RNA,0.0,0,1,0.0257956638916053,0.6327543424317618,0.2393162393162393,0.9656084656084656,,,
ERBB3,ERBB3,Messenger RNA,0.0,0,1,0.0001333374096108,0.523306948109059,0.0427350427350427,1.0,,,
SDC4,SDC4,Messenger RNA,0.0,0,1,0.0,0.4736004245157866,0.0085470085470085,,,,
RBM18,RBM18,Messenger RNA,0.0,0,1,8.229381256050324e-06,0.4894433781190019,0.017094017094017,1.0,,,
CCDC25,CCDC25,Messenger RNA,0.0,0,1,5.752577674685833e-05,0.4956956400999722,0.0256410256410256,1.0,,,
MAPK1,MAPK1,Messenger RNA,0.0,0,1,0.0,0.4736004245157866,0.0085470085470085,,,,
RALGPS1,RALGPS1,Messenger RNA,0.0,0,1,0.0110906983830475,0.585822120118149,0.1452991452991453,0.9852941176470588,,,
GRK3,GRK3,Messenger RNA,0.0,0,1,0.0,0.4736004245157866,0.0085470085470085,,,,
FAM126A,FAM126A,Messenger RNA,0.0,0,1,0.0,0.4736004245157866,0.0085470085470085,,,,
PDXDC1,PDXDC1,Messenger RNA,0.0,0,1,0.0001370838882773,0.5032421764871723,0.0512820512820512,1.0,,,
WAPL,WAPL,Messenger RNA,0.0,0,1,0.0125199400167691,0.6032443393038188,0.2564102564102564,0.9103448275862068,,,
UPF1,UPF1,Messenger RNA,0.0,0,1,0.0,0.4736004245157866,0.0085470085470085,,,,
AKAP12,AKAP12,Messenger RNA,1.0,0,1,0.0,0.4736004245157866,0.0085470085470085,,,,
ZNF428,ZNF428,Messenger RNA,0.0,0,1,0.0010448043688026,0.5504162812210915,0.0683760683760683,1.0,,,
ANK3,ANK3,Messenger RNA,1.0,0,1,0.0024438303878592,0.5679287305122495,0.188034188034188,0.987012987012987,,,
BCL7C,BCL7C,Messenger RNA,0.0,0,1,0.0,0.4736004245157866,0.0085470085470085,,,,
PLCL2,PLCL2,Messenger RNA,0.0,0,1,0.0095786345292203,0.5862068965517241,0.2564102564102564,0.9793103448275862,,,
MKRN1,MKRN1,Messenger RNA,0.0,0,1,0.0004511669384521,0.5365193868349865,0.0683760683760683,1.0,,,
KCNJ2,KCNJ2,Messenger RNA,0.0,0,1,0.0001141392554318,0.5230002929973631,0.0341880341880341,1.0,,,
DDI2,DDI2,Messenger RNA,2.0,0,1,0.0234564980654218,0.5812438944969065,0.1623931623931624,1.0,,,
ECE1,ECE1,Messenger RNA,0.0,0,1,0.0052891645341735,0.6012125294712024,0.3162393162393163,1.0,,,
SIM1,SIM1,Messenger RNA,0.0,0,1,0.0017806330997638,0.5722988137223469,0.1196581196581196,1.0,,,
ZBTB10,ZBTB10,Messenger RNA,0.0,0,1,0.0003121064174687,0.5142610198789974,0.0769230769230769,1.0,,,
PIP5KL1,PIP5KL1,Messenger RNA,0.0,0,1,0.0013242780455393,0.567206863679695,0.1196581196581196,1.0,,,
TOP1,TOP1,Messenger RNA,0.0,0,1,1.8669010080216427e-05,0.4817813765182186,0.017094017094017,1.0,,,
LRP2,LRP2,Messenger RNA,0.0,0,1,0.0026636216564232,0.552460538532962,0.1111111111111111,0.9871794871794872,,,
ARF3,ARF3,Messenger RNA,1.0,0,1,0.0011009301936064,0.547378104875805,0.1025641025641025,1.0,,,
MTMR11,MTMR11,Messenger RNA,0.0,0,1,0.0002332417023068,0.497907949790795,0.017094017094017,1.0,,,
STX16,STX16,Messenger RNA,0.0,0,1,0.0017657464724057,0.5614973262032086,0.1111111111111111,1.0,,,
KIAA1614,KIAA1614,Messenger RNA,0.0,0,1,0.0234564980654218,0.5812438944969065,0.1623931623931624,1.0,,,
KCTD1,KCTD1,Messenger RNA,0.0,0,1,0.009322418423711,0.6065239551478083,0.2905982905982906,0.998217468805704,,,
BACE1,BACE1,Messenger RNA,0.0,0,1,0.0046070199970017,0.5767366720516963,0.1709401709401709,0.9894736842105264,,,
SZRD1,SZRD1,Messenger RNA,0.0,0,1,0.0004236411806863,0.5263933942789738,0.0769230769230769,1.0,,,
WSCD2,WSCD2,Messenger RNA,0.0,0,1,0.007558143522373,0.6077630234933605,0.2393162393162393,0.992063492063492,,,
SCAMP5,SCAMP5,Messenger RNA,0.0,0,1,0.0062610016334205,0.5839057899901865,0.1794871794871795,0.8761904761904762,,,
NR4A3,NR4A3,Messenger RNA,0.0,0,1,0.0025004816191728,0.567206863679695,0.1452991452991453,1.0,,,
B3GAT2,B3GAT2,Messenger RNA,0.0,0,1,0.0017657464724057,0.5614973262032086,0.1111111111111111,1.0,,,
MTCL1,MTCL1,Messenger RNA,0.0,0,1,0.0173820044201749,0.6204379562043796,0.3418803418803419,0.9615384615384616,,,
ACTC1,ACTC1,Messenger RNA,1.0,0,1,0.0058308147341026,0.6048797017960014,0.3247863247863248,1.0,,,
PCDH18,PCDH18,Messenger RNA,0.0,0,1,8.293431471728219e-05,0.5086919350242234,0.0341880341880341,1.0,,,
G3BP2,G3BP2,Messenger RNA,0.0,0,1,0.0003641157033857,0.5223880597014925,0.0598290598290598,1.0,,,
MTRES1,MTRES1,Messenger RNA,0.0,0,1,0.0003189189274768,0.5345911949685535,0.0598290598290598,1.0,,,
SOX11,SOX11,Messenger RNA,0.0,0,1,0.0004236411806863,0.5263933942789738,0.0769230769230769,1.0,,,
CDKL2,CDKL2,Messenger RNA,0.0,0,1,0.0017657464724057,0.5614973262032086,0.1111111111111111,1.0,,,
CHEK1,CHEK1,Messenger RNA,0.0,0,1,0.0003669666776507,0.5178416013925152,0.0427350427350427,1.0,,,
E2F5,E2F5,Messenger RNA,0.0,0,1,0.0001754319291427,0.4995801847187238,0.0256410256410256,1.0,,,
USP28,USP28,Messenger RNA,0.0,0,1,0.0009487479802424,0.5440414507772021,0.1367521367521367,1.0,,,
TRMT13,TRMT13,Messenger RNA,0.0,0,1,0.0058763040367993,0.5514365152919369,0.0769230769230769,1.0,,,
INO80D,INO80D,Messenger RNA,0.0,0,1,0.0138271266287289,0.6028368794326241,0.1709401709401709,1.0,,,
TRAPPC8,TRAPPC8,Messenger RNA,0.0,0,1,0.0002899722063212,0.5127836828497558,0.0341880341880341,1.0,,,
SEMA3A,SEMA3A,Messenger RNA,0.0,0,1,0.0001945622698429,0.5365193868349865,0.0427350427350427,1.0,,,
RSBN1L,RSBN1L,Messenger RNA,0.0,0,1,0.0014334931298503,0.5493998153277931,0.1709401709401709,1.0,,,
EIF1AX,EIF1AX,Messenger RNA,0.0,0,1,0.0106660536790076,0.5948017327557481,0.1709401709401709,1.0,,,
TNIK,TNIK,Messenger RNA,13.0,0,1,0.002245372147004,0.5636248815914114,0.1452991452991453,0.9852941176470588,,,
EFS,EFS,Messenger RNA,0.0,0,1,0.0003173036430471,0.5110220440881763,0.0341880341880341,1.0,,,
STAG1,STAG1,Messenger RNA,0.0,0,1,0.0002927838367433,0.516642547033285,0.0341880341880341,1.0,,,
FIGN,FIGN,Messenger RNA,0.0,0,1,0.0032313653750154,0.5583359399436972,0.094017094017094,1.0,,,
PDE3B,PDE3B,Messenger RNA,0.0,0,1,0.0045755146823449,0.5021097046413502,0.0256410256410256,0.3333333333333333,,,
PRKRIP1,PRKRIP1,Messenger RNA,0.0,0,1,0.0005117096776784,0.5254636443921107,0.0427350427350427,1.0,,,
CANT1,CANT1,Messenger RNA,0.0,0,1,0.0,0.480225988700565,0.0085470085470085,,,,
PRLR,PRLR,Messenger RNA,0.0,0,1,0.0169893847515999,0.6350053361792957,0.3504273504273504,0.9670731707317072,,,
SMOC2,SMOC2,Messenger RNA,0.0,0,1,0.0058763040367993,0.5514365152919369,0.0769230769230769,1.0,,,
KCNJ11,KCNJ11,Messenger RNA,0.0,0,1,0.000517650605222,0.5172413793103449,0.0598290598290598,0.9523809523809524,,,
YIPF4,YIPF4,Messenger RNA,0.0,0,1,0.0035146563572665,0.5643376541258299,0.1196581196581196,0.989010989010989,,,
FAS,FAS,Messenger RNA,0.0,0,1,0.000419853542989,0.5110220440881763,0.0512820512820512,1.0,,,
MAP4K4,MAP4K4,Messenger RNA,0.0,0,1,0.0,0.480225988700565,0.0085470085470085,,,,
TMED9,TMED9,Messenger RNA,0.0,0,1,0.0002150007711993,0.5110220440881763,0.0341880341880341,1.0,,,
CD248,CD248,Messenger RNA,0.0,0,1,0.0019588305354857,0.5531453362255966,0.1623931623931624,1.0,,,
EPDR1,EPDR1,Messenger RNA,0.0,0,1,0.0033834387438319,0.5719320730535085,0.1025641025641025,1.0,,,
HSF2,HSF2,Messenger RNA,0.0,0,1,0.0014334931298503,0.5493998153277931,0.1709401709401709,1.0,,,
FERMT2,FERMT2,Messenger RNA,0.0,0,1,0.0003140601058741,0.5223880597014925,0.0427350427350427,1.0,,,
NOVA1,NOVA1,Messenger RNA,0.0,0,1,0.0,0.480225988700565,0.0085470085470085,,,,
ARHGEF37,ARHGEF37,Messenger RNA,0.0,0,1,0.0,0.480225988700565,0.0085470085470085,,,,
PPP5C,PPP5C,Messenger RNA,0.0,0,1,0.0,0.4843962008141113,0.0085470085470085,,,,
MAX,MAX,Messenger RNA,0.0,0,1,0.0095456966341424,0.5387865982493208,0.0427350427350427,0.8,,,
TEK,TEK,Messenger RNA,0.0,0,1,0.0001835143783624,0.5263933942789738,0.0427350427350427,1.0,,,
MAPK8,MAPK8,Messenger RNA,7.0,0,1,0.0307161890345067,0.660377358490566,0.3675213675213675,1.0,,,
SOCS6,SOCS6,Messenger RNA,0.0,0,1,4.11723403867774e-05,0.4976303317535545,0.017094017094017,1.0,,,
HABP4,HABP4,Messenger RNA,0.0,0,1,0.0,0.4843962008141113,0.0085470085470085,,,,
SLC2A1,SLC2A1,Messenger RNA,0.0,0,1,0.0033928528391209,0.5722988137223469,0.1452991452991453,1.0,,,
G3BP1,G3BP1,Messenger RNA,0.0,0,1,0.0003152038896382,0.5378125941548659,0.0512820512820512,1.0,,,
NUFIP2,NUFIP2,Messenger RNA,0.0,0,1,0.0030589020924602,0.553831833695315,0.1538461538461538,0.915032679738562,,,
FBXW11,FBXW11,Messenger RNA,0.0,0,1,0.0001776552579056,0.5254636443921107,0.0427350427350427,1.0,,,
SMS,SMS,Messenger RNA,0.0,0,1,0.0007215746643128,0.5378125941548659,0.0683760683760683,0.9642857142857144,,,
XIAP,XIAP,Messenger RNA,0.0,0,1,0.0001591687543102,0.4948710840033268,0.017094017094017,1.0,,,
TOM1L2,TOM1L2,Messenger RNA,0.0,0,1,0.0003287618556908,0.5414012738853503,0.0683760683760683,1.0,,,
KIT,KIT,Messenger RNA,6.0,0,1,0.0,0.4843962008141113,0.0085470085470085,,,,
ZRANB1,ZRANB1,Messenger RNA,0.0,0,1,3.76948452223211e-05,0.4943229022431459,0.017094017094017,1.0,,,
FAHD2A,FAHD2A,Messenger RNA,0.0,0,1,6.352206638664169e-05,0.5107296137339056,0.0256410256410256,1.0,,,
TBP,TBP,Messenger RNA,0.0,0,1,0.0022794139871899,0.5583359399436972,0.1452991452991453,1.0,,,
OTUD3,OTUD3,Messenger RNA,0.0,0,1,0.0065267638416071,0.6102564102564103,0.2905982905982906,1.0,,,
TBX4,TBX4,Messenger RNA,0.0,0,1,0.0036356239325004,0.5245371730825742,0.0598290598290598,0.8095238095238095,,,
UBE2W,UBE2W,Messenger RNA,0.0,0,1,0.0002074115060752,0.5086919350242234,0.0341880341880341,1.0,,,
NSG1,NSG1,Messenger RNA,0.0,0,1,0.0,0.4843962008141113,0.0085470085470085,,,,
CCDC6,CCDC6,Messenger RNA,0.0,0,1,3.135890317807798e-05,0.4976303317535545,0.0256410256410256,1.0,,,
TBX3,TBX3,Messenger RNA,0.0,0,1,7.40054369705545e-06,0.4926856196522219,0.017094017094017,1.0,,,
GOLGA1,GOLGA1,Messenger RNA,0.0,0,1,0.0001591687543102,0.4948710840033268,0.017094017094017,1.0,,,
SET,SET,Messenger RNA,0.0,0,1,0.0,0.4843962008141113,0.0085470085470085,,,,
ZNF507,ZNF507,Messenger RNA,0.0,0,1,0.0006500071159675,0.545704677468664,0.1196581196581196,1.0,,,
STK40,STK40,Messenger RNA,0.0,0,1,0.0012824841323446,0.5414012738853503,0.0598290598290598,1.0,,,
LEF1,LEF1,Messenger RNA,0.0,0,1,0.0307161890345067,0.660377358490566,0.3675213675213675,1.0,,,
ATXN1,ATXN1,Messenger RNA,0.0,0,1,0.0002074115060752,0.5086919350242234,0.0341880341880341,1.0,,,
KDM5A,KDM5A,Messenger RNA,0.0,0,1,0.0050565222293476,0.6016177957532861,0.2564102564102564,1.0,,,
TNFAIP8,TNFAIP8,Messenger RNA,0.0,0,1,0.0072363608852254,0.5365193868349865,0.0598290598290598,0.7619047619047619,,,
VXN,VXN,Messenger RNA,0.0,0,1,0.0003684359787536,0.5211678832116788,0.0512820512820512,1.0,,,
DENND6A,DENND6A,Messenger RNA,0.0,0,1,0.0011649543999581,0.5534883720930233,0.0854700854700854,0.9777777777777776,,,
SLC1A4,SLC1A4,Messenger RNA,0.0,0,1,0.0009552524150707,0.5361970561730249,0.0512820512820512,1.0,,,
ERN1,ERN1,Messenger RNA,0.0,0,1,1.8075443712619797e-05,0.4956956400999722,0.017094017094017,1.0,,,
SRSF1,SRSF1,Messenger RNA,0.0,0,1,0.0001269494422656,0.5029585798816568,0.017094017094017,1.0,,,
ZFHX4,ZFHX4,Messenger RNA,0.0,0,1,0.0013124721795465,0.5480503530856616,0.094017094017094,1.0,,,
DAGLA,DAGLA,Messenger RNA,0.0,0,1,0.0,0.4843962008141113,0.0085470085470085,,,,
TMEM234,TMEM234,Messenger RNA,0.0,0,1,1.567538681294062e-05,0.4910591471801925,0.017094017094017,1.0,,,
DNMT3A,DNMT3A,Messenger RNA,0.0,0,1,0.0008660439746442,0.5579868708971554,0.0854700854700854,1.0,,,
FBXO33,FBXO33,Messenger RNA,0.0,0,1,0.0029899158467504,0.5629139072847682,0.1452991452991453,0.9852941176470588,,,
NRK,NRK,Messenger RNA,0.0,0,1,0.0,0.4843962008141113,0.0085470085470085,,,,
ELN,ELN,Messenger RNA,0.0,0,1,0.006710495052924,0.5410730524401334,0.0769230769230769,0.7777777777777778,,,
STK25,STK25,Messenger RNA,0.0,0,1,0.0008660439746442,0.5579868708971554,0.0854700854700854,1.0,,,
NIN,NIN,Messenger RNA,0.0,0,1,7.40054369705545e-06,0.4926856196522219,0.017094017094017,1.0,,,
TSPYL2,TSPYL2,Messenger RNA,0.0,0,1,0.0002078147040818,0.5276381909547738,0.0512820512820512,1.0,,,
GRIN3A,GRIN3A,Messenger RNA,0.0,0,1,0.0016631304638099,0.5279503105590062,0.0512820512820512,0.8,,,
PIP4P2,PIP4P2,Messenger RNA,0.0,0,1,2.084112806271672e-05,0.5035260930888575,0.017094017094017,1.0,,,
RAB5B,RAB5B,Messenger RNA,0.0,0,1,0.0022317782061159,0.507534830821723,0.0256410256410256,0.6666666666666666,,,
SYNGAP1,SYNGAP1,Messenger RNA,0.0,0,1,0.0,0.4698604896025269,0.0085470085470085,,,,
CDC23,CDC23,Messenger RNA,0.0,0,1,0.0016728705246134,0.5450381679389313,0.1111111111111111,1.0,,,
RPS6KA6,RPS6KA6,Messenger RNA,0.0,0,1,0.0016728705246134,0.5450381679389313,0.1111111111111111,1.0,,,
LHX4,LHX4,Messenger RNA,0.0,0,1,0.0005699490065759,0.5069582504970179,0.0598290598290598,1.0,,,
AMMECR1L,AMMECR1L,Messenger RNA,1.0,0,1,0.0018789706268745,0.5304606240713224,0.0427350427350427,1.0,,,
DPP8,DPP8,Messenger RNA,0.0,0,1,0.0016728705246134,0.5450381679389313,0.1111111111111111,1.0,,,
DUSP8,DUSP8,Messenger RNA,0.0,0,1,0.0006700972133168,0.5127836828497558,0.0683760683760683,1.0,,,
ARFGEF3,ARFGEF3,Messenger RNA,1.0,0,1,4.433031306176169e-06,0.4791946308724832,0.017094017094017,1.0,,,
HOXA10,HOXA10,Messenger RNA,0.0,0,1,0.0,0.4698604896025269,0.0085470085470085,,,,
UBLCP1,UBLCP1,Messenger RNA,0.0,0,1,0.0,0.4698604896025269,0.0085470085470085,,,,
UCHL5,UCHL5,Messenger RNA,0.0,0,1,0.0,0.4698604896025269,0.0085470085470085,,,,
UBQLNL,UBQLNL,Messenger RNA,0.0,0,1,9.518192766694992e-06,0.4843962008141113,0.017094017094017,1.0,,,
TIMM17A,TIMM17A,Messenger RNA,0.0,0,1,0.0006700972133168,0.5127836828497558,0.0683760683760683,1.0,,,
MED12L,MED12L,Messenger RNA,0.0,0,1,0.0,0.4698604896025269,0.0085470085470085,,,,
N4BP1,N4BP1,Messenger RNA,0.0,0,1,0.0057872504146481,0.5920398009950248,0.1538461538461538,0.9934640522875816,,,
ACVR1C,ACVR1C,Messenger RNA,1.0,0,1,3.098476870381658e-05,0.4833468724614135,0.017094017094017,1.0,,,
PGRMC2,PGRMC2,Messenger RNA,0.0,0,1,0.0004595103184612,0.5110220440881763,0.0256410256410256,1.0,,,
SMAD2,SMAD2,Messenger RNA,0.0,0,1,3.098476870381658e-05,0.4833468724614135,0.017094017094017,1.0,,,
RABEP1,RABEP1,Messenger RNA,0.0,0,1,8.943548605177945e-05,0.4894433781190019,0.017094017094017,1.0,,,
TNFRSF19,TNFRSF19,Messenger RNA,0.0,0,1,3.098476870381658e-05,0.4833468724614135,0.017094017094017,1.0,,,
TRIM5,TRIM5,Messenger RNA,0.0,0,1,0.0026141233775414,0.5569422776911076,0.1538461538461538,1.0,,,
HMGCS1,HMGCS1,Messenger RNA,0.0,0,1,0.0,0.4661791590493601,0.0085470085470085,,,,
PON2,PON2,Messenger RNA,0.0,0,1,0.0013217917932626,0.4899807850672523,0.017094017094017,1.0,,,
LGI2,LGI2,Messenger RNA,0.0,0,1,0.0,0.4661791590493601,0.0085470085470085,,,,
TRPV3,TRPV3,Messenger RNA,0.0,0,1,3.098476870381658e-05,0.4833468724614135,0.017094017094017,1.0,,,
ZC3H11A,ZC3H11A,Messenger RNA,0.0,0,1,0.0013217917932626,0.4899807850672523,0.017094017094017,1.0,,,
S1PR1,S1PR1,Messenger RNA,11.0,0,1,0.0,0.4661791590493601,0.0085470085470085,,,,
GNA11,GNA11,Messenger RNA,0.0,0,1,0.0009164170277385,0.5089820359281437,0.0341880341880341,1.0,,,
BBC3,BBC3,Messenger RNA,0.0,0,1,0.0,0.4661791590493601,0.0085470085470085,,,,
KMT2E,KMT2E,Messenger RNA,0.0,0,1,3.098476870381658e-05,0.4833468724614135,0.017094017094017,1.0,,,
DENND4A,DENND4A,Messenger RNA,0.0,0,1,0.0001375389842448,0.4967993320345115,0.0256410256410256,1.0,,,
RTKN2,RTKN2,Messenger RNA,0.0,0,1,0.0,0.4661791590493601,0.0085470085470085,,,,
KRT80,KRT80,Messenger RNA,0.0,0,1,3.098476870381658e-05,0.4833468724614135,0.017094017094017,1.0,,,
PSMA5,PSMA5,Messenger RNA,0.0,0,1,6.999420204614966e-05,0.5104375178724622,0.0256410256410256,1.0,,,
CHEK2,CHEK2,Messenger RNA,0.0,0,1,3.098476870381658e-05,0.4833468724614135,0.017094017094017,1.0,,,
ZFYVE27,ZFYVE27,Messenger RNA,0.0,0,1,0.0026014670395676,0.5021097046413502,0.0256410256410256,1.0,,,
ZRANB3,ZRANB3,Messenger RNA,0.0,0,1,2.808314604221256e-05,0.4851861918999728,0.017094017094017,1.0,,,
RUNX1,RUNX1,Messenger RNA,0.0,0,1,0.0002883747093066,0.511901347863493,0.0341880341880341,1.0,,,
SKP1,SKP1,Messenger RNA,0.0,0,1,0.0299821602249712,0.5869779677737587,0.094017094017094,0.7272727272727273,,,
TPM3,TPM3,Messenger RNA,0.0,0,1,0.0002447845428989,0.5136690647482014,0.0341880341880341,0.6666666666666666,,,
FAM102A,FAM102A,Messenger RNA,0.0,0,1,8.131324889880546e-06,0.5035260930888575,0.017094017094017,1.0,,,
TVP23B,TVP23B,Messenger RNA,0.0,0,1,0.0001215790826148,0.5301455301455301,0.0427350427350427,1.0,,,
NPR3,NPR3,Messenger RNA,0.0,0,1,0.0001651550428034,0.5326768128916741,0.0598290598290598,1.0,,,
IGSF3,IGSF3,Messenger RNA,0.0,0,1,0.0015571862933847,0.550755939524838,0.0769230769230769,0.9166666666666666,,,
CDCA3,CDCA3,Messenger RNA,0.0,0,1,0.0001182853743135,0.5267040424904101,0.0512820512820512,1.0,,,
CARMIL1,CARMIL1,Messenger RNA,0.0,0,1,0.0001215790826148,0.5301455301455301,0.0427350427350427,1.0,,,
EXPH5,EXPH5,Messenger RNA,0.0,0,1,7.473722893362656e-05,0.5160450997398092,0.0341880341880341,1.0,,,
GOLGA3,GOLGA3,Messenger RNA,0.0,0,1,0.0051260206699855,0.5490618271301139,0.0769230769230769,0.8333333333333334,,,
HECTD2,HECTD2,Messenger RNA,0.0,0,1,0.0130917797974559,0.6061120543293718,0.2820512820512821,0.9791666666666666,,,
FNBP4,FNBP4,Messenger RNA,0.0,0,1,0.0001995318094798,0.5184432181237293,0.0598290598290598,1.0,,,
TADA2B,TADA2B,Messenger RNA,0.0,0,1,0.0136789046674204,0.5697414618576444,0.2136752136752137,0.9433333333333334,,,
ABHD2,ABHD2,Messenger RNA,1.0,0,1,0.0070194395500205,0.5869779677737587,0.2649572649572649,1.0,,,
VPS37C,VPS37C,Messenger RNA,0.0,0,1,8.193587276006995e-06,0.5015453779151448,0.017094017094017,1.0,,,
TNKS2,TNKS2,Messenger RNA,0.0,0,1,0.0004436283360119,0.5127836828497558,0.0341880341880341,1.0,,,
SLCO5A1,SLCO5A1,Messenger RNA,0.0,0,1,8.65195097136957e-05,0.516642547033285,0.0427350427350427,1.0,,,
RGS9BP,RGS9BP,Messenger RNA,0.0,0,1,0.0007985371004357,0.5326768128916741,0.1111111111111111,1.0,,,
PHC3,PHC3,Messenger RNA,0.0,0,1,0.0004436283360119,0.5127836828497558,0.0341880341880341,1.0,,,
MAPK6,MAPK6,Messenger RNA,0.0,0,1,0.0005865157866639,0.5248456336371655,0.0598290598290598,0.9523809523809524,,,
TP53INP1,TP53INP1,Messenger RNA,0.0,0,1,0.0010859019693076,0.5257731958762887,0.1282051282051282,1.0,,,
DNAJB12,DNAJB12,Messenger RNA,0.0,0,1,0.0019750253665112,0.5223880597014925,0.0341880341880341,0.6666666666666666,,,
ZSCAN25,ZSCAN25,Messenger RNA,0.0,0,1,0.0017736143548198,0.5447055233445224,0.1367521367521367,1.0,,,
TNFSF13B,TNFSF13B,Messenger RNA,0.0,0,1,0.0011303828269227,0.5467075038284839,0.0854700854700854,1.0,,,
NUDT3,NUDT3,Messenger RNA,0.0,0,1,0.0001215790826148,0.5301455301455301,0.0427350427350427,1.0,,,
GNA13,GNA13,Messenger RNA,0.0,0,1,0.0001189331670898,0.5151515151515151,0.0256410256410256,1.0,,,
CTBP2,CTBP2,Messenger RNA,0.0,0,1,7.949223503523466e-05,0.512489233419466,0.0341880341880341,1.0,,,
ATP10B,ATP10B,Messenger RNA,0.0,0,1,7.481292196014091e-05,0.5066704513198979,0.0341880341880341,1.0,,,
IPO7,IPO7,Messenger RNA,0.0,0,1,0.0,0.5012636899747261,0.0085470085470085,,,,
ELP1,ELP1,Messenger RNA,0.0,0,1,0.0006821703275614,0.5355535553555355,0.0598290598290598,1.0,,,
TMC5,TMC5,Messenger RNA,0.0,0,1,0.0004098645277078,0.5394378966455122,0.0427350427350427,1.0,,,
PANK1,PANK1,Messenger RNA,0.0,0,1,3.414963228593627e-05,0.5066704513198979,0.0256410256410256,1.0,,,
OXR1,OXR1,Messenger RNA,0.0,0,1,0.0002512036327262,0.5236139630390144,0.0769230769230769,1.0,,,
LDB3,LDB3,Messenger RNA,0.0,0,1,0.0002340111646072,0.5052363430512312,0.0256410256410256,1.0,,,
MLEC,MLEC,Messenger RNA,0.0,0,1,2.3958426928595924e-05,0.504950495049505,0.0256410256410256,1.0,,,
ZBTB7A,ZBTB7A,Messenger RNA,0.0,0,1,0.0083273481161651,0.5896927651139743,0.2905982905982906,0.9875222816399288,,,
USP48,USP48,Messenger RNA,0.0,0,1,0.0004781853352763,0.5239213384208982,0.0512820512820512,1.0,,,
PPP2R1A,PPP2R1A,Messenger RNA,9.0,0,1,0.0070194395500205,0.5869779677737587,0.2649572649572649,1.0,,,
RBFOX1,RBFOX1,Messenger RNA,0.0,0,1,0.0002197460792755,0.523306948109059,0.0341880341880341,1.0,,,
FLOT2,FLOT2,Messenger RNA,0.0,0,1,1.839980384257856e-05,0.5035260930888575,0.0341880341880341,1.0,,,
CNP,CNP,Messenger RNA,0.0,0,1,2.9954342679048053e-06,0.5015453779151448,0.017094017094017,1.0,,,
ZNF793,ZNF793,Messenger RNA,0.0,0,1,0.0047088508383062,0.5708346658138791,0.1196581196581196,0.956043956043956,,,
GDI1,GDI1,Messenger RNA,0.0,0,1,0.0073508749191215,0.5873642645607108,0.2735042735042735,1.0,,,
PXYLP1,PXYLP1,Messenger RNA,0.0,0,1,0.0005910968214588,0.523306948109059,0.0341880341880341,1.0,,,
KCNJ3,KCNJ3,Messenger RNA,0.0,0,1,0.0050578378420896,0.5774830152054351,0.2393162393162393,0.9947089947089948,,,
FBRSL1,FBRSL1,Messenger RNA,0.0,0,1,0.0001651550428034,0.5326768128916741,0.0598290598290598,1.0,,,
FBXO44,FBXO44,Messenger RNA,0.0,0,1,0.0018725409093692,0.5361970561730249,0.0683760683760683,1.0,,,
ZNF236,ZNF236,Messenger RNA,0.0,0,1,0.0001366783610409,0.5145575093686942,0.0341880341880341,1.0,,,
TSN,TSN,Messenger RNA,0.0,0,1,0.003795579497378,0.550755939524838,0.1196581196581196,0.967032967032967,,,
DR1,DR1,Messenger RNA,0.0,0,1,0.0017919095827463,0.523306948109059,0.094017094017094,1.0,,,
ARHGAP12,ARHGAP12,Messenger RNA,1.0,0,1,0.0001666367855533,0.4854500951862932,0.0256410256410256,1.0,,,
ADAM10,ADAM10,Messenger RNA,1.0,0,1,0.0,0.4683810023615848,0.0085470085470085,,,,
H1-0,H1-0,Messenger RNA,5.0,0,1,2.926461605377248e-05,0.4781676935440664,0.017094017094017,1.0,,,
FBXL20,FBXL20,Messenger RNA,0.0,0,1,0.0002030020889113,0.5018273826258083,0.0512820512820512,1.0,,,
PTAR1,PTAR1,Messenger RNA,0.0,0,1,0.0016753073987712,0.5358751125788052,0.1367521367521367,0.975,,,
EML4,EML4,Messenger RNA,0.0,0,1,1.010984431360577e-05,0.4865085854456255,0.017094017094017,1.0,,,
ATL3,ATL3,Messenger RNA,0.0,0,1,2.8562808157638492e-05,0.4766355140186916,0.017094017094017,1.0,,,
RXRA,RXRA,Messenger RNA,0.0,0,1,0.0001141201839331,0.498742665549036,0.0341880341880341,1.0,,,
DLGAP2,DLGAP2,Messenger RNA,0.0,0,1,0.0,0.4683810023615848,0.0085470085470085,,,,
TLN2,TLN2,Messenger RNA,0.0,0,1,0.0,0.4573405073020753,0.0085470085470085,,,,
TRIM71,TRIM71,Messenger RNA,0.0,0,1,0.0,0.4573405073020753,0.0085470085470085,,,,
TMEM248,TMEM248,Messenger RNA,0.0,0,1,0.0,0.4573405073020753,0.0085470085470085,,,,
AAMP,AAMP,Messenger RNA,0.0,0,1,1.6022877043214444e-05,0.4894433781190019,0.017094017094017,1.0,,,
NLGN1,NLGN1,Messenger RNA,0.0,0,1,0.0001510686098921,0.4998599831979837,0.0427350427350427,1.0,,,
SLC7A6,SLC7A6,Messenger RNA,0.0,0,1,1.901840110892128e-05,0.4706037437384656,0.0256410256410256,1.0,,,
UTP25,UTP25,Messenger RNA,0.0,0,1,3.582784179058768e-06,0.4756195043964828,0.017094017094017,1.0,,,
CCDC120,CCDC120,Messenger RNA,0.0,0,1,0.0024496752731799,0.5084021646254628,0.0512820512820512,0.7333333333333333,,,
PURB,PURB,Messenger RNA,0.0,0,1,0.0001626159762813,0.4854500951862932,0.0256410256410256,1.0,,,
VTA1,VTA1,Messenger RNA,0.0,0,1,0.0106841330847349,0.581622678396872,0.2478632478632479,0.8990147783251231,,,
SPOPL,SPOPL,Messenger RNA,0.0,0,1,2.463551545006889e-05,0.4771451483560545,0.0256410256410256,1.0,,,
SPOCK1,SPOCK1,Messenger RNA,0.0,0,1,0.0,0.4594594594594595,0.0085470085470085,,,,
LAMB3,LAMB3,Messenger RNA,0.0,0,1,0.0001574004249179,0.5052363430512312,0.0512820512820512,1.0,,,
URB1,URB1,Messenger RNA,0.0,0,1,2.9167753480346537e-05,0.4720973287490081,0.017094017094017,1.0,,,
KCNE4,KCNE4,Messenger RNA,0.0,0,1,0.0001751196351631,0.4937759336099585,0.0512820512820512,1.0,,,
NFX1,NFX1,Messenger RNA,0.0,0,1,0.0002142063635309,0.5298308103294747,0.0427350427350427,1.0,,,
BZW1,BZW1,Messenger RNA,0.0,0,1,0.0,0.4681353265145554,0.0085470085470085,,,,
MIPOL1,MIPOL1,Messenger RNA,0.0,0,1,7.921958155264933e-05,0.5092724679029957,0.0256410256410256,1.0,,,
DSC2,DSC2,Messenger RNA,0.0,0,1,8.156642834063022e-05,0.4943229022431459,0.0341880341880341,1.0,,,
FAR1,FAR1,Messenger RNA,0.0,0,1,4.006127076445635e-05,0.4728476821192053,0.017094017094017,1.0,,,
EFNB3,EFNB3,Messenger RNA,0.0,0,1,4.428173946959245e-05,0.5084021646254628,0.0256410256410256,1.0,,,
RAB34,RAB34,Messenger RNA,0.0,0,1,0.0001026106651655,0.4833468724614135,0.017094017094017,0.0,,,
SNX12,SNX12,Messenger RNA,0.0,0,1,0.0,0.4450261780104712,0.0085470085470085,,,,
LDLRAP1,LDLRAP1,Messenger RNA,0.0,0,1,0.0,0.4450261780104712,0.0085470085470085,,,,
PAIP2B,PAIP2B,Messenger RNA,0.0,0,1,0.0,0.4450261780104712,0.0085470085470085,,,,
ZFP3,ZFP3,Messenger RNA,0.0,0,1,0.0006156551522025,0.5004205214465938,0.0256410256410256,1.0,,,
ANO3,ANO3,Messenger RNA,1.0,0,1,0.0,0.4450261780104712,0.0085470085470085,,,,
ZZZ3,ZZZ3,Messenger RNA,0.0,0,1,0.0004906608218572,0.4894433781190019,0.017094017094017,1.0,,,
RERE,RERE,Messenger RNA,0.0,0,1,0.0022239740946677,0.4962468723936614,0.0341880341880341,0.6666666666666666,,,
MTARC1,MTARC1,Messenger RNA,0.0,0,1,0.0003827688689933,0.4637568199532346,0.017094017094017,1.0,,,
CNR1,CNR1,Messenger RNA,0.0,0,1,0.0,0.4450261780104712,0.0085470085470085,,,,
AMMECR1,AMMECR1,Messenger RNA,1.0,0,1,0.0,0.4450261780104712,0.0085470085470085,,,,
LAMA4,LAMA4,Messenger RNA,0.0,0,1,0.0,0.4450261780104712,0.0085470085470085,,,,
PPP1R9A,PPP1R9A,Messenger RNA,0.0,0,1,0.0,0.4450261780104712,0.0085470085470085,,,,
FBXO41,FBXO41,Messenger RNA,0.0,0,1,0.0,0.4450261780104712,0.0085470085470085,,,,
SCN2B,SCN2B,Messenger RNA,0.0,0,1,0.0021966199006324,0.5043797682961288,0.0256410256410256,0.3333333333333333,,,
NEDD4L,NEDD4L,Messenger RNA,7.0,0,1,0.0015079051989656,0.5004205214465938,0.0256410256410256,1.0,,,
ALPK3,ALPK3,Messenger RNA,1.0,0,1,0.0,0.4450261780104712,0.0085470085470085,,,,
AIDA,AIDA,Messenger RNA,1.0,0,1,0.0,0.4450261780104712,0.0085470085470085,,,,
IPPK,IPPK,Messenger RNA,0.0,0,1,0.0,0.4450261780104712,0.0085470085470085,,,,
CCSER1,CCSER1,Messenger RNA,0.0,0,1,0.0,0.4450261780104712,0.0085470085470085,,,,
FITM2,FITM2,Messenger RNA,0.0,0,1,0.0,0.4450261780104712,0.0085470085470085,,,,
PRKAA2,PRKAA2,Messenger RNA,0.0,0,1,0.000453555300499,0.49597110308419,0.0256410256410256,1.0,,,
ETS1,ETS1,Messenger RNA,0.0,0,1,0.0,0.4450261780104712,0.0085470085470085,,,,
SF1,SF1,Messenger RNA,0.0,0,1,0.0,0.4450261780104712,0.0085470085470085,,,,
DCUN1D4,DCUN1D4,Messenger RNA,0.0,0,1,0.0,0.4450261780104712,0.0085470085470085,,,,
XKR4,XKR4,Messenger RNA,0.0,0,1,0.0,0.4450261780104712,0.0085470085470085,,,,
SMAD5,SMAD5,Messenger RNA,0.0,0,1,0.0004174791371084,0.4905193734542457,0.017094017094017,0.0,,,
PCGF3,PCGF3,Messenger RNA,0.0,0,1,0.0,0.4450261780104712,0.0085470085470085,,,,
NFATC2,NFATC2,Messenger RNA,0.0,0,1,0.0,0.4450261780104712,0.0085470085470085,,,,
RAB3C,RAB3C,Messenger RNA,10.0,0,1,0.0015639684734753,0.4763811048839071,0.017094017094017,1.0,,,
TUSC2,TUSC2,Messenger RNA,0.0,0,1,0.0,0.4450261780104712,0.0085470085470085,,,,
STMP1,STMP1,Messenger RNA,0.0,0,1,0.0,0.4450261780104712,0.0085470085470085,,,,
EIF2B2,EIF2B2,Messenger RNA,0.0,0,1,0.000453555300499,0.49597110308419,0.0256410256410256,1.0,,,
TACC1,TACC1,Messenger RNA,0.0,0,1,0.0,0.4450261780104712,0.0085470085470085,,,,
AATK,AATK,Messenger RNA,1.0,0,1,0.0,0.4450261780104712,0.0085470085470085,,,,
ZNF75A,ZNF75A,Messenger RNA,0.0,0,1,0.0004546366071295,0.481002425222312,0.017094017094017,1.0,,,
RICTOR,RICTOR,Messenger RNA,0.0,0,1,0.0002134346017604,0.4815214459131373,0.017094017094017,1.0,,,
KLF10,KLF10,Messenger RNA,0.0,0,1,0.0,0.4450261780104712,0.0085470085470085,,,,
PAX5,PAX5,Messenger RNA,0.0,0,1,0.0,0.4450261780104712,0.0085470085470085,,,,
ENTPD1,ENTPD1,Messenger RNA,0.0,0,1,0.0,0.4450261780104712,0.0085470085470085,,,,
FGF1,FGF1,Messenger RNA,0.0,0,1,0.0,0.4450261780104712,0.0085470085470085,,,,
SUMO2,SUMO2,Messenger RNA,0.0,0,1,0.0,0.4450261780104712,0.0085470085470085,,,,
RAPGEF5,RAPGEF5,Messenger RNA,0.0,0,1,0.002905205454024,0.5323590814196242,0.0598290598290598,1.0,,,
FRRS1L,FRRS1L,Messenger RNA,0.0,0,1,0.0022836504725413,0.5273264401772526,0.0512820512820512,1.0,,,
CCDC28A,CCDC28A,Messenger RNA,0.0,0,1,0.0,0.4450261780104712,0.0085470085470085,,,,
TGOLN2,TGOLN2,Messenger RNA,13.0,0,1,0.0006156551522025,0.5004205214465938,0.0256410256410256,1.0,,,
ANGEL1,ANGEL1,Messenger RNA,1.0,0,1,0.0,0.4450261780104712,0.0085470085470085,,,,
TMEM86A,TMEM86A,Messenger RNA,0.0,0,1,0.0,0.4450261780104712,0.0085470085470085,,,,
GGCT,GGCT,Messenger RNA,0.0,0,1,0.0,0.4450261780104712,0.0085470085470085,,,,
DDX19B,DDX19B,Messenger RNA,0.0,0,1,0.0,0.4450261780104712,0.0085470085470085,,,,
MVB12B,MVB12B,Messenger RNA,0.0,0,1,0.0009646935571522,0.4921422663358147,0.017094017094017,1.0,,,
THOC2,THOC2,Messenger RNA,0.0,0,1,0.0,0.4450261780104712,0.0085470085470085,,,,
KCNJ6,KCNJ6,Messenger RNA,0.0,0,1,0.0002096889761465,0.4926856196522219,0.017094017094017,1.0,,,
SMARCA4,SMARCA4,Messenger RNA,0.0,0,1,0.0010029783449895,0.4851861918999728,0.017094017094017,1.0,,,
SMARCD1,SMARCD1,Messenger RNA,0.0,0,1,0.0010029783449895,0.4851861918999728,0.017094017094017,1.0,,,
SMARCC1,SMARCC1,Messenger RNA,0.0,0,1,0.0010029783449895,0.4851861918999728,0.017094017094017,1.0,,,
VPS53,VPS53,Messenger RNA,0.0,0,1,0.0007575329264321,0.523306948109059,0.0512820512820512,1.0,,,
SRPK1,SRPK1,Messenger RNA,0.0,0,1,0.0010029783449895,0.4851861918999728,0.017094017094017,1.0,,,
USP9X,USP9X,Messenger RNA,0.0,0,1,0.0010029783449895,0.4851861918999728,0.017094017094017,1.0,,,
RASGEF1A,RASGEF1A,Messenger RNA,0.0,0,1,0.0010029783449895,0.4851861918999728,0.017094017094017,1.0,,,
ZBTB6,ZBTB6,Messenger RNA,0.0,0,1,9.899330593980415e-07,0.468626936203728,0.017094017094017,1.0,,,
NCOA2,NCOA2,Messenger RNA,0.0,0,1,7.886099399225186e-06,0.4820415879017013,0.017094017094017,1.0,,,
TBC1D4,TBC1D4,Messenger RNA,0.0,0,1,1.9481017510468924e-05,0.4720973287490081,0.017094017094017,1.0,,,
MYCN,MYCN,Messenger RNA,0.0,0,1,0.0,0.4580446497305619,0.0085470085470085,,,,
LMNB1,LMNB1,Messenger RNA,0.0,0,1,0.0,0.4580446497305619,0.0085470085470085,,,,
BET1L,BET1L,Messenger RNA,0.0,0,1,0.0020546370179843,0.5202564849897989,0.0683760683760683,0.8928571428571429,,,
FAM81A,FAM81A,Messenger RNA,0.0,0,1,0.0,0.4580446497305619,0.0085470085470085,,,,
EGLN3,EGLN3,Messenger RNA,0.0,0,1,0.0,0.4580446497305619,0.0085470085470085,,,,
STXBP5,STXBP5,Messenger RNA,0.0,0,1,3.1087822736761866e-05,0.4753661784287616,0.017094017094017,1.0,,,
PRKCH,PRKCH,Messenger RNA,0.0,0,1,0.0,0.4580446497305619,0.0085470085470085,,,,
CMPK2,CMPK2,Messenger RNA,0.0,0,1,0.0006966133178196,0.5095632315158436,0.0341880341880341,1.0,,,
BEST3,BEST3,Messenger RNA,0.0,0,1,0.0003487040162271,0.5035260930888575,0.0512820512820512,0.8666666666666667,,,
RAB18,RAB18,Messenger RNA,0.0,0,1,3.03869990495078e-05,0.4820415879017013,0.0256410256410256,1.0,,,
CPEB2,CPEB2,Messenger RNA,0.0,0,1,0.0,0.4580446497305619,0.0085470085470085,,,,
GATA6,GATA6,Messenger RNA,0.0,0,1,6.190921343415279e-05,0.4833468724614135,0.0256410256410256,1.0,,,
YWHAG,YWHAG,Messenger RNA,0.0,0,1,0.0003932273437638,0.5236139630390144,0.0427350427350427,1.0,,,
YWHAQ,YWHAQ,Messenger RNA,0.0,0,1,0.0004708109805217,0.5263933942789738,0.0512820512820512,1.0,,,
C15orf61,C15orf61,Messenger RNA,0.0,0,1,5.420135883336223e-05,0.48074333423108,0.017094017094017,1.0,,,
TENT5C,TENT5C,Messenger RNA,0.0,0,1,3.078574099933587e-05,0.4940492665375035,0.017094017094017,1.0,,,
DDIAS,DDIAS,Messenger RNA,0.0,0,1,0.0042833202953766,0.5636248815914114,0.1196581196581196,0.978021978021978,,,
FAM177A1,FAM177A1,Messenger RNA,0.0,0,1,0.0,0.4504163512490537,0.0085470085470085,,,,
UBE2Z,UBE2Z,Messenger RNA,0.0,0,1,0.0,0.4504163512490537,0.0085470085470085,,,,
ARAP2,ARAP2,Messenger RNA,1.0,0,1,3.078574099933587e-05,0.4940492665375035,0.017094017094017,1.0,,,
DLG2,DLG2,Messenger RNA,0.0,0,1,0.0004708109805217,0.5263933942789738,0.0512820512820512,1.0,,,
PDF,PDF,Messenger RNA,0.0,0,1,0.0,0.4504163512490537,0.0085470085470085,,,,
GRAMD2A,GRAMD2A,Messenger RNA,0.0,0,1,0.0,0.4504163512490537,0.0085470085470085,,,,
BMPER,BMPER,Messenger RNA,0.0,0,1,0.0,0.4504163512490537,0.0085470085470085,,,,
ANKS1A,ANKS1A,Messenger RNA,1.0,0,1,0.0,0.4504163512490537,0.0085470085470085,,,,
TNFSF11,TNFSF11,Messenger RNA,0.0,0,1,0.0024168880737647,0.5517774343122102,0.1111111111111111,1.0,,,
SALL1,SALL1,Messenger RNA,0.0,0,1,0.0,0.4504163512490537,0.0085470085470085,,,,
HAS2,HAS2,Messenger RNA,0.0,0,1,0.0001050110749183,0.5043797682961288,0.0256410256410256,1.0,,,
WDR37,WDR37,Messenger RNA,0.0,0,1,0.0,0.4711005542359461,0.0085470085470085,,,,
SMIM14,SMIM14,Messenger RNA,0.0,0,1,0.0001078687982126,0.4943229022431459,0.017094017094017,1.0,,,
IFFO2,IFFO2,Messenger RNA,0.0,0,1,0.0057255911247364,0.4779116465863454,0.017094017094017,0.0,,,
ETNK2,ETNK2,Messenger RNA,0.0,0,1,0.0,0.4711005542359461,0.0085470085470085,,,,
ARRDC3,ARRDC3,Messenger RNA,0.0,0,1,0.0,0.4711005542359461,0.0085470085470085,,,,
ZNRF3,ZNRF3,Messenger RNA,0.0,0,1,0.0,0.4711005542359461,0.0085470085470085,,,,
NCKAP5,NCKAP5,Messenger RNA,0.0,0,1,0.0004327847380884,0.5078236130867709,0.0341880341880341,0.8333333333333334,,,
TBC1D22B,TBC1D22B,Messenger RNA,0.0,0,1,0.0,0.4711005542359461,0.0085470085470085,,,,
INTS8,INTS8,Messenger RNA,0.0,0,1,0.0,0.4711005542359461,0.0085470085470085,,,,
PPP6C,PPP6C,Messenger RNA,0.0,0,1,0.0,0.4711005542359461,0.0085470085470085,,,,
USP44,USP44,Messenger RNA,0.0,0,1,0.0008607137760109,0.4976303317535545,0.0256410256410256,0.6666666666666666,,,
SERAC1,SERAC1,Messenger RNA,0.0,0,1,0.0,0.4711005542359461,0.0085470085470085,,,,
VANGL1,VANGL1,Messenger RNA,0.0,0,1,0.0,0.4711005542359461,0.0085470085470085,,,,
ACBD3,ACBD3,Messenger RNA,1.0,0,1,0.0,0.4711005542359461,0.0085470085470085,,,,
VAV3,VAV3,Messenger RNA,0.0,0,1,0.0,0.4711005542359461,0.0085470085470085,,,,
RHOBTB1,RHOBTB1,Messenger RNA,0.0,0,1,0.0,0.4711005542359461,0.0085470085470085,,,,
GSTO2,GSTO2,Messenger RNA,0.0,0,1,0.0,0.4711005542359461,0.0085470085470085,,,,
PCTP,PCTP,Messenger RNA,0.0,0,1,0.0,0.4711005542359461,0.0085470085470085,,,,
GHR,GHR,Messenger RNA,0.0,0,1,5.038675953388186e-06,0.4918710388536787,0.017094017094017,1.0,,,
ITGA10,ITGA10,Messenger RNA,0.0,0,1,0.0004447758812768,0.5187445510026155,0.0512820512820512,1.0,,,
TFCP2L1,TFCP2L1,Messenger RNA,0.0,0,1,0.0008027558269145,0.5276381909547738,0.0683760683760683,1.0,,,
PCDHA11,PCDHA11,Messenger RNA,0.0,0,1,0.0,0.4746078170699282,0.0085470085470085,,,,
IGF1,IGF1,Messenger RNA,0.0,0,1,0.0004447758812768,0.5187445510026155,0.0512820512820512,1.0,,,
SLC4A8,SLC4A8,Messenger RNA,0.0,0,1,0.0,0.4746078170699282,0.0085470085470085,,,,
RPUSD2,RPUSD2,Messenger RNA,0.0,0,1,3.640150169465125e-05,0.5069582504970179,0.0256410256410256,1.0,,,
PAX2,PAX2,Messenger RNA,0.0,0,1,1.756385748393513e-05,0.4945968412302577,0.017094017094017,1.0,,,
PDZD4,PDZD4,Messenger RNA,0.0,0,1,0.0,0.4746078170699282,0.0085470085470085,,,,
LRP6,LRP6,Messenger RNA,0.0,0,1,0.0001200657124341,0.5101457559302658,0.0341880341880341,1.0,,,
DMXL1,DMXL1,Messenger RNA,0.0,0,1,0.0004447758812768,0.5187445510026155,0.0512820512820512,1.0,,,
PPM1K,PPM1K,Messenger RNA,0.0,0,1,0.0,0.4635159698779538,0.0085470085470085,,,,
FDXR,FDXR,Messenger RNA,4.0,0,1,0.0001313593940157,0.4891751164702658,0.0256410256410256,1.0,,,
VPS18,VPS18,Messenger RNA,0.0,0,1,0.0001313593940157,0.4891751164702658,0.0256410256410256,1.0,,,
RBL1,RBL1,Messenger RNA,0.0,0,1,5.166545188833848e-06,0.467644747183652,0.017094017094017,1.0,,,
ACTB,ACTB,Messenger RNA,1.0,0,1,0.0006663258429098,0.5032421764871723,0.0683760683760683,0.9285714285714286,,,
PLXNB1,PLXNB1,Messenger RNA,0.0,0,1,0.0,0.4635159698779538,0.0085470085470085,,,,
GNS,GNS,Messenger RNA,0.0,0,1,6.00401418744531e-05,0.48413344182262,0.0341880341880341,1.0,,,
MCTP2,MCTP2,Messenger RNA,0.0,0,1,0.0,0.4635159698779538,0.0085470085470085,,,,
RASA1,RASA1,Messenger RNA,0.0,0,1,0.0,0.4635159698779538,0.0085470085470085,,,,
KCMF1,KCMF1,Messenger RNA,0.0,0,1,0.0,0.4635159698779538,0.0085470085470085,,,,
BHLHE41,BHLHE41,Messenger RNA,0.0,0,1,0.0,0.4635159698779538,0.0085470085470085,,,,
TRUB1,TRUB1,Messenger RNA,0.0,0,1,0.0,0.4799677332616294,0.0085470085470085,,,,
ARHGEF3,ARHGEF3,Messenger RNA,0.0,0,1,0.0,0.4799677332616294,0.0085470085470085,,,,
EPN2,EPN2,Messenger RNA,0.0,0,1,0.0002887039117393,0.5133735979292493,0.0598290598290598,1.0,,,
ERI2,ERI2,Messenger RNA,3.0,0,1,0.0002887039117393,0.5133735979292493,0.0598290598290598,1.0,,,
CCDC71L,CCDC71L,Messenger RNA,0.0,0,1,9.422417016245886e-05,0.5081127241673783,0.0341880341880341,1.0,,,
GALNTL6,GALNTL6,Messenger RNA,0.0,0,1,0.0,0.4799677332616294,0.0085470085470085,,,,
HMGCR,HMGCR,Messenger RNA,0.0,0,1,0.0,0.4573405073020753,0.0085470085470085,,,,
IPO9,IPO9,Messenger RNA,0.0,0,1,9.277531362686008e-05,0.4708520179372197,0.017094017094017,1.0,,,
SRPK2,SRPK2,Messenger RNA,0.0,0,1,0.0,0.4573405073020753,0.0085470085470085,,,,
JAM2,JAM2,Messenger RNA,0.0,0,1,0.0,0.4573405073020753,0.0085470085470085,,,,
TMCC1,TMCC1,Messenger RNA,0.0,0,1,1.1828901454636544e-05,0.4708520179372197,0.017094017094017,1.0,,,
COL12A1,COL12A1,Messenger RNA,0.0,0,1,1.884474418801588e-05,0.4693662897712332,0.017094017094017,1.0,,,
RNF43,RNF43,Messenger RNA,0.0,0,1,0.0002470281387933,0.4830852503382949,0.0341880341880341,1.0,,,
ANAPC15,ANAPC15,Messenger RNA,1.0,0,1,0.0015177713888896,0.511314809510169,0.0427350427350427,1.0,,,
DEUP1,DEUP1,Messenger RNA,0.0,0,1,0.0015177713888896,0.511314809510169,0.0427350427350427,1.0,,,
LDOC1,LDOC1,Messenger RNA,0.0,0,1,9.055169331315356e-05,0.5072463768115942,0.0512820512820512,1.0,,,
BEST1,BEST1,Messenger RNA,0.0,0,1,0.0002197073974568,0.5052363430512312,0.0256410256410256,1.0,,,
SYTL4,SYTL4,Messenger RNA,0.0,0,1,0.0097172657200026,0.4924137931034483,0.017094017094017,0.0,,,
SUFU,SUFU,Messenger RNA,0.0,0,1,9.623819968977829e-05,0.5007012622720898,0.0427350427350427,1.0,,,
TTC7B,TTC7B,Messenger RNA,0.0,0,1,0.0,0.4851861918999728,0.0085470085470085,,,,
ZNF24,ZNF24,Messenger RNA,0.0,0,1,0.0001573827411419,0.5032421764871723,0.0341880341880341,1.0,,,
CXADR,CXADR,Messenger RNA,0.0,0,1,0.0005171289511234,0.5004205214465938,0.017094017094017,1.0,,,
SPCS3,SPCS3,Messenger RNA,0.0,0,1,1.536063848444753e-06,0.4823020805187787,0.017094017094017,1.0,,,
KCNK12,KCNK12,Messenger RNA,0.0,0,1,1.536063848444753e-06,0.4823020805187787,0.017094017094017,1.0,,,
LYSMD2,LYSMD2,Messenger RNA,0.0,0,1,1.536063848444753e-06,0.4823020805187787,0.017094017094017,1.0,,,
LONRF2,LONRF2,Messenger RNA,0.0,0,1,1.536063848444753e-06,0.4823020805187787,0.017094017094017,1.0,,,
PIAS4,PIAS4,Messenger RNA,0.0,0,1,1.536063848444753e-06,0.4823020805187787,0.017094017094017,1.0,,,
TGIF1,TGIF1,Messenger RNA,0.0,0,1,0.0,0.4615981380915438,0.0085470085470085,,,,
MAPK1IP1L,MAPK1IP1L,Messenger RNA,0.0,0,1,0.0,0.4615981380915438,0.0085470085470085,,,,
TBL1X,TBL1X,Messenger RNA,0.0,0,1,0.0,0.4615981380915438,0.0085470085470085,,,,
INSIG2,INSIG2,Messenger RNA,0.0,0,1,0.0,0.4615981380915438,0.0085470085470085,,,,
MAML3,MAML3,Messenger RNA,0.0,0,1,0.0,0.4615981380915438,0.0085470085470085,,,,
ISY1,ISY1,Messenger RNA,0.0,0,1,0.0,0.4615981380915438,0.0085470085470085,,,,
EIF4EBP2,EIF4EBP2,Messenger RNA,0.0,0,1,0.0,0.4520131678906052,0.0085470085470085,,,,
RSPO3,RSPO3,Messenger RNA,0.0,0,1,0.0,0.4520131678906052,0.0085470085470085,,,,
LCOR,LCOR,Messenger RNA,0.0,0,1,0.0,0.3821451509312781,0.0085470085470085,,,,
SCN2A,SCN2A,Messenger RNA,0.0,0,1,0.0,0.3821451509312781,0.0085470085470085,,,,
TPM4,TPM4,Messenger RNA,0.0,0,1,0.000943484413979,0.4129077029840388,0.017094017094017,1.0,,,
HBEGF,HBEGF,Messenger RNA,0.0,0,1,0.0,0.3821451509312781,0.0085470085470085,,,,
ZBTB41,ZBTB41,Messenger RNA,0.0,0,1,0.0,0.3821451509312781,0.0085470085470085,,,,
GNAI3,GNAI3,Messenger RNA,0.0,0,1,0.0,0.3821451509312781,0.0085470085470085,,,,
SOS2,SOS2,Messenger RNA,0.0,0,1,0.0,0.3821451509312781,0.0085470085470085,,,,
RGS17,RGS17,Messenger RNA,0.0,0,1,0.0,0.3821451509312781,0.0085470085470085,,,,
SEC31B,SEC31B,Messenger RNA,0.0,0,1,0.0,0.3821451509312781,0.0085470085470085,,,,
CLIC5,CLIC5,Messenger RNA,0.0,0,1,0.0,0.3821451509312781,0.0085470085470085,,,,
TRPM6,TRPM6,Messenger RNA,0.0,0,1,0.0,0.3821451509312781,0.0085470085470085,,,,
FBXW4,FBXW4,Messenger RNA,0.0,0,1,0.0017864969171558,0.4948710840033268,0.017094017094017,1.0,,,
RAB35,RAB35,Messenger RNA,0.0,0,1,0.0,0.3821451509312781,0.0085470085470085,,,,
AMOTL1,AMOTL1,Messenger RNA,1.0,0,1,0.0,0.3821451509312781,0.0085470085470085,,,,
DENND1A,DENND1A,Messenger RNA,0.0,0,1,0.0,0.3821451509312781,0.0085470085470085,,,,
DDX6,DDX6,Messenger RNA,0.0,0,1,0.0,0.3821451509312781,0.0085470085470085,,,,
RPS6KB1,RPS6KB1,Messenger RNA,0.0,0,1,0.0,0.3821451509312781,0.0085470085470085,,,,
ELMOD3,ELMOD3,Messenger RNA,0.0,0,1,0.0,0.3821451509312781,0.0085470085470085,,,,
DKK3,DKK3,Messenger RNA,0.0,0,1,0.0,0.3821451509312781,0.0085470085470085,,,,
CSF1,CSF1,Messenger RNA,0.0,0,1,0.0055566748301841,0.5193482688391039,0.0341880341880341,1.0,,,
ANGPTL2,ANGPTL2,Messenger RNA,1.0,0,1,0.0003846134738978,0.5172413793103449,0.0683760683760683,1.0,,,
RPGRIP1L,RPGRIP1L,Messenger RNA,0.0,0,1,0.0,0.4557058973704365,0.0085470085470085,,,,
MTUS1,MTUS1,Messenger RNA,0.0,0,1,0.0,0.4557058973704365,0.0085470085470085,,,,
MTMR3,MTMR3,Messenger RNA,0.0,0,1,0.0001794535732544,0.4756195043964828,0.017094017094017,1.0,,,
PDP2,PDP2,Messenger RNA,0.0,0,1,0.0,0.469119579500657,0.0085470085470085,,,,
NUP43,NUP43,Messenger RNA,0.0,0,1,0.0001650921707355,0.5055225148683092,0.0256410256410256,1.0,,,
PCM1,PCM1,Messenger RNA,0.0,0,1,0.0016460237334764,0.5169417897480452,0.0512820512820512,1.0,,,
ITPR3,ITPR3,Messenger RNA,0.0,0,1,0.0003466422712807,0.5139648718687014,0.0341880341880341,1.0,,,
TGIF2,TGIF2,Messenger RNA,0.0,0,1,0.0,0.469119579500657,0.0085470085470085,,,,
USP31,USP31,Messenger RNA,0.0,0,1,0.0003370974720809,0.48074333423108,0.017094017094017,1.0,,,
SMIM3,SMIM3,Messenger RNA,0.0,0,1,0.0,0.469119579500657,0.0085470085470085,,,,
MYO9A,MYO9A,Messenger RNA,0.0,0,1,0.0,0.469119579500657,0.0085470085470085,,,,
ZFP91,ZFP91,Messenger RNA,0.0,0,1,0.0057616870025948,0.4723471817941254,0.017094017094017,1.0,,,
NREP,NREP,Messenger RNA,0.0,0,1,0.0,0.469119579500657,0.0085470085470085,,,,
CPD,CPD,Messenger RNA,0.0,0,1,0.0001650921707355,0.5055225148683092,0.0256410256410256,1.0,,,
CDH3,CDH3,Messenger RNA,0.0,0,1,0.0001650921707355,0.5055225148683092,0.0256410256410256,1.0,,,
EIF4G2,EIF4G2,Messenger RNA,0.0,0,1,0.0017164355347602,0.5169417897480452,0.0427350427350427,1.0,,,
ZNF282,ZNF282,Messenger RNA,15.0,0,1,0.0109933889388789,0.4875717017208413,0.0256410256410256,0.6666666666666666,,,
YAF2,YAF2,Messenger RNA,0.0,0,1,0.0,0.469119579500657,0.0085470085470085,,,,
BCL2L1,BCL2L1,Messenger RNA,0.0,0,1,0.0,0.469119579500657,0.0085470085470085,,,,
RGS7,RGS7,Messenger RNA,0.0,0,1,0.0,0.469119579500657,0.0085470085470085,,,,
RCVRN,RCVRN,Messenger RNA,0.0,0,1,9.645178637874865e-05,0.4786806114239743,0.017094017094017,1.0,,,
SEC24A,SEC24A,Messenger RNA,0.0,0,1,0.0,0.469119579500657,0.0085470085470085,,,,
SLC35F2,SLC35F2,Messenger RNA,0.0,0,1,0.0,0.4618369987063389,0.0085470085470085,,,,
ZBTB12,ZBTB12,Messenger RNA,0.0,0,1,0.0,0.4618369987063389,0.0085470085470085,,,,
VDAC1,VDAC1,Messenger RNA,14.0,0,1,0.0,0.4618369987063389,0.0085470085470085,,,,
ACTR3,ACTR3,Messenger RNA,1.0,0,1,0.0,0.4618369987063389,0.0085470085470085,,,,
TRAF3,TRAF3,Messenger RNA,0.0,0,1,0.0,0.4618369987063389,0.0085470085470085,,,,
NRXN1,NRXN1,Messenger RNA,8.0,0,1,1.5578343222644393e-05,0.4851861918999728,0.017094017094017,1.0,,,
ZEB1,ZEB1,Messenger RNA,0.0,0,1,3.316258044129048e-05,0.4828239112794157,0.017094017094017,1.0,,,
ETV1,ETV1,Messenger RNA,0.0,0,1,0.0,0.4520131678906052,0.0085470085470085,,,,
ERG,ERG,Messenger RNA,0.0,0,1,3.316258044129048e-05,0.4828239112794157,0.017094017094017,1.0,,,
H3-3B,H3-3B,Messenger RNA,0.0,0,1,0.0002222924692982,0.4998599831979837,0.017094017094017,1.0,,,
ETV6,ETV6,Messenger RNA,0.0,0,1,0.0,0.4520131678906052,0.0085470085470085,,,,
FLI1,FLI1,Messenger RNA,0.0,0,1,0.0,0.4520131678906052,0.0085470085470085,,,,
PHF6,PHF6,Messenger RNA,9.0,0,1,0.0,0.4520131678906052,0.0085470085470085,,,,
PARM1,PARM1,Messenger RNA,0.0,0,1,0.0,0.4520131678906052,0.0085470085470085,,,,
MSI2,MSI2,Messenger RNA,0.0,0,1,0.0,0.4520131678906052,0.0085470085470085,,,,
PDCD4,PDCD4,Messenger RNA,0.0,0,1,0.0,0.4520131678906052,0.0085470085470085,,,,
SLC25A15,SLC25A15,Messenger RNA,0.0,0,1,0.0001774731475588,0.4873054873054873,0.017094017094017,0.0,,,
C16orf72,C16orf72,Messenger RNA,0.0,0,1,0.0,0.4520131678906052,0.0085470085470085,,,,
SEPTIN8,SEPTIN8,Messenger RNA,0.0,0,1,0.0,0.4520131678906052,0.0085470085470085,,,,
ARF6,ARF6,Messenger RNA,1.0,0,1,0.0,0.4520131678906052,0.0085470085470085,,,,
NUDCD3,NUDCD3,Messenger RNA,0.0,0,1,0.0,0.4520131678906052,0.0085470085470085,,,,
SNX3,SNX3,Messenger RNA,12.0,0,1,0.0,0.4520131678906052,0.0085470085470085,,,,
PIGV,PIGV,Messenger RNA,0.0,0,1,0.0,0.4520131678906052,0.0085470085470085,,,,
ZNF48,ZNF48,Messenger RNA,0.0,0,1,0.0,0.4520131678906052,0.0085470085470085,,,,
ATXN7L1,ATXN7L1,Messenger RNA,0.0,0,1,0.0,0.4520131678906052,0.0085470085470085,,,,
OLR1,OLR1,Messenger RNA,0.0,0,1,0.0,0.4520131678906052,0.0085470085470085,,,,
SNCG,SNCG,Messenger RNA,11.0,0,1,0.0,0.4520131678906052,0.0085470085470085,,,,
VAMP3,VAMP3,Messenger RNA,0.0,0,1,0.0,0.4520131678906052,0.0085470085470085,,,,
STRN,STRN,Messenger RNA,12.0,0,1,0.0,0.4520131678906052,0.0085470085470085,,,,
STX5,STX5,Messenger RNA,0.0,0,1,0.0,0.4520131678906052,0.0085470085470085,,,,
ERO1B,ERO1B,Messenger RNA,0.0,0,1,0.0,0.4725972994440032,0.0085470085470085,,,,
PTPRA,PTPRA,Messenger RNA,0.0,0,1,7.834107197872851e-05,0.4935029029582527,0.017094017094017,1.0,,,
TPRG1L,TPRG1L,Messenger RNA,0.0,0,1,0.0004751616586788,0.4956956400999722,0.017094017094017,1.0,,,
POLR2F,POLR2F,Messenger RNA,0.0,0,1,0.0,0.4725972994440032,0.0085470085470085,,,,
WASL,WASL,Messenger RNA,0.0,0,1,0.0,0.4725972994440032,0.0085470085470085,,,,
ANKH,ANKH,Messenger RNA,1.0,0,1,0.0,0.4725972994440032,0.0085470085470085,,,,
STAG2,STAG2,Messenger RNA,0.0,0,1,0.0,0.4450261780104712,0.0085470085470085,,,,
ANKRD52,ANKRD52,Messenger RNA,1.0,0,1,0.0,0.4450261780104712,0.0085470085470085,,,,
WDR55,WDR55,Messenger RNA,0.0,0,1,0.0,0.4450261780104712,0.0085470085470085,,,,
GPRIN3,GPRIN3,Messenger RNA,0.0,0,1,0.0,0.4450261780104712,0.0085470085470085,,,,
VTI1B,VTI1B,Messenger RNA,0.0,0,1,0.0001441863271088,0.497353023126219,0.017094017094017,1.0,,,
USP46,USP46,Messenger RNA,0.0,0,1,0.0,0.4450261780104712,0.0085470085470085,,,,
NR2C2,NR2C2,Messenger RNA,0.0,0,1,0.0,0.4450261780104712,0.0085470085470085,,,,
GBA2,GBA2,Messenger RNA,0.0,0,1,0.0,0.4450261780104712,0.0085470085470085,,,,
DIO2,DIO2,Messenger RNA,0.0,0,1,0.0,0.4450261780104712,0.0085470085470085,,,,
EIF4H,EIF4H,Messenger RNA,0.0,0,1,0.0,0.4450261780104712,0.0085470085470085,,,,
PANK2,PANK2,Messenger RNA,0.0,0,1,0.0,0.4450261780104712,0.0085470085470085,,,,
PHIP,PHIP,Messenger RNA,0.0,0,1,2.242591295872044e-05,0.4720973287490081,0.0256410256410256,1.0,,,
TMEM87B,TMEM87B,Messenger RNA,0.0,0,1,0.0,0.4637568199532346,0.0085470085470085,,,,
EGR1,EGR1,Messenger RNA,3.0,0,1,0.0,0.4637568199532346,0.0085470085470085,,,,
PSMF1,PSMF1,Messenger RNA,0.0,0,1,0.0001576424199243,0.4913294797687861,0.0512820512820512,0.9333333333333332,,,
NCS1,NCS1,Messenger RNA,0.0,0,1,2.920196463673121e-05,0.4666666666666667,0.0341880341880341,1.0,,,
PLA2G2C,PLA2G2C,Messenger RNA,0.0,0,1,2.0035100523565115e-06,0.4642392717815344,0.017094017094017,1.0,,,
CYLD,CYLD,Messenger RNA,0.0,0,1,0.0001631372097616,0.4733492442322991,0.0341880341880341,0.8333333333333334,,,
TSHZ2,TSHZ2,Messenger RNA,0.0,0,1,9.600715322249474e-06,0.4678899082568807,0.017094017094017,1.0,,,
STEAP3,STEAP3,Messenger RNA,0.0,0,1,0.0002802278267901,0.4951456310679611,0.0683760683760683,1.0,,,
ABRAXAS2,ABRAXAS2,Messenger RNA,1.0,0,1,0.0001967554978297,0.4926856196522219,0.0598290598290598,1.0,,,
CYSLTR1,CYSLTR1,Messenger RNA,0.0,0,1,0.0,0.4693662897712332,0.0085470085470085,,,,
ABI2,ABI2,Messenger RNA,1.0,0,1,0.0,0.4547770700636943,0.0085470085470085,,,,
ACVR2A,ACVR2A,Messenger RNA,1.0,0,1,0.0,0.4547770700636943,0.0085470085470085,,,,
RLIM,RLIM,Messenger RNA,0.0,0,1,0.0001212921089633,0.4639979204574993,0.017094017094017,1.0,,,
PSKH1,PSKH1,Messenger RNA,0.0,0,1,4.165124194487101e-05,0.48074333423108,0.017094017094017,1.0,,,
POLR1C,POLR1C,Messenger RNA,0.0,0,1,4.165124194487101e-05,0.48074333423108,0.017094017094017,1.0,,,
NFYA,NFYA,Messenger RNA,0.0,0,1,0.0,0.4448043857463244,0.0085470085470085,,,,
FOXJ3,FOXJ3,Messenger RNA,0.0,0,1,0.0,0.4448043857463244,0.0085470085470085,,,,
ODF2L,ODF2L,Messenger RNA,0.0,0,1,0.0002455241077677,0.4639979204574993,0.017094017094017,0.0,,,
VMP1,VMP1,Messenger RNA,0.0,0,1,0.0,0.4448043857463244,0.0085470085470085,,,,
PTBP1,PTBP1,Messenger RNA,0.0,0,1,0.0,0.4448043857463244,0.0085470085470085,,,,
ZMYM4,ZMYM4,Messenger RNA,0.0,0,1,0.0,0.4448043857463244,0.0085470085470085,,,,
ADRB2,ADRB2,Messenger RNA,1.0,0,1,0.0,0.4448043857463244,0.0085470085470085,,,,
DCTN5,DCTN5,Messenger RNA,0.0,0,1,0.0,0.4448043857463244,0.0085470085470085,,,,
IRS1,IRS1,Messenger RNA,0.0,0,1,0.0,0.4448043857463244,0.0085470085470085,,,,
BCL9L,BCL9L,Messenger RNA,0.0,0,1,4.329203661860937e-05,0.4797097554420854,0.017094017094017,1.0,,,
TLE4,TLE4,Messenger RNA,0.0,0,1,0.0,0.4448043857463244,0.0085470085470085,,,,
PTPN9,PTPN9,Messenger RNA,0.0,0,1,0.0,0.4448043857463244,0.0085470085470085,,,,
CTPS1,CTPS1,Messenger RNA,0.0,0,1,0.000410890055965,0.4812617956322459,0.017094017094017,1.0,,,
ZFYVE26,ZFYVE26,Messenger RNA,0.0,0,1,0.0,0.4448043857463244,0.0085470085470085,,,,
UCP3,UCP3,Messenger RNA,0.0,0,1,0.0001865467718116,0.4791946308724832,0.0341880341880341,1.0,,,
LMO4,LMO4,Messenger RNA,0.0,0,1,3.5042831040565323e-05,0.4681353265145554,0.0256410256410256,1.0,,,
ATXN1L,ATXN1L,Messenger RNA,0.0,0,1,0.0,0.4632753698416818,0.0085470085470085,,,,
CUL3,CUL3,Messenger RNA,0.0,0,1,0.0002334579636477,0.4468085106382978,0.017094017094017,1.0,,,
CSNK1G2,CSNK1G2,Messenger RNA,2.0,0,1,0.0,0.4191124677154261,0.0085470085470085,,,,
ANK2,ANK2,Messenger RNA,1.0,0,1,0.0,0.4191124677154261,0.0085470085470085,,,,
SSX2IP,SSX2IP,Messenger RNA,0.0,0,1,0.0,0.4191124677154261,0.0085470085470085,,,,
C18orf32,C18orf32,Messenger RNA,0.0,0,1,0.0,0.4191124677154261,0.0085470085470085,,,,
ZBTB44,ZBTB44,Messenger RNA,0.0,0,1,0.0,0.4191124677154261,0.0085470085470085,,,,
MIGA1,MIGA1,Messenger RNA,0.0,0,1,0.0,0.4191124677154261,0.0085470085470085,,,,
AGO3,AGO3,Messenger RNA,1.0,0,1,0.0,0.4554733350344476,0.0085470085470085,,,,
TRIM2,TRIM2,Messenger RNA,0.0,0,1,8.378173306380405e-05,0.4766355140186916,0.0256410256410256,1.0,,,
BRMS1L,BRMS1L,Messenger RNA,0.0,0,1,0.0,0.4554733350344476,0.0085470085470085,,,,
TRAK1,TRAK1,Messenger RNA,0.0,0,1,0.0,0.4554733350344476,0.0085470085470085,,,,
HOXC12,HOXC12,Messenger RNA,0.0,0,1,6.435747479259398e-06,0.4784240150093808,0.017094017094017,1.0,,,
CNKSR3,CNKSR3,Messenger RNA,0.0,0,1,0.0,0.4779116465863454,0.0085470085470085,,,,
MTA3,MTA3,Messenger RNA,0.0,0,1,0.0,0.3688778673279603,0.0085470085470085,,,,
GPR157,GPR157,Messenger RNA,0.0,0,1,0.0,0.3688778673279603,0.0085470085470085,,,,
NR6A1,NR6A1,Messenger RNA,0.0,0,1,0.0,0.3688778673279603,0.0085470085470085,,,,
ARHGAP5,ARHGAP5,Messenger RNA,1.0,0,1,0.0,0.3688778673279603,0.0085470085470085,,,,
SCD,SCD,Messenger RNA,0.0,0,1,0.0,0.3688778673279603,0.0085470085470085,,,,
SLC4A7,SLC4A7,Messenger RNA,0.0,0,1,0.0,0.3688778673279603,0.0085470085470085,,,,
RASGRF1,RASGRF1,Messenger RNA,0.0,0,1,0.0,0.3688778673279603,0.0085470085470085,,,,
ABI1,ABI1,Messenger RNA,1.0,0,1,0.0,0.3688778673279603,0.0085470085470085,,,,
NXPE3,NXPE3,Messenger RNA,0.0,0,1,0.0,0.3688778673279603,0.0085470085470085,,,,
ZC2HC1A,ZC2HC1A,Messenger RNA,0.0,0,1,0.0,0.3688778673279603,0.0085470085470085,,,,
CDK17,CDK17,Messenger RNA,0.0,0,1,0.0,0.3688778673279603,0.0085470085470085,,,,
ATXN7L3,ATXN7L3,Messenger RNA,0.0,0,1,0.0,0.3688778673279603,0.0085470085470085,,,,
NTN4,NTN4,Messenger RNA,0.0,0,1,0.0,0.3688778673279603,0.0085470085470085,,,,
KSR1,KSR1,Messenger RNA,0.0,0,1,0.0,0.3688778673279603,0.0085470085470085,,,,
TMEM260,TMEM260,Messenger RNA,0.0,0,1,0.0,0.3688778673279603,0.0085470085470085,,,,
MYNN,MYNN,Messenger RNA,0.0,0,1,0.0,0.3688778673279603,0.0085470085470085,,,,
LRCH1,LRCH1,Messenger RNA,0.0,0,1,0.0,0.3688778673279603,0.0085470085470085,,,,
PCDH7,PCDH7,Messenger RNA,0.0,0,1,0.0,0.3688778673279603,0.0085470085470085,,,,
NIPAL2,NIPAL2,Messenger RNA,0.0,0,1,0.0,0.3688778673279603,0.0085470085470085,,,,
SHROOM3,SHROOM3,Messenger RNA,0.0,0,1,0.0,0.3688778673279603,0.0085470085470085,,,,
MBD1,MBD1,Messenger RNA,0.0,0,1,6.412229890988532e-05,0.4846592451805593,0.0512820512820512,1.0,,,
ZNF607,ZNF607,Messenger RNA,0.0,0,1,6.412229890988532e-05,0.4846592451805593,0.0512820512820512,1.0,,,
TMEM107,TMEM107,Messenger RNA,0.0,0,1,0.0,0.4488307769675635,0.0085470085470085,,,,
ARIH1,ARIH1,Messenger RNA,0.0,0,1,0.0,0.4488307769675635,0.0085470085470085,,,,
MASTL,MASTL,Messenger RNA,0.0,0,1,0.0,0.4488307769675635,0.0085470085470085,,,,
BICRAL,BICRAL,Messenger RNA,0.0,0,1,0.0,0.4488307769675635,0.0085470085470085,,,,
FOXK2,FOXK2,Messenger RNA,0.0,0,1,0.0,0.4488307769675635,0.0085470085470085,,,,
PURA,PURA,Messenger RNA,0.0,0,1,7.148524351309815e-05,0.4706037437384656,0.017094017094017,1.0,,,
WDR20,WDR20,Messenger RNA,0.0,0,1,0.0,0.4488307769675635,0.0085470085470085,,,,
FNIP2,FNIP2,Messenger RNA,0.0,0,1,0.0,0.4488307769675635,0.0085470085470085,,,,
TRIM32,TRIM32,Messenger RNA,0.0,0,1,0.0,0.4072553045859001,0.0085470085470085,,,,
UBE2I,UBE2I,Messenger RNA,0.0,0,1,0.0034754674207525,0.4123354123354123,0.017094017094017,0.0,,,
METTL1,METTL1,Messenger RNA,0.0,0,1,0.0,0.4072553045859001,0.0085470085470085,,,,
OTUD7A,OTUD7A,Messenger RNA,0.0,0,1,0.0007650831407158,0.4995801847187238,0.017094017094017,0.0,,,
ANKFY1,ANKFY1,Messenger RNA,1.0,0,1,0.0005608709873591,0.4506437768240343,0.017094017094017,1.0,,,
DCUN1D3,DCUN1D3,Messenger RNA,0.0,0,1,0.0,0.4072553045859001,0.0085470085470085,,,,
DCAF10,DCAF10,Messenger RNA,0.0,0,1,0.0,0.4072553045859001,0.0085470085470085,,,,
E2F3,E2F3,Messenger RNA,0.0,0,1,0.0005393429646544,0.5023923444976076,0.017094017094017,1.0,,,
PPP6R3,PPP6R3,Messenger RNA,0.0,0,1,0.0,0.4072553045859001,0.0085470085470085,,,,
FMR1,FMR1,Messenger RNA,0.0,0,1,0.0,0.4072553045859001,0.0085470085470085,,,,
SPTLC2,SPTLC2,Messenger RNA,0.0,0,1,0.0004666548902358,0.4889071487263763,0.017094017094017,0.0,,,
ARL10,ARL10,Messenger RNA,0.0,0,1,0.0005608709873591,0.4506437768240343,0.017094017094017,1.0,,,
CMPK1,CMPK1,Messenger RNA,0.0,0,1,0.0,0.4072553045859001,0.0085470085470085,,,,
RIMS3,RIMS3,Messenger RNA,0.0,0,1,0.0,0.4072553045859001,0.0085470085470085,,,,
SYPL2,SYPL2,Messenger RNA,0.0,0,1,0.0,0.4072553045859001,0.0085470085470085,,,,
MRGBP,MRGBP,Messenger RNA,0.0,0,1,0.0,0.4072553045859001,0.0085470085470085,,,,
GK5,GK5,Messenger RNA,0.0,0,1,0.0,0.4072553045859001,0.0085470085470085,,,,
KPNA1,KPNA1,Messenger RNA,0.0,0,1,0.0,0.4072553045859001,0.0085470085470085,,,,
SLC26A9,SLC26A9,Messenger RNA,0.0,0,1,0.0,0.4072553045859001,0.0085470085470085,,,,
BACH2,BACH2,Messenger RNA,0.0,0,1,4.464137037251716e-05,0.4943229022431459,0.0427350427350427,1.0,,,
SEC61A1,SEC61A1,Messenger RNA,0.0,0,1,0.0,0.4308472121650977,0.0085470085470085,,,,
ARHGAP44,ARHGAP44,Messenger RNA,1.0,0,1,0.0,0.4308472121650977,0.0085470085470085,,,,
GLYCTK,GLYCTK,Messenger RNA,0.0,0,1,0.0,0.4308472121650977,0.0085470085470085,,,,
C2orf69,C2orf69,Messenger RNA,0.0,0,1,0.0,0.4308472121650977,0.0085470085470085,,,,
NETO2,NETO2,Messenger RNA,0.0,0,1,0.0,0.4308472121650977,0.0085470085470085,,,,
COPZ1,COPZ1,Messenger RNA,0.0,0,1,0.0002437905930256,0.4881050041017227,0.017094017094017,1.0,,,
RUFY2,RUFY2,Messenger RNA,0.0,0,1,0.0,0.4308472121650977,0.0085470085470085,,,,
AJUBA,AJUBA,Messenger RNA,1.0,0,1,0.0,0.4308472121650977,0.0085470085470085,,,,
PIAS1,PIAS1,Messenger RNA,0.0,0,1,0.0,0.4308472121650977,0.0085470085470085,,,,
CHIC1,CHIC1,Messenger RNA,0.0,0,1,0.0,0.4308472121650977,0.0085470085470085,,,,
KPNA5,KPNA5,Messenger RNA,0.0,0,1,0.0,0.4308472121650977,0.0085470085470085,,,,
WDR47,WDR47,Messenger RNA,15.0,0,1,0.0,0.4308472121650977,0.0085470085470085,,,,
KLHL28,KLHL28,Messenger RNA,0.0,0,1,0.0,0.4308472121650977,0.0085470085470085,,,,
ARHGAP6,ARHGAP6,Messenger RNA,0.0,0,1,0.0,0.4308472121650977,0.0085470085470085,,,,
XRN1,XRN1,Messenger RNA,0.0,0,1,0.0,0.4308472121650977,0.0085470085470085,,,,
DCAF5,DCAF5,Messenger RNA,0.0,0,1,0.0,0.4308472121650977,0.0085470085470085,,,,
ZYX,ZYX,Messenger RNA,16.0,0,1,0.0,0.4308472121650977,0.0085470085470085,,,,
RNF114,RNF114,Messenger RNA,0.0,0,1,0.0,0.4308472121650977,0.0085470085470085,,,,
RPRD1B,RPRD1B,Messenger RNA,0.0,0,1,0.0,0.4308472121650977,0.0085470085470085,,,,
VLDLR,VLDLR,Messenger RNA,0.0,0,1,0.0,0.4308472121650977,0.0085470085470085,,,,
KCTD16,KCTD16,Messenger RNA,0.0,0,1,0.0,0.4308472121650977,0.0085470085470085,,,,
RBM23,RBM23,Messenger RNA,0.0,0,1,0.0,0.4308472121650977,0.0085470085470085,,,,
TTC4,TTC4,Messenger RNA,0.0,0,1,0.0,0.4308472121650977,0.0085470085470085,,,,
CCND1,CCND1,Messenger RNA,0.0,0,1,0.0,0.4308472121650977,0.0085470085470085,,,,
KRBA1,KRBA1,Messenger RNA,0.0,0,1,0.0,0.4308472121650977,0.0085470085470085,,,,
CDKN1C,CDKN1C,Messenger RNA,0.0,0,1,0.0004452669400703,0.4859787639531718,0.017094017094017,1.0,,,
RBFOX2,RBFOX2,Messenger RNA,0.0,0,1,0.0,0.4308472121650977,0.0085470085470085,,,,
MDM4,MDM4,Messenger RNA,0.0,0,1,0.0,0.4208912992218816,0.0085470085470085,,,,
SLA2,SLA2,Messenger RNA,0.0,0,1,0.0,0.4208912992218816,0.0085470085470085,,,,
KBTBD2,KBTBD2,Messenger RNA,0.0,0,1,0.0,0.4208912992218816,0.0085470085470085,,,,
POLH,POLH,Messenger RNA,0.0,0,1,0.0004202795558602,0.5023923444976076,0.0341880341880341,1.0,,,
ZBTB20,ZBTB20,Messenger RNA,0.0,0,1,0.0,0.4728476821192053,0.0085470085470085,,,,
TMEM30A,TMEM30A,Messenger RNA,0.0,0,1,0.0,0.449508939813649,0.0085470085470085,,,,
ATP2B1,ATP2B1,Messenger RNA,0.0,0,1,6.735249028925061e-06,0.4644808743169399,0.017094017094017,1.0,,,
KCNC4,KCNC4,Messenger RNA,0.0,0,1,6.735249028925061e-06,0.4644808743169399,0.017094017094017,1.0,,,
RSF1,RSF1,Messenger RNA,0.0,0,1,9.479949953336874e-05,0.4776558736954776,0.0341880341880341,1.0,,,
XK,XK,Messenger RNA,0.0,0,1,0.0001447229231001,0.4976303317535545,0.0427350427350427,1.0,,,
CYP4F22,CYP4F22,Messenger RNA,0.0,0,1,0.0,0.4472563267351541,0.0085470085470085,,,,
RRAGD,RRAGD,Messenger RNA,10.0,0,1,0.0,0.4108170310701956,0.0085470085470085,,,,
COQ10B,COQ10B,Messenger RNA,0.0,0,1,7.731867567203341e-05,0.4681353265145554,0.017094017094017,1.0,,,
C6orf89,C6orf89,Messenger RNA,1.0,0,1,0.0,0.4108170310701956,0.0085470085470085,,,,
ADCY9,ADCY9,Messenger RNA,1.0,0,1,0.0,0.4108170310701956,0.0085470085470085,,,,
LRRC8C,LRRC8C,Messenger RNA,0.0,0,1,0.0,0.4108170310701956,0.0085470085470085,,,,
ANO6,ANO6,Messenger RNA,1.0,0,1,0.0,0.4522422092728654,0.0085470085470085,,,,
ABCA1,ABCA1,Messenger RNA,1.0,0,1,5.875666606656429e-05,0.4797097554420854,0.017094017094017,1.0,,,
CD47,CD47,Messenger RNA,0.0,0,1,0.0,0.4522422092728654,0.0085470085470085,,,,
XKR6,XKR6,Messenger RNA,0.0,0,1,0.0,0.4522422092728654,0.0085470085470085,,,,
CRAMP1,CRAMP1,Messenger RNA,0.0,0,1,0.0,0.4522422092728654,0.0085470085470085,,,,
PGGT1B,PGGT1B,Messenger RNA,0.0,0,1,5.34629511206413e-05,0.4698604896025269,0.017094017094017,1.0,,,
MTF1,MTF1,Messenger RNA,0.0,0,1,0.0,0.4522422092728654,0.0085470085470085,,,,
TBCEL,TBCEL,Messenger RNA,0.0,0,1,0.0,0.4522422092728654,0.0085470085470085,,,,
FLT1,FLT1,Messenger RNA,0.0,0,1,0.0,0.4522422092728654,0.0085470085470085,,,,
ARHGEF17,ARHGEF17,Messenger RNA,0.0,0,1,0.0,0.4522422092728654,0.0085470085470085,,,,
RYK,RYK,Messenger RNA,0.0,0,1,0.0,0.4522422092728654,0.0085470085470085,,,,
STYX,STYX,Messenger RNA,0.0,0,1,0.0,0.4522422092728654,0.0085470085470085,,,,
GNAQ,GNAQ,Messenger RNA,0.0,0,1,0.0,0.4522422092728654,0.0085470085470085,,,,
PTPA,PTPA,Messenger RNA,0.0,0,1,0.0,0.4522422092728654,0.0085470085470085,,,,
PPIL6,PPIL6,Messenger RNA,0.0,0,1,0.0,0.471847739888977,0.0085470085470085,,,,
SETD9,SETD9,Messenger RNA,0.0,0,1,9.255320007393538e-06,0.4838709677419355,0.0256410256410256,1.0,,,
XPO5,XPO5,Messenger RNA,0.0,0,1,0.0,0.3392891085344991,0.0085470085470085,,,,
TNS1,TNS1,Messenger RNA,0.0,0,1,0.0,0.3392891085344991,0.0085470085470085,,,,
TMEM25,TMEM25,Messenger RNA,0.0,0,1,0.0,0.3392891085344991,0.0085470085470085,,,,
RAB8A,RAB8A,Messenger RNA,0.0,0,1,0.0061674842170466,0.4815214459131373,0.017094017094017,1.0,,,
ATE1,ATE1,Messenger RNA,0.0,0,1,0.0,0.3392891085344991,0.0085470085470085,,,,
PGM2L1,PGM2L1,Messenger RNA,0.0,0,1,0.0,0.3392891085344991,0.0085470085470085,,,,
FBXW7,FBXW7,Messenger RNA,0.0,0,1,0.0,0.3392891085344991,0.0085470085470085,,,,
GMEB1,GMEB1,Messenger RNA,0.0,0,1,0.0,0.3392891085344991,0.0085470085470085,,,,
GLG1,GLG1,Messenger RNA,0.0,0,1,0.0,0.3392891085344991,0.0085470085470085,,,,
NSD3,NSD3,Messenger RNA,0.0,0,1,0.0,0.3392891085344991,0.0085470085470085,,,,
NUP50,NUP50,Messenger RNA,0.0,0,1,0.0,0.3392891085344991,0.0085470085470085,,,,
SETD1B,SETD1B,Messenger RNA,0.0,0,1,0.0,0.3392891085344991,0.0085470085470085,,,,
SEC23IP,SEC23IP,Messenger RNA,0.0,0,1,0.0061674842170466,0.4815214459131373,0.017094017094017,1.0,,,
SHROOM2,SHROOM2,Messenger RNA,0.0,0,1,0.0,0.3392891085344991,0.0085470085470085,,,,
HECTD4,HECTD4,Messenger RNA,0.0,0,1,0.0,0.3392891085344991,0.0085470085470085,,,,
RAB9A,RAB9A,Messenger RNA,0.0,0,1,0.0061674842170466,0.4815214459131373,0.017094017094017,1.0,,,
GRHL1,GRHL1,Messenger RNA,0.0,0,1,0.0,0.3392891085344991,0.0085470085470085,,,,
SEL1L3,SEL1L3,Messenger RNA,0.0,0,1,0.0,0.3392891085344991,0.0085470085470085,,,,
LRPAP1,LRPAP1,Messenger RNA,0.0,0,1,0.0,0.3392891085344991,0.0085470085470085,,,,
TIMM50,TIMM50,Messenger RNA,0.0,0,1,0.0,0.3392891085344991,0.0085470085470085,,,,
DNAJC5,DNAJC5,Messenger RNA,0.0,0,1,0.0,0.3392891085344991,0.0085470085470085,,,,
TMTC3,TMTC3,Messenger RNA,0.0,0,1,0.0,0.3392891085344991,0.0085470085470085,,,,
CSDE1,CSDE1,Messenger RNA,0.0,0,1,0.0,0.3392891085344991,0.0085470085470085,,,,
STRN3,STRN3,Messenger RNA,0.0,0,1,0.0061674842170466,0.4815214459131373,0.017094017094017,1.0,,,
OCLN,OCLN,Messenger RNA,0.0,0,1,2.530852611681693e-05,0.4849225753871231,0.017094017094017,1.0,,,
UNC5D,UNC5D,Messenger RNA,0.0,0,1,2.530852611681693e-05,0.4849225753871231,0.017094017094017,1.0,,,
CDK5R1,CDK5R1,Messenger RNA,0.0,0,1,2.530852611681693e-05,0.4849225753871231,0.017094017094017,1.0,,,
NXT2,NXT2,Messenger RNA,0.0,0,1,0.0,0.4596961112541849,0.0085470085470085,,,,
MAP3K9,MAP3K9,Messenger RNA,0.0,0,1,0.0,0.4474805715718225,0.0085470085470085,,,,
N4BP3,N4BP3,Messenger RNA,0.0,0,1,0.0,0.4474805715718225,0.0085470085470085,,,,
C9orf64,C9orf64,Messenger RNA,1.0,0,1,0.0,0.4474805715718225,0.0085470085470085,,,,
FAM199X,FAM199X,Messenger RNA,0.0,0,1,0.0,0.4474805715718225,0.0085470085470085,,,,
WDFY2,WDFY2,Messenger RNA,0.0,0,1,0.0,0.4474805715718225,0.0085470085470085,,,,
KLF7,KLF7,Messenger RNA,0.0,0,1,0.0,0.4474805715718225,0.0085470085470085,,,,
POLR1A,POLR1A,Messenger RNA,0.0,0,1,0.0,0.4474805715718225,0.0085470085470085,,,,
BAG5,BAG5,Messenger RNA,0.0,0,1,0.0,0.4479297365119197,0.0085470085470085,,,,
H2AZ2,H2AZ2,Messenger RNA,0.0,0,1,0.0,0.4883720930232558,0.0085470085470085,,,,
ST13,ST13,Messenger RNA,0.0,0,1,2.2327050963171503e-05,0.4899807850672523,0.017094017094017,1.0,,,
FOXL1,FOXL1,Messenger RNA,0.0,0,1,0.0,0.4883720930232558,0.0085470085470085,,,,
USP8,USP8,Messenger RNA,0.0,0,1,2.2327050963171503e-05,0.4899807850672523,0.017094017094017,1.0,,,
FBXO48,FBXO48,Messenger RNA,0.0,0,1,0.0,0.4883720930232558,0.0085470085470085,,,,
RBAK,RBAK,Messenger RNA,0.0,0,1,2.2327050963171503e-05,0.4899807850672523,0.017094017094017,1.0,,,
GOSR1,GOSR1,Messenger RNA,0.0,0,1,0.0,0.3236627379873073,0.0085470085470085,,,,
VGLL4,VGLL4,Messenger RNA,0.0,0,1,0.0021975516753954,0.4197037385375029,0.017094017094017,0.0,,,
PCDH9,PCDH9,Messenger RNA,0.0,0,1,0.0,0.3236627379873073,0.0085470085470085,,,,
RNF24,RNF24,Messenger RNA,0.0,0,1,0.0,0.3236627379873073,0.0085470085470085,,,,
PCDHA9,PCDHA9,Messenger RNA,0.0,0,1,0.0,0.3236627379873073,0.0085470085470085,,,,
BDNF,BDNF,Messenger RNA,0.0,0,1,0.0,0.3236627379873073,0.0085470085470085,,,,
SCEL,SCEL,Messenger RNA,0.0,0,1,0.0,0.3236627379873073,0.0085470085470085,,,,
PRPF4B,PRPF4B,Messenger RNA,0.0,0,1,0.0,0.3236627379873073,0.0085470085470085,,,,
FAF2,FAF2,Messenger RNA,0.0,0,1,0.0,0.3236627379873073,0.0085470085470085,,,,
POU2F1,POU2F1,Messenger RNA,0.0,0,1,0.0,0.4693662897712332,0.0085470085470085,,,,
ADIPOR2,ADIPOR2,Messenger RNA,1.0,0,1,0.0,0.4693662897712332,0.0085470085470085,,,,
PRMT2,PRMT2,Messenger RNA,0.0,0,1,0.0,0.4693662897712332,0.0085470085470085,,,,
SETD6,SETD6,Messenger RNA,0.0,0,1,0.0,0.4161809279552343,0.0085470085470085,,,,
RAB40C,RAB40C,Messenger RNA,0.0,0,1,0.0,0.4161809279552343,0.0085470085470085,,,,
XPO4,XPO4,Messenger RNA,0.0,0,1,3.690050212745448e-06,0.470107979984198,0.017094017094017,1.0,,,
ATMIN,ATMIN,Messenger RNA,0.0,0,1,0.0,0.4661791590493601,0.0085470085470085,,,,
KLHL5,KLHL5,Messenger RNA,0.0,0,1,0.0,0.4630350194552529,0.0085470085470085,,,,
F2RL1,F2RL1,Messenger RNA,0.0,0,1,0.0,0.4479297365119197,0.0085470085470085,,,,
AJAP1,AJAP1,Messenger RNA,1.0,0,1,0.0,0.4479297365119197,0.0085470085470085,,,,
NSF,NSF,Messenger RNA,0.0,0,1,0.0,0.4479297365119197,0.0085470085470085,,,,
ZDHHC5,ZDHHC5,Messenger RNA,0.0,0,1,0.0,0.452700989094598,0.0085470085470085,,,,
ARID2,ARID2,Messenger RNA,0.0,0,1,0.0,0.452700989094598,0.0085470085470085,,,,
CACNA1E,CACNA1E,Messenger RNA,1.0,0,1,0.0,0.452700989094598,0.0085470085470085,,,,
CDC42EP3,CDC42EP3,Messenger RNA,0.0,0,1,0.0,0.452700989094598,0.0085470085470085,,,,
HCAR2,HCAR2,Messenger RNA,0.0,0,1,0.0,0.4594594594594595,0.0085470085470085,,,,
SNX13,SNX13,Messenger RNA,0.0,0,1,0.0,0.4594594594594595,0.0085470085470085,,,,
B4GAT1,B4GAT1,Messenger RNA,0.0,0,1,0.0,0.4594594594594595,0.0085470085470085,,,,
GABRP,GABRP,Messenger RNA,0.0,0,1,0.0,0.3915332309717043,0.0085470085470085,,,,
PDE7A,PDE7A,Messenger RNA,8.0,0,1,0.0,0.3915332309717043,0.0085470085470085,,,,
TAF3,TAF3,Messenger RNA,0.0,0,1,8.49867045710647e-06,0.4251012145748988,0.017094017094017,1.0,,,
ZC2HC1C,ZC2HC1C,Messenger RNA,0.0,0,1,0.0,0.3915332309717043,0.0085470085470085,,,,
IQSEC2,IQSEC2,Messenger RNA,0.0,0,1,0.0,0.3915332309717043,0.0085470085470085,,,,
KIF1B,KIF1B,Messenger RNA,0.0,0,1,0.0,0.4275449101796407,0.0085470085470085,,,,
BRD4,BRD4,Messenger RNA,0.0,0,1,0.0,0.4253037884203002,0.0085470085470085,,,,
DAG1,DAG1,Messenger RNA,0.0,0,1,6.787960645498036e-07,0.4346238130021914,0.017094017094017,1.0,,,
ABHD6,ABHD6,Messenger RNA,1.0,0,1,6.787960645498036e-07,0.4346238130021914,0.017094017094017,1.0,,,
KLF12,KLF12,Messenger RNA,0.0,0,1,6.787960645498036e-07,0.4346238130021914,0.017094017094017,1.0,,,
CCNG2,CCNG2,Messenger RNA,0.0,0,1,6.787960645498036e-07,0.4346238130021914,0.017094017094017,1.0,,,
SUSD6,SUSD6,Messenger RNA,0.0,0,1,6.787960645498036e-07,0.4346238130021914,0.017094017094017,1.0,,,
TNKS,TNKS,Messenger RNA,0.0,0,1,6.787960645498036e-07,0.4346238130021914,0.017094017094017,1.0,,,
CYGB,CYGB,Messenger RNA,0.0,0,1,0.0,0.4554733350344476,0.0085470085470085,,,,
DIP2A,DIP2A,Messenger RNA,0.0,0,1,0.0,0.4554733350344476,0.0085470085470085,,,,
GPR39,GPR39,Messenger RNA,4.0,0,1,0.0,0.4554733350344476,0.0085470085470085,,,,
VAPB,VAPB,Messenger RNA,0.0,0,1,0.0,0.4554733350344476,0.0085470085470085,,,,
ENO1,ENO1,Messenger RNA,0.0,0,1,0.0,0.4587509637625289,0.0085470085470085,,,,
LAMP1,LAMP1,Messenger RNA,0.0,0,1,0.0,0.4587509637625289,0.0085470085470085,,,,
ZFYVE16,ZFYVE16,Messenger RNA,0.0,0,1,0.0,0.4386827230277709,0.0085470085470085,,,,
KLHL13,KLHL13,Messenger RNA,0.0,0,1,0.0,0.4386827230277709,0.0085470085470085,,,,
RPS3,RPS3,Messenger RNA,0.0,0,1,0.0,0.4635159698779538,0.0085470085470085,,,,
TMBIM6,TMBIM6,Messenger RNA,0.0,0,1,0.0,0.4635159698779538,0.0085470085470085,,,,
FAM168B,FAM168B,Messenger RNA,0.0,0,1,0.0,0.4635159698779538,0.0085470085470085,,,,
CALM1,CALM1,Messenger RNA,0.0,0,1,0.0,0.4635159698779538,0.0085470085470085,,,,
WDR26,WDR26,Messenger RNA,0.0,0,1,0.0,0.4635159698779538,0.0085470085470085,,,,
ZFX,ZFX,Messenger RNA,0.0,0,1,0.0,0.4635159698779538,0.0085470085470085,,,,
CHPT1,CHPT1,Messenger RNA,0.0,0,1,0.0,0.4635159698779538,0.0085470085470085,,,,
HMGN2,HMGN2,Messenger RNA,0.0,0,1,0.0,0.4635159698779538,0.0085470085470085,,,,
MRPS23,MRPS23,Messenger RNA,0.0,0,1,0.0,0.4635159698779538,0.0085470085470085,,,,
VIPAS39,VIPAS39,Messenger RNA,0.0,0,1,0.0,0.4395469096281704,0.0085470085470085,,,,
ARL5A,ARL5A,Messenger RNA,0.0,0,1,0.0,0.4152128401953943,0.0085470085470085,,,,
KATNAL1,KATNAL1,Messenger RNA,0.0,0,1,0.0,0.4152128401953943,0.0085470085470085,,,,
LYN,LYN,Messenger RNA,0.0,0,1,2.505322224034803e-06,0.4728476821192053,0.017094017094017,1.0,,,
RNF180,RNF180,Messenger RNA,0.0,0,1,0.0,0.4533909067818135,0.0085470085470085,,,,
PPIP5K2,PPIP5K2,Messenger RNA,0.0,0,1,0.0,0.4246966452533904,0.0085470085470085,,,,
KIAA1549L,KIAA1549L,Messenger RNA,0.0,0,1,0.0,0.4246966452533904,0.0085470085470085,,,,
ANKRD46,ANKRD46,Messenger RNA,1.0,0,1,0.0,0.4246966452533904,0.0085470085470085,,,,
ASPH,ASPH,Messenger RNA,0.0,0,1,0.0,0.4246966452533904,0.0085470085470085,,,,
GRIN2B,GRIN2B,Messenger RNA,0.0,0,1,0.0,0.4246966452533904,0.0085470085470085,,,,
KLHL15,KLHL15,Messenger RNA,0.0,0,1,0.0,0.4246966452533904,0.0085470085470085,,,,
LOXL1,LOXL1,Messenger RNA,0.0,0,1,0.0,0.4246966452533904,0.0085470085470085,,,,
ELL,ELL,Messenger RNA,0.0,0,1,0.0,0.4246966452533904,0.0085470085470085,,,,
CXXC4,CXXC4,Messenger RNA,0.0,0,1,0.0,0.4246966452533904,0.0085470085470085,,,,
UBE3C,UBE3C,Messenger RNA,0.0,0,1,0.0,0.4246966452533904,0.0085470085470085,,,,
AP1G1,AP1G1,Messenger RNA,1.0,0,1,0.0,0.4246966452533904,0.0085470085470085,,,,
E2F2,E2F2,Messenger RNA,0.0,0,1,0.0,0.4246966452533904,0.0085470085470085,,,,
ADCY6,ADCY6,Messenger RNA,1.0,0,1,0.0,0.4246966452533904,0.0085470085470085,,,,
FGF11,FGF11,Messenger RNA,0.0,0,1,0.0,0.4246966452533904,0.0085470085470085,,,,
EPAS1,EPAS1,Messenger RNA,0.0,0,1,0.0,0.4797097554420854,0.0085470085470085,,,,
FBXO28,FBXO28,Messenger RNA,0.0,0,1,0.0,0.4797097554420854,0.0085470085470085,,,,
BICD1,BICD1,Messenger RNA,0.0,0,1,0.0,0.4797097554420854,0.0085470085470085,,,,
GRAMD1B,GRAMD1B,Messenger RNA,0.0,0,1,0.0,0.4115748213050496,0.0085470085470085,,,,
UBE2J1,UBE2J1,Messenger RNA,0.0,0,1,0.0,0.4578096947935368,0.0085470085470085,,,,
PARP6,PARP6,Messenger RNA,0.0,0,1,0.0,0.4578096947935368,0.0085470085470085,,,,
KEGG:04360,Axon guidance,Pathway,0.0,0,1,0.0550153794800862,0.3645370686709941,0.0694610778443113,0.2661826981246219,,,
KEGG:05205,Proteoglycans in cancer,Pathway,0.0,0,1,0.0310409300271569,0.378503015253636,0.074251497005988,0.6160761501850872,,,
KEGG:04218,Cellular senescence,Pathway,0.0,0,1,0.0235665596811802,0.385616190820383,0.0550898203592814,0.659903381642512,,,
KEGG:04010,MAPK signaling pathway,Pathway,0.0,0,1,0.0461157945716223,0.390127970749543,0.0898203592814371,0.5005405405405405,,,
KEGG:04014,Ras signaling pathway,Pathway,16.0,0,1,0.0267395910742565,0.3745173745173745,0.074251497005988,0.6895822316234796,,,
KEGG:04550,Signaling pathways regulating pluripotency of stem cells,Pathway,0.0,0,1,0.0356607244079824,0.370614796804446,0.0526946107784431,0.4059196617336152,,,
KEGG:05200,Pathways in cancer,Pathway,0.0,0,1,0.0696251760265613,0.4086556874760628,0.1365269461077844,0.6455519329296693,,,
KEGG:04068,FoxO signaling pathway,Pathway,0.0,0,1,0.0138524074013631,0.3729465221950367,0.0479041916167664,0.7205128205128205,,,
KEGG:04917,Prolactin signaling pathway,Pathway,0.0,0,1,0.0104728747172487,0.3613274635963427,0.0311377245508982,0.6892307692307692,,,
KEGG:04211,Longevity regulating pathway,Pathway,0.0,0,1,0.0082598333067968,0.3635434412265758,0.0359281437125748,0.7793103448275862,,,
KEGG:04015,Rap1 signaling pathway,Pathway,0.0,0,1,0.0200174597458797,0.3726859937128886,0.0658682634730539,0.7414141414141414,,,
KEGG:05212,Pancreatic cancer,Pathway,0.0,0,1,0.0021891920464615,0.3690764441369768,0.0323353293413173,1.0,,,
KEGG:05220,Chronic myeloid leukemia,Pathway,0.0,0,1,0.0027407336313531,0.368566493955095,0.0323353293413173,1.0,,,
KEGG:05211,Renal cell carcinoma,Pathway,0.0,0,1,0.0040965155130279,0.3588967373023881,0.029940119760479,0.8266666666666667,,,
KEGG:04144,Endocytosis,Pathway,0.0,0,1,0.0825580330209653,0.3485788957856909,0.074251497005988,0.0375462718138551,,,
KEGG:05225,Hepatocellular carcinoma,Pathway,0.0,0,1,0.0245016230936041,0.3795802205620776,0.0550898203592814,0.7584541062801933,,,
KEGG:04012,ErbB signaling pathway,Pathway,0.0,0,1,0.0043959446094311,0.3531943065210195,0.0335329341317365,0.9074074074074074,,,
KEGG:04919,Thyroid hormone signaling pathway,Pathway,0.0,0,1,0.0222221035186363,0.3620631150322361,0.0431137724550898,0.4825396825396825,,,
KEGG:05223,Non-small cell lung cancer,Pathway,0.0,0,1,0.0038080191861619,0.3660377358490566,0.029940119760479,0.84,,,
KEGG:04390,Hippo signaling pathway,Pathway,0.0,0,1,0.0242152420690382,0.3541320942582144,0.0514970059880239,0.4562569213732004,,,
KEGG:05210,Colorectal cancer,Pathway,0.0,0,1,0.0029536713843231,0.3688212927756654,0.0335329341317365,1.0,,,
KEGG:04310,Wnt signaling pathway,Pathway,0.0,0,1,0.0444329661054183,0.375836562169778,0.0550898203592814,0.3256038647342995,,,
KEGG:04151,PI3K-Akt signaling pathway,Pathway,0.0,0,1,0.031067818974929,0.3795802205620776,0.0946107784431137,0.6384290814670561,,,
KEGG:05224,Breast cancer,Pathway,0.0,0,1,0.00486533659502,0.3713887922032718,0.0479041916167664,0.9653846153846154,,,
KEGG:04910,Insulin signaling pathway,Pathway,0.0,0,1,0.0206368184181861,0.3678042054463978,0.0455089820359281,0.5832147937411095,,,
KEGG:05226,Gastric cancer,Pathway,0.0,0,1,0.0049075386128996,0.371906587661206,0.0479041916167664,0.9923076923076924,,,
KEGG:04510,Focal adhesion,Pathway,0.0,0,1,0.0195976367573831,0.3853376670278078,0.059880239520958,0.7126530612244898,,,
KEGG:04935,"Growth hormone synthesis, secretion and action",Pathway,0.0,0,1,0.0050116785573873,0.3703575147518222,0.0407185628742515,0.9411764705882352,,,
KEGG:04152,AMPK signaling pathway,Pathway,0.0,0,1,0.0174568996417864,0.3613274635963427,0.0407185628742515,0.5383244206773619,,,
KEGG:05166,Human T-cell leukemia virus 1 infection,Pathway,0.0,0,1,0.0319501496507839,0.3909857090509344,0.0634730538922155,0.6973875181422351,,,
KEGG:04914,Progesterone-mediated oocyte maturation,Pathway,0.0,0,1,0.0108006548120891,0.3732074151801329,0.0359281437125748,0.8275862068965517,,,
KEGG:04350,TGF-beta signaling pathway,Pathway,0.0,0,1,0.0225555926798543,0.3657867672266027,0.037125748502994,0.3268817204301075,,,
KEGG:04213,Longevity regulating pathway - multiple species,Pathway,0.0,0,1,0.005743188566034,0.3557852617539179,0.0251497005988023,0.7904761904761904,,,
KEGG:03083,Polycomb repressive complex,Pathway,0.0,0,1,0.0378798209218219,0.2867508734211234,0.0311377245508982,0.0276923076923076,,,
KEGG:04931,Insulin resistance,Pathway,0.0,0,1,0.0108806630356065,0.3596225143242332,0.037125748502994,0.7569892473118279,,,
KEGG:04140,Autophagy - animal,Pathway,0.0,0,1,0.0456589974433365,0.3737302977232924,0.0502994011976047,0.3426248548199768,,,
KEGG:04150,mTOR signaling pathway,Pathway,0.0,0,1,0.0178683663228889,0.3660377358490566,0.0479041916167664,0.5846153846153846,,,
KEGG:05202,Transcriptional misregulation in cancer,Pathway,0.0,0,1,0.0486655022430076,0.3557852617539179,0.0562874251497006,0.1424606845513413,,,
KEGG:01522,Endocrine resistance,Pathway,0.0,0,1,0.0033343508052504,0.3729465221950367,0.0335329341317365,0.9576719576719576,,,
KEGG:05170,Human immunodeficiency virus 1 infection,Pathway,0.0,0,1,0.0244069343799108,0.377431906614786,0.059880239520958,0.6448979591836734,,,
KEGG:04110,Cell cycle,Pathway,0.0,0,1,0.0261031009269022,0.3485788957856909,0.0479041916167664,0.4230769230769231,,,
KEGG:05222,Small cell lung cancer,Pathway,0.0,0,1,0.0032570826401225,0.3584145112529392,0.0323353293413173,1.0,,,
KEGG:05215,Prostate cancer,Pathway,0.0,0,1,0.0044472305295007,0.3650359219979473,0.0335329341317365,0.8888888888888888,,,
KEGG:04371,Apelin signaling pathway,Pathway,0.0,0,1,0.0100731923026329,0.3680579510175922,0.0431137724550898,0.7222222222222222,,,
KEGG:04912,GnRH signaling pathway,Pathway,0.0,0,1,0.0038884728592371,0.3620631150322361,0.0323353293413173,0.905982905982906,,,
KEGG:04725,Cholinergic synapse,Pathway,0.0,0,1,0.0058485556455276,0.3458670988654781,0.037125748502994,0.8881720430107527,,,
KEGG:04722,Neurotrophin signaling pathway,Pathway,0.0,0,1,0.0069418118684945,0.3739922888187872,0.0383233532934131,0.8608870967741935,,,
KEGG:01521,EGFR tyrosine kinase inhibitor resistance,Pathway,0.0,0,1,0.0029263035073012,0.3608386878593169,0.0287425149700598,0.9420289855072465,,,
KEGG:04810,Regulation of actin cytoskeleton,Pathway,0.0,0,1,0.0222536217375048,0.3586554621848739,0.0622754491017964,0.6055806938159879,,,
KEGG:05017,Spinocerebellar ataxia,Pathway,17.0,0,1,0.0316545092052824,0.3483512895853738,0.0431137724550898,0.2698412698412698,,,
KEGG:05213,Endometrial cancer,Pathway,0.0,0,1,0.000994221163566,0.3548387096774194,0.022754491017964,0.9941520467836256,,,
KEGG:04930,Type II diabetes mellitus,Pathway,0.0,0,1,0.0028617357791578,0.3494923026531281,0.0191616766467065,0.8333333333333334,,,
KEGG:04660,T cell receptor signaling pathway,Pathway,0.0,0,1,0.0051457677191696,0.3675508095074061,0.037125748502994,0.875268817204301,,,
KEGG:04340,Hedgehog signaling pathway,Pathway,0.0,0,1,0.0150377089922311,0.3224539135690541,0.0215568862275449,0.1895424836601307,,,
KEGG:04933,AGE-RAGE signaling pathway in diabetic complications,Pathway,0.0,0,1,0.0035843713510003,0.3711304347826087,0.0323353293413173,0.9401709401709402,,,
KEGG:04928,"Parathyroid hormone synthesis, secretion and action",Pathway,0.0,0,1,0.0104921350168707,0.3593802627147187,0.0335329341317365,0.6058201058201058,,,
KEGG:04114,Oocyte meiosis,Pathway,0.0,0,1,0.0125413815749814,0.3831238779174147,0.0395209580838323,0.6818181818181818,,,
KEGG:03082,ATP-dependent chromatin remodeling,Pathway,0.0,0,1,0.043719010597193,0.2743635896117253,0.0359281437125748,0.0666666666666666,,,
KEGG:04921,Oxytocin signaling pathway,Pathway,0.0,0,1,0.0098830738699966,0.3652858610065046,0.0443113772455089,0.7717717717717718,,,
KEGG:05221,Acute myeloid leukemia,Pathway,0.0,0,1,0.0012063787838812,0.3490350016355904,0.0239520958083832,1.0,,,
KEGG:04713,Circadian entrainment,Pathway,17.0,0,1,0.0021777792384007,0.3429765348762456,0.0311377245508982,0.913846153846154,,,
KEGG:04926,Relaxin signaling pathway,Pathway,0.0,0,1,0.0045109104409852,0.3739922888187872,0.0383233532934131,0.9657258064516128,,,
KEGG:04520,Adherens junction,Pathway,0.0,0,1,0.0186265014025058,0.3524942186983812,0.029940119760479,0.3,,,
KEGG:04120,Ubiquitin mediated proteolysis,Pathway,0.0,0,1,0.0374347818476059,0.3108068744538305,0.0407185628742515,0.071301247771836,,,
KEGG:05163,Human cytomegalovirus infection,Pathway,0.0,0,1,0.0075341174589043,0.3701005896635449,0.0586826347305389,0.9591836734693876,,,
KEGG:04730,Long-term depression,Pathway,0.0,0,1,0.0019765371098676,0.3581738838536422,0.0215568862275449,0.8823529411764706,,,
KEGG:04141,Protein processing in endoplasmic reticulum,Pathway,0.0,0,1,0.0573532261953631,0.3341684935797056,0.0467065868263473,0.0526315789473684,,,
KEGG:04115,p53 signaling pathway,Pathway,0.0,0,1,0.008489373549935,0.3242175630507444,0.0251497005988023,0.5047619047619047,,,
KEGG:05135,Yersinia infection,Pathway,0.0,0,1,0.0126235440639762,0.3776991150442478,0.0395209580838323,0.7518939393939394,,,
KEGG:05216,Thyroid cancer,Pathway,0.0,0,1,0.000830825768055,0.3458670988654781,0.0155688622754491,1.0,,,
KEGG:04960,Aldosterone-regulated sodium reabsorption,Pathway,0.0,0,1,0.004026753064245,0.3531943065210195,0.0155688622754491,0.6923076923076923,,,
KEGG:04022,cGMP-PKG signaling pathway,Pathway,0.0,0,1,0.0088211402139695,0.3508714238737258,0.0455089820359281,0.7027027027027027,,,
KEGG:05214,Glioma,Pathway,0.0,0,1,0.0011148850370006,0.3683120469451156,0.0251497005988023,1.0,,,
KEGG:05142,Chagas disease,Pathway,0.0,0,1,0.0028002597071407,0.3701005896635449,0.0311377245508982,0.9846153846153848,,,
KEGG:04710,Circadian rhythm,Pathway,0.0,0,1,0.009783482967459,0.3142857142857143,0.0143712574850299,0.106060606060606,,,
KEGG:04148,Efferocytosis,Pathway,0.0,0,1,0.0307496143099729,0.3560226893560227,0.0431137724550898,0.1888888888888888,,,
KEGG:05161,Hepatitis B,Pathway,0.0,0,1,0.0069481676643724,0.3766325450052947,0.0443113772455089,0.8993993993993994,,,
KEGG:05218,Melanoma,Pathway,0.0,0,1,0.0010712954426675,0.3657867672266027,0.0239520958083832,1.0,,,
KEGG:03013,Nucleocytoplasmic transport,Pathway,0.0,0,1,0.0419962434889489,0.2475063790303873,0.0323353293413173,0.017094017094017,,,
KEGG:05160,Hepatitis C,Pathway,0.0,0,1,0.011103098233937,0.3637913399249914,0.0431137724550898,0.7492063492063492,,,
KEGG:04724,Glutamatergic synapse,Pathway,0.0,0,1,0.0168569489894757,0.3511023362948338,0.0335329341317365,0.5079365079365079,,,
KEGG:04929,GnRH secretion,Pathway,0.0,0,1,0.0042627732779592,0.3515650741350906,0.0215568862275449,0.8496732026143791,,,
KEGG:05131,Shigellosis,Pathway,0.0,0,1,0.0397337845808447,0.3944547134935305,0.0610778443113772,0.5074509803921569,,,
KEGG:04130,SNARE interactions in vesicular transport,Pathway,0.0,0,1,0.0168278180253672,0.2337349397590361,0.0131736526946107,0.0181818181818181,,,
KEGG:05417,Lipid and atherosclerosis,Pathway,0.0,0,1,0.0180098258447225,0.3739922888187872,0.0538922155688622,0.6898989898989899,,,
KEGG:04971,Gastric acid secretion,Pathway,0.0,0,1,0.0061643108171775,0.3195567535190177,0.0239520958083832,0.8,,,
KEGG:04210,Apoptosis,Pathway,0.0,0,1,0.0099683296038009,0.370614796804446,0.037125748502994,0.8344086021505376,,,
KEGG:04611,Platelet activation,Pathway,0.0,0,1,0.0108674380345849,0.3531943065210195,0.0347305389221556,0.854679802955665,,,
KEGG:04934,Cushing syndrome,Pathway,0.0,0,1,0.0075500139592523,0.3672977624784854,0.0407185628742515,0.7736185383244206,,,
KEGG:04750,Inflammatory mediator regulation of TRP channels,Pathway,0.0,0,1,0.0094754860388307,0.3515650741350906,0.0287425149700598,0.6340579710144928,,,
KEGG:01524,Platinum drug resistance,Pathway,0.0,0,1,0.0094015387494824,0.3564984964918142,0.022754491017964,0.6023391812865497,,,
KEGG:04728,Dopaminergic synapse,Pathway,0.0,0,1,0.0070062775765768,0.3613274635963427,0.0359281437125748,0.7172413793103448,,,
KEGG:04024,cAMP signaling pathway,Pathway,0.0,0,1,0.0207587117480672,0.3635434412265758,0.0550898203592814,0.621256038647343,,,
KEGG:05032,Morphine addiction,Pathway,0.0,0,1,0.0114436653203706,0.2956497644776946,0.0263473053892215,0.4761904761904761,,,
KEGG:04923,Regulation of lipolysis in adipocytes,Pathway,0.0,0,1,0.0029778585011026,0.3308527131782945,0.0191616766467065,0.8583333333333333,,,
KEGG:04924,Renin secretion,Pathway,0.0,0,1,0.0022715712248863,0.3144709696433834,0.0215568862275449,0.9019607843137256,,,
KEGG:04916,Melanogenesis,Pathway,0.0,0,1,0.0014279966684105,0.3492635024549918,0.0287425149700598,1.0,,,
KEGG:04920,Adipocytokine signaling pathway,Pathway,0.0,0,1,0.0037850999230046,0.3286110255620573,0.0215568862275449,0.7843137254901961,,,
KEGG:05414,Dilated cardiomyopathy,Pathway,0.0,0,1,0.0091221976457257,0.3308527131782945,0.0287425149700598,0.8695652173913043,,,
KEGG:04915,Estrogen signaling pathway,Pathway,0.0,0,1,0.0046181285027159,0.3605947955390334,0.0359281437125748,0.8804597701149425,,,
KEGG:04071,Sphingolipid signaling pathway,Pathway,0.0,0,1,0.0108859371608663,0.3593802627147187,0.0323353293413173,0.6723646723646723,,,
KEGG:04066,HIF-1 signaling pathway,Pathway,0.0,0,1,0.0083559653091893,0.3628017681060864,0.029940119760479,0.65,,,
KEGG:05100,Bacterial invasion of epithelial cells,Pathway,0.0,0,1,0.0088417593775662,0.342096825905739,0.022754491017964,0.6549707602339181,,,
KEGG:04664,Fc epsilon RI signaling pathway,Pathway,0.0,0,1,0.0008592074634604,0.342756183745583,0.0203592814371257,0.9852941176470588,,,
KEGG:05130,Pathogenic Escherichia coli infection,Pathway,0.0,0,1,0.0306951649587223,0.3678042054463978,0.0479041916167664,0.3794871794871794,,,
KEGG:05235,PD-L1 expression and PD-1 checkpoint pathway in cancer,Pathway,0.0,0,1,0.0036052247553169,0.3429765348762456,0.0251497005988023,0.8476190476190476,,,
KEGG:05207,Chemical carcinogenesis - receptor activation,Pathway,18.0,0,1,0.0407211469402089,0.3803921568627451,0.0502994011976047,0.6806039488966318,,,
KEGG:05217,Basal cell carcinoma,Pathway,0.0,0,1,0.0007624501108948,0.3163356062852061,0.0191616766467065,1.0,,,
KEGG:05167,Kaposi sarcoma-associated herpesvirus infection,Pathway,0.0,0,1,0.0058674900371578,0.3655361425145598,0.0467065868263473,0.9068825910931174,,,
KEGG:04911,Insulin secretion,Pathway,0.0,0,1,0.0094134144966454,0.3186025679307256,0.0239520958083832,0.6368421052631579,,,
KEGG:04668,TNF signaling pathway,Pathway,0.0,0,1,0.0066226663260101,0.3572145965852025,0.029940119760479,0.7933333333333333,,,
KEGG:04070,Phosphatidylinositol signaling system,Pathway,0.0,0,1,0.0303787893622667,0.3280049185367353,0.0263473053892215,0.0995670995670995,,,
KEGG:05410,Hypertrophic cardiomyopathy,Pathway,0.0,0,1,0.0069850486779826,0.3333333333333333,0.0263473053892215,0.9134199134199136,,,
KEGG:05165,Human papillomavirus infection,Pathway,0.0,0,1,0.0256259320127351,0.3850595452905088,0.0730538922155688,0.6688524590163935,,,
KEGG:05030,Cocaine addiction,Pathway,0.0,0,1,0.002673710393948,0.3150280484204311,0.0155688622754491,0.8205128205128205,,,
KEGG:04380,Osteoclast differentiation,Pathway,0.0,0,1,0.0059327359297647,0.3737302977232924,0.0335329341317365,0.8359788359788359,,,
KEGG:05162,Measles,Pathway,0.0,0,1,0.0073718525017946,0.3618175652763649,0.0347305389221556,0.8103448275862069,,,
