source,target,mirtarbase,correlation,qvalue
hsa-miR-22-3p,RPS3,,-0.816,0.0
hsa-miR-452-5p,RPA1,,-0.81,0.0
hsa-miR-141-3p,TRHDE,,-0.807,0.0
hsa-miR-22-3p,RPL14,,-0.804,0.0
hsa-miR-22-3p,LRRC1,MIRT030660,-0.8,0.0
hsa-miR-141-3p,FZD4,,-0.799,0.0
hsa-miR-22-3p,RAB5B,MIRT030657,-0.795,0.0
hsa-miR-200a-3p,FZD4,,-0.793,0.0
hsa-miR-22-3p,KAT7,,-0.791,0.0
hsa-miR-224-5p,SLC35C2,,-0.784,0.0
hsa-miR-22-3p,CADM1,,-0.782,0.0
hsa-miR-200a-3p,TRHDE,,-0.78,0.0
hsa-miR-452-5p,ZBTB7C,,-0.778,0.0
hsa-miR-141-3p,NRP1,,-0.776,0.0
hsa-miR-486-5p,CCDC85C,,-0.772,0.0
hsa-miR-141-3p,HCAR2,,-0.77,0.0
hsa-miR-22-3p,EDC3,MIRT030653,-0.769,0.0
hsa-miR-200a-3p,NRP1,,-0.767,0.0
hsa-miR-378a-3p,LAS1L,,-0.766,0.0
hsa-miR-141-3p,GNAI1,,-0.763,0.0
hsa-miR-181c-5p,EMX2,,-0.762,0.0
hsa-miR-141-3p,ITSN1,,-0.761,0.0
hsa-miR-378a-3p,RCC2,MIRT712249,-0.759,0.0
hsa-miR-378a-3p,HNRNPA1,,-0.759,0.0
hsa-miR-452-5p,DAG1,,-0.759,0.0
hsa-miR-22-3p,PRPF38A,,-0.757,0.0
hsa-miR-224-5p,PAK4,,-0.756,0.0
hsa-miR-141-3p,ACO1,,-0.756,0.0
hsa-miR-200b-3p,NOVA2,,-0.756,0.0
hsa-miR-452-5p,IL20RA,,-0.755,0.0
hsa-miR-200b-3p,DMRT2,,-0.753,0.0
hsa-miR-22-3p,ZNF740,,-0.752,0.0
hsa-miR-22-3p,AK2,,-0.751,0.0
hsa-miR-139-5p,STRBP,,-0.751,0.0
hsa-miR-141-3p,PLXNA4,,-0.75,0.0
hsa-miR-378a-3p,PITPNA,,-0.75,0.0
hsa-miR-22-3p,WRNIP1,,-0.747,0.0
hsa-miR-135b-5p,GHR,,-0.747,0.0
hsa-miR-200c-3p,CRTAP,,-0.746,0.0
hsa-miR-200b-3p,ZFPM2,MIRT004623,-0.745,0.0
hsa-miR-378a-3p,GOLT1A,MIRT734396,-0.743,0.0
hsa-miR-22-3p,ASB6,,-0.739,0.0
hsa-miR-22-3p,RAPGEFL1,,-0.738,0.0
hsa-miR-22-3p,TP53,,-0.737,0.0
hsa-miR-486-5p,RAPGEFL1,,-0.731,0.0
hsa-miR-139-5p,PITPNA,,-0.73,0.0
hsa-miR-200b-3p,CELF2,,-0.73,0.0
hsa-miR-200c-3p,JCAD,,-0.729,0.0
hsa-miR-145-5p,ABRACL,MIRT021534,-0.727,0.0
hsa-miR-200a-3p,ZEB2,MIRT001035,-0.727,0.0
hsa-miR-22-3p,PADI2,,-0.727,0.0
hsa-miR-224-5p,GPN1,,-0.724,0.0
hsa-miR-200b-3p,ZEB1,MIRT002483,-0.724,0.0
hsa-miR-200c-3p,NEGR1,,-0.723,0.0
hsa-miR-200a-3p,ITSN1,,-0.723,0.0
hsa-miR-141-3p,YWHAG,MIRT006730,-0.722,0.0
hsa-miR-224-5p,SPPL3,,-0.722,0.0
hsa-miR-378a-3p,UMPS,,-0.722,0.0
hsa-miR-139-5p,NOL7,,-0.721,0.0
hsa-miR-200b-3p,NEGR1,,-0.721,0.0
hsa-miR-224-5p,TMEM108,,-0.72,0.0
hsa-miR-200a-3p,GNAI1,,-0.72,0.0
hsa-miR-22-3p,NHP2,,-0.72,0.0
hsa-miR-22-3p,WARS2,,-0.717,0.0
hsa-miR-224-5p,TMEM201,,-0.717,0.0
hsa-miR-22-3p,SCYL3,,-0.716,0.0
hsa-miR-200c-3p,NOVA2,,-0.716,0.0
hsa-miR-22-3p,ETV1,,-0.715,0.0
hsa-miR-486-5p,CAPRIN1,,-0.715,0.0
hsa-miR-486-5p,ZNF207,,-0.715,0.0
hsa-miR-378a-3p,XPO5,,-0.713,0.0
hsa-miR-200c-3p,CELF2,,-0.711,0.0
hsa-miR-452-5p,HMGB3,,-0.711,0.0
hsa-miR-185-5p,NCOA2,,-0.711,0.0
hsa-miR-224-5p,GABRP,,-0.71,0.0
hsa-miR-224-5p,PSPC1,,-0.709,0.0
hsa-miR-185-5p,MDM4,,-0.708,0.0
hsa-miR-200c-3p,CFL2,MIRT054101,-0.707,0.0
hsa-miR-185-5p,CFAP44,,-0.707,0.0
hsa-miR-200c-3p,ZEB1,MIRT002286,-0.706,0.0
hsa-miR-224-5p,F2RL1,,-0.705,0.0
hsa-miR-365a-3p,PPP5C,,-0.703,0.0
hsa-miR-365b-3p,PPP5C,,-0.703,0.0
hsa-miR-139-5p,SMARCA4,MIRT731821,-0.703,0.0
hsa-miR-22-3p,IL17RD,,-0.701,0.0
hsa-miR-224-5p,CHEK1,,-0.701,0.0
hsa-miR-224-5p,CCDC71,,-0.698,0.0
hsa-miR-22-3p,ZNF652,,-0.698,0.0
hsa-miR-378a-3p,FAM83F,,-0.697,0.0
hsa-miR-22-3p,SRRD,,-0.697,0.0
hsa-miR-378a-3p,UCK2,,-0.697,0.0
hsa-miR-452-5p,TMEM229B,,-0.697,0.0
hsa-miR-22-3p,HNRNPUL2,,-0.697,0.0
hsa-miR-185-5p,LZIC,,-0.696,0.0
hsa-miR-22-3p,CCDC47,,-0.695,0.0
hsa-miR-185-5p,PPIP5K2,,-0.694,0.0
hsa-miR-20b-5p,LRATD2,,-0.694,0.0
hsa-miR-429,ZFPM2,MIRT004625,-0.694,0.0
hsa-miR-200b-3p,SLC4A4,,-0.693,0.0
hsa-miR-486-5p,TET3,,-0.693,0.0
hsa-miR-224-5p,PCYT1B,,-0.692,0.0
hsa-miR-22-3p,UNK,,-0.69,0.0
hsa-miR-20b-5p,MYCL,,-0.69,0.0
hsa-miR-185-5p,ZNF280C,,-0.69,0.0
hsa-miR-185-5p,HP1BP3,,-0.69,0.0
hsa-miR-365a-3p,SNX12,,-0.69,0.0
hsa-miR-378a-3p,DENND2B,,-0.69,0.0
hsa-miR-365b-3p,SNX12,,-0.69,0.0
hsa-miR-452-5p,TMBIM6,,-0.689,0.0
hsa-miR-200c-3p,SLC4A4,,-0.689,0.0
hsa-miR-22-3p,CUL3,,-0.687,0.0
hsa-miR-185-5p,SPIN3,,-0.687,0.0
hsa-miR-378a-3p,TMCO1,,-0.686,0.0
hsa-miR-193b-3p,CLSTN1,MIRT016329,-0.685,0.0
hsa-miR-22-3p,SMG7,,-0.684,0.0
hsa-miR-20b-5p,TRIM32,MIRT227331,-0.684,0.0
hsa-miR-22-3p,EMILIN3,,-0.683,0.0
hsa-miR-22-3p,NOP9,,-0.683,0.0
hsa-miR-22-3p,RCC2,MIRT700249,-0.682,0.0
hsa-miR-486-5p,DNAJC21,,-0.682,0.0
hsa-miR-452-5p,PRMT7,,-0.681,0.0
hsa-miR-486-5p,BTBD3,,-0.681,0.0
hsa-miR-185-5p,CREBRF,,-0.68,0.0
hsa-miR-200b-3p,YWHAG,,-0.679,0.0
hsa-miR-139-5p,HMGCR,,-0.678,0.0
hsa-miR-22-3p,MYCL,,-0.678,0.0
hsa-miR-185-5p,LCOR,,-0.677,0.0
hsa-miR-200b-3p,GPC6,,-0.677,0.0
hsa-miR-22-3p,VEZF1,,-0.676,0.0
hsa-miR-135b-5p,FOXN3,,-0.676,0.0
hsa-miR-486-5p,ZNF740,,-0.675,0.0
hsa-miR-224-5p,NAP1L1,,-0.675,0.0
hsa-miR-486-5p,CTDSPL2,,-0.675,0.0
hsa-miR-139-5p,GDI2,,-0.675,0.0
hsa-miR-200a-3p,YWHAG,,-0.674,0.0
hsa-miR-139-5p,MEX3A,,-0.673,0.0
hsa-miR-429,CHRDL1,,-0.673,0.0
hsa-miR-200c-3p,ZNF423,,-0.673,0.0
hsa-miR-141-3p,ANO6,,-0.672,0.0
hsa-miR-224-5p,TPD52,MIRT437894,-0.672,0.0
hsa-miR-139-5p,LARP4B,,-0.672,0.0
hsa-miR-22-3p,STK26,,-0.672,0.0
hsa-miR-224-5p,MARCHF9,,-0.671,0.0
hsa-miR-141-3p,TMEM170B,,-0.67,0.0
hsa-miR-135b-5p,C2CD2,,-0.67,0.0
hsa-miR-486-5p,FAM83G,,-0.669,0.0
hsa-miR-135b-5p,EBF1,,-0.669,0.0
hsa-miR-429,PLXNA4,,-0.668,0.0
hsa-miR-378a-3p,GRSF1,,-0.667,0.0
hsa-miR-200b-3p,ZNF423,,-0.666,0.0
hsa-miR-141-3p,GPC6,,-0.664,0.0
hsa-miR-185-5p,PLEKHA1,,-0.664,0.0
hsa-miR-139-5p,RUNX1,,-0.664,0.0
hsa-miR-486-5p,COPS7B,,-0.664,0.0
hsa-miR-193b-3p,SKP1,,-0.664,0.0
hsa-miR-141-3p,SOX5,,-0.663,0.0
hsa-miR-185-5p,LRCH3,,-0.663,0.0
hsa-miR-224-5p,SMARCD1,,-0.662,0.0
hsa-miR-652-3p,SLC35C2,,-0.662,0.0
hsa-miR-22-3p,CSRNP3,,-0.662,0.0
hsa-miR-185-5p,MRRF,,-0.662,0.0
hsa-miR-185-5p,TTC5,,-0.662,0.0
hsa-miR-22-3p,GPR107,,-0.662,0.0
hsa-miR-22-3p,CCDC149,,-0.662,0.0
hsa-miR-486-5p,MTA3,,-0.661,0.0
hsa-miR-22-3p,WDTC1,,-0.661,0.0
hsa-let-7b-5p,FZD4,,-0.66,0.0
hsa-miR-486-5p,ARID4B,,-0.66,0.0
hsa-miR-20b-5p,USP3,MIRT072575,-0.659,0.0
hsa-miR-22-3p,NFYA,,-0.658,0.0
hsa-miR-200b-3p,SIK2,,-0.658,0.0
hsa-miR-224-5p,ZNF710,,-0.658,0.0
hsa-miR-200c-3p,ERG,,-0.658,0.0
hsa-miR-93-5p,TMEM50B,,-0.658,0.0
hsa-miR-139-5p,HNRNPF,MIRT475568,-0.657,0.0
hsa-miR-378a-3p,SARM1,,-0.657,0.0
hsa-miR-22-3p,TTC9,,-0.657,0.0
hsa-miR-652-3p,UBE2I,MIRT753413,-0.656,0.0
hsa-miR-20b-5p,CRIPT,,-0.656,0.0
hsa-miR-22-3p,MSL2,,-0.656,0.0
hsa-miR-200c-3p,OSTM1,MIRT763673,-0.656,0.0
hsa-miR-193b-3p,ANAPC15,,-0.654,0.0
hsa-miR-139-5p,DYNLL2,,-0.654,0.0
hsa-miR-139-5p,TGIF1,,-0.654,0.0
hsa-miR-452-5p,ST8SIA2,,-0.654,0.0
hsa-miR-196a-5p,HOXC8,MIRT002942,-0.653,0.0
hsa-miR-139-5p,MYBL1,,-0.653,0.0
hsa-miR-141-3p,EIF4EBP2,,-0.653,0.0
hsa-miR-224-5p,OCLN,,-0.652,0.0
hsa-miR-185-5p,KCNAB3,,-0.652,0.0
hsa-miR-141-3p,CYP26B1,,-0.652,0.0
hsa-miR-22-3p,AGO1,,-0.652,0.0
hsa-miR-193b-3p,FAM83F,,-0.651,0.0
hsa-miR-193b-3p,PAK4,,-0.651,0.0
hsa-miR-224-5p,USP3,,-0.651,0.0
hsa-miR-22-3p,H3-3B,MIRT030659,-0.651,0.0
hsa-miR-20b-5p,TMEM50B,,-0.65,0.0
hsa-miR-21-5p,PDZD2,,-0.65,0.0
hsa-miR-378a-3p,PRIM2,,-0.65,0.0
hsa-miR-193b-3p,ETV6,,-0.65,0.0
hsa-miR-200c-3p,NR5A2,,-0.65,0.0
hsa-miR-22-3p,ITGA10,,-0.65,0.0
hsa-miR-378a-3p,PLAGL2,,-0.649,0.0
hsa-let-7b-5p,ACER3,,-0.649,0.0
hsa-miR-429,GJC1,,-0.649,0.0
hsa-miR-21-5p,SOX5,MIRT000960,-0.649,0.0
hsa-miR-22-3p,QSOX1,,-0.649,0.0
hsa-miR-22-3p,RSBN1,,-0.649,0.0
hsa-miR-223-3p,AKAP1,,-0.646,0.0
hsa-miR-145-5p,TPM3,MIRT021512,-0.646,0.0
hsa-miR-452-5p,TRIM24,,-0.645,0.0
hsa-miR-200a-3p,CYP26B1,,-0.645,0.0
hsa-miR-20b-5p,RIMKLA,,-0.645,0.0
hsa-miR-185-5p,SYNGAP1,,-0.644,0.0
hsa-miR-486-5p,HAT1,MIRT735253,-0.644,0.0
hsa-miR-200b-3p,ABCA1,,-0.644,0.0
hsa-miR-22-3p,STAG2,,-0.644,0.0
hsa-miR-224-5p,GPR173,,-0.643,0.0
hsa-miR-200b-3p,IAH1,,-0.643,0.0
hsa-miR-365a-3p,SMARCC1,,-0.643,0.0
hsa-miR-365b-3p,SMARCC1,,-0.643,0.0
hsa-let-7b-5p,ACVR1C,,-0.643,0.0
hsa-miR-378a-3p,RAB15,,-0.642,0.0
hsa-miR-139-5p,CADM1,,-0.642,0.0
hsa-miR-486-5p,CADM1,MIRT438847,-0.642,0.0
hsa-miR-185-5p,BSN,,-0.642,0.0
hsa-miR-141-3p,FOXN3,,-0.641,0.0
hsa-miR-200a-3p,GPC6,,-0.641,0.0
hsa-miR-429,SOX5,,-0.641,0.0
hsa-miR-486-5p,POU2F1,,-0.64,0.0
hsa-miR-200b-3p,FLI1,,-0.64,0.0
hsa-miR-378a-3p,AGO1,MIRT043875,-0.64,0.0
hsa-miR-378a-3p,CSNK1G2,,-0.64,0.0
hsa-miR-223-3p,TBC1D4,,-0.639,0.0
hsa-miR-22-3p,MAX,MIRT030633,-0.639,0.0
hsa-miR-378a-3p,SYT12,,-0.639,0.0
hsa-miR-378a-3p,ZNF652,,-0.639,0.0
hsa-miR-20b-5p,RETREG2,,-0.638,0.0
hsa-miR-196a-5p,GYG2,,-0.638,0.0
hsa-miR-139-5p,IGF1R,MIRT006942,-0.638,0.0
hsa-miR-139-5p,TM9SF4,,-0.638,0.0
hsa-miR-141-3p,QKI,MIRT099339,-0.638,0.0
hsa-miR-486-5p,RUBCNL,,-0.637,0.0
hsa-miR-20b-5p,ZBTB43,,-0.637,0.0
hsa-miR-148a-3p,TEK,,-0.637,0.0
hsa-miR-22-3p,ENO1,,-0.636,0.0
hsa-miR-145-5p,GINS2,,-0.636,0.0
hsa-miR-200c-3p,FSTL1,,-0.636,0.0
hsa-miR-139-5p,DTX3,,-0.636,0.0
hsa-miR-215-5p,SLC11A2,,-0.636,0.0
hsa-miR-185-5p,HOOK3,,-0.635,0.0
hsa-miR-22-3p,PHF12,,-0.635,0.0
hsa-miR-20b-5p,PAFAH2,,-0.635,0.0
hsa-miR-200a-3p,TMEM170B,,-0.635,0.0
hsa-miR-429,GPC6,,-0.635,0.0
hsa-let-7b-5p,KLHL31,,-0.635,0.0
hsa-miR-200b-3p,FSTL1,,-0.635,0.0
hsa-miR-15a-5p,VMA21,,-0.634,0.0
hsa-miR-22-3p,PCNP,,-0.634,0.0
hsa-miR-20b-5p,CAPRIN1,,-0.634,0.0
hsa-miR-22-3p,TMEM50B,,-0.634,0.0
hsa-miR-139-5p,CUL3,,-0.634,0.0
hsa-miR-181c-5p,NMT2,MIRT727076,-0.634,0.0
hsa-miR-452-5p,SKP1,,-0.634,0.0
hsa-miR-193a-5p,SLC7A1,,-0.633,0.0
hsa-miR-135b-5p,PHLDB2,,-0.633,0.0
hsa-miR-486-5p,CD47,,-0.633,0.0
hsa-miR-20b-5p,MTMR3,MIRT157601,-0.632,0.0
hsa-miR-22-3p,TLK2,,-0.632,0.0
hsa-miR-452-5p,XKR6,,-0.632,0.0
hsa-miR-139-5p,KCTD15,,-0.632,0.0
hsa-miR-20b-5p,ERBB3,,-0.631,0.0
hsa-miR-20b-5p,FBXO21,MIRT727673,-0.631,0.0
hsa-miR-139-5p,KIAA1549,,-0.631,0.0
hsa-miR-20b-5p,RUNDC1,MIRT146081,-0.631,0.0
hsa-miR-15a-5p,PDIK1L,MIRT248550,-0.63,0.0
hsa-miR-20b-5p,SOWAHC,,-0.63,0.0
hsa-miR-20b-5p,E2F5,MIRT173123,-0.63,0.0
hsa-miR-20b-5p,REPS2,,-0.63,0.0
hsa-miR-22-3p,RFXANK,,-0.63,0.0
hsa-miR-139-5p,MAPK8,,-0.629,0.0
hsa-miR-378a-3p,CBX5,,-0.629,0.0
hsa-miR-224-5p,SDC4,,-0.629,0.0
hsa-miR-200b-3p,GJC1,,-0.629,0.0
hsa-miR-185-5p,PDE7A,,-0.629,0.0
hsa-miR-452-5p,COL23A1,,-0.629,0.0
hsa-miR-139-5p,YWHAQ,,-0.628,0.0
hsa-miR-378a-3p,ABI2,,-0.628,0.0
hsa-miR-22-3p,NPAS3,,-0.628,0.0
hsa-miR-22-3p,FBXO46,,-0.628,0.0
hsa-miR-20b-5p,LDLRAP1,,-0.627,0.0
hsa-miR-196a-5p,EBF1,,-0.627,0.0
hsa-miR-185-5p,FAM76A,,-0.627,0.0
hsa-miR-185-5p,AGO1,MIRT045361,-0.627,0.0
hsa-miR-452-5p,ATP2B1,,-0.627,0.0
hsa-miR-193a-5p,SEC61A1,,-0.626,0.0
hsa-miR-20b-5p,GOSR1,,-0.626,0.0
hsa-miR-20b-5p,ARL4A,,-0.625,0.0
hsa-miR-486-5p,SRSF3,,-0.625,0.0
hsa-miR-200a-3p,SOX5,,-0.625,0.0
hsa-miR-20b-5p,FAM102A,MIRT727732,-0.625,0.0
hsa-miR-148a-3p,EPAS1,,-0.625,0.0
hsa-miR-135b-5p,YWHAG,,-0.624,0.0
hsa-miR-22-3p,TMEM229B,,-0.624,0.0
hsa-miR-378a-3p,NFX1,,-0.623,0.0
hsa-miR-141-3p,TLN2,,-0.623,0.0
hsa-miR-20b-5p,SOCS6,,-0.623,0.0
hsa-miR-15a-5p,LAMTOR3,,-0.623,0.0
hsa-miR-93-5p,COX7A2L,,-0.623,0.0
hsa-miR-326,MAPK4,,-0.622,0.0
hsa-miR-365a-3p,EHF,,-0.622,0.0
hsa-miR-365b-3p,EHF,,-0.622,0.0
hsa-miR-20b-5p,C15orf61,,-0.622,0.0
hsa-miR-378a-3p,BMP8A,,-0.621,0.0
hsa-miR-181c-5p,ACVR1C,,-0.621,0.0
hsa-miR-185-5p,IKZF3,,-0.621,0.0
hsa-miR-139-5p,ESRRG,,-0.621,0.0
hsa-miR-20b-5p,ERMP1,,-0.621,0.0
hsa-miR-139-5p,PRDM15,,-0.62,0.0
hsa-miR-185-5p,ZNF81,,-0.62,0.0
hsa-miR-181c-5p,TBC1D2B,,-0.619,0.0
hsa-miR-224-5p,FUT9,,-0.619,0.0
hsa-miR-20b-5p,ZNF70,MIRT484867,-0.619,0.0
hsa-miR-185-5p,CBX5,,-0.619,0.0
hsa-miR-20b-5p,RAPGEFL1,,-0.619,0.0
hsa-miR-20b-5p,ZNF652,MIRT484884,-0.618,0.0
hsa-miR-22-3p,DEUP1,,-0.618,0.0
hsa-miR-20b-5p,CDC23,,-0.618,0.0
hsa-miR-20b-5p,GNB5,MIRT696201,-0.618,0.0
hsa-miR-224-5p,RBM18,,-0.618,0.0
hsa-miR-18a-5p,FRS2,,-0.617,0.0
hsa-miR-224-5p,CBX5,,-0.617,0.0
hsa-miR-20b-5p,SNX12,,-0.616,0.0
hsa-miR-200a-3p,GJC1,,-0.616,0.0
hsa-miR-200b-3p,BNC2,,-0.615,0.0
hsa-miR-185-5p,SNX30,,-0.615,0.0
hsa-miR-182-5p,FOXN2,,-0.615,0.0
hsa-miR-223-3p,SCN2A,,-0.615,0.0
hsa-miR-185-5p,KDM2A,MIRT738248,-0.615,0.0
hsa-miR-20b-5p,SAMD12,MIRT554486,-0.615,0.0
hsa-miR-378a-3p,ACP6,,-0.614,0.0
hsa-miR-486-5p,RFFL,,-0.614,0.0
hsa-miR-486-5p,PLAGL2,,-0.614,0.0
hsa-miR-20b-5p,GPR157,MIRT476126,-0.614,0.0
hsa-miR-185-5p,BAZ2A,,-0.613,0.0
hsa-miR-141-3p,PGRMC2,,-0.613,0.0
hsa-miR-193a-5p,TCF3,,-0.612,0.0
hsa-miR-22-3p,PAIP2B,,-0.612,0.0
hsa-miR-20b-5p,RAB11FIP4,,-0.612,0.0
hsa-miR-224-5p,C9orf85,,-0.611,0.0
hsa-miR-22-3p,VPS53,,-0.61,0.0
hsa-miR-200b-3p,NR5A2,,-0.61,0.0
hsa-miR-185-5p,SMG7,MIRT045344,-0.61,0.0
hsa-miR-22-3p,CSNK1A1,,-0.609,0.0
hsa-miR-200c-3p,HAS2,,-0.609,0.0
hsa-miR-200c-3p,ANO6,,-0.609,0.0
hsa-miR-20b-5p,PSEN1,,-0.609,0.0
hsa-miR-20b-5p,FAM83F,,-0.608,0.0
hsa-miR-378a-3p,PTPRT,,-0.608,0.0
hsa-miR-200b-3p,PLCXD3,,-0.608,0.0
hsa-miR-20b-5p,FOXJ3,MIRT069701,-0.608,0.0
hsa-miR-362-5p,TWNK,,-0.608,0.0
hsa-miR-185-5p,SSBP2,,-0.608,0.0
hsa-miR-378a-3p,PDPK1,,-0.608,0.0
hsa-miR-20b-5p,IRF2BP2,,-0.607,0.0
hsa-miR-20b-5p,WDR37,MIRT055660,-0.607,0.0
hsa-miR-224-5p,RSPO1,,-0.607,0.0
hsa-miR-22-3p,POGK,,-0.607,0.0
hsa-miR-200c-3p,PLCXD3,,-0.607,0.0
hsa-miR-185-5p,STXBP4,,-0.607,0.0
hsa-miR-200c-3p,PLXNA2,,-0.607,0.0
hsa-miR-532-3p,ARL3,,-0.607,0.0
hsa-miR-20b-5p,RSBN1,,-0.606,0.0
hsa-miR-185-5p,CNNM3,,-0.606,0.0
hsa-miR-486-5p,AFF3,,-0.606,0.0
hsa-miR-20b-5p,CUL3,,-0.606,0.0
hsa-miR-22-3p,RUNX1,,-0.606,0.0
hsa-miR-365a-3p,IFNLR1,MIRT710801,-0.606,0.0
hsa-miR-365b-3p,IFNLR1,MIRT710800,-0.606,0.0
hsa-miR-185-5p,NR6A1,,-0.606,0.0
hsa-miR-181c-5p,BNC2,,-0.606,0.0
hsa-miR-22-3p,GATAD2B,,-0.606,0.0
hsa-let-7b-5p,ATP8B4,,-0.605,0.0
hsa-miR-20b-5p,PRRG4,MIRT230972,-0.605,0.0
hsa-miR-20b-5p,CMTR2,MIRT727639,-0.605,0.0
hsa-miR-200b-3p,TMEM170B,,-0.605,0.0
hsa-miR-20b-5p,NRIP3,MIRT442769,-0.605,0.0
hsa-miR-224-5p,TRA2B,,-0.604,0.0
hsa-miR-139-5p,STXBP5L,,-0.604,0.0
hsa-miR-139-5p,PRDM10,,-0.604,0.0
hsa-miR-429,PALM2AKAP2,,-0.604,0.0
hsa-let-7b-5p,ITSN1,,-0.604,0.0
hsa-miR-30e-5p,ABHD6,,-0.604,0.0
hsa-miR-185-5p,MIEF1,MIRT473232,-0.603,0.0
hsa-miR-145-5p,TPM4,,-0.603,0.0
hsa-miR-185-5p,PKIA,,-0.603,0.0
hsa-miR-378a-3p,YY1,MIRT742742,-0.603,0.0
hsa-miR-30a-5p,ABHD6,,-0.603,0.0
hsa-miR-185-5p,GATAD2B,,-0.603,0.0
hsa-miR-20b-5p,CCDC25,,-0.602,0.0
hsa-miR-20b-5p,LDLRAD3,,-0.602,0.0
hsa-miR-185-5p,EIF4B,,-0.602,0.0
hsa-miR-378a-3p,MAPK1,MIRT437887,-0.602,0.0
hsa-miR-31-5p,ARHGEF15,,-0.601,0.0
hsa-let-7b-5p,FAM214B,,-0.601,0.0
hsa-miR-200b-3p,SDC2,,-0.601,0.0
hsa-miR-185-5p,KAT7,MIRT567093,-0.601,0.0
hsa-miR-20b-5p,DNAJC16,,-0.601,0.0
hsa-miR-193b-3p,FAF1,MIRT041238,-0.601,0.0
hsa-miR-139-5p,CHD7,,-0.601,0.0
hsa-miR-378a-3p,ANKRD52,,-0.601,0.0
hsa-miR-148a-3p,NEURL1B,,-0.6,0.0
hsa-miR-223-3p,HLF,,-0.6,0.0
hsa-miR-145-5p,ESCO2,,-0.6,0.0
hsa-miR-20b-5p,ZNF597,MIRT726029,-0.6,0.0
hsa-miR-139-5p,TMEM200C,,-0.6,0.0
hsa-miR-20b-5p,TMEM231,,-0.6,0.0
hsa-miR-378a-3p,DYRK1A,,-0.6,0.0
hsa-miR-9-5p,LMX1A,,-0.599,0.0
hsa-miR-20b-5p,ZBTB6,MIRT726081,-0.599,0.0
hsa-miR-181c-5p,VKORC1L1,,-0.599,0.0
hsa-miR-31-5p,FZD4,,-0.598,0.0
hsa-let-7b-5p,GJC1,,-0.598,0.0
hsa-miR-20b-5p,COX7A2L,,-0.598,0.0
hsa-miR-196a-5p,HABP4,,-0.598,0.0
hsa-miR-185-5p,USP3,,-0.598,0.0
hsa-miR-452-5p,NRG1,,-0.598,0.0
hsa-miR-135b-5p,PALM2AKAP2,,-0.598,0.0
hsa-miR-20b-5p,RAB5B,MIRT065891,-0.598,0.0
hsa-miR-20b-5p,ARL1,MIRT728312,-0.597,0.0
hsa-miR-20b-5p,MAP3K9,,-0.597,0.0
hsa-miR-22-3p,MEX3A,,-0.597,0.0
hsa-miR-200b-3p,SLC24A4,,-0.597,0.0
hsa-miR-22-3p,TRUB1,,-0.596,0.0
hsa-miR-378a-3p,SLC38A1,,-0.596,0.0
hsa-miR-141-3p,HOXB5,MIRT021658,-0.596,0.0
hsa-miR-486-5p,ARHGAP5,MIRT053295,-0.595,0.0
hsa-miR-200a-3p,FOXN3,,-0.595,0.0
hsa-miR-141-3p,MARK1,,-0.595,0.0
hsa-miR-20b-5p,DYRK1A,,-0.595,0.0
hsa-miR-20b-5p,DNAJB6,MIRT538041,-0.594,0.0
hsa-miR-193a-5p,SYT12,,-0.594,0.0
hsa-miR-139-5p,PHF6,,-0.594,0.0
hsa-miR-20b-5p,TVP23B,,-0.594,0.0
hsa-miR-135b-5p,FOXN2,,-0.594,0.0
hsa-miR-20b-5p,SERP1,,-0.594,0.0
hsa-miR-140-5p,FKBP4,,-0.594,0.0
hsa-miR-185-5p,MLLT3,,-0.593,0.0
hsa-miR-185-5p,TPD52,,-0.593,0.0
hsa-miR-224-5p,ZNF207,MIRT286675,-0.593,0.0
hsa-miR-181c-5p,LAMC1,,-0.593,0.0
hsa-miR-20b-5p,CTDSPL2,,-0.592,0.0
hsa-miR-20b-5p,GPD2,,-0.592,0.0
hsa-miR-452-5p,CHD2,,-0.592,0.0
hsa-miR-182-5p,SOX5,,-0.592,0.0
hsa-miR-486-5p,TWF1,,-0.591,0.0
hsa-miR-22-3p,ANGEL2,,-0.591,0.0
hsa-miR-452-5p,DYRK1A,,-0.591,0.0
hsa-miR-22-3p,PPM1K,MIRT735244,-0.591,0.0
hsa-miR-139-5p,MFSD6,,-0.591,0.0
hsa-miR-193a-5p,METTL1,,-0.591,0.0
hsa-miR-139-5p,FAM168A,,-0.591,0.0
hsa-miR-185-5p,PRKAR2A,,-0.591,0.0
hsa-miR-381-3p,NPR3,,-0.591,0.0
hsa-miR-15a-5p,UBE2K,,-0.591,0.0
hsa-miR-365a-3p,VGLL4,MIRT464227,-0.591,0.0
hsa-miR-20b-5p,ZXDA,,-0.591,0.0
hsa-miR-365b-3p,VGLL4,MIRT464226,-0.591,0.0
hsa-let-7b-5p,COL4A1,,-0.59,0.0
hsa-miR-20b-5p,TRIM3,,-0.59,0.0
hsa-miR-185-5p,VAMP2,,-0.59,0.0
hsa-miR-185-5p,TCF12,,-0.59,0.0
hsa-miR-15a-5p,SCOC,,-0.59,0.0
hsa-miR-200b-3p,TIMP2,,-0.59,0.0
hsa-miR-20b-5p,WNK3,MIRT448317,-0.59,0.0
hsa-miR-20b-5p,ZFP3,,-0.59,0.0
hsa-miR-200b-3p,QKI,MIRT218291,-0.59,0.0
hsa-miR-185-5p,ZNF704,,-0.589,0.0
hsa-miR-185-5p,KIF1B,,-0.589,0.0
hsa-miR-378a-3p,AP1AR,,-0.589,0.0
hsa-miR-20b-5p,WIPF2,MIRT552867,-0.589,0.0
hsa-miR-193b-3p,C6orf132,,-0.589,0.0
hsa-let-7b-5p,MGLL,,-0.588,0.0
hsa-miR-193b-3p,CADM1,,-0.588,0.0
hsa-miR-181b-5p,NEGR1,,-0.587,0.0
hsa-miR-224-5p,SLC25A12,,-0.587,0.0
hsa-miR-20b-5p,HP1BP3,,-0.587,0.0
hsa-miR-20b-5p,SEMA4G,,-0.587,0.0
hsa-miR-185-5p,WDR55,,-0.587,0.0
hsa-miR-15a-5p,SLITRK6,,-0.587,0.0
hsa-miR-20b-5p,MFAP3L,,-0.587,0.0
hsa-miR-20b-5p,ENPP5,MIRT548394,-0.587,0.0
hsa-miR-224-5p,ORC4,,-0.587,0.0
hsa-miR-452-5p,ZNF644,,-0.587,0.0
hsa-miR-193b-3p,IGSF3,,-0.586,0.0
hsa-miR-224-5p,SORD,,-0.586,0.0
hsa-miR-224-5p,RNF144B,,-0.586,0.0
hsa-miR-20b-5p,PKNOX1,MIRT513748,-0.586,0.0
hsa-miR-22-3p,FOXP1,MIRT030641,-0.585,0.0
hsa-miR-140-5p,SLC2A1,,-0.585,0.0
hsa-miR-20b-5p,MAP7,MIRT502009,-0.584,0.0
hsa-miR-185-5p,TAF3,,-0.584,0.0
hsa-miR-20b-5p,G3BP1,,-0.584,0.0
hsa-miR-93-5p,MED6,,-0.584,0.0
hsa-miR-15a-5p,CRKL,MIRT006177,-0.583,0.0
hsa-miR-20b-5p,IL17RD,,-0.583,0.0
hsa-miR-196a-5p,EYA4,,-0.583,0.0
hsa-miR-224-5p,PDE1C,,-0.583,0.0
hsa-miR-20b-5p,RPS6KA5,MIRT534575,-0.583,0.0
hsa-miR-224-5p,RALGPS1,,-0.583,0.0
hsa-miR-20b-5p,UBFD1,MIRT194857,-0.582,0.0
hsa-miR-186-5p,SEC61A1,,-0.582,0.0
hsa-miR-486-5p,GXYLT1,,-0.582,0.0
hsa-miR-15a-5p,GALNT7,,-0.582,0.0
hsa-miR-20b-5p,CRAMP1,,-0.582,0.0
hsa-miR-486-5p,SMAD2,MIRT732557,-0.582,0.0
hsa-miR-139-5p,EYA3,,-0.582,0.0
hsa-miR-181d-5p,NMNAT2,,-0.582,0.0
hsa-miR-20b-5p,AGO1,MIRT137255,-0.582,0.0
hsa-let-7b-5p,CADM2,,-0.581,0.0
hsa-miR-195-5p,ANO3,,-0.581,0.0
hsa-miR-223-3p,ACVR2A,,-0.581,0.0
hsa-miR-135b-5p,SAMD8,,-0.581,0.0
hsa-miR-224-5p,ZZZ3,,-0.58,0.0
hsa-miR-181c-5p,PARM1,,-0.58,0.0
hsa-miR-24-3p,PSD4,,-0.58,0.0
hsa-miR-215-5p,ACVR2A,,-0.58,0.0
hsa-let-7b-5p,DIAPH2,,-0.58,0.0
hsa-miR-182-5p,ACER3,,-0.58,0.0
hsa-miR-182-5p,HDAC9,,-0.579,0.0
hsa-miR-224-5p,RAB10,,-0.579,0.0
hsa-miR-139-5p,HOXA9,,-0.579,0.0
hsa-miR-181c-5p,NEURL1B,,-0.579,0.0
hsa-miR-378a-3p,PTCHD1,,-0.579,0.0
hsa-miR-378a-3p,SRSF10,,-0.578,0.0
hsa-miR-139-5p,NFIB,,-0.578,0.0
hsa-miR-185-5p,SAP30L,,-0.578,0.0
hsa-miR-200a-3p,TLN2,,-0.578,0.0
hsa-miR-93-5p,MAT2B,,-0.578,0.0
hsa-miR-20b-5p,TMEM168,,-0.578,0.0
hsa-miR-9-5p,PCDH9,,-0.578,0.0
hsa-miR-193b-3p,IL17RD,MIRT041267,-0.578,0.0
hsa-miR-185-5p,SORL1,,-0.577,0.0
hsa-miR-185-5p,GPRIN3,,-0.577,0.0
hsa-miR-223-3p,GPM6B,,-0.577,0.0
hsa-miR-182-5p,GJC1,,-0.577,0.0
hsa-miR-20b-5p,NUFIP2,MIRT506376,-0.577,0.0
hsa-miR-146b-5p,VTI1B,,-0.577,0.0
hsa-miR-21-5p,TNS1,,-0.577,0.0
hsa-miR-200c-3p,BNC2,,-0.577,0.0
hsa-miR-20b-5p,PDS5A,,-0.577,0.0
hsa-miR-193b-3p,KIAA1549L,,-0.576,0.0
hsa-miR-365a-3p,CACNA1C,,-0.576,0.0
hsa-miR-365b-3p,CACNA1C,,-0.576,0.0
hsa-miR-181c-5p,CYP26B1,,-0.576,0.0
hsa-miR-215-5p,CDC6,,-0.576,0.0
hsa-miR-378a-3p,IPO9,,-0.576,0.0
hsa-miR-145-5p,CDCA3,,-0.576,0.0
hsa-miR-20b-5p,IP6K1,,-0.576,0.0
hsa-miR-22-3p,OTUD7A,,-0.575,0.0
hsa-let-7b-5p,GHR,,-0.575,0.0
hsa-miR-15a-5p,PTPN3,,-0.575,0.0
hsa-miR-185-5p,RAB14,,-0.574,0.0
hsa-miR-93-5p,CRIPT,,-0.574,0.0
hsa-miR-20b-5p,BCL2L11,MIRT494536,-0.574,0.0
hsa-miR-20b-5p,ETV1,,-0.573,0.0
hsa-miR-22-3p,N4BP3,,-0.573,0.0
hsa-miR-452-5p,UBE3A,,-0.573,0.0
hsa-let-7b-5p,PPP1R16B,MIRT052173,-0.573,0.0
hsa-miR-20b-5p,BMT2,MIRT728073,-0.573,0.0
hsa-miR-200b-3p,KCNB1,,-0.573,0.0
hsa-miR-20b-5p,SHANK2,,-0.573,0.0
hsa-miR-20b-5p,SUCO,MIRT500873,-0.573,0.0
hsa-miR-452-5p,SF3B1,,-0.573,0.0
hsa-miR-20b-5p,BAHD1,,-0.573,0.0
hsa-miR-20b-5p,TRPV6,,-0.573,0.0
hsa-miR-15a-5p,FAM133B,,-0.573,0.0
hsa-miR-20b-5p,MIER3,,-0.572,0.0
hsa-let-7b-5p,PDP2,MIRT052354,-0.572,0.0
hsa-miR-378a-3p,ZDHHC9,,-0.572,0.0
hsa-miR-378c,SLC38A1,,-0.572,0.0
hsa-miR-378a-3p,TFCP2L1,,-0.572,0.0
hsa-let-7b-5p,CPM,,-0.572,0.0
hsa-miR-193b-3p,ALKBH5,MIRT728354,-0.571,0.0
hsa-miR-193b-3p,LAMP2,,-0.571,0.0
hsa-miR-135b-5p,NEGR1,,-0.571,0.0
hsa-miR-20b-5p,CACUL1,,-0.571,0.0
hsa-miR-193b-3p,PPP2R5C,MIRT726879,-0.571,0.0
hsa-miR-24-3p,NIPSNAP1,,-0.571,0.0
hsa-miR-20b-5p,RNF4,,-0.571,0.0
hsa-miR-193b-3p,NOP9,,-0.571,0.0
hsa-miR-196a-5p,GTDC1,,-0.571,0.0
hsa-miR-20b-5p,USP28,MIRT726168,-0.571,0.0
hsa-miR-20b-5p,WDR82,,-0.57,0.0
hsa-miR-429,BNC2,,-0.57,0.0
hsa-miR-139-5p,SPCS3,,-0.57,0.0
hsa-miR-139-5p,TMPO,,-0.57,0.0
hsa-miR-185-5p,RERE,,-0.57,0.0
hsa-miR-378a-3p,MAP2K6,,-0.569,0.0
hsa-miR-15a-5p,RSBN1,,-0.569,0.0
hsa-miR-452-5p,ZKSCAN1,,-0.569,0.0
hsa-miR-20b-5p,CPEB3,,-0.569,0.0
hsa-miR-363-3p,PLEKHG3,,-0.569,0.0
hsa-miR-139-5p,SRSF10,,-0.569,0.0
hsa-let-7b-5p,GRK3,,-0.568,0.0
hsa-miR-185-5p,UHMK1,MIRT045366,-0.568,0.0
hsa-miR-20b-5p,PURB,MIRT700444,-0.568,0.0
hsa-miR-193b-3p,FARP1,,-0.568,0.0
hsa-miR-182-5p,MTARC1,,-0.568,0.0
hsa-miR-22-3p,EYA3,,-0.568,0.0
hsa-miR-148a-3p,ANK2,,-0.568,0.0
hsa-miR-15a-5p,EIF3M,,-0.568,0.0
hsa-miR-224-5p,ATG13,,-0.568,0.0
hsa-miR-20b-5p,ZNF805,MIRT201031,-0.568,0.0
hsa-miR-200c-3p,GRK5,,-0.568,0.0
hsa-miR-139-5p,KIF3A,,-0.568,0.0
hsa-let-7d-5p,BZW1,MIRT300036,-0.568,0.0
hsa-miR-15a-5p,MIPOL1,,-0.568,0.0
hsa-miR-181d-5p,MTURN,,-0.568,0.0
hsa-miR-15a-5p,SNIP1,,-0.568,0.0
hsa-miR-193a-5p,CHST14,,-0.568,0.0
hsa-miR-181c-5p,CNR1,,-0.567,0.0
hsa-miR-20b-5p,PFN2,,-0.567,0.0
hsa-miR-31-5p,ITIH5,,-0.567,0.0
hsa-miR-326,TOMM34,,-0.567,0.0
hsa-miR-20b-5p,FZD3,,-0.567,0.0
hsa-miR-362-5p,VTA1,,-0.567,0.0
hsa-miR-7-5p,TRMT13,MIRT025862,-0.566,0.0
hsa-miR-139-5p,APLP2,,-0.566,0.0
hsa-miR-185-5p,RALGPS2,,-0.566,0.0
hsa-miR-20b-5p,SLC38A1,,-0.566,0.0
hsa-miR-20b-5p,GATAD2B,,-0.566,0.0
hsa-miR-15a-5p,AMMECR1,,-0.566,0.0
hsa-miR-378a-3p,TLK2,,-0.566,0.0
hsa-miR-20b-5p,CREB1,MIRT205053,-0.566,0.0
hsa-miR-20b-5p,FBXW11,,-0.566,0.0
hsa-miR-22-3p,CARMIL1,,-0.566,0.0
hsa-miR-139-5p,TMEM107,,-0.565,0.0
hsa-miR-181d-5p,ITSN1,,-0.565,0.0
hsa-miR-20b-5p,AP2B1,,-0.565,0.0
hsa-miR-15a-5p,SMS,,-0.565,0.0
hsa-miR-145-5p,SKP1,,-0.564,0.0
hsa-miR-486-5p,STK4,,-0.564,0.0
hsa-miR-148a-3p,LAMA4,,-0.564,0.0
hsa-miR-139-5p,PTPRJ,,-0.564,0.0
hsa-miR-148a-3p,RTN4,,-0.563,0.0
hsa-miR-20b-5p,RPS6KA6,,-0.563,0.0
hsa-miR-135b-5p,SLC9A9,,-0.563,0.0
hsa-miR-196a-5p,CELF2,,-0.563,0.0
hsa-miR-135b-5p,KCNB1,,-0.563,0.0
hsa-miR-20b-5p,RABEP1,MIRT726804,-0.562,0.0
hsa-miR-22-3p,CCNJL,,-0.562,0.0
hsa-miR-20b-5p,APP,,-0.562,0.0
hsa-miR-181d-5p,GNG2,,-0.561,0.0
hsa-miR-20b-5p,IPO9,,-0.561,0.0
hsa-miR-22-3p,PNISR,,-0.561,0.0
hsa-miR-429,KLF4,,-0.561,0.0
hsa-miR-15a-5p,TOMM20,,-0.561,0.0
hsa-miR-362-5p,PRIM2,,-0.561,0.0
hsa-miR-365a-3p,QTRT2,,-0.561,0.0
hsa-miR-365b-3p,QTRT2,,-0.561,0.0
hsa-miR-20b-5p,EXPH5,,-0.561,0.0
hsa-miR-30a-5p,CDH20,,-0.561,0.0
hsa-miR-362-5p,CEP20,,-0.561,0.0
hsa-miR-185-5p,MTMR9,,-0.56,0.0
hsa-miR-145-5p,MPZL1,,-0.56,0.0
hsa-miR-140-5p,PAK4,,-0.56,0.0
hsa-miR-429,ZNF423,,-0.56,0.0
hsa-miR-30a-5p,MARK1,,-0.559,0.0
hsa-miR-486-5p,H3-3B,MIRT438848,-0.559,0.0
hsa-miR-22-3p,NCOA1,MIRT006106,-0.559,0.0
hsa-miR-139-5p,RLIM,,-0.559,0.0
hsa-miR-196a-5p,TSPAN18,,-0.559,0.0
hsa-miR-139-5p,PGGT1B,,-0.559,0.0
hsa-miR-22-3p,PPP1R9A,,-0.559,0.0
hsa-miR-15a-5p,TLK1,MIRT570464,-0.559,0.0
hsa-miR-15a-5p,LCOR,,-0.559,0.0
hsa-miR-363-3p,PIP4K2C,,-0.559,0.0
hsa-miR-20b-5p,C9orf64,,-0.558,0.0
hsa-miR-15a-5p,ATXN7L3B,MIRT248765,-0.558,0.0
hsa-miR-16-5p,P2RY2,,-0.558,0.0
hsa-miR-18a-5p,PSD3,,-0.558,0.0
hsa-miR-24-3p,DAZAP1,,-0.558,0.0
hsa-miR-542-3p,POU6F2,,-0.558,0.0
hsa-miR-224-5p,PHF12,,-0.558,0.0
hsa-miR-193a-5p,GRIK3,,-0.558,0.0
hsa-miR-15a-5p,SBNO1,MIRT521207,-0.557,0.0
hsa-miR-20b-5p,CEP57,MIRT247083,-0.557,0.0
hsa-miR-223-3p,MSI2,,-0.557,0.0
hsa-miR-378a-3p,MAPK1IP1L,,-0.557,0.0
hsa-miR-145-5p,HS6ST1,,-0.557,0.0
hsa-miR-424-5p,CYGB,,-0.557,0.0
hsa-miR-185-5p,SEC22A,,-0.557,0.0
hsa-miR-193b-3p,ETV1,,-0.557,0.0
hsa-miR-20b-5p,NAPEPLD,,-0.557,0.0
hsa-miR-452-5p,PTPRJ,,-0.557,0.0
hsa-miR-141-3p,SIX1,,-0.557,0.0
hsa-miR-20b-5p,RGMB,MIRT122374,-0.556,0.0
hsa-miR-224-5p,TCERG1,,-0.556,0.0
hsa-miR-15a-5p,SPTLC1,MIRT726462,-0.556,0.0
hsa-miR-15a-5p,ARIH1,MIRT072822,-0.556,0.0
hsa-miR-22-3p,NPNT,,-0.555,0.0
hsa-miR-20b-5p,SRPK2,,-0.555,0.0
hsa-miR-15a-5p,RAB10,,-0.555,0.0
hsa-let-7b-5p,CCDC141,,-0.555,0.0
hsa-miR-193b-3p,ZBTB5,MIRT016435,-0.555,0.0
hsa-miR-363-3p,CASK,,-0.555,0.0
hsa-miR-21-5p,EIF4EBP2,MIRT030777,-0.555,0.0
hsa-miR-15a-5p,DNAJC16,,-0.554,0.0
hsa-let-7b-5p,PARM1,,-0.554,0.0
hsa-miR-181a-5p,NEGR1,,-0.554,0.0
hsa-miR-20b-5p,SSX2IP,MIRT726444,-0.554,0.0
hsa-miR-452-5p,TLK1,,-0.554,0.0
hsa-miR-24-3p,GMPPB,,-0.554,0.0
hsa-let-7b-5p,SCD,MIRT032312,-0.554,0.0
hsa-miR-20b-5p,ZNF800,MIRT726010,-0.554,0.0
hsa-miR-20b-5p,UBN2,,-0.554,0.0
hsa-miR-139-5p,LCOR,MIRT057685,-0.554,0.0
hsa-miR-193b-3p,PSEN1,,-0.554,0.0
hsa-miR-181d-5p,ACVR1C,,-0.554,0.0
hsa-miR-20b-5p,MXI1,MIRT727128,-0.554,0.0
hsa-miR-378a-3p,CSNK1G1,,-0.554,0.0
hsa-miR-132-3p,CFL2,,-0.554,0.0
hsa-miR-139-5p,MGAT4A,,-0.554,0.0
hsa-miR-139-5p,H2AZ2,,-0.553,0.0
hsa-miR-139-5p,CBFA2T2,,-0.553,0.0
hsa-miR-193b-3p,PSD4,,-0.553,0.0
hsa-miR-363-3p,SCN8A,,-0.553,0.0
hsa-miR-30a-5p,ZCCHC24,,-0.553,0.0
hsa-miR-20b-5p,RPA2,MIRT726696,-0.553,0.0
hsa-miR-452-5p,MIPOL1,,-0.553,0.0
hsa-miR-135a-5p,SLC9A9,,-0.553,0.0
hsa-miR-185-5p,SLC38A1,MIRT709313,-0.553,0.0
hsa-miR-452-5p,FAM126A,,-0.552,0.0
hsa-miR-93-5p,RPA2,MIRT027975,-0.552,0.0
hsa-miR-378a-3p,OTUB2,,-0.552,0.0
hsa-miR-139-5p,AFF3,,-0.551,0.0
hsa-miR-223-3p,FNBP1L,,-0.551,0.0
hsa-miR-326,LDOC1,,-0.551,0.0
hsa-miR-196a-5p,CPM,,-0.551,0.0
hsa-miR-20b-5p,PCDHA11,,-0.551,0.0
hsa-miR-363-3p,PDXDC1,,-0.551,0.0
hsa-miR-20b-5p,FBXO41,,-0.551,0.0
hsa-miR-15a-5p,PDCD4,MIRT000810,-0.551,0.0
hsa-miR-20b-5p,MSMO1,MIRT164532,-0.551,0.0
hsa-miR-139-5p,PURB,,-0.551,0.0
hsa-miR-224-5p,TSPYL5,,-0.55,0.0
hsa-miR-378a-3p,CD3G,,-0.55,0.0
hsa-let-7d-5p,OSMR,,-0.55,0.0
hsa-miR-31-5p,HBEGF,,-0.55,0.0
hsa-miR-20b-5p,VPS26A,MIRT127166,-0.55,0.0
hsa-miR-20b-5p,CCNT2,,-0.55,0.0
hsa-miR-15a-5p,PHF20,,-0.55,0.0
hsa-miR-365a-3p,TASP1,,-0.55,0.0
hsa-miR-365b-3p,TASP1,,-0.55,0.0
hsa-miR-335-5p,CHFR,,-0.549,0.0
hsa-miR-20b-5p,GINS1,,-0.549,0.0
hsa-miR-144-3p,MYBL1,,-0.549,0.0
hsa-miR-20b-5p,RYBP,,-0.549,0.0
hsa-miR-181d-5p,JCAD,,-0.549,0.0
hsa-miR-363-3p,USP36,,-0.549,0.0
hsa-miR-486-5p,GOLGA3,,-0.549,0.0
hsa-miR-378a-3p,TOLLIP,,-0.549,0.0
hsa-miR-452-5p,RGP1,,-0.549,0.0
hsa-miR-185-5p,IKZF4,,-0.548,0.0
hsa-miR-20b-5p,SCN2B,,-0.548,0.0
hsa-miR-452-5p,FRK,,-0.548,0.0
hsa-miR-184,PLPP3,MIRT732747,-0.548,0.0
hsa-miR-20b-5p,XIAP,MIRT108724,-0.548,0.0
hsa-miR-22-3p,NUS1,,-0.548,0.0
hsa-miR-15a-5p,LRIG2,MIRT502038,-0.548,0.0
hsa-miR-363-3p,ENTPD5,,-0.547,0.0
hsa-miR-20b-5p,RPP14,,-0.547,0.0
hsa-miR-20b-5p,NEDD4L,,-0.547,0.0
hsa-miR-20b-5p,USP46,,-0.547,0.0
hsa-let-7b-5p,ALPK3,,-0.547,0.0
hsa-miR-224-5p,DUSP16,,-0.547,0.0
hsa-miR-362-5p,HNRNPA3,,-0.547,0.0
hsa-miR-20b-5p,WAC,MIRT056305,-0.547,0.0
hsa-miR-20b-5p,TMEM25,,-0.546,0.0
hsa-miR-22-3p,UNC5D,,-0.546,0.0
hsa-miR-24-3p,RAB8A,,-0.546,0.0
hsa-miR-93-5p,SERP1,,-0.546,0.0
hsa-miR-15a-5p,WAPL,,-0.546,0.0
hsa-miR-182-5p,SH3KBP1,,-0.546,0.0
hsa-miR-424-5p,MN1,,-0.546,0.0
hsa-miR-145-5p,CA12,,-0.546,0.0
hsa-miR-365a-3p,B4GALNT3,,-0.546,0.0
hsa-miR-365b-3p,B4GALNT3,,-0.546,0.0
hsa-miR-193b-3p,B4GALNT3,,-0.546,0.0
hsa-miR-193a-5p,UPF1,,-0.546,0.0
hsa-miR-15a-5p,CLDN12,,-0.546,0.0
hsa-miR-452-5p,RIMKLA,,-0.546,0.0
hsa-miR-378a-3p,KPNA6,MIRT043939,-0.545,0.0
hsa-let-7b-5p,IGF1,,-0.545,0.0
hsa-miR-185-5p,TOM1L2,,-0.545,0.0
hsa-miR-378a-3p,CD226,,-0.545,0.0
hsa-miR-139-5p,U2SURP,,-0.545,0.0
hsa-let-7b-5p,NAT8L,MIRT309843,-0.545,0.0
hsa-miR-181d-5p,TIMP3,,-0.544,0.0
hsa-miR-16-5p,ETNK1,MIRT063395,-0.544,0.0
hsa-miR-15a-5p,RBBP6,MIRT194903,-0.544,0.0
hsa-miR-181d-5p,CYP26B1,,-0.544,0.0
hsa-miR-22-3p,ITGB8,,-0.544,0.0
hsa-miR-193b-3p,KIT,MIRT734593,-0.544,0.0
hsa-let-7b-5p,CFL2,,-0.544,0.0
hsa-miR-20b-5p,SMIM14,,-0.544,0.0
hsa-miR-15a-5p,PRPF38A,,-0.544,0.0
hsa-miR-20b-5p,TRPS1,,-0.543,0.0
hsa-miR-20b-5p,SINHCAF,,-0.543,0.0
hsa-miR-24-3p,CAMK2B,,-0.543,0.0
hsa-miR-193b-3p,WDR82,MIRT726103,-0.543,0.0
hsa-miR-185-5p,GPR61,,-0.543,0.0
hsa-miR-223-3p,MBOAT2,,-0.543,0.0
hsa-miR-193b-3p,ABI2,MIRT016520,-0.543,0.0
hsa-miR-20b-5p,FAM222B,,-0.543,0.0
hsa-miR-15a-5p,MAP3K21,,-0.542,0.0
hsa-let-7e-5p,SOST,,-0.542,0.0
hsa-miR-20b-5p,LYPD6,,-0.542,0.0
hsa-miR-193b-3p,SLC30A9,,-0.542,0.0
hsa-miR-18a-5p,SON,MIRT031319,-0.542,0.0
hsa-miR-181c-5p,JAZF1,,-0.542,0.0
hsa-miR-378a-3p,DSCAM,,-0.542,0.0
hsa-miR-363-3p,SLC9A7,,-0.542,0.0
hsa-miR-15a-5p,PPIG,MIRT506112,-0.541,0.0
hsa-miR-362-5p,SYS1,,-0.541,0.0
hsa-miR-20b-5p,TMED8,,-0.541,0.0
hsa-miR-186-5p,RAB3IP,,-0.541,0.0
hsa-miR-363-3p,ZDHHC5,MIRT059925,-0.541,0.0
hsa-miR-139-5p,ELP4,,-0.541,0.0
hsa-miR-20b-5p,UEVLD,,-0.541,0.0
hsa-miR-193a-5p,SLC35F2,,-0.541,0.0
hsa-miR-107,SEC22C,,-0.541,0.0
hsa-miR-139-5p,NME7,,-0.541,0.0
hsa-miR-20b-5p,ATE1,,-0.541,0.0
hsa-miR-486-5p,SLC4A8,,-0.541,0.0
hsa-miR-7-5p,POLH,,-0.54,0.0
hsa-miR-22-3p,USP37,,-0.54,0.0
hsa-miR-363-3p,TBC1D30,,-0.54,0.0
hsa-miR-224-5p,TMEM168,,-0.54,0.0
hsa-miR-486-5p,PIK3R1,MIRT735338,-0.54,0.0
hsa-miR-7-5p,MIOS,,-0.54,0.0
hsa-miR-15a-5p,NAA15,,-0.54,0.0
hsa-miR-365a-3p,TIAM2,,-0.54,0.0
hsa-miR-378a-3p,NUP155,,-0.54,0.0
hsa-miR-365b-3p,TIAM2,,-0.54,0.0
hsa-miR-16-5p,PHLPP2,MIRT547133,-0.54,0.0
hsa-miR-30a-5p,ELMO1,,-0.54,0.0
hsa-miR-20b-5p,HECTD2,,-0.54,0.0
hsa-miR-135b-5p,SV2B,,-0.54,0.0
hsa-miR-20b-5p,PRDM10,,-0.539,0.0
hsa-miR-181d-5p,NEK7,,-0.539,0.0
hsa-miR-501-3p,RNF38,,-0.539,0.0
hsa-miR-452-5p,TFAP2B,,-0.539,0.0
hsa-miR-15a-5p,NUFIP2,MIRT522098,-0.539,0.0
hsa-miR-15a-5p,RLIM,,-0.539,0.0
hsa-miR-16-5p,SRSF10,,-0.539,0.0
hsa-miR-486-5p,ARHGAP44,,-0.539,0.0
hsa-miR-22-3p,C1orf21,,-0.539,0.0
hsa-miR-196a-5p,HOXB8,MIRT002266,-0.539,0.0
hsa-miR-24-3p,POLR3H,,-0.539,0.0
hsa-miR-20b-5p,PLCB1,,-0.539,0.0
hsa-miR-20b-5p,PTPRJ,,-0.539,0.0
hsa-miR-7-5p,PURB,MIRT555107,-0.538,0.0
hsa-miR-193b-3p,TSPAN31,,-0.538,0.0
hsa-miR-378a-3p,JADE2,,-0.538,0.0
hsa-miR-362-5p,TMEM26,,-0.538,0.0
hsa-let-7b-5p,SLC9A9,,-0.538,0.0
hsa-miR-193b-3p,CNOT6,MIRT016605,-0.538,0.0
hsa-let-7e-5p,ERP29,,-0.538,0.0
hsa-miR-20b-5p,CNOT6L,MIRT479062,-0.538,0.0
hsa-miR-185-5p,ANKFY1,,-0.538,0.0
hsa-miR-195-5p,PLXNA4,,-0.538,0.0
hsa-miR-185-5p,SUPT6H,,-0.538,0.0
hsa-miR-30e-5p,TRDN,,-0.537,0.0
hsa-miR-139-5p,CTDSPL2,,-0.537,0.0
hsa-miR-20b-5p,DSTYK,MIRT763770,-0.537,0.0
hsa-miR-20b-5p,CDC40,,-0.536,0.0
hsa-miR-20b-5p,ZRANB1,MIRT126355,-0.536,0.0
hsa-miR-425-5p,IFFO2,,-0.536,0.0
hsa-miR-193a-5p,SYNGR1,,-0.536,0.0
hsa-miR-20b-5p,FBXO28,,-0.536,0.0
hsa-miR-532-3p,DYNLL2,,-0.535,0.0
hsa-miR-224-5p,UBE2G1,,-0.535,0.0
hsa-miR-20b-5p,ZNF148,,-0.535,0.0
hsa-let-7c-5p,SLC9A9,,-0.535,0.0
hsa-miR-145-5p,TMEM63B,,-0.535,0.0
hsa-miR-139-5p,FBXO28,,-0.535,0.0
hsa-miR-20b-5p,DAZAP2,,-0.535,0.0
hsa-miR-20b-5p,RUNX3,MIRT561649,-0.535,0.0
hsa-miR-20b-5p,IL1RAP,,-0.535,0.0
hsa-miR-224-5p,SENP2,,-0.535,0.0
hsa-miR-181a-5p,HOXC8,,-0.535,0.001
hsa-miR-181c-5p,LOX,,-0.535,0.001
hsa-miR-145-5p,ATP6V0B,,-0.535,0.001
hsa-miR-452-5p,ARIH1,,-0.534,0.001
hsa-miR-193b-3p,CD47,,-0.534,0.001
hsa-miR-16-5p,SLC4A8,,-0.534,0.001
hsa-miR-22-3p,AGMAT,,-0.534,0.001
hsa-miR-378a-3p,KIF26B,,-0.534,0.001
hsa-miR-16-5p,MINDY2,,-0.534,0.001
hsa-miR-30a-5p,TMEM170B,,-0.534,0.001
hsa-miR-107,ST13,,-0.534,0.001
hsa-miR-185-5p,PRRT2,MIRT490078,-0.534,0.001
hsa-miR-145-5p,CISD2,,-0.534,0.001
hsa-miR-20b-5p,DNAJC27,MIRT727874,-0.534,0.001
hsa-miR-363-3p,KCNC4,MIRT741805,-0.534,0.001
hsa-miR-93-5p,SLC33A1,,-0.533,0.001
hsa-miR-15a-5p,ZMYM2,,-0.533,0.001
hsa-miR-15a-5p,THUMPD1,,-0.533,0.001
hsa-miR-140-5p,PAX9,,-0.533,0.001
hsa-miR-195-5p,SEPTIN11,,-0.533,0.001
hsa-miR-193b-3p,MRPL43,,-0.533,0.001
hsa-miR-15a-5p,AREL1,,-0.533,0.001
hsa-miR-185-5p,FAXC,,-0.533,0.001
hsa-let-7b-5p,ATP2B4,,-0.533,0.001
hsa-miR-15a-5p,ABI2,,-0.533,0.001
hsa-miR-106a-5p,PGM2L1,,-0.533,0.001
hsa-miR-181d-5p,CNR1,,-0.532,0.001
hsa-miR-20b-5p,GAN,,-0.532,0.001
hsa-miR-93-5p,MTERF4,,-0.532,0.001
hsa-miR-20b-5p,OTUD4,MIRT566574,-0.532,0.001
hsa-miR-139-5p,STK24,,-0.532,0.001
hsa-miR-20b-5p,KDM2A,,-0.532,0.001
hsa-miR-20b-5p,EMSY,MIRT503079,-0.532,0.001
hsa-miR-363-3p,SPRYD4,MIRT135567,-0.532,0.001
hsa-miR-362-5p,LYRM2,,-0.532,0.001
hsa-miR-106a-5p,TVP23B,,-0.532,0.001
hsa-miR-30a-5p,AIDA,,-0.532,0.001
hsa-miR-363-3p,NUP43,MIRT555941,-0.531,0.001
hsa-miR-7-5p,FAM168B,,-0.531,0.001
hsa-miR-20b-5p,PHF6,MIRT175658,-0.531,0.001
hsa-miR-22-3p,CIAO2A,,-0.531,0.001
hsa-miR-185-5p,CADM1,MIRT494393,-0.531,0.001
hsa-miR-20b-5p,RAB21,,-0.531,0.001
hsa-miR-20b-5p,SLC4A7,MIRT726525,-0.531,0.001
hsa-miR-93-5p,PCNP,,-0.531,0.001
hsa-miR-30e-5p,ERG,,-0.531,0.001
hsa-miR-24-3p,TBC1D30,,-0.53,0.001
hsa-miR-452-5p,BZW1,,-0.53,0.001
hsa-miR-15a-5p,CYB561,,-0.53,0.001
hsa-miR-20b-5p,SLC39A6,,-0.53,0.001
hsa-miR-20b-5p,SYAP1,,-0.53,0.001
hsa-miR-185-5p,ST8SIA2,,-0.53,0.001
hsa-miR-139-5p,CSRNP3,,-0.53,0.001
hsa-miR-24-3p,RAB11FIP1,MIRT627784,-0.53,0.001
hsa-miR-182-5p,RRAGD,,-0.53,0.001
hsa-miR-20b-5p,MYO5B,,-0.53,0.001
hsa-let-7b-5p,PLCXD3,,-0.529,0.001
hsa-miR-20b-5p,BTBD7,MIRT728185,-0.529,0.001
hsa-miR-15a-5p,PDK3,,-0.529,0.001
hsa-miR-16-5p,FAM133B,,-0.529,0.001
hsa-miR-20b-5p,INO80,,-0.529,0.001
hsa-miR-486-5p,C1orf21,,-0.529,0.001
hsa-miR-139-5p,ENAH,,-0.529,0.001
hsa-miR-378a-3p,DCX,,-0.529,0.001
hsa-miR-15a-5p,PCM1,,-0.529,0.001
hsa-miR-22-3p,TET2,MIRT053224,-0.529,0.001
hsa-miR-93-5p,FBXL3,MIRT028091,-0.529,0.001
hsa-miR-195-5p,PLXNA2,,-0.529,0.001
hsa-miR-363-3p,PPM1H,,-0.529,0.001
hsa-miR-24-3p,CCDC85C,,-0.529,0.001
hsa-miR-20b-5p,MASTL,MIRT126562,-0.529,0.001
hsa-miR-195-5p,AKAP12,,-0.528,0.001
hsa-miR-141-3p,HNMT,,-0.528,0.001
hsa-miR-22-3p,DNAJC27,,-0.528,0.001
hsa-miR-20b-5p,LHX4,,-0.528,0.001
hsa-miR-15a-5p,WDR82,,-0.528,0.001
hsa-miR-135b-5p,ZCCHC24,,-0.528,0.001
hsa-miR-16-5p,USP15,MIRT031860,-0.528,0.001
hsa-miR-145-5p,AREL1,,-0.527,0.001
hsa-miR-20b-5p,EIF2S1,MIRT070850,-0.527,0.001
hsa-miR-20b-5p,MFN1,MIRT522511,-0.527,0.001
hsa-miR-532-3p,ZNF428,,-0.527,0.001
hsa-miR-193a-5p,FANCD2,,-0.527,0.001
hsa-miR-378c,KIF26B,,-0.527,0.001
hsa-miR-20b-5p,SYNCRIP,,-0.527,0.001
hsa-miR-20b-5p,YES1,,-0.527,0.001
hsa-miR-18a-5p,ANK3,,-0.527,0.001
hsa-miR-20b-5p,PHIP,,-0.527,0.001
hsa-miR-326,GRIN1,,-0.526,0.001
hsa-miR-378a-3p,FAHD2A,,-0.526,0.001
hsa-miR-15a-5p,CCNT2,MIRT085215,-0.526,0.001
hsa-miR-200b-3p,DCUN1D3,,-0.526,0.001
hsa-miR-15a-5p,KIAA0319L,,-0.526,0.001
hsa-miR-182-5p,MRAS,,-0.526,0.001
hsa-miR-15a-5p,WBP11,,-0.526,0.001
hsa-miR-22-3p,USP47,,-0.526,0.001
hsa-miR-429,SHROOM4,,-0.526,0.001
hsa-let-7d-5p,STAT3,,-0.526,0.001
hsa-miR-378c,MEF2D,,-0.525,0.001
hsa-miR-185-5p,PTCHD1,,-0.525,0.001
hsa-miR-20b-5p,FBXL3,,-0.525,0.001
hsa-miR-21-5p,ANKRD46,MIRT005773,-0.525,0.001
hsa-miR-378c,RASGRF1,,-0.525,0.001
hsa-miR-195-5p,CALM1,,-0.525,0.001
hsa-miR-22-3p,FBXW7,,-0.525,0.001
hsa-miR-148a-3p,BEST1,,-0.525,0.001
hsa-miR-106a-5p,ZBTB21,,-0.525,0.001
hsa-miR-22-3p,DOK7,,-0.524,0.001
hsa-miR-15a-5p,CDC42SE2,MIRT256305,-0.524,0.001
hsa-miR-15a-5p,HMGXB4,,-0.524,0.001
hsa-miR-452-5p,AP5M1,,-0.524,0.001
hsa-miR-15a-5p,STRBP,,-0.524,0.001
hsa-miR-193a-5p,SPRED3,,-0.524,0.001
hsa-miR-185-5p,SAMD12,,-0.524,0.001
hsa-miR-9-5p,ANK2,,-0.524,0.001
hsa-miR-145-5p,IPPK,,-0.524,0.001
hsa-miR-20b-5p,INO80D,,-0.524,0.001
hsa-miR-20b-5p,ABI1,,-0.523,0.001
hsa-miR-7-5p,XPO7,,-0.523,0.001
hsa-miR-15a-5p,TBP,,-0.523,0.001
hsa-miR-22-3p,LRRC73,,-0.523,0.001
hsa-miR-20b-5p,RAB11FIP1,MIRT505980,-0.523,0.001
hsa-miR-486-5p,GAPVD1,,-0.523,0.001
hsa-miR-20b-5p,ARID4B,MIRT004072,-0.523,0.001
hsa-miR-452-5p,SCOC,,-0.523,0.001
hsa-miR-1306-5p,CYP4F11,,-0.523,0.001
hsa-miR-185-5p,AAK1,,-0.523,0.001
hsa-miR-22-3p,FNBP4,,-0.523,0.001
hsa-miR-20b-5p,KIAA1671,,-0.523,0.001
hsa-miR-24-3p,CHMP7,,-0.522,0.001
hsa-miR-145-5p,MFSD6,,-0.522,0.001
hsa-miR-135b-5p,TGFBR2,,-0.522,0.001
hsa-miR-193a-5p,BCL7C,,-0.522,0.001
hsa-miR-378a-3p,C1orf21,,-0.522,0.001
hsa-miR-15a-5p,GDI2,MIRT051332,-0.522,0.001
hsa-miR-93-5p,GMCL1,,-0.522,0.001
hsa-miR-451a,ATF2,,-0.522,0.001
hsa-miR-532-3p,ETNK2,,-0.522,0.001
hsa-let-7b-5p,ANGPTL2,,-0.522,0.001
hsa-miR-30e-5p,PCDH19,,-0.522,0.001
hsa-miR-193a-5p,CUL3,,-0.522,0.001
hsa-miR-363-3p,CXXC5,,-0.522,0.001
hsa-miR-365a-3p,LUC7L2,MIRT319744,-0.522,0.001
hsa-miR-365b-3p,LUC7L2,MIRT319745,-0.522,0.001
hsa-miR-182-5p,C2CD2,,-0.522,0.001
hsa-miR-195-5p,ESR2,,-0.522,0.001
hsa-miR-20b-5p,TENT5C,MIRT058916,-0.521,0.001
hsa-miR-16-5p,ENAH,,-0.521,0.001
hsa-miR-93-5p,TADA2B,MIRT726402,-0.521,0.001
hsa-miR-205-5p,MID1IP1,,-0.521,0.001
hsa-miR-193b-3p,ZNF207,,-0.521,0.001
hsa-miR-181d-5p,ANK1,,-0.521,0.001
hsa-miR-18a-5p,TRAPPC8,,-0.52,0.001
hsa-miR-24-3p,DUSP16,,-0.52,0.001
hsa-miR-24-3p,GRAMD1B,,-0.52,0.001
hsa-miR-486-5p,TBL1X,,-0.52,0.001
hsa-miR-363-3p,PRKCE,,-0.52,0.001
hsa-miR-486-5p,UNC5C,,-0.52,0.001
hsa-miR-362-5p,CCSER1,,-0.52,0.001
hsa-miR-182-5p,MTURN,,-0.52,0.001
hsa-miR-532-3p,GFRA1,,-0.52,0.001
hsa-miR-185-5p,TSN,,-0.519,0.001
hsa-miR-339-5p,DLG3,,-0.519,0.001
hsa-miR-223-3p,CLSTN1,,-0.519,0.001
hsa-miR-193b-3p,BAK1,,-0.519,0.001
hsa-miR-31-5p,FITM2,,-0.519,0.001
hsa-miR-16-5p,DICER1,MIRT051245,-0.518,0.001
hsa-miR-193b-3p,MSI2,,-0.518,0.001
hsa-miR-339-5p,CDC25A,,-0.518,0.001
hsa-miR-362-5p,CDK5R1,,-0.518,0.001
hsa-miR-181b-5p,LRRC32,,-0.518,0.001
hsa-miR-20b-5p,NBEA,,-0.518,0.001
hsa-miR-15a-5p,C1orf21,MIRT061005,-0.517,0.001
hsa-miR-20b-5p,CCNJ,,-0.517,0.001
hsa-miR-18a-5p,STAM2,,-0.517,0.001
hsa-miR-22-3p,CREB1,,-0.517,0.001
hsa-miR-223-3p,ZNF395,,-0.517,0.001
hsa-miR-363-3p,PRKAA2,,-0.517,0.001
hsa-miR-195-5p,SEMA3A,,-0.517,0.001
hsa-miR-429,TCF4,,-0.517,0.001
hsa-miR-378a-3p,RAB11A,,-0.517,0.001
hsa-miR-139-5p,ZNF470,,-0.517,0.001
hsa-miR-195-5p,NRP2,,-0.517,0.001
hsa-miR-186-5p,CLDN1,,-0.517,0.001
hsa-miR-15a-5p,SETD6,,-0.517,0.001
hsa-miR-193a-5p,TNFRSF19,,-0.517,0.001
hsa-miR-7-5p,ODF2L,,-0.516,0.001
hsa-miR-18a-5p,SMAD2,MIRT387526,-0.516,0.001
hsa-let-7b-5p,SNN,,-0.516,0.001
hsa-miR-532-3p,PADI1,,-0.516,0.001
hsa-miR-16-5p,KIF5C,,-0.516,0.001
hsa-miR-200b-3p,ETS1,MIRT003783,-0.516,0.001
hsa-miR-145-5p,TAGLN2,,-0.516,0.001
hsa-miR-193a-5p,DNTTIP2,,-0.516,0.001
hsa-miR-24-3p,MYO18A,,-0.515,0.001
hsa-miR-378c,KPNA6,,-0.515,0.001
hsa-miR-195-5p,CCNYL1,,-0.515,0.001
hsa-miR-135a-5p,GLYCTK,,-0.515,0.001
hsa-miR-30c-5p,KCNJ15,,-0.515,0.001
hsa-miR-16-5p,SKIL,,-0.515,0.001
hsa-miR-16-5p,RORA,,-0.515,0.001
hsa-miR-106a-5p,C2orf69,,-0.515,0.001
hsa-miR-185-5p,ZBTB20,,-0.515,0.001
hsa-miR-20b-5p,PDLIM5,,-0.514,0.001
hsa-miR-20b-5p,CSNK1A1,MIRT478723,-0.514,0.001
hsa-miR-15a-5p,PDCD6IP,MIRT000888,-0.514,0.001
hsa-miR-135b-5p,PLCL2,,-0.514,0.001
hsa-miR-16-5p,MACC1,,-0.514,0.001
hsa-miR-20b-5p,HIVEP3,,-0.514,0.001
hsa-miR-182-5p,ST6GALNAC3,,-0.514,0.001
hsa-miR-365a-3p,LAMP2,,-0.514,0.001
hsa-miR-365b-3p,LAMP2,,-0.514,0.001
hsa-miR-20b-5p,ERO1B,,-0.514,0.001
hsa-miR-93-5p,CNOT7,MIRT727967,-0.514,0.001
hsa-miR-15a-5p,MAPK8,,-0.514,0.001
hsa-miR-486-5p,BZW1,,-0.514,0.001
hsa-miR-193a-5p,NETO2,,-0.514,0.001
hsa-miR-22-3p,TUB,,-0.513,0.001
hsa-miR-93-5p,DERL2,,-0.513,0.001
hsa-miR-20b-5p,ARHGEF28,,-0.513,0.001
hsa-miR-7-5p,LUC7L2,MIRT025632,-0.513,0.001
hsa-miR-185-5p,SF1,MIRT738265,-0.513,0.001
hsa-miR-200c-3p,LOX,,-0.513,0.001
hsa-miR-181d-5p,SHE,,-0.513,0.001
hsa-miR-223-3p,ITPR3,,-0.513,0.001
hsa-miR-24-3p,GGA1,,-0.513,0.001
hsa-miR-7-5p,A1CF,,-0.513,0.001
hsa-miR-339-5p,COPZ1,,-0.513,0.001
hsa-miR-185-5p,TRIM5,,-0.513,0.001
hsa-miR-24-3p,NAIF1,,-0.513,0.001
hsa-miR-20b-5p,SAR1B,,-0.513,0.001
hsa-let-7c-5p,PXDN,,-0.513,0.001
hsa-miR-20b-5p,EPHA7,,-0.512,0.001
hsa-miR-223-3p,TSPAN5,,-0.512,0.001
hsa-miR-20b-5p,RUFY2,MIRT554532,-0.512,0.001
hsa-miR-20b-5p,RACGAP1,MIRT566152,-0.512,0.001
hsa-miR-93-5p,RAB5B,MIRT027977,-0.512,0.001
hsa-miR-20b-5p,ATG14,MIRT727370,-0.512,0.001
hsa-let-7b-5p,DIPK2B,,-0.512,0.001
hsa-miR-93-5p,TENT5C,MIRT058913,-0.512,0.001
hsa-miR-15a-5p,NPAS3,,-0.512,0.001
hsa-miR-20b-5p,TRIM66,,-0.512,0.001
hsa-let-7d-5p,ERO1A,MIRT735647,-0.512,0.001
hsa-miR-24-3p,TCF7,,-0.512,0.001
hsa-miR-7-5p,ARIH1,,-0.511,0.001
hsa-miR-15a-5p,EIF4B,,-0.511,0.001
hsa-miR-15a-5p,SYS1,,-0.511,0.001
hsa-miR-15a-5p,DCAF10,,-0.511,0.001
hsa-miR-16-5p,TMEM87B,,-0.511,0.001
hsa-miR-451a,VAPA,,-0.511,0.001
hsa-miR-185-5p,GPR107,MIRT738244,-0.511,0.001
hsa-miR-185-5p,TRIM44,,-0.511,0.001
hsa-miR-20b-5p,ATAD2,MIRT450957,-0.511,0.001
hsa-miR-7-5p,YOD1,MIRT463785,-0.511,0.001
hsa-miR-335-5p,RCC2,,-0.511,0.001
hsa-miR-196a-5p,DIAPH2,,-0.511,0.001
hsa-miR-223-3p,RSBN1L,,-0.511,0.001
hsa-miR-195-5p,PAM,,-0.511,0.001
hsa-miR-18a-5p,HMGCS1,MIRT031353,-0.511,0.001
hsa-miR-20b-5p,PON2,,-0.511,0.001
hsa-miR-22-3p,TNFSF15,,-0.511,0.001
hsa-miR-365a-3p,OAZ2,,-0.51,0.001
hsa-miR-452-5p,UBA6,,-0.51,0.001
hsa-miR-365b-3p,OAZ2,,-0.51,0.001
hsa-miR-362-5p,TFAM,,-0.51,0.001
hsa-miR-15a-5p,PDLIM5,,-0.51,0.001
hsa-miR-93-5p,MKRN1,MIRT727184,-0.51,0.001
hsa-miR-16-5p,XPR1,,-0.51,0.001
hsa-miR-185-5p,CAMK2D,MIRT735111,-0.51,0.001
hsa-miR-193b-3p,BRPF1,,-0.51,0.001
hsa-miR-181d-5p,HDAC9,,-0.51,0.001
hsa-miR-452-5p,E2F3,,-0.51,0.001
hsa-miR-98-5p,XKRX,,-0.51,0.001
hsa-miR-20b-5p,REST,MIRT213214,-0.509,0.001
hsa-miR-16-5p,PCGF5,,-0.509,0.001
hsa-miR-193b-3p,C18orf32,,-0.509,0.001
hsa-miR-20b-5p,PCDHA6,,-0.509,0.001
hsa-miR-452-5p,REXO1,,-0.509,0.001
hsa-miR-486-5p,TMEM178B,,-0.509,0.001
hsa-miR-454-3p,ESR1,MIRT502517,-0.509,0.001
hsa-miR-16-5p,U2SURP,MIRT090689,-0.509,0.001
hsa-miR-200a-3p,NUMBL,,-0.509,0.001
hsa-miR-139-5p,FAM76B,,-0.509,0.001
hsa-miR-20b-5p,NPAT,MIRT472055,-0.509,0.001
hsa-miR-215-5p,PTCHD1,,-0.508,0.001
hsa-miR-196a-5p,IGF1,,-0.508,0.001
hsa-miR-22-3p,UBE2N,,-0.508,0.001
hsa-miR-106a-5p,AAK1,,-0.508,0.001
hsa-let-7b-5p,HIF3A,,-0.508,0.001
hsa-miR-93-5p,NAA30,MIRT028034,-0.508,0.001
hsa-miR-17-5p,C9orf64,,-0.508,0.001
hsa-miR-18a-5p,INSYN2B,,-0.508,0.001
hsa-miR-106a-5p,MOSMO,MIRT283174,-0.508,0.001
hsa-miR-18a-5p,TEX2,,-0.508,0.001
hsa-miR-20b-5p,ZNF362,,-0.507,0.001
hsa-miR-148a-3p,DOCK6,,-0.507,0.001
hsa-miR-15a-5p,NEK10,,-0.507,0.001
hsa-miR-363-3p,DAG1,,-0.507,0.001
hsa-miR-215-5p,ABHD2,,-0.507,0.001
hsa-miR-182-5p,ZEB2,,-0.507,0.001
hsa-miR-378a-3p,PAPOLG,,-0.507,0.001
hsa-miR-107,FOXP1,,-0.507,0.001
hsa-miR-16-5p,NCBP3,,-0.507,0.001
hsa-let-7c-5p,TRHDE,,-0.506,0.001
hsa-miR-15a-5p,AGO1,,-0.506,0.001
hsa-miR-22-3p,PAFAH1B2,,-0.506,0.001
hsa-miR-193b-3p,GRB7,,-0.506,0.001
hsa-miR-24-3p,RNF40,,-0.506,0.001
hsa-miR-15a-5p,NAPEPLD,,-0.506,0.001
hsa-miR-16-5p,DCUN1D4,,-0.506,0.001
hsa-miR-139-5p,SLC25A3,,-0.506,0.001
hsa-miR-24-3p,BCL2L11,MIRT030547,-0.506,0.001
hsa-miR-20b-5p,MECP2,MIRT556162,-0.506,0.001
hsa-miR-193a-5p,NRG1,,-0.506,0.001
hsa-miR-223-3p,TENT5C,,-0.506,0.001
hsa-miR-150-5p,ZCCHC17,,-0.506,0.001
hsa-miR-15a-5p,SRPK1,MIRT726455,-0.505,0.001
hsa-miR-15a-5p,DCUN1D5,,-0.505,0.001
hsa-miR-152-3p,ADCY2,,-0.505,0.001
hsa-miR-185-5p,SLC25A15,,-0.505,0.001
hsa-miR-20b-5p,DDIAS,,-0.505,0.001
hsa-miR-107,SYNGR1,,-0.505,0.001
hsa-miR-20b-5p,PIK3R1,,-0.505,0.001
hsa-miR-195-5p,FZD4,,-0.505,0.001
hsa-miR-20b-5p,GPR37L1,,-0.505,0.001
hsa-miR-20b-5p,CEP128,,-0.505,0.001
hsa-miR-20b-5p,FNDC3A,,-0.505,0.001
hsa-miR-18a-5p,RAB22A,,-0.505,0.001
hsa-miR-139-5p,ARRDC3,,-0.505,0.001
hsa-miR-20b-5p,OTUD3,,-0.505,0.001
hsa-miR-22-3p,PRR14L,,-0.504,0.001
hsa-miR-7-5p,ARID2,,-0.504,0.001
hsa-miR-193b-3p,N4BP3,,-0.504,0.001
hsa-miR-20b-5p,CSRNP3,,-0.504,0.001
hsa-miR-20b-5p,ZBTB41,,-0.504,0.001
hsa-miR-24-3p,GRIP1,,-0.504,0.001
hsa-miR-20b-5p,ESR1,MIRT004313,-0.504,0.001
hsa-miR-22-3p,KMT2A,,-0.504,0.001
hsa-miR-20b-5p,PPP2CA,,-0.504,0.001
hsa-miR-15a-5p,MACC1,,-0.504,0.001
hsa-miR-16-5p,MOB4,MIRT204624,-0.504,0.001
hsa-miR-452-5p,RANBP6,,-0.504,0.001
hsa-miR-135b-5p,TBX4,,-0.504,0.001
hsa-miR-139-5p,RASGRF1,,-0.504,0.001
hsa-miR-215-5p,SLC39A6,,-0.504,0.001
hsa-miR-18a-5p,SLC35A3,,-0.503,0.001
hsa-miR-429,PLPP3,,-0.503,0.001
hsa-miR-18a-5p,ZBTB44,,-0.503,0.001
hsa-miR-15a-5p,ZNRF3,MIRT087424,-0.503,0.001
hsa-miR-181d-5p,ERG,,-0.503,0.001
hsa-miR-16-5p,IKBKB,,-0.503,0.001
hsa-miR-139-5p,TENT2,MIRT314522,-0.503,0.001
hsa-miR-363-3p,FAM133B,,-0.503,0.001
hsa-miR-16-5p,ATP7A,,-0.503,0.001
hsa-miR-22-3p,SFMBT2,,-0.503,0.001
hsa-miR-224-5p,ENAH,,-0.503,0.001
hsa-miR-15a-5p,ETNK1,MIRT063394,-0.503,0.001
hsa-miR-20b-5p,HAUS8,MIRT574724,-0.503,0.001
hsa-miR-16-5p,CLDN12,,-0.503,0.001
hsa-miR-24-3p,SFXN5,,-0.503,0.001
hsa-miR-429,KCNB1,,-0.503,0.001
hsa-miR-16-5p,PPP6R3,MIRT737990,-0.502,0.001
hsa-miR-93-5p,CCDC25,,-0.502,0.001
hsa-miR-16-5p,OTUD4,,-0.502,0.001
hsa-miR-20b-5p,PCDHA3,,-0.502,0.001
hsa-miR-16-5p,DMTF1,MIRT031727,-0.502,0.001
hsa-miR-139-5p,BAZ2A,,-0.502,0.001
hsa-miR-16-5p,PNISR,MIRT547066,-0.502,0.001
hsa-miR-15a-5p,U2SURP,MIRT090688,-0.502,0.001
hsa-miR-18a-5p,MAP3K1,,-0.502,0.001
hsa-miR-9-5p,ATOH8,,-0.502,0.001
hsa-miR-7-5p,SPOPL,,-0.502,0.001
hsa-miR-16-5p,TBL1XR1,MIRT726355,-0.502,0.001
hsa-miR-93-5p,PRRG4,MIRT230966,-0.502,0.001
hsa-miR-224-5p,GLRA3,,-0.501,0.001
hsa-miR-185-5p,BEND3,,-0.501,0.001
hsa-miR-452-5p,C16orf87,,-0.501,0.001
hsa-miR-15a-5p,TSPAN5,,-0.501,0.001
hsa-miR-22-3p,ARHGEF12,,-0.501,0.001
hsa-miR-185-5p,AMIGO2,,-0.501,0.001
hsa-miR-135a-5p,KCNB1,,-0.501,0.001
hsa-miR-7-5p,ZNF805,MIRT025803,-0.501,0.001
hsa-miR-452-5p,DR1,,-0.501,0.001
hsa-miR-93-5p,GOSR1,,-0.501,0.001
hsa-miR-16-5p,UBE2W,,-0.501,0.001
hsa-miR-200b-3p,SAMD8,,-0.501,0.001
hsa-miR-20b-5p,FAM177A1,,-0.5,0.001
hsa-miR-452-5p,NCS1,,-0.5,0.001
hsa-miR-145-5p,PLAGL2,MIRT295694,-0.5,0.001
hsa-miR-20b-5p,PCDHA4,,-0.5,0.001
hsa-miR-486-5p,ASB4,,-0.5,0.001
hsa-miR-200b-3p,ADIPOR2,,-0.5,0.001
hsa-miR-22-3p,PCGF5,,-0.5,0.001
hsa-miR-378c,NXPE3,,-0.5,0.001
hsa-miR-20b-5p,PITPNA,MIRT471009,-0.5,0.001
hsa-miR-370-5p,HIF3A,,-0.5,0.001
hsa-miR-20b-5p,SLC7A2,,-0.5,0.001
hsa-miR-15a-5p,UBFD1,,-0.5,0.001
hsa-miR-20b-5p,ARHGEF3,,-0.5,0.001
hsa-miR-15a-5p,CFAP45,,-0.5,0.001
hsa-miR-224-5p,TMEM170A,,-0.5,0.001
hsa-miR-193a-5p,LAMP5,,-0.5,0.001
hsa-miR-20b-5p,KIF26B,,-0.5,0.001
hsa-miR-15a-5p,PRKAB2,,-0.5,0.001
hsa-miR-182-5p,QKI,,-0.499,0.001
hsa-miR-200a-3p,CACNA2D1,,-0.499,0.001
hsa-miR-7-5p,MOB1B,,-0.499,0.001
hsa-miR-15a-5p,TMED8,,-0.499,0.001
hsa-miR-15a-5p,KCNJ2,,-0.499,0.001
hsa-miR-139-5p,MARCHF7,,-0.499,0.001
hsa-miR-224-5p,GNAI3,,-0.499,0.001
hsa-miR-15a-5p,MIB1,MIRT727198,-0.499,0.001
hsa-miR-20b-5p,FAM168A,,-0.499,0.001
hsa-miR-15a-5p,RSF1,,-0.499,0.001
hsa-miR-9-5p,LYVE1,,-0.499,0.001
hsa-miR-139-5p,EMP2,,-0.498,0.001
hsa-miR-15a-5p,PCDHA3,,-0.498,0.001
hsa-miR-139-5p,HDX,,-0.498,0.001
hsa-miR-16-5p,POU2F1,,-0.498,0.001
hsa-miR-200b-3p,CDH6,,-0.498,0.001
hsa-miR-22-3p,THAP1,,-0.498,0.001
hsa-miR-16-5p,PLEKHA1,MIRT055812,-0.498,0.001
hsa-miR-107,NEK10,,-0.498,0.001
hsa-miR-152-3p,INSIG2,,-0.498,0.001
hsa-miR-193b-3p,DNAJC16,,-0.498,0.001
hsa-miR-363-3p,WRNIP1,,-0.498,0.001
hsa-miR-362-5p,GAN,,-0.498,0.001
hsa-miR-16-5p,KIF21A,,-0.498,0.001
hsa-miR-140-5p,LSM14B,,-0.497,0.001
hsa-miR-452-5p,ERBB4,,-0.497,0.001
hsa-miR-20b-5p,PANK3,MIRT727017,-0.497,0.002
hsa-let-7b-5p,TSPAN18,,-0.497,0.002
hsa-miR-185-5p,E2F6,MIRT738240,-0.497,0.002
hsa-miR-7-5p,ZNF148,,-0.497,0.002
hsa-miR-20b-5p,NCKAP5,,-0.496,0.002
hsa-miR-181d-5p,PDE3A,,-0.496,0.002
hsa-miR-15a-5p,ZC2HC1A,,-0.496,0.002
hsa-miR-193b-3p,ING5,,-0.496,0.002
hsa-miR-224-5p,RPAP2,,-0.496,0.002
hsa-miR-15a-5p,ACVR2A,MIRT568621,-0.496,0.002
hsa-miR-224-5p,ABHD2,,-0.496,0.002
hsa-miR-7-5p,GMEB1,,-0.496,0.002
hsa-miR-16-5p,CCNT2,MIRT001801,-0.496,0.002
hsa-miR-24-3p,SP6,,-0.495,0.002
hsa-miR-532-3p,PAK4,,-0.495,0.002
hsa-miR-15a-5p,TGIF2,,-0.495,0.002
hsa-miR-20b-5p,C16orf72,,-0.495,0.002
hsa-miR-18a-5p,DDI2,,-0.495,0.002
hsa-miR-195-5p,SAMD4A,,-0.495,0.002
hsa-miR-363-3p,AP5M1,,-0.495,0.002
hsa-miR-106a-5p,PANK3,,-0.495,0.002
hsa-miR-15a-5p,NAA25,MIRT472665,-0.495,0.002
hsa-miR-16-5p,GABPA,MIRT297779,-0.495,0.002
hsa-miR-20b-5p,ZNF618,,-0.495,0.002
hsa-miR-93-5p,VPS26A,MIRT127162,-0.494,0.002
hsa-miR-193a-5p,CSNK2A1,MIRT624265,-0.494,0.002
hsa-miR-93-5p,HLF,,-0.494,0.002
hsa-miR-106a-5p,MIER3,,-0.494,0.002
hsa-miR-107,EIF1AX,MIRT548457,-0.494,0.002
hsa-miR-22-3p,INO80E,,-0.494,0.002
hsa-miR-365a-3p,ZNF618,,-0.494,0.002
hsa-miR-365b-3p,ZNF618,,-0.494,0.002
hsa-miR-15a-5p,IP6K1,,-0.494,0.002
hsa-miR-7-5p,KLF12,,-0.494,0.002
hsa-miR-15a-5p,NEBL,,-0.494,0.002
hsa-miR-152-3p,ESR1,,-0.494,0.002
hsa-miR-93-5p,NUP35,MIRT727053,-0.494,0.002
hsa-miR-93-5p,SNX12,,-0.494,0.002
hsa-miR-141-3p,ST3GAL5,,-0.494,0.002
hsa-miR-363-3p,EPG5,,-0.494,0.002
hsa-miR-365a-3p,BCL11B,,-0.493,0.002
hsa-miR-365b-3p,BCL11B,,-0.493,0.002
hsa-miR-145-5p,ACTG1,,-0.493,0.002
hsa-miR-15a-5p,PLEKHA1,MIRT055811,-0.493,0.002
hsa-miR-20b-5p,NAV2,,-0.493,0.002
hsa-miR-16-5p,DCUN1D1,,-0.493,0.002
hsa-miR-107,SGSM2,,-0.493,0.002
hsa-miR-16-5p,TLK1,MIRT031590,-0.493,0.002
hsa-miR-145-5p,DERL2,,-0.493,0.002
hsa-miR-363-3p,AKAP10,MIRT559642,-0.493,0.002
hsa-miR-20b-5p,MTF1,MIRT727147,-0.493,0.002
hsa-let-7d-5p,TGFBR1,MIRT032178,-0.493,0.002
hsa-miR-139-5p,GLG1,,-0.493,0.002
hsa-miR-365a-3p,DTNA,,-0.493,0.002
hsa-miR-365b-3p,DTNA,,-0.493,0.002
hsa-miR-15a-5p,RFX3,,-0.493,0.002
hsa-miR-21-5p,GID4,MIRT030790,-0.493,0.002
hsa-miR-363-3p,XPR1,,-0.493,0.002
hsa-miR-30a-5p,PLCXD3,,-0.493,0.002
hsa-miR-181d-5p,JAZF1,,-0.493,0.002
hsa-miR-452-5p,FOXL1,,-0.492,0.002
hsa-miR-16-5p,LRCH3,,-0.492,0.002
hsa-miR-20b-5p,ARHGEF10,,-0.492,0.002
hsa-miR-195-5p,NMNAT2,,-0.492,0.002
hsa-miR-181d-5p,LGI2,,-0.492,0.002
hsa-miR-139-5p,FMR1,,-0.492,0.002
hsa-miR-139-5p,AJAP1,,-0.492,0.002
hsa-miR-326,GINS2,,-0.492,0.002
hsa-miR-224-5p,POU2F1,,-0.492,0.002
hsa-miR-365a-3p,PTCHD1,,-0.492,0.002
hsa-miR-365b-3p,PTCHD1,,-0.492,0.002
hsa-miR-15a-5p,CNOT6L,,-0.492,0.002
hsa-miR-200a-3p,ST3GAL5,,-0.492,0.002
hsa-miR-223-3p,ATL2,,-0.492,0.002
hsa-miR-326,PADI1,,-0.492,0.002
hsa-miR-145-5p,FAXC,,-0.492,0.002
hsa-miR-20b-5p,CNNM2,,-0.492,0.002
hsa-miR-135a-5p,TGFBR2,,-0.492,0.002
hsa-miR-181d-5p,QKI,,-0.492,0.002
hsa-miR-7-5p,LTN1,,-0.491,0.002
hsa-miR-93-5p,RAB21,,-0.491,0.002
hsa-miR-20b-5p,HMGB3,MIRT493616,-0.491,0.002
hsa-miR-424-5p,XKR4,,-0.491,0.002
hsa-miR-223-3p,PTBP2,MIRT053243,-0.491,0.002
hsa-miR-16-5p,TNPO1,MIRT032051,-0.491,0.002
hsa-miR-106a-5p,XIAP,MIRT048312,-0.491,0.002
hsa-miR-107,NSG1,,-0.491,0.002
hsa-miR-224-5p,U2SURP,,-0.491,0.002
hsa-miR-193a-5p,NLN,MIRT732269,-0.491,0.002
hsa-miR-365a-3p,HOXA9,,-0.491,0.002
hsa-miR-365b-3p,HOXA9,,-0.491,0.002
hsa-miR-145-5p,LANCL3,,-0.491,0.002
hsa-miR-16-5p,UBE2V1,MIRT001400,-0.49,0.002
hsa-miR-139-5p,ECE1,,-0.49,0.002
hsa-miR-365a-3p,POU5F1B,,-0.49,0.002
hsa-miR-365b-3p,POU5F1B,,-0.49,0.002
hsa-miR-363-3p,UBE2Z,MIRT077511,-0.49,0.002
hsa-miR-429,TRPV3,,-0.49,0.002
hsa-miR-22-3p,NCMAP,,-0.49,0.002
hsa-miR-181c-5p,FOXP2,,-0.49,0.002
hsa-miR-338-3p,SNRPE,,-0.49,0.002
hsa-miR-193a-5p,C18orf25,,-0.49,0.002
hsa-miR-20b-5p,ARAP2,MIRT728321,-0.49,0.002
hsa-miR-542-3p,TLN2,,-0.49,0.002
hsa-miR-107,ZNF652,,-0.49,0.002
hsa-miR-15a-5p,SFXN2,,-0.489,0.002
hsa-miR-17-5p,BZW1,MIRT480568,-0.489,0.002
hsa-miR-135b-5p,BCL2L2,,-0.489,0.002
hsa-miR-15b-5p,MAFK,MIRT103095,-0.489,0.002
hsa-miR-15a-5p,PPM1A,MIRT191454,-0.489,0.002
hsa-miR-15a-5p,CDK17,MIRT548946,-0.489,0.002
hsa-miR-20b-5p,VPS13A,,-0.489,0.002
hsa-miR-378c,KDSR,,-0.489,0.002
hsa-miR-16-5p,SOS2,,-0.489,0.002
hsa-miR-7-5p,FBXO28,,-0.489,0.002
hsa-miR-15a-5p,DCUN1D1,,-0.489,0.002
hsa-miR-22-3p,LIN7C,MIRT030649,-0.489,0.002
hsa-miR-193b-3p,AJUBA,,-0.489,0.002
hsa-miR-106a-5p,SMAD5,,-0.489,0.002
hsa-miR-195-5p,SLC2A3,MIRT006235,-0.488,0.002
hsa-miR-15a-5p,RNF144B,,-0.488,0.002
hsa-miR-30a-5p,PDE3A,,-0.488,0.002
hsa-miR-452-5p,TMED8,,-0.488,0.002
hsa-miR-34c-5p,ADGRG2,,-0.488,0.002
hsa-miR-24-3p,INAVA,MIRT030535,-0.488,0.002
hsa-miR-139-5p,TRIM71,,-0.488,0.002
hsa-miR-185-5p,DLG2,,-0.488,0.002
hsa-miR-20b-5p,HPS5,,-0.488,0.002
hsa-miR-363-3p,SETD5,,-0.488,0.002
hsa-miR-141-3p,DCUN1D3,,-0.488,0.002
hsa-miR-106a-5p,NBEA,,-0.487,0.002
hsa-miR-135a-5p,ASPH,,-0.487,0.002
hsa-miR-30a-5p,SLC35F1,,-0.487,0.002
hsa-miR-15a-5p,PCGF5,,-0.487,0.002
hsa-miR-15a-5p,EPC1,,-0.487,0.002
hsa-miR-17-5p,PRRG4,MIRT230962,-0.487,0.002
hsa-miR-106a-5p,KDM6B,MIRT289575,-0.487,0.002
hsa-miR-486-5p,CDH11,,-0.487,0.002
hsa-miR-139-5p,AEBP2,,-0.487,0.002
hsa-miR-18a-5p,NCOA2,,-0.487,0.002
hsa-miR-24-3p,FDXR,,-0.487,0.002
hsa-miR-141-3p,SAR1A,,-0.487,0.002
hsa-miR-378c,KIAA1522,,-0.487,0.002
hsa-miR-454-3p,ZNRF3,,-0.486,0.002
hsa-miR-181d-5p,PLCXD3,,-0.486,0.002
hsa-miR-16-5p,DCAF10,,-0.486,0.002
hsa-miR-22-3p,USP8,,-0.486,0.002
hsa-miR-1-3p,SLC25A22,MIRT001332,-0.486,0.002
hsa-miR-22-3p,AMMECR1L,,-0.486,0.002
hsa-miR-20b-5p,POFUT1,MIRT152686,-0.486,0.002
hsa-miR-452-5p,SOCS5,,-0.486,0.002
hsa-miR-320b,YWHAZ,,-0.486,0.002
hsa-miR-7-5p,TRIM33,,-0.486,0.002
hsa-miR-362-5p,NOL4,,-0.486,0.002
hsa-miR-15a-5p,P2RY2,,-0.486,0.002
hsa-miR-106a-5p,IPMK,,-0.486,0.002
hsa-miR-136-5p,TSPAN3,,-0.486,0.002
hsa-miR-18a-5p,FBXO28,,-0.486,0.002
hsa-miR-18a-5p,FAF1,,-0.486,0.002
hsa-miR-20b-5p,ANKRD13C,MIRT728341,-0.485,0.002
hsa-miR-18a-5p,NEO1,MIRT438693,-0.485,0.002
hsa-miR-93-5p,IRF2BP2,,-0.485,0.002
hsa-miR-24-3p,DCAF11,,-0.485,0.002
hsa-miR-205-5p,ANK2,,-0.485,0.002
hsa-miR-195-5p,SLC4A4,,-0.485,0.002
hsa-miR-15a-5p,PHIP,,-0.485,0.002
hsa-miR-16-5p,KRAS,MIRT053090,-0.485,0.002
hsa-miR-22-3p,PTPN1,,-0.485,0.002
hsa-miR-15a-5p,RCOR3,,-0.485,0.002
hsa-miR-20b-5p,NIBAN2,,-0.485,0.002
hsa-miR-7-5p,SEPTIN8,,-0.485,0.002
hsa-miR-106a-5p,PURB,MIRT700445,-0.485,0.002
hsa-miR-186-5p,KMT5A,MIRT045160,-0.485,0.002
hsa-miR-145-5p,ARF6,MIRT278608,-0.484,0.002
hsa-miR-16-5p,ZC3H11A,MIRT031561,-0.484,0.002
hsa-miR-7-5p,RSPRY1,MIRT025701,-0.484,0.002
hsa-miR-363-3p,RRN3,MIRT501296,-0.484,0.002
hsa-miR-24-3p,KCNK6,,-0.484,0.002
hsa-miR-24-3p,KCTD3,,-0.484,0.002
hsa-miR-195-5p,IGF1,,-0.484,0.002
hsa-miR-363-3p,ESRP1,MIRT636554,-0.484,0.002
hsa-miR-200b-3p,KCNJ15,,-0.484,0.002
hsa-miR-7-5p,TCF12,,-0.483,0.002
hsa-miR-200a-3p,DCUN1D3,,-0.483,0.002
hsa-miR-363-3p,SLC25A36,MIRT161130,-0.483,0.002
hsa-miR-16-5p,PHACTR4,,-0.483,0.002
hsa-miR-107,SLC45A4,,-0.483,0.002
hsa-miR-363-3p,GALNT7,MIRT093532,-0.483,0.002
hsa-miR-93-5p,ATE1,,-0.483,0.002
hsa-miR-22-3p,ASB14,,-0.483,0.002
hsa-miR-20b-5p,FBXO39,,-0.483,0.002
hsa-miR-20b-5p,NSD3,,-0.483,0.002
hsa-miR-93-5p,LLPH,MIRT443708,-0.483,0.002
hsa-miR-338-3p,MACROD2,,-0.483,0.002
hsa-miR-181d-5p,TGFBR2,,-0.483,0.002
hsa-miR-148a-3p,ATP2B4,,-0.482,0.002
hsa-miR-16-5p,NAPEPLD,,-0.482,0.002
hsa-miR-16-5p,DNAJC16,,-0.482,0.002
hsa-miR-224-5p,CDK9,,-0.482,0.002
hsa-let-7d-5p,BACE2,,-0.482,0.002
hsa-miR-200c-3p,KCNJ15,,-0.482,0.002
hsa-miR-144-3p,SIX4,MIRT571647,-0.482,0.002
hsa-miR-15a-5p,IGF1R,,-0.482,0.002
hsa-miR-363-3p,PCGF3,,-0.482,0.002
hsa-miR-185-5p,PARPBP,,-0.481,0.002
hsa-miR-15a-5p,SMAD5,,-0.481,0.002
hsa-miR-107,PAIP2B,,-0.481,0.002
hsa-miR-455-5p,INPP5K,,-0.481,0.002
hsa-miR-30c-5p,NFATC2,,-0.481,0.002
hsa-miR-20b-5p,DIP2A,,-0.481,0.002
hsa-miR-22-3p,STOX2,,-0.481,0.002
hsa-miR-181b-5p,PLCXD3,,-0.481,0.002
hsa-miR-200a-3p,HNMT,,-0.481,0.002
hsa-miR-107,AJUBA,,-0.481,0.002
hsa-miR-185-5p,FRK,,-0.481,0.002
hsa-miR-200c-3p,CDH6,,-0.481,0.002
hsa-let-7b-5p,BCAT1,MIRT052293,-0.481,0.002
hsa-miR-16-5p,NXPE3,,-0.481,0.002
hsa-miR-24-3p,RRP12,MIRT030475,-0.481,0.002
hsa-miR-30e-5p,MARCHF3,,-0.481,0.002
hsa-miR-378c,PLAGL2,,-0.481,0.002
hsa-miR-20b-5p,ENTPD4,MIRT706127,-0.481,0.002
hsa-miR-93-5p,PAK5,,-0.481,0.002
hsa-miR-93-5p,FBXO21,MIRT727672,-0.48,0.002
hsa-miR-15a-5p,XPO7,,-0.48,0.002
hsa-miR-378c,ANKRD52,,-0.48,0.002
hsa-miR-135a-5p,ANGPTL2,,-0.48,0.002
hsa-miR-16-5p,NUP50,MIRT031641,-0.48,0.002
hsa-miR-195-5p,XKR4,,-0.48,0.002
hsa-miR-16-5p,FRS2,,-0.48,0.002
hsa-miR-15a-5p,FUBP1,,-0.48,0.002
hsa-miR-16-5p,PARD6B,,-0.48,0.002
hsa-miR-452-5p,BTF3L4,,-0.48,0.002
hsa-miR-182-5p,ANTXR2,,-0.479,0.002
hsa-miR-24-3p,RAB15,,-0.479,0.002
hsa-miR-18a-5p,FZD3,,-0.479,0.002
hsa-miR-185-5p,VIPAS39,,-0.479,0.002
hsa-miR-15b-5p,VPS37C,,-0.479,0.002
hsa-miR-363-3p,PHLPP2,MIRT555636,-0.479,0.002
hsa-miR-141-3p,NUMBL,,-0.479,0.002
hsa-miR-20b-5p,TET3,MIRT160022,-0.479,0.002
hsa-miR-16-5p,PDLIM5,MIRT032035,-0.479,0.002
hsa-miR-362-5p,IKZF3,,-0.479,0.002
hsa-miR-181b-5p,NMT2,MIRT727077,-0.479,0.002
hsa-miR-185-5p,TANC2,,-0.479,0.002
hsa-miR-363-3p,SLC4A8,,-0.478,0.003
hsa-miR-181b-5p,RAB3C,,-0.478,0.003
hsa-miR-20b-5p,TRIM44,,-0.478,0.003
hsa-miR-425-5p,EPN2,,-0.478,0.003
hsa-miR-20b-5p,SLC25A36,,-0.478,0.003
hsa-miR-452-5p,SPTLC2,,-0.478,0.003
hsa-miR-454-3p,ERBB4,,-0.478,0.003
hsa-miR-18a-5p,BRWD1,,-0.478,0.003
hsa-miR-452-5p,ZNF148,,-0.478,0.003
hsa-miR-532-3p,FDXR,,-0.478,0.003
hsa-miR-18a-5p,NFAT5,,-0.478,0.003
hsa-miR-362-5p,DCX,,-0.478,0.003
hsa-miR-93-5p,ARHGAP12,MIRT027984,-0.478,0.003
hsa-miR-20b-5p,USP31,,-0.477,0.003
hsa-miR-24-3p,RAB3D,,-0.477,0.003
hsa-miR-144-3p,TNKS2,,-0.477,0.003
hsa-miR-18a-5p,NXT2,,-0.477,0.003
hsa-miR-223-3p,POU2F1,,-0.477,0.003
hsa-miR-18a-5p,SYNCRIP,,-0.477,0.003
hsa-miR-24-3p,ATXN7L3,,-0.477,0.003
hsa-miR-30a-5p,BNC2,,-0.477,0.003
hsa-miR-31-5p,GTDC1,,-0.477,0.003
hsa-miR-106a-5p,NTN4,,-0.477,0.003
hsa-miR-193a-5p,GPR39,,-0.477,0.003
hsa-miR-20b-5p,SYTL4,,-0.476,0.003
hsa-miR-16-5p,SLC4A7,,-0.476,0.003
hsa-miR-106a-5p,CD274,,-0.476,0.003
hsa-miR-106a-5p,C16orf72,,-0.476,0.003
hsa-miR-200a-3p,SAMD8,,-0.476,0.003
hsa-miR-16-5p,CCDC6,,-0.476,0.003
hsa-miR-365a-3p,DCUN1D5,,-0.476,0.003
hsa-miR-365b-3p,DCUN1D5,,-0.476,0.003
hsa-miR-195-5p,SHROOM4,,-0.476,0.003
hsa-miR-16-5p,BICD1,,-0.476,0.003
hsa-miR-363-3p,ABI2,,-0.476,0.003
hsa-miR-20b-5p,NFIB,MIRT472282,-0.475,0.003
hsa-miR-18a-5p,NEDD4,,-0.475,0.003
hsa-miR-106a-5p,RORA,MIRT546699,-0.475,0.003
hsa-miR-193b-3p,MYLK,MIRT016318,-0.475,0.003
hsa-miR-15a-5p,PIAS1,,-0.475,0.003
hsa-miR-15a-5p,KIAA0586,,-0.475,0.003
hsa-miR-18a-5p,ANKRD52,,-0.475,0.003
hsa-miR-363-3p,GOLGA8B,MIRT507118,-0.475,0.003
hsa-miR-182-5p,S1PR1,,-0.475,0.003
hsa-let-7b-5p,LYVE1,,-0.475,0.003
hsa-miR-451a,VPS18,,-0.475,0.003
hsa-miR-10a-5p,NONO,,-0.475,0.003
hsa-miR-132-3p,HHIP,,-0.475,0.003
hsa-miR-324-5p,PSME3,MIRT043211,-0.475,0.003
hsa-miR-501-3p,BCL7A,,-0.475,0.003
hsa-miR-18a-5p,MBOAT2,,-0.474,0.003
hsa-miR-18a-5p,PURB,,-0.474,0.003
hsa-miR-363-3p,BICRAL,,-0.474,0.003
hsa-miR-20b-5p,CERS6,,-0.474,0.003
hsa-miR-20b-5p,PPM1A,,-0.474,0.003
hsa-miR-532-3p,RAN,,-0.474,0.003
hsa-let-7c-5p,FZD4,,-0.474,0.003
hsa-miR-30d-5p,SIM1,,-0.474,0.003
hsa-miR-363-3p,NF1,,-0.474,0.003
hsa-miR-363-3p,LCOR,MIRT536394,-0.474,0.003
hsa-miR-454-3p,MAML3,,-0.473,0.003
hsa-miR-17-5p,RUNDC1,MIRT051031,-0.473,0.003
hsa-miR-15a-5p,GPR174,,-0.473,0.003
hsa-miR-363-3p,DOCK5,,-0.473,0.003
hsa-miR-20b-5p,UBXN2A,MIRT088036,-0.473,0.003
hsa-miR-145-5p,SLITRK6,,-0.473,0.003
hsa-miR-22-3p,MON2,,-0.473,0.003
hsa-miR-378c,C1orf21,,-0.473,0.003
hsa-miR-145-5p,PAFAH1B2,,-0.473,0.003
hsa-miR-22-3p,SLC6A17,,-0.473,0.003
hsa-miR-363-3p,TBX3,,-0.473,0.003
hsa-miR-363-3p,SNX30,,-0.473,0.003
hsa-miR-24-3p,PTPRF,MIRT035527,-0.472,0.003
hsa-miR-139-5p,NEXMIF,,-0.472,0.003
hsa-miR-20b-5p,INTS6,,-0.472,0.003
hsa-miR-429,SAMD8,,-0.472,0.003
hsa-miR-185-5p,PAK6,,-0.472,0.003
hsa-miR-146b-5p,QKI,,-0.472,0.003
hsa-miR-15a-5p,AMMECR1L,,-0.472,0.003
hsa-miR-365a-3p,TRIM24,,-0.472,0.003
hsa-miR-365b-3p,TRIM24,,-0.472,0.003
hsa-miR-20b-5p,CYB561D1,,-0.471,0.003
hsa-miR-30a-5p,TBC1D2B,,-0.471,0.003
hsa-miR-339-5p,LSM14B,,-0.471,0.003
hsa-miR-182-5p,NECTIN3,,-0.471,0.003
hsa-miR-93-5p,CEP57,MIRT247080,-0.471,0.003
hsa-miR-16-5p,PCM1,,-0.471,0.003
hsa-miR-223-3p,SETBP1,,-0.471,0.003
hsa-miR-17-5p,SAR1B,,-0.471,0.003
hsa-miR-16-5p,ZNRF2,MIRT320627,-0.471,0.003
hsa-miR-195-5p,FGF2,MIRT211200,-0.471,0.003
hsa-miR-15a-5p,KDSR,,-0.471,0.003
hsa-miR-93-5p,ENPP5,MIRT548393,-0.47,0.003
hsa-miR-185-5p,SLC22A23,,-0.47,0.003
hsa-miR-30a-5p,TRDN,,-0.47,0.003
hsa-miR-93-5p,CPEB3,,-0.47,0.003
hsa-miR-362-5p,THSD4,,-0.47,0.003
hsa-miR-20b-5p,PCDHA7,,-0.47,0.003
hsa-miR-15a-5p,ZBTB10,MIRT545961,-0.47,0.003
hsa-miR-15a-5p,ASB6,,-0.47,0.003
hsa-miR-31-5p,KIF1C,,-0.47,0.003
hsa-miR-18a-5p,RBBP8,,-0.47,0.003
hsa-miR-24-3p,STC2,,-0.47,0.003
hsa-miR-144-3p,MAP3K2,,-0.47,0.003
hsa-miR-15b-5p,CFAP45,,-0.47,0.003
hsa-miR-185-5p,PADI2,,-0.47,0.003
hsa-miR-24-3p,EDAR,,-0.47,0.003
hsa-miR-7-5p,NUDCD3,MIRT025842,-0.47,0.003
hsa-miR-378c,PDPK1,,-0.47,0.003
hsa-miR-24-3p,NEDD4L,MIRT030590,-0.47,0.003
hsa-miR-24-3p,PNPO,,-0.47,0.003
hsa-let-7d-5p,SLCO5A1,,-0.47,0.003
hsa-miR-145-5p,GJB7,,-0.47,0.003
hsa-miR-15a-5p,ENTPD7,MIRT245003,-0.469,0.003
hsa-miR-135a-5p,FOXN3,,-0.469,0.003
hsa-miR-20b-5p,TTPAL,MIRT153478,-0.469,0.003
hsa-miR-1306-5p,ENSA,,-0.469,0.003
hsa-miR-223-3p,ZNF207,,-0.469,0.003
hsa-miR-185-5p,PTPRA,,-0.469,0.003
hsa-miR-20b-5p,RAPH1,,-0.469,0.003
hsa-miR-15a-5p,CDC37L1,MIRT502950,-0.469,0.003
hsa-miR-15a-5p,MBD1,,-0.469,0.003
hsa-miR-16-5p,TBP,MIRT051286,-0.469,0.003
hsa-miR-93-5p,ESR1,,-0.469,0.003
hsa-miR-20b-5p,GAB1,MIRT164206,-0.469,0.003
hsa-miR-378c,SRSF10,,-0.469,0.003
hsa-miR-20b-5p,LYSMD3,MIRT097654,-0.469,0.003
hsa-miR-15a-5p,KLHDC10,MIRT170136,-0.469,0.003
hsa-miR-22-3p,ESR1,MIRT002474,-0.469,0.003
hsa-miR-30e-5p,DCUN1D3,,-0.469,0.003
hsa-let-7d-5p,SLC30A1,,-0.468,0.003
hsa-miR-24-3p,CLCN3,,-0.468,0.003
hsa-let-7b-5p,VGLL3,,-0.468,0.003
hsa-let-7b-5p,PAX3,MIRT052081,-0.468,0.003
hsa-miR-93-5p,CTDSPL2,,-0.468,0.003
hsa-miR-139-5p,BBX,,-0.468,0.003
hsa-miR-378c,AGO1,,-0.468,0.003
hsa-let-7c-5p,ALPK3,,-0.468,0.003
hsa-miR-215-5p,NCOA3,MIRT024566,-0.468,0.003
hsa-miR-106a-5p,CHIC1,,-0.467,0.003
hsa-miR-24-3p,MMAB,,-0.467,0.003
hsa-miR-223-3p,TBC1D17,,-0.467,0.003
hsa-miR-20b-5p,FRK,,-0.467,0.003
hsa-miR-362-5p,IL17RD,,-0.467,0.003
hsa-miR-425-5p,CREBZF,MIRT368061,-0.467,0.003
hsa-miR-106a-5p,WEE1,MIRT048347,-0.467,0.003
hsa-miR-452-5p,RNF111,,-0.467,0.003
hsa-miR-181a-5p,NMT2,MIRT727078,-0.467,0.003
hsa-miR-200b-3p,SCD,,-0.467,0.003
hsa-miR-15a-5p,PLEKHA5,,-0.467,0.003
hsa-miR-20b-5p,GUCY1A1,,-0.467,0.003
hsa-miR-152-3p,AJUBA,,-0.467,0.003
hsa-miR-31-5p,SATB2,MIRT006567,-0.467,0.003
hsa-miR-16-5p,SRGAP1,,-0.467,0.003
hsa-miR-24-3p,TBC1D22B,,-0.467,0.003
hsa-miR-181b-5p,ERG,,-0.466,0.003
hsa-miR-223-3p,ZFP3,,-0.466,0.003
hsa-miR-20b-5p,AGO3,MIRT524981,-0.466,0.003
hsa-miR-107,DYNLL2,,-0.466,0.004
hsa-miR-24-3p,RNF165,,-0.466,0.004
hsa-miR-107,PAK3,,-0.466,0.004
hsa-miR-107,TARDBP,,-0.466,0.004
hsa-miR-193b-3p,DYRK1A,,-0.466,0.004
hsa-miR-15a-5p,AP3M1,MIRT728330,-0.466,0.004
hsa-miR-24-3p,UCK2,MIRT464501,-0.466,0.004
hsa-miR-106a-5p,ZNF805,MIRT201020,-0.466,0.004
hsa-miR-455-5p,EBF1,,-0.466,0.004
hsa-let-7d-5p,FSTL4,,-0.466,0.004
hsa-miR-185-5p,MTSS2,,-0.466,0.004
hsa-miR-15a-5p,TRAM1,MIRT726238,-0.465,0.004
hsa-miR-106a-5p,FSD1L,,-0.465,0.004
hsa-miR-223-3p,PRR14L,,-0.465,0.004
hsa-miR-24-3p,POMGNT1,,-0.465,0.004
hsa-miR-93-5p,PCMTD1,MIRT726991,-0.465,0.004
hsa-miR-196a-5p,HDAC9,,-0.465,0.004
hsa-miR-144-3p,TET2,,-0.465,0.004
hsa-miR-181d-5p,FSTL1,,-0.465,0.004
hsa-miR-16-5p,TNIK,,-0.465,0.004
hsa-miR-185-5p,CNTD1,,-0.465,0.004
hsa-miR-224-5p,ERI2,,-0.465,0.004
hsa-miR-185-5p,FAM168A,,-0.465,0.004
hsa-miR-186-5p,TMED4,,-0.465,0.004
hsa-miR-425-5p,DNAJC27,,-0.465,0.004
hsa-miR-224-5p,AFF3,,-0.465,0.004
hsa-miR-93-5p,TRIM32,MIRT227327,-0.465,0.004
hsa-miR-425-5p,PHIP,,-0.465,0.004
hsa-miR-15a-5p,PHACTR4,,-0.464,0.004
hsa-miR-378c,PTPRT,,-0.464,0.004
hsa-miR-106a-5p,ZBTB41,,-0.464,0.004
hsa-miR-424-5p,AKAP12,,-0.464,0.004
hsa-miR-20b-5p,NR2C2,MIRT522198,-0.464,0.004
hsa-miR-363-3p,OTUD4,,-0.464,0.004
hsa-miR-17-5p,TUSC2,,-0.464,0.004
hsa-miR-106a-5p,MAP3K2,MIRT473815,-0.464,0.004
hsa-miR-107,ZKSCAN1,,-0.464,0.004
hsa-miR-20b-5p,FRZB,,-0.464,0.004
hsa-miR-148a-3p,MMP15,,-0.464,0.004
hsa-miR-224-5p,INTS8,,-0.464,0.004
hsa-miR-378a-3p,ALS2,,-0.463,0.004
hsa-miR-20b-5p,KMT2A,,-0.463,0.004
hsa-miR-143-3p,EFS,,-0.463,0.004
hsa-miR-20b-5p,ARHGAP26,,-0.463,0.004
hsa-miR-193b-3p,CSRNP3,,-0.463,0.004
hsa-miR-107,DSC1,,-0.463,0.004
hsa-miR-15a-5p,ESRP2,,-0.463,0.004
hsa-miR-93-5p,TMEM231,,-0.463,0.004
hsa-miR-20b-5p,ARMC8,,-0.463,0.004
hsa-miR-145-5p,CLINT1,MIRT000678,-0.463,0.004
hsa-miR-378a-3p,REST,MIRT469370,-0.463,0.004
hsa-miR-20b-5p,ERI1,,-0.463,0.004
hsa-miR-20b-5p,ITGB8,,-0.463,0.004
hsa-miR-20b-5p,FAT2,,-0.463,0.004
hsa-miR-18a-5p,CDK2,,-0.463,0.004
hsa-miR-22-3p,CELF1,,-0.463,0.004
hsa-miR-181d-5p,ACER3,,-0.463,0.004
hsa-miR-7-5p,CACNB4,,-0.463,0.004
hsa-miR-15a-5p,MYLK4,,-0.463,0.004
hsa-miR-338-3p,HNF4G,,-0.463,0.004
hsa-miR-18a-5p,ORC2,,-0.463,0.004
hsa-miR-106a-5p,SAR1B,,-0.463,0.004
hsa-miR-326,PIP5KL1,,-0.463,0.004
hsa-miR-20b-5p,PAFAH1B1,MIRT144989,-0.463,0.004
hsa-miR-363-3p,DUS2,MIRT741800,-0.462,0.004
hsa-miR-15b-5p,CCDC88C,MIRT568147,-0.462,0.004
hsa-miR-363-3p,DCAF10,,-0.462,0.004
hsa-miR-20b-5p,FSD1L,,-0.462,0.004
hsa-miR-16-5p,PDIK1L,MIRT248551,-0.462,0.004
hsa-miR-24-3p,TMEM151B,,-0.462,0.004
hsa-miR-20b-5p,RBL1,,-0.462,0.004
hsa-miR-93-5p,PPP6C,MIRT726869,-0.462,0.004
hsa-miR-182-5p,RGS17,,-0.462,0.004
hsa-miR-20b-5p,SRGAP1,,-0.462,0.004
hsa-miR-144-3p,FMR1,,-0.462,0.004
hsa-miR-16-5p,ZBTB43,,-0.462,0.004
hsa-miR-1306-5p,NPAS4,,-0.462,0.004
hsa-miR-24-3p,MBOAT1,MIRT636840,-0.462,0.004
hsa-miR-185-5p,TBC1D20,,-0.462,0.004
hsa-miR-20b-5p,TBCEL,,-0.462,0.004
hsa-miR-331-3p,PDF,,-0.462,0.004
hsa-miR-135b-5p,PLCXD3,,-0.462,0.004
hsa-miR-144-3p,GRSF1,,-0.462,0.004
hsa-miR-181b-5p,LMO3,,-0.462,0.004
hsa-miR-363-3p,SETD1B,,-0.462,0.004
hsa-miR-18a-5p,VMA21,MIRT109229,-0.461,0.004
hsa-miR-145-5p,STMP1,,-0.461,0.004
hsa-let-7b-5p,TMEM233,,-0.461,0.004
hsa-miR-215-5p,KIF1B,,-0.461,0.004
hsa-miR-145-5p,FBXO45,,-0.461,0.004
hsa-miR-16-5p,ZBTB44,,-0.461,0.004
hsa-miR-24-3p,TOP1,MIRT030382,-0.461,0.004
hsa-miR-193b-3p,ERBB4,,-0.461,0.004
hsa-miR-18a-5p,TWF1,MIRT553232,-0.461,0.004
hsa-miR-326,ELK1,,-0.461,0.004
hsa-miR-363-3p,NUFIP2,MIRT547274,-0.461,0.004
hsa-miR-20b-5p,RGS9BP,,-0.461,0.004
hsa-miR-15a-5p,C16orf72,MIRT075891,-0.461,0.004
hsa-miR-16-5p,C1orf21,MIRT031863,-0.461,0.004
hsa-miR-7-5p,PIAS1,,-0.461,0.004
hsa-miR-7-5p,PCGF5,,-0.461,0.004
hsa-miR-107,ESR1,,-0.461,0.004
hsa-miR-145-5p,MARVELD2,,-0.461,0.004
hsa-miR-106a-5p,ANKRD12,,-0.461,0.004
hsa-miR-16-5p,GOLGA1,,-0.46,0.004
hsa-miR-152-3p,PPP1R3B,,-0.46,0.004
hsa-miR-363-3p,CTNNBIP1,,-0.46,0.004
hsa-miR-20b-5p,PHC3,,-0.46,0.004
hsa-miR-7-5p,DPP8,,-0.46,0.004
hsa-miR-324-5p,HNRNPA3,,-0.46,0.004
hsa-miR-93-5p,LDLRAP1,,-0.46,0.004
hsa-miR-452-5p,PPIP5K2,,-0.46,0.004
hsa-miR-16-5p,ZBTB37,,-0.46,0.004
hsa-miR-106a-5p,RAB21,,-0.46,0.004
hsa-miR-93-5p,CAPN7,,-0.46,0.004
hsa-miR-224-5p,ADAM10,,-0.46,0.004
hsa-miR-106a-5p,MECP2,MIRT556161,-0.46,0.004
hsa-miR-186-5p,SYAP1,,-0.46,0.004
hsa-miR-363-3p,NF2,MIRT087454,-0.46,0.004
hsa-miR-139-5p,WDR26,,-0.46,0.004
hsa-miR-339-5p,BEND3,,-0.46,0.004
hsa-miR-7-5p,IPO11,,-0.46,0.004
hsa-miR-106a-5p,ACAP2,,-0.46,0.004
hsa-miR-20b-5p,FRMD4B,,-0.46,0.004
hsa-miR-193b-3p,ARHGAP19,MIRT016589,-0.46,0.004
hsa-miR-21-5p,RDX,,-0.459,0.004
hsa-miR-106a-5p,TMEM168,,-0.459,0.004
hsa-miR-106a-5p,BRWD1,,-0.459,0.004
hsa-miR-365a-3p,PHF12,,-0.459,0.004
hsa-miR-365b-3p,PHF12,,-0.459,0.004
hsa-miR-378c,ZNF652,,-0.459,0.004
hsa-miR-34c-5p,RRAGD,MIRT521319,-0.459,0.004
hsa-miR-193a-5p,EIF2B2,,-0.459,0.004
hsa-miR-20b-5p,GNA11,,-0.459,0.004
hsa-miR-193b-3p,SRSF6,,-0.459,0.004
hsa-miR-378a-3p,SGCZ,,-0.459,0.004
hsa-miR-378c,DUSP8,,-0.459,0.004
hsa-miR-20b-5p,ABHD2,MIRT073382,-0.459,0.004
hsa-miR-224-5p,RIOK3,,-0.459,0.004
hsa-miR-224-5p,C1orf52,,-0.459,0.004
hsa-miR-20b-5p,SFXN5,,-0.459,0.004
hsa-miR-7-5p,GLI3,,-0.459,0.004
hsa-miR-145-5p,GNB1,,-0.459,0.004
hsa-miR-378c,SYT12,,-0.459,0.004
hsa-miR-24-3p,IFFO2,,-0.459,0.004
hsa-miR-24-3p,COL26A1,,-0.458,0.004
hsa-miR-7-5p,TADA2B,,-0.458,0.004
hsa-miR-7-5p,SEC23IP,,-0.458,0.004
hsa-miR-135b-5p,SETD7,,-0.458,0.004
hsa-miR-139-5p,AP3M1,,-0.458,0.004
hsa-miR-15a-5p,CNKSR3,MIRT558664,-0.458,0.004
hsa-miR-365a-3p,ADAM10,,-0.458,0.004
hsa-miR-365b-3p,ADAM10,,-0.458,0.004
hsa-miR-425-5p,DUSP16,,-0.458,0.004
hsa-miR-423-5p,MYO1D,,-0.458,0.004
hsa-miR-378a-3p,QSER1,,-0.458,0.004
hsa-miR-20b-5p,PALLD,,-0.458,0.004
hsa-miR-15a-5p,TBL1XR1,MIRT726356,-0.458,0.004
hsa-miR-139-5p,CLYBL,,-0.458,0.004
hsa-miR-452-5p,TMEM255A,,-0.458,0.004
hsa-miR-7-5p,SMNDC1,,-0.458,0.004
hsa-miR-107,KIF5A,,-0.458,0.004
hsa-miR-106a-5p,SMAD1,,-0.458,0.004
hsa-miR-106a-5p,FEM1C,MIRT498166,-0.458,0.004
hsa-miR-363-3p,ZDHHC21,MIRT499088,-0.458,0.004
hsa-miR-424-5p,ANO3,,-0.458,0.004
hsa-miR-410-3p,GRIN2B,,-0.458,0.004
hsa-miR-378a-3p,NUFIP2,,-0.457,0.004
hsa-miR-425-5p,SRSF11,,-0.457,0.004
hsa-miR-15a-5p,SOCS5,MIRT302825,-0.457,0.004
hsa-miR-20b-5p,COX20,,-0.457,0.004
hsa-miR-185-5p,SLC35C2,,-0.457,0.004
hsa-miR-326,LRRC20,,-0.457,0.004
hsa-miR-20b-5p,DNAJB9,MIRT102298,-0.457,0.004
hsa-miR-378c,CBX5,,-0.457,0.004
hsa-miR-1306-5p,DYNLL2,,-0.457,0.004
hsa-miR-24-3p,NEMP2,,-0.457,0.004
hsa-miR-378c,ALS2,,-0.457,0.004
hsa-miR-106a-5p,KPNA5,,-0.457,0.004
hsa-miR-363-3p,TTC14,,-0.457,0.004
hsa-miR-135a-5p,FOXN2,,-0.457,0.004
hsa-let-7b-5p,RDX,MIRT032442,-0.457,0.004
hsa-miR-378c,GRIK3,,-0.457,0.004
hsa-miR-20b-5p,SLK,MIRT726497,-0.456,0.004
hsa-miR-454-3p,FBXW11,,-0.456,0.004
hsa-miR-378c,RAB11A,,-0.456,0.004
hsa-miR-18a-5p,JMY,MIRT657094,-0.456,0.004
hsa-let-7d-5p,SRD5A3,,-0.456,0.004
hsa-miR-93-5p,SLC16A9,MIRT437750,-0.456,0.004
hsa-miR-362-5p,FBXO3,,-0.456,0.004
hsa-miR-223-3p,CDYL,,-0.456,0.004
hsa-miR-24-3p,DALRD3,,-0.456,0.004
hsa-miR-16-5p,HELZ,MIRT031728,-0.456,0.004
hsa-miR-16-5p,WNK3,MIRT564986,-0.456,0.004
hsa-miR-139-5p,SCAPER,,-0.456,0.004
hsa-miR-185-5p,BMF,,-0.456,0.004
hsa-miR-107,MCFD2,,-0.456,0.004
hsa-miR-106a-5p,DGKH,,-0.456,0.004
hsa-miR-223-3p,RALGPS2,,-0.456,0.004
hsa-miR-15a-5p,CCDC85C,,-0.456,0.004
hsa-miR-18a-5p,PNISR,MIRT521853,-0.456,0.004
hsa-miR-16-5p,AMMECR1L,,-0.455,0.004
hsa-miR-16-5p,PAFAH1B2,MIRT001434,-0.455,0.004
hsa-miR-15a-5p,MIGA1,MIRT727701,-0.455,0.004
hsa-miR-16-5p,BAG5,,-0.455,0.004
hsa-miR-107,HACD3,,-0.455,0.005
hsa-miR-181c-5p,DMTN,,-0.455,0.005
hsa-miR-24-3p,SHROOM2,,-0.455,0.005
hsa-miR-18a-5p,ZNF618,,-0.455,0.005
hsa-miR-532-3p,DDOST,MIRT750333,-0.455,0.005
hsa-miR-16-5p,KMT2A,MIRT031581,-0.455,0.005
hsa-miR-145-5p,SET,MIRT732467,-0.455,0.005
hsa-miR-195-5p,TACC1,,-0.455,0.005
hsa-miR-362-5p,LARP4B,,-0.454,0.005
hsa-let-7d-5p,PGM2L1,MIRT471270,-0.454,0.005
hsa-miR-17-5p,FAM3C,,-0.454,0.005
hsa-miR-15a-5p,PELI2,,-0.454,0.005
hsa-miR-16-5p,MYEF2,,-0.454,0.005
hsa-miR-22-3p,MPZL3,,-0.454,0.005
hsa-miR-338-3p,ZNF607,,-0.454,0.005
hsa-miR-7-5p,SLC4A5,,-0.454,0.005
hsa-miR-20b-5p,MOSMO,MIRT283182,-0.454,0.005
hsa-miR-106a-5p,AGO3,MIRT524982,-0.454,0.005
hsa-miR-532-3p,CBX1,,-0.454,0.005
hsa-miR-532-3p,TBL2,,-0.454,0.005
hsa-miR-185-5p,SLA2,,-0.454,0.005
hsa-miR-16-5p,GALNT7,MIRT001466,-0.454,0.005
hsa-miR-20b-5p,FAM199X,,-0.454,0.005
hsa-miR-193a-5p,PCDHA4,,-0.454,0.005
hsa-miR-24-3p,CMTM4,MIRT030538,-0.454,0.005
hsa-miR-93-5p,TWF1,MIRT726213,-0.454,0.005
hsa-miR-15a-5p,LRP2,,-0.453,0.005
hsa-miR-30c-5p,HCN1,,-0.453,0.005
hsa-miR-93-5p,FOXJ3,MIRT028051,-0.453,0.005
hsa-miR-18a-5p,TMEM248,,-0.453,0.005
hsa-let-7b-5p,GALNT15,,-0.453,0.005
hsa-miR-652-3p,NXF1,,-0.453,0.005
hsa-miR-193b-3p,SNX22,,-0.453,0.005
hsa-miR-152-3p,MAP4K2,,-0.453,0.005
hsa-miR-148a-3p,SNX3,,-0.453,0.005
hsa-miR-20b-5p,SRSF12,,-0.453,0.005
hsa-miR-16-5p,HECTD4,,-0.453,0.005
hsa-miR-93-5p,TMEM168,MIRT027960,-0.453,0.005
hsa-miR-7-5p,PPIL6,,-0.453,0.005
hsa-miR-135b-5p,SPOCK1,,-0.453,0.005
hsa-miR-200a-3p,SAR1A,,-0.452,0.005
hsa-miR-18a-5p,INO80D,,-0.452,0.005
hsa-miR-34c-5p,PDE3A,,-0.452,0.005
hsa-miR-135b-5p,GUCY1A2,,-0.452,0.005
hsa-miR-106a-5p,LZIC,MIRT506683,-0.452,0.005
hsa-miR-107,HLF,,-0.452,0.005
hsa-miR-20b-5p,NCOA3,MIRT153625,-0.452,0.005
hsa-miR-144-3p,TANC2,,-0.452,0.005
hsa-miR-20b-5p,ZBTB18,MIRT064804,-0.452,0.005
hsa-miR-20b-5p,IKZF4,,-0.452,0.005
hsa-miR-452-5p,KLF12,,-0.452,0.005
hsa-miR-532-3p,UBE2Z,,-0.452,0.005
hsa-miR-20b-5p,PCDHA12,,-0.452,0.005
hsa-miR-20b-5p,FSTL4,,-0.452,0.005
hsa-miR-106a-5p,SLC38A1,,-0.452,0.005
hsa-miR-223-3p,ATP2B1,,-0.451,0.005
hsa-miR-193a-5p,LYRM4,,-0.451,0.005
hsa-miR-16-5p,ZMAT3,MIRT500423,-0.451,0.005
hsa-miR-20b-5p,SLC1A2,,-0.451,0.005
hsa-miR-15a-5p,TTC14,,-0.451,0.005
hsa-miR-326,GOLGA7B,,-0.451,0.005
hsa-miR-501-3p,ADCY2,,-0.451,0.005
hsa-miR-16-5p,WAPL,,-0.451,0.005
hsa-miR-129-5p,VTI1B,,-0.451,0.005
hsa-miR-18a-5p,EXPH5,MIRT732630,-0.451,0.005
hsa-miR-30c-5p,ITGB3,MIRT007133,-0.451,0.005
hsa-miR-34c-5p,ANK2,,-0.451,0.005
hsa-miR-7-5p,SLC25A15,MIRT025968,-0.451,0.005
hsa-miR-362-5p,QSOX1,,-0.451,0.005
hsa-miR-186-5p,MAPK6,,-0.451,0.005
hsa-miR-22-3p,CISH,,-0.451,0.005
hsa-miR-223-3p,CBX5,,-0.451,0.005
hsa-miR-338-3p,PDIK1L,,-0.451,0.005
hsa-miR-532-3p,NPAS4,,-0.45,0.005
hsa-miR-16-5p,WDR47,,-0.45,0.005
hsa-miR-24-3p,PIGV,,-0.45,0.005
hsa-miR-326,NONO,,-0.45,0.005
hsa-let-7d-5p,PARD6B,,-0.45,0.005
hsa-miR-93-5p,SLC39A9,,-0.45,0.005
hsa-miR-29b-3p,ORAI2,,-0.45,0.005
hsa-miR-106a-5p,BMP2K,,-0.45,0.005
hsa-miR-106a-5p,RLIM,MIRT541094,-0.45,0.005
hsa-miR-16-5p,TOGARAM1,,-0.45,0.005
hsa-miR-139-5p,XPO4,,-0.45,0.005
hsa-miR-23b-3p,EGR3,,-0.45,0.005
hsa-miR-181b-5p,ANK1,,-0.45,0.005
hsa-miR-18a-5p,EHMT1,,-0.45,0.005
hsa-miR-378c,IGF1R,,-0.45,0.005
hsa-miR-363-3p,C18orf25,,-0.45,0.005
hsa-miR-24-3p,B3GALT5,,-0.45,0.005
hsa-let-7e-5p,RPUSD2,,-0.449,0.005
hsa-miR-18a-5p,EPHA7,,-0.449,0.005
hsa-miR-143-3p,FAM83G,,-0.449,0.005
hsa-miR-452-5p,SMAD2,,-0.449,0.005
hsa-miR-20b-5p,SLC6A9,,-0.449,0.005
hsa-miR-107,PDIK1L,,-0.449,0.005
hsa-miR-24-3p,CD164L2,,-0.449,0.005
hsa-miR-143-3p,VWA1,,-0.449,0.005
hsa-miR-454-3p,CCDC6,,-0.449,0.005
hsa-miR-93-5p,GRHL2,,-0.449,0.005
hsa-miR-185-5p,SPATA2,MIRT467327,-0.449,0.005
hsa-miR-501-3p,YY1,,-0.449,0.005
hsa-let-7d-5p,ARFGEF3,,-0.449,0.005
hsa-miR-135a-5p,QKI,,-0.448,0.005
hsa-miR-139-5p,BBC3,,-0.448,0.005
hsa-miR-493-5p,CRTAP,,-0.448,0.005
hsa-miR-363-3p,PAPOLA,,-0.448,0.005
hsa-miR-107,MAP2K6,,-0.448,0.005
hsa-miR-363-3p,SEC31B,,-0.448,0.005
hsa-miR-135a-5p,HOXA10,MIRT006793,-0.448,0.005
hsa-miR-15b-5p,FAM110C,,-0.448,0.005
hsa-miR-15a-5p,USP44,,-0.448,0.005
hsa-miR-185-5p,PLEKHG3,,-0.448,0.005
hsa-miR-20b-5p,YOD1,MIRT533093,-0.448,0.005
hsa-miR-186-5p,HNRNPU,MIRT045256,-0.448,0.005
hsa-miR-181b-5p,EPB41L3,,-0.448,0.005
hsa-miR-185-5p,DAB2IP,,-0.448,0.005
hsa-miR-144-3p,TP53INP1,,-0.447,0.005
hsa-miR-93-5p,TMEM123,MIRT726309,-0.447,0.005
hsa-miR-193b-3p,ZNF248,,-0.447,0.006
hsa-miR-326,TNC,,-0.447,0.006
hsa-let-7g-5p,GALNT2,,-0.447,0.006
hsa-miR-106a-5p,RYBP,,-0.447,0.006
hsa-miR-20b-5p,NOL4,,-0.447,0.006
hsa-let-7c-5p,SMIM3,,-0.447,0.006
hsa-miR-15a-5p,ENAH,,-0.447,0.006
hsa-miR-15a-5p,CIAPIN1,,-0.447,0.006
hsa-miR-106a-5p,UBN2,,-0.447,0.006
hsa-miR-24-3p,LIG3,,-0.447,0.006
hsa-miR-378a-3p,TENT4B,,-0.447,0.006
hsa-miR-106a-5p,ABL2,,-0.447,0.006
hsa-miR-106a-5p,LCOR,,-0.446,0.006
hsa-miR-139-5p,KAT6A,,-0.446,0.006
hsa-miR-15a-5p,KMT2A,,-0.446,0.006
hsa-miR-24-3p,SEMA4A,,-0.446,0.006
hsa-miR-365a-3p,MAPK1IP1L,,-0.446,0.006
hsa-miR-365b-3p,MAPK1IP1L,,-0.446,0.006
hsa-miR-93-5p,PHF1,,-0.446,0.006
hsa-miR-17-5p,SLC39A6,,-0.446,0.006
hsa-miR-342-3p,JCAD,,-0.446,0.006
hsa-miR-107,KCNC4,,-0.446,0.006
hsa-miR-20b-5p,PTCHD1,,-0.446,0.006
hsa-miR-378c,WDR37,,-0.446,0.006
hsa-miR-24-3p,PLA2G2C,,-0.446,0.006
hsa-miR-424-5p,TLCD2,,-0.446,0.006
hsa-miR-16-5p,SIAH1,,-0.446,0.006
hsa-miR-378a-3p,ZNF507,,-0.446,0.006
hsa-miR-326,CNBP,,-0.446,0.006
hsa-miR-185-5p,CEMIP,,-0.446,0.006
hsa-miR-363-3p,POLK,,-0.446,0.006
hsa-miR-326,SH3BP4,,-0.446,0.006
hsa-miR-16-5p,HMGXB4,,-0.445,0.006
hsa-let-7c-5p,TMC7,,-0.445,0.006
hsa-miR-378c,COQ10B,,-0.445,0.006
hsa-miR-363-3p,AATK,,-0.445,0.006
hsa-miR-93-5p,MYCL,,-0.445,0.006
hsa-miR-501-3p,SBNO1,,-0.445,0.006
hsa-miR-15a-5p,PAK5,,-0.445,0.006
hsa-miR-143-3p,VMP1,,-0.445,0.006
hsa-miR-501-3p,ABI2,,-0.445,0.006
hsa-miR-185-5p,OSBP2,,-0.445,0.006
hsa-miR-106a-5p,SMIM14,,-0.445,0.006
hsa-miR-107,YTHDC1,MIRT505118,-0.445,0.006
hsa-miR-1306-5p,ETNK2,,-0.445,0.006
hsa-miR-454-3p,TARDBP,,-0.445,0.006
hsa-miR-15b-5p,PIM3,,-0.445,0.006
hsa-miR-186-5p,ZNF710,,-0.445,0.006
hsa-miR-425-5p,GPATCH2L,,-0.445,0.006
hsa-miR-381-3p,DDR2,,-0.445,0.006
hsa-miR-7-5p,PIGH,MIRT025861,-0.445,0.006
hsa-miR-20b-5p,MYO9A,,-0.444,0.006
hsa-miR-132-3p,KCNJ12,,-0.444,0.006
hsa-miR-454-3p,RPS6KA5,MIRT546654,-0.444,0.006
hsa-miR-30c-5p,CCDC71L,MIRT704914,-0.444,0.006
hsa-miR-15a-5p,RUBCNL,,-0.444,0.006
hsa-miR-7-5p,SATB1,,-0.444,0.006
hsa-miR-106a-5p,TMEM50B,,-0.444,0.006
hsa-miR-144-3p,TGFA,,-0.444,0.006
hsa-miR-18a-5p,BBX,,-0.444,0.006
hsa-miR-29b-3p,CDCA4,,-0.444,0.006
hsa-miR-144-3p,KMT2E,,-0.444,0.006
hsa-miR-93-5p,DENND11,MIRT506871,-0.444,0.006
hsa-miR-363-3p,CEP41,,-0.444,0.006
hsa-miR-363-3p,UBE2G1,,-0.444,0.006
hsa-miR-7-5p,ZNF75A,,-0.444,0.006
hsa-miR-16-5p,CLOCK,,-0.444,0.006
hsa-let-7c-5p,CADM2,,-0.443,0.006
hsa-miR-324-5p,ARF3,,-0.443,0.006
hsa-miR-186-5p,PSMD12,,-0.443,0.006
hsa-let-7b-5p,BTG2,MIRT052067,-0.443,0.006
hsa-let-7d-5p,ETNK2,,-0.443,0.006
hsa-miR-22-3p,ZFP91,,-0.443,0.006
hsa-miR-96-5p,NAT8L,,-0.443,0.006
hsa-miR-130a-3p,TSPAN3,MIRT553312,-0.443,0.006
hsa-miR-140-5p,NAA20,,-0.443,0.006
hsa-miR-204-5p,IGF2BP3,,-0.443,0.006
hsa-miR-106a-5p,MRTFB,,-0.443,0.006
hsa-miR-363-3p,ATP7A,,-0.443,0.006
hsa-miR-24-3p,DHX33,,-0.443,0.006
hsa-miR-17-5p,ZBTB18,MIRT064794,-0.443,0.006
hsa-miR-93-5p,PPP6R3,MIRT060498,-0.443,0.006
hsa-miR-107,SF1,,-0.443,0.006
hsa-miR-20b-5p,WDFY3,,-0.443,0.006
hsa-miR-7-5p,GLG1,,-0.443,0.006
hsa-miR-195-5p,STXBP1,,-0.443,0.006
hsa-miR-15a-5p,MINDY2,,-0.443,0.006
hsa-miR-15a-5p,DIAPH1,MIRT737936,-0.443,0.006
hsa-miR-16-5p,ANKIB1,,-0.443,0.006
hsa-miR-24-3p,CBX5,,-0.443,0.006
hsa-miR-326,PCP4L1,,-0.443,0.006
hsa-miR-326,FAM83F,,-0.443,0.006
hsa-miR-24-3p,PSKH1,,-0.442,0.006
hsa-miR-107,ACVR2B,MIRT091841,-0.442,0.006
hsa-miR-15a-5p,BACH2,,-0.442,0.006
hsa-miR-106a-5p,PCNP,,-0.442,0.006
hsa-miR-106a-5p,KIAA0232,MIRT213323,-0.442,0.006
hsa-miR-20b-5p,ZFYVE16,,-0.442,0.006
hsa-miR-106a-5p,SLC25A36,,-0.442,0.006
hsa-miR-93-5p,FRS2,MIRT028121,-0.442,0.006
hsa-miR-16-5p,AREL1,,-0.442,0.006
hsa-miR-223-3p,PHF20L1,,-0.442,0.006
hsa-miR-185-5p,MYO18A,,-0.442,0.006
hsa-miR-106a-5p,ZFYVE16,,-0.442,0.006
hsa-miR-106a-5p,UBE2W,,-0.442,0.006
hsa-miR-542-3p,TLR4,,-0.442,0.006
hsa-miR-22-3p,MTHFD2,,-0.442,0.006
hsa-miR-24-3p,TMEM178B,,-0.442,0.006
hsa-miR-106a-5p,CTDSPL2,,-0.442,0.006
hsa-miR-454-3p,GLRA3,,-0.442,0.006
hsa-let-7b-5p,PLXNA2,,-0.441,0.006
hsa-miR-224-5p,KIF6,,-0.441,0.006
hsa-miR-15b-5p,AMMECR1,,-0.441,0.006
hsa-miR-200a-3p,STX7,,-0.441,0.006
hsa-miR-20b-5p,KIF3B,,-0.441,0.006
hsa-miR-24-3p,NFXL1,,-0.441,0.006
hsa-miR-22-3p,DUSP13,,-0.441,0.006
hsa-miR-106a-5p,ATE1,,-0.441,0.006
hsa-miR-29c-3p,UNC13B,,-0.441,0.006
hsa-miR-378a-3p,ARL10,,-0.441,0.006
hsa-miR-452-5p,ELAVL2,,-0.441,0.006
hsa-miR-486-5p,SORCS1,,-0.441,0.006
hsa-miR-186-5p,CREG2,,-0.441,0.006
hsa-miR-16-5p,MTMR11,,-0.441,0.006
hsa-miR-363-3p,TUB,,-0.441,0.006
hsa-miR-193b-3p,JADE2,,-0.441,0.006
hsa-miR-15b-5p,KIF5C,,-0.441,0.006
hsa-miR-186-5p,GFRA1,,-0.441,0.006
hsa-miR-107,RPS6KA5,,-0.441,0.006
hsa-miR-24-3p,LIMK2,,-0.441,0.006
hsa-miR-107,MYH9,,-0.441,0.006
hsa-miR-144-3p,ZBTB37,,-0.441,0.006
hsa-miR-16-5p,NPEPPS,,-0.441,0.006
hsa-miR-193b-3p,SMIM14,MIRT518284,-0.44,0.006
hsa-miR-30c-5p,LYN,,-0.44,0.006
hsa-miR-224-5p,INO80D,,-0.44,0.006
hsa-miR-144-3p,TBL1XR1,,-0.44,0.006
hsa-miR-17-5p,ARL1,MIRT728313,-0.44,0.006
hsa-miR-33b-5p,PIK3R3,,-0.44,0.006
hsa-miR-22-3p,ARHGEF26,MIRT763955,-0.44,0.006
hsa-miR-19b-3p,KCNS2,,-0.44,0.007
hsa-miR-144-3p,CPEB3,,-0.44,0.007
hsa-miR-224-5p,ZNF507,,-0.44,0.007
hsa-miR-146b-5p,ACER3,,-0.44,0.007
hsa-miR-532-3p,ZNF48,,-0.44,0.007
hsa-miR-106a-5p,KLHL28,MIRT474421,-0.44,0.007
hsa-miR-20b-5p,SACS,MIRT726669,-0.44,0.007
hsa-miR-93-5p,IL1RAP,,-0.44,0.007
hsa-miR-145-5p,UBTF,,-0.44,0.007
hsa-miR-185-5p,DTX3L,,-0.44,0.007
hsa-miR-193a-5p,SLC30A5,,-0.44,0.007
hsa-miR-107,TSPAN5,,-0.44,0.007
hsa-miR-24-3p,GBA2,MIRT476461,-0.439,0.007
hsa-miR-181b-5p,SHE,,-0.439,0.007
hsa-miR-425-5p,PHF12,,-0.439,0.007
hsa-miR-16-5p,TNRC6B,MIRT031862,-0.439,0.007
hsa-miR-338-3p,CADM1,,-0.439,0.007
hsa-miR-20b-5p,UBE2J1,,-0.439,0.007
hsa-miR-135a-5p,ANKRD40,,-0.439,0.007
hsa-miR-139-5p,GTF2A1,,-0.439,0.007
hsa-miR-181b-5p,NRP1,,-0.439,0.007
hsa-miR-15a-5p,RNF24,,-0.439,0.007
hsa-miR-93-5p,NTN4,,-0.439,0.007
hsa-miR-1-3p,DDX5,MIRT002799,-0.439,0.007
hsa-miR-363-3p,AGO3,,-0.439,0.007
hsa-miR-421,CNOT6L,,-0.439,0.007
hsa-miR-363-3p,NFATC2IP,,-0.439,0.007
hsa-miR-365a-3p,PAX2,,-0.439,0.007
hsa-miR-365b-3p,PAX2,,-0.439,0.007
hsa-miR-424-5p,PLXNA2,,-0.439,0.007
hsa-miR-93-5p,GXYLT1,,-0.439,0.007
hsa-miR-223-3p,ZFX,,-0.439,0.007
hsa-miR-15a-5p,CYLD,MIRT727910,-0.438,0.007
hsa-miR-98-5p,RPUSD2,,-0.438,0.007
hsa-miR-31-5p,SYDE1,,-0.438,0.007
hsa-miR-7-5p,NR2C1,,-0.438,0.007
hsa-miR-21-5p,SOX6,,-0.438,0.007
hsa-miR-20b-5p,MYCN,,-0.438,0.007
hsa-miR-326,DNAJB12,,-0.438,0.007
hsa-miR-20b-5p,JPT1,,-0.438,0.007
hsa-miR-16-5p,AHCYL2,MIRT031640,-0.438,0.007
hsa-miR-363-3p,VPS54,,-0.438,0.007
hsa-miR-363-3p,DSC2,,-0.438,0.007
hsa-miR-9-5p,POU6F2,,-0.438,0.007
hsa-miR-145-5p,PSD3,,-0.438,0.007
hsa-miR-15a-5p,STAG1,,-0.438,0.007
hsa-miR-15a-5p,ETV1,,-0.438,0.007
hsa-miR-93-5p,LRATD2,,-0.438,0.007
hsa-miR-200c-3p,PRDM16,,-0.438,0.007
hsa-miR-200c-3p,SAMD8,,-0.438,0.007
hsa-miR-301a-3p,VAPA,,-0.438,0.007
hsa-miR-15a-5p,RAB9A,,-0.438,0.007
hsa-miR-93-5p,TPRG1L,MIRT055021,-0.438,0.007
hsa-miR-106a-5p,EFCAB14,MIRT562427,-0.438,0.007
hsa-miR-193b-3p,STX16,MIRT041539,-0.438,0.007
hsa-miR-16-5p,FAM110C,,-0.438,0.007
hsa-miR-182-5p,CLIC5,,-0.438,0.007
hsa-miR-24-3p,CSK,MIRT030606,-0.437,0.007
hsa-miR-7-5p,PSEN1,,-0.437,0.007
hsa-miR-106a-5p,PKN2,,-0.437,0.007
hsa-miR-501-3p,CBFA2T2,,-0.437,0.007
hsa-miR-106a-5p,G3BP1,,-0.437,0.007
hsa-miR-9-5p,MYO1C,MIRT760919,-0.437,0.007
hsa-miR-362-5p,CHRM3,,-0.437,0.007
hsa-miR-93-5p,PKIA,,-0.437,0.007
hsa-miR-132-3p,SDC2,,-0.437,0.007
hsa-miR-200b-3p,PLPPR4,,-0.437,0.007
hsa-miR-378c,NPAS4,,-0.437,0.007
hsa-miR-24-3p,NEK4,,-0.437,0.007
hsa-miR-181b-5p,FSTL1,,-0.437,0.007
hsa-miR-20b-5p,KPNA5,,-0.437,0.007
hsa-miR-106a-5p,ANKRD13C,,-0.437,0.007
hsa-miR-107,PLEKHA7,,-0.437,0.007
hsa-miR-193b-3p,DIO2,,-0.437,0.007
hsa-miR-223-3p,VHL,,-0.437,0.007
hsa-miR-24-3p,NFASC,,-0.437,0.007
hsa-miR-106a-5p,SLC25A44,MIRT266855,-0.437,0.007
hsa-miR-145-5p,HOXC11,,-0.437,0.007
hsa-miR-326,DRD2,,-0.437,0.007
hsa-miR-425-5p,XPO4,,-0.437,0.007
hsa-miR-15a-5p,PCDHA4,,-0.437,0.007
hsa-miR-96-5p,POU6F2,,-0.436,0.007
hsa-miR-17-5p,PCDHA4,,-0.436,0.007
hsa-miR-378a-3p,MEF2D,,-0.436,0.007
hsa-let-7e-5p,SLC25A4,,-0.436,0.007
hsa-miR-106a-5p,TNRC6C,,-0.436,0.007
hsa-miR-1-3p,CASK,,-0.436,0.007
hsa-miR-145-5p,KPNB1,,-0.436,0.007
hsa-let-7d-5p,RNF7,,-0.436,0.007
hsa-miR-24-3p,WAPL,,-0.436,0.007
hsa-miR-24-3p,RANBP10,,-0.436,0.007
hsa-miR-20b-5p,STAT3,MIRT000497,-0.436,0.007
hsa-miR-24-3p,WNT8B,,-0.436,0.007
hsa-miR-186-5p,FOXK2,,-0.436,0.007
hsa-miR-326,LRP10,,-0.436,0.007
hsa-miR-16-5p,SCN3A,,-0.436,0.007
hsa-miR-20b-5p,MFSD9,,-0.436,0.007
hsa-miR-15a-5p,MSL1,MIRT234342,-0.436,0.007
hsa-let-7e-5p,ETNK2,,-0.436,0.007
hsa-miR-410-3p,PDZD2,,-0.436,0.007
hsa-miR-139-5p,KLHL23,,-0.436,0.007
hsa-miR-100-5p,CYP26B1,,-0.436,0.007
hsa-miR-181b-5p,MTURN,,-0.436,0.007
hsa-miR-7-5p,UBLCP1,,-0.436,0.007
hsa-miR-17-5p,TMEM50B,,-0.436,0.007
hsa-miR-24-3p,GSK3B,,-0.436,0.007
hsa-miR-24-3p,CDC14A,,-0.436,0.007
hsa-miR-223-3p,POLR1C,,-0.435,0.007
hsa-miR-365a-3p,NUCKS1,MIRT542866,-0.435,0.007
hsa-miR-365b-3p,NUCKS1,MIRT542867,-0.435,0.007
hsa-miR-182-5p,PHLDB1,,-0.435,0.007
hsa-miR-186-5p,SLC16A9,,-0.435,0.007
hsa-miR-452-5p,ANKRD10,,-0.435,0.007
hsa-miR-107,SETD1B,MIRT270553,-0.435,0.007
hsa-miR-20b-5p,TRIM71,,-0.435,0.007
hsa-let-7d-5p,SLC30A7,,-0.435,0.007
hsa-miR-15b-5p,GRAMD2A,,-0.435,0.007
hsa-miR-363-3p,MEF2D,,-0.435,0.007
hsa-miR-501-3p,NDRG3,,-0.435,0.007
hsa-miR-24-3p,FREM2,,-0.435,0.007
hsa-miR-30c-5p,CYSLTR1,,-0.435,0.007
hsa-miR-144-3p,CUL3,,-0.435,0.007
hsa-miR-1-3p,PTBP1,MIRT001345,-0.435,0.007
hsa-miR-223-3p,ERO1B,,-0.435,0.007
hsa-miR-200b-3p,PLPP3,,-0.435,0.007
hsa-miR-106b-5p,FAM126B,MIRT440687,-0.435,0.007
hsa-miR-454-3p,RAB5B,MIRT065898,-0.435,0.007
hsa-let-7b-5p,FIGN,MIRT507244,-0.435,0.007
hsa-miR-195-5p,MRAS,,-0.435,0.007
hsa-miR-93-5p,PPM1A,,-0.434,0.007
hsa-miR-421,NCBP3,,-0.434,0.007
hsa-miR-15a-5p,NECTIN1,,-0.434,0.007
hsa-miR-30a-5p,SAMD4A,,-0.434,0.007
hsa-miR-363-3p,NUCKS1,MIRT542864,-0.434,0.007
hsa-miR-1-3p,POGK,MIRT002759,-0.434,0.007
hsa-miR-186-5p,SAMD12,,-0.434,0.007
hsa-miR-363-3p,RSBN1,MIRT505826,-0.434,0.007
hsa-miR-107,PPIG,MIRT506114,-0.434,0.007
hsa-miR-501-3p,TIMM8A,,-0.434,0.007
hsa-miR-532-3p,PTP4A1,,-0.434,0.007
hsa-miR-93-5p,RPS6KA5,MIRT048811,-0.434,0.007
hsa-miR-24-3p,AREL1,,-0.434,0.007
hsa-miR-24-3p,REEP1,,-0.434,0.007
hsa-miR-424-5p,CNKSR2,,-0.434,0.007
hsa-miR-106a-5p,VPS26A,,-0.434,0.007
hsa-miR-15a-5p,YRDC,MIRT552744,-0.434,0.007
hsa-miR-195-5p,KSR1,,-0.434,0.007
hsa-miR-200c-3p,ADIPOR2,,-0.434,0.007
hsa-miR-30e-5p,ELMO1,,-0.434,0.007
hsa-miR-22-3p,FBXL13,,-0.434,0.007
hsa-miR-24-3p,CENPP,,-0.433,0.007
hsa-miR-193b-3p,KCNJ2,,-0.433,0.007
hsa-miR-16-5p,NCKAP1,MIRT566652,-0.433,0.007
hsa-let-7b-5p,HAS2,,-0.433,0.007
hsa-miR-139-5p,KBTBD8,,-0.433,0.007
hsa-miR-193b-3p,TMEM260,,-0.433,0.007
hsa-miR-145-5p,ASPHD2,,-0.433,0.007
hsa-miR-330-3p,KIAA1614,,-0.433,0.007
hsa-miR-24-3p,TGIF2,,-0.433,0.007
hsa-miR-107,DLG5,,-0.433,0.007
hsa-let-7e-5p,IDH2,,-0.433,0.008
hsa-miR-196a-5p,BNC2,,-0.433,0.008
hsa-miR-195-5p,SOX5,,-0.433,0.008
hsa-miR-24-3p,ERBB3,MIRT030589,-0.433,0.008
hsa-miR-93-5p,ZSCAN25,,-0.433,0.008
hsa-miR-200b-3p,SORT1,,-0.433,0.008
hsa-miR-18a-5p,KCND3,,-0.433,0.008
hsa-miR-18a-5p,ALCAM,,-0.433,0.008
hsa-miR-18a-5p,ATM,MIRT006118,-0.433,0.008
hsa-miR-185-5p,LRRC8E,,-0.433,0.008
hsa-miR-195-5p,STK40,,-0.433,0.008
hsa-miR-15a-5p,DENND4A,,-0.432,0.008
hsa-miR-15a-5p,AMER1,MIRT727719,-0.432,0.008
hsa-miR-301a-3p,SKP1,,-0.432,0.008
hsa-miR-17-5p,EIF5B,,-0.432,0.008
hsa-miR-106a-5p,ARID4B,MIRT004028,-0.432,0.008
hsa-miR-24-3p,KIAA1549L,,-0.432,0.008
hsa-miR-185-5p,PAX2,,-0.432,0.008
hsa-miR-378c,CSNK1G1,,-0.432,0.008
hsa-miR-370-5p,MTURN,,-0.432,0.008
hsa-miR-363-3p,NFIB,,-0.432,0.008
hsa-let-7d-5p,LRRC8B,,-0.432,0.008
hsa-miR-181b-5p,CALM1,,-0.432,0.008
hsa-miR-26a-5p,FAM214B,,-0.432,0.008
hsa-miR-491-5p,CHD3,,-0.432,0.008
hsa-miR-7-5p,SSX2IP,,-0.432,0.008
hsa-miR-135b-5p,ARHGAP6,,-0.432,0.008
hsa-miR-16-5p,ACVR2B,,-0.432,0.008
hsa-miR-107,TRIM26,,-0.432,0.008
hsa-miR-196b-5p,SYT9,,-0.432,0.008
hsa-miR-454-3p,MPPED2,,-0.432,0.008
hsa-miR-224-5p,BAZ2A,,-0.432,0.008
hsa-miR-145-5p,SMARCA5,,-0.432,0.008
hsa-miR-29b-3p,DYNLT1,MIRT523962,-0.432,0.008
hsa-miR-378c,REST,MIRT469375,-0.432,0.008
hsa-miR-106a-5p,MFN1,MIRT522509,-0.431,0.008
hsa-miR-145-5p,ACTB,MIRT053374,-0.431,0.008
hsa-miR-145-5p,UGCG,,-0.431,0.008
hsa-miR-18a-5p,UHMK1,,-0.431,0.008
hsa-miR-15b-5p,B4GALT1,MIRT046468,-0.431,0.008
hsa-miR-421,LEF1,,-0.431,0.008
hsa-miR-106a-5p,ARL5A,,-0.431,0.008
hsa-miR-381-3p,TNS3,,-0.431,0.008
hsa-miR-107,ATXN7L1,,-0.431,0.008
hsa-miR-193b-3p,IKZF3,,-0.431,0.008
hsa-miR-7-5p,CAMK2D,MIRT025927,-0.431,0.008
hsa-miR-106a-5p,SYNCRIP,,-0.431,0.008
hsa-miR-326,ZBTB12,,-0.431,0.008
hsa-miR-93-5p,ERO1B,,-0.431,0.008
hsa-miR-93-5p,ERBB3,,-0.431,0.008
hsa-miR-338-3p,MSL2,,-0.431,0.008
hsa-miR-17-5p,FAM177A1,,-0.431,0.008
hsa-miR-17-5p,COX7A2L,,-0.431,0.008
hsa-miR-139-5p,PRKAR2A,,-0.431,0.008
hsa-let-7e-5p,RNF7,,-0.431,0.008
hsa-miR-106a-5p,NPAT,MIRT472054,-0.431,0.008
hsa-miR-195-5p,TNFSF13B,,-0.431,0.008
hsa-miR-181d-5p,FLT1,,-0.43,0.008
hsa-miR-15a-5p,BMPR1A,,-0.43,0.008
hsa-miR-29b-3p,MLLT11,,-0.43,0.008
hsa-miR-107,CAMKK1,,-0.43,0.008
hsa-miR-125a-5p,RCN3,,-0.43,0.008
hsa-let-7d-5p,USP12,,-0.43,0.008
hsa-miR-16-5p,SLC7A2,,-0.43,0.008
hsa-miR-125a-5p,DNAJB1,,-0.43,0.008
hsa-miR-15a-5p,TNIK,,-0.43,0.008
hsa-miR-106a-5p,PHC3,,-0.43,0.008
hsa-miR-193a-5p,ZMYM4,,-0.43,0.008
hsa-miR-152-3p,CNNM2,,-0.43,0.008
hsa-miR-326,ARL8A,,-0.43,0.008
hsa-miR-106a-5p,BNIP2,MIRT507962,-0.43,0.008
hsa-miR-200a-3p,KCTD20,,-0.43,0.008
hsa-miR-378c,MAPK1,,-0.43,0.008
hsa-miR-107,KIF5C,,-0.43,0.008
hsa-miR-362-5p,SERAC1,,-0.43,0.008
hsa-miR-363-3p,MIER3,,-0.43,0.008
hsa-miR-130b-3p,NPNT,,-0.43,0.008
hsa-miR-370-5p,PDE3B,,-0.43,0.008
hsa-miR-223-3p,EMSY,,-0.43,0.008
hsa-miR-142-5p,TNRC6C,,-0.43,0.008
hsa-miR-532-3p,NUDT3,,-0.43,0.008
hsa-miR-24-3p,WNK2,,-0.429,0.008
hsa-miR-223-3p,EYA3,,-0.429,0.008
hsa-miR-221-3p,MAPK10,MIRT053727,-0.429,0.008
hsa-miR-421,SNAP25,,-0.429,0.008
hsa-miR-335-5p,PSD3,,-0.429,0.008
hsa-miR-339-5p,ZBED4,,-0.429,0.008
hsa-miR-18a-5p,CDK14,,-0.429,0.008
hsa-miR-215-5p,RICTOR,,-0.429,0.008
hsa-miR-17-5p,HMGB3,MIRT493617,-0.429,0.008
hsa-miR-16-5p,GNA13,,-0.429,0.008
hsa-miR-223-3p,PKNOX1,,-0.429,0.008
hsa-miR-224-5p,PANX1,,-0.429,0.008
hsa-miR-24-3p,KMT5C,,-0.429,0.008
hsa-miR-15a-5p,GAN,,-0.429,0.008
hsa-miR-106a-5p,SLK,,-0.429,0.008
hsa-miR-140-5p,ENTPD5,,-0.428,0.008
hsa-miR-186-5p,SYT6,,-0.428,0.008
hsa-miR-20b-5p,MAP3K2,MIRT473812,-0.428,0.008
hsa-miR-378c,MAPK1IP1L,,-0.428,0.008
hsa-miR-107,MAPKBP1,,-0.428,0.008
hsa-miR-107,KYAT3,,-0.428,0.008
hsa-miR-132-3p,ZEB2,,-0.428,0.008
hsa-miR-16-5p,IPPK,MIRT031925,-0.428,0.008
hsa-miR-532-3p,CNBP,,-0.428,0.008
hsa-miR-144-3p,FNDC3A,MIRT068846,-0.428,0.008
hsa-let-7a-5p,GIPC1,,-0.428,0.008
hsa-let-7d-5p,SAMD12,,-0.428,0.008
hsa-miR-15a-5p,TMEM161B,MIRT553565,-0.428,0.008
hsa-miR-20b-5p,ATXN1,MIRT549257,-0.428,0.008
hsa-let-7d-5p,TRPM6,,-0.428,0.008
hsa-miR-93-5p,SOWAHC,MIRT028113,-0.428,0.008
hsa-miR-106a-5p,SPTY2D1,,-0.428,0.008
hsa-miR-362-5p,ARL4A,,-0.428,0.008
hsa-miR-20b-5p,TNFAIP1,MIRT145035,-0.428,0.008
hsa-miR-144-3p,VANGL1,,-0.428,0.008
hsa-miR-106a-5p,BTBD7,,-0.427,0.008
hsa-miR-7-5p,RBBP4,,-0.427,0.008
hsa-miR-24-3p,LAMB3,,-0.427,0.008
hsa-miR-93-5p,LYPD6,,-0.427,0.008
hsa-miR-24-3p,PRKRIP1,,-0.427,0.008
hsa-miR-107,BCLAF3,,-0.427,0.008
hsa-miR-139-5p,ZBTB10,,-0.427,0.008
hsa-miR-223-3p,ZC3H6,,-0.427,0.008
hsa-miR-339-5p,HNRNPA1,MIRT042762,-0.427,0.008
hsa-miR-106a-5p,TP53INP1,MIRT448395,-0.427,0.009
hsa-miR-24-3p,ABCB9,MIRT733625,-0.427,0.009
hsa-miR-363-3p,KIF3B,,-0.427,0.009
hsa-miR-148b-3p,USP6,,-0.427,0.009
hsa-miR-20b-5p,DNM2,,-0.427,0.009
hsa-miR-18a-5p,NUFIP2,,-0.427,0.009
hsa-miR-139-5p,ELAVL2,,-0.427,0.009
hsa-miR-107,GALNT7,,-0.427,0.009
hsa-miR-139-5p,TPM3,,-0.427,0.009
hsa-miR-106a-5p,CACUL1,,-0.427,0.009
hsa-let-7b-5p,SOX6,,-0.427,0.009
hsa-miR-18a-5p,GTF2A1,,-0.427,0.009
hsa-miR-338-3p,CTBP2,,-0.427,0.009
hsa-miR-20b-5p,TRPM3,,-0.427,0.009
hsa-miR-106a-5p,GAB1,,-0.427,0.009
hsa-miR-107,TPD52,,-0.427,0.009
hsa-miR-107,HNRNPA2B1,MIRT562206,-0.427,0.009
hsa-miR-15a-5p,ATP10B,,-0.426,0.009
hsa-miR-93-5p,CDC23,,-0.426,0.009
hsa-miR-106a-5p,CEP97,MIRT513991,-0.426,0.009
hsa-miR-20b-5p,TBC1D2,,-0.426,0.009
hsa-miR-23b-3p,KLF10,MIRT474686,-0.426,0.009
hsa-miR-7-5p,PRMT2,,-0.426,0.009
hsa-miR-18a-5p,CACNB3,,-0.426,0.009
hsa-miR-93-5p,TMED8,,-0.426,0.009
hsa-miR-326,CBX6,,-0.426,0.009
hsa-miR-15a-5p,KPNA5,,-0.426,0.009
hsa-miR-342-3p,TBX15,,-0.426,0.009
hsa-miR-21-5p,CADM2,,-0.426,0.009
hsa-miR-128-3p,THAP11,,-0.426,0.009
hsa-miR-145-5p,CAPRIN1,,-0.426,0.009
hsa-miR-193a-5p,RSPO4,,-0.426,0.009
hsa-miR-532-3p,ZBTB7C,,-0.426,0.009
hsa-miR-16-5p,SRPK1,MIRT031711,-0.426,0.009
hsa-miR-16-5p,ZBTB33,MIRT175525,-0.426,0.009
hsa-miR-16-5p,ACVR2A,MIRT000536,-0.426,0.009
hsa-miR-18a-5p,MTF1,,-0.426,0.009
hsa-miR-29b-3p,EIF4E2,,-0.426,0.009
hsa-miR-106a-5p,FZD3,,-0.426,0.009
hsa-miR-324-5p,VDAC1,,-0.426,0.009
hsa-miR-22-3p,IFFO2,,-0.426,0.009
hsa-miR-93-5p,C9orf64,,-0.426,0.009
hsa-let-7c-5p,CPM,,-0.425,0.009
hsa-miR-15a-5p,MAP2K6,,-0.425,0.009
hsa-miR-20b-5p,HMBOX1,MIRT322533,-0.425,0.009
hsa-miR-106a-5p,NAPEPLD,,-0.425,0.009
hsa-miR-7-5p,PIK3CB,MIRT025952,-0.425,0.009
hsa-miR-98-5p,CANT1,MIRT027486,-0.425,0.009
hsa-miR-452-5p,DCUN1D1,,-0.425,0.009
hsa-miR-193b-3p,NUFIP2,MIRT727058,-0.425,0.009
hsa-miR-18a-5p,BRWD3,,-0.425,0.009
hsa-miR-185-5p,HIC2,,-0.425,0.009
hsa-miR-182-5p,PTGER3,,-0.425,0.009
hsa-miR-30e-5p,SAMD4A,,-0.425,0.009
hsa-miR-378c,TOLLIP,,-0.425,0.009
hsa-miR-106a-5p,REPS2,,-0.425,0.009
hsa-miR-29b-3p,VPS37C,,-0.425,0.009
hsa-miR-107,C1orf226,,-0.425,0.009
hsa-miR-193a-5p,XK,,-0.425,0.009
hsa-miR-106a-5p,TBCEL,,-0.425,0.009
hsa-miR-106a-5p,MTF1,MIRT048354,-0.425,0.009
hsa-miR-363-3p,APPL1,,-0.425,0.009
hsa-miR-24-3p,MED22,MIRT030376,-0.425,0.009
hsa-miR-185-5p,TOX3,,-0.425,0.009
hsa-miR-7-5p,RAB4A,,-0.424,0.009
hsa-let-7d-5p,OLR1,,-0.424,0.009
hsa-miR-29b-3p,BLMH,,-0.424,0.009
hsa-miR-152-3p,HIF1AN,,-0.424,0.009
hsa-let-7e-5p,CACFD1,,-0.424,0.009
hsa-miR-29b-3p,KIAA1549,,-0.424,0.009
hsa-miR-326,POLR2F,,-0.424,0.009
hsa-let-7c-5p,CYP19A1,,-0.424,0.009
hsa-miR-25-3p,DBT,,-0.424,0.009
hsa-miR-107,SLC35A3,,-0.424,0.009
hsa-miR-106a-5p,FAM3C,,-0.424,0.009
hsa-miR-16-5p,ESRRG,,-0.424,0.009
hsa-miR-181b-5p,STXBP6,,-0.424,0.009
hsa-miR-15a-5p,RNF152,,-0.424,0.009
hsa-miR-106a-5p,LLPH,MIRT443715,-0.424,0.009
hsa-miR-20b-5p,CAPN15,MIRT115786,-0.424,0.009
hsa-miR-486-5p,AAK1,,-0.424,0.009
hsa-miR-1271-5p,GFRA1,,-0.424,0.009
hsa-miR-378a-3p,SCN5A,,-0.424,0.009
hsa-miR-22-3p,TRPM7,,-0.424,0.009
hsa-miR-132-3p,GTDC1,,-0.424,0.009
hsa-miR-141-3p,TMEM135,,-0.424,0.009
hsa-miR-181a-5p,JAZF1,,-0.424,0.009
hsa-miR-185-5p,MSI1,,-0.424,0.009
hsa-miR-139-5p,KIF5C,,-0.424,0.009
hsa-miR-182-5p,HECW2,,-0.424,0.009
hsa-miR-145-5p,NAA50,,-0.424,0.009
hsa-miR-424-5p,ADRB2,,-0.424,0.009
hsa-miR-20b-5p,MRTFB,,-0.423,0.009
hsa-miR-17-5p,EIF2S1,MIRT070838,-0.423,0.009
hsa-miR-7-5p,NREP,MIRT561843,-0.423,0.009
hsa-miR-16-5p,ATP10B,,-0.423,0.009
hsa-miR-144-3p,MGAT4A,,-0.423,0.009
hsa-miR-107,CPEB3,MIRT567974,-0.423,0.009
hsa-miR-20b-5p,AGFG2,MIRT169682,-0.423,0.009
hsa-miR-106a-5p,CREB1,MIRT205048,-0.423,0.009
hsa-miR-107,MFN1,,-0.423,0.009
hsa-miR-107,ARIH2,,-0.423,0.009
hsa-miR-145-5p,POGK,,-0.423,0.009
hsa-let-7b-5p,CYP19A1,,-0.423,0.009
hsa-miR-16-5p,ZNRF3,MIRT031450,-0.423,0.009
hsa-miR-16-5p,ABI2,,-0.423,0.009
hsa-miR-106a-5p,TNKS2,MIRT057386,-0.423,0.009
hsa-miR-15a-5p,A1CF,,-0.423,0.009
hsa-miR-15b-5p,ESRRA,,-0.423,0.009
hsa-miR-152-3p,DLG2,,-0.422,0.009
hsa-let-7c-5p,GALNT15,,-0.422,0.009
hsa-miR-25-3p,PAX5,,-0.422,0.009
hsa-miR-106b-5p,TP53INP1,MIRT448392,-0.422,0.009
hsa-miR-532-3p,H1-0,,-0.422,0.009
hsa-miR-363-3p,SYT1,,-0.422,0.009
hsa-miR-31-5p,NR5A2,,-0.422,0.009
hsa-miR-93-5p,APPL1,,-0.422,0.009
hsa-miR-106a-5p,RSBN1,,-0.422,0.009
hsa-miR-107,RBBP6,MIRT501408,-0.422,0.009
hsa-miR-185-5p,MINAR1,,-0.422,0.009
hsa-miR-98-5p,AP1S1,MIRT481848,-0.422,0.01
hsa-miR-106a-5p,EMSY,MIRT503078,-0.422,0.01
hsa-miR-185-5p,GPAT4,,-0.422,0.01
hsa-miR-424-5p,CYP26B1,MIRT558507,-0.422,0.01
hsa-miR-7-5p,FXR1,MIRT161895,-0.422,0.01
hsa-miR-107,MIGA1,,-0.422,0.01
hsa-miR-454-3p,UXS1,,-0.422,0.01
hsa-miR-16-5p,PLXNB1,,-0.422,0.01
hsa-miR-145-5p,MAPK4,,-0.422,0.01
hsa-let-7d-5p,ACP3,,-0.421,0.01
hsa-miR-24-3p,FBXW4,,-0.421,0.01
hsa-miR-145-5p,RTKN,MIRT021499,-0.421,0.01
hsa-miR-20b-5p,KIF1B,,-0.421,0.01
hsa-miR-501-3p,ARIH1,,-0.421,0.01
hsa-miR-182-5p,FRMD4A,,-0.421,0.01
hsa-miR-93-5p,GPD2,,-0.421,0.01
hsa-miR-107,ZC3H12B,,-0.421,0.01
hsa-miR-20b-5p,DNAL1,MIRT704165,-0.421,0.01
hsa-miR-181b-5p,ITSN1,,-0.421,0.01
hsa-miR-16-5p,SPTLC1,MIRT001411,-0.421,0.01
hsa-miR-24-3p,KHNYN,MIRT030433,-0.421,0.01
hsa-let-7d-5p,KCNC3,,-0.421,0.01
hsa-miR-452-5p,LIN7C,,-0.421,0.01
hsa-let-7c-5p,CFL2,,-0.421,0.01
hsa-miR-17-5p,LAMP1,,-0.421,0.01
hsa-miR-24-3p,OSBP,,-0.421,0.01
hsa-miR-338-3p,CHTOP,,-0.421,0.01
hsa-miR-1306-5p,STC2,,-0.421,0.01
hsa-miR-16-5p,TMEM154,MIRT051094,-0.421,0.01
hsa-miR-15b-5p,RAB35,,-0.421,0.01
hsa-miR-152-3p,SMAD5,,-0.421,0.01
hsa-miR-195-5p,GABARAPL1,MIRT247370,-0.421,0.01
hsa-miR-93-5p,SMAD5,MIRT095201,-0.421,0.01
hsa-miR-29b-3p,DIO2,,-0.421,0.01
hsa-miR-24-3p,FERMT1,,-0.42,0.01
hsa-miR-145-5p,CLEC16A,,-0.42,0.01
hsa-miR-363-3p,ITPRID2,MIRT086364,-0.42,0.01
hsa-miR-106a-5p,NFAT5,MIRT144300,-0.42,0.01
hsa-miR-17-5p,SERP1,,-0.42,0.01
hsa-miR-181b-5p,TGFBR2,,-0.42,0.01
hsa-miR-378c,DENND2B,,-0.42,0.01
hsa-let-7b-5p,CERT1,,-0.42,0.01
hsa-miR-326,BCAS3,MIRT790278,-0.42,0.01
hsa-miR-452-5p,FBXO11,,-0.42,0.01
hsa-miR-1-3p,NDRG3,,-0.42,0.01
hsa-miR-16-5p,PHKG2,,-0.42,0.01
hsa-miR-93-5p,MYNN,,-0.42,0.01
hsa-miR-378c,CBX3,,-0.42,0.01
hsa-miR-29b-3p,RTKN2,,-0.42,0.01
hsa-miR-362-5p,ATMIN,,-0.42,0.01
hsa-miR-363-3p,CDK5R1,MIRT250942,-0.42,0.01
hsa-miR-378c,TMCO1,,-0.42,0.01
hsa-miR-181b-5p,CYP26B1,,-0.42,0.01
hsa-miR-185-5p,MYLK,,-0.42,0.01
hsa-miR-144-3p,TRIM44,,-0.42,0.01
hsa-miR-223-3p,KIAA1755,,-0.42,0.01
hsa-miR-708-5p,BCAM,,-0.42,0.01
hsa-miR-24-3p,APBA1,,-0.419,0.01
hsa-miR-421,KDM5A,,-0.419,0.01
hsa-miR-19b-3p,PGK1,MIRT726963,-0.419,0.01
hsa-miR-93-5p,WNK3,MIRT448320,-0.419,0.01
hsa-miR-193b-3p,INO80D,MIRT498447,-0.419,0.01
hsa-miR-452-5p,MATR3,,-0.419,0.01
hsa-miR-106a-5p,ZNF148,,-0.419,0.01
hsa-miR-30e-5p,JAM2,,-0.419,0.01
hsa-miR-145-5p,RBM3,,-0.419,0.01
hsa-miR-96-5p,TNFAIP8,,-0.419,0.01
hsa-miR-363-3p,ASXL2,,-0.419,0.01
hsa-miR-17-5p,SYAP1,,-0.419,0.01
hsa-miR-18a-5p,TRIM2,,-0.419,0.01
hsa-miR-18a-5p,AEBP2,,-0.419,0.01
hsa-miR-15b-5p,ZDHHC14,,-0.419,0.01
hsa-miR-15a-5p,SOS2,,-0.419,0.01
hsa-miR-93-5p,GNB5,MIRT696198,-0.419,0.01
hsa-miR-20b-5p,XRN1,,-0.419,0.01
hsa-miR-193b-3p,MOCS2,,-0.419,0.01
hsa-miR-148b-3p,MOSMO,,-0.419,0.01
hsa-miR-24-3p,AVL9,MIRT639575,-0.419,0.01
hsa-miR-107,NECTIN1,,-0.419,0.01
hsa-miR-181d-5p,CACNA2D1,,-0.419,0.01
hsa-miR-7-5p,CDKL1,,-0.419,0.01
hsa-miR-152-3p,SRSF11,,-0.419,0.01
hsa-miR-15a-5p,WDFY2,,-0.418,0.01
hsa-miR-24-3p,NUDT3,,-0.418,0.01
hsa-miR-24-3p,CSNK1G1,,-0.418,0.01
hsa-miR-181a-5p,CALM1,,-0.418,0.01
hsa-miR-20b-5p,SLC30A1,MIRT485096,-0.418,0.01
hsa-miR-532-3p,PAFAH1B2,,-0.418,0.01
hsa-miR-320b,SLC28A3,,-0.418,0.01
hsa-miR-7-5p,BICRA,,-0.418,0.01
hsa-miR-93-5p,UEVLD,,-0.418,0.01
hsa-miR-326,DLG3,,-0.418,0.01
hsa-miR-93-5p,ZNF652,MIRT484882,-0.418,0.01
hsa-miR-15b-5p,KCTD1,,-0.418,0.01
hsa-miR-193a-5p,HOXA1,,-0.418,0.01
hsa-miR-16-5p,AGO1,,-0.418,0.01
hsa-miR-140-5p,LMNB1,,-0.418,0.01
hsa-miR-326,AAMP,,-0.418,0.01
hsa-miR-497-5p,ATP10B,,-0.418,0.01
hsa-miR-93-5p,LDLRAD3,,-0.418,0.01
hsa-let-7c-5p,MGLL,,-0.418,0.01
hsa-miR-15a-5p,SLC10A7,,-0.418,0.01
hsa-miR-20b-5p,NFAT5,MIRT144311,-0.418,0.01
hsa-miR-146b-5p,CNTFR,,-0.418,0.01
hsa-miR-17-5p,FAM102A,MIRT727731,-0.418,0.01
hsa-let-7d-5p,CHUK,,-0.418,0.01
hsa-miR-16-5p,DCTN5,MIRT142238,-0.418,0.01
hsa-miR-186-5p,RILPL1,,-0.418,0.01
hsa-miR-20b-5p,SCD5,,-0.418,0.01
hsa-miR-93-5p,DYRK1A,,-0.418,0.01
hsa-miR-23a-3p,SGIP1,,-0.418,0.01
hsa-miR-15a-5p,TNPO1,,-0.417,0.01
hsa-miR-17-5p,HSPA8,MIRT475478,-0.417,0.01
hsa-miR-140-5p,SLC39A9,,-0.417,0.01
hsa-miR-34c-5p,MRAS,,-0.417,0.01
hsa-miR-454-3p,INO80,,-0.417,0.01
hsa-miR-421,SRSF10,,-0.417,0.01
hsa-miR-421,XIAP,MIRT175554,-0.417,0.01
hsa-miR-205-5p,VTI1B,,-0.417,0.01
hsa-miR-145-5p,PODXL,MIRT021537,-0.417,0.01
hsa-miR-93-5p,ZNF805,MIRT028005,-0.417,0.01
hsa-miR-16-5p,JADE2,,-0.417,0.01
hsa-miR-107,PURB,MIRT546887,-0.417,0.01
hsa-miR-15a-5p,FBXW7,,-0.417,0.01
hsa-miR-26a-5p,PDE4D,,-0.417,0.01
hsa-miR-107,PRKAB2,,-0.417,0.01
hsa-miR-107,PNISR,MIRT547071,-0.417,0.01
hsa-miR-16-5p,LUZP1,MIRT001445,-0.417,0.011
hsa-miR-93-5p,MBTPS1,,-0.417,0.011
hsa-miR-186-5p,TSPYL1,,-0.417,0.011
hsa-miR-16-5p,SEMA6D,,-0.417,0.011
hsa-miR-30e-5p,FAM124A,,-0.417,0.011
hsa-miR-363-3p,TNRC6B,,-0.417,0.011
hsa-miR-423-5p,GRM4,,-0.417,0.011
hsa-miR-107,COPZ1,,-0.417,0.011
hsa-miR-429,SOX6,,-0.417,0.011
hsa-miR-186-5p,MPLKIP,,-0.417,0.011
hsa-miR-10a-5p,BCL2L11,MIRT084600,-0.416,0.011
hsa-miR-193a-5p,MTUS2,,-0.416,0.011
hsa-miR-16-5p,KLHDC10,MIRT170137,-0.416,0.011
hsa-miR-185-5p,MAPK14,,-0.416,0.011
hsa-miR-7-5p,BACE1,,-0.416,0.011
hsa-miR-93-5p,MED17,MIRT061182,-0.416,0.011
hsa-let-7d-5p,PRLR,,-0.416,0.011
hsa-miR-378c,ABI2,,-0.416,0.011
hsa-miR-24-3p,SIAH3,,-0.416,0.011
hsa-miR-15a-5p,SRPRA,MIRT500936,-0.416,0.011
hsa-miR-16-5p,LPP,,-0.416,0.011
hsa-miR-106a-5p,ZBTB18,MIRT064799,-0.416,0.011
hsa-miR-185-5p,PSMD11,,-0.416,0.011
hsa-miR-363-3p,NAA50,,-0.416,0.011
hsa-miR-335-5p,ZBTB8B,,-0.416,0.011
hsa-miR-103a-3p,NUDCD2,,-0.416,0.011
hsa-miR-424-5p,PID1,,-0.416,0.011
hsa-miR-7-5p,BMPR2,MIRT025637,-0.416,0.011
hsa-miR-15a-5p,KIF5C,,-0.416,0.011
hsa-miR-182-5p,NOVA2,,-0.416,0.011
hsa-let-7b-5p,CRTAP,,-0.416,0.011
hsa-miR-363-3p,GRHL1,,-0.416,0.011
hsa-miR-532-3p,NFIC,,-0.416,0.011
hsa-miR-24-3p,ZNF572,,-0.416,0.011
hsa-miR-139-5p,CSRNP2,,-0.415,0.011
hsa-miR-193a-5p,CLK3,,-0.415,0.011
hsa-miR-501-3p,AMOTL1,,-0.415,0.011
hsa-miR-16-5p,UBFD1,MIRT032064,-0.415,0.011
hsa-miR-185-5p,KLF7,,-0.415,0.011
hsa-miR-186-5p,HNRNPUL2,,-0.415,0.011
hsa-miR-9-5p,TMEM170B,,-0.415,0.011
hsa-miR-15a-5p,CPD,,-0.415,0.011
hsa-miR-106a-5p,RNF217,,-0.415,0.011
hsa-miR-193b-3p,ENTPD1,,-0.415,0.011
hsa-miR-106a-5p,PPP2CA,,-0.415,0.011
hsa-miR-15b-5p,ENAH,,-0.415,0.011
hsa-let-7d-5p,LEPROTL1,,-0.415,0.011
hsa-let-7d-5p,CASP3,,-0.415,0.011
hsa-miR-16-5p,DCAF5,,-0.415,0.011
hsa-miR-24-3p,ABI2,,-0.415,0.011
hsa-miR-93-5p,SMIM14,,-0.415,0.011
hsa-miR-532-3p,APP,MIRT037918,-0.415,0.011
hsa-miR-326,RELA,,-0.415,0.011
hsa-miR-93-5p,NEDD4L,,-0.415,0.011
hsa-miR-145-5p,ATXN7L3,,-0.415,0.011
hsa-miR-143-3p,SLC39A11,,-0.414,0.011
hsa-miR-17-5p,SLC33A1,,-0.414,0.011
hsa-miR-106a-5p,HP1BP3,,-0.414,0.011
hsa-miR-15a-5p,DMTF1,MIRT002946,-0.414,0.011
hsa-miR-107,KIAA1958,,-0.414,0.011
hsa-miR-362-5p,RLIM,,-0.414,0.011
hsa-miR-1306-5p,DIAPH1,MIRT659003,-0.414,0.011
hsa-miR-493-3p,ACAA2,,-0.414,0.011
hsa-miR-24-3p,CCDC134,,-0.414,0.011
hsa-miR-107,MSI2,,-0.414,0.011
hsa-miR-224-5p,RERE,,-0.414,0.011
hsa-miR-20b-5p,TUSC2,,-0.414,0.011
hsa-miR-106a-5p,FAM199X,,-0.414,0.011
hsa-miR-106b-5p,MOSMO,MIRT283178,-0.414,0.011
hsa-miR-222-3p,MAPK10,,-0.414,0.011
hsa-miR-144-3p,PYGO1,,-0.414,0.011
hsa-miR-106a-5p,PARP6,,-0.414,0.011
hsa-miR-106a-5p,REST,MIRT213205,-0.414,0.011
hsa-miR-18a-5p,CBX5,,-0.414,0.011
hsa-miR-107,ZNF711,,-0.414,0.011
hsa-miR-20b-5p,ELAVL2,MIRT537741,-0.414,0.011
hsa-miR-363-3p,SMIM14,,-0.413,0.011
hsa-miR-20b-5p,NIBAN1,MIRT507370,-0.413,0.011
hsa-miR-107,PNN,,-0.413,0.011
hsa-let-7d-5p,PAX2,,-0.413,0.011
hsa-let-7e-5p,BEGAIN,,-0.413,0.011
hsa-miR-7-5p,SEMA6D,MIRT565782,-0.413,0.011
hsa-miR-16-5p,ONECUT2,MIRT031575,-0.413,0.011
hsa-miR-93-5p,BCL2L11,MIRT004572,-0.413,0.011
hsa-miR-454-3p,RALGPS2,,-0.413,0.011
hsa-let-7d-5p,SKIL,,-0.413,0.011
hsa-miR-93-5p,RABEP1,MIRT726803,-0.413,0.011
hsa-miR-107,BCAT2,,-0.413,0.011
hsa-miR-425-5p,VEZF1,,-0.413,0.011
hsa-miR-15a-5p,CHPT1,,-0.413,0.012
hsa-miR-29b-3p,HNRNPF,,-0.413,0.012
hsa-miR-20b-5p,L3MBTL3,,-0.413,0.012
hsa-miR-16-5p,GLS2,MIRT734798,-0.413,0.012
hsa-miR-15a-5p,E2F3,MIRT099631,-0.413,0.012
hsa-miR-15a-5p,RRAGA,,-0.413,0.012
hsa-miR-106a-5p,ARHGAP12,MIRT549326,-0.413,0.012
hsa-miR-22-3p,ZNF706,,-0.412,0.012
hsa-miR-365a-3p,RSF1,,-0.412,0.012
hsa-miR-339-5p,CENPP,,-0.412,0.012
hsa-miR-365b-3p,RSF1,,-0.412,0.012
hsa-miR-326,SYS1,,-0.412,0.012
hsa-let-7e-5p,AGAP1,,-0.412,0.012
hsa-miR-15a-5p,UBE2W,,-0.412,0.012
hsa-miR-186-5p,OCLN,,-0.412,0.012
hsa-miR-181a-5p,ITSN1,,-0.412,0.012
hsa-miR-532-3p,MCAT,,-0.412,0.012
hsa-let-7d-5p,CLDN12,MIRT260706,-0.412,0.012
hsa-miR-22-3p,KCNK12,,-0.412,0.012
hsa-miR-152-3p,HSPA4L,,-0.412,0.012
hsa-miR-20b-5p,TNRC6B,MIRT158583,-0.412,0.012
hsa-miR-16-5p,GPR174,,-0.412,0.012
hsa-let-7b-5p,ANKRD33B,,-0.412,0.012
hsa-miR-363-3p,OSER1,,-0.412,0.012
hsa-let-7d-5p,RIMKLA,,-0.412,0.012
hsa-miR-20b-5p,PLEKHA8,,-0.412,0.012
hsa-miR-187-3p,GTDC1,,-0.412,0.012
hsa-miR-15a-5p,CYB561D1,,-0.412,0.012
hsa-miR-107,VSNL1,,-0.412,0.012
hsa-miR-18a-5p,JAKMIP3,,-0.412,0.012
hsa-miR-93-5p,KPNA5,,-0.412,0.012
hsa-miR-185-5p,MAT2A,,-0.412,0.012
hsa-miR-15a-5p,RAB9B,MIRT000804,-0.412,0.012
hsa-miR-16-5p,ETV1,,-0.412,0.012
hsa-miR-29b-3p,MAPRE1,,-0.412,0.012
hsa-miR-193a-3p,B4GALNT3,,-0.412,0.012
hsa-miR-193b-3p,SNX27,,-0.412,0.012
hsa-miR-223-3p,FPGT-TNNI3K,,-0.411,0.012
hsa-miR-15a-5p,SGSM2,,-0.411,0.012
hsa-miR-7-5p,USP9X,,-0.411,0.012
hsa-miR-20b-5p,PCDHA9,,-0.411,0.012
hsa-let-7d-5p,AAK1,,-0.411,0.012
hsa-miR-106a-5p,NCKAP5,,-0.411,0.012
hsa-miR-17-5p,TVP23B,,-0.411,0.012
hsa-miR-106a-5p,KLHL15,,-0.411,0.012
hsa-miR-93-5p,HP1BP3,,-0.411,0.012
hsa-miR-145-5p,MYO6,MIRT000457,-0.411,0.012
hsa-miR-30a-5p,SAMD8,,-0.411,0.012
hsa-let-7e-5p,RBM38,,-0.411,0.012
hsa-miR-106a-5p,CSNK1G1,,-0.411,0.012
hsa-miR-106a-5p,FRS2,MIRT557762,-0.411,0.012
hsa-miR-193b-3p,CDK17,MIRT041319,-0.411,0.012
hsa-miR-93-5p,DNAJC27,MIRT727873,-0.411,0.012
hsa-miR-29a-3p,UNC13B,,-0.41,0.012
hsa-miR-107,PRPF38B,,-0.41,0.012
hsa-miR-454-3p,KMT5B,,-0.41,0.012
hsa-miR-18a-5p,UBTD2,MIRT031344,-0.41,0.012
hsa-miR-454-3p,ACBD3,,-0.41,0.012
hsa-miR-22-3p,LRCH1,,-0.41,0.012
hsa-miR-93-5p,YES1,,-0.41,0.012
hsa-miR-106b-5p,AAK1,MIRT441317,-0.41,0.012
hsa-let-7d-5p,CPEB4,,-0.41,0.012
hsa-miR-20a-5p,SMOC2,,-0.41,0.012
hsa-miR-146b-5p,SAMD8,,-0.41,0.012
hsa-miR-18a-5p,UBP1,,-0.41,0.012
hsa-miR-223-3p,GTPBP8,,-0.41,0.012
hsa-miR-24-3p,VXN,,-0.41,0.012
hsa-miR-93-5p,ZNF148,MIRT028179,-0.41,0.012
hsa-miR-15b-5p,WEE1,MIRT247097,-0.41,0.012
hsa-miR-22-3p,C5orf24,MIRT030656,-0.41,0.012
hsa-miR-326,ZDHHC9,,-0.41,0.012
hsa-miR-22-3p,PDZD4,,-0.41,0.012
hsa-miR-15b-5p,FHDC1,,-0.41,0.012
hsa-miR-186-5p,PSPC1,,-0.41,0.012
hsa-miR-195-5p,CNTNAP1,,-0.41,0.012
hsa-miR-454-3p,CENPO,,-0.41,0.012
hsa-miR-421,NPFFR1,,-0.41,0.012
hsa-miR-15a-5p,UBL3,,-0.41,0.012
hsa-miR-20b-5p,TNRC6C,,-0.41,0.012
hsa-miR-7-5p,IGF1R,MIRT005364,-0.409,0.012
hsa-miR-93-5p,SAR1B,,-0.409,0.012
hsa-miR-493-5p,SV2B,,-0.409,0.012
hsa-miR-615-3p,SMARCE1,,-0.409,0.012
hsa-miR-24-3p,BET1L,,-0.409,0.012
hsa-miR-15a-5p,AHCYL2,,-0.409,0.012
hsa-miR-16-5p,PIP4P1,MIRT031583,-0.409,0.012
hsa-miR-15a-5p,DENND6A,MIRT737935,-0.409,0.012
hsa-miR-152-3p,MRPS25,,-0.409,0.012
hsa-miR-107,GALNTL6,,-0.409,0.012
hsa-miR-16-5p,SEL1L3,,-0.409,0.012
hsa-miR-29b-3p,LRPAP1,,-0.409,0.012
hsa-miR-200a-3p,SOX17,,-0.409,0.012
hsa-miR-501-3p,UCHL5,,-0.409,0.012
hsa-miR-150-5p,SKP1,,-0.409,0.012
hsa-miR-491-5p,CNN2,,-0.409,0.012
hsa-miR-107,BTRC,,-0.409,0.013
hsa-miR-30d-5p,MARK1,,-0.409,0.013
hsa-miR-139-5p,LMO4,,-0.409,0.013
hsa-miR-193b-3p,RSF1,MIRT016606,-0.409,0.013
hsa-miR-24-3p,GPR61,,-0.408,0.013
hsa-miR-16-5p,FBXL20,MIRT548276,-0.408,0.013
hsa-miR-107,BDNF,,-0.408,0.013
hsa-miR-15b-5p,TIMELESS,,-0.408,0.013
hsa-miR-363-3p,SRPRA,,-0.408,0.013
hsa-let-7d-5p,DNAL1,MIRT548564,-0.408,0.013
hsa-miR-16-5p,MYB,MIRT004637,-0.408,0.013
hsa-miR-30e-5p,BNC2,,-0.408,0.013
hsa-miR-193b-3p,ARHGEF12,,-0.408,0.013
hsa-miR-93-5p,ZNF70,MIRT484869,-0.408,0.013
hsa-miR-223-3p,TNRC6B,,-0.408,0.013
hsa-miR-15b-5p,UBQLNL,,-0.408,0.013
hsa-miR-93-5p,SRPK2,,-0.408,0.013
hsa-miR-324-5p,APP,,-0.408,0.013
hsa-miR-29b-3p,NASP,MIRT006251,-0.408,0.013
hsa-miR-136-5p,TAL1,,-0.408,0.013
hsa-miR-144-3p,ZBTB20,MIRT498027,-0.408,0.013
hsa-miR-93-5p,ZBTB44,,-0.408,0.013
hsa-miR-15b-5p,TMEM154,,-0.408,0.013
hsa-miR-454-3p,PAN3,,-0.408,0.013
hsa-miR-93-5p,CSRNP3,,-0.408,0.013
hsa-miR-106a-5p,MKLN1,,-0.408,0.013
hsa-let-7e-5p,XKRX,,-0.408,0.013
hsa-miR-7-5p,HERPUD2,,-0.408,0.013
hsa-miR-106b-5p,HOOK3,MIRT244592,-0.408,0.013
hsa-miR-454-3p,PHF12,MIRT039249,-0.408,0.013
hsa-miR-24-3p,PHLPP2,,-0.407,0.013
hsa-let-7d-5p,ATP2A2,,-0.407,0.013
hsa-miR-15a-5p,LRIG1,,-0.407,0.013
hsa-miR-18a-5p,FGF1,,-0.407,0.013
hsa-miR-193b-3p,PRR14L,,-0.407,0.013
hsa-miR-24-3p,RGP1,,-0.407,0.013
hsa-miR-107,SRSF10,,-0.407,0.013
hsa-miR-223-3p,NAA50,,-0.407,0.013
hsa-miR-16-5p,UBXN10,,-0.407,0.013
hsa-miR-15b-5p,ZYX,,-0.407,0.013
hsa-miR-186-5p,SUMO2,MIRT045212,-0.407,0.013
hsa-miR-378c,RCC2,MIRT712242,-0.407,0.013
hsa-miR-1306-5p,RIMKLA,MIRT720134,-0.407,0.013
hsa-miR-363-3p,PCDH11X,,-0.407,0.013
hsa-miR-16-5p,IPO7,MIRT031844,-0.407,0.013
hsa-miR-223-3p,RAB10,,-0.407,0.013
hsa-miR-106a-5p,YOD1,MIRT533095,-0.407,0.013
hsa-miR-326,CDH3,,-0.407,0.013
hsa-miR-423-5p,RASAL2,,-0.407,0.013
hsa-miR-17-5p,JPT1,MIRT050989,-0.407,0.013
hsa-miR-326,KRT80,,-0.407,0.013
hsa-miR-18a-5p,KDM2A,,-0.407,0.013
hsa-miR-301a-3p,UBE2W,,-0.407,0.013
hsa-miR-24-3p,FRK,,-0.407,0.013
hsa-miR-10a-5p,TMEM183A,,-0.407,0.013
hsa-let-7e-5p,KCNJ11,,-0.407,0.013
hsa-miR-7-5p,ONECUT2,,-0.407,0.013
hsa-miR-193a-5p,G6PC3,,-0.407,0.013
hsa-miR-7-5p,RCC2,MIRT025685,-0.407,0.013
hsa-miR-30d-5p,STX2,,-0.407,0.013
hsa-miR-107,ELP1,,-0.406,0.013
hsa-miR-107,IRF2BP2,,-0.406,0.013
hsa-miR-339-5p,PODXL,,-0.406,0.013
hsa-miR-144-3p,SENP7,,-0.406,0.013
hsa-miR-106a-5p,RAPGEF5,,-0.406,0.013
hsa-miR-215-5p,ASXL2,,-0.406,0.013
hsa-miR-20b-5p,CDCA3,,-0.406,0.013
hsa-miR-204-5p,SPARC,MIRT024972,-0.406,0.013
hsa-let-7d-5p,TOR1AIP2,,-0.406,0.013
hsa-miR-185-5p,PCDHA10,,-0.406,0.013
hsa-miR-15b-5p,MACC1,,-0.406,0.013
hsa-miR-106b-5p,PURA,MIRT007004,-0.406,0.013
hsa-let-7d-5p,DNAJB9,,-0.406,0.013
hsa-miR-139-5p,ANKRD13C,,-0.406,0.013
hsa-miR-142-5p,SMAD5,,-0.406,0.013
hsa-miR-301a-3p,TMEM50B,,-0.406,0.013
hsa-let-7d-5p,PARP8,,-0.406,0.013
hsa-let-7d-5p,SLC1A4,,-0.406,0.013
hsa-miR-363-3p,ATXN1,,-0.406,0.013
hsa-miR-760,PXMP4,,-0.406,0.013
hsa-let-7e-5p,GIPC1,,-0.406,0.013
hsa-miR-652-3p,CAPZB,MIRT688819,-0.406,0.013
hsa-miR-18a-5p,CDK19,MIRT006818,-0.406,0.013
hsa-let-7d-5p,DNAJC10,,-0.405,0.013
hsa-miR-16-5p,TRPM3,,-0.405,0.013
hsa-miR-93-5p,ZBTB43,,-0.405,0.013
hsa-miR-363-3p,VPS4B,MIRT546041,-0.405,0.013
hsa-miR-15a-5p,PHKG2,,-0.405,0.013
hsa-miR-338-3p,RNF114,,-0.405,0.013
hsa-miR-486-5p,IL23R,,-0.405,0.013
hsa-miR-34c-5p,RRAGC,,-0.405,0.013
hsa-miR-362-5p,AP5M1,,-0.405,0.013
hsa-miR-20b-5p,TPRG1L,MIRT055027,-0.405,0.013
hsa-miR-16-5p,SALL4,,-0.405,0.013
hsa-miR-24-3p,NCBP3,,-0.405,0.013
hsa-miR-532-3p,HNRNPU,,-0.405,0.013
hsa-miR-106a-5p,CRIPT,,-0.405,0.013
hsa-miR-24-3p,ACVR1B,MIRT003830,-0.405,0.013
hsa-miR-143-3p,PNPO,MIRT720169,-0.405,0.013
hsa-miR-19b-3p,PIK3R3,MIRT726938,-0.405,0.013
hsa-miR-141-3p,KATNAL1,,-0.405,0.013
hsa-miR-106a-5p,CERS6,,-0.405,0.013
hsa-miR-195-5p,GPC6,,-0.405,0.013
hsa-miR-381-3p,SLC4A4,,-0.405,0.013
hsa-miR-93-5p,MTMR3,MIRT157586,-0.405,0.013
hsa-miR-30b-5p,SERPINE1,MIRT054139,-0.405,0.013
hsa-miR-301a-3p,SRSF2,MIRT571618,-0.405,0.013
hsa-miR-378a-3p,NXPE3,,-0.405,0.013
hsa-miR-424-5p,PLXNA4,,-0.405,0.013
hsa-miR-20b-5p,GALNT10,,-0.405,0.013
hsa-miR-190a-5p,TRPS1,,-0.405,0.013
hsa-miR-362-5p,LRP6,,-0.405,0.013
hsa-let-7e-5p,ZNF652,MIRT051578,-0.405,0.014
hsa-miR-335-5p,UBE2G1,,-0.404,0.014
hsa-miR-106a-5p,HS2ST1,,-0.404,0.014
hsa-miR-223-3p,WASL,MIRT520210,-0.404,0.014
hsa-miR-338-3p,MRRF,,-0.404,0.014
hsa-let-7d-5p,EIF4G2,MIRT032105,-0.404,0.014
hsa-miR-106a-5p,SPRED1,MIRT280992,-0.404,0.014
hsa-miR-106a-5p,MYLIP,MIRT001838,-0.404,0.014
hsa-miR-136-5p,WASF3,,-0.404,0.014
hsa-miR-15b-5p,MNT,,-0.404,0.014
hsa-miR-326,NGFR,,-0.404,0.014
hsa-miR-139-5p,PAX2,,-0.404,0.014
hsa-let-7b-5p,GNS,,-0.404,0.014
hsa-miR-24-3p,AQR,,-0.404,0.014
hsa-miR-421,PTAR1,,-0.404,0.014
hsa-miR-223-3p,RUBCNL,,-0.404,0.014
hsa-miR-15a-5p,SLC39A10,,-0.403,0.014
hsa-miR-107,DCUN1D5,,-0.403,0.014
hsa-miR-181a-5p,JCAD,MIRT025102,-0.403,0.014
hsa-miR-107,PACSIN1,,-0.403,0.014
hsa-miR-93-5p,MARCHF6,MIRT506618,-0.403,0.014
hsa-miR-16-5p,TRAM1,MIRT726236,-0.403,0.014
hsa-miR-135b-5p,ILRUN,,-0.403,0.014
hsa-let-7d-5p,ERGIC2,,-0.403,0.014
hsa-miR-362-5p,CYLD,MIRT053602,-0.403,0.014
hsa-miR-15a-5p,PCDHA11,,-0.403,0.014
hsa-miR-93-5p,CCNT2,,-0.403,0.014
hsa-miR-106b-5p,ZBTB21,,-0.403,0.014
hsa-miR-16-5p,GIGYF1,,-0.403,0.014
hsa-miR-106b-5p,PKN2,,-0.403,0.014
hsa-miR-25-3p,FAM76B,,-0.403,0.014
hsa-miR-106a-5p,NRIP3,MIRT442764,-0.403,0.014
hsa-miR-363-3p,TMCC1,,-0.403,0.014
hsa-miR-17-5p,DERL2,,-0.403,0.014
hsa-miR-24-3p,RIMS2,,-0.403,0.014
hsa-miR-17-5p,SMIM14,,-0.403,0.014
hsa-miR-107,MIB1,,-0.403,0.014
hsa-miR-193b-3p,SLC35D1,,-0.403,0.014
hsa-miR-107,GRAMD2A,,-0.403,0.014
hsa-miR-20b-5p,ANKRD12,MIRT148878,-0.403,0.014
hsa-miR-107,MAPK8,,-0.403,0.014
hsa-miR-181c-5p,ETS1,MIRT613089,-0.403,0.014
hsa-miR-193a-3p,ABCB8,,-0.402,0.014
hsa-miR-106b-5p,UBN2,,-0.402,0.014
hsa-miR-93-5p,CEP128,,-0.402,0.014
hsa-miR-106a-5p,FNDC3A,,-0.402,0.014
hsa-miR-107,FAM81A,,-0.402,0.014
hsa-miR-195-5p,QKI,,-0.402,0.014
hsa-miR-326,CHRM1,,-0.402,0.014
hsa-miR-24-3p,MAPKBP1,,-0.402,0.014
hsa-miR-362-5p,PPP2CA,,-0.402,0.014
hsa-miR-16-5p,CDC42SE2,MIRT256306,-0.402,0.014
hsa-miR-17-5p,BAHD1,,-0.402,0.014
hsa-miR-7-5p,KPNA6,MIRT562055,-0.402,0.014
hsa-miR-17-5p,TIMM17A,MIRT112088,-0.402,0.014
hsa-miR-200b-3p,AP1S2,,-0.402,0.014
hsa-miR-491-5p,ERN1,,-0.402,0.014
hsa-miR-542-3p,PRCD,,-0.402,0.014
hsa-miR-106a-5p,ITGB8,,-0.402,0.014
hsa-miR-93-5p,SUCO,MIRT027954,-0.402,0.014
hsa-miR-195-5p,DSEL,,-0.402,0.014
hsa-miR-20b-5p,PLEKHA3,,-0.402,0.014
hsa-miR-93-5p,ARL5A,,-0.402,0.014
hsa-miR-224-5p,EIF5,,-0.402,0.014
hsa-miR-20b-5p,DGKH,,-0.402,0.014
hsa-miR-454-3p,ENPP5,MIRT548401,-0.402,0.014
hsa-miR-200b-3p,ROBO2,,-0.402,0.014
hsa-miR-140-5p,ZNF652,MIRT504999,-0.402,0.014
hsa-miR-148b-3p,DCUN1D4,,-0.402,0.014
hsa-miR-424-5p,ACACB,,-0.402,0.014
hsa-miR-7-5p,TIMM50,MIRT025669,-0.402,0.014
hsa-miR-16-5p,ZBTB20,,-0.402,0.014
hsa-miR-501-3p,STK24,,-0.402,0.014
hsa-miR-7-5p,IRS1,MIRT003807,-0.401,0.014
hsa-miR-23a-3p,KPNA5,,-0.401,0.014
hsa-miR-185-5p,CNKSR3,,-0.401,0.014
hsa-miR-181d-5p,PARM1,,-0.401,0.014
hsa-miR-152-3p,ARHGEF17,,-0.401,0.014
hsa-miR-185-5p,TMC5,,-0.401,0.014
hsa-miR-324-5p,METAP2,MIRT067589,-0.401,0.014
hsa-miR-107,GPR12,,-0.401,0.014
hsa-miR-452-5p,DYRK2,,-0.401,0.014
hsa-miR-140-5p,AARS1,,-0.401,0.014
hsa-miR-381-3p,PFKFB3,,-0.401,0.014
hsa-miR-25-3p,DNAJC27,,-0.401,0.015
hsa-miR-107,GNPNAT1,,-0.401,0.015
hsa-miR-326,CNN1,,-0.401,0.015
hsa-miR-378c,PSD3,,-0.401,0.015
hsa-miR-16-5p,MBD1,,-0.401,0.015
hsa-miR-20b-5p,PKN2,,-0.401,0.015
hsa-miR-454-3p,PHF20,,-0.401,0.015
hsa-miR-16-5p,MAP3K21,,-0.401,0.015
hsa-miR-24-3p,UBE2K,MIRT256046,-0.401,0.015
hsa-miR-148a-3p,BCL2L2,,-0.401,0.015
hsa-miR-186-5p,DSN1,,-0.401,0.015
hsa-miR-7-5p,MED12L,,-0.401,0.015
hsa-miR-193b-3p,SLF2,,-0.401,0.015
hsa-miR-106a-5p,YES1,,-0.401,0.015
hsa-miR-30c-5p,GRIN2A,,-0.401,0.015
hsa-miR-106b-5p,SMAD5,MIRT095203,-0.401,0.015
hsa-miR-106a-5p,UEVLD,,-0.4,0.015
hsa-miR-150-5p,SHISA4,,-0.4,0.015
hsa-miR-338-3p,LUC7L2,,-0.4,0.015
hsa-miR-24-3p,SNX27,,-0.4,0.015
hsa-miR-18a-5p,RASA2,,-0.4,0.015
hsa-miR-454-3p,EOGT,MIRT477365,-0.4,0.015
hsa-miR-363-3p,TENT2,,-0.4,0.015
hsa-miR-15a-5p,CDC6,,-0.4,0.015
hsa-miR-378c,BMP8A,,-0.4,0.015
hsa-miR-144-3p,ZNF507,,-0.4,0.015
hsa-miR-144-3p,CEP43,,-0.4,0.015
hsa-let-7b-5p,DCUN1D3,,-0.4,0.015
hsa-miR-93-5p,ZFP3,,-0.4,0.015
hsa-miR-93-5p,TMUB2,,-0.4,0.015
hsa-let-7e-5p,FSTL4,,-0.4,0.015
hsa-miR-93-5p,ATG14,MIRT727368,-0.4,0.015
hsa-miR-106a-5p,WIPF2,MIRT552864,-0.4,0.015
hsa-miR-381-3p,LAMA4,,-0.4,0.015
hsa-miR-106a-5p,ARAP2,,-0.4,0.015
hsa-miR-107,ARHGAP19,,-0.4,0.015
hsa-miR-551b-3p,ERBB4,,-0.4,0.015
hsa-miR-106a-5p,WNK3,MIRT448319,-0.4,0.015
hsa-miR-328-3p,GBA,,-0.4,0.015
hsa-miR-501-3p,BCLAF3,,-0.4,0.015
hsa-miR-24-3p,RSBN1L,,-0.399,0.015
hsa-miR-93-5p,BRMS1L,MIRT138112,-0.399,0.015
hsa-miR-7-5p,ERBB4,,-0.399,0.015
hsa-miR-107,HMGN2,,-0.399,0.015
hsa-miR-17-5p,LYPD6,,-0.399,0.015
hsa-miR-93-5p,WIPF2,MIRT552865,-0.399,0.015
hsa-miR-24-3p,CCNI2,,-0.399,0.015
hsa-miR-152-3p,MDM4,,-0.399,0.015
hsa-miR-93-5p,CDC40,,-0.399,0.015
hsa-miR-93-5p,MAGOHB,,-0.399,0.015
hsa-miR-93-5p,USP3,MIRT072568,-0.399,0.015
hsa-miR-22-3p,MAT2A,,-0.399,0.015
hsa-miR-362-5p,PSMA4,,-0.399,0.015
hsa-miR-877-5p,KRAS,MIRT502087,-0.399,0.015
hsa-miR-145-5p,ADAM17,MIRT007275,-0.399,0.015
hsa-let-7c-5p,PARM1,,-0.399,0.015
hsa-miR-24-3p,ZBTB44,,-0.399,0.015
hsa-miR-365a-3p,LPAR5,,-0.399,0.015
hsa-miR-365b-3p,LPAR5,,-0.399,0.015
hsa-miR-144-3p,H2AZ2,,-0.398,0.015
hsa-miR-24-3p,TRIM71,,-0.398,0.015
hsa-miR-93-5p,PSEN1,,-0.398,0.015
hsa-miR-185-5p,FSTL4,,-0.398,0.015
hsa-miR-193a-3p,DIO2,,-0.398,0.015
hsa-miR-195-5p,SNCG,MIRT738636,-0.398,0.015
hsa-miR-378c,DYRK1A,,-0.398,0.015
hsa-miR-378a-3p,SLC2A14,,-0.398,0.015
hsa-miR-17-5p,LRATD2,,-0.398,0.015
hsa-miR-107,RAB1B,MIRT004695,-0.398,0.015
hsa-miR-18a-5p,CTDSPL,MIRT031350,-0.398,0.015
hsa-miR-145-5p,MPLKIP,,-0.398,0.015
hsa-miR-193b-3p,FAM168B,,-0.398,0.015
hsa-miR-421,NUFIP2,,-0.398,0.015
hsa-miR-378c,DSCAM,,-0.398,0.015
hsa-miR-106a-5p,CCNT2,,-0.398,0.015
hsa-miR-491-5p,TCF7,,-0.398,0.016
hsa-miR-29b-3p,MXD1,MIRT303363,-0.398,0.016
hsa-miR-454-3p,DENND1A,,-0.398,0.016
hsa-miR-106a-5p,PCDHA9,,-0.398,0.016
hsa-miR-501-3p,ZNF496,,-0.398,0.016
hsa-miR-15a-5p,PCDHA5,,-0.397,0.016
hsa-miR-93-5p,NAPEPLD,,-0.397,0.016
hsa-miR-15a-5p,SHOC2,MIRT055421,-0.397,0.016
hsa-miR-16-5p,BDNF,MIRT437463,-0.397,0.016
hsa-miR-7-5p,RETREG2,,-0.397,0.016
hsa-miR-421,RORA,,-0.397,0.016
hsa-miR-98-5p,ZNF282,,-0.397,0.016
hsa-miR-363-3p,TENT4B,,-0.397,0.016
hsa-miR-491-5p,RNF207,,-0.397,0.016
hsa-let-7b-5p,ATPAF1,,-0.397,0.016
hsa-miR-26a-5p,DCUN1D3,,-0.397,0.016
hsa-miR-106a-5p,INTS6,,-0.397,0.016
hsa-miR-301a-3p,TMEM9B,,-0.397,0.016
hsa-miR-107,TFCP2L1,,-0.397,0.016
hsa-miR-15a-5p,ARL10,,-0.397,0.016
hsa-miR-378c,PDIK1L,,-0.397,0.016
hsa-miR-93-5p,CNNM2,,-0.397,0.016
hsa-miR-152-3p,TNRC6C,,-0.397,0.016
hsa-miR-152-3p,TANC1,,-0.397,0.016
hsa-miR-338-3p,N4BP2L1,,-0.397,0.016
hsa-let-7c-5p,IGF1,,-0.397,0.016
hsa-miR-125a-5p,LOXL1,,-0.397,0.016
hsa-miR-152-3p,DHRS13,,-0.397,0.016
hsa-miR-378c,ZKSCAN1,,-0.397,0.016
hsa-miR-15b-5p,MMP24,,-0.396,0.016
hsa-miR-362-5p,DENND6A,,-0.396,0.016
hsa-miR-532-3p,TMED10,,-0.396,0.016
hsa-miR-17-5p,PAFAH1B2,,-0.396,0.016
hsa-miR-107,LRIG2,,-0.396,0.016
hsa-miR-326,EPHB3,MIRT626270,-0.396,0.016
hsa-miR-501-3p,RPRD1B,,-0.396,0.016
hsa-miR-93-5p,C6orf62,MIRT048769,-0.396,0.016
hsa-miR-93-5p,PHF6,MIRT175645,-0.396,0.016
hsa-let-7d-5p,PDZD8,MIRT555717,-0.396,0.016
hsa-miR-15a-5p,LDLRAD4,,-0.396,0.016
hsa-miR-24-3p,NSD2,,-0.396,0.016
hsa-miR-25-3p,MRS2,,-0.396,0.016
hsa-miR-30c-5p,STAC,,-0.396,0.016
hsa-miR-130a-3p,TSPAN18,,-0.396,0.016
hsa-miR-501-3p,ZRANB2,,-0.396,0.016
hsa-miR-195-5p,ARPP21,,-0.396,0.016
hsa-miR-17-5p,SFMBT1,,-0.396,0.016
hsa-miR-363-3p,ZNF451,,-0.396,0.016
hsa-miR-501-3p,TMEM248,,-0.396,0.016
hsa-miR-186-5p,RAB11A,MIRT021133,-0.396,0.016
hsa-miR-152-3p,DDX6,MIRT478216,-0.395,0.016
hsa-miR-199b-3p,TSPAN3,MIRT553305,-0.395,0.016
hsa-miR-107,EML5,,-0.395,0.016
hsa-miR-15a-5p,PCDHA6,,-0.395,0.016
hsa-miR-107,VAMP8,,-0.395,0.016
hsa-miR-152-3p,WDR20,,-0.395,0.016
hsa-miR-107,ABI2,,-0.395,0.016
hsa-miR-195-5p,ZNF423,,-0.395,0.016
hsa-miR-31-5p,MGAT1,,-0.395,0.016
hsa-miR-93-5p,FBXW11,,-0.395,0.016
hsa-miR-144-3p,PANK1,MIRT701146,-0.395,0.016
hsa-miR-532-3p,HNRNPR,,-0.395,0.016
hsa-miR-199a-3p,TSPAN3,MIRT553306,-0.395,0.016
hsa-miR-145-5p,ERMP1,,-0.395,0.016
hsa-miR-193b-3p,SON,,-0.395,0.016
hsa-miR-148a-3p,TCF4,,-0.395,0.017
hsa-miR-501-3p,ESRRG,,-0.395,0.017
hsa-miR-501-3p,WDR82,,-0.395,0.017
hsa-miR-93-5p,TRPM3,,-0.395,0.017
hsa-miR-20b-5p,SHOC2,MIRT055391,-0.395,0.017
hsa-miR-106a-5p,SRGAP1,,-0.395,0.017
hsa-miR-16-5p,ARHGAP26,,-0.395,0.017
hsa-miR-107,SPIN1,,-0.395,0.017
hsa-miR-22-3p,DGKE,,-0.394,0.017
hsa-miR-204-5p,EPHB2,,-0.394,0.017
hsa-miR-362-5p,KCNRG,,-0.394,0.017
hsa-miR-15a-5p,XPR1,,-0.394,0.017
hsa-miR-24-3p,TSHZ2,,-0.394,0.017
hsa-miR-93-5p,CREB1,MIRT205047,-0.394,0.017
hsa-miR-106a-5p,SAMD12,MIRT554481,-0.394,0.017
hsa-miR-181d-5p,EML1,,-0.394,0.017
hsa-let-7d-5p,PLAGL2,MIRT485297,-0.394,0.017
hsa-miR-24-3p,MBTPS2,,-0.394,0.017
hsa-miR-145-5p,ERN1,,-0.394,0.017
hsa-miR-152-3p,BCLAF3,,-0.394,0.017
hsa-miR-24-3p,TMED8,,-0.394,0.017
hsa-miR-152-3p,BAZ2A,,-0.394,0.017
hsa-miR-381-3p,GTDC1,,-0.394,0.017
hsa-miR-93-5p,FNDC3A,,-0.394,0.017
hsa-miR-24-3p,AGO1,,-0.394,0.017
hsa-miR-224-5p,TRIM44,,-0.394,0.017
hsa-miR-106b-5p,SLC16A12,,-0.394,0.017
hsa-miR-378a-3p,C6orf89,,-0.394,0.017
hsa-miR-200c-3p,ROBO2,,-0.394,0.017
hsa-miR-152-3p,UBN2,,-0.394,0.017
hsa-let-7d-5p,IKZF2,,-0.393,0.017
hsa-miR-199a-5p,EIF5B,,-0.393,0.017
hsa-miR-148a-3p,SMIM12,,-0.393,0.017
hsa-miR-15a-5p,KIF1B,,-0.393,0.017
hsa-miR-15a-5p,AGO4,MIRT189961,-0.393,0.017
hsa-miR-20b-5p,LRCH1,,-0.393,0.017
hsa-miR-24-3p,SZRD1,,-0.393,0.017
hsa-miR-20b-5p,MKLN1,,-0.393,0.017
hsa-miR-299-5p,HCN1,,-0.393,0.017
hsa-miR-93-5p,ARL4A,,-0.393,0.017
hsa-miR-181b-5p,RAB3IL1,,-0.393,0.017
hsa-miR-15b-5p,CYB561,,-0.393,0.017
hsa-miR-145-5p,MSI2,,-0.393,0.017
hsa-miR-107,SREK1,MIRT500957,-0.393,0.017
hsa-miR-186-5p,NRL,,-0.393,0.017
hsa-miR-193b-3p,KHNYN,,-0.393,0.017
hsa-miR-15a-5p,ZNF609,,-0.393,0.017
hsa-miR-139-5p,YAF2,,-0.393,0.017
hsa-miR-24-3p,NCOA1,,-0.393,0.017
hsa-miR-1-3p,AGO1,MIRT438862,-0.393,0.017
hsa-miR-200a-3p,SCEL,,-0.393,0.017
hsa-miR-93-5p,SYAP1,,-0.393,0.017
hsa-miR-148b-3p,MAFG,,-0.393,0.017
hsa-miR-31-5p,TLN2,,-0.393,0.017
hsa-miR-15b-5p,LMO7,,-0.392,0.017
hsa-miR-24-3p,UQCC1,MIRT030498,-0.392,0.017
hsa-miR-106a-5p,EGLN3,MIRT548470,-0.392,0.017
hsa-miR-106a-5p,BTBD10,,-0.392,0.017
hsa-miR-185-5p,HNRNPA0,MIRT738245,-0.392,0.017
hsa-miR-193b-3p,GDF11,MIRT495317,-0.392,0.017
hsa-let-7g-5p,BZW1,MIRT300041,-0.392,0.017
hsa-miR-34c-5p,RRAS,,-0.392,0.017
hsa-miR-106a-5p,FRRS1L,,-0.392,0.017
hsa-miR-363-3p,CHRM5,,-0.392,0.017
hsa-let-7d-5p,SLC16A9,MIRT543869,-0.392,0.018
hsa-miR-22-3p,IKZF4,,-0.392,0.018
hsa-miR-363-3p,C16orf87,,-0.392,0.018
hsa-miR-106a-5p,FAM177A1,,-0.392,0.018
hsa-miR-20b-5p,PCYT1B,,-0.392,0.018
hsa-miR-15a-5p,ELL,,-0.392,0.018
hsa-miR-106a-5p,WDFY3,,-0.392,0.018
hsa-miR-20b-5p,CMPK1,MIRT071333,-0.392,0.018
hsa-miR-15b-5p,ZNF652,,-0.392,0.018
hsa-miR-378c,RAB15,,-0.392,0.018
hsa-miR-18a-5p,RORA,MIRT546690,-0.392,0.018
hsa-miR-93-5p,PKNOX1,MIRT513755,-0.392,0.018
hsa-miR-139-5p,ATXN1,,-0.392,0.018
hsa-miR-182-5p,SHROOM4,,-0.392,0.018
hsa-miR-150-5p,DYNLL2,,-0.392,0.018
hsa-miR-20b-5p,POLQ,MIRT726905,-0.392,0.018
hsa-miR-18a-5p,BEND3,,-0.391,0.018
hsa-miR-106a-5p,PDLIM5,,-0.391,0.018
hsa-miR-132-3p,RORB,,-0.391,0.018
hsa-miR-7-5p,LPP,,-0.391,0.018
hsa-miR-24-3p,AP2B1,,-0.391,0.018
hsa-miR-363-3p,DMXL1,,-0.391,0.018
hsa-miR-15a-5p,CCDC28A,,-0.391,0.018
hsa-let-7c-5p,ATP2B4,,-0.391,0.018
hsa-miR-93-5p,XIAP,MIRT108720,-0.391,0.018
hsa-miR-363-3p,XRN1,,-0.391,0.018
hsa-miR-378c,AAK1,,-0.391,0.018
hsa-miR-107,NFIB,,-0.391,0.018
hsa-miR-363-3p,FAR1,,-0.391,0.018
hsa-let-7d-5p,VAV3,,-0.391,0.018
hsa-miR-93-5p,OXR1,MIRT172198,-0.391,0.018
hsa-miR-93-5p,RYBP,MIRT027957,-0.391,0.018
hsa-miR-106a-5p,UBXN2A,MIRT088034,-0.391,0.018
hsa-miR-181d-5p,WSCD2,,-0.391,0.018
hsa-miR-16-5p,MBNL2,,-0.391,0.018
hsa-miR-16-5p,IRF2BPL,,-0.391,0.018
hsa-miR-205-5p,TNFAIP8,,-0.391,0.018
hsa-miR-223-3p,OTUD4,,-0.391,0.018
hsa-miR-145-5p,UBTD2,,-0.391,0.018
hsa-miR-16-5p,LAMTOR3,MIRT005437,-0.391,0.018
hsa-miR-20b-5p,RUBCN,,-0.391,0.018
hsa-miR-16-5p,VTI1A,,-0.39,0.018
hsa-let-7d-5p,FZD3,,-0.39,0.018
hsa-miR-107,BCL9L,,-0.39,0.018
hsa-miR-200a-3p,SOX6,,-0.39,0.018
hsa-miR-130b-3p,PLEKHF2,MIRT323696,-0.39,0.018
hsa-let-7d-5p,RAB22A,,-0.39,0.018
hsa-miR-195-5p,ELMOD1,,-0.39,0.018
hsa-miR-34c-5p,VTI1B,,-0.39,0.018
hsa-miR-330-3p,RCAN2,,-0.39,0.018
hsa-miR-93-5p,NRIP3,MIRT442765,-0.39,0.018
hsa-miR-106a-5p,ATXN1,MIRT549258,-0.39,0.018
hsa-miR-106a-5p,NUFIP2,MIRT506377,-0.39,0.018
hsa-miR-24-3p,SCAMP5,,-0.39,0.018
hsa-miR-152-3p,MPPED2,,-0.39,0.018
hsa-miR-378a-3p,KIF2A,,-0.39,0.018
hsa-miR-148b-3p,RC3H1,,-0.39,0.018
hsa-miR-429,SIX1,,-0.39,0.018
hsa-miR-106a-5p,PAFAH1B1,,-0.39,0.018
hsa-miR-106a-5p,RAB22A,MIRT083962,-0.39,0.018
hsa-miR-139-5p,SLC23A2,,-0.39,0.018
hsa-miR-20b-5p,RORA,MIRT546695,-0.39,0.018
hsa-miR-452-5p,ACTR3,,-0.39,0.018
hsa-miR-454-3p,LCOR,,-0.39,0.018
hsa-miR-339-5p,PDF,,-0.39,0.018
hsa-miR-30e-5p,MARK1,,-0.39,0.018
hsa-miR-365a-3p,SRSF1,,-0.39,0.018
hsa-miR-365b-3p,SRSF1,,-0.39,0.018
hsa-miR-15a-5p,MYLK,,-0.39,0.018
hsa-miR-15a-5p,PIK3R1,MIRT314051,-0.39,0.018
hsa-miR-152-3p,MTMR1,,-0.39,0.018
hsa-miR-29c-3p,RHOBTB1,,-0.39,0.018
hsa-miR-486-5p,MARCHF4,MIRT623308,-0.389,0.018
hsa-miR-425-5p,PGPEP1,,-0.389,0.018
hsa-miR-107,AVL9,,-0.389,0.018
hsa-miR-181d-5p,ITGA1,,-0.389,0.018
hsa-miR-29b-3p,ARF5,,-0.389,0.018
hsa-miR-96-5p,SIK2,,-0.389,0.018
hsa-miR-103a-3p,CTNND1,,-0.389,0.018
hsa-miR-30d-5p,ITSN1,,-0.389,0.018
hsa-miR-193b-3p,CXXC4,,-0.389,0.018
hsa-miR-107,TWF1,MIRT561386,-0.389,0.018
hsa-miR-139-5p,TRAF3,,-0.389,0.018
hsa-miR-22-3p,TNRC6B,,-0.389,0.018
hsa-miR-23a-3p,MYNN,,-0.389,0.018
hsa-miR-24-3p,RPS6KB1,,-0.389,0.018
hsa-miR-378c,SARM1,,-0.389,0.018
hsa-miR-24-3p,C12orf43,,-0.389,0.018
hsa-miR-503-5p,PTGFR,,-0.389,0.018
hsa-miR-454-3p,MYBL1,,-0.389,0.019
hsa-miR-98-5p,CCNJL,,-0.389,0.019
hsa-miR-145-5p,C5orf15,,-0.389,0.019
hsa-miR-200c-3p,ZFHX4,MIRT106298,-0.389,0.019
hsa-miR-381-3p,VLDLR,,-0.389,0.019
hsa-miR-20b-5p,PCDHA5,,-0.389,0.019
hsa-miR-16-5p,ARMCX2,MIRT051213,-0.389,0.019
hsa-miR-338-3p,ZZZ3,,-0.389,0.019
hsa-miR-106a-5p,DERL2,,-0.389,0.019
hsa-miR-20b-5p,POU6F1,,-0.389,0.019
hsa-miR-421,ZMAT3,,-0.389,0.019
hsa-miR-24-3p,MEIS2,,-0.389,0.019
hsa-miR-363-3p,TGFB2,,-0.389,0.019
hsa-miR-181d-5p,FIGN,,-0.389,0.019
hsa-miR-135a-5p,GPR158,,-0.389,0.019
hsa-miR-24-3p,RAB5B,,-0.389,0.019
hsa-miR-16-5p,ARMC8,,-0.388,0.019
hsa-miR-20b-5p,POLR3G,MIRT097613,-0.388,0.019
hsa-let-7e-5p,LRRC59,,-0.388,0.019
hsa-miR-141-3p,FNIP2,,-0.388,0.019
hsa-miR-454-3p,LRP2,,-0.388,0.019
hsa-miR-222-3p,OSTM1,,-0.388,0.019
hsa-miR-140-5p,STK3,,-0.388,0.019
hsa-miR-381-3p,EPB41L1,,-0.388,0.019
hsa-miR-93-5p,PAFAH2,,-0.388,0.019
hsa-miR-107,TLE4,,-0.388,0.019
hsa-miR-128-3p,RIMS3,,-0.388,0.019
hsa-miR-454-3p,N4BP1,,-0.388,0.019
hsa-let-7c-5p,BCAT1,,-0.388,0.019
hsa-miR-454-3p,ZPLD1,,-0.388,0.019
hsa-miR-195-5p,EIF5A2,,-0.388,0.019
hsa-miR-16-5p,THUMPD1,,-0.388,0.019
hsa-miR-16-5p,POLR1A,,-0.388,0.019
hsa-miR-106a-5p,AGFG2,,-0.388,0.019
hsa-miR-106a-5p,RAPH1,,-0.388,0.019
hsa-miR-106b-5p,GXYLT1,,-0.388,0.019
hsa-miR-454-3p,EPHA7,,-0.388,0.019
hsa-miR-454-3p,MTMR6,,-0.388,0.019
hsa-miR-145-5p,CLIP1,,-0.388,0.019
hsa-miR-106a-5p,MBD5,,-0.387,0.019
hsa-miR-182-5p,LDB3,,-0.387,0.019
hsa-let-7b-5p,EPHA3,,-0.387,0.019
hsa-miR-144-3p,HIVEP3,,-0.387,0.019
hsa-miR-16-5p,SLC10A7,,-0.387,0.019
hsa-miR-106a-5p,ANKRD28,,-0.387,0.019
hsa-miR-106a-5p,POLR3G,,-0.387,0.019
hsa-miR-200c-3p,RAP1B,,-0.387,0.019
hsa-miR-15b-5p,DNAJC5,MIRT046449,-0.387,0.019
hsa-miR-185-5p,ELK1,,-0.387,0.019
hsa-miR-181c-5p,PDK4,,-0.387,0.019
hsa-miR-378a-3p,FCRLB,,-0.387,0.019
hsa-miR-326,DAGLA,,-0.387,0.019
hsa-miR-106a-5p,TMX3,,-0.387,0.019
hsa-miR-22-3p,MTHFR,MIRT732754,-0.387,0.019
hsa-miR-93-5p,FAM177A1,,-0.387,0.019
hsa-miR-106a-5p,PAFAH1B2,,-0.387,0.019
hsa-miR-141-3p,SOX17,,-0.387,0.019
hsa-miR-24-3p,NREP,,-0.387,0.019
hsa-miR-24-3p,ZC3H8,,-0.387,0.019
hsa-miR-107,ESRRA,,-0.387,0.019
hsa-miR-24-3p,MCTP2,,-0.387,0.019
hsa-miR-141-3p,RGS17,,-0.387,0.019
hsa-miR-15a-5p,CLOCK,,-0.386,0.019
hsa-miR-18a-5p,UBE2Z,,-0.386,0.019
hsa-miR-30c-5p,SNAI1,MIRT006762,-0.386,0.019
hsa-miR-140-5p,PLEKHG3,,-0.386,0.019
hsa-miR-15a-5p,STOX2,,-0.386,0.019
hsa-miR-24-3p,MLEC,MIRT003889,-0.386,0.02
hsa-miR-301a-3p,ARAP2,,-0.386,0.02
hsa-let-7d-5p,CCDC71L,,-0.386,0.02
hsa-miR-152-3p,RICTOR,,-0.386,0.02
hsa-miR-93-5p,CAPRIN1,,-0.386,0.02
hsa-miR-106a-5p,RUNDC1,,-0.386,0.02
hsa-miR-145-5p,AKIRIN1,,-0.386,0.02
hsa-miR-20b-5p,ATXN1L,,-0.386,0.02
hsa-let-7c-5p,ANGPTL2,,-0.386,0.02
hsa-miR-20b-5p,UBE3C,,-0.386,0.02
hsa-miR-103a-3p,TARDBP,,-0.386,0.02
hsa-miR-196a-5p,BCAT1,,-0.386,0.02
hsa-miR-140-5p,BCL2L1,,-0.386,0.02
hsa-miR-31-5p,BMPER,,-0.386,0.02
hsa-miR-365a-3p,KIAA1328,,-0.386,0.02
hsa-miR-365b-3p,KIAA1328,,-0.386,0.02
hsa-miR-7-5p,SLC38A2,,-0.385,0.02
hsa-miR-24-3p,PTPN9,MIRT035526,-0.385,0.02
hsa-miR-93-5p,CNOT6L,MIRT479063,-0.385,0.02
hsa-miR-30e-5p,KCTD16,,-0.385,0.02
hsa-miR-107,PAWR,MIRT513790,-0.385,0.02
hsa-miR-107,SUFU,,-0.385,0.02
hsa-miR-193a-5p,TMEM234,,-0.385,0.02
hsa-miR-7-5p,RYK,MIRT025856,-0.385,0.02
hsa-miR-22-3p,NRAS,,-0.385,0.02
hsa-miR-93-5p,RGMB,MIRT122364,-0.385,0.02
hsa-miR-142-5p,PURA,,-0.385,0.02
hsa-miR-362-5p,AJUBA,,-0.385,0.02
hsa-let-7e-5p,DDX19A,,-0.385,0.02
hsa-miR-106a-5p,MCF2L,,-0.385,0.02
hsa-miR-454-3p,DCP2,,-0.385,0.02
hsa-miR-106b-5p,MARCHF6,MIRT506624,-0.385,0.02
hsa-miR-16-5p,TAOK1,MIRT196451,-0.385,0.02
hsa-miR-19b-3p,ELOVL5,MIRT050635,-0.385,0.02
hsa-miR-24-3p,AGFG2,,-0.385,0.02
hsa-miR-22-3p,NFAT5,,-0.385,0.02
hsa-miR-106a-5p,ARHGEF3,,-0.385,0.02
hsa-let-7i-5p,SUB1,,-0.385,0.02
hsa-miR-363-3p,SYT2,,-0.385,0.02
hsa-miR-107,FOXJ3,,-0.385,0.02
hsa-miR-182-5p,RHOQ,,-0.385,0.02
hsa-miR-93-5p,EMSY,MIRT503077,-0.385,0.02
hsa-miR-363-3p,FXR1,,-0.385,0.02
hsa-miR-454-3p,CBFB,,-0.385,0.02
hsa-miR-15a-5p,KRAS,,-0.384,0.02
hsa-miR-24-3p,EML4,,-0.384,0.02
hsa-miR-186-5p,ZBTB7A,,-0.384,0.02
hsa-miR-339-5p,TMEM183A,,-0.384,0.02
hsa-miR-193b-3p,CNNM2,,-0.384,0.02
hsa-miR-320b,MAT2A,,-0.384,0.02
hsa-let-7d-5p,ICOS,,-0.384,0.02
hsa-miR-16-5p,OCRL,MIRT326302,-0.384,0.02
hsa-miR-18a-5p,KIT,,-0.384,0.02
hsa-miR-26b-5p,TP53INP2,,-0.384,0.02
hsa-miR-532-3p,ZBTB7A,,-0.384,0.02
hsa-let-7e-5p,TEAD3,,-0.384,0.02
hsa-miR-363-3p,RASAL2,,-0.384,0.02
hsa-miR-7-5p,SERP1,MIRT025860,-0.384,0.02
hsa-miR-140-5p,WEE1,,-0.384,0.02
hsa-miR-7-5p,NT5DC1,,-0.384,0.02
hsa-miR-10a-5p,TMEM121B,,-0.384,0.02
hsa-miR-15b-5p,PSMA5,,-0.384,0.02
hsa-miR-16-5p,KIF3B,MIRT152737,-0.384,0.02
hsa-miR-425-5p,ZNF148,MIRT039326,-0.384,0.02
hsa-miR-24-3p,SSR1,MIRT634001,-0.384,0.02
hsa-miR-107,PRPF4B,,-0.384,0.02
hsa-miR-16-5p,NEK10,,-0.384,0.02
hsa-miR-23b-3p,EGR1,,-0.384,0.02
hsa-miR-15a-5p,CACNA1E,,-0.384,0.02
hsa-miR-29b-3p,DNMT3A,MIRT003029,-0.384,0.02
hsa-miR-143-3p,GRIPAP1,,-0.384,0.02
hsa-miR-106b-5p,AKAP11,MIRT020469,-0.384,0.021
hsa-miR-24-3p,CACNA1E,,-0.384,0.021
hsa-miR-17-5p,PCDHA3,,-0.383,0.021
hsa-miR-152-3p,NCAM1,,-0.383,0.021
hsa-miR-152-3p,NHS,,-0.383,0.021
hsa-miR-19b-3p,ITGB3,,-0.383,0.021
hsa-miR-93-5p,RAPGEFL1,,-0.383,0.021
hsa-miR-106b-5p,RORA,MIRT020475,-0.383,0.021
hsa-miR-16-5p,ARL10,MIRT051179,-0.383,0.021
hsa-miR-25-3p,YIPF4,MIRT206433,-0.383,0.021
hsa-miR-193a-5p,ZNF70,,-0.383,0.021
hsa-miR-15a-5p,DICER1,MIRT727876,-0.383,0.021
hsa-miR-24-3p,ATP2B1,,-0.383,0.021
hsa-miR-93-5p,FAM117B,MIRT157146,-0.383,0.021
hsa-miR-193b-3p,MYCN,,-0.383,0.021
hsa-miR-107,RPRD2,,-0.383,0.021
hsa-let-7d-5p,MAPK1IP1L,,-0.383,0.021
hsa-miR-23a-3p,YIPF4,,-0.383,0.021
hsa-miR-130b-3p,ESR1,MIRT502518,-0.383,0.021
hsa-let-7d-5p,CPD,,-0.383,0.021
hsa-miR-107,TMEM184C,,-0.383,0.021
hsa-miR-224-5p,UBN2,,-0.383,0.021
hsa-miR-148b-3p,ZDHHC17,MIRT019308,-0.383,0.021
hsa-let-7d-5p,PDE12,MIRT120920,-0.383,0.021
hsa-miR-152-3p,AGO1,,-0.383,0.021
hsa-miR-181d-5p,SIM1,,-0.383,0.021
hsa-miR-144-3p,SGK3,,-0.383,0.021
hsa-miR-129-5p,ADCY5,,-0.383,0.021
hsa-miR-181c-5p,ATL3,,-0.383,0.021
hsa-miR-106a-5p,DYRK1A,,-0.383,0.021
hsa-miR-182-5p,PPM1L,MIRT654840,-0.383,0.021
hsa-miR-195-5p,CNKSR2,,-0.383,0.021
hsa-miR-107,GAN,,-0.383,0.021
hsa-miR-215-5p,OSBPL10,MIRT024715,-0.383,0.021
hsa-miR-7-5p,IDE,MIRT025720,-0.382,0.021
hsa-miR-142-5p,NEXMIF,,-0.382,0.021
hsa-miR-25-3p,ZC2HC1A,,-0.382,0.021
hsa-miR-454-3p,TSPOAP1,,-0.382,0.021
hsa-miR-15a-5p,KCNC2,,-0.382,0.021
hsa-miR-185-5p,GPR12,,-0.382,0.021
hsa-miR-106a-5p,PAK3,,-0.382,0.021
hsa-miR-142-5p,IL6ST,,-0.382,0.021
hsa-miR-136-5p,CCPG1,,-0.382,0.021
hsa-miR-106b-5p,FSD1L,,-0.382,0.021
hsa-miR-378c,AP1AR,,-0.382,0.021
hsa-miR-107,KAT7,,-0.382,0.021
hsa-miR-9-5p,VAMP3,,-0.382,0.021
hsa-miR-20b-5p,HDAC4,,-0.382,0.021
hsa-miR-29b-3p,SLC31A1,,-0.382,0.021
hsa-miR-7-5p,SLC22A23,,-0.382,0.021
hsa-miR-145-5p,CCDC25,MIRT021498,-0.382,0.021
hsa-miR-145-5p,RLIM,,-0.381,0.021
hsa-miR-93-5p,KIF5A,,-0.381,0.021
hsa-miR-106a-5p,WDR37,,-0.381,0.021
hsa-miR-31-5p,FGF7,,-0.381,0.021
hsa-miR-93-5p,FOXQ1,MIRT485584,-0.381,0.021
hsa-miR-328-3p,DYNLL2,,-0.381,0.021
hsa-miR-33b-5p,LHX6,,-0.381,0.021
hsa-miR-93-5p,SCAMP5,MIRT141127,-0.381,0.022
hsa-let-7b-5p,PCYOX1,,-0.381,0.022
hsa-miR-324-5p,EXT2,,-0.381,0.022
hsa-miR-96-5p,FOXO1,MIRT001087,-0.381,0.022
hsa-let-7d-5p,IRGQ,,-0.381,0.022
hsa-miR-24-3p,WDTC1,,-0.381,0.022
hsa-miR-16-5p,RGP1,,-0.381,0.022
hsa-miR-502-3p,ELAVL2,MIRT537765,-0.381,0.022
hsa-let-7f-5p,ERP29,,-0.381,0.022
hsa-miR-107,FNBP1L,,-0.381,0.022
hsa-miR-15a-5p,MNT,,-0.381,0.022
hsa-miR-23a-3p,SREK1IP1,,-0.381,0.022
hsa-miR-20b-5p,NSD2,MIRT164665,-0.381,0.022
hsa-miR-22-3p,TRIB2,,-0.381,0.022
hsa-miR-363-3p,ANKIB1,,-0.381,0.022
hsa-miR-425-5p,LPP,,-0.381,0.022
hsa-let-7c-5p,DCUN1D3,,-0.381,0.022
hsa-miR-106a-5p,IRF2BP2,,-0.381,0.022
hsa-miR-22-3p,KDM6B,,-0.38,0.022
hsa-miR-17-5p,TENT5C,MIRT058911,-0.38,0.022
hsa-miR-107,FOXJ2,,-0.38,0.022
hsa-miR-760,CNN1,,-0.38,0.022
hsa-miR-15b-5p,NFATC2,,-0.38,0.022
hsa-miR-363-3p,PLEKHA1,MIRT055790,-0.38,0.022
hsa-miR-106a-5p,CNOT7,,-0.38,0.022
hsa-miR-15a-5p,HS3ST3B1,,-0.38,0.022
hsa-miR-107,NAV2,,-0.38,0.022
hsa-miR-145-5p,SNX24,MIRT437611,-0.38,0.022
hsa-miR-185-5p,PITPNA,,-0.38,0.022
hsa-miR-362-5p,PLXNB1,,-0.38,0.022
hsa-miR-20b-5p,RNF145,,-0.38,0.022
hsa-miR-199b-3p,PGRMC2,,-0.38,0.022
hsa-miR-93-5p,OTUD3,,-0.38,0.022
hsa-miR-106a-5p,NR2C2,MIRT522196,-0.38,0.022
hsa-let-7d-5p,MYCL,,-0.38,0.022
hsa-miR-106a-5p,CCNG2,,-0.38,0.022
hsa-miR-7-5p,SPATA2,MIRT025967,-0.38,0.022
hsa-miR-106a-5p,EDA2R,,-0.38,0.022
hsa-miR-148a-3p,IGF1,,-0.38,0.022
hsa-let-7e-5p,RAB40C,MIRT469714,-0.379,0.022
hsa-miR-107,NPAS3,,-0.379,0.022
hsa-miR-365a-3p,PIAS1,,-0.379,0.022
hsa-miR-365b-3p,PIAS1,,-0.379,0.022
hsa-miR-425-5p,CBX6,,-0.379,0.022
hsa-let-7c-5p,IGLON5,,-0.379,0.022
hsa-miR-7-5p,PIK3CD,MIRT006777,-0.379,0.022
hsa-miR-326,EMILIN3,,-0.379,0.022
hsa-let-7d-5p,SLC25A24,,-0.379,0.022
hsa-miR-15a-5p,DCAF5,,-0.379,0.022
hsa-miR-24-3p,KAT6A,,-0.379,0.022
hsa-miR-93-5p,RPS6KA6,,-0.379,0.022
hsa-miR-29b-3p,CHFR,,-0.379,0.022
hsa-miR-877-5p,SYNCRIP,,-0.379,0.022
hsa-miR-24-3p,AAK1,MIRT639018,-0.379,0.023
hsa-miR-324-5p,INSIG2,,-0.379,0.023
hsa-miR-152-3p,UBE2W,,-0.379,0.023
hsa-let-7b-5p,TMEM135,,-0.379,0.023
hsa-miR-20b-5p,STXBP5,,-0.379,0.023
hsa-miR-17-5p,ENPP5,MIRT050870,-0.379,0.023
hsa-miR-423-5p,ZNF609,MIRT743288,-0.379,0.023
hsa-miR-454-3p,EFNA5,,-0.378,0.023
hsa-miR-24-3p,NFIB,,-0.378,0.023
hsa-miR-29b-3p,DOT1L,MIRT739584,-0.378,0.023
hsa-miR-107,LCOR,MIRT178476,-0.378,0.023
hsa-miR-23a-3p,NRXN1,,-0.378,0.023
hsa-let-7c-5p,ITSN1,,-0.378,0.023
hsa-miR-144-3p,SEMA6D,,-0.378,0.023
hsa-miR-145-5p,CCDC149,,-0.378,0.023
hsa-miR-20b-5p,ZBTB21,,-0.378,0.023
hsa-miR-200b-3p,SOX6,,-0.378,0.023
hsa-miR-491-5p,NFASC,,-0.378,0.023
hsa-miR-16-5p,PTCH1,,-0.378,0.023
hsa-miR-106a-5p,REEP3,MIRT056815,-0.378,0.023
hsa-miR-363-3p,HAS3,,-0.378,0.023
hsa-let-7d-5p,SYT1,MIRT735664,-0.378,0.023
hsa-miR-17-5p,GNA11,,-0.378,0.023
hsa-miR-106a-5p,PLEKHA3,,-0.378,0.023
hsa-miR-15a-5p,PCDHA7,,-0.378,0.023
hsa-miR-23a-3p,YOD1,,-0.378,0.023
hsa-miR-130b-3p,RUNDC1,MIRT699917,-0.378,0.023
hsa-miR-23a-3p,MATN1,,-0.378,0.023
hsa-miR-199b-3p,NACC2,,-0.378,0.023
hsa-miR-378c,PAPOLG,,-0.378,0.023
hsa-miR-15b-5p,HSPA4L,MIRT211315,-0.377,0.023
hsa-miR-152-3p,UGT8,,-0.377,0.023
hsa-miR-93-5p,WDR37,MIRT055650,-0.377,0.023
hsa-miR-193a-3p,NSF,,-0.377,0.023
hsa-miR-24-3p,VCPIP1,MIRT673622,-0.377,0.023
hsa-miR-107,MRPS23,,-0.377,0.023
hsa-miR-152-3p,STXBP5,,-0.377,0.023
hsa-miR-425-5p,CSNK1G1,MIRT790392,-0.377,0.023
hsa-miR-15a-5p,CNNM2,,-0.377,0.023
hsa-miR-18a-5p,SOCS5,,-0.377,0.023
hsa-miR-193a-3p,KDM5C,,-0.377,0.023
hsa-miR-378c,VANGL1,,-0.377,0.023
hsa-miR-152-3p,FMR1,,-0.377,0.023
hsa-miR-182-5p,JAZF1,,-0.377,0.023
hsa-miR-15a-5p,PHLPP2,MIRT547131,-0.377,0.023
hsa-miR-17-5p,C2orf69,MIRT156639,-0.377,0.023
hsa-miR-98-5p,PRORP,MIRT549793,-0.377,0.023
hsa-miR-199a-3p,NACC2,,-0.377,0.023
hsa-miR-195-5p,NLGN1,,-0.377,0.023
hsa-let-7c-5p,TSPAN18,,-0.377,0.023
hsa-miR-17-5p,SLC16A9,MIRT726560,-0.377,0.023
hsa-miR-193a-5p,ANKS1A,,-0.377,0.023
hsa-miR-140-5p,NFYA,,-0.377,0.023
hsa-miR-363-3p,LRATD1,,-0.377,0.023
hsa-miR-25-3p,RORA,,-0.376,0.024
hsa-miR-363-3p,NSG1,,-0.376,0.024
hsa-miR-93-5p,SCN2B,,-0.376,0.024
hsa-miR-29b-3p,SLC39A9,,-0.376,0.024
hsa-miR-200b-3p,SNTB2,,-0.376,0.024
hsa-miR-532-3p,GPRC5A,,-0.376,0.024
hsa-miR-130b-3p,KCNK10,,-0.376,0.024
hsa-miR-16-5p,JPH1,,-0.376,0.024
hsa-miR-30a-5p,CERT1,,-0.376,0.024
hsa-miR-15b-5p,PIP4P1,MIRT726286,-0.376,0.024
hsa-miR-326,RBM23,,-0.376,0.024
hsa-miR-486-5p,SLAIN2,,-0.376,0.024
hsa-miR-421,PFKFB2,,-0.376,0.024
hsa-miR-24-3p,SOCS6,,-0.376,0.024
hsa-miR-106a-5p,ZBTB37,MIRT182519,-0.376,0.024
hsa-miR-199a-3p,PGRMC2,,-0.376,0.024
hsa-miR-223-3p,ARMC1,,-0.376,0.024
hsa-miR-186-5p,PDK3,,-0.376,0.024
hsa-miR-1306-5p,UBTF,,-0.376,0.024
hsa-miR-532-3p,RNF121,,-0.376,0.024
hsa-miR-29b-3p,SLCO5A1,,-0.376,0.024
hsa-miR-363-3p,PIK3R3,,-0.376,0.024
hsa-miR-23a-3p,ATP6V1C1,,-0.376,0.024
hsa-miR-107,FAM168B,,-0.376,0.024
hsa-miR-193a-5p,GRAMD1B,,-0.376,0.024
hsa-miR-144-3p,BMPR1A,,-0.376,0.024
hsa-miR-103a-3p,ST13,,-0.376,0.024
hsa-miR-130a-3p,TRPC3,MIRT553352,-0.376,0.024
hsa-miR-145-5p,RGS7,,-0.376,0.024
hsa-miR-24-3p,RNF8,,-0.376,0.024
hsa-miR-193b-3p,FAIM2,,-0.376,0.024
hsa-miR-130b-3p,REEP1,,-0.376,0.024
hsa-miR-454-3p,USP48,,-0.376,0.024
hsa-miR-497-5p,PTGFR,,-0.376,0.024
hsa-miR-454-3p,GPR174,,-0.376,0.024
hsa-miR-532-3p,NUTF2,,-0.376,0.024
hsa-miR-193a-5p,NXF1,,-0.376,0.024
hsa-miR-24-3p,PRKCH,MIRT732350,-0.376,0.024
hsa-miR-452-5p,SLC23A2,,-0.376,0.024
hsa-miR-1306-5p,MICOS10,,-0.375,0.024
hsa-miR-365a-3p,DENND11,,-0.375,0.024
hsa-miR-365b-3p,DENND11,,-0.375,0.024
hsa-miR-106a-5p,TNFAIP1,,-0.375,0.024
hsa-miR-152-3p,RUBCN,,-0.375,0.024
hsa-miR-340-5p,MYO10,,-0.375,0.024
hsa-miR-96-5p,EBF3,,-0.375,0.024
hsa-miR-145-5p,TTC4,,-0.375,0.024
hsa-miR-491-5p,PADI2,,-0.375,0.024
hsa-miR-18a-5p,ESR1,MIRT000703,-0.375,0.024
hsa-miR-18a-5p,ETV6,,-0.375,0.024
hsa-miR-24-3p,DNAJB12,MIRT030463,-0.375,0.024
hsa-miR-338-3p,SNX30,,-0.375,0.024
hsa-miR-20b-5p,TNFSF11,,-0.375,0.024
hsa-miR-421,IGSF3,,-0.375,0.024
hsa-miR-186-5p,PIK3R3,,-0.375,0.024
hsa-miR-301a-3p,ERBB4,,-0.375,0.024
hsa-miR-106a-5p,SLC33A1,,-0.375,0.024
hsa-miR-152-3p,TGFA,MIRT035552,-0.375,0.024
hsa-miR-20b-5p,ARL5A,,-0.375,0.024
hsa-miR-224-5p,YOD1,,-0.375,0.024
hsa-miR-106b-5p,ZNF704,,-0.375,0.024
hsa-miR-429,LATS2,,-0.375,0.024
hsa-miR-708-5p,LCMT2,,-0.375,0.024
hsa-miR-532-3p,FBXL19,,-0.375,0.024
hsa-miR-17-5p,PGM2L1,MIRT726962,-0.374,0.024
hsa-miR-24-3p,STRN,,-0.374,0.024
hsa-miR-181b-5p,VKORC1L1,,-0.374,0.024
hsa-miR-106b-5p,FBXO48,MIRT440652,-0.374,0.024
hsa-miR-362-5p,PANK3,,-0.374,0.024
hsa-miR-425-5p,KMT5B,,-0.374,0.024
hsa-miR-107,MYNN,,-0.374,0.024
hsa-miR-15b-5p,KLHL18,,-0.374,0.024
hsa-miR-154-5p,LYVE1,,-0.374,0.024
hsa-miR-454-3p,TRIM2,,-0.374,0.024
hsa-miR-501-3p,SEC63,,-0.374,0.024
hsa-miR-421,FAM126B,,-0.374,0.024
hsa-let-7b-5p,TOB2,,-0.374,0.025
hsa-let-7d-5p,ADGRL3,,-0.374,0.025
hsa-miR-106a-5p,ANKH,MIRT095721,-0.374,0.025
hsa-miR-152-3p,TBL1XR1,,-0.374,0.025
hsa-miR-182-5p,SLC25A16,,-0.374,0.025
hsa-miR-454-3p,SPATA2,,-0.374,0.025
hsa-miR-199b-3p,DDR2,,-0.374,0.025
hsa-miR-130a-3p,CMPK2,,-0.374,0.025
hsa-miR-760,SEPHS2,,-0.374,0.025
hsa-miR-106a-5p,IKZF4,,-0.374,0.025
hsa-miR-103a-3p,HMGB1,,-0.374,0.025
hsa-miR-18a-5p,DICER1,MIRT007178,-0.374,0.025
hsa-miR-199a-3p,DDR2,,-0.374,0.025
hsa-miR-106b-5p,MRTFB,,-0.374,0.025
hsa-miR-532-3p,EFNA5,,-0.374,0.025
hsa-miR-107,ZNF827,,-0.374,0.025
hsa-miR-16-5p,SLITRK6,,-0.374,0.025
hsa-miR-324-5p,USP2,,-0.374,0.025
hsa-miR-378c,IPO9,,-0.374,0.025
hsa-miR-145-5p,CTNNA2,,-0.374,0.025
hsa-let-7d-5p,MXD1,MIRT303319,-0.373,0.025
hsa-miR-186-5p,EMP2,,-0.373,0.025
hsa-miR-542-3p,NAV1,,-0.373,0.025
hsa-let-7e-5p,MYCL,,-0.373,0.025
hsa-miR-224-5p,DIO1,MIRT006136,-0.373,0.025
hsa-miR-193b-3p,PAK3,,-0.373,0.025
hsa-miR-17-5p,RIMKLA,,-0.373,0.025
hsa-miR-20b-5p,MALSU1,,-0.373,0.025
hsa-miR-501-3p,SLC25A26,,-0.373,0.025
hsa-miR-374b-5p,UBA6,,-0.373,0.025
hsa-miR-24-3p,KIF2A,,-0.373,0.025
hsa-miR-93-5p,FNBP1L,MIRT082292,-0.373,0.025
hsa-miR-152-3p,ATP7A,,-0.373,0.025
hsa-miR-363-3p,OTUD3,,-0.373,0.025
hsa-miR-20b-5p,PDPR,,-0.373,0.025
hsa-miR-455-5p,MAN1A1,,-0.373,0.025
hsa-miR-454-3p,SYNCRIP,,-0.373,0.025
hsa-miR-15b-5p,PPP2R1A,,-0.373,0.025
hsa-miR-20b-5p,DYRK2,MIRT188188,-0.373,0.025
hsa-miR-326,EML2,,-0.373,0.025
hsa-miR-143-3p,KIF3C,,-0.373,0.025
hsa-miR-152-3p,NEURL4,MIRT762893,-0.373,0.025
hsa-miR-93-5p,IL17RD,,-0.373,0.025
hsa-miR-193a-5p,SRSF10,,-0.373,0.025
hsa-miR-877-5p,NR4A3,,-0.373,0.025
hsa-miR-491-5p,FNBP1,,-0.373,0.025
hsa-miR-106b-5p,ZBTB20,,-0.372,0.025
hsa-miR-106b-5p,CREBRF,,-0.372,0.025
hsa-miR-93-5p,FAM3C,MIRT048753,-0.372,0.025
hsa-miR-409-3p,MYLK,,-0.372,0.025
hsa-miR-330-5p,CPLX2,,-0.372,0.025
hsa-miR-18a-5p,RIMKLA,,-0.372,0.025
hsa-miR-454-3p,ZNF451,,-0.372,0.025
hsa-miR-1271-5p,TP53INP2,,-0.372,0.025
hsa-miR-365a-3p,DYRK2,,-0.372,0.025
hsa-miR-365b-3p,DYRK2,,-0.372,0.025
hsa-miR-193a-3p,ENTPD1,,-0.372,0.025
hsa-miR-382-5p,COL8A1,,-0.372,0.025
hsa-let-7e-5p,GPATCH3,,-0.372,0.026
hsa-miR-24-3p,ZDHHC14,,-0.372,0.026
hsa-miR-93-5p,PHIP,,-0.372,0.026
hsa-miR-106b-5p,AGO3,MIRT524986,-0.372,0.026
hsa-miR-199b-3p,FGF7,,-0.372,0.026
hsa-miR-106a-5p,SUCO,MIRT500871,-0.372,0.026
hsa-miR-107,GATAD2B,,-0.372,0.026
hsa-miR-130b-3p,SLC44A1,MIRT020227,-0.372,0.026
hsa-miR-27a-3p,SLCO5A1,,-0.372,0.026
hsa-miR-19b-3p,ZBTB18,MIRT064796,-0.372,0.026
hsa-miR-145-5p,AP1G1,MIRT021529,-0.372,0.026
hsa-let-7d-5p,TUSC2,,-0.372,0.026
hsa-miR-24-3p,BZW1,MIRT352061,-0.372,0.026
hsa-miR-152-3p,CSNK2A1,MIRT737868,-0.372,0.026
hsa-miR-378c,PEX2,,-0.372,0.026
hsa-miR-15a-5p,RORA,,-0.372,0.026
hsa-miR-106a-5p,NCOR1,,-0.372,0.026
hsa-miR-152-3p,TTBK2,,-0.372,0.026
hsa-miR-152-3p,ALCAM,MIRT732663,-0.372,0.026
hsa-miR-326,NFIX,,-0.372,0.026
hsa-miR-339-5p,FRS2,,-0.371,0.026
hsa-miR-532-3p,CHD3,,-0.371,0.026
hsa-miR-145-5p,ADNP,,-0.371,0.026
hsa-miR-424-5p,RORB,,-0.371,0.026
hsa-miR-454-3p,BTF3L4,MIRT139885,-0.371,0.026
hsa-miR-93-5p,IPO9,,-0.371,0.026
hsa-miR-106a-5p,FRK,,-0.371,0.026
hsa-miR-34c-5p,SLC7A6,,-0.371,0.026
hsa-miR-30d-5p,SAMD8,,-0.371,0.026
hsa-miR-152-3p,PTCD3,,-0.371,0.026
hsa-miR-429,PLPPR4,,-0.371,0.026
hsa-miR-16-5p,UBE2J1,,-0.371,0.026
hsa-miR-328-3p,HM13,,-0.371,0.026
hsa-miR-107,MMS19,,-0.371,0.026
hsa-miR-7-5p,SCN2B,,-0.371,0.026
hsa-miR-877-5p,KATNBL1,,-0.371,0.026
hsa-miR-106b-5p,PGM2L1,MIRT439992,-0.371,0.026
hsa-miR-378c,UBE2W,,-0.371,0.026
hsa-miR-143-3p,NCOA7,,-0.371,0.026
hsa-miR-9-5p,KCNB1,,-0.371,0.026
hsa-miR-185-5p,TMOD2,,-0.371,0.026
hsa-miR-148b-3p,NHS,,-0.371,0.026
hsa-miR-1306-5p,TFCP2L1,,-0.371,0.026
hsa-miR-31-5p,PDZD2,,-0.371,0.026
hsa-miR-18a-5p,C1orf21,,-0.371,0.026
hsa-miR-365a-3p,RAD54L2,,-0.371,0.026
hsa-miR-365b-3p,RAD54L2,,-0.371,0.026
hsa-let-7d-5p,ADCY9,MIRT032153,-0.371,0.026
hsa-miR-15a-5p,MINDY1,,-0.371,0.026
hsa-miR-106b-5p,MKLN1,,-0.371,0.026
hsa-miR-106b-5p,GAB1,MIRT164203,-0.371,0.026
hsa-miR-760,ELAPOR1,,-0.371,0.026
hsa-miR-18a-5p,STK4,MIRT438460,-0.371,0.026
hsa-miR-23a-3p,FBXO33,,-0.371,0.026
hsa-miR-148b-3p,BNIP2,,-0.371,0.026
hsa-miR-93-5p,RAB11FIP4,,-0.371,0.026
hsa-miR-20b-5p,KLF12,,-0.371,0.026
hsa-miR-24-3p,UBN2,,-0.37,0.026
hsa-miR-107,EIF4B,,-0.37,0.026
hsa-let-7d-5p,FAS,,-0.37,0.026
hsa-miR-16-5p,ARPP19,,-0.37,0.026
hsa-miR-16-5p,TSC22D2,MIRT465160,-0.37,0.026
hsa-miR-107,CCDC6,,-0.37,0.026
hsa-miR-424-5p,COL12A1,,-0.37,0.026
hsa-miR-16-5p,USP25,,-0.37,0.026
hsa-miR-16-5p,MFN2,MIRT031906,-0.37,0.026
hsa-miR-224-5p,CDS2,,-0.37,0.026
hsa-miR-423-5p,CDC42SE1,,-0.37,0.026
hsa-miR-107,SALL1,MIRT546612,-0.37,0.026
hsa-miR-15b-5p,SLC20A2,,-0.37,0.026
hsa-miR-200c-3p,KATNAL1,,-0.37,0.026
hsa-miR-25-3p,RSBN1,MIRT505828,-0.37,0.026
hsa-miR-106a-5p,CUL3,,-0.37,0.026
hsa-miR-106b-5p,NBEAL1,,-0.37,0.026
hsa-miR-20b-5p,TMCC1,,-0.37,0.026
hsa-miR-139-5p,CDH8,,-0.37,0.026
hsa-miR-17-5p,EGLN3,MIRT548473,-0.37,0.026
hsa-miR-107,HMGB1,,-0.37,0.026
hsa-miR-30d-5p,CDH20,,-0.37,0.026
hsa-let-7d-5p,SOCS4,,-0.37,0.026
hsa-miR-16-5p,ZDHHC14,,-0.37,0.026
hsa-miR-107,ETNK1,,-0.37,0.026
hsa-miR-493-5p,TSPAN3,,-0.37,0.026
hsa-miR-454-3p,VCPIP1,,-0.37,0.026
hsa-miR-1306-5p,FBXL19,MIRT529685,-0.37,0.026
hsa-miR-93-5p,C14orf28,MIRT728144,-0.37,0.026
hsa-miR-106a-5p,CHD2,,-0.37,0.026
hsa-let-7d-5p,KCNK6,,-0.37,0.027
hsa-miR-17-5p,RAB11FIP4,,-0.37,0.027
hsa-miR-106a-5p,SLC25A27,,-0.37,0.027
hsa-miR-107,FUBP1,,-0.37,0.027
hsa-miR-152-3p,NFYA,,-0.37,0.027
hsa-miR-107,RBAK,,-0.37,0.027
hsa-miR-10a-5p,CAMK2B,,-0.37,0.027
hsa-let-7d-5p,CTPS1,MIRT704422,-0.369,0.027
hsa-miR-24-3p,TRMT10B,,-0.369,0.027
hsa-miR-98-5p,AGAP1,,-0.369,0.027
hsa-miR-365a-3p,BEST3,,-0.369,0.027
hsa-miR-365b-3p,BEST3,,-0.369,0.027
hsa-let-7d-5p,NRK,,-0.369,0.027
hsa-miR-15a-5p,SNAP25,,-0.369,0.027
hsa-miR-93-5p,HS2ST1,,-0.369,0.027
hsa-miR-106a-5p,EXPH5,,-0.369,0.027
hsa-miR-107,NR1D2,,-0.369,0.027
hsa-miR-145-5p,RAB18,,-0.369,0.027
hsa-miR-454-3p,FAM13B,,-0.369,0.027
hsa-miR-15a-5p,INSR,,-0.369,0.027
hsa-miR-143-3p,CDK1,,-0.369,0.027
hsa-miR-20b-5p,HLF,,-0.369,0.027
hsa-miR-378c,RIT1,,-0.369,0.027
hsa-miR-93-5p,GAN,,-0.369,0.027
hsa-miR-93-5p,TSR1,MIRT448368,-0.369,0.027
hsa-let-7c-5p,ATP8B4,,-0.369,0.027
hsa-miR-106b-5p,POU6F1,,-0.369,0.027
hsa-miR-1306-5p,CAB39L,,-0.369,0.027
hsa-miR-24-3p,C1orf131,,-0.369,0.027
hsa-miR-106a-5p,ASXL2,,-0.369,0.027
hsa-miR-144-3p,WTAP,,-0.369,0.027
hsa-miR-16-5p,SUSD6,,-0.369,0.027
hsa-miR-199a-3p,FGF7,,-0.369,0.027
hsa-miR-181b-5p,ACVR1C,,-0.369,0.027
hsa-miR-9-5p,SIM1,,-0.369,0.027
hsa-miR-20b-5p,TGOLN2,MIRT726327,-0.369,0.027
hsa-let-7d-5p,KCTD15,,-0.369,0.027
hsa-miR-106a-5p,PHF6,,-0.369,0.027
hsa-miR-224-5p,LIMD1,,-0.368,0.027
hsa-miR-454-3p,ENAH,,-0.368,0.027
hsa-miR-93-5p,SLC29A2,MIRT048863,-0.368,0.027
hsa-miR-98-5p,BTBD9,,-0.368,0.027
hsa-miR-339-5p,ALKBH1,,-0.368,0.027
hsa-miR-19b-3p,TRPM6,,-0.368,0.027
hsa-miR-106a-5p,RIMKLA,,-0.368,0.027
hsa-miR-106b-5p,MIER3,,-0.368,0.027
hsa-miR-454-3p,TENT2,MIRT097465,-0.368,0.027
hsa-miR-7-5p,RNF24,,-0.368,0.027
hsa-let-7d-5p,CBX5,MIRT549022,-0.368,0.027
hsa-miR-130b-3p,PEX5L,,-0.368,0.027
hsa-miR-25-3p,PANK3,,-0.368,0.027
hsa-miR-93-5p,BRD4,,-0.368,0.027
hsa-miR-7-5p,RBFOX1,,-0.368,0.027
hsa-miR-223-3p,SEPTIN6,,-0.368,0.027
hsa-miR-106b-5p,ZBTB37,MIRT182521,-0.368,0.027
hsa-miR-93-5p,BTBD7,MIRT728184,-0.368,0.027
hsa-miR-15b-5p,ENTPD7,MIRT245005,-0.368,0.027
hsa-miR-23a-3p,ATXN3,,-0.368,0.027
hsa-miR-1-3p,RASA1,MIRT000387,-0.368,0.027
hsa-miR-106b-5p,BRWD1,MIRT044300,-0.368,0.027
hsa-miR-34c-5p,ATP1A2,,-0.368,0.027
hsa-miR-338-3p,HNRNPA2B1,,-0.368,0.027
hsa-miR-30b-5p,MAP4K4,,-0.368,0.027
hsa-let-7c-5p,SCD,,-0.368,0.028
hsa-miR-15a-5p,SIAH1,,-0.367,0.028
hsa-miR-98-5p,PXMP4,,-0.367,0.028
hsa-miR-29c-3p,KCTD20,,-0.367,0.028
hsa-miR-20b-5p,TIMM17A,MIRT112099,-0.367,0.028
hsa-miR-532-3p,MTA3,,-0.367,0.028
hsa-miR-150-5p,H1-0,,-0.367,0.028
hsa-miR-326,ST8SIA2,,-0.367,0.028
hsa-miR-16-5p,CDC37L1,MIRT032005,-0.367,0.028
hsa-miR-24-3p,ANGEL1,,-0.367,0.028
hsa-miR-181c-5p,RORB,,-0.367,0.028
hsa-miR-106a-5p,FBXO41,,-0.367,0.028
hsa-miR-145-5p,RCAN1,,-0.367,0.028
hsa-miR-96-5p,ATOH8,,-0.367,0.028
hsa-miR-106a-5p,BICRAL,,-0.367,0.028
hsa-miR-26b-5p,TMEM86A,,-0.367,0.028
hsa-miR-145-5p,G3BP1,,-0.367,0.028
hsa-miR-454-3p,ZFP3,,-0.367,0.028
hsa-miR-491-5p,KDM5B,,-0.367,0.028
hsa-miR-378c,GRSF1,,-0.367,0.028
hsa-miR-421,XRN1,,-0.367,0.028
hsa-miR-106a-5p,RGMB,MIRT122365,-0.367,0.028
hsa-miR-24-3p,NDST1,MIRT438644,-0.367,0.028
hsa-miR-96-5p,SH3KBP1,,-0.367,0.028
hsa-miR-15b-5p,EIF5A,,-0.367,0.028
hsa-miR-106b-5p,ZBTB18,MIRT064801,-0.367,0.028
hsa-miR-17-5p,PPP2CA,,-0.367,0.028
hsa-miR-24-3p,DIAPH1,,-0.367,0.028
hsa-miR-17-5p,UEVLD,,-0.366,0.028
hsa-miR-106a-5p,ZBTB8A,,-0.366,0.028
hsa-miR-362-5p,NPEPPS,MIRT472035,-0.366,0.028
hsa-miR-378c,MAP2K6,,-0.366,0.028
hsa-miR-16-5p,MINDY1,,-0.366,0.028
hsa-miR-22-3p,UBALD1,,-0.366,0.028
hsa-miR-139-5p,AGO3,,-0.366,0.028
hsa-miR-1-3p,G3BP1,MIRT024102,-0.366,0.028
hsa-miR-24-3p,LRFN2,,-0.366,0.028
hsa-miR-93-5p,EIF2S1,MIRT070840,-0.366,0.028
hsa-miR-338-3p,LSM14A,,-0.366,0.028
hsa-miR-29b-3p,TPM1,,-0.366,0.028
hsa-miR-107,PPP2R5C,MIRT277506,-0.366,0.028
hsa-miR-145-5p,PTPN3,,-0.366,0.028
hsa-miR-877-5p,PLEKHA3,,-0.366,0.028
hsa-miR-182-5p,MYO1C,,-0.366,0.028
hsa-miR-141-3p,WIPF1,,-0.366,0.028
hsa-miR-142-5p,HSPA4L,,-0.366,0.028
hsa-miR-106a-5p,ESR1,,-0.366,0.028
hsa-miR-140-5p,PSMF1,,-0.366,0.028
hsa-miR-93-5p,MAP7,MIRT028046,-0.366,0.028
hsa-miR-181b-5p,PKNOX2,,-0.366,0.028
hsa-miR-107,LRRC14,,-0.366,0.028
hsa-miR-15b-5p,CHEK1,MIRT046455,-0.366,0.028
hsa-miR-1306-5p,GNL1,,-0.366,0.028
hsa-miR-107,GGA3,,-0.366,0.028
hsa-miR-15b-5p,PGM2L1,,-0.366,0.028
hsa-let-7d-5p,ACSL6,,-0.366,0.028
hsa-miR-335-5p,GSTO2,,-0.366,0.028
hsa-miR-107,MFN2,,-0.366,0.029
hsa-miR-106a-5p,ZNF217,,-0.365,0.029
hsa-miR-15b-5p,KIAA0513,,-0.365,0.029
hsa-let-7d-5p,FBXO45,,-0.365,0.029
hsa-miR-107,FLOT2,,-0.365,0.029
hsa-miR-181c-5p,TMEM135,,-0.365,0.029
hsa-miR-204-5p,HAPLN1,,-0.365,0.029
hsa-miR-181b-5p,EML1,,-0.365,0.029
hsa-miR-340-5p,HIPK2,,-0.365,0.029
hsa-miR-107,BAZ2A,MIRT543064,-0.365,0.029
hsa-miR-93-5p,TBCEL,,-0.365,0.029
hsa-miR-93-5p,UBN2,,-0.365,0.029
hsa-miR-93-5p,DSTYK,MIRT028170,-0.365,0.029
hsa-miR-106a-5p,CDC40,,-0.365,0.029
hsa-miR-143-3p,IGF2R,,-0.365,0.029
hsa-miR-212-3p,CFL2,,-0.365,0.029
hsa-miR-125a-5p,TMED9,,-0.365,0.029
hsa-let-7g-5p,AP1S1,MIRT481850,-0.365,0.029
hsa-miR-34c-5p,ITSN1,,-0.365,0.029
hsa-miR-200c-3p,SNTB2,,-0.365,0.029
hsa-let-7c-5p,EPHA3,,-0.365,0.029
hsa-miR-365a-3p,EPN1,,-0.365,0.029
hsa-miR-491-5p,SYNGAP1,,-0.365,0.029
hsa-miR-365b-3p,EPN1,,-0.365,0.029
hsa-miR-107,TNRC6B,MIRT158522,-0.365,0.029
hsa-miR-181b-5p,ELN,MIRT734673,-0.365,0.029
hsa-miR-338-3p,ZSCAN12,,-0.365,0.029
hsa-miR-93-5p,RPP14,,-0.365,0.029
hsa-miR-106a-5p,ATG14,,-0.365,0.029
hsa-miR-125b-5p,CD248,,-0.365,0.029
hsa-let-7c-5p,GJC1,,-0.365,0.029
hsa-miR-532-5p,SETD9,,-0.365,0.029
hsa-miR-24-3p,SPIN1,,-0.365,0.029
hsa-miR-18a-5p,GIGYF1,MIRT031358,-0.365,0.029
hsa-miR-760,ESRRA,,-0.364,0.029
hsa-miR-145-5p,PRPSAP2,,-0.364,0.029
hsa-miR-17-5p,DNAJC16,,-0.364,0.029
hsa-miR-17-5p,DAZAP2,,-0.364,0.029
hsa-miR-365a-3p,NUFIP2,MIRT044042,-0.364,0.029
hsa-miR-1306-5p,LEMD2,,-0.364,0.029
hsa-miR-365b-3p,NUFIP2,MIRT471884,-0.364,0.029
hsa-miR-339-5p,ZBTB8B,,-0.364,0.029
hsa-miR-143-3p,RER1,MIRT469389,-0.364,0.029
hsa-miR-139-5p,B3GAT2,,-0.364,0.029
hsa-miR-107,STRBP,,-0.364,0.029
hsa-miR-22-5p,STK25,,-0.364,0.029
hsa-miR-501-3p,ZMYM4,,-0.364,0.029
hsa-miR-532-3p,C6orf132,,-0.364,0.029
hsa-miR-107,NOS1,,-0.364,0.029
hsa-miR-29b-3p,ISG20L2,MIRT547823,-0.364,0.029
hsa-miR-363-3p,LRCH1,,-0.364,0.029
hsa-miR-20b-5p,YPEL1,,-0.364,0.029
hsa-miR-1306-5p,ZNF652,,-0.364,0.029
hsa-let-7e-5p,KLK10,,-0.364,0.029
hsa-miR-15b-5p,DYNLL2,MIRT251491,-0.364,0.029
hsa-miR-20b-5p,SCAMP2,MIRT565916,-0.364,0.029
hsa-miR-24-3p,UTP25,,-0.364,0.029
hsa-miR-181b-5p,CNR1,,-0.364,0.029
hsa-miR-195-5p,RSPO3,,-0.364,0.029
hsa-miR-20b-5p,CHAF1A,MIRT151710,-0.364,0.029
hsa-miR-107,ICE1,,-0.364,0.029
hsa-miR-106b-5p,IL6ST,,-0.364,0.029
hsa-miR-93-5p,RARB,,-0.364,0.029
hsa-miR-107,FAF2,,-0.364,0.03
hsa-miR-106b-5p,NSD3,,-0.364,0.03
hsa-miR-30e-5p,EPDR1,,-0.364,0.03
hsa-miR-29b-3p,GGCT,,-0.363,0.03
hsa-miR-338-3p,CHEK2,,-0.363,0.03
hsa-miR-421,IREB2,,-0.363,0.03
hsa-miR-22-3p,ARRB1,,-0.363,0.03
hsa-miR-24-3p,BBC3,MIRT739221,-0.363,0.03
hsa-miR-106a-5p,PTPN4,MIRT501469,-0.363,0.03
hsa-miR-146b-5p,BTG2,,-0.363,0.03
hsa-miR-16-5p,ZNF704,MIRT552346,-0.363,0.03
hsa-miR-15a-5p,GPRIN3,,-0.363,0.03
hsa-miR-15a-5p,CDK6,MIRT479457,-0.363,0.03
hsa-miR-24-3p,ZNF217,MIRT007012,-0.363,0.03
hsa-miR-181d-5p,CASP10,,-0.363,0.03
hsa-miR-135b-5p,GRIN2B,,-0.363,0.03
hsa-miR-221-3p,PKDCC,,-0.363,0.03
hsa-miR-185-5p,KCNC2,,-0.363,0.03
hsa-miR-93-5p,SPTY2D1,,-0.363,0.03
hsa-miR-181c-5p,KLHL5,,-0.363,0.03
hsa-miR-24-3p,DCAF16,,-0.363,0.03
hsa-miR-93-5p,ARID4B,MIRT028050,-0.363,0.03
hsa-let-7b-5p,WNT9B,,-0.363,0.03
hsa-miR-25-3p,INSYN2B,,-0.363,0.03
hsa-miR-204-5p,FGF18,,-0.363,0.03
hsa-miR-15b-5p,TMEM178B,,-0.363,0.03
hsa-miR-18a-5p,ADAT2,,-0.363,0.03
hsa-miR-15b-5p,RMND5B,,-0.363,0.03
hsa-miR-326,IGF2BP1,,-0.363,0.03
hsa-miR-17-5p,SLC38A1,,-0.363,0.03
hsa-miR-145-5p,SLC1A2,,-0.363,0.03
hsa-miR-186-5p,RPS15A,,-0.363,0.03
hsa-miR-454-3p,SRSF10,,-0.363,0.03
hsa-miR-30c-5p,SKIL,,-0.363,0.03
hsa-miR-582-5p,CDS2,,-0.363,0.03
hsa-miR-24-3p,ABHD2,MIRT115232,-0.363,0.03
hsa-miR-374c-5p,HOOK3,,-0.363,0.03
hsa-miR-1271-5p,GPRC5A,,-0.362,0.03
hsa-miR-15b-5p,CRAMP1,,-0.362,0.03
hsa-miR-582-5p,SKP1,,-0.362,0.03
hsa-miR-24-3p,ARHGAP26,,-0.362,0.03
hsa-miR-224-5p,OTUD4,,-0.362,0.03
hsa-miR-378c,CD3G,,-0.362,0.03
hsa-miR-1306-5p,CNP,,-0.362,0.03
hsa-miR-421,STRN,,-0.362,0.03
hsa-miR-326,TNFRSF11A,,-0.362,0.03
hsa-miR-20b-5p,CDK6,MIRT732603,-0.362,0.03
hsa-miR-23a-3p,NR2C1,,-0.362,0.03
hsa-miR-193a-5p,CLPB,,-0.362,0.03
hsa-miR-491-5p,IGF2BP1,MIRT731931,-0.362,0.03
hsa-let-7d-5p,UTP15,,-0.362,0.03
hsa-miR-15a-5p,HMBOX1,MIRT172813,-0.362,0.03
hsa-miR-30d-5p,PPP3R1,,-0.362,0.03
hsa-miR-363-3p,ABL2,,-0.362,0.03
hsa-let-7b-5p,KATNAL1,,-0.362,0.03
hsa-miR-107,AGO1,MIRT026978,-0.362,0.03
hsa-miR-1-3p,E2F5,MIRT023808,-0.362,0.03
hsa-miR-501-3p,FAM126B,,-0.362,0.03
hsa-let-7d-5p,TMX4,,-0.362,0.03
hsa-miR-301a-3p,N4BP1,,-0.362,0.03
hsa-miR-24-3p,STX5,,-0.362,0.031
hsa-miR-15b-5p,CCND3,MIRT732725,-0.362,0.031
hsa-miR-20b-5p,FAM126B,MIRT616441,-0.362,0.031
hsa-miR-454-3p,LZIC,MIRT506690,-0.362,0.031
hsa-miR-363-3p,TMEM50B,,-0.361,0.031
hsa-miR-15b-5p,ZFYVE27,,-0.361,0.031
hsa-miR-365a-3p,ACVR1,MIRT054061,-0.361,0.031
hsa-miR-429,PRDM16,,-0.361,0.031
hsa-miR-365b-3p,ACVR1,,-0.361,0.031
hsa-miR-15b-5p,ABL2,MIRT482555,-0.361,0.031
hsa-miR-152-3p,GATAD2B,,-0.361,0.031
hsa-miR-429,AP1S2,,-0.361,0.031
hsa-let-7e-5p,ACP3,,-0.361,0.031
hsa-miR-708-5p,RIMS3,,-0.361,0.031
hsa-miR-93-5p,RLIM,MIRT541098,-0.361,0.031
hsa-miR-425-5p,HIC2,,-0.361,0.031
hsa-miR-760,ENSA,,-0.361,0.031
hsa-miR-24-3p,TNKS,,-0.361,0.031
hsa-miR-98-5p,NEDD4L,,-0.361,0.031
hsa-miR-15b-5p,PDZD8,,-0.361,0.031
hsa-miR-18a-5p,JADE2,,-0.361,0.031
hsa-miR-181b-5p,WSCD2,,-0.361,0.031
hsa-miR-93-5p,ZBTB41,MIRT028142,-0.361,0.031
hsa-miR-221-3p,SLC4A4,,-0.361,0.031
hsa-miR-106b-5p,PLEKHA8,,-0.361,0.031
hsa-miR-452-5p,C16orf72,,-0.361,0.031
hsa-let-7d-5p,CDK14,,-0.361,0.031
hsa-miR-15a-5p,GPR63,,-0.361,0.031
hsa-miR-18a-5p,BMP2K,,-0.361,0.031
hsa-miR-107,RPGRIP1L,,-0.361,0.031
hsa-miR-20b-5p,ZNF704,,-0.361,0.031
hsa-miR-15a-5p,MBNL2,,-0.361,0.031
hsa-miR-18a-5p,HSF2,MIRT005361,-0.361,0.031
hsa-miR-381-3p,KIAA0408,,-0.361,0.031
hsa-miR-326,HNRNPA2B1,,-0.361,0.031
hsa-miR-20b-5p,CLOCK,MIRT727973,-0.361,0.031
hsa-let-7c-5p,HIF3A,,-0.361,0.031
hsa-let-7d-5p,TNIK,,-0.361,0.031
hsa-miR-16-5p,ANGEL1,,-0.361,0.031
hsa-miR-363-3p,PCDH7,,-0.36,0.031
hsa-miR-20b-5p,PTPN4,MIRT501467,-0.36,0.031
hsa-miR-423-5p,TNRC6B,,-0.36,0.031
hsa-miR-15a-5p,KMT2D,MIRT737940,-0.36,0.031
hsa-miR-143-3p,TPM3,,-0.36,0.031
hsa-miR-25-3p,PCMTD1,MIRT506305,-0.36,0.031
hsa-miR-17-5p,PIGH,,-0.36,0.031
hsa-miR-17-5p,SYTL4,,-0.36,0.031
hsa-miR-106a-5p,TRPV6,,-0.36,0.031
hsa-miR-150-5p,SZRD1,,-0.36,0.031
hsa-miR-106a-5p,ZFYVE26,MIRT484920,-0.36,0.031
hsa-miR-423-5p,FAM168A,,-0.36,0.031
hsa-miR-760,PLEKHA6,,-0.36,0.031
hsa-miR-130b-3p,SKP1,,-0.36,0.031
hsa-miR-326,URB1,,-0.36,0.031
hsa-miR-491-5p,NIPAL2,,-0.36,0.031
hsa-miR-193a-5p,RGS9BP,,-0.36,0.031
hsa-miR-25-3p,ATG14,,-0.36,0.031
hsa-miR-181b-5p,SYPL2,,-0.36,0.031
hsa-miR-15b-5p,RRAGA,,-0.36,0.031
hsa-miR-141-3p,PEAK1,,-0.36,0.031
hsa-miR-106b-5p,FCHO2,MIRT097131,-0.36,0.031
hsa-miR-874-3p,CPLX2,,-0.36,0.031
hsa-let-7d-5p,TSC22D2,MIRT465125,-0.36,0.031
hsa-miR-22-3p,RUBCN,,-0.36,0.031
hsa-miR-103a-3p,EIF4B,,-0.36,0.031
hsa-miR-139-5p,PCDH7,,-0.36,0.031
hsa-miR-152-3p,RSBN1L,,-0.36,0.031
hsa-miR-25-3p,MOSMO,,-0.36,0.031
hsa-miR-139-5p,KCND3,MIRT474977,-0.36,0.031
hsa-miR-15b-5p,BCR,,-0.36,0.031
hsa-miR-378a-3p,NPAS4,,-0.36,0.031
hsa-miR-20b-5p,GPR63,,-0.36,0.031
hsa-let-7d-5p,FRMD5,,-0.36,0.031
hsa-miR-454-3p,COG5,,-0.36,0.031
hsa-miR-24-3p,APPL2,,-0.36,0.031
hsa-miR-93-5p,TRPS1,,-0.36,0.031
hsa-miR-152-3p,MTCL1,,-0.36,0.031
hsa-miR-152-3p,SFMBT1,,-0.36,0.031
hsa-miR-362-5p,DPP8,,-0.36,0.031
hsa-let-7e-5p,B3GAT3,,-0.36,0.032
hsa-miR-15b-5p,PSME3,,-0.36,0.032
hsa-miR-200c-3p,MAF,,-0.359,0.032
hsa-miR-186-5p,NAA40,,-0.359,0.032
hsa-miR-452-5p,BMI1,MIRT437780,-0.359,0.032
hsa-miR-501-3p,PPP4R2,,-0.359,0.032
hsa-miR-30e-5p,ACTC1,MIRT784553,-0.359,0.032
hsa-miR-93-5p,RNF6,,-0.359,0.032
hsa-miR-145-5p,SRRD,,-0.359,0.032
hsa-miR-130b-3p,KIF5C,,-0.359,0.032
hsa-miR-363-3p,PPARGC1B,,-0.359,0.032
hsa-miR-20b-5p,E2F2,MIRT727820,-0.359,0.032
hsa-let-7d-5p,PLPP6,,-0.359,0.032
hsa-miR-17-5p,CCDC25,,-0.359,0.032
hsa-miR-493-3p,GPC6,,-0.359,0.032
hsa-miR-93-5p,MORF4L1,MIRT506548,-0.359,0.032
hsa-miR-106a-5p,TSC22D2,,-0.359,0.032
hsa-miR-215-5p,TMTC3,MIRT024869,-0.359,0.032
hsa-miR-24-3p,RUBCN,,-0.359,0.032
hsa-miR-24-3p,ZNF740,,-0.359,0.032
hsa-miR-130a-3p,CADM2,,-0.359,0.032
hsa-miR-193a-5p,FGF14,,-0.359,0.032
hsa-let-7e-5p,TRIM41,,-0.359,0.032
hsa-miR-139-5p,SESN3,,-0.359,0.032
hsa-miR-140-5p,PXMP4,,-0.359,0.032
hsa-miR-145-5p,PSEN1,,-0.359,0.032
hsa-let-7e-5p,HNRNPA1,,-0.359,0.032
hsa-miR-145-5p,MRGBP,,-0.359,0.032
hsa-miR-106b-5p,XIAP,MIRT108722,-0.359,0.032
hsa-miR-15a-5p,UBE4A,MIRT128798,-0.359,0.032
hsa-miR-106a-5p,STAT3,MIRT053229,-0.359,0.032
hsa-miR-15b-5p,LRRFIP2,MIRT547552,-0.359,0.032
hsa-miR-326,SARM1,,-0.359,0.032
hsa-let-7e-5p,REEP1,,-0.359,0.032
hsa-miR-98-5p,TUSC2,MIRT004411,-0.359,0.032
hsa-miR-152-3p,LCOR,,-0.359,0.032
hsa-miR-370-5p,ELMOD3,,-0.359,0.032
hsa-miR-22-3p,MTDH,MIRT734518,-0.358,0.032
hsa-miR-93-5p,LYSMD3,MIRT097650,-0.358,0.032
hsa-miR-326,GLG1,,-0.358,0.032
hsa-miR-7-5p,KIF16B,MIRT025863,-0.358,0.032
hsa-miR-16-5p,WDR82,,-0.358,0.032
hsa-miR-106a-5p,SSH1,,-0.358,0.032
hsa-miR-107,LRRC8D,,-0.358,0.032
hsa-miR-107,TSHZ2,,-0.358,0.032
hsa-miR-20b-5p,CCND1,MIRT268274,-0.358,0.032
hsa-miR-93-5p,STYX,MIRT028126,-0.358,0.032
hsa-miR-93-5p,EIF4H,MIRT222674,-0.358,0.032
hsa-miR-454-3p,LYSMD2,,-0.358,0.032
hsa-miR-362-5p,PURB,,-0.358,0.032
hsa-miR-24-3p,TAF7L,,-0.358,0.032
hsa-miR-24-3p,GALNT10,,-0.358,0.032
hsa-miR-339-5p,APBA1,,-0.358,0.032
hsa-miR-23a-3p,IKZF3,,-0.358,0.032
hsa-miR-182-5p,PCDH18,,-0.358,0.032
hsa-miR-17-5p,LLPH,MIRT443713,-0.358,0.032
hsa-miR-20b-5p,WEE1,MIRT061365,-0.358,0.032
hsa-let-7d-5p,SRGAP1,,-0.358,0.032
hsa-miR-378a-3p,GRB2,MIRT007278,-0.358,0.033
hsa-miR-107,CNOT6L,,-0.358,0.033
hsa-miR-301a-3p,NPNT,,-0.358,0.033
hsa-miR-15a-5p,FAM135A,,-0.358,0.033
hsa-miR-423-5p,ATP8B2,,-0.358,0.033
hsa-miR-186-5p,PIGV,,-0.357,0.033
hsa-miR-107,ADNP,,-0.357,0.033
hsa-miR-145-5p,PI4K2B,,-0.357,0.033
hsa-miR-93-5p,C2orf69,MIRT156643,-0.357,0.033
hsa-miR-378c,RNF144B,,-0.357,0.033
hsa-miR-15a-5p,NFATC2,,-0.357,0.033
hsa-miR-107,AFF4,,-0.357,0.033
hsa-miR-423-5p,CYP4F22,,-0.357,0.033
hsa-let-7d-5p,CACNA1E,,-0.357,0.033
hsa-miR-93-5p,PAFAH1B2,,-0.357,0.033
hsa-miR-181b-5p,BNC2,,-0.357,0.033
hsa-miR-301a-3p,NUP133,,-0.357,0.033
hsa-miR-493-5p,TTC7B,,-0.357,0.033
hsa-miR-193b-3p,ATXN1,,-0.357,0.033
hsa-miR-23a-3p,ZNF793,,-0.357,0.033
hsa-miR-182-5p,PCSK5,,-0.357,0.033
hsa-miR-532-3p,CSNK1A1,,-0.357,0.033
hsa-miR-15a-5p,UBE2QL1,,-0.357,0.033
hsa-miR-532-3p,NPTN,,-0.357,0.033
hsa-miR-93-5p,COX20,,-0.357,0.033
hsa-miR-501-3p,SNX13,,-0.357,0.033
hsa-miR-29b-3p,FBRS,MIRT703640,-0.357,0.033
hsa-miR-15a-5p,PCDHA2,,-0.357,0.033
hsa-miR-23a-3p,PURB,,-0.357,0.033
hsa-miR-20b-5p,SLC25A44,MIRT266857,-0.357,0.033
hsa-miR-93-5p,CRAMP1,,-0.356,0.033
hsa-miR-16-5p,BEST4,,-0.356,0.033
hsa-miR-106a-5p,ENTPD4,MIRT706128,-0.356,0.033
hsa-miR-20b-5p,HS3ST5,,-0.356,0.033
hsa-miR-145-5p,FRS2,,-0.356,0.033
hsa-miR-423-5p,G3BP1,,-0.356,0.033
hsa-miR-142-5p,CLOCK,,-0.356,0.033
hsa-miR-15a-5p,CCNJL,,-0.356,0.033
hsa-miR-15a-5p,ZNF449,MIRT229343,-0.356,0.034
hsa-miR-106b-5p,MCF2L,,-0.356,0.034
hsa-miR-760,DCAF11,,-0.356,0.034
hsa-let-7e-5p,PAX2,,-0.356,0.034
hsa-miR-193b-3p,KMT2A,,-0.356,0.034
hsa-miR-93-5p,SLC25A36,,-0.356,0.034
hsa-miR-30e-5p,SEC23A,,-0.356,0.034
hsa-miR-17-5p,RAB22A,MIRT083959,-0.356,0.034
hsa-miR-106a-5p,LYPD6,,-0.356,0.034
hsa-miR-107,HIC2,MIRT205325,-0.356,0.034
hsa-miR-193b-3p,TMEM30A,MIRT726289,-0.356,0.034
hsa-miR-370-5p,KCNB1,,-0.356,0.034
hsa-miR-501-3p,KIAA1522,,-0.356,0.034
hsa-miR-501-3p,TFDP2,,-0.356,0.034
hsa-miR-93-5p,LCOR,,-0.356,0.034
hsa-miR-20b-5p,VTI1A,MIRT726115,-0.355,0.034
hsa-miR-93-5p,DNAJB6,MIRT538045,-0.355,0.034
hsa-let-7e-5p,DDX19B,,-0.355,0.034
hsa-miR-17-5p,CMTM4,,-0.355,0.034
hsa-miR-106a-5p,PCDHA11,,-0.355,0.034
hsa-miR-363-3p,AURKA,MIRT541469,-0.355,0.034
hsa-miR-17-5p,LAPTM4A,MIRT050931,-0.355,0.034
hsa-miR-107,PSMF1,,-0.355,0.034
hsa-let-7d-5p,PPP1R12B,,-0.355,0.034
hsa-miR-760,CCDC149,,-0.355,0.034
hsa-miR-15a-5p,CREBRF,MIRT165883,-0.355,0.034
hsa-miR-106a-5p,PPP1R15B,MIRT061790,-0.355,0.034
hsa-miR-324-5p,DGCR2,,-0.355,0.034
hsa-let-7d-5p,KCNJ11,,-0.355,0.034
hsa-let-7d-5p,LIPH,,-0.355,0.034
hsa-miR-18a-5p,UNG,,-0.355,0.034
hsa-miR-454-3p,TBL1XR1,,-0.355,0.034
hsa-let-7e-5p,EIF2B2,,-0.355,0.035
hsa-miR-150-5p,GDI1,,-0.355,0.035
hsa-miR-130b-3p,FBXW11,,-0.355,0.035
hsa-miR-16-5p,UQCC1,,-0.354,0.035
hsa-miR-22-3p,PDE5A,,-0.354,0.035
hsa-miR-454-3p,RAB34,MIRT541131,-0.354,0.035
hsa-miR-186-5p,RAB4A,,-0.354,0.035
hsa-miR-18a-5p,KLHL15,,-0.354,0.035
hsa-miR-107,NUP50,MIRT088206,-0.354,0.035
hsa-miR-106a-5p,CEP128,,-0.354,0.035
hsa-miR-320b,TGFBR1,,-0.354,0.035
hsa-miR-363-3p,MOSMO,,-0.354,0.035
hsa-miR-106b-5p,NAA30,,-0.354,0.035
hsa-miR-1306-5p,LRRC59,,-0.354,0.035
hsa-miR-15a-5p,RANBP3,,-0.354,0.035
hsa-miR-148a-3p,RXRA,,-0.354,0.035
hsa-miR-16-5p,COG3,,-0.354,0.035
hsa-miR-1306-5p,SHISAL1,,-0.354,0.035
hsa-miR-106a-5p,TNRC6B,MIRT158576,-0.354,0.035
hsa-miR-181b-5p,HDAC9,,-0.354,0.035
hsa-miR-301a-3p,CNOT7,,-0.354,0.035
hsa-miR-130b-3p,LCLAT1,MIRT243094,-0.354,0.035
hsa-miR-200a-3p,HCAR3,,-0.354,0.035
hsa-miR-454-3p,LMLN,MIRT162279,-0.354,0.035
hsa-let-7d-5p,SYNCRIP,,-0.354,0.035
hsa-miR-223-3p,VAMP2,,-0.354,0.035
hsa-miR-135a-5p,TBX4,,-0.354,0.035
hsa-miR-25-3p,PHF3,,-0.354,0.035
hsa-miR-17-5p,SLC7A2,,-0.353,0.035
hsa-miR-24-3p,GK5,,-0.353,0.035
hsa-miR-107,G3BP2,MIRT507187,-0.353,0.035
hsa-miR-363-3p,SCRG1,,-0.353,0.035
hsa-miR-16-5p,STRBP,,-0.353,0.035
hsa-miR-1-3p,LCOR,,-0.353,0.035
hsa-miR-20b-5p,SATB1,,-0.353,0.035
hsa-miR-7-5p,ZBTB20,,-0.353,0.035
hsa-miR-421,ENAH,,-0.353,0.035
hsa-let-7i-5p,PCTP,,-0.353,0.035
hsa-miR-365a-3p,NR3C2,,-0.353,0.035
hsa-miR-452-5p,MSANTD4,,-0.353,0.035
hsa-miR-365b-3p,NR3C2,,-0.353,0.035
hsa-miR-107,ARHGAP5,,-0.353,0.035
hsa-miR-27a-3p,MVB12B,,-0.353,0.036
hsa-miR-106a-5p,WDFY2,,-0.353,0.036
hsa-miR-452-5p,RORA,,-0.353,0.036
hsa-miR-454-3p,TGFB2,,-0.353,0.036
hsa-miR-152-3p,UBA6,,-0.353,0.036
hsa-miR-9-5p,LRRC8C,,-0.353,0.036
hsa-miR-655-3p,FERMT2,,-0.353,0.036
hsa-miR-7-5p,KBTBD2,,-0.353,0.036
hsa-miR-17-5p,CROT,MIRT222907,-0.353,0.036
hsa-miR-28-5p,RCVRN,,-0.353,0.036
hsa-miR-301a-3p,EOGT,MIRT477366,-0.353,0.036
hsa-miR-339-5p,CNOT6,,-0.353,0.036
hsa-miR-501-3p,MYNN,,-0.353,0.036
hsa-miR-15b-5p,CCDC85C,,-0.353,0.036
hsa-miR-106a-5p,LHX4,,-0.353,0.036
hsa-miR-301a-3p,RAB14,MIRT469812,-0.353,0.036
hsa-miR-93-5p,SEMA5A,,-0.352,0.036
hsa-miR-15b-5p,C1orf21,MIRT061006,-0.352,0.036
hsa-miR-145-5p,FAM174B,,-0.352,0.036
hsa-miR-378c,FCRLB,,-0.352,0.036
hsa-miR-205-5p,GTDC1,,-0.352,0.036
hsa-miR-27a-3p,ADCY6,,-0.352,0.036
hsa-miR-142-5p,NFAT5,,-0.352,0.036
hsa-miR-146b-5p,NOVA1,MIRT732960,-0.352,0.036
hsa-miR-143-3p,PTPRT,,-0.352,0.036
hsa-miR-363-3p,FAM126B,,-0.352,0.036
hsa-miR-421,PRCC,MIRT039451,-0.352,0.036
hsa-miR-22-3p,WDFY3,,-0.352,0.036
hsa-miR-363-3p,TRAF3,,-0.352,0.036
hsa-miR-326,ARHGEF37,,-0.352,0.036
hsa-miR-326,E2F2,,-0.352,0.036
hsa-miR-106a-5p,ZBTB20,,-0.352,0.036
hsa-miR-185-5p,CYB561,,-0.352,0.036
hsa-miR-454-3p,TNFSF10,,-0.352,0.036
hsa-miR-760,KRBA1,,-0.352,0.036
hsa-miR-29b-3p,PXYLP1,,-0.352,0.036
hsa-miR-15b-5p,KIAA0319L,,-0.352,0.036
hsa-let-7e-5p,ZNF710,,-0.352,0.036
hsa-miR-152-3p,ZDHHC17,,-0.352,0.036
hsa-miR-27a-3p,LONRF2,,-0.352,0.036
hsa-miR-34c-5p,PPP1R16B,,-0.352,0.036
hsa-miR-15b-5p,CCDC6,,-0.351,0.037
hsa-miR-145-5p,ZRANB3,,-0.351,0.037
hsa-miR-582-5p,RABEP1,,-0.351,0.037
hsa-miR-15b-5p,PAFAH1B2,MIRT179011,-0.351,0.037
hsa-let-7d-5p,G3BP1,,-0.351,0.037
hsa-let-7d-5p,ZNF24,,-0.351,0.037
hsa-miR-16-5p,ZNF449,MIRT229344,-0.351,0.037
hsa-miR-93-5p,BTG1,,-0.351,0.037
hsa-let-7c-5p,XKR4,,-0.351,0.037
hsa-miR-331-3p,DNAJB1,,-0.351,0.037
hsa-miR-193b-3p,GXYLT1,MIRT727571,-0.351,0.037
hsa-let-7e-5p,PIAS4,,-0.351,0.037
hsa-miR-103a-3p,NSG1,,-0.351,0.037
hsa-miR-9-5p,TNFAIP8,MIRT733763,-0.351,0.037
hsa-miR-362-5p,AEBP2,,-0.351,0.037
hsa-miR-24-3p,HNRNPA1,MIRT493589,-0.351,0.037
hsa-miR-96-5p,TNS1,,-0.351,0.037
hsa-miR-152-3p,PPP1R12A,,-0.351,0.037
hsa-miR-152-3p,SLC30A9,,-0.351,0.037
hsa-miR-339-5p,PLEKHH3,,-0.351,0.037
hsa-miR-16-5p,RNF43,,-0.351,0.037
hsa-miR-18a-5p,KCMF1,,-0.351,0.037
hsa-miR-24-3p,NR6A1,,-0.351,0.037
hsa-miR-25-3p,N4BP2,,-0.351,0.037
hsa-miR-25-3p,C5orf24,MIRT214525,-0.351,0.037
hsa-miR-16-5p,MCF2L,,-0.351,0.037
hsa-miR-9-5p,SH3GLB1,,-0.351,0.037
hsa-miR-15b-5p,TNIK,,-0.351,0.037
hsa-miR-24-3p,SYS1,,-0.351,0.037
hsa-miR-93-5p,PKN2,,-0.351,0.037
hsa-miR-139-5p,BMPR1A,,-0.351,0.037
hsa-miR-186-5p,PSD3,,-0.351,0.037
hsa-miR-93-5p,POFUT1,MIRT152674,-0.35,0.037
hsa-miR-185-5p,PCDHA4,,-0.35,0.037
hsa-miR-107,PAFAH1B2,MIRT179010,-0.35,0.037
hsa-miR-10a-5p,ANK3,,-0.35,0.037
hsa-miR-339-5p,DNAJC21,,-0.35,0.037
hsa-miR-107,MAPK1IP1L,,-0.35,0.037
hsa-miR-106a-5p,WAC,MIRT056302,-0.35,0.037
hsa-miR-301a-3p,BHLHE41,,-0.35,0.037
hsa-miR-20b-5p,RBL2,,-0.35,0.037
hsa-miR-140-5p,KCND3,,-0.35,0.037
hsa-miR-146b-5p,RRAGD,,-0.35,0.037
hsa-miR-152-3p,FUT9,,-0.35,0.037
hsa-let-7e-5p,STEAP3,,-0.35,0.037
hsa-miR-23a-3p,RNF141,,-0.35,0.037
hsa-miR-24-3p,ASXL2,,-0.35,0.037
hsa-miR-106b-5p,ATG2B,MIRT441165,-0.35,0.037
hsa-miR-106a-5p,GOSR1,,-0.35,0.037
hsa-let-7c-5p,CCDC141,,-0.35,0.038
hsa-let-7d-5p,AGAP1,,-0.35,0.038
hsa-miR-193a-3p,SORCS1,,-0.35,0.038
hsa-miR-1306-5p,KIAA1549,MIRT536480,-0.35,0.038
hsa-miR-16-5p,CCDC85C,,-0.35,0.038
hsa-miR-15a-5p,CSDE1,MIRT727924,-0.35,0.038
hsa-miR-223-3p,SYNCRIP,,-0.35,0.038
hsa-miR-96-5p,RFTN1,,-0.35,0.038
hsa-miR-107,PHF20,,-0.35,0.038
hsa-miR-454-3p,LDLRAD4,,-0.35,0.038
hsa-miR-106b-5p,LYSMD3,MIRT097653,-0.349,0.038
hsa-miR-181a-5p,BNC2,,-0.349,0.038
hsa-miR-148b-3p,SYNJ1,,-0.349,0.038
hsa-miR-25-3p,LIN54,,-0.349,0.038
hsa-miR-135b-5p,SHISA6,,-0.349,0.038
hsa-miR-24-3p,SRRD,MIRT632358,-0.349,0.038
hsa-miR-93-5p,LIN52,,-0.349,0.038
hsa-let-7g-5p,ADAMTS15,,-0.349,0.038
hsa-miR-378c,FAM83F,,-0.349,0.038
hsa-miR-15b-5p,CLPB,,-0.349,0.038
hsa-miR-181a-5p,CYP26B1,,-0.349,0.038
hsa-miR-222-3p,SLC4A4,,-0.349,0.038
hsa-miR-140-5p,NDRG3,,-0.349,0.038
hsa-miR-362-5p,NCKAP1,,-0.349,0.038
hsa-miR-29b-3p,STT3A,,-0.349,0.038
hsa-miR-106a-5p,PPARD,,-0.349,0.038
hsa-miR-186-5p,DAZAP2,,-0.349,0.038
hsa-miR-378c,NUFIP2,,-0.349,0.038
hsa-miR-145-5p,NECTIN1,,-0.349,0.038
hsa-miR-363-3p,CPEB2,,-0.349,0.038
hsa-miR-106a-5p,LIF,,-0.349,0.038
hsa-miR-143-3p,MAD2L1,,-0.349,0.038
hsa-miR-181b-5p,LOX,,-0.349,0.038
hsa-miR-181b-5p,FLT1,,-0.349,0.038
hsa-miR-145-5p,EPB41L5,,-0.349,0.038
hsa-let-7d-5p,CPEB1,,-0.349,0.038
hsa-miR-501-3p,TGFBR3,,-0.349,0.038
hsa-let-7e-5p,ZNF784,,-0.349,0.038
hsa-miR-152-3p,CPT1A,,-0.349,0.038
hsa-miR-501-3p,CFAP44,,-0.348,0.038
hsa-miR-16-5p,PPP1R3F,,-0.348,0.039
hsa-miR-152-3p,CADM1,,-0.348,0.039
hsa-miR-25-3p,SLC7A11,MIRT534190,-0.348,0.039
hsa-miR-106a-5p,YPEL4,,-0.348,0.039
hsa-miR-23a-3p,KLF10,MIRT474687,-0.348,0.039
hsa-miR-96-5p,MTURN,,-0.348,0.039
hsa-miR-199a-3p,ZEB1,,-0.348,0.039
hsa-miR-15b-5p,PHKA1,MIRT506189,-0.348,0.039
hsa-miR-145-5p,VEZF1,,-0.348,0.039
hsa-miR-708-5p,DKK3,,-0.348,0.039
hsa-miR-27a-3p,KCNJ3,,-0.348,0.039
hsa-miR-224-5p,PJA2,,-0.348,0.039
hsa-miR-93-5p,MFAP3L,,-0.348,0.039
hsa-miR-15b-5p,AREL1,,-0.348,0.039
hsa-miR-152-3p,CLCN6,,-0.348,0.039
hsa-miR-140-5p,RAB11A,,-0.348,0.039
hsa-miR-335-5p,GAN,,-0.348,0.039
hsa-miR-378c,SCN5A,,-0.348,0.039
hsa-miR-326,VPS18,,-0.348,0.039
hsa-miR-199b-3p,ZEB1,,-0.348,0.039
hsa-miR-320b,GRIN2A,,-0.348,0.039
hsa-miR-93-5p,INO80D,,-0.348,0.039
hsa-miR-107,THOC2,,-0.348,0.039
hsa-miR-10a-5p,SNX12,,-0.348,0.039
hsa-miR-25-3p,SEC31B,,-0.348,0.039
hsa-miR-106a-5p,HMBOX1,MIRT322522,-0.348,0.039
hsa-miR-429,SCD,,-0.348,0.039
hsa-miR-125b-5p,PGP,,-0.348,0.039
hsa-miR-106b-5p,MAP3K2,MIRT440283,-0.348,0.039
hsa-miR-363-3p,SNX13,,-0.348,0.039
hsa-miR-20b-5p,IPCEF1,,-0.348,0.039
hsa-miR-378c,SLC2A14,,-0.347,0.039
hsa-miR-16-5p,SRP72,MIRT031562,-0.347,0.039
hsa-miR-23a-3p,NOL4L,,-0.347,0.039
hsa-miR-15b-5p,NEK10,,-0.347,0.039
hsa-miR-106a-5p,CLOCK,,-0.347,0.039
hsa-miR-15b-5p,HMGCR,,-0.347,0.039
hsa-miR-98-5p,RNF44,MIRT027854,-0.347,0.039
hsa-miR-106b-5p,ZBTB41,,-0.347,0.039
hsa-miR-193b-3p,OSMR,,-0.347,0.039
hsa-miR-130b-3p,MLEC,MIRT062712,-0.347,0.039
hsa-miR-130b-3p,VPS13D,,-0.347,0.039
hsa-miR-107,GSTCD,,-0.347,0.039
hsa-miR-152-3p,ELAVL4,,-0.347,0.039
hsa-miR-96-5p,GRIN2B,,-0.347,0.039
hsa-miR-193b-3p,NPAS4,,-0.347,0.039
hsa-miR-365a-3p,ZNF148,MIRT463201,-0.347,0.039
hsa-miR-20b-5p,THRB,,-0.347,0.039
hsa-miR-365b-3p,ZNF148,MIRT463202,-0.347,0.039
hsa-miR-93-5p,MSMO1,MIRT164525,-0.347,0.039
hsa-miR-106a-5p,CDC37L1,,-0.347,0.039
hsa-miR-205-5p,CALM1,,-0.347,0.039
hsa-miR-145-5p,LARP4B,,-0.347,0.039
hsa-miR-152-3p,MYO9A,,-0.347,0.039
hsa-miR-20b-5p,AJAP1,,-0.347,0.04
hsa-miR-106a-5p,ETV1,,-0.347,0.04
hsa-miR-106b-5p,SLC25A36,,-0.347,0.04
hsa-miR-421,PANK2,,-0.347,0.04
hsa-let-7d-5p,ANKRD28,,-0.347,0.04
hsa-miR-106a-5p,SERP1,,-0.347,0.04
hsa-let-7i-5p,MTRES1,,-0.347,0.04
hsa-miR-23a-3p,TIGIT,,-0.347,0.04
hsa-miR-324-5p,RBM18,,-0.347,0.04
hsa-let-7g-5p,KCTD15,,-0.347,0.04
hsa-miR-186-5p,CDC42,,-0.347,0.04
hsa-miR-342-3p,TACC1,MIRT043739,-0.347,0.04
hsa-miR-326,PTPN9,,-0.347,0.04
hsa-let-7e-5p,SREBF2,,-0.346,0.04
hsa-miR-17-5p,YES1,MIRT000263,-0.346,0.04
hsa-miR-15b-5p,TMEM38A,,-0.346,0.04
hsa-miR-106a-5p,PPP6C,,-0.346,0.04
hsa-miR-16-5p,VAPB,,-0.346,0.04
hsa-miR-16-5p,DYRK2,,-0.346,0.04
hsa-miR-106a-5p,HIVEP3,,-0.346,0.04
hsa-miR-106b-5p,PHC3,,-0.346,0.04
hsa-miR-193b-3p,BAZ2A,MIRT728220,-0.346,0.04
hsa-miR-145-5p,ANKRD52,,-0.346,0.04
hsa-miR-145-5p,ZC2HC1C,,-0.346,0.04
hsa-miR-130b-3p,YY1,MIRT463649,-0.346,0.04
hsa-miR-363-3p,MARCHF8,,-0.346,0.04
hsa-miR-342-3p,SESTD1,,-0.346,0.04
hsa-miR-335-5p,EYA3,,-0.346,0.04
hsa-miR-1306-5p,FEN1,,-0.346,0.04
hsa-miR-27a-3p,FBRSL1,,-0.346,0.04
hsa-miR-15b-5p,XPR1,,-0.346,0.04
hsa-miR-338-3p,ATXN7L1,,-0.346,0.04
hsa-miR-501-3p,GNAQ,,-0.346,0.04
hsa-let-7d-5p,LCOR,,-0.346,0.04
hsa-miR-24-3p,CHI3L1,,-0.346,0.04
hsa-miR-128-3p,NCAM1,,-0.346,0.04
hsa-miR-17-5p,ERO1B,,-0.346,0.04
hsa-miR-324-5p,KIAA0513,,-0.346,0.04
hsa-miR-15b-5p,MARCHF9,,-0.346,0.04
hsa-miR-106a-5p,OTUD3,,-0.346,0.04
hsa-miR-107,LARP4B,,-0.346,0.04
hsa-miR-363-3p,SOX11,MIRT243161,-0.346,0.04
hsa-miR-363-3p,LPP,,-0.345,0.04
hsa-miR-20b-5p,IQSEC2,,-0.345,0.04
hsa-miR-362-5p,CDKL2,,-0.345,0.041
hsa-miR-17-5p,DNAL1,MIRT704162,-0.345,0.041
hsa-miR-760,H2AW,,-0.345,0.041
hsa-miR-106a-5p,LRATD2,,-0.345,0.041
hsa-miR-454-3p,CNOT6L,,-0.345,0.041
hsa-miR-152-3p,UCP3,,-0.345,0.041
hsa-miR-107,RNF152,,-0.345,0.041
hsa-miR-152-3p,DYRK1A,,-0.345,0.041
hsa-let-7d-5p,PLEKHA3,MIRT555551,-0.345,0.041
hsa-miR-93-5p,MAP3K9,,-0.345,0.041
hsa-miR-106a-5p,NIN,MIRT472171,-0.345,0.041
hsa-miR-143-3p,DLG3,,-0.345,0.041
hsa-miR-150-5p,ENSA,,-0.345,0.041
hsa-miR-148b-3p,LYSMD3,,-0.345,0.041
hsa-miR-16-5p,TGIF2,,-0.345,0.041
hsa-miR-196b-5p,GATA6,MIRT502411,-0.345,0.041
hsa-miR-24-3p,BCL2L12,MIRT030470,-0.345,0.041
hsa-miR-532-3p,SREBF2,,-0.345,0.041
hsa-miR-370-5p,ST6GALNAC3,,-0.345,0.041
hsa-miR-222-3p,AIDA,,-0.345,0.041
hsa-miR-145-5p,SLC35E1,,-0.345,0.041
hsa-miR-1306-5p,RBM3,,-0.345,0.041
hsa-miR-181b-5p,SEPTIN11,,-0.345,0.041
hsa-miR-148b-3p,UHMK1,MIRT019310,-0.345,0.041
hsa-let-7e-5p,RAB15,,-0.344,0.041
hsa-let-7d-5p,SYNJ2BP,MIRT466720,-0.344,0.041
hsa-miR-143-3p,DNMT3A,MIRT000716,-0.344,0.041
hsa-miR-195-5p,KANK1,MIRT556854,-0.344,0.041
hsa-miR-148b-3p,MTMR9,,-0.344,0.041
hsa-miR-106a-5p,ABI1,,-0.344,0.041
hsa-let-7e-5p,ZNF282,,-0.344,0.041
hsa-miR-301a-3p,PIP4P1,,-0.344,0.041
hsa-miR-1306-5p,YIPF2,,-0.344,0.041
hsa-miR-93-5p,KIAA1671,,-0.344,0.041
hsa-miR-129-5p,CDKN1C,,-0.344,0.042
hsa-miR-326,CCDC149,,-0.344,0.042
hsa-miR-98-5p,FBXO21,,-0.344,0.042
hsa-miR-221-3p,KDR,,-0.344,0.042
hsa-miR-106a-5p,SLC7A2,,-0.344,0.042
hsa-miR-106a-5p,STRIP2,,-0.344,0.042
hsa-let-7d-5p,HOOK1,,-0.344,0.042
hsa-miR-1-3p,RAD54L2,,-0.344,0.042
hsa-miR-15b-5p,RNF213,,-0.344,0.042
hsa-miR-454-3p,BAHD1,,-0.344,0.042
hsa-miR-205-5p,CALU,,-0.344,0.042
hsa-miR-140-5p,NDST1,,-0.344,0.042
hsa-miR-152-3p,RNF44,,-0.344,0.042
hsa-miR-15b-5p,CERS1,,-0.344,0.042
hsa-miR-9-5p,GABRB2,,-0.344,0.042
hsa-miR-532-3p,PALD1,,-0.344,0.042
hsa-miR-7-5p,HS3ST5,,-0.344,0.042
hsa-miR-93-5p,FAM83F,,-0.344,0.042
hsa-miR-1306-5p,IVD,,-0.344,0.042
hsa-miR-25-3p,BMPR1A,MIRT559194,-0.343,0.042
hsa-miR-93-5p,KLHL2,,-0.343,0.042
hsa-miR-29b-3p,COL4A5,MIRT053738,-0.343,0.042
hsa-miR-145-5p,USP46,MIRT021493,-0.343,0.042
hsa-miR-148b-3p,ATP8A1,,-0.343,0.042
hsa-miR-93-5p,SPRED1,MIRT028118,-0.343,0.042
hsa-miR-15a-5p,TSPYL2,MIRT004680,-0.343,0.042
hsa-miR-16-5p,SLC39A9,MIRT191626,-0.343,0.042
hsa-miR-582-5p,VAV2,,-0.343,0.042
hsa-miR-186-5p,VAPB,,-0.343,0.042
hsa-miR-34a-5p,GABRA3,,-0.343,0.042
hsa-miR-381-3p,GRIN2B,,-0.343,0.042
hsa-miR-130b-3p,BAG5,,-0.343,0.042
hsa-miR-30c-5p,WNT7B,,-0.343,0.042
hsa-miR-93-5p,SINHCAF,,-0.343,0.042
hsa-miR-98-5p,IPO9,MIRT702706,-0.343,0.042
hsa-miR-106a-5p,MSMO1,MIRT164527,-0.343,0.042
hsa-miR-152-3p,XPO4,,-0.343,0.042
hsa-miR-144-3p,IRS1,MIRT734527,-0.343,0.042
hsa-miR-301a-3p,ABRAXAS2,,-0.343,0.042
hsa-miR-324-5p,RBM38,,-0.343,0.042
hsa-miR-491-5p,NFIB,MIRT511100,-0.343,0.042
hsa-miR-107,PKIA,,-0.343,0.042
hsa-let-7d-5p,GRIN3A,,-0.343,0.042
hsa-miR-152-3p,MAP3K4,,-0.343,0.042
hsa-miR-708-5p,PFKM,,-0.343,0.042
hsa-miR-21-5p,NEGR1,,-0.343,0.042
hsa-miR-378a-3p,KCND1,,-0.343,0.042
hsa-miR-17-5p,SLC25A44,MIRT266852,-0.343,0.042
hsa-miR-25-3p,STAG2,,-0.343,0.042
hsa-miR-25-3p,APPL1,,-0.343,0.042
hsa-miR-16-5p,TXLNG,MIRT051225,-0.343,0.042
hsa-miR-454-3p,LRCH1,,-0.343,0.042
hsa-miR-1306-5p,FBXO44,MIRT658207,-0.343,0.042
hsa-miR-16-5p,ZNF831,,-0.343,0.043
hsa-miR-224-5p,SESN3,,-0.343,0.043
hsa-miR-106b-5p,ABL2,,-0.343,0.043
hsa-miR-18a-5p,SATB1,,-0.342,0.043
hsa-miR-26a-5p,HAS2,,-0.342,0.043
hsa-miR-15a-5p,PPM1K,,-0.342,0.043
hsa-miR-181a-5p,VKORC1L1,,-0.342,0.043
hsa-miR-31-5p,STK40,MIRT007319,-0.342,0.043
hsa-miR-93-5p,IPO7,,-0.342,0.043
hsa-miR-454-3p,TANC2,,-0.342,0.043
hsa-miR-106a-5p,TRIM3,,-0.342,0.043
hsa-miR-20b-5p,LUZP1,,-0.342,0.043
hsa-miR-106a-5p,USP28,,-0.342,0.043
hsa-miR-106a-5p,HLF,,-0.342,0.043
hsa-miR-30e-5p,HDAC9,,-0.342,0.043
hsa-miR-20b-5p,ACBD5,MIRT728403,-0.342,0.043
hsa-let-7d-5p,LRATD2,,-0.342,0.043
hsa-miR-24-3p,MGAT4A,,-0.342,0.043
hsa-miR-181a-5p,FLT1,,-0.342,0.043
hsa-miR-205-5p,ZEB2,MIRT003666,-0.342,0.043
hsa-miR-15a-5p,SEC24A,MIRT468676,-0.342,0.043
hsa-miR-1306-5p,CBX5,,-0.342,0.043
hsa-miR-330-3p,DPYSL5,,-0.342,0.043
hsa-miR-17-5p,PITPNA,MIRT471011,-0.342,0.043
hsa-miR-93-5p,FSD1L,,-0.342,0.043
hsa-miR-96-5p,PTPRQ,,-0.342,0.043
hsa-miR-182-5p,NUAK1,,-0.342,0.043
hsa-miR-125b-5p,VSIR,,-0.342,0.043
hsa-miR-143-3p,FAM83F,MIRT734879,-0.342,0.043
hsa-miR-34c-5p,ADIPOR2,,-0.342,0.043
hsa-miR-339-5p,BCLAF1,,-0.342,0.043
hsa-miR-429,MAP4K4,,-0.342,0.043
hsa-miR-31-5p,SLC25A16,,-0.342,0.043
hsa-let-7e-5p,TUSC2,,-0.342,0.043
hsa-miR-25-3p,RPS6KB1,,-0.342,0.043
hsa-miR-135a-5p,SAMD8,,-0.342,0.043
hsa-miR-152-3p,CHD7,,-0.342,0.043
hsa-miR-106b-5p,ESR1,,-0.342,0.043
hsa-miR-196a-5p,NEURL1B,,-0.342,0.043
hsa-miR-107,ZBTB10,MIRT552646,-0.341,0.043
hsa-miR-491-5p,USP20,,-0.341,0.043
hsa-miR-25-3p,NRG1,,-0.341,0.043
hsa-miR-33a-5p,CDH6,MIRT669111,-0.341,0.043
hsa-miR-421,LZIC,,-0.341,0.043
hsa-miR-19b-3p,GRIN2A,,-0.341,0.043
hsa-miR-335-5p,RBFOX2,,-0.341,0.043
hsa-miR-18a-5p,TNRC6B,MIRT031349,-0.341,0.043
hsa-miR-23b-3p,MIDN,,-0.341,0.043
hsa-miR-301a-3p,RASGEF1A,,-0.341,0.043
hsa-miR-145-5p,NSUN4,,-0.341,0.043
hsa-miR-125b-5p,HAPLN1,,-0.341,0.043
hsa-miR-15a-5p,TRAK1,MIRT614697,-0.341,0.043
hsa-miR-16-5p,SHROOM3,,-0.341,0.043
hsa-miR-106b-5p,NFAT5,MIRT144304,-0.341,0.043
hsa-miR-106b-5p,NBEA,,-0.341,0.043
hsa-miR-342-3p,CSF1,,-0.341,0.043
hsa-miR-370-5p,CRTAP,,-0.341,0.043
hsa-miR-106a-5p,TRPS1,,-0.341,0.044
hsa-miR-1-3p,PPP4R2,,-0.341,0.044
hsa-miR-328-3p,STT3A,MIRT043817,-0.341,0.044
hsa-miR-17-5p,TP53INP1,MIRT053060,-0.341,0.044
hsa-miR-1-3p,RFX3,,-0.341,0.044
hsa-miR-491-5p,ASB13,,-0.341,0.044
hsa-miR-186-5p,ACTR3,,-0.341,0.044
hsa-miR-363-3p,SH3PXD2A,,-0.341,0.044
hsa-miR-1306-5p,CXADR,,-0.341,0.044
hsa-miR-190a-5p,KCNJ6,,-0.341,0.044
hsa-let-7b-5p,MEF2C,MIRT052262,-0.341,0.044
hsa-let-7d-5p,WASL,MIRT533189,-0.341,0.044
hsa-miR-107,PPIP5K2,,-0.341,0.044
hsa-miR-106b-5p,DGKH,,-0.341,0.044
hsa-miR-148b-3p,RORA,,-0.341,0.044
hsa-miR-25-3p,DCAF10,,-0.341,0.044
hsa-miR-107,UBXN7,,-0.341,0.044
hsa-miR-106b-5p,MECP2,MIRT440262,-0.341,0.044
hsa-miR-18a-5p,ZBTB20,,-0.341,0.044
hsa-miR-10a-5p,E2F3,,-0.341,0.044
hsa-miR-106a-5p,AGO1,MIRT048332,-0.341,0.044
hsa-miR-222-3p,PDE3A,,-0.341,0.044
hsa-miR-106b-5p,SLC22A23,MIRT467900,-0.341,0.044
hsa-let-7e-5p,BIN3,,-0.341,0.044
hsa-miR-93-5p,NCOR1,,-0.341,0.044
hsa-miR-15b-5p,MYBL1,,-0.341,0.044
hsa-miR-7-5p,DLGAP2,,-0.34,0.044
hsa-miR-106a-5p,ENPP5,MIRT548398,-0.34,0.044
hsa-miR-106a-5p,DSTYK,MIRT761121,-0.34,0.044
hsa-miR-17-5p,DNAJB6,MIRT538046,-0.34,0.044
hsa-miR-130a-3p,CFL2,MIRT558775,-0.34,0.044
hsa-miR-186-5p,FAM168A,,-0.34,0.044
hsa-miR-335-5p,NUCKS1,,-0.34,0.044
hsa-miR-491-5p,NCBP3,,-0.34,0.044
hsa-miR-7-5p,STRN3,,-0.34,0.044
hsa-miR-130a-3p,PPARG,MIRT005957,-0.34,0.044
hsa-miR-107,NAA15,,-0.34,0.044
hsa-miR-760,ACVR1B,,-0.34,0.044
hsa-let-7a-5p,MMP11,,-0.34,0.044
hsa-miR-758-3p,IAH1,,-0.34,0.044
hsa-miR-454-3p,FMR1,,-0.34,0.044
hsa-miR-1306-5p,FAM83F,,-0.34,0.044
hsa-miR-370-5p,ATP1A2,,-0.34,0.044
hsa-miR-25-3p,TENT2,,-0.34,0.044
hsa-let-7d-5p,MSI2,MIRT547372,-0.34,0.044
hsa-miR-26a-5p,LETM1,,-0.34,0.044
hsa-miR-335-5p,KAT7,,-0.34,0.044
hsa-miR-378c,YY1,MIRT742749,-0.34,0.044
hsa-miR-370-5p,UVRAG,,-0.34,0.044
hsa-miR-33a-5p,CADM2,,-0.34,0.044
hsa-miR-98-5p,LIPH,,-0.34,0.044
hsa-miR-421,APPBP2,,-0.34,0.044
hsa-let-7c-5p,ATPAF1,,-0.34,0.044
hsa-miR-15a-5p,ZNF704,MIRT552348,-0.34,0.044
hsa-miR-17-5p,VANGL1,,-0.34,0.044
hsa-miR-16-5p,TLE4,MIRT031643,-0.34,0.044
hsa-miR-15b-5p,MAPK1IP1L,,-0.34,0.044
hsa-miR-143-3p,C1orf74,,-0.34,0.044
hsa-let-7e-5p,VAV3,,-0.34,0.045
hsa-miR-9-5p,PRRX1,MIRT707304,-0.34,0.045
hsa-miR-148b-3p,ZBTB20,,-0.34,0.045
hsa-let-7d-5p,MTUS1,MIRT472738,-0.339,0.045
hsa-miR-17-5p,STAT3,MIRT054903,-0.339,0.045
hsa-miR-30a-5p,YPEL2,,-0.339,0.045
hsa-miR-106a-5p,ARL4A,,-0.339,0.045
hsa-miR-16-5p,CPEB3,MIRT512644,-0.339,0.045
hsa-miR-152-3p,MSI2,,-0.339,0.045
hsa-miR-423-5p,CREBZF,,-0.339,0.045
hsa-miR-106b-5p,ZNF236,,-0.339,0.045
hsa-miR-532-3p,SSR3,,-0.339,0.045
hsa-miR-15a-5p,SEMA6D,,-0.339,0.045
hsa-miR-93-5p,REST,MIRT213204,-0.339,0.045
hsa-miR-107,SNX30,,-0.339,0.045
hsa-miR-106b-5p,EDA2R,,-0.339,0.045
hsa-miR-326,CKAP2L,,-0.339,0.045
hsa-miR-106b-5p,SMIM14,,-0.339,0.045
hsa-miR-491-5p,GATAD2B,,-0.339,0.045
hsa-miR-454-3p,SMARCD2,,-0.339,0.045
hsa-miR-324-5p,ARHGAP36,,-0.339,0.045
hsa-miR-378c,CSRNP3,,-0.339,0.045
hsa-miR-98-5p,ATP2A2,,-0.339,0.045
hsa-miR-20b-5p,ZBTB8A,,-0.339,0.045
hsa-miR-320b,NR4A2,,-0.339,0.045
hsa-miR-20a-5p,MBD2,,-0.339,0.045
hsa-miR-363-3p,TFDP2,,-0.339,0.045
hsa-miR-532-3p,UBE2D3,,-0.339,0.045
hsa-miR-150-5p,DUSP13,,-0.338,0.045
hsa-let-7d-5p,NR6A1,MIRT471965,-0.338,0.045
hsa-miR-24-3p,USF3,,-0.338,0.045
hsa-miR-1-3p,UBE4A,,-0.338,0.045
hsa-miR-145-5p,FBXO34,,-0.338,0.045
hsa-miR-152-3p,CANX,,-0.338,0.045
hsa-miR-423-5p,ZMYM4,,-0.338,0.045
hsa-miR-23a-3p,PDPK1,,-0.338,0.045
hsa-miR-497-5p,HCN1,,-0.338,0.045
hsa-miR-139-5p,NFAT5,,-0.338,0.045
hsa-miR-1306-5p,BRD4,MIRT660149,-0.338,0.045
hsa-miR-195-5p,KATNAL1,MIRT727384,-0.338,0.046
hsa-miR-148b-3p,ARHGEF17,,-0.338,0.046
hsa-miR-20b-5p,GIT2,,-0.338,0.046
hsa-miR-532-3p,CACUL1,,-0.338,0.046
hsa-miR-98-5p,PRLR,,-0.338,0.046
hsa-miR-15b-5p,UBAP1,,-0.338,0.046
hsa-miR-150-5p,B4GAT1,,-0.338,0.046
hsa-miR-107,WNT4,,-0.338,0.046
hsa-miR-92b-3p,FBXO32,,-0.338,0.046
hsa-miR-7-5p,KPNA1,,-0.338,0.046
hsa-miR-106a-5p,INO80,,-0.338,0.046
hsa-miR-212-3p,RORB,,-0.338,0.046
hsa-miR-16-5p,TMCC1,MIRT031658,-0.338,0.046
hsa-miR-185-5p,CDC42EP3,,-0.338,0.046
hsa-miR-532-3p,ISY1,,-0.338,0.046
hsa-miR-378a-3p,WBP2,,-0.338,0.046
hsa-miR-107,SEMA6A,MIRT492394,-0.338,0.046
hsa-miR-491-5p,SAP30BP,,-0.338,0.046
hsa-miR-16-5p,STOX2,,-0.338,0.046
hsa-miR-15b-5p,ATP10B,,-0.337,0.046
hsa-miR-24-3p,ELP5,,-0.337,0.046
hsa-miR-145-5p,MTDH,MIRT733264,-0.337,0.046
hsa-miR-106b-5p,UCP3,,-0.337,0.046
hsa-miR-29b-3p,MANEAL,,-0.337,0.046
hsa-miR-150-5p,PTPA,,-0.337,0.046
hsa-miR-20b-5p,LAPTM4A,MIRT493345,-0.337,0.046
hsa-miR-16-5p,EVI5,,-0.337,0.046
hsa-miR-22-3p,EDNRA,,-0.337,0.046
hsa-miR-107,CGGBP1,,-0.337,0.046
hsa-miR-15b-5p,CACUL1,MIRT549077,-0.337,0.046
hsa-miR-145-5p,EFNB3,,-0.337,0.046
hsa-miR-152-3p,PHF20,,-0.337,0.046
hsa-miR-20b-5p,PGM2L1,MIRT726961,-0.337,0.046
hsa-miR-19b-3p,AAK1,,-0.337,0.046
hsa-miR-148b-3p,SRSF11,,-0.337,0.046
hsa-miR-370-5p,ANTXR2,,-0.337,0.046
hsa-miR-452-5p,TRIQK,,-0.337,0.046
hsa-miR-98-5p,FGF11,,-0.337,0.046
hsa-let-7d-5p,PRKAR2A,,-0.337,0.046
hsa-miR-106a-5p,TTPAL,,-0.337,0.046
hsa-miR-30d-5p,CELF2,,-0.337,0.046
hsa-miR-139-5p,UHMK1,MIRT697773,-0.337,0.046
hsa-miR-145-5p,CCDC120,,-0.337,0.046
hsa-miR-615-3p,TM9SF2,MIRT040243,-0.337,0.046
hsa-let-7e-5p,ABCB9,,-0.337,0.046
hsa-miR-106b-5p,MYNN,,-0.337,0.046
hsa-miR-24-3p,HOXC12,,-0.337,0.046
hsa-miR-15a-5p,NXPE3,,-0.337,0.046
hsa-miR-24-3p,NAV2,,-0.337,0.046
hsa-miR-93-5p,ANKRD9,,-0.337,0.046
hsa-miR-93-5p,TRIM66,,-0.337,0.046
hsa-miR-93-5p,DNAL1,MIRT704168,-0.337,0.046
hsa-miR-532-3p,NEXMIF,,-0.337,0.046
hsa-let-7d-5p,SLC26A9,,-0.337,0.046
hsa-let-7e-5p,B3GAT1,,-0.337,0.046
hsa-miR-26a-5p,KCNE4,,-0.337,0.046
hsa-miR-93-5p,RASA2,,-0.337,0.046
hsa-miR-301a-3p,MIER3,,-0.337,0.046
hsa-miR-16-5p,PELI2,,-0.337,0.046
hsa-miR-106a-5p,ZNF827,,-0.337,0.046
hsa-miR-106a-5p,RPS6KA5,MIRT534570,-0.337,0.046
hsa-miR-145-5p,CLCN3,,-0.337,0.046
hsa-miR-423-5p,KCNC3,,-0.337,0.046
hsa-miR-98-5p,B3GAT1,,-0.337,0.046
hsa-miR-106a-5p,GATAD2B,,-0.337,0.046
hsa-miR-15b-5p,CDC6,,-0.337,0.046
hsa-let-7e-5p,ZNF689,,-0.337,0.047
hsa-miR-18a-5p,CHRM3,,-0.337,0.047
hsa-miR-454-3p,JADE1,,-0.337,0.047
hsa-let-7d-5p,NRAS,,-0.337,0.047
hsa-miR-93-5p,TUSC2,MIRT004410,-0.336,0.047
hsa-miR-106a-5p,SFMBT1,,-0.336,0.047
hsa-miR-106b-5p,RAPGEF5,,-0.336,0.047
hsa-miR-106a-5p,CMTM4,,-0.336,0.047
hsa-miR-20b-5p,CNGB3,,-0.336,0.047
hsa-let-7e-5p,MYCBP,,-0.336,0.047
hsa-miR-29b-3p,HMGCR,MIRT733945,-0.336,0.047
hsa-miR-107,NFATC2,,-0.336,0.047
hsa-miR-199b-3p,KCTD16,,-0.336,0.047
hsa-miR-328-3p,SOX11,,-0.336,0.047
hsa-miR-145-5p,SRGAP1,MIRT005810,-0.336,0.047
hsa-miR-93-5p,ZNF827,,-0.336,0.047
hsa-miR-106a-5p,IPO9,,-0.336,0.047
hsa-miR-301a-3p,WDR20,,-0.336,0.047
hsa-miR-106a-5p,SACS,,-0.336,0.047
hsa-miR-199a-3p,KCTD16,,-0.336,0.047
hsa-miR-339-5p,SLX4IP,,-0.336,0.047
hsa-miR-31-5p,KCTD20,,-0.336,0.047
hsa-miR-708-5p,PRCC,,-0.336,0.047
hsa-miR-98-5p,KLHL13,,-0.336,0.047
hsa-miR-32-5p,REV3L,MIRT054929,-0.336,0.047
hsa-miR-330-5p,NFIX,,-0.336,0.047
hsa-let-7d-5p,FAM104A,MIRT032171,-0.336,0.047
hsa-miR-98-5p,LIMK2,,-0.336,0.047
hsa-miR-1-3p,ASXL2,MIRT442950,-0.336,0.047
hsa-miR-140-5p,RALGPS1,,-0.336,0.047
hsa-miR-98-5p,ZBTB8B,,-0.336,0.047
hsa-miR-142-5p,OTUD4,,-0.336,0.047
hsa-miR-23a-3p,GREM1,,-0.336,0.047
hsa-let-7c-5p,VGLL3,,-0.336,0.047
hsa-miR-96-5p,TACC1,,-0.336,0.047
hsa-miR-103a-3p,HMGN2,,-0.336,0.047
hsa-miR-15b-5p,RREB1,,-0.336,0.047
hsa-miR-186-5p,GRIN3A,,-0.336,0.047
hsa-miR-24-3p,YOD1,MIRT030622,-0.335,0.047
hsa-miR-15b-5p,MCF2L,,-0.335,0.047
hsa-miR-130b-3p,RNF180,,-0.335,0.047
hsa-miR-186-5p,DOCK3,MIRT045048,-0.335,0.047
hsa-miR-381-3p,MSRB3,,-0.335,0.047
hsa-miR-16-5p,PRPF38A,,-0.335,0.048
hsa-miR-18a-5p,TAOK1,MIRT196599,-0.335,0.048
hsa-miR-24-3p,SLC7A6OS,,-0.335,0.048
hsa-miR-93-5p,PANK3,MIRT727016,-0.335,0.048
hsa-miR-186-5p,ATP8A2,,-0.335,0.048
hsa-miR-106b-5p,SLC30A1,MIRT485102,-0.335,0.048
hsa-miR-363-3p,ATXN1L,,-0.335,0.048
hsa-miR-107,PCGF5,,-0.335,0.048
hsa-miR-424-5p,SPOCK3,,-0.335,0.048
hsa-miR-20b-5p,ANKH,MIRT095726,-0.335,0.048
hsa-miR-30e-5p,CCDC71L,MIRT704911,-0.335,0.048
hsa-miR-106a-5p,SRPK2,,-0.335,0.048
hsa-miR-107,PIK3R1,MIRT314098,-0.335,0.048
hsa-miR-106b-5p,CREB1,MIRT205050,-0.335,0.048
hsa-miR-152-3p,CNOT6,,-0.335,0.048
hsa-miR-186-5p,TOB1,,-0.335,0.048
hsa-miR-148b-3p,HSPA4L,,-0.335,0.048
hsa-miR-339-5p,LDLRAD3,,-0.335,0.048
hsa-miR-107,CENPP,,-0.335,0.048
hsa-miR-200a-3p,RGS17,,-0.335,0.048
hsa-miR-493-5p,RXRA,,-0.335,0.048
hsa-miR-421,PACRGL,,-0.335,0.048
hsa-miR-24-3p,MAGI1,MIRT030459,-0.335,0.048
hsa-miR-106a-5p,PCDHA7,,-0.335,0.048
hsa-miR-339-5p,RBM27,,-0.335,0.048
hsa-miR-370-5p,PIP4P2,,-0.335,0.048
hsa-let-7c-5p,SOCS1,MIRT492218,-0.335,0.048
hsa-miR-17-5p,C6orf62,,-0.335,0.048
hsa-miR-96-5p,CELF2,,-0.335,0.048
hsa-miR-378c,LAS1L,,-0.335,0.048
hsa-miR-15a-5p,PCDHA8,,-0.334,0.048
hsa-miR-200b-3p,WIPF1,,-0.334,0.048
hsa-miR-196b-5p,NRXN1,,-0.334,0.048
hsa-miR-424-5p,HAS2,,-0.334,0.048
hsa-miR-16-5p,MAP2K6,,-0.334,0.048
hsa-miR-106a-5p,TRIM44,,-0.334,0.048
hsa-miR-365a-3p,PRKAR2A,,-0.334,0.048
hsa-miR-365b-3p,PRKAR2A,,-0.334,0.048
hsa-miR-107,AKAP13,,-0.334,0.048
hsa-miR-106b-5p,BTBD7,MIRT441098,-0.334,0.048
hsa-miR-106b-5p,PEX5L,,-0.334,0.048
hsa-miR-107,SUSD6,,-0.334,0.049
hsa-miR-107,FAM110C,,-0.334,0.049
hsa-miR-125a-5p,SAMD14,,-0.334,0.049
hsa-miR-107,UBE2Q1,MIRT464746,-0.334,0.049
hsa-miR-421,SPTY2D1,,-0.334,0.049
hsa-miR-140-5p,CTCF,,-0.334,0.049
hsa-miR-18a-5p,WNT8B,,-0.334,0.049
hsa-miR-23a-3p,PPARGC1A,MIRT006280,-0.334,0.049
hsa-miR-29c-3p,PLP1,,-0.334,0.049
hsa-miR-339-5p,COG8,,-0.334,0.049
hsa-miR-421,GSPT1,,-0.334,0.049
hsa-miR-98-5p,ABHD17C,MIRT568653,-0.334,0.049
hsa-miR-326,STK35,,-0.334,0.049
hsa-miR-152-3p,SLC2A1,,-0.333,0.049
hsa-miR-25-3p,CD2AP,,-0.333,0.049
hsa-miR-93-5p,KDM2A,,-0.333,0.049
hsa-miR-195-5p,VAT1,,-0.333,0.049
hsa-miR-125a-5p,SRRM3,,-0.333,0.049
hsa-miR-185-5p,SMUG1,,-0.333,0.049
hsa-miR-330-3p,MOB3C,,-0.333,0.049
hsa-miR-98-5p,SLC1A4,,-0.333,0.049
hsa-miR-17-5p,TPRG1L,MIRT055019,-0.333,0.049
hsa-miR-19b-3p,BCL3,MIRT252921,-0.333,0.049
hsa-miR-454-3p,LMBRD2,,-0.333,0.049
hsa-miR-24-3p,ZNF532,,-0.333,0.049
hsa-miR-200c-3p,SURF4,,-0.333,0.049
hsa-miR-129-5p,ITSN1,,-0.333,0.05
hsa-miR-148b-3p,STK38L,,-0.333,0.05
hsa-miR-17-5p,CACUL1,,-0.333,0.05
hsa-miR-140-5p,CUL3,,-0.333,0.05
hsa-miR-140-5p,MYO10,,-0.333,0.05
hsa-miR-186-5p,FTO,,-0.333,0.05
hsa-miR-98-5p,NKAPD1,MIRT027777,-0.333,0.05
hsa-let-7g-5p,SLC25A4,,-0.333,0.05
hsa-miR-423-5p,CBX5,,-0.333,0.05
hsa-let-7d-5p,ENTPD7,,-0.333,0.05
hsa-miR-204-5p,SLITRK4,,-0.333,0.05
hsa-miR-15a-5p,PHF21A,,-0.332,0.05
hsa-miR-93-5p,CREBRF,MIRT028082,-0.332,0.05
hsa-miR-93-5p,USP37,,-0.332,0.05
hsa-miR-139-5p,ZC3H12A,,-0.332,0.05
hsa-miR-326,FAM168A,,-0.332,0.05
hsa-miR-106b-5p,RAPGEF2,,-0.332,0.05
LRRC1,REAC:R-HSA-162582,,,
FZD4,REAC:R-HSA-162582,,,
NRP1,REAC:R-HSA-162582,,,
HCAR2,REAC:R-HSA-162582,,,
GNAI1,REAC:R-HSA-162582,,,
ITSN1,REAC:R-HSA-162582,,,
RCC2,REAC:R-HSA-162582,,,
HNRNPA1,REAC:R-HSA-162582,,,
PAK4,REAC:R-HSA-162582,,,
TP53,REAC:R-HSA-162582,,,
YWHAG,REAC:R-HSA-162582,,,
NCOA2,REAC:R-HSA-162582,,,
F2RL1,REAC:R-HSA-162582,,,
PPP5C,REAC:R-HSA-162582,,,
SMARCA4,REAC:R-HSA-162582,,,
IL17RD,REAC:R-HSA-162582,,,
CHEK1,REAC:R-HSA-162582,,,
CUL3,REAC:R-HSA-162582,,,
CHRDL1,REAC:R-HSA-162582,,,
RUNX1,REAC:R-HSA-162582,,,
SKP1,REAC:R-HSA-162582,,,
MTA3,REAC:R-HSA-162582,,,
HNRNPF,REAC:R-HSA-162582,,,
DYNLL2,REAC:R-HSA-162582,,,
TGIF1,REAC:R-HSA-162582,,,
CYP26B1,REAC:R-HSA-162582,,,
AGO1,REAC:R-HSA-162582,,,
H3-3B,REAC:R-HSA-162582,,,
NR5A2,REAC:R-HSA-162582,,,
TPM3,REAC:R-HSA-162582,,,
SYNGAP1,REAC:R-HSA-162582,,,
ABCA1,REAC:R-HSA-162582,,,
STAG2,REAC:R-HSA-162582,,,
ACVR1C,REAC:R-HSA-162582,,,
POU2F1,REAC:R-HSA-162582,,,
CSNK1G2,REAC:R-HSA-162582,,,
IGF1R,REAC:R-HSA-162582,,,
TEK,REAC:R-HSA-162582,,,
FSTL1,REAC:R-HSA-162582,,,
SOWAHC,REAC:R-HSA-162582,,,
E2F5,REAC:R-HSA-162582,,,
MAPK8,REAC:R-HSA-162582,,,
PDE7A,REAC:R-HSA-162582,,,
YWHAQ,REAC:R-HSA-162582,,,
ABI2,REAC:R-HSA-162582,,,
FAM102A,REAC:R-HSA-162582,,,
TLN2,REAC:R-HSA-162582,,,
SOCS6,REAC:R-HSA-162582,,,
COX7A2L,REAC:R-HSA-162582,,,
CDC23,REAC:R-HSA-162582,,,
RBM18,REAC:R-HSA-162582,,,
BAZ2A,REAC:R-HSA-162582,,,
PGRMC2,REAC:R-HSA-162582,,,
VPS53,REAC:R-HSA-162582,,,
HAS2,REAC:R-HSA-162582,,,
SSBP2,REAC:R-HSA-162582,,,
WDR37,REAC:R-HSA-162582,,,
NR6A1,REAC:R-HSA-162582,,,
NRIP3,REAC:R-HSA-162582,,,
PALM2AKAP2,REAC:R-HSA-162582,,,
ABHD6,REAC:R-HSA-162582,,,
TPM4,REAC:R-HSA-162582,,,
CCDC25,REAC:R-HSA-162582,,,
LDLRAD3,REAC:R-HSA-162582,,,
EIF4B,REAC:R-HSA-162582,,,
FAF1,REAC:R-HSA-162582,,,
ZBTB6,REAC:R-HSA-162582,,,
TRUB1,REAC:R-HSA-162582,,,
TVP23B,REAC:R-HSA-162582,,,
MLLT3,REAC:R-HSA-162582,,,
PPM1K,REAC:R-HSA-162582,,,
NPR3,REAC:R-HSA-162582,,,
ZXDA,REAC:R-HSA-162582,,,
TRIM3,REAC:R-HSA-162582,,,
ZFP3,REAC:R-HSA-162582,,,
KIF1B,REAC:R-HSA-162582,,,
SLC2A1,REAC:R-HSA-162582,,,
TAF3,REAC:R-HSA-162582,,,
G3BP1,REAC:R-HSA-162582,,,
RALGPS1,REAC:R-HSA-162582,,,
SMAD2,REAC:R-HSA-162582,,,
ACVR2A,REAC:R-HSA-162582,,,
SAMD8,REAC:R-HSA-162582,,,
CDC6,REAC:R-HSA-162582,,,
CDCA3,REAC:R-HSA-162582,,,
BAHD1,REAC:R-HSA-162582,,,
TFCP2L1,REAC:R-HSA-162582,,,
RNF4,REAC:R-HSA-162582,,,
TMPO,REAC:R-HSA-162582,,,
RERE,REAC:R-HSA-162582,,,
MAP2K6,REAC:R-HSA-162582,,,
CPEB3,REAC:R-HSA-162582,,,
MTARC1,REAC:R-HSA-162582,,,
ANK2,REAC:R-HSA-162582,,,
BZW1,REAC:R-HSA-162582,,,
MIPOL1,REAC:R-HSA-162582,,,
CHST14,REAC:R-HSA-162582,,,
AMMECR1,REAC:R-HSA-162582,,,
FBXW11,REAC:R-HSA-162582,,,
CARMIL1,REAC:R-HSA-162582,,,
TMEM107,REAC:R-HSA-162582,,,
AP2B1,REAC:R-HSA-162582,,,
RTN4,REAC:R-HSA-162582,,,
RPS6KA6,REAC:R-HSA-162582,,,
EXPH5,REAC:R-HSA-162582,,,
RLIM,REAC:R-HSA-162582,,,
PGGT1B,REAC:R-HSA-162582,,,
PSD3,REAC:R-HSA-162582,,,
SRPK2,REAC:R-HSA-162582,,,
SCD,REAC:R-HSA-162582,,,
H2AZ2,REAC:R-HSA-162582,,,
PDXDC1,REAC:R-HSA-162582,,,
FBXO41,REAC:R-HSA-162582,,,
PDCD4,REAC:R-HSA-162582,,,
CCNT2,REAC:R-HSA-162582,,,
RYBP,REAC:R-HSA-162582,,,
GOLGA3,REAC:R-HSA-162582,,,
SCN2B,REAC:R-HSA-162582,,,
XIAP,REAC:R-HSA-162582,,,
ALPK3,REAC:R-HSA-162582,,,
WAPL,REAC:R-HSA-162582,,,
KPNA6,REAC:R-HSA-162582,,,
IGF1,REAC:R-HSA-162582,,,
TOM1L2,REAC:R-HSA-162582,,,
TIMP3,REAC:R-HSA-162582,,,
SMIM14,REAC:R-HSA-162582,,,
UEVLD,REAC:R-HSA-162582,,,
NME7,REAC:R-HSA-162582,,,
SLC4A8,REAC:R-HSA-162582,,,
POLH,REAC:R-HSA-162582,,,
TIAM2,REAC:R-HSA-162582,,,
HECTD2,REAC:R-HSA-162582,,,
HOXB8,REAC:R-HSA-162582,,,
TMEM26,REAC:R-HSA-162582,,,
CDC40,REAC:R-HSA-162582,,,
FBXO28,REAC:R-HSA-162582,,,
PGM2L1,REAC:R-HSA-162582,,,
STK24,REAC:R-HSA-162582,,,
NUP43,REAC:R-HSA-162582,,,
RAB21,REAC:R-HSA-162582,,,
PDK3,REAC:R-HSA-162582,,,
DCX,REAC:R-HSA-162582,,,
TET2,REAC:R-HSA-162582,,,
MASTL,REAC:R-HSA-162582,,,
HNMT,REAC:R-HSA-162582,,,
LHX4,REAC:R-HSA-162582,,,
ZNF428,REAC:R-HSA-162582,,,
ANK3,REAC:R-HSA-162582,,,
PHIP,REAC:R-HSA-162582,,,
FAHD2A,REAC:R-HSA-162582,,,
USP47,REAC:R-HSA-162582,,,
MEF2D,REAC:R-HSA-162582,,,
CALM1,REAC:R-HSA-162582,,,
BEST1,REAC:R-HSA-162582,,,
INO80D,REAC:R-HSA-162582,,,
TBP,REAC:R-HSA-162582,,,
AAK1,REAC:R-HSA-162582,,,
FNBP4,REAC:R-HSA-162582,,,
ETNK2,REAC:R-HSA-162582,,,
ANGPTL2,REAC:R-HSA-162582,,,
LUC7L2,REAC:R-HSA-162582,,,
TENT5C,REAC:R-HSA-162582,,,
GRAMD1B,REAC:R-HSA-162582,,,
PRKCE,REAC:R-HSA-162582,,,
CCSER1,REAC:R-HSA-162582,,,
TSN,REAC:R-HSA-162582,,,
BAK1,REAC:R-HSA-162582,,,
CDC25A,REAC:R-HSA-162582,,,
TNFRSF19,REAC:R-HSA-162582,,,
C2orf69,REAC:R-HSA-162582,,,
ZBTB20,REAC:R-HSA-162582,,,
PLCL2,REAC:R-HSA-162582,,,
SHE,REAC:R-HSA-162582,,,
TRIM5,REAC:R-HSA-162582,,,
VAPA,REAC:R-HSA-162582,,,
ATAD2,REAC:R-HSA-162582,,,
RSBN1L,REAC:R-HSA-162582,,,
HMGCS1,REAC:R-HSA-162582,,,
MKRN1,REAC:R-HSA-162582,,,
PCDHA6,REAC:R-HSA-162582,,,
TMEM178B,REAC:R-HSA-162582,,,
HIF3A,REAC:R-HSA-162582,,,
ABHD2,REAC:R-HSA-162582,,,
PAFAH1B2,REAC:R-HSA-162582,,,
MECP2,REAC:R-HSA-162582,,,
DDIAS,REAC:R-HSA-162582,,,
ARRDC3,REAC:R-HSA-162582,,,
OTUD3,REAC:R-HSA-162582,,,
ZBTB44,REAC:R-HSA-162582,,,
ZNRF3,REAC:R-HSA-162582,,,
SFMBT2,REAC:R-HSA-162582,,,
HAUS8,REAC:R-HSA-162582,,,
BEND3,REAC:R-HSA-162582,,,
DR1,REAC:R-HSA-162582,,,
FAM177A1,REAC:R-HSA-162582,,,
ASB4,REAC:R-HSA-162582,,,
ADIPOR2,REAC:R-HSA-162582,,,
RSF1,REAC:R-HSA-162582,,,
INSIG2,REAC:R-HSA-162582,,,
NCKAP5,REAC:R-HSA-162582,,,
DDI2,REAC:R-HSA-162582,,,
EIF1AX,REAC:R-HSA-162582,,,
EPG5,REAC:R-HSA-162582,,,
RFX3,REAC:R-HSA-162582,,,
ARHGEF10,REAC:R-HSA-162582,,,
XKR4,REAC:R-HSA-162582,,,
NSG1,REAC:R-HSA-162582,,,
ECE1,REAC:R-HSA-162582,,,
TRPV3,REAC:R-HSA-162582,,,
ARAP2,REAC:R-HSA-162582,,,
SMAD5,REAC:R-HSA-162582,,,
INAVA,REAC:R-HSA-162582,,,
DLG2,REAC:R-HSA-162582,,,
HPS5,REAC:R-HSA-162582,,,
AEBP2,REAC:R-HSA-162582,,,
FDXR,REAC:R-HSA-162582,,,
AMMECR1L,REAC:R-HSA-162582,,,
NOL4,REAC:R-HSA-162582,,,
IPMK,REAC:R-HSA-162582,,,
SEPTIN8,REAC:R-HSA-162582,,,
FBXO39,REAC:R-HSA-162582,,,
MACROD2,REAC:R-HSA-162582,,,
RRP12,REAC:R-HSA-162582,,,
PAK5,REAC:R-HSA-162582,,,
BTF3L4,REAC:R-HSA-162582,,,
VIPAS39,REAC:R-HSA-162582,,,
RAB3C,REAC:R-HSA-162582,,,
EPN2,REAC:R-HSA-162582,,,
ARHGAP12,REAC:R-HSA-162582,,,
TNKS2,REAC:R-HSA-162582,,,
NXT2,REAC:R-HSA-162582,,,
CCDC6,REAC:R-HSA-162582,,,
BICD1,REAC:R-HSA-162582,,,
MYLK,REAC:R-HSA-162582,,,
VPS18,REAC:R-HSA-162582,,,
PSME3,REAC:R-HSA-162582,,,
SIM1,REAC:R-HSA-162582,,,
FGF2,REAC:R-HSA-162582,,,
ZBTB10,REAC:R-HSA-162582,,,
SLCO5A1,REAC:R-HSA-162582,,,
RAPH1,REAC:R-HSA-162582,,,
LYSMD3,REAC:R-HSA-162582,,,
SLC30A1,REAC:R-HSA-162582,,,
CLCN3,REAC:R-HSA-162582,,,
PAK3,REAC:R-HSA-162582,,,
AP3M1,REAC:R-HSA-162582,,,
MTSS2,REAC:R-HSA-162582,,,
TNIK,REAC:R-HSA-162582,,,
FRZB,REAC:R-HSA-162582,,,
INTS8,REAC:R-HSA-162582,,,
EFS,REAC:R-HSA-162582,,,
DSC1,REAC:R-HSA-162582,,,
PIP5KL1,REAC:R-HSA-162582,,,
PPP6C,REAC:R-HSA-162582,,,
RGS17,REAC:R-HSA-162582,,,
TBCEL,REAC:R-HSA-162582,,,
PDF,REAC:R-HSA-162582,,,
FBXO45,REAC:R-HSA-162582,,,
RGS9BP,REAC:R-HSA-162582,,,
GOLGA1,REAC:R-HSA-162582,,,
PHC3,REAC:R-HSA-162582,,,
DPP8,REAC:R-HSA-162582,,,
EIF2B2,REAC:R-HSA-162582,,,
GNA11,REAC:R-HSA-162582,,,
SGCZ,REAC:R-HSA-162582,,,
DUSP8,REAC:R-HSA-162582,,,
CNKSR3,REAC:R-HSA-162582,,,
GRIN2B,REAC:R-HSA-162582,,,
TACC1,REAC:R-HSA-162582,,,
LRP2,REAC:R-HSA-162582,,,
HCN1,REAC:R-HSA-162582,,,
PPIL6,REAC:R-HSA-162582,,,
GOLGA7B,REAC:R-HSA-162582,,,
XPO4,REAC:R-HSA-162582,,,
ARFGEF3,REAC:R-HSA-162582,,,
PHF1,REAC:R-HSA-162582,,,
ZNF507,REAC:R-HSA-162582,,,
VMP1,REAC:R-HSA-162582,,,
CCDC71L,REAC:R-HSA-162582,,,
KMT2E,REAC:R-HSA-162582,,,
ZNF75A,REAC:R-HSA-162582,,,
PCP4L1,REAC:R-HSA-162582,,,
PSKH1,REAC:R-HSA-162582,,,
BACH2,REAC:R-HSA-162582,,,
KIAA0232,REAC:R-HSA-162582,,,
ZFYVE16,REAC:R-HSA-162582,,,
UNC13B,REAC:R-HSA-162582,,,
SORCS1,REAC:R-HSA-162582,,,
MTMR11,REAC:R-HSA-162582,,,
LYN,REAC:R-HSA-162582,,,
PIK3R3,REAC:R-HSA-162582,,,
KCNS2,REAC:R-HSA-162582,,,
ZNF48,REAC:R-HSA-162582,,,
GBA2,REAC:R-HSA-162582,,,
UBE2J1,REAC:R-HSA-162582,,,
NFATC2IP,REAC:R-HSA-162582,,,
PAX2,REAC:R-HSA-162582,,,
CYLD,REAC:R-HSA-162582,,,
SYDE1,REAC:R-HSA-162582,,,
DNAJB12,REAC:R-HSA-162582,,,
DSC2,REAC:R-HSA-162582,,,
PRDM16,REAC:R-HSA-162582,,,
EFCAB14,REAC:R-HSA-162582,,,
STX16,REAC:R-HSA-162582,,,
PLEKHA7,REAC:R-HSA-162582,,,
DIO2,REAC:R-HSA-162582,,,
RNF7,REAC:R-HSA-162582,,,
RANBP10,REAC:R-HSA-162582,,,
MSL1,REAC:R-HSA-162582,,,
UBLCP1,REAC:R-HSA-162582,,,
CDC14A,REAC:R-HSA-162582,,,
POLR1C,REAC:R-HSA-162582,,,
GRAMD2A,REAC:R-HSA-162582,,,
REEP1,REAC:R-HSA-162582,,,
KSR1,REAC:R-HSA-162582,,,
FBXL13,REAC:R-HSA-162582,,,
KIAA1614,REAC:R-HSA-162582,,,
IDH2,REAC:R-HSA-162582,,,
ZSCAN25,REAC:R-HSA-162582,,,
KCND3,REAC:R-HSA-162582,,,
STK40,REAC:R-HSA-162582,,,
DENND4A,REAC:R-HSA-162582,,,
EIF5B,REAC:R-HSA-162582,,,
ARHGAP6,REAC:R-HSA-162582,,,
ACTB,REAC:R-HSA-162582,,,
ZBTB12,REAC:R-HSA-162582,,,
TNFSF13B,REAC:R-HSA-162582,,,
USP12,REAC:R-HSA-162582,,,
KCTD20,REAC:R-HSA-162582,,,
SERAC1,REAC:R-HSA-162582,,,
PDE3B,REAC:R-HSA-162582,,,
NUDT3,REAC:R-HSA-162582,,,
RICTOR,REAC:R-HSA-162582,,,
GNA13,REAC:R-HSA-162582,,,
MAPKBP1,REAC:R-HSA-162582,,,
TRPM6,REAC:R-HSA-162582,,,
VANGL1,REAC:R-HSA-162582,,,
ZC3H6,REAC:R-HSA-162582,,,
CTBP2,REAC:R-HSA-162582,,,
HNRNPA2B1,REAC:R-HSA-162582,,,
KLF10,REAC:R-HSA-162582,,,
THAP11,REAC:R-HSA-162582,,,
ZBTB33,REAC:R-HSA-162582,,,
XK,REAC:R-HSA-162582,,,
RNF152,REAC:R-HSA-162582,,,
TRPM7,REAC:R-HSA-162582,,,
ATMIN,REAC:R-HSA-162582,,,
KIAA1755,REAC:R-HSA-162582,,,
KDM5A,REAC:R-HSA-162582,,,
TRIM2,REAC:R-HSA-162582,,,
WDFY2,REAC:R-HSA-162582,,,
KCTD1,REAC:R-HSA-162582,,,
DCTN5,REAC:R-HSA-162582,,,
HSPA8,REAC:R-HSA-162582,,,
SEMA6D,REAC:R-HSA-162582,,,
GRM4,REAC:R-HSA-162582,,,
BACE1,REAC:R-HSA-162582,,,
PRLR,REAC:R-HSA-162582,,,
ZBTB8B,REAC:R-HSA-162582,,,
CPD,REAC:R-HSA-162582,,,
PARP6,REAC:R-HSA-162582,,,
ZNF711,REAC:R-HSA-162582,,,
BEGAIN,REAC:R-HSA-162582,,,
CHPT1,REAC:R-HSA-162582,,,
MAPRE1,REAC:R-HSA-162582,,,
SNX27,REAC:R-HSA-162582,,,
ACBD3,REAC:R-HSA-162582,,,
LRCH1,REAC:R-HSA-162582,,,
SMOC2,REAC:R-HSA-162582,,,
VXN,REAC:R-HSA-162582,,,
PDZD4,REAC:R-HSA-162582,,,
BET1L,REAC:R-HSA-162582,,,
PIP4P1,REAC:R-HSA-162582,,,
DENND6A,REAC:R-HSA-162582,,,
UCHL5,REAC:R-HSA-162582,,,
NASP,REAC:R-HSA-162582,,,
FGF1,REAC:R-HSA-162582,,,
CDH3,REAC:R-HSA-162582,,,
RASAL2,REAC:R-HSA-162582,,,
KRT80,REAC:R-HSA-162582,,,
KCNJ11,REAC:R-HSA-162582,,,
ELP1,REAC:R-HSA-162582,,,
RAPGEF5,REAC:R-HSA-162582,,,
TOR1AIP2,REAC:R-HSA-162582,,,
PCDHA10,REAC:R-HSA-162582,,,
PURA,REAC:R-HSA-162582,,,
SLC1A4,REAC:R-HSA-162582,,,
LRP6,REAC:R-HSA-162582,,,
PTAR1,REAC:R-HSA-162582,,,
SLC39A10,REAC:R-HSA-162582,,,
ABCB8,REAC:R-HSA-162582,,,
ERN1,REAC:R-HSA-162582,,,
IRS1,REAC:R-HSA-162582,,,
ARHGEF17,REAC:R-HSA-162582,,,
TMC5,REAC:R-HSA-162582,,,
MED12L,REAC:R-HSA-162582,,,
LOXL1,REAC:R-HSA-162582,,,
MRS2,REAC:R-HSA-162582,,,
TSHZ2,REAC:R-HSA-162582,,,
SZRD1,REAC:R-HSA-162582,,,
MAFG,REAC:R-HSA-162582,,,
HNRNPA0,REAC:R-HSA-162582,,,
FRRS1L,REAC:R-HSA-162582,,,
ELL,REAC:R-HSA-162582,,,
CMPK1,REAC:R-HSA-162582,,,
FAR1,REAC:R-HSA-162582,,,
WSCD2,REAC:R-HSA-162582,,,
IRF2BPL,REAC:R-HSA-162582,,,
SCAMP5,REAC:R-HSA-162582,,,
SRSF1,REAC:R-HSA-162582,,,
RHOBTB1,REAC:R-HSA-162582,,,
TRAF3,REAC:R-HSA-162582,,,
ZFHX4,REAC:R-HSA-162582,,,
ARMCX2,REAC:R-HSA-162582,,,
MEIS2,REAC:R-HSA-162582,,,
FNIP2,REAC:R-HSA-162582,,,
N4BP1,REAC:R-HSA-162582,,,
LDB3,REAC:R-HSA-162582,,,
ANKRD28,REAC:R-HSA-162582,,,
RAP1B,REAC:R-HSA-162582,,,
PDK4,REAC:R-HSA-162582,,,
DAGLA,REAC:R-HSA-162582,,,
MCTP2,REAC:R-HSA-162582,,,
SNAI1,REAC:R-HSA-162582,,,
UBE3C,REAC:R-HSA-162582,,,
PTPN9,REAC:R-HSA-162582,,,
PAWR,REAC:R-HSA-162582,,,
DDX19A,REAC:R-HSA-162582,,,
MCF2L,REAC:R-HSA-162582,,,
EML4,REAC:R-HSA-162582,,,
TP53INP2,REAC:R-HSA-162582,,,
SSR1,REAC:R-HSA-162582,,,
PRPF4B,REAC:R-HSA-162582,,,
CACNA1E,REAC:R-HSA-162582,,,
NHS,REAC:R-HSA-162582,,,
IDE,REAC:R-HSA-162582,,,
HDAC4,REAC:R-HSA-162582,,,
DOT1L,REAC:R-HSA-162582,,,
NRXN1,REAC:R-HSA-162582,,,
PTCH1,REAC:R-HSA-162582,,,
PRORP,REAC:R-HSA-162582,,,
LRATD1,REAC:R-HSA-162582,,,
RGS7,REAC:R-HSA-162582,,,
EBF3,REAC:R-HSA-162582,,,
FBXL19,REAC:R-HSA-162582,,,
ANKH,REAC:R-HSA-162582,,,
PDPR,REAC:R-HSA-162582,,,
KIF3C,REAC:R-HSA-162582,,,
COL8A1,REAC:R-HSA-162582,,,
ADCY9,REAC:R-HSA-162582,,,
MINDY1,REAC:R-HSA-162582,,,
ELAPOR1,REAC:R-HSA-162582,,,
FBXO33,REAC:R-HSA-162582,,,
ARPP19,REAC:R-HSA-162582,,,
RBAK,REAC:R-HSA-162582,,,
WTAP,REAC:R-HSA-162582,,,
SUSD6,REAC:R-HSA-162582,,,
BTBD9,REAC:R-HSA-162582,,,
BRD4,REAC:R-HSA-162582,,,
SEPTIN6,REAC:R-HSA-162582,,,
ANGEL1,REAC:R-HSA-162582,,,
GGA3,REAC:R-HSA-162582,,,
ZNF217,REAC:R-HSA-162582,,,
KIAA0513,REAC:R-HSA-162582,,,
TMED9,REAC:R-HSA-162582,,,
ZSCAN12,REAC:R-HSA-162582,,,
LEMD2,REAC:R-HSA-162582,,,
RER1,REAC:R-HSA-162582,,,
NOS1,REAC:R-HSA-162582,,,
RSPO3,REAC:R-HSA-162582,,,
ICE1,REAC:R-HSA-162582,,,
RARB,REAC:R-HSA-162582,,,
GGCT,REAC:R-HSA-162582,,,
IREB2,REAC:R-HSA-162582,,,
CDK6,REAC:R-HSA-162582,,,
CASP10,REAC:R-HSA-162582,,,
ADAT2,REAC:R-HSA-162582,,,
IGF2BP1,REAC:R-HSA-162582,,,
STX5,REAC:R-HSA-162582,,,
ZFYVE27,REAC:R-HSA-162582,,,
COG5,REAC:R-HSA-162582,,,
BMI1,REAC:R-HSA-162582,,,
PPP4R2,REAC:R-HSA-162582,,,
PLPP6,REAC:R-HSA-162582,,,
FGF14,REAC:R-HSA-162582,,,
CCND1,REAC:R-HSA-162582,,,
LYSMD2,REAC:R-HSA-162582,,,
PI4K2B,REAC:R-HSA-162582,,,
NUP133,REAC:R-HSA-162582,,,
UBE2QL1,REAC:R-HSA-162582,,,
DDX19B,REAC:R-HSA-162582,,,
LIPH,REAC:R-HSA-162582,,,
PDE5A,REAC:R-HSA-162582,,,
RAB34,REAC:R-HSA-162582,,,
PHF3,REAC:R-HSA-162582,,,
G3BP2,REAC:R-HSA-162582,,,
LRRC8C,REAC:R-HSA-162582,,,
TNFSF10,REAC:R-HSA-162582,,,
LONRF2,REAC:R-HSA-162582,,,
BTG1,REAC:R-HSA-162582,,,
PPP1R12A,REAC:R-HSA-162582,,,
MAD2L1,REAC:R-HSA-162582,,,
TGFBR3,REAC:R-HSA-162582,,,
PHKA1,REAC:R-HSA-162582,,,
VPS13D,REAC:R-HSA-162582,,,
THRB,REAC:R-HSA-162582,,,
TMEM38A,REAC:R-HSA-162582,,,
SESTD1,REAC:R-HSA-162582,,,
GNAQ,REAC:R-HSA-162582,,,
SOX11,REAC:R-HSA-162582,,,
SYNJ2BP,REAC:R-HSA-162582,,,
CALU,REAC:R-HSA-162582,,,
GABRB2,REAC:R-HSA-162582,,,
IVD,REAC:R-HSA-162582,,,
TSPYL2,REAC:R-HSA-162582,,,
WNT7B,REAC:R-HSA-162582,,,
KCND1,REAC:R-HSA-162582,,,
FBXO44,REAC:R-HSA-162582,,,
TRAK1,REAC:R-HSA-162582,,,
SH3PXD2A,REAC:R-HSA-162582,,,
MEF2C,REAC:R-HSA-162582,,,
DLGAP2,REAC:R-HSA-162582,,,
MTUS1,REAC:R-HSA-162582,,,
WBP2,REAC:R-HSA-162582,,,
TRIQK,REAC:R-HSA-162582,,,
CCDC120,REAC:R-HSA-162582,,,
JADE1,REAC:R-HSA-162582,,,
MAGI1,REAC:R-HSA-162582,,,
FZD4,REAC:R-HSA-199991,,,
RAB5B,REAC:R-HSA-199991,,,
ITSN1,REAC:R-HSA-199991,,,
YWHAG,REAC:R-HSA-199991,,,
DENND2B,REAC:R-HSA-199991,,,
GDI2,REAC:R-HSA-199991,,,
TPD52,REAC:R-HSA-199991,,,
COPS7B,REAC:R-HSA-199991,,,
DYNLL2,REAC:R-HSA-199991,,,
GJC1,REAC:R-HSA-199991,,,
TBC1D4,REAC:R-HSA-199991,,,
REPS2,REAC:R-HSA-199991,,,
YWHAQ,REAC:R-HSA-199991,,,
LDLRAP1,REAC:R-HSA-199991,,,
GOSR1,REAC:R-HSA-199991,,,
C9orf85,REAC:R-HSA-199991,,,
VKORC1L1,REAC:R-HSA-199991,,,
VGLL4,REAC:R-HSA-199991,,,
COL4A1,REAC:R-HSA-199991,,,
TIMP2,REAC:R-HSA-199991,,,
ZZZ3,REAC:R-HSA-199991,,,
IPO9,REAC:R-HSA-199991,,,
RERE,REAC:R-HSA-199991,,,
GRK3,REAC:R-HSA-199991,,,
ANK2,REAC:R-HSA-199991,,,
CNR1,REAC:R-HSA-199991,,,
AMMECR1,REAC:R-HSA-199991,,,
LAMA4,REAC:R-HSA-199991,,,
RTN4,REAC:R-HSA-199991,,,
SBNO1,REAC:R-HSA-199991,,,
H2AZ2,REAC:R-HSA-199991,,,
LDOC1,REAC:R-HSA-199991,,,
PDXDC1,REAC:R-HSA-199991,,,
TASP1,REAC:R-HSA-199991,,,
NEDD4L,REAC:R-HSA-199991,,,
ALPK3,REAC:R-HSA-199991,,,
SOST,REAC:R-HSA-199991,,,
SLC30A9,REAC:R-HSA-199991,,,
PPIG,REAC:R-HSA-199991,,,
ZNF148,REAC:R-HSA-199991,,,
OTUD4,REAC:R-HSA-199991,,,
AKAP12,REAC:R-HSA-199991,,,
DOK7,REAC:R-HSA-199991,,,
HMGXB4,REAC:R-HSA-199991,,,
IPPK,REAC:R-HSA-199991,,,
BCL7C,REAC:R-HSA-199991,,,
GMCL1,REAC:R-HSA-199991,,,
CCSER1,REAC:R-HSA-199991,,,
TSN,REAC:R-HSA-199991,,,
FITM2,REAC:R-HSA-199991,,,
MACC1,REAC:R-HSA-199991,,,
ST6GALNAC3,REAC:R-HSA-199991,,,
NETO2,REAC:R-HSA-199991,,,
SHE,REAC:R-HSA-199991,,,
REST,REAC:R-HSA-199991,,,
UBE2N,REAC:R-HSA-199991,,,
PPP2CA,REAC:R-HSA-199991,,,
DR1,REAC:R-HSA-199991,,,
CACNA2D1,REAC:R-HSA-199991,,,
DDI2,REAC:R-HSA-199991,,,
DLG2,REAC:R-HSA-199991,,,
AMMECR1L,REAC:R-HSA-199991,,,
PCGF3,REAC:R-HSA-199991,,,
NFATC2,REAC:R-HSA-199991,,,
TANC2,REAC:R-HSA-199991,,,
UBXN2A,REAC:R-HSA-199991,,,
CYB561D1,REAC:R-HSA-199991,,,
TTPAL,REAC:R-HSA-199991,,,
PAK3,REAC:R-HSA-199991,,,
FSD1L,REAC:R-HSA-199991,,,
FRZB,REAC:R-HSA-199991,,,
ARHGAP26,REAC:R-HSA-199991,,,
CLINT1,REAC:R-HSA-199991,,,
TMEM151B,REAC:R-HSA-199991,,,
CAPN7,REAC:R-HSA-199991,,,
EIF2B2,REAC:R-HSA-199991,,,
ZDHHC21,REAC:R-HSA-199991,,,
MIGA1,REAC:R-HSA-199991,,,
WDR47,REAC:R-HSA-199991,,,
SLC6A9,REAC:R-HSA-199991,,,
ZNF507,REAC:R-HSA-199991,,,
AATK,REAC:R-HSA-199991,,,
BTG2,REAC:R-HSA-199991,,,
NAA20,REAC:R-HSA-199991,,,
PSKH1,REAC:R-HSA-199991,,,
DTX3L,REAC:R-HSA-199991,,,
UBE2J1,REAC:R-HSA-199991,,,
RNF24,REAC:R-HSA-199991,,,
ZFX,REAC:R-HSA-199991,,,
CYSLTR1,REAC:R-HSA-199991,,,
PTP4A1,REAC:R-HSA-199991,,,
NCKAP1,REAC:R-HSA-199991,,,
KIAA1614,REAC:R-HSA-199991,,,
RICTOR,REAC:R-HSA-199991,,,
KYAT3,REAC:R-HSA-199991,,,
KLF10,REAC:R-HSA-199991,,,
XK,REAC:R-HSA-199991,,,
HIF1AN,REAC:R-HSA-199991,,,
POLR2F,REAC:R-HSA-199991,,,
PAX5,REAC:R-HSA-199991,,,
PGK1,REAC:R-HSA-199991,,,
RBM3,REAC:R-HSA-199991,,,
TNFAIP8,REAC:R-HSA-199991,,,
GRM4,REAC:R-HSA-199991,,,
PARP6,REAC:R-HSA-199991,,,
CHPT1,REAC:R-HSA-199991,,,
AGAP1,REAC:R-HSA-199991,,,
PCDHA9,REAC:R-HSA-199991,,,
MYO6,REAC:R-HSA-199991,,,
FGF1,REAC:R-HSA-199991,,,
SUMO2,REAC:R-HSA-199991,,,
RAPGEF5,REAC:R-HSA-199991,,,
PXMP4,REAC:R-HSA-199991,,,
VPS4B,REAC:R-HSA-199991,,,
WASL,REAC:R-HSA-199991,,,
DYRK2,REAC:R-HSA-199991,,,
GNPNAT1,REAC:R-HSA-199991,,,
HMGN2,REAC:R-HSA-199991,,,
ZNF282,REAC:R-HSA-199991,,,
ZRANB2,REAC:R-HSA-199991,,,
SCEL,REAC:R-HSA-199991,,,
HNRNPA0,REAC:R-HSA-199991,,,
FRRS1L,REAC:R-HSA-199991,,,
CCDC28A,REAC:R-HSA-199991,,,
C5orf15,REAC:R-HSA-199991,,,
ZC3H8,REAC:R-HSA-199991,,,
MCTP2,REAC:R-HSA-199991,,,
UBE3C,REAC:R-HSA-199991,,,
SSR1,REAC:R-HSA-199991,,,
EXT2,REAC:R-HSA-199991,,,
MYO10,REAC:R-HSA-199991,,,
TNFSF11,REAC:R-HSA-199991,,,
FBXL19,REAC:R-HSA-199991,,,
TOB2,REAC:R-HSA-199991,,,
RAD54L2,REAC:R-HSA-199991,,,
MFN2,REAC:R-HSA-199991,,,
BTBD9,REAC:R-HSA-199991,,,
ATP1A2,REAC:R-HSA-199991,,,
MAP4K4,REAC:R-HSA-199991,,,
ANGEL1,REAC:R-HSA-199991,,,
TMED9,REAC:R-HSA-199991,,,
ICE1,REAC:R-HSA-199991,,,
RMND5B,REAC:R-HSA-199991,,,
CNP,REAC:R-HSA-199991,,,
FCHO2,REAC:R-HSA-199991,,,
SSH1,REAC:R-HSA-199991,,,
ATP8B2,REAC:R-HSA-199991,,,
TTC7B,REAC:R-HSA-199991,,,
TMEM30A,REAC:R-HSA-199991,,,
SEMA5A,REAC:R-HSA-199991,,,
KANK1,REAC:R-HSA-199991,,,
CXADR,REAC:R-HSA-199991,,,
KCNE4,REAC:R-HSA-199991,,,
DOCK3,REAC:R-HSA-199991,,,
LRRC1,REAC:R-HSA-9012999,,,
ITSN1,REAC:R-HSA-9012999,,,
PAK4,REAC:R-HSA-9012999,,,
CUL3,REAC:R-HSA-9012999,,,
TPM3,REAC:R-HSA-9012999,,,
SOWAHC,REAC:R-HSA-9012999,,,
ABI2,REAC:R-HSA-9012999,,,
RBM18,REAC:R-HSA-9012999,,,
BAZ2A,REAC:R-HSA-9012999,,,
NRIP3,REAC:R-HSA-9012999,,,
ABHD6,REAC:R-HSA-9012999,,,
EIF4B,REAC:R-HSA-9012999,,,
TRUB1,REAC:R-HSA-9012999,,,
MLLT3,REAC:R-HSA-9012999,,,
ZFP3,REAC:R-HSA-9012999,,,
ACVR2A,REAC:R-HSA-9012999,,,
RNF4,REAC:R-HSA-9012999,,,
TMPO,REAC:R-HSA-9012999,,,
CPEB3,REAC:R-HSA-9012999,,,
PSD3,REAC:R-HSA-9012999,,,
H2AZ2,REAC:R-HSA-9012999,,,
CCNT2,REAC:R-HSA-9012999,,,
KPNA6,REAC:R-HSA-9012999,,,
UEVLD,REAC:R-HSA-9012999,,,
NME7,REAC:R-HSA-9012999,,,
TIAM2,REAC:R-HSA-9012999,,,
HOXB8,REAC:R-HSA-9012999,,,
STK24,REAC:R-HSA-9012999,,,
PDK3,REAC:R-HSA-9012999,,,
HNMT,REAC:R-HSA-9012999,,,
USP47,REAC:R-HSA-9012999,,,
CALM1,REAC:R-HSA-9012999,,,
CCSER1,REAC:R-HSA-9012999,,,
ZBTB20,REAC:R-HSA-9012999,,,
SHE,REAC:R-HSA-9012999,,,
PCDHA6,REAC:R-HSA-9012999,,,
TMEM178B,REAC:R-HSA-9012999,,,
HIF3A,REAC:R-HSA-9012999,,,
SFMBT2,REAC:R-HSA-9012999,,,
HAUS8,REAC:R-HSA-9012999,,,
BEND3,REAC:R-HSA-9012999,,,
DDI2,REAC:R-HSA-9012999,,,
EPG5,REAC:R-HSA-9012999,,,
XKR4,REAC:R-HSA-9012999,,,
ECE1,REAC:R-HSA-9012999,,,
NOL4,REAC:R-HSA-9012999,,,
FBXO39,REAC:R-HSA-9012999,,,
MACROD2,REAC:R-HSA-9012999,,,
RRP12,REAC:R-HSA-9012999,,,
MYLK,REAC:R-HSA-9012999,,,
PSME3,REAC:R-HSA-9012999,,,
LYSMD3,REAC:R-HSA-9012999,,,
CLCN3,REAC:R-HSA-9012999,,,
PAK3,REAC:R-HSA-9012999,,,
AP3M1,REAC:R-HSA-9012999,,,
FBXO45,REAC:R-HSA-9012999,,,
CNKSR3,REAC:R-HSA-9012999,,,
ARFGEF3,REAC:R-HSA-9012999,,,
PHF1,REAC:R-HSA-9012999,,,
CCDC71L,REAC:R-HSA-9012999,,,
KIAA0232,REAC:R-HSA-9012999,,,
ZFYVE16,REAC:R-HSA-9012999,,,
PIK3R3,REAC:R-HSA-9012999,,,
NFATC2IP,REAC:R-HSA-9012999,,,
PAX2,REAC:R-HSA-9012999,,,
POLR1C,REAC:R-HSA-9012999,,,
GRAMD2A,REAC:R-HSA-9012999,,,
FBXL13,REAC:R-HSA-9012999,,,
KIAA1614,REAC:R-HSA-9012999,,,
TNFSF13B,REAC:R-HSA-9012999,,,
KCTD20,REAC:R-HSA-9012999,,,
SERAC1,REAC:R-HSA-9012999,,,
MAPKBP1,REAC:R-HSA-9012999,,,
ZBTB33,REAC:R-HSA-9012999,,,
RNF152,REAC:R-HSA-9012999,,,
TRPM7,REAC:R-HSA-9012999,,,
ATMIN,REAC:R-HSA-9012999,,,
GRM4,REAC:R-HSA-9012999,,,
BEGAIN,REAC:R-HSA-9012999,,,
CHPT1,REAC:R-HSA-9012999,,,
UCHL5,REAC:R-HSA-9012999,,,
FGF1,REAC:R-HSA-9012999,,,
RAPGEF5,REAC:R-HSA-9012999,,,
PURA,REAC:R-HSA-9012999,,,
SLC39A10,REAC:R-HSA-9012999,,,
SZRD1,REAC:R-HSA-9012999,,,
ELL,REAC:R-HSA-9012999,,,
CMPK1,REAC:R-HSA-9012999,,,
PDK4,REAC:R-HSA-9012999,,,
MCTP2,REAC:R-HSA-9012999,,,
UBE3C,REAC:R-HSA-9012999,,,
MCF2L,REAC:R-HSA-9012999,,,
SSR1,REAC:R-HSA-9012999,,,
FBXL19,REAC:R-HSA-9012999,,,
ADCY9,REAC:R-HSA-9012999,,,
WTAP,REAC:R-HSA-9012999,,,
SEPTIN6,REAC:R-HSA-9012999,,,
KIAA0513,REAC:R-HSA-9012999,,,
ICE1,REAC:R-HSA-9012999,,,
CDK6,REAC:R-HSA-9012999,,,
ADAT2,REAC:R-HSA-9012999,,,
IGF2BP1,REAC:R-HSA-9012999,,,
ZFYVE27,REAC:R-HSA-9012999,,,
PPP4R2,REAC:R-HSA-9012999,,,
PI4K2B,REAC:R-HSA-9012999,,,
DDX19B,REAC:R-HSA-9012999,,,
LRRC8C,REAC:R-HSA-9012999,,,
MAD2L1,REAC:R-HSA-9012999,,,
TGFBR3,REAC:R-HSA-9012999,,,
GNAQ,REAC:R-HSA-9012999,,,
SYNJ2BP,REAC:R-HSA-9012999,,,
TSPYL2,REAC:R-HSA-9012999,,,
FBXO44,REAC:R-HSA-9012999,,,
SH3PXD2A,REAC:R-HSA-9012999,,,
DLGAP2,REAC:R-HSA-9012999,,,
WBP2,REAC:R-HSA-9012999,,,
CCDC120,REAC:R-HSA-9012999,,,
CHRDL1,REAC:R-HSA-9006936,,,
TGIF1,REAC:R-HSA-9006936,,,
AGO1,REAC:R-HSA-9006936,,,
ACVR1C,REAC:R-HSA-9006936,,,
FSTL1,REAC:R-HSA-9006936,,,
E2F5,REAC:R-HSA-9006936,,,
PGRMC2,REAC:R-HSA-9006936,,,
HAS2,REAC:R-HSA-9006936,,,
LDLRAD3,REAC:R-HSA-9006936,,,
ZXDA,REAC:R-HSA-9006936,,,
TRIM3,REAC:R-HSA-9006936,,,
RALGPS1,REAC:R-HSA-9006936,,,
SMAD2,REAC:R-HSA-9006936,,,
PDCD4,REAC:R-HSA-9006936,,,
SCN2B,REAC:R-HSA-9006936,,,
IGF1,REAC:R-HSA-9006936,,,
DCX,REAC:R-HSA-9006936,,,
INO80D,REAC:R-HSA-9006936,,,
BAK1,REAC:R-HSA-9006936,,,
TNFRSF19,REAC:R-HSA-9006936,,,
INSIG2,REAC:R-HSA-9006936,,,
EIF1AX,REAC:R-HSA-9006936,,,
NSG1,REAC:R-HSA-9006936,,,
TRPV3,REAC:R-HSA-9006936,,,
HPS5,REAC:R-HSA-9006936,,,
SEPTIN8,REAC:R-HSA-9006936,,,
SIM1,REAC:R-HSA-9006936,,,
RAPH1,REAC:R-HSA-9006936,,,
SLC30A1,REAC:R-HSA-9006936,,,
EFS,REAC:R-HSA-9006936,,,
GNA11,REAC:R-HSA-9006936,,,
LRP2,REAC:R-HSA-9006936,,,
KMT2E,REAC:R-HSA-9006936,,,
ZNF75A,REAC:R-HSA-9006936,,,
UNC13B,REAC:R-HSA-9006936,,,
ZNF48,REAC:R-HSA-9006936,,,
PRDM16,REAC:R-HSA-9006936,,,
DENND4A,REAC:R-HSA-9006936,,,
USP12,REAC:R-HSA-9006936,,,
HSPA8,REAC:R-HSA-9006936,,,
BEGAIN,REAC:R-HSA-9006936,,,
LRCH1,REAC:R-HSA-9006936,,,
KRT80,REAC:R-HSA-9006936,,,
KCNJ11,REAC:R-HSA-9006936,,,
MRS2,REAC:R-HSA-9006936,,,
SCAMP5,REAC:R-HSA-9006936,,,
ANKH,REAC:R-HSA-9006936,,,
TMED9,REAC:R-HSA-9006936,,,
CCND1,REAC:R-HSA-9006936,,,
NUP133,REAC:R-HSA-9006936,,,
BTG1,REAC:R-HSA-9006936,,,
TRAK1,REAC:R-HSA-9006936,,,
FZD4,REAC:R-HSA-5663202,,,
TP53,REAC:R-HSA-5663202,,,
SKP1,REAC:R-HSA-5663202,,,
AGO1,REAC:R-HSA-5663202,,,
ETV6,REAC:R-HSA-5663202,,,
TPM3,REAC:R-HSA-5663202,,,
TRIM24,REAC:R-HSA-5663202,,,
QKI,REAC:R-HSA-5663202,,,
KIAA1549,REAC:R-HSA-5663202,,,
MAPK8,REAC:R-HSA-5663202,,,
RBM18,REAC:R-HSA-5663202,,,
VPS53,REAC:R-HSA-5663202,,,
HAS2,REAC:R-HSA-5663202,,,
SSBP2,REAC:R-HSA-5663202,,,
ABHD6,REAC:R-HSA-5663202,,,
LDLRAD3,REAC:R-HSA-5663202,,,
FAF1,REAC:R-HSA-5663202,,,
ZBTB6,REAC:R-HSA-5663202,,,
RALGPS1,REAC:R-HSA-5663202,,,
SAMD8,REAC:R-HSA-5663202,,,
CDCA3,REAC:R-HSA-5663202,,,
TFCP2L1,REAC:R-HSA-5663202,,,
PDXDC1,REAC:R-HSA-5663202,,,
XIAP,REAC:R-HSA-5663202,,,
TOM1L2,REAC:R-HSA-5663202,,,
TIMP3,REAC:R-HSA-5663202,,,
UEVLD,REAC:R-HSA-5663202,,,
AGMAT,REAC:R-HSA-5663202,,,
MASTL,REAC:R-HSA-5663202,,,
ZNF428,REAC:R-HSA-5663202,,,
ANK3,REAC:R-HSA-5663202,,,
MEF2D,REAC:R-HSA-5663202,,,
INO80D,REAC:R-HSA-5663202,,,
FNBP4,REAC:R-HSA-5663202,,,
ETNK2,REAC:R-HSA-5663202,,,
ZNF470,REAC:R-HSA-5663202,,,
C2orf69,REAC:R-HSA-5663202,,,
ATAD2,REAC:R-HSA-5663202,,,
MKRN1,REAC:R-HSA-5663202,,,
DDIAS,REAC:R-HSA-5663202,,,
ZNRF3,REAC:R-HSA-5663202,,,
ADIPOR2,REAC:R-HSA-5663202,,,
DDI2,REAC:R-HSA-5663202,,,
EIF1AX,REAC:R-HSA-5663202,,,
AEBP2,REAC:R-HSA-5663202,,,
IPMK,REAC:R-HSA-5663202,,,
PAK5,REAC:R-HSA-5663202,,,
NXT2,REAC:R-HSA-5663202,,,
CCDC6,REAC:R-HSA-5663202,,,
BICD1,REAC:R-HSA-5663202,,,
SIM1,REAC:R-HSA-5663202,,,
ZBTB10,REAC:R-HSA-5663202,,,
SLC30A1,REAC:R-HSA-5663202,,,
TBCEL,REAC:R-HSA-5663202,,,
GOLGA1,REAC:R-HSA-5663202,,,
LRP2,REAC:R-HSA-5663202,,,
ZNF507,REAC:R-HSA-5663202,,,
VMP1,REAC:R-HSA-5663202,,,
PSKH1,REAC:R-HSA-5663202,,,
BACH2,REAC:R-HSA-5663202,,,
KIAA0232,REAC:R-HSA-5663202,,,
NFATC2IP,REAC:R-HSA-5663202,,,
PRDM16,REAC:R-HSA-5663202,,,
PLEKHA7,REAC:R-HSA-5663202,,,
MSL1,REAC:R-HSA-5663202,,,
UBLCP1,REAC:R-HSA-5663202,,,
REEP1,REAC:R-HSA-5663202,,,
KIAA1614,REAC:R-HSA-5663202,,,
ZBTB12,REAC:R-HSA-5663202,,,
GNA13,REAC:R-HSA-5663202,,,
ZC3H6,REAC:R-HSA-5663202,,,
THAP11,REAC:R-HSA-5663202,,,
DBT,REAC:R-HSA-5663202,,,
KDM5A,REAC:R-HSA-5663202,,,
DCTN5,REAC:R-HSA-5663202,,,
VXN,REAC:R-HSA-5663202,,,
DENND6A,REAC:R-HSA-5663202,,,
ELP1,REAC:R-HSA-5663202,,,
TOR1AIP2,REAC:R-HSA-5663202,,,
PTAR1,REAC:R-HSA-5663202,,,
IRS1,REAC:R-HSA-5663202,,,
ARHGEF17,REAC:R-HSA-5663202,,,
MED12L,REAC:R-HSA-5663202,,,
MRS2,REAC:R-HSA-5663202,,,
WDR20,REAC:R-HSA-5663202,,,
TRAF3,REAC:R-HSA-5663202,,,
ZFHX4,REAC:R-HSA-5663202,,,
N4BP1,REAC:R-HSA-5663202,,,
RAP1B,REAC:R-HSA-5663202,,,
MLEC,REAC:R-HSA-5663202,,,
ATXN1L,REAC:R-HSA-5663202,,,
PTPN9,REAC:R-HSA-5663202,,,
PRPF4B,REAC:R-HSA-5663202,,,
CACNA1E,REAC:R-HSA-5663202,,,
NHS,REAC:R-HSA-5663202,,,
IDE,REAC:R-HSA-5663202,,,
LRATD1,REAC:R-HSA-5663202,,,
EBF3,REAC:R-HSA-5663202,,,
ANKH,REAC:R-HSA-5663202,,,
SUSD6,REAC:R-HSA-5663202,,,
TMED9,REAC:R-HSA-5663202,,,
RER1,REAC:R-HSA-5663202,,,
GGCT,REAC:R-HSA-5663202,,,
IGF2BP1,REAC:R-HSA-5663202,,,
BMI1,REAC:R-HSA-5663202,,,
G3BP2,REAC:R-HSA-5663202,,,
STEAP3,REAC:R-HSA-5663202,,,
VPS13D,REAC:R-HSA-5663202,,,
THRB,REAC:R-HSA-5663202,,,
TIGIT,REAC:R-HSA-5663202,,,
IVD,REAC:R-HSA-5663202,,,
TP53,REAC:R-HSA-9006925,,,
MTA3,REAC:R-HSA-9006925,,,
AGO1,REAC:R-HSA-9006925,,,
SOCS6,REAC:R-HSA-9006925,,,
RBM18,REAC:R-HSA-9006925,,,
SSBP2,REAC:R-HSA-9006925,,,
NR6A1,REAC:R-HSA-9006925,,,
LDLRAD3,REAC:R-HSA-9006925,,,
ZBTB6,REAC:R-HSA-9006925,,,
PPM1K,REAC:R-HSA-9006925,,,
TAF3,REAC:R-HSA-9006925,,,
TFCP2L1,REAC:R-HSA-9006925,,,
RLIM,REAC:R-HSA-9006925,,,
PDXDC1,REAC:R-HSA-9006925,,,
RYBP,REAC:R-HSA-9006925,,,
GOLGA3,REAC:R-HSA-9006925,,,
TOM1L2,REAC:R-HSA-9006925,,,
TIMP3,REAC:R-HSA-9006925,,,
UEVLD,REAC:R-HSA-9006925,,,
SLC4A8,REAC:R-HSA-9006925,,,
NUP43,REAC:R-HSA-9006925,,,
TBP,REAC:R-HSA-9006925,,,
FNBP4,REAC:R-HSA-9006925,,,
ANGPTL2,REAC:R-HSA-9006925,,,
PRKCE,REAC:R-HSA-9006925,,,
PLCL2,REAC:R-HSA-9006925,,,
VAPA,REAC:R-HSA-9006925,,,
ATAD2,REAC:R-HSA-9006925,,,
HMGCS1,REAC:R-HSA-9006925,,,
MKRN1,REAC:R-HSA-9006925,,,
ABHD2,REAC:R-HSA-9006925,,,
MECP2,REAC:R-HSA-9006925,,,
DDIAS,REAC:R-HSA-9006925,,,
NCKAP5,REAC:R-HSA-9006925,,,
PAK5,REAC:R-HSA-9006925,,,
RAB3C,REAC:R-HSA-9006925,,,
NXT2,REAC:R-HSA-9006925,,,
SIM1,REAC:R-HSA-9006925,,,
ZBTB10,REAC:R-HSA-9006925,,,
SLC30A1,REAC:R-HSA-9006925,,,
RGS17,REAC:R-HSA-9006925,,,
ZNF507,REAC:R-HSA-9006925,,,
VMP1,REAC:R-HSA-9006925,,,
KIAA0232,REAC:R-HSA-9006925,,,
UNC13B,REAC:R-HSA-9006925,,,
PRDM16,REAC:R-HSA-9006925,,,
PLEKHA7,REAC:R-HSA-9006925,,,
KSR1,REAC:R-HSA-9006925,,,
EIF5B,REAC:R-HSA-9006925,,,
ZBTB12,REAC:R-HSA-9006925,,,
PDE3B,REAC:R-HSA-9006925,,,
TRPM6,REAC:R-HSA-9006925,,,
ZC3H6,REAC:R-HSA-9006925,,,
KDM5A,REAC:R-HSA-9006925,,,
DCTN5,REAC:R-HSA-9006925,,,
CPD,REAC:R-HSA-9006925,,,
VXN,REAC:R-HSA-9006925,,,
DENND6A,REAC:R-HSA-9006925,,,
CDH3,REAC:R-HSA-9006925,,,
RASAL2,REAC:R-HSA-9006925,,,
PTAR1,REAC:R-HSA-9006925,,,
IRS1,REAC:R-HSA-9006925,,,
MRS2,REAC:R-HSA-9006925,,,
FNIP2,REAC:R-HSA-9006925,,,
PTPN9,REAC:R-HSA-9006925,,,
PAWR,REAC:R-HSA-9006925,,,
EML4,REAC:R-HSA-9006925,,,
CACNA1E,REAC:R-HSA-9006925,,,
NHS,REAC:R-HSA-9006925,,,
IDE,REAC:R-HSA-9006925,,,
LRATD1,REAC:R-HSA-9006925,,,
EBF3,REAC:R-HSA-9006925,,,
PDPR,REAC:R-HSA-9006925,,,
MINDY1,REAC:R-HSA-9006925,,,
SUSD6,REAC:R-HSA-9006925,,,
RER1,REAC:R-HSA-9006925,,,
GGCT,REAC:R-HSA-9006925,,,
STX5,REAC:R-HSA-9006925,,,
LIPH,REAC:R-HSA-9006925,,,
KCND1,REAC:R-HSA-9006925,,,
PPP5C,REAC:R-HSA-5683057,,,
IL17RD,REAC:R-HSA-5683057,,,
CUL3,REAC:R-HSA-5683057,,,
AGO1,REAC:R-HSA-5683057,,,
SYNGAP1,REAC:R-HSA-5683057,,,
TEK,REAC:R-HSA-5683057,,,
SOCS6,REAC:R-HSA-5683057,,,
COX7A2L,REAC:R-HSA-5683057,,,
RBM18,REAC:R-HSA-5683057,,,
LDLRAD3,REAC:R-HSA-5683057,,,
ZBTB6,REAC:R-HSA-5683057,,,
CDC6,REAC:R-HSA-5683057,,,
BAHD1,REAC:R-HSA-5683057,,,
TFCP2L1,REAC:R-HSA-5683057,,,
PDXDC1,REAC:R-HSA-5683057,,,
XIAP,REAC:R-HSA-5683057,,,
TOM1L2,REAC:R-HSA-5683057,,,
TIMP3,REAC:R-HSA-5683057,,,
UEVLD,REAC:R-HSA-5683057,,,
LHX4,REAC:R-HSA-5683057,,,
ZNF428,REAC:R-HSA-5683057,,,
FAHD2A,REAC:R-HSA-5683057,,,
MEF2D,REAC:R-HSA-5683057,,,
LUC7L2,REAC:R-HSA-5683057,,,
TENT5C,REAC:R-HSA-5683057,,,
ATAD2,REAC:R-HSA-5683057,,,
DDIAS,REAC:R-HSA-5683057,,,
DDI2,REAC:R-HSA-5683057,,,
ARAP2,REAC:R-HSA-5683057,,,
AEBP2,REAC:R-HSA-5683057,,,
NXT2,REAC:R-HSA-5683057,,,
CCDC6,REAC:R-HSA-5683057,,,
SIM1,REAC:R-HSA-5683057,,,
FGF2,REAC:R-HSA-5683057,,,
SLCO5A1,REAC:R-HSA-5683057,,,
SLC30A1,REAC:R-HSA-5683057,,,
CLCN3,REAC:R-HSA-5683057,,,
GOLGA1,REAC:R-HSA-5683057,,,
DUSP8,REAC:R-HSA-5683057,,,
LRP2,REAC:R-HSA-5683057,,,
HCN1,REAC:R-HSA-5683057,,,
XPO4,REAC:R-HSA-5683057,,,
ZNF507,REAC:R-HSA-5683057,,,
VMP1,REAC:R-HSA-5683057,,,
UNC13B,REAC:R-HSA-5683057,,,
NFATC2IP,REAC:R-HSA-5683057,,,
PRDM16,REAC:R-HSA-5683057,,,
DIO2,REAC:R-HSA-5683057,,,
MSL1,REAC:R-HSA-5683057,,,
UBLCP1,REAC:R-HSA-5683057,,,
KIAA1614,REAC:R-HSA-5683057,,,
ARHGAP6,REAC:R-HSA-5683057,,,
ZC3H6,REAC:R-HSA-5683057,,,
DCTN5,REAC:R-HSA-5683057,,,
DENND6A,REAC:R-HSA-5683057,,,
UCHL5,REAC:R-HSA-5683057,,,
TOR1AIP2,REAC:R-HSA-5683057,,,
PTAR1,REAC:R-HSA-5683057,,,
ERN1,REAC:R-HSA-5683057,,,
IRS1,REAC:R-HSA-5683057,,,
MED12L,REAC:R-HSA-5683057,,,
MRS2,REAC:R-HSA-5683057,,,
ZFHX4,REAC:R-HSA-5683057,,,
N4BP1,REAC:R-HSA-5683057,,,
RAP1B,REAC:R-HSA-5683057,,,
PTPN9,REAC:R-HSA-5683057,,,
DDX19A,REAC:R-HSA-5683057,,,
CACNA1E,REAC:R-HSA-5683057,,,
NHS,REAC:R-HSA-5683057,,,
EBF3,REAC:R-HSA-5683057,,,
ELAPOR1,REAC:R-HSA-5683057,,,
RBAK,REAC:R-HSA-5683057,,,
SUSD6,REAC:R-HSA-5683057,,,
TMED9,REAC:R-HSA-5683057,,,
RER1,REAC:R-HSA-5683057,,,
NOS1,REAC:R-HSA-5683057,,,
RARB,REAC:R-HSA-5683057,,,
MAD2L1,REAC:R-HSA-5683057,,,
GABRB2,REAC:R-HSA-5683057,,,
DLGAP2,REAC:R-HSA-5683057,,,
JADE1,REAC:R-HSA-5683057,,,
MAGI1,REAC:R-HSA-5683057,,,
LRRC1,REAC:R-HSA-9716542,,,
ITSN1,REAC:R-HSA-9716542,,,
RCC2,REAC:R-HSA-9716542,,,
PAK4,REAC:R-HSA-9716542,,,
YWHAG,REAC:R-HSA-9716542,,,
NCOA2,REAC:R-HSA-9716542,,,
CUL3,REAC:R-HSA-9716542,,,
DYNLL2,REAC:R-HSA-9716542,,,
H3-3B,REAC:R-HSA-9716542,,,
TPM3,REAC:R-HSA-9716542,,,
SOWAHC,REAC:R-HSA-9716542,,,
YWHAQ,REAC:R-HSA-9716542,,,
ABI2,REAC:R-HSA-9716542,,,
RBM18,REAC:R-HSA-9716542,,,
BAZ2A,REAC:R-HSA-9716542,,,
SSBP2,REAC:R-HSA-9716542,,,
NRIP3,REAC:R-HSA-9716542,,,
ABHD6,REAC:R-HSA-9716542,,,
LDLRAD3,REAC:R-HSA-9716542,,,
EIF4B,REAC:R-HSA-9716542,,,
TRUB1,REAC:R-HSA-9716542,,,
MLLT3,REAC:R-HSA-9716542,,,
ZFP3,REAC:R-HSA-9716542,,,
ACVR2A,REAC:R-HSA-9716542,,,
TFCP2L1,REAC:R-HSA-9716542,,,
RNF4,REAC:R-HSA-9716542,,,
TMPO,REAC:R-HSA-9716542,,,
CPEB3,REAC:R-HSA-9716542,,,
MIPOL1,REAC:R-HSA-9716542,,,
PSD3,REAC:R-HSA-9716542,,,
SCD,REAC:R-HSA-9716542,,,
H2AZ2,REAC:R-HSA-9716542,,,
CCNT2,REAC:R-HSA-9716542,,,
KPNA6,REAC:R-HSA-9716542,,,
UEVLD,REAC:R-HSA-9716542,,,
NME7,REAC:R-HSA-9716542,,,
TIAM2,REAC:R-HSA-9716542,,,
HOXB8,REAC:R-HSA-9716542,,,
PGM2L1,REAC:R-HSA-9716542,,,
STK24,REAC:R-HSA-9716542,,,
PDK3,REAC:R-HSA-9716542,,,
TET2,REAC:R-HSA-9716542,,,
HNMT,REAC:R-HSA-9716542,,,
USP47,REAC:R-HSA-9716542,,,
CALM1,REAC:R-HSA-9716542,,,
CCSER1,REAC:R-HSA-9716542,,,
ZBTB20,REAC:R-HSA-9716542,,,
SHE,REAC:R-HSA-9716542,,,
PCDHA6,REAC:R-HSA-9716542,,,
TMEM178B,REAC:R-HSA-9716542,,,
HIF3A,REAC:R-HSA-9716542,,,
DDIAS,REAC:R-HSA-9716542,,,
SFMBT2,REAC:R-HSA-9716542,,,
HAUS8,REAC:R-HSA-9716542,,,
BEND3,REAC:R-HSA-9716542,,,
DDI2,REAC:R-HSA-9716542,,,
EPG5,REAC:R-HSA-9716542,,,
XKR4,REAC:R-HSA-9716542,,,
ECE1,REAC:R-HSA-9716542,,,
DLG2,REAC:R-HSA-9716542,,,
NOL4,REAC:R-HSA-9716542,,,
FBXO39,REAC:R-HSA-9716542,,,
MACROD2,REAC:R-HSA-9716542,,,
RRP12,REAC:R-HSA-9716542,,,
EPN2,REAC:R-HSA-9716542,,,
MYLK,REAC:R-HSA-9716542,,,
PSME3,REAC:R-HSA-9716542,,,
LYSMD3,REAC:R-HSA-9716542,,,
CLCN3,REAC:R-HSA-9716542,,,
PAK3,REAC:R-HSA-9716542,,,
AP3M1,REAC:R-HSA-9716542,,,
FRZB,REAC:R-HSA-9716542,,,
PDF,REAC:R-HSA-9716542,,,
FBXO45,REAC:R-HSA-9716542,,,
EIF2B2,REAC:R-HSA-9716542,,,
CNKSR3,REAC:R-HSA-9716542,,,
ARFGEF3,REAC:R-HSA-9716542,,,
PHF1,REAC:R-HSA-9716542,,,
CCDC71L,REAC:R-HSA-9716542,,,
PCP4L1,REAC:R-HSA-9716542,,,
PSKH1,REAC:R-HSA-9716542,,,
KIAA0232,REAC:R-HSA-9716542,,,
ZFYVE16,REAC:R-HSA-9716542,,,
PIK3R3,REAC:R-HSA-9716542,,,
UBE2J1,REAC:R-HSA-9716542,,,
NFATC2IP,REAC:R-HSA-9716542,,,
PAX2,REAC:R-HSA-9716542,,,
DNAJB12,REAC:R-HSA-9716542,,,
CDC14A,REAC:R-HSA-9716542,,,
POLR1C,REAC:R-HSA-9716542,,,
GRAMD2A,REAC:R-HSA-9716542,,,
FBXL13,REAC:R-HSA-9716542,,,
KIAA1614,REAC:R-HSA-9716542,,,
TNFSF13B,REAC:R-HSA-9716542,,,
KCTD20,REAC:R-HSA-9716542,,,
SERAC1,REAC:R-HSA-9716542,,,
MAPKBP1,REAC:R-HSA-9716542,,,
ZBTB33,REAC:R-HSA-9716542,,,
RNF152,REAC:R-HSA-9716542,,,
TRPM7,REAC:R-HSA-9716542,,,
ATMIN,REAC:R-HSA-9716542,,,
KCTD1,REAC:R-HSA-9716542,,,
GRM4,REAC:R-HSA-9716542,,,
PARP6,REAC:R-HSA-9716542,,,
ZNF711,REAC:R-HSA-9716542,,,
BEGAIN,REAC:R-HSA-9716542,,,
CHPT1,REAC:R-HSA-9716542,,,
MAPRE1,REAC:R-HSA-9716542,,,
UCHL5,REAC:R-HSA-9716542,,,
FGF1,REAC:R-HSA-9716542,,,
RAPGEF5,REAC:R-HSA-9716542,,,
PURA,REAC:R-HSA-9716542,,,
SLC39A10,REAC:R-HSA-9716542,,,
ABCB8,REAC:R-HSA-9716542,,,
SZRD1,REAC:R-HSA-9716542,,,
HNRNPA0,REAC:R-HSA-9716542,,,
FRRS1L,REAC:R-HSA-9716542,,,
ELL,REAC:R-HSA-9716542,,,
CMPK1,REAC:R-HSA-9716542,,,
TRAF3,REAC:R-HSA-9716542,,,
PDK4,REAC:R-HSA-9716542,,,
DAGLA,REAC:R-HSA-9716542,,,
MCTP2,REAC:R-HSA-9716542,,,
UBE3C,REAC:R-HSA-9716542,,,
MCF2L,REAC:R-HSA-9716542,,,
SSR1,REAC:R-HSA-9716542,,,
EBF3,REAC:R-HSA-9716542,,,
FBXL19,REAC:R-HSA-9716542,,,
COL8A1,REAC:R-HSA-9716542,,,
ADCY9,REAC:R-HSA-9716542,,,
WTAP,REAC:R-HSA-9716542,,,
SEPTIN6,REAC:R-HSA-9716542,,,
KIAA0513,REAC:R-HSA-9716542,,,
ICE1,REAC:R-HSA-9716542,,,
CDK6,REAC:R-HSA-9716542,,,
ADAT2,REAC:R-HSA-9716542,,,
IGF2BP1,REAC:R-HSA-9716542,,,
ZFYVE27,REAC:R-HSA-9716542,,,
PPP4R2,REAC:R-HSA-9716542,,,
PLPP6,REAC:R-HSA-9716542,,,
LYSMD2,REAC:R-HSA-9716542,,,
PI4K2B,REAC:R-HSA-9716542,,,
DDX19B,REAC:R-HSA-9716542,,,
PHF3,REAC:R-HSA-9716542,,,
LRRC8C,REAC:R-HSA-9716542,,,
LONRF2,REAC:R-HSA-9716542,,,
MAD2L1,REAC:R-HSA-9716542,,,
TGFBR3,REAC:R-HSA-9716542,,,
GNAQ,REAC:R-HSA-9716542,,,
SYNJ2BP,REAC:R-HSA-9716542,,,
IVD,REAC:R-HSA-9716542,,,
TSPYL2,REAC:R-HSA-9716542,,,
FBXO44,REAC:R-HSA-9716542,,,
SH3PXD2A,REAC:R-HSA-9716542,,,
DLGAP2,REAC:R-HSA-9716542,,,
WBP2,REAC:R-HSA-9716542,,,
CCDC120,REAC:R-HSA-9716542,,,
FZD4,REAC:R-HSA-5653656,,,
RAB5B,REAC:R-HSA-5653656,,,
ITSN1,REAC:R-HSA-5653656,,,
YWHAG,REAC:R-HSA-5653656,,,
DENND2B,REAC:R-HSA-5653656,,,
GDI2,REAC:R-HSA-5653656,,,
TPD52,REAC:R-HSA-5653656,,,
COPS7B,REAC:R-HSA-5653656,,,
DYNLL2,REAC:R-HSA-5653656,,,
GJC1,REAC:R-HSA-5653656,,,
TBC1D4,REAC:R-HSA-5653656,,,
REPS2,REAC:R-HSA-5653656,,,
YWHAQ,REAC:R-HSA-5653656,,,
LDLRAP1,REAC:R-HSA-5653656,,,
GOSR1,REAC:R-HSA-5653656,,,
C9orf85,REAC:R-HSA-5653656,,,
VKORC1L1,REAC:R-HSA-5653656,,,
NPR3,REAC:R-HSA-5653656,,,
VGLL4,REAC:R-HSA-5653656,,,
COL4A1,REAC:R-HSA-5653656,,,
TIMP2,REAC:R-HSA-5653656,,,
ZZZ3,REAC:R-HSA-5653656,,,
IPO9,REAC:R-HSA-5653656,,,
RERE,REAC:R-HSA-5653656,,,
GRK3,REAC:R-HSA-5653656,,,
ANK2,REAC:R-HSA-5653656,,,
CNR1,REAC:R-HSA-5653656,,,
AMMECR1,REAC:R-HSA-5653656,,,
LAMA4,REAC:R-HSA-5653656,,,
RTN4,REAC:R-HSA-5653656,,,
SBNO1,REAC:R-HSA-5653656,,,
H2AZ2,REAC:R-HSA-5653656,,,
LDOC1,REAC:R-HSA-5653656,,,
PDXDC1,REAC:R-HSA-5653656,,,
TASP1,REAC:R-HSA-5653656,,,
NEDD4L,REAC:R-HSA-5653656,,,
ALPK3,REAC:R-HSA-5653656,,,
SOST,REAC:R-HSA-5653656,,,
SLC30A9,REAC:R-HSA-5653656,,,
PPIG,REAC:R-HSA-5653656,,,
ZNF148,REAC:R-HSA-5653656,,,
OTUD4,REAC:R-HSA-5653656,,,
AKAP12,REAC:R-HSA-5653656,,,
DOK7,REAC:R-HSA-5653656,,,
HMGXB4,REAC:R-HSA-5653656,,,
IPPK,REAC:R-HSA-5653656,,,
BCL7C,REAC:R-HSA-5653656,,,
GMCL1,REAC:R-HSA-5653656,,,
CCSER1,REAC:R-HSA-5653656,,,
TSN,REAC:R-HSA-5653656,,,
FITM2,REAC:R-HSA-5653656,,,
MACC1,REAC:R-HSA-5653656,,,
ST6GALNAC3,REAC:R-HSA-5653656,,,
NETO2,REAC:R-HSA-5653656,,,
SHE,REAC:R-HSA-5653656,,,
REST,REAC:R-HSA-5653656,,,
UBE2N,REAC:R-HSA-5653656,,,
PPP2CA,REAC:R-HSA-5653656,,,
DR1,REAC:R-HSA-5653656,,,
CACNA2D1,REAC:R-HSA-5653656,,,
DDI2,REAC:R-HSA-5653656,,,
DLG2,REAC:R-HSA-5653656,,,
AMMECR1L,REAC:R-HSA-5653656,,,
PCGF3,REAC:R-HSA-5653656,,,
NFATC2,REAC:R-HSA-5653656,,,
TANC2,REAC:R-HSA-5653656,,,
UBXN2A,REAC:R-HSA-5653656,,,
CYB561D1,REAC:R-HSA-5653656,,,
TTPAL,REAC:R-HSA-5653656,,,
PAK3,REAC:R-HSA-5653656,,,
FSD1L,REAC:R-HSA-5653656,,,
FRZB,REAC:R-HSA-5653656,,,
ARHGAP26,REAC:R-HSA-5653656,,,
CLINT1,REAC:R-HSA-5653656,,,
TMEM151B,REAC:R-HSA-5653656,,,
CAPN7,REAC:R-HSA-5653656,,,
EIF2B2,REAC:R-HSA-5653656,,,
ZDHHC21,REAC:R-HSA-5653656,,,
MIGA1,REAC:R-HSA-5653656,,,
WDR47,REAC:R-HSA-5653656,,,
SLC6A9,REAC:R-HSA-5653656,,,
ZNF507,REAC:R-HSA-5653656,,,
AATK,REAC:R-HSA-5653656,,,
BTG2,REAC:R-HSA-5653656,,,
NAA20,REAC:R-HSA-5653656,,,
PSKH1,REAC:R-HSA-5653656,,,
DTX3L,REAC:R-HSA-5653656,,,
UBE2J1,REAC:R-HSA-5653656,,,
RNF24,REAC:R-HSA-5653656,,,
ZFX,REAC:R-HSA-5653656,,,
CYSLTR1,REAC:R-HSA-5653656,,,
PTP4A1,REAC:R-HSA-5653656,,,
NCKAP1,REAC:R-HSA-5653656,,,
KIAA1614,REAC:R-HSA-5653656,,,
RICTOR,REAC:R-HSA-5653656,,,
KYAT3,REAC:R-HSA-5653656,,,
KLF10,REAC:R-HSA-5653656,,,
XK,REAC:R-HSA-5653656,,,
HIF1AN,REAC:R-HSA-5653656,,,
POLR2F,REAC:R-HSA-5653656,,,
PAX5,REAC:R-HSA-5653656,,,
PGK1,REAC:R-HSA-5653656,,,
RBM3,REAC:R-HSA-5653656,,,
TNFAIP8,REAC:R-HSA-5653656,,,
GRM4,REAC:R-HSA-5653656,,,
PARP6,REAC:R-HSA-5653656,,,
CHPT1,REAC:R-HSA-5653656,,,
AGAP1,REAC:R-HSA-5653656,,,
PCDHA9,REAC:R-HSA-5653656,,,
MYO6,REAC:R-HSA-5653656,,,
NASP,REAC:R-HSA-5653656,,,
FGF1,REAC:R-HSA-5653656,,,
SUMO2,REAC:R-HSA-5653656,,,
RAPGEF5,REAC:R-HSA-5653656,,,
PXMP4,REAC:R-HSA-5653656,,,
VPS4B,REAC:R-HSA-5653656,,,
WASL,REAC:R-HSA-5653656,,,
DYRK2,REAC:R-HSA-5653656,,,
GNPNAT1,REAC:R-HSA-5653656,,,
HMGN2,REAC:R-HSA-5653656,,,
ZNF282,REAC:R-HSA-5653656,,,
ZRANB2,REAC:R-HSA-5653656,,,
SCEL,REAC:R-HSA-5653656,,,
HNRNPA0,REAC:R-HSA-5653656,,,
FRRS1L,REAC:R-HSA-5653656,,,
CCDC28A,REAC:R-HSA-5653656,,,
C5orf15,REAC:R-HSA-5653656,,,
ZC3H8,REAC:R-HSA-5653656,,,
MCTP2,REAC:R-HSA-5653656,,,
UBE3C,REAC:R-HSA-5653656,,,
SSR1,REAC:R-HSA-5653656,,,
EXT2,REAC:R-HSA-5653656,,,
MYO10,REAC:R-HSA-5653656,,,
TNFSF11,REAC:R-HSA-5653656,,,
FBXL19,REAC:R-HSA-5653656,,,
TOB2,REAC:R-HSA-5653656,,,
RAD54L2,REAC:R-HSA-5653656,,,
MFN2,REAC:R-HSA-5653656,,,
BTBD9,REAC:R-HSA-5653656,,,
ATP1A2,REAC:R-HSA-5653656,,,
MAP4K4,REAC:R-HSA-5653656,,,
ANGEL1,REAC:R-HSA-5653656,,,
TMED9,REAC:R-HSA-5653656,,,
ICE1,REAC:R-HSA-5653656,,,
RMND5B,REAC:R-HSA-5653656,,,
CNP,REAC:R-HSA-5653656,,,
FCHO2,REAC:R-HSA-5653656,,,
SSH1,REAC:R-HSA-5653656,,,
ATP8B2,REAC:R-HSA-5653656,,,
TTC7B,REAC:R-HSA-5653656,,,
TMEM30A,REAC:R-HSA-5653656,,,
SEMA5A,REAC:R-HSA-5653656,,,
KANK1,REAC:R-HSA-5653656,,,
CXADR,REAC:R-HSA-5653656,,,
KCNE4,REAC:R-HSA-5653656,,,
DOCK3,REAC:R-HSA-5653656,,,
LRRC1,REAC:R-HSA-194315,,,
ITSN1,REAC:R-HSA-194315,,,
RCC2,REAC:R-HSA-194315,,,
PAK4,REAC:R-HSA-194315,,,
YWHAG,REAC:R-HSA-194315,,,
NCOA2,REAC:R-HSA-194315,,,
CUL3,REAC:R-HSA-194315,,,
DYNLL2,REAC:R-HSA-194315,,,
H3-3B,REAC:R-HSA-194315,,,
TPM3,REAC:R-HSA-194315,,,
SOWAHC,REAC:R-HSA-194315,,,
YWHAQ,REAC:R-HSA-194315,,,
ABI2,REAC:R-HSA-194315,,,
RBM18,REAC:R-HSA-194315,,,
BAZ2A,REAC:R-HSA-194315,,,
SSBP2,REAC:R-HSA-194315,,,
NRIP3,REAC:R-HSA-194315,,,
ABHD6,REAC:R-HSA-194315,,,
LDLRAD3,REAC:R-HSA-194315,,,
EIF4B,REAC:R-HSA-194315,,,
TRUB1,REAC:R-HSA-194315,,,
MLLT3,REAC:R-HSA-194315,,,
ZFP3,REAC:R-HSA-194315,,,
ACVR2A,REAC:R-HSA-194315,,,
TFCP2L1,REAC:R-HSA-194315,,,
RNF4,REAC:R-HSA-194315,,,
TMPO,REAC:R-HSA-194315,,,
CPEB3,REAC:R-HSA-194315,,,
MIPOL1,REAC:R-HSA-194315,,,
PSD3,REAC:R-HSA-194315,,,
SCD,REAC:R-HSA-194315,,,
H2AZ2,REAC:R-HSA-194315,,,
CCNT2,REAC:R-HSA-194315,,,
KPNA6,REAC:R-HSA-194315,,,
UEVLD,REAC:R-HSA-194315,,,
NME7,REAC:R-HSA-194315,,,
TIAM2,REAC:R-HSA-194315,,,
HOXB8,REAC:R-HSA-194315,,,
PGM2L1,REAC:R-HSA-194315,,,
STK24,REAC:R-HSA-194315,,,
PDK3,REAC:R-HSA-194315,,,
HNMT,REAC:R-HSA-194315,,,
USP47,REAC:R-HSA-194315,,,
CALM1,REAC:R-HSA-194315,,,
CCSER1,REAC:R-HSA-194315,,,
ZBTB20,REAC:R-HSA-194315,,,
SHE,REAC:R-HSA-194315,,,
PCDHA6,REAC:R-HSA-194315,,,
TMEM178B,REAC:R-HSA-194315,,,
HIF3A,REAC:R-HSA-194315,,,
DDIAS,REAC:R-HSA-194315,,,
SFMBT2,REAC:R-HSA-194315,,,
HAUS8,REAC:R-HSA-194315,,,
BEND3,REAC:R-HSA-194315,,,
DDI2,REAC:R-HSA-194315,,,
EPG5,REAC:R-HSA-194315,,,
XKR4,REAC:R-HSA-194315,,,
ECE1,REAC:R-HSA-194315,,,
DLG2,REAC:R-HSA-194315,,,
NOL4,REAC:R-HSA-194315,,,
FBXO39,REAC:R-HSA-194315,,,
MACROD2,REAC:R-HSA-194315,,,
RRP12,REAC:R-HSA-194315,,,
EPN2,REAC:R-HSA-194315,,,
MYLK,REAC:R-HSA-194315,,,
PSME3,REAC:R-HSA-194315,,,
LYSMD3,REAC:R-HSA-194315,,,
CLCN3,REAC:R-HSA-194315,,,
PAK3,REAC:R-HSA-194315,,,
AP3M1,REAC:R-HSA-194315,,,
FRZB,REAC:R-HSA-194315,,,
PDF,REAC:R-HSA-194315,,,
FBXO45,REAC:R-HSA-194315,,,
EIF2B2,REAC:R-HSA-194315,,,
CNKSR3,REAC:R-HSA-194315,,,
ARFGEF3,REAC:R-HSA-194315,,,
PHF1,REAC:R-HSA-194315,,,
CCDC71L,REAC:R-HSA-194315,,,
PCP4L1,REAC:R-HSA-194315,,,
PSKH1,REAC:R-HSA-194315,,,
KIAA0232,REAC:R-HSA-194315,,,
ZFYVE16,REAC:R-HSA-194315,,,
PIK3R3,REAC:R-HSA-194315,,,
NFATC2IP,REAC:R-HSA-194315,,,
PAX2,REAC:R-HSA-194315,,,
CDC14A,REAC:R-HSA-194315,,,
POLR1C,REAC:R-HSA-194315,,,
GRAMD2A,REAC:R-HSA-194315,,,
FBXL13,REAC:R-HSA-194315,,,
KIAA1614,REAC:R-HSA-194315,,,
TNFSF13B,REAC:R-HSA-194315,,,
KCTD20,REAC:R-HSA-194315,,,
SERAC1,REAC:R-HSA-194315,,,
MAPKBP1,REAC:R-HSA-194315,,,
ZBTB33,REAC:R-HSA-194315,,,
RNF152,REAC:R-HSA-194315,,,
TRPM7,REAC:R-HSA-194315,,,
ATMIN,REAC:R-HSA-194315,,,
KCTD1,REAC:R-HSA-194315,,,
GRM4,REAC:R-HSA-194315,,,
ZNF711,REAC:R-HSA-194315,,,
BEGAIN,REAC:R-HSA-194315,,,
CHPT1,REAC:R-HSA-194315,,,
MAPRE1,REAC:R-HSA-194315,,,
UCHL5,REAC:R-HSA-194315,,,
FGF1,REAC:R-HSA-194315,,,
RAPGEF5,REAC:R-HSA-194315,,,
PURA,REAC:R-HSA-194315,,,
SLC39A10,REAC:R-HSA-194315,,,
ABCB8,REAC:R-HSA-194315,,,
SZRD1,REAC:R-HSA-194315,,,
HNRNPA0,REAC:R-HSA-194315,,,
FRRS1L,REAC:R-HSA-194315,,,
ELL,REAC:R-HSA-194315,,,
CMPK1,REAC:R-HSA-194315,,,
TRAF3,REAC:R-HSA-194315,,,
PDK4,REAC:R-HSA-194315,,,
DAGLA,REAC:R-HSA-194315,,,
MCTP2,REAC:R-HSA-194315,,,
UBE3C,REAC:R-HSA-194315,,,
MCF2L,REAC:R-HSA-194315,,,
SSR1,REAC:R-HSA-194315,,,
EBF3,REAC:R-HSA-194315,,,
FBXL19,REAC:R-HSA-194315,,,
ADCY9,REAC:R-HSA-194315,,,
WTAP,REAC:R-HSA-194315,,,
SEPTIN6,REAC:R-HSA-194315,,,
KIAA0513,REAC:R-HSA-194315,,,
ICE1,REAC:R-HSA-194315,,,
CDK6,REAC:R-HSA-194315,,,
ADAT2,REAC:R-HSA-194315,,,
IGF2BP1,REAC:R-HSA-194315,,,
ZFYVE27,REAC:R-HSA-194315,,,
PPP4R2,REAC:R-HSA-194315,,,
PLPP6,REAC:R-HSA-194315,,,
LYSMD2,REAC:R-HSA-194315,,,
PI4K2B,REAC:R-HSA-194315,,,
DDX19B,REAC:R-HSA-194315,,,
PHF3,REAC:R-HSA-194315,,,
LRRC8C,REAC:R-HSA-194315,,,
LONRF2,REAC:R-HSA-194315,,,
MAD2L1,REAC:R-HSA-194315,,,
TGFBR3,REAC:R-HSA-194315,,,
GNAQ,REAC:R-HSA-194315,,,
SYNJ2BP,REAC:R-HSA-194315,,,
TSPYL2,REAC:R-HSA-194315,,,
FBXO44,REAC:R-HSA-194315,,,
SH3PXD2A,REAC:R-HSA-194315,,,
DLGAP2,REAC:R-HSA-194315,,,
WBP2,REAC:R-HSA-194315,,,
CCDC120,REAC:R-HSA-194315,,,
TP53,REAC:R-HSA-1257604,,,
MTA3,REAC:R-HSA-1257604,,,
AGO1,REAC:R-HSA-1257604,,,
SOCS6,REAC:R-HSA-1257604,,,
RBM18,REAC:R-HSA-1257604,,,
SSBP2,REAC:R-HSA-1257604,,,
NR6A1,REAC:R-HSA-1257604,,,
LDLRAD3,REAC:R-HSA-1257604,,,
ZBTB6,REAC:R-HSA-1257604,,,
TFCP2L1,REAC:R-HSA-1257604,,,
RLIM,REAC:R-HSA-1257604,,,
PDXDC1,REAC:R-HSA-1257604,,,
RYBP,REAC:R-HSA-1257604,,,
GOLGA3,REAC:R-HSA-1257604,,,
TOM1L2,REAC:R-HSA-1257604,,,
UEVLD,REAC:R-HSA-1257604,,,
SLC4A8,REAC:R-HSA-1257604,,,
NUP43,REAC:R-HSA-1257604,,,
TBP,REAC:R-HSA-1257604,,,
FNBP4,REAC:R-HSA-1257604,,,
VAPA,REAC:R-HSA-1257604,,,
HMGCS1,REAC:R-HSA-1257604,,,
MKRN1,REAC:R-HSA-1257604,,,
MECP2,REAC:R-HSA-1257604,,,
DDIAS,REAC:R-HSA-1257604,,,
NCKAP5,REAC:R-HSA-1257604,,,
PAK5,REAC:R-HSA-1257604,,,
RAB3C,REAC:R-HSA-1257604,,,
NXT2,REAC:R-HSA-1257604,,,
SIM1,REAC:R-HSA-1257604,,,
ZBTB10,REAC:R-HSA-1257604,,,
SLC30A1,REAC:R-HSA-1257604,,,
RGS17,REAC:R-HSA-1257604,,,
ZNF507,REAC:R-HSA-1257604,,,
VMP1,REAC:R-HSA-1257604,,,
KIAA0232,REAC:R-HSA-1257604,,,
UNC13B,REAC:R-HSA-1257604,,,
PRDM16,REAC:R-HSA-1257604,,,
PLEKHA7,REAC:R-HSA-1257604,,,
KSR1,REAC:R-HSA-1257604,,,
ZBTB12,REAC:R-HSA-1257604,,,
PDE3B,REAC:R-HSA-1257604,,,
TRPM6,REAC:R-HSA-1257604,,,
ZC3H6,REAC:R-HSA-1257604,,,
KDM5A,REAC:R-HSA-1257604,,,
DCTN5,REAC:R-HSA-1257604,,,
CPD,REAC:R-HSA-1257604,,,
VXN,REAC:R-HSA-1257604,,,
DENND6A,REAC:R-HSA-1257604,,,
CDH3,REAC:R-HSA-1257604,,,
RASAL2,REAC:R-HSA-1257604,,,
PTAR1,REAC:R-HSA-1257604,,,
IRS1,REAC:R-HSA-1257604,,,
MRS2,REAC:R-HSA-1257604,,,
FNIP2,REAC:R-HSA-1257604,,,
PTPN9,REAC:R-HSA-1257604,,,
PAWR,REAC:R-HSA-1257604,,,
CACNA1E,REAC:R-HSA-1257604,,,
NHS,REAC:R-HSA-1257604,,,
IDE,REAC:R-HSA-1257604,,,
LRATD1,REAC:R-HSA-1257604,,,
EBF3,REAC:R-HSA-1257604,,,
MINDY1,REAC:R-HSA-1257604,,,
SUSD6,REAC:R-HSA-1257604,,,
RER1,REAC:R-HSA-1257604,,,
GGCT,REAC:R-HSA-1257604,,,
STX5,REAC:R-HSA-1257604,,,
KCND1,REAC:R-HSA-1257604,,,
NRP1,REAC:R-HSA-9006934,,,
HNRNPA1,REAC:R-HSA-9006934,,,
CHEK1,REAC:R-HSA-9006934,,,
HNRNPF,REAC:R-HSA-9006934,,,
IGF1R,REAC:R-HSA-9006934,,,
ABI2,REAC:R-HSA-9006934,,,
TLN2,REAC:R-HSA-9006934,,,
RBM18,REAC:R-HSA-9006934,,,
HAS2,REAC:R-HSA-9006934,,,
SSBP2,REAC:R-HSA-9006934,,,
LDLRAD3,REAC:R-HSA-9006934,,,
ZBTB6,REAC:R-HSA-9006934,,,
TVP23B,REAC:R-HSA-9006934,,,
NPR3,REAC:R-HSA-9006934,,,
ZXDA,REAC:R-HSA-9006934,,,
SLC2A1,REAC:R-HSA-9006934,,,
G3BP1,REAC:R-HSA-9006934,,,
CDC6,REAC:R-HSA-9006934,,,
AMMECR1,REAC:R-HSA-9006934,,,
CARMIL1,REAC:R-HSA-9006934,,,
TMEM107,REAC:R-HSA-9006934,,,
PDXDC1,REAC:R-HSA-9006934,,,
ALPK3,REAC:R-HSA-9006934,,,
WAPL,REAC:R-HSA-9006934,,,
TOM1L2,REAC:R-HSA-9006934,,,
UEVLD,REAC:R-HSA-9006934,,,
POLH,REAC:R-HSA-9006934,,,
FBXO28,REAC:R-HSA-9006934,,,
MASTL,REAC:R-HSA-9006934,,,
ANK3,REAC:R-HSA-9006934,,,
PHIP,REAC:R-HSA-9006934,,,
CALM1,REAC:R-HSA-9006934,,,
TBP,REAC:R-HSA-9006934,,,
ANGPTL2,REAC:R-HSA-9006934,,,
GRAMD1B,REAC:R-HSA-9006934,,,
CCSER1,REAC:R-HSA-9006934,,,
CDC25A,REAC:R-HSA-9006934,,,
PLCL2,REAC:R-HSA-9006934,,,
HMGCS1,REAC:R-HSA-9006934,,,
MKRN1,REAC:R-HSA-9006934,,,
HIF3A,REAC:R-HSA-9006934,,,
DDIAS,REAC:R-HSA-9006934,,,
DDI2,REAC:R-HSA-9006934,,,
SMAD5,REAC:R-HSA-9006934,,,
FDXR,REAC:R-HSA-9006934,,,
AMMECR1L,REAC:R-HSA-9006934,,,
IPMK,REAC:R-HSA-9006934,,,
VIPAS39,REAC:R-HSA-9006934,,,
RAB3C,REAC:R-HSA-9006934,,,
VPS18,REAC:R-HSA-9006934,,,
SIM1,REAC:R-HSA-9006934,,,
ZBTB10,REAC:R-HSA-9006934,,,
CLCN3,REAC:R-HSA-9006934,,,
MTSS2,REAC:R-HSA-9006934,,,
PIP5KL1,REAC:R-HSA-9006934,,,
TBCEL,REAC:R-HSA-9006934,,,
DUSP8,REAC:R-HSA-9006934,,,
LRP2,REAC:R-HSA-9006934,,,
PPIL6,REAC:R-HSA-9006934,,,
ZNF507,REAC:R-HSA-9006934,,,
CCDC71L,REAC:R-HSA-9006934,,,
BACH2,REAC:R-HSA-9006934,,,
KIAA0232,REAC:R-HSA-9006934,,,
ZNF48,REAC:R-HSA-9006934,,,
NFATC2IP,REAC:R-HSA-9006934,,,
EFCAB14,REAC:R-HSA-9006934,,,
RANBP10,REAC:R-HSA-9006934,,,
POLR1C,REAC:R-HSA-9006934,,,
KIAA1614,REAC:R-HSA-9006934,,,
KCND3,REAC:R-HSA-9006934,,,
STK40,REAC:R-HSA-9006934,,,
ACTB,REAC:R-HSA-9006934,,,
ZBTB12,REAC:R-HSA-9006934,,,
USP12,REAC:R-HSA-9006934,,,
NUDT3,REAC:R-HSA-9006934,,,
RICTOR,REAC:R-HSA-9006934,,,
ZC3H6,REAC:R-HSA-9006934,,,
KLF10,REAC:R-HSA-9006934,,,
THAP11,REAC:R-HSA-9006934,,,
KIAA1755,REAC:R-HSA-9006934,,,
KCTD1,REAC:R-HSA-9006934,,,
VXN,REAC:R-HSA-9006934,,,
PIP4P1,REAC:R-HSA-9006934,,,
DENND6A,REAC:R-HSA-9006934,,,
NASP,REAC:R-HSA-9006934,,,
TOR1AIP2,REAC:R-HSA-9006934,,,
PURA,REAC:R-HSA-9006934,,,
PTAR1,REAC:R-HSA-9006934,,,
ARHGEF17,REAC:R-HSA-9006934,,,
SZRD1,REAC:R-HSA-9006934,,,
FAR1,REAC:R-HSA-9006934,,,
ZFHX4,REAC:R-HSA-9006934,,,
RAP1B,REAC:R-HSA-9006934,,,
PAWR,REAC:R-HSA-9006934,,,
TP53INP2,REAC:R-HSA-9006934,,,
CACNA1E,REAC:R-HSA-9006934,,,
DOT1L,REAC:R-HSA-9006934,,,
EBF3,REAC:R-HSA-9006934,,,
ANKH,REAC:R-HSA-9006934,,,
MINDY1,REAC:R-HSA-9006934,,,
FBXO33,REAC:R-HSA-9006934,,,
RBAK,REAC:R-HSA-9006934,,,
BTBD9,REAC:R-HSA-9006934,,,
ANGEL1,REAC:R-HSA-9006934,,,
RER1,REAC:R-HSA-9006934,,,
BMI1,REAC:R-HSA-9006934,,,
FGF14,REAC:R-HSA-9006934,,,
BTG1,REAC:R-HSA-9006934,,,
MAD2L1,REAC:R-HSA-9006934,,,
THRB,REAC:R-HSA-9006934,,,
TMEM38A,REAC:R-HSA-9006934,,,
SESTD1,REAC:R-HSA-9006934,,,
GNAQ,REAC:R-HSA-9006934,,,
CALU,REAC:R-HSA-9006934,,,
WNT7B,REAC:R-HSA-9006934,,,
WBP2,REAC:R-HSA-9006934,,,
TRIQK,REAC:R-HSA-9006934,,,
KAT7,REAC:R-HSA-4839726,,,
PADI2,REAC:R-HSA-4839726,,,
NCOA2,REAC:R-HSA-4839726,,,
SMARCA4,REAC:R-HSA-4839726,,,
PRMT7,REAC:R-HSA-4839726,,,
SMARCD1,REAC:R-HSA-4839726,,,
MTA3,REAC:R-HSA-4839726,,,
ARID4B,REAC:R-HSA-4839726,,,
MSL2,REAC:R-HSA-4839726,,,
HAT1,REAC:R-HSA-4839726,,,
SMARCC1,REAC:R-HSA-4839726,,,
SCN2A,REAC:R-HSA-4839726,,,
NR6A1,REAC:R-HSA-4839726,,,
NMNAT2,REAC:R-HSA-4839726,,,
RAB10,REAC:R-HSA-4839726,,,
EXPH5,REAC:R-HSA-4839726,,,
SCD,REAC:R-HSA-4839726,,,
MSMO1,REAC:R-HSA-4839726,,,
JAZF1,REAC:R-HSA-4839726,,,
NEK7,REAC:R-HSA-4839726,,,
TBP,REAC:R-HSA-4839726,,,
CHMP7,REAC:R-HSA-4839726,,,
ETNK2,REAC:R-HSA-4839726,,,
LRRC32,REAC:R-HSA-4839726,,,
ZNF395,REAC:R-HSA-4839726,,,
YOD1,REAC:R-HSA-4839726,,,
HMGCS1,REAC:R-HSA-4839726,,,
SRPK1,REAC:R-HSA-4839726,,,
SLC25A15,REAC:R-HSA-4839726,,,
ZNRF3,REAC:R-HSA-4839726,,,
SFXN5,REAC:R-HSA-4839726,,,
EMP2,REAC:R-HSA-4839726,,,
CDK17,REAC:R-HSA-4839726,,,
VPS13A,REAC:R-HSA-4839726,,,
SOS2,REAC:R-HSA-4839726,,,
SLC25A22,REAC:R-HSA-4839726,,,
PTPN1,REAC:R-HSA-4839726,,,
STOX2,REAC:R-HSA-4839726,,,
FUBP1,REAC:R-HSA-4839726,,,
NUDCD3,REAC:R-HSA-4839726,,,
CELF1,REAC:R-HSA-4839726,,,
ADAM10,REAC:R-HSA-4839726,,,
SPOCK1,REAC:R-HSA-4839726,,,
BBC3,REAC:R-HSA-4839726,,,
COQ10B,REAC:R-HSA-4839726,,,
TNRC6B,REAC:R-HSA-4839726,,,
CHRM3,REAC:R-HSA-4839726,,,
KSR1,REAC:R-HSA-4839726,,,
KIAA1614,REAC:R-HSA-4839726,,,
BMPR1A,REAC:R-HSA-4839726,,,
PDE3B,REAC:R-HSA-4839726,,,
KCNC3,REAC:R-HSA-4839726,,,
PRLR,REAC:R-HSA-4839726,,,
RRAGA,REAC:R-HSA-4839726,,,
USP9X,REAC:R-HSA-4839726,,,
TIMELESS,REAC:R-HSA-4839726,,,
SNCG,REAC:R-HSA-4839726,,,
TMEM234,REAC:R-HSA-4839726,,,
CCPG1,REAC:R-HSA-4839726,,,
SREK1IP1,REAC:R-HSA-4839726,,,
ANKH,REAC:R-HSA-4839726,,,
RAB18,REAC:R-HSA-4839726,,,
CASP10,REAC:R-HSA-4839726,,,
HSF2,REAC:R-HSA-4839726,,,
PLEKHA6,REAC:R-HSA-4839726,,,
COG5,REAC:R-HSA-4839726,,,
RBFOX2,REAC:R-HSA-4839726,,,
UVRAG,REAC:R-HSA-4839726,,,
CANX,REAC:R-HSA-4839726,,,
TOB1,REAC:R-HSA-4839726,,,
KAT7,REAC:R-HSA-3247509,,,
PADI2,REAC:R-HSA-3247509,,,
NCOA2,REAC:R-HSA-3247509,,,
SMARCA4,REAC:R-HSA-3247509,,,
PRMT7,REAC:R-HSA-3247509,,,
SMARCD1,REAC:R-HSA-3247509,,,
MTA3,REAC:R-HSA-3247509,,,
ARID4B,REAC:R-HSA-3247509,,,
MSL2,REAC:R-HSA-3247509,,,
HAT1,REAC:R-HSA-3247509,,,
SMARCC1,REAC:R-HSA-3247509,,,
SCN2A,REAC:R-HSA-3247509,,,
NR6A1,REAC:R-HSA-3247509,,,
NMNAT2,REAC:R-HSA-3247509,,,
RAB10,REAC:R-HSA-3247509,,,
EXPH5,REAC:R-HSA-3247509,,,
SCD,REAC:R-HSA-3247509,,,
MSMO1,REAC:R-HSA-3247509,,,
JAZF1,REAC:R-HSA-3247509,,,
NEK7,REAC:R-HSA-3247509,,,
TBP,REAC:R-HSA-3247509,,,
CHMP7,REAC:R-HSA-3247509,,,
ETNK2,REAC:R-HSA-3247509,,,
LRRC32,REAC:R-HSA-3247509,,,
ZNF395,REAC:R-HSA-3247509,,,
YOD1,REAC:R-HSA-3247509,,,
HMGCS1,REAC:R-HSA-3247509,,,
SRPK1,REAC:R-HSA-3247509,,,
SLC25A15,REAC:R-HSA-3247509,,,
ZNRF3,REAC:R-HSA-3247509,,,
SFXN5,REAC:R-HSA-3247509,,,
EMP2,REAC:R-HSA-3247509,,,
CDK17,REAC:R-HSA-3247509,,,
VPS13A,REAC:R-HSA-3247509,,,
SOS2,REAC:R-HSA-3247509,,,
SLC25A22,REAC:R-HSA-3247509,,,
PTPN1,REAC:R-HSA-3247509,,,
STOX2,REAC:R-HSA-3247509,,,
FUBP1,REAC:R-HSA-3247509,,,
NUDCD3,REAC:R-HSA-3247509,,,
CELF1,REAC:R-HSA-3247509,,,
ADAM10,REAC:R-HSA-3247509,,,
SPOCK1,REAC:R-HSA-3247509,,,
BBC3,REAC:R-HSA-3247509,,,
COQ10B,REAC:R-HSA-3247509,,,
TNRC6B,REAC:R-HSA-3247509,,,
CHRM3,REAC:R-HSA-3247509,,,
KSR1,REAC:R-HSA-3247509,,,
KIAA1614,REAC:R-HSA-3247509,,,
BMPR1A,REAC:R-HSA-3247509,,,
PDE3B,REAC:R-HSA-3247509,,,
KCNC3,REAC:R-HSA-3247509,,,
PRLR,REAC:R-HSA-3247509,,,
RRAGA,REAC:R-HSA-3247509,,,
USP9X,REAC:R-HSA-3247509,,,
TIMELESS,REAC:R-HSA-3247509,,,
SNCG,REAC:R-HSA-3247509,,,
TMEM234,REAC:R-HSA-3247509,,,
CCPG1,REAC:R-HSA-3247509,,,
SREK1IP1,REAC:R-HSA-3247509,,,
ANKH,REAC:R-HSA-3247509,,,
RAB18,REAC:R-HSA-3247509,,,
CASP10,REAC:R-HSA-3247509,,,
HSF2,REAC:R-HSA-3247509,,,
PLEKHA6,REAC:R-HSA-3247509,,,
COG5,REAC:R-HSA-3247509,,,
RBFOX2,REAC:R-HSA-3247509,,,
UVRAG,REAC:R-HSA-3247509,,,
CANX,REAC:R-HSA-3247509,,,
TOB1,REAC:R-HSA-3247509,,,
AGO1,REAC:R-HSA-9839373,,,
PGRMC2,REAC:R-HSA-9839373,,,
HAS2,REAC:R-HSA-9839373,,,
ZXDA,REAC:R-HSA-9839373,,,
TRIM3,REAC:R-HSA-9839373,,,
SMAD2,REAC:R-HSA-9839373,,,
INO80D,REAC:R-HSA-9839373,,,
BAK1,REAC:R-HSA-9839373,,,
EIF1AX,REAC:R-HSA-9839373,,,
SIM1,REAC:R-HSA-9839373,,,
SLC30A1,REAC:R-HSA-9839373,,,
UNC13B,REAC:R-HSA-9839373,,,
ZNF48,REAC:R-HSA-9839373,,,
PRDM16,REAC:R-HSA-9839373,,,
USP12,REAC:R-HSA-9839373,,,
MRS2,REAC:R-HSA-9839373,,,
SCAMP5,REAC:R-HSA-9839373,,,
TMED9,REAC:R-HSA-9839373,,,
NUP133,REAC:R-HSA-9839373,,,
BTG1,REAC:R-HSA-9839373,,,
RPA1,REAC:R-HSA-74160,,,
ZNF740,REAC:R-HSA-74160,,,
PLXNA4,REAC:R-HSA-74160,,,
TP53,REAC:R-HSA-74160,,,
YWHAG,REAC:R-HSA-74160,,,
XPO5,REAC:R-HSA-74160,,,
MDM4,REAC:R-HSA-74160,,,
SMARCA4,REAC:R-HSA-74160,,,
CHEK1,REAC:R-HSA-74160,,,
TET3,REAC:R-HSA-74160,,,
RUNX1,REAC:R-HSA-74160,,,
SKP1,REAC:R-HSA-74160,,,
SMARCD1,REAC:R-HSA-74160,,,
TTC5,REAC:R-HSA-74160,,,
MTA3,REAC:R-HSA-74160,,,
ARID4B,REAC:R-HSA-74160,,,
NFYA,REAC:R-HSA-74160,,,
ZNF710,REAC:R-HSA-74160,,,
UBE2I,REAC:R-HSA-74160,,,
ANAPC15,REAC:R-HSA-74160,,,
TGIF1,REAC:R-HSA-74160,,,
MYBL1,REAC:R-HSA-74160,,,
OCLN,REAC:R-HSA-74160,,,
AGO1,REAC:R-HSA-74160,,,
H3-3B,REAC:R-HSA-74160,,,
SMARCC1,REAC:R-HSA-74160,,,
POU2F1,REAC:R-HSA-74160,,,
MAX,REAC:R-HSA-74160,,,
KCTD15,REAC:R-HSA-74160,,,
E2F5,REAC:R-HSA-74160,,,
CBX5,REAC:R-HSA-74160,,,
YWHAQ,REAC:R-HSA-74160,,,
SRSF3,REAC:R-HSA-74160,,,
SOCS6,REAC:R-HSA-74160,,,
LAMTOR3,REAC:R-HSA-74160,,,
IKZF3,REAC:R-HSA-74160,,,
FUT9,REAC:R-HSA-74160,,,
DEUP1,REAC:R-HSA-74160,,,
ACP6,REAC:R-HSA-74160,,,
GPR157,REAC:R-HSA-74160,,,
PGRMC2,REAC:R-HSA-74160,,,
SSBP2,REAC:R-HSA-74160,,,
NR6A1,REAC:R-HSA-74160,,,
TPM4,REAC:R-HSA-74160,,,
LDLRAD3,REAC:R-HSA-74160,,,
NEURL1B,REAC:R-HSA-74160,,,
PHF6,REAC:R-HSA-74160,,,
ZXDA,REAC:R-HSA-74160,,,
SCOC,REAC:R-HSA-74160,,,
RNF144B,REAC:R-HSA-74160,,,
FOXP1,REAC:R-HSA-74160,,,
RALGPS1,REAC:R-HSA-74160,,,
NMNAT2,REAC:R-HSA-74160,,,
SAMD8,REAC:R-HSA-74160,,,
HDAC9,REAC:R-HSA-74160,,,
RAB10,REAC:R-HSA-74160,,,
CDCA3,REAC:R-HSA-74160,,,
PPP1R16B,REAC:R-HSA-74160,,,
TFCP2L1,REAC:R-HSA-74160,,,
PPP2R5C,REAC:R-HSA-74160,,,
USP28,REAC:R-HSA-74160,,,
WDR82,REAC:R-HSA-74160,,,
RABEP1,REAC:R-HSA-74160,,,
RLIM,REAC:R-HSA-74160,,,
SCD,REAC:R-HSA-74160,,,
CSNK1G1,REAC:R-HSA-74160,,,
PDCD4,REAC:R-HSA-74160,,,
MSMO1,REAC:R-HSA-74160,,,
TSPYL5,REAC:R-HSA-74160,,,
HBEGF,REAC:R-HSA-74160,,,
SCN2B,REAC:R-HSA-74160,,,
TOM1L2,REAC:R-HSA-74160,,,
TIMP3,REAC:R-HSA-74160,,,
ATE1,REAC:R-HSA-74160,,,
NAA15,REAC:R-HSA-74160,,,
ELMO1,REAC:R-HSA-74160,,,
TFAP2B,REAC:R-HSA-74160,,,
C1orf21,REAC:R-HSA-74160,,,
POLR3H,REAC:R-HSA-74160,,,
JADE2,REAC:R-HSA-74160,,,
CDC40,REAC:R-HSA-74160,,,
PGM2L1,REAC:R-HSA-74160,,,
NUP43,REAC:R-HSA-74160,,,
RAB11FIP1,REAC:R-HSA-74160,,,
PPM1H,REAC:R-HSA-74160,,,
MASTL,REAC:R-HSA-74160,,,
BEST1,REAC:R-HSA-74160,,,
ABI1,REAC:R-HSA-74160,,,
TBP,REAC:R-HSA-74160,,,
FNBP4,REAC:R-HSA-74160,,,
ETNK2,REAC:R-HSA-74160,,,
ESR2,REAC:R-HSA-74160,,,
ANK1,REAC:R-HSA-74160,,,
GRAMD1B,REAC:R-HSA-74160,,,
TSN,REAC:R-HSA-74160,,,
DICER1,REAC:R-HSA-74160,,,
TNFRSF19,REAC:R-HSA-74160,,,
ODF2L,REAC:R-HSA-74160,,,
MYO18A,REAC:R-HSA-74160,,,
KCNJ15,REAC:R-HSA-74160,,,
TRIM5,REAC:R-HSA-74160,,,
TSPAN5,REAC:R-HSA-74160,,,
TMEM87B,REAC:R-HSA-74160,,,
ATAD2,REAC:R-HSA-74160,,,
YOD1,REAC:R-HSA-74160,,,
HMGCS1,REAC:R-HSA-74160,,,
PON2,REAC:R-HSA-74160,,,
MKRN1,REAC:R-HSA-74160,,,
SRPK1,REAC:R-HSA-74160,,,
SLC25A15,REAC:R-HSA-74160,,,
DDIAS,REAC:R-HSA-74160,,,
ZNRF3,REAC:R-HSA-74160,,,
SFXN5,REAC:R-HSA-74160,,,
DR1,REAC:R-HSA-74160,,,
GNAI3,REAC:R-HSA-74160,,,
EMP2,REAC:R-HSA-74160,,,
HDX,REAC:R-HSA-74160,,,
INSIG2,REAC:R-HSA-74160,,,
NCKAP5,REAC:R-HSA-74160,,,
GMEB1,REAC:R-HSA-74160,,,
LTN1,REAC:R-HSA-74160,,,
NSG1,REAC:R-HSA-74160,,,
NCMAP,REAC:R-HSA-74160,,,
CDK17,REAC:R-HSA-74160,,,
SOS2,REAC:R-HSA-74160,,,
DLG2,REAC:R-HSA-74160,,,
HPS5,REAC:R-HSA-74160,,,
AEBP2,REAC:R-HSA-74160,,,
FDXR,REAC:R-HSA-74160,,,
SLC25A22,REAC:R-HSA-74160,,,
POFUT1,REAC:R-HSA-74160,,,
YWHAZ,REAC:R-HSA-74160,,,
SEPTIN8,REAC:R-HSA-74160,,,
KCNK6,REAC:R-HSA-74160,,,
NSD3,REAC:R-HSA-74160,,,
NXT2,REAC:R-HSA-74160,,,
ATXN7L3,REAC:R-HSA-74160,,,
SYTL4,REAC:R-HSA-74160,,,
BICD1,REAC:R-HSA-74160,,,
HHIP,REAC:R-HSA-74160,,,
MON2,REAC:R-HSA-74160,,,
RAPH1,REAC:R-HSA-74160,,,
GAB1,REAC:R-HSA-74160,,,
SLC30A1,REAC:R-HSA-74160,,,
SATB2,REAC:R-HSA-74160,,,
RNF165,REAC:R-HSA-74160,,,
TNIK,REAC:R-HSA-74160,,,
TMED4,REAC:R-HSA-74160,,,
EFS,REAC:R-HSA-74160,,,
ESRP2,REAC:R-HSA-74160,,,
CELF1,REAC:R-HSA-74160,,,
RGS17,REAC:R-HSA-74160,,,
MARVELD2,REAC:R-HSA-74160,,,
PHC3,REAC:R-HSA-74160,,,
GNA11,REAC:R-HSA-74160,,,
DUSP8,REAC:R-HSA-74160,,,
RIOK3,REAC:R-HSA-74160,,,
MYO1D,REAC:R-HSA-74160,,,
CDYL,REAC:R-HSA-74160,,,
SPOCK1,REAC:R-HSA-74160,,,
MAPK6,REAC:R-HSA-74160,,,
CISH,REAC:R-HSA-74160,,,
EGR3,REAC:R-HSA-74160,,,
B3GALT5,REAC:R-HSA-74160,,,
BBC3,REAC:R-HSA-74160,,,
SEC31B,REAC:R-HSA-74160,,,
ZNF507,REAC:R-HSA-74160,,,
TMC7,REAC:R-HSA-74160,,,
VMP1,REAC:R-HSA-74160,,,
OSBP2,REAC:R-HSA-74160,,,
CLOCK,REAC:R-HSA-74160,,,
STX7,REAC:R-HSA-74160,,,
UNC13B,REAC:R-HSA-74160,,,
SORCS1,REAC:R-HSA-74160,,,
ARHGEF26,REAC:R-HSA-74160,,,
PRDM16,REAC:R-HSA-74160,,,
PLEKHA7,REAC:R-HSA-74160,,,
VHL,REAC:R-HSA-74160,,,
FREM2,REAC:R-HSA-74160,,,
FIGN,REAC:R-HSA-74160,,,
KSR1,REAC:R-HSA-74160,,,
TMEM260,REAC:R-HSA-74160,,,
KIAA1614,REAC:R-HSA-74160,,,
ZSCAN25,REAC:R-HSA-74160,,,
ZBTB12,REAC:R-HSA-74160,,,
PDE3B,REAC:R-HSA-74160,,,
TRPM6,REAC:R-HSA-74160,,,
THAP11,REAC:R-HSA-74160,,,
RAB4A,REAC:R-HSA-74160,,,
OLR1,REAC:R-HSA-74160,,,
ARIH2,REAC:R-HSA-74160,,,
FBXW4,REAC:R-HSA-74160,,,
CBX3,REAC:R-HSA-74160,,,
KCTD1,REAC:R-HSA-74160,,,
LMNB1,REAC:R-HSA-74160,,,
DCTN5,REAC:R-HSA-74160,,,
PDE4D,REAC:R-HSA-74160,,,
PRLR,REAC:R-HSA-74160,,,
PID1,REAC:R-HSA-74160,,,
KLF7,REAC:R-HSA-74160,,,
CPD,REAC:R-HSA-74160,,,
RNF217,REAC:R-HSA-74160,,,
BEGAIN,REAC:R-HSA-74160,,,
USP9X,REAC:R-HSA-74160,,,
KLHL15,REAC:R-HSA-74160,,,
VXN,REAC:R-HSA-74160,,,
PDZD4,REAC:R-HSA-74160,,,
CENPO,REAC:R-HSA-74160,,,
SEL1L3,REAC:R-HSA-74160,,,
CDH3,REAC:R-HSA-74160,,,
KCNJ11,REAC:R-HSA-74160,,,
G6PC3,REAC:R-HSA-74160,,,
ERGIC2,REAC:R-HSA-74160,,,
TIMM17A,REAC:R-HSA-74160,,,
TIMM50,REAC:R-HSA-74160,,,
IRS1,REAC:R-HSA-74160,,,
CNN1,REAC:R-HSA-74160,,,
SLF2,REAC:R-HSA-74160,,,
MAGOHB,REAC:R-HSA-74160,,,
MRS2,REAC:R-HSA-74160,,,
DDX6,REAC:R-HSA-74160,,,
EML1,REAC:R-HSA-74160,,,
C6orf89,REAC:R-HSA-74160,,,
CHRM5,REAC:R-HSA-74160,,,
RC3H1,REAC:R-HSA-74160,,,
CTNND1,REAC:R-HSA-74160,,,
POLR3G,REAC:R-HSA-74160,,,
SNAI1,REAC:R-HSA-74160,,,
BMPER,REAC:R-HSA-74160,,,
PTPN9,REAC:R-HSA-74160,,,
TMEM234,REAC:R-HSA-74160,,,
ELOVL5,REAC:R-HSA-74160,,,
PRPF4B,REAC:R-HSA-74160,,,
NHS,REAC:R-HSA-74160,,,
ADCY5,REAC:R-HSA-74160,,,
NRXN1,REAC:R-HSA-74160,,,
RGS7,REAC:R-HSA-74160,,,
EBF3,REAC:R-HSA-74160,,,
LCMT2,REAC:R-HSA-74160,,,
ANKH,REAC:R-HSA-74160,,,
CMPK2,REAC:R-HSA-74160,,,
KIF3C,REAC:R-HSA-74160,,,
NFIX,REAC:R-HSA-74160,,,
TMOD2,REAC:R-HSA-74160,,,
ELAPOR1,REAC:R-HSA-74160,,,
SOCS4,REAC:R-HSA-74160,,,
SLC25A27,REAC:R-HSA-74160,,,
RAB18,REAC:R-HSA-74160,,,
SUSD6,REAC:R-HSA-74160,,,
RASA1,REAC:R-HSA-74160,,,
NDST1,REAC:R-HSA-74160,,,
GGA3,REAC:R-HSA-74160,,,
GSTO2,REAC:R-HSA-74160,,,
ZNF217,REAC:R-HSA-74160,,,
HIPK2,REAC:R-HSA-74160,,,
EPN1,REAC:R-HSA-74160,,,
ELN,REAC:R-HSA-74160,,,
ZSCAN12,REAC:R-HSA-74160,,,
RARB,REAC:R-HSA-74160,,,
CASP10,REAC:R-HSA-74160,,,
PPP3R1,REAC:R-HSA-74160,,,
STX5,REAC:R-HSA-74160,,,
TNKS,REAC:R-HSA-74160,,,
ZFYVE26,REAC:R-HSA-74160,,,
COG5,REAC:R-HSA-74160,,,
MAF,REAC:R-HSA-74160,,,
PPARGC1B,REAC:R-HSA-74160,,,
PLPP6,REAC:R-HSA-74160,,,
TMTC3,REAC:R-HSA-74160,,,
CCND1,REAC:R-HSA-74160,,,
STYX,REAC:R-HSA-74160,,,
NUP133,REAC:R-HSA-74160,,,
RANBP3,REAC:R-HSA-74160,,,
HCAR3,REAC:R-HSA-74160,,,
MVB12B,REAC:R-HSA-74160,,,
LRRC8C,REAC:R-HSA-74160,,,
TNFSF10,REAC:R-HSA-74160,,,
RNF141,REAC:R-HSA-74160,,,
STT3A,REAC:R-HSA-74160,,,
KDR,REAC:R-HSA-74160,,,
WNT7B,REAC:R-HSA-74160,,,
KCND1,REAC:R-HSA-74160,,,
RBFOX2,REAC:R-HSA-74160,,,
RASGEF1A,REAC:R-HSA-74160,,,
NSUN4,REAC:R-HSA-74160,,,
TRAK1,REAC:R-HSA-74160,,,
UBXN7,REAC:R-HSA-74160,,,
LETM1,REAC:R-HSA-74160,,,
SLC26A9,REAC:R-HSA-74160,,,
SYT12,REAC:R-HSA-6794361,,,
N4BP3,REAC:R-HSA-6794361,,,
SPTLC1,REAC:R-HSA-6794361,,,
LHX4,REAC:R-HSA-6794361,,,
TENT5C,REAC:R-HSA-6794361,,,
KIF5C,REAC:R-HSA-6794361,,,
POU5F1B,REAC:R-HSA-6794361,,,
ARAP2,REAC:R-HSA-6794361,,,
DUSP8,REAC:R-HSA-6794361,,,
TOGARAM1,REAC:R-HSA-6794361,,,
KCNJ12,REAC:R-HSA-6794361,,,
NCKAP1,REAC:R-HSA-6794361,,,
HIF1AN,REAC:R-HSA-6794361,,,
KHNYN,REAC:R-HSA-6794361,,,
NFIC,REAC:R-HSA-6794361,,,
TIMM17A,REAC:R-HSA-6794361,,,
MTMR1,REAC:R-HSA-6794361,,,
ZC3H8,REAC:R-HSA-6794361,,,
VAMP3,REAC:R-HSA-6794361,,,
FOXJ2,REAC:R-HSA-6794361,,,
ZRANB3,REAC:R-HSA-6794361,,,
MAP3K4,REAC:R-HSA-6794361,,,
ASB6,REAC:R-HSA-983168,,,
CUL3,REAC:R-HSA-983168,,,
TRIM32,REAC:R-HSA-983168,,,
SKP1,REAC:R-HSA-983168,,,
FBXO21,REAC:R-HSA-983168,,,
DEUP1,REAC:R-HSA-983168,,,
METTL1,REAC:R-HSA-983168,,,
ORC4,REAC:R-HSA-983168,,,
OTUD7A,REAC:R-HSA-983168,,,
ALKBH5,REAC:R-HSA-983168,,,
TRMT13,REAC:R-HSA-983168,,,
CDH20,REAC:R-HSA-983168,,,
RPA2,REAC:R-HSA-983168,,,
SCN2B,REAC:R-HSA-983168,,,
KPNA6,REAC:R-HSA-983168,,,
USP37,REAC:R-HSA-983168,,,
ANKFY1,REAC:R-HSA-983168,,,
CISD2,REAC:R-HSA-983168,,,
ZMYM2,REAC:R-HSA-983168,,,
RRAGD,REAC:R-HSA-983168,,,
DCUN1D3,REAC:R-HSA-983168,,,
DCAF10,REAC:R-HSA-983168,,,
VAPA,REAC:R-HSA-983168,,,
E2F3,REAC:R-HSA-983168,,,
PPP6R3,REAC:R-HSA-983168,,,
ATOH8,REAC:R-HSA-983168,,,
AKAP10,REAC:R-HSA-983168,,,
FOXL1,REAC:R-HSA-983168,,,
FMR1,REAC:R-HSA-983168,,,
C18orf25,REAC:R-HSA-983168,,,
DCAF11,REAC:R-HSA-983168,,,
RAB3C,REAC:R-HSA-983168,,,
NXT2,REAC:R-HSA-983168,,,
RAN,REAC:R-HSA-983168,,,
RAPH1,REAC:R-HSA-983168,,,
USP44,REAC:R-HSA-983168,,,
VMP1,REAC:R-HSA-983168,,,
ACVR2B,REAC:R-HSA-983168,,,
KIF3B,REAC:R-HSA-983168,,,
ARL10,REAC:R-HSA-983168,,,
DNAJB12,REAC:R-HSA-983168,,,
TPRG1L,REAC:R-HSA-983168,,,
GSK3B,REAC:R-HSA-983168,,,
NUCKS1,REAC:R-HSA-983168,,,
CACNB3,REAC:R-HSA-983168,,,
PTGER3,REAC:R-HSA-983168,,,
TOX3,REAC:R-HSA-983168,,,
SCN5A,REAC:R-HSA-983168,,,
UXS1,REAC:R-HSA-983168,,,
DCTN5,REAC:R-HSA-983168,,,
MPLKIP,REAC:R-HSA-983168,,,
SMOC2,REAC:R-HSA-983168,,,
GTPBP8,REAC:R-HSA-983168,,,
PCDH11X,REAC:R-HSA-983168,,,
PCDHA10,REAC:R-HSA-983168,,,
IRS1,REAC:R-HSA-983168,,,
WDR20,REAC:R-HSA-983168,,,
RIMS3,REAC:R-HSA-983168,,,
PTPN9,REAC:R-HSA-983168,,,
ANKS1A,REAC:R-HSA-983168,,,
SUSD6,REAC:R-HSA-983168,,,
SETD9,REAC:R-HSA-983168,,,
ACVR1,REAC:R-HSA-983168,,,
KMT2D,REAC:R-HSA-983168,,,
URB1,REAC:R-HSA-983168,,,
RBL2,REAC:R-HSA-983168,,,
TIGIT,REAC:R-HSA-983168,,,
MARCHF8,REAC:R-HSA-983168,,,
BCL2L12,REAC:R-HSA-983168,,,
ATP8A1,REAC:R-HSA-983168,,,
TRAK1,REAC:R-HSA-983168,,,
UBXN7,REAC:R-HSA-983168,,,
WNT4,REAC:R-HSA-983168,,,
TRIQK,REAC:R-HSA-983168,,,
HOXC12,REAC:R-HSA-983168,,,
UBE2I,REAC:R-HSA-4090294,,,
ODF2L,REAC:R-HSA-4090294,,,
MKRN1,REAC:R-HSA-4090294,,,
SPTLC2,REAC:R-HSA-4090294,,,
ARHGEF26,REAC:R-HSA-4090294,,,
SEL1L3,REAC:R-HSA-4090294,,,
PRPF4B,REAC:R-HSA-4090294,,,
NUP133,REAC:R-HSA-4090294,,,
ZNF449,REAC:R-HSA-4090294,,,
LMLN,REAC:R-HSA-4090294,,,
STT3A,REAC:R-HSA-4090294,,,
KCND1,REAC:R-HSA-4090294,,,
RASGEF1A,REAC:R-HSA-4090294,,,
RPS3,REAC:R-HSA-422475,,,
RPL14,REAC:R-HSA-422475,,,
NRP1,REAC:R-HSA-422475,,,
ITSN1,REAC:R-HSA-422475,,,
DAG1,REAC:R-HSA-422475,,,
PAK4,REAC:R-HSA-422475,,,
PLXNA4,REAC:R-HSA-422475,,,
PITPNA,REAC:R-HSA-422475,,,
ST8SIA2,REAC:R-HSA-422475,,,
ITGA10,REAC:R-HSA-422475,,,
RBM18,REAC:R-HSA-422475,,,
FOXN2,REAC:R-HSA-422475,,,
HAS2,REAC:R-HSA-422475,,,
STXBP4,REAC:R-HSA-422475,,,
LDLRAD3,REAC:R-HSA-422475,,,
MAPK1,REAC:R-HSA-422475,,,
TVP23B,REAC:R-HSA-422475,,,
PPM1K,REAC:R-HSA-422475,,,
NPR3,REAC:R-HSA-422475,,,
G3BP1,REAC:R-HSA-422475,,,
NUFIP2,REAC:R-HSA-422475,,,
GRK3,REAC:R-HSA-422475,,,
MIPOL1,REAC:R-HSA-422475,,,
AMMECR1,REAC:R-HSA-422475,,,
SMS,REAC:R-HSA-422475,,,
MAPK1IP1L,REAC:R-HSA-422475,,,
UBN2,REAC:R-HSA-422475,,,
GINS1,REAC:R-HSA-422475,,,
RPP14,REAC:R-HSA-422475,,,
ALPK3,REAC:R-HSA-422475,,,
MBOAT2,REAC:R-HSA-422475,,,
UEVLD,REAC:R-HSA-422475,,,
CYB561,REAC:R-HSA-422475,,,
SLC39A6,REAC:R-HSA-422475,,,
ENAH,REAC:R-HSA-422475,,,
MASTL,REAC:R-HSA-422475,,,
AKAP12,REAC:R-HSA-422475,,,
LHX4,REAC:R-HSA-422475,,,
BCL7C,REAC:R-HSA-422475,,,
PCDH19,REAC:R-HSA-422475,,,
LUC7L2,REAC:R-HSA-422475,,,
TENT5C,REAC:R-HSA-422475,,,
GRAMD1B,REAC:R-HSA-422475,,,
DLG3,REAC:R-HSA-422475,,,
CDC25A,REAC:R-HSA-422475,,,
ZBTB20,REAC:R-HSA-422475,,,
DERL2,REAC:R-HSA-422475,,,
HIF3A,REAC:R-HSA-422475,,,
SFMBT2,REAC:R-HSA-422475,,,
NCKAP5,REAC:R-HSA-422475,,,
DDI2,REAC:R-HSA-422475,,,
ECE1,REAC:R-HSA-422475,,,
KDM6B,REAC:R-HSA-422475,,,
FBXO39,REAC:R-HSA-422475,,,
PARD6B,REAC:R-HSA-422475,,,
NXT2,REAC:R-HSA-422475,,,
PSME3,REAC:R-HSA-422475,,,
FGF2,REAC:R-HSA-422475,,,
ZBTB10,REAC:R-HSA-422475,,,
LYSMD3,REAC:R-HSA-422475,,,
CLCN3,REAC:R-HSA-422475,,,
TBCEL,REAC:R-HSA-422475,,,
TOP1,REAC:R-HSA-422475,,,
DUSP8,REAC:R-HSA-422475,,,
LRP2,REAC:R-HSA-422475,,,
ARFGEF3,REAC:R-HSA-422475,,,
PAPOLA,REAC:R-HSA-422475,,,
USP44,REAC:R-HSA-422475,,,
VMP1,REAC:R-HSA-422475,,,
PCP4L1,REAC:R-HSA-422475,,,
PSKH1,REAC:R-HSA-422475,,,
BACH2,REAC:R-HSA-422475,,,
KIAA0232,REAC:R-HSA-422475,,,
JPT1,REAC:R-HSA-422475,,,
PKN2,REAC:R-HSA-422475,,,
PLEKHA7,REAC:R-HSA-422475,,,
FAM126B,REAC:R-HSA-422475,,,
KIAA1614,REAC:R-HSA-422475,,,
RICTOR,REAC:R-HSA-422475,,,
ATXN1,REAC:R-HSA-422475,,,
ZC3H6,REAC:R-HSA-422475,,,
PIK3CB,REAC:R-HSA-422475,,,
HIC2,REAC:R-HSA-422475,,,
RNF152,REAC:R-HSA-422475,,,
TNFAIP8,REAC:R-HSA-422475,,,
AVL9,REAC:R-HSA-422475,,,
DCTN5,REAC:R-HSA-422475,,,
RAB9B,REAC:R-HSA-422475,,,
RAPGEF5,REAC:R-HSA-422475,,,
NGFR,REAC:R-HSA-422475,,,
TIMM50,REAC:R-HSA-422475,,,
IRS1,REAC:R-HSA-422475,,,
CCNI2,REAC:R-HSA-422475,,,
DHRS13,REAC:R-HSA-422475,,,
EPHB2,REAC:R-HSA-422475,,,
SZRD1,REAC:R-HSA-422475,,,
FRRS1L,REAC:R-HSA-422475,,,
DMXL1,REAC:R-HSA-422475,,,
BCL9L,REAC:R-HSA-422475,,,
PTGFR,REAC:R-HSA-422475,,,
RAP1B,REAC:R-HSA-422475,,,
PTPN9,REAC:R-HSA-422475,,,
DDX19A,REAC:R-HSA-422475,,,
IDE,REAC:R-HSA-422475,,,
IL6ST,REAC:R-HSA-422475,,,
NRXN1,REAC:R-HSA-422475,,,
NSF,REAC:R-HSA-422475,,,
RBAK,REAC:R-HSA-422475,,,
SUSD6,REAC:R-HSA-422475,,,
ISG20L2,REAC:R-HSA-422475,,,
PPP1R15B,REAC:R-HSA-422475,,,
MAD2L1,REAC:R-HSA-422475,,,
SESTD1,REAC:R-HSA-422475,,,
GNAQ,REAC:R-HSA-422475,,,
YIPF2,REAC:R-HSA-422475,,,
MMP11,REAC:R-HSA-422475,,,
ZNF236,REAC:R-HSA-422475,,,
ZNF689,REAC:R-HSA-422475,,,
RPA1,REAC:R-HSA-5633007,,,
TP53,REAC:R-HSA-5633007,,,
MDM4,REAC:R-HSA-5633007,,,
CHEK1,REAC:R-HSA-5633007,,,
TTC5,REAC:R-HSA-5633007,,,
ACP6,REAC:R-HSA-5633007,,,
SSBP2,REAC:R-HSA-5633007,,,
NR6A1,REAC:R-HSA-5633007,,,
RNF144B,REAC:R-HSA-5633007,,,
TFCP2L1,REAC:R-HSA-5633007,,,
USP28,REAC:R-HSA-5633007,,,
RLIM,REAC:R-HSA-5633007,,,
CSNK1G1,REAC:R-HSA-5633007,,,
MSMO1,REAC:R-HSA-5633007,,,
BEST1,REAC:R-HSA-5633007,,,
GRAMD1B,REAC:R-HSA-5633007,,,
TSN,REAC:R-HSA-5633007,,,
YOD1,REAC:R-HSA-5633007,,,
DDIAS,REAC:R-HSA-5633007,,,
DR1,REAC:R-HSA-5633007,,,
EMP2,REAC:R-HSA-5633007,,,
NCKAP5,REAC:R-HSA-5633007,,,
SLC25A22,REAC:R-HSA-5633007,,,
MON2,REAC:R-HSA-5633007,,,
TNIK,REAC:R-HSA-5633007,,,
MYO1D,REAC:R-HSA-5633007,,,
SPOCK1,REAC:R-HSA-5633007,,,
EGR3,REAC:R-HSA-5633007,,,
BBC3,REAC:R-HSA-5633007,,,
FIGN,REAC:R-HSA-5633007,,,
KSR1,REAC:R-HSA-5633007,,,
ZBTB12,REAC:R-HSA-5633007,,,
PDE3B,REAC:R-HSA-5633007,,,
KCTD1,REAC:R-HSA-5633007,,,
KLHL15,REAC:R-HSA-5633007,,,
ERGIC2,REAC:R-HSA-5633007,,,
RGS7,REAC:R-HSA-5633007,,,
EBF3,REAC:R-HSA-5633007,,,
ELAPOR1,REAC:R-HSA-5633007,,,
RASA1,REAC:R-HSA-5633007,,,
NDST1,REAC:R-HSA-5633007,,,
HIPK2,REAC:R-HSA-5633007,,,
MAF,REAC:R-HSA-5633007,,,
STYX,REAC:R-HSA-5633007,,,
KDR,REAC:R-HSA-5633007,,,
TRIM24,REAC:R-HSA-6802957,,,
QKI,REAC:R-HSA-6802957,,,
KIAA1549,REAC:R-HSA-6802957,,,
LDLRAD3,REAC:R-HSA-6802957,,,
CDCA3,REAC:R-HSA-6802957,,,
XIAP,REAC:R-HSA-6802957,,,
TIMP3,REAC:R-HSA-6802957,,,
ZNF428,REAC:R-HSA-6802957,,,
MEF2D,REAC:R-HSA-6802957,,,
ATAD2,REAC:R-HSA-6802957,,,
DDI2,REAC:R-HSA-6802957,,,
AEBP2,REAC:R-HSA-6802957,,,
IPMK,REAC:R-HSA-6802957,,,
CCDC6,REAC:R-HSA-6802957,,,
GOLGA1,REAC:R-HSA-6802957,,,
LRP2,REAC:R-HSA-6802957,,,
NFATC2IP,REAC:R-HSA-6802957,,,
MSL1,REAC:R-HSA-6802957,,,
UBLCP1,REAC:R-HSA-6802957,,,
KIAA1614,REAC:R-HSA-6802957,,,
DBT,REAC:R-HSA-6802957,,,
TOR1AIP2,REAC:R-HSA-6802957,,,
MED12L,REAC:R-HSA-6802957,,,
ZFHX4,REAC:R-HSA-6802957,,,
RAP1B,REAC:R-HSA-6802957,,,
TMED9,REAC:R-HSA-6802957,,,
STEAP3,REAC:R-HSA-6802957,,,
IVD,REAC:R-HSA-6802957,,,
RPS3,REAC:R-HSA-9675108,,,
RPL14,REAC:R-HSA-9675108,,,
NRP1,REAC:R-HSA-9675108,,,
ITSN1,REAC:R-HSA-9675108,,,
DAG1,REAC:R-HSA-9675108,,,
PAK4,REAC:R-HSA-9675108,,,
PLXNA4,REAC:R-HSA-9675108,,,
PITPNA,REAC:R-HSA-9675108,,,
SMARCA4,REAC:R-HSA-9675108,,,
HMGCR,REAC:R-HSA-9675108,,,
ST8SIA2,REAC:R-HSA-9675108,,,
ITGA10,REAC:R-HSA-9675108,,,
RBM18,REAC:R-HSA-9675108,,,
FOXN2,REAC:R-HSA-9675108,,,
HAS2,REAC:R-HSA-9675108,,,
STXBP4,REAC:R-HSA-9675108,,,
LDLRAD3,REAC:R-HSA-9675108,,,
MAPK1,REAC:R-HSA-9675108,,,
TVP23B,REAC:R-HSA-9675108,,,
PPM1K,REAC:R-HSA-9675108,,,
NPR3,REAC:R-HSA-9675108,,,
G3BP1,REAC:R-HSA-9675108,,,
NUFIP2,REAC:R-HSA-9675108,,,
GRK3,REAC:R-HSA-9675108,,,
MIPOL1,REAC:R-HSA-9675108,,,
AMMECR1,REAC:R-HSA-9675108,,,
SMS,REAC:R-HSA-9675108,,,
MAPK1IP1L,REAC:R-HSA-9675108,,,
UBN2,REAC:R-HSA-9675108,,,
GINS1,REAC:R-HSA-9675108,,,
RPP14,REAC:R-HSA-9675108,,,
ALPK3,REAC:R-HSA-9675108,,,
MBOAT2,REAC:R-HSA-9675108,,,
UEVLD,REAC:R-HSA-9675108,,,
CYB561,REAC:R-HSA-9675108,,,
SLC39A6,REAC:R-HSA-9675108,,,
ENAH,REAC:R-HSA-9675108,,,
MASTL,REAC:R-HSA-9675108,,,
AKAP12,REAC:R-HSA-9675108,,,
LHX4,REAC:R-HSA-9675108,,,
BCL7C,REAC:R-HSA-9675108,,,
PCDH19,REAC:R-HSA-9675108,,,
LUC7L2,REAC:R-HSA-9675108,,,
TENT5C,REAC:R-HSA-9675108,,,
GRAMD1B,REAC:R-HSA-9675108,,,
DLG3,REAC:R-HSA-9675108,,,
CDC25A,REAC:R-HSA-9675108,,,
ZBTB20,REAC:R-HSA-9675108,,,
DERL2,REAC:R-HSA-9675108,,,
HIF3A,REAC:R-HSA-9675108,,,
SFMBT2,REAC:R-HSA-9675108,,,
NCKAP5,REAC:R-HSA-9675108,,,
DDI2,REAC:R-HSA-9675108,,,
ECE1,REAC:R-HSA-9675108,,,
KDM6B,REAC:R-HSA-9675108,,,
FBXO39,REAC:R-HSA-9675108,,,
PARD6B,REAC:R-HSA-9675108,,,
NXT2,REAC:R-HSA-9675108,,,
PSME3,REAC:R-HSA-9675108,,,
FGF2,REAC:R-HSA-9675108,,,
ZBTB10,REAC:R-HSA-9675108,,,
LYSMD3,REAC:R-HSA-9675108,,,
CLCN3,REAC:R-HSA-9675108,,,
TBCEL,REAC:R-HSA-9675108,,,
TOP1,REAC:R-HSA-9675108,,,
DUSP8,REAC:R-HSA-9675108,,,
LRP2,REAC:R-HSA-9675108,,,
ARFGEF3,REAC:R-HSA-9675108,,,
PAPOLA,REAC:R-HSA-9675108,,,
USP44,REAC:R-HSA-9675108,,,
VMP1,REAC:R-HSA-9675108,,,
PCP4L1,REAC:R-HSA-9675108,,,
PSKH1,REAC:R-HSA-9675108,,,
BACH2,REAC:R-HSA-9675108,,,
KIAA0232,REAC:R-HSA-9675108,,,
JPT1,REAC:R-HSA-9675108,,,
PKN2,REAC:R-HSA-9675108,,,
PLEKHA7,REAC:R-HSA-9675108,,,
FAM126B,REAC:R-HSA-9675108,,,
KIAA1614,REAC:R-HSA-9675108,,,
RICTOR,REAC:R-HSA-9675108,,,
ATXN1,REAC:R-HSA-9675108,,,
ZC3H6,REAC:R-HSA-9675108,,,
PIK3CB,REAC:R-HSA-9675108,,,
HIC2,REAC:R-HSA-9675108,,,
RNF152,REAC:R-HSA-9675108,,,
JAM2,REAC:R-HSA-9675108,,,
TNFAIP8,REAC:R-HSA-9675108,,,
AVL9,REAC:R-HSA-9675108,,,
DCTN5,REAC:R-HSA-9675108,,,
RAB9B,REAC:R-HSA-9675108,,,
RAPGEF5,REAC:R-HSA-9675108,,,
NGFR,REAC:R-HSA-9675108,,,
TIMM50,REAC:R-HSA-9675108,,,
IRS1,REAC:R-HSA-9675108,,,
CCNI2,REAC:R-HSA-9675108,,,
DHRS13,REAC:R-HSA-9675108,,,
EPHB2,REAC:R-HSA-9675108,,,
SZRD1,REAC:R-HSA-9675108,,,
FRRS1L,REAC:R-HSA-9675108,,,
DMXL1,REAC:R-HSA-9675108,,,
BCL9L,REAC:R-HSA-9675108,,,
PTGFR,REAC:R-HSA-9675108,,,
RAP1B,REAC:R-HSA-9675108,,,
PTPN9,REAC:R-HSA-9675108,,,
DDX19A,REAC:R-HSA-9675108,,,
IDE,REAC:R-HSA-9675108,,,
IL6ST,REAC:R-HSA-9675108,,,
NRXN1,REAC:R-HSA-9675108,,,
NSF,REAC:R-HSA-9675108,,,
RBAK,REAC:R-HSA-9675108,,,
SUSD6,REAC:R-HSA-9675108,,,
ISG20L2,REAC:R-HSA-9675108,,,
PPP1R15B,REAC:R-HSA-9675108,,,
MAD2L1,REAC:R-HSA-9675108,,,
EPB41L5,REAC:R-HSA-9675108,,,
SESTD1,REAC:R-HSA-9675108,,,
GNAQ,REAC:R-HSA-9675108,,,
YIPF2,REAC:R-HSA-9675108,,,
MMP11,REAC:R-HSA-9675108,,,
ZNF236,REAC:R-HSA-9675108,,,
ZNF689,REAC:R-HSA-9675108,,,
FZD4,REAC:R-HSA-8856828,,,
RAB5B,REAC:R-HSA-8856828,,,
ITSN1,REAC:R-HSA-8856828,,,
COPS7B,REAC:R-HSA-8856828,,,
REPS2,REAC:R-HSA-8856828,,,
LDLRAP1,REAC:R-HSA-8856828,,,
VGLL4,REAC:R-HSA-8856828,,,
RERE,REAC:R-HSA-8856828,,,
AMMECR1,REAC:R-HSA-8856828,,,
H2AZ2,REAC:R-HSA-8856828,,,
LDOC1,REAC:R-HSA-8856828,,,
PDXDC1,REAC:R-HSA-8856828,,,
ALPK3,REAC:R-HSA-8856828,,,
DOK7,REAC:R-HSA-8856828,,,
HMGXB4,REAC:R-HSA-8856828,,,
CCSER1,REAC:R-HSA-8856828,,,
DDI2,REAC:R-HSA-8856828,,,
AMMECR1L,REAC:R-HSA-8856828,,,
NFATC2,REAC:R-HSA-8856828,,,
MIGA1,REAC:R-HSA-8856828,,,
ZNF507,REAC:R-HSA-8856828,,,
NCKAP1,REAC:R-HSA-8856828,,,
KIAA1614,REAC:R-HSA-8856828,,,
RICTOR,REAC:R-HSA-8856828,,,
XK,REAC:R-HSA-8856828,,,
HIF1AN,REAC:R-HSA-8856828,,,
RBM3,REAC:R-HSA-8856828,,,
TNFAIP8,REAC:R-HSA-8856828,,,
RAPGEF5,REAC:R-HSA-8856828,,,
VPS4B,REAC:R-HSA-8856828,,,
ZNF282,REAC:R-HSA-8856828,,,
FRRS1L,REAC:R-HSA-8856828,,,
ZC3H8,REAC:R-HSA-8856828,,,
UBE3C,REAC:R-HSA-8856828,,,
SSR1,REAC:R-HSA-8856828,,,
FBXL19,REAC:R-HSA-8856828,,,
MFN2,REAC:R-HSA-8856828,,,
ATP1A2,REAC:R-HSA-8856828,,,
ANGEL1,REAC:R-HSA-8856828,,,
TMED9,REAC:R-HSA-8856828,,,
RMND5B,REAC:R-HSA-8856828,,,
SEMA5A,REAC:R-HSA-8856828,,,
SOWAHC,REAC:R-HSA-9035034,,,
TRUB1,REAC:R-HSA-9035034,,,
ACVR2A,REAC:R-HSA-9035034,,,
RNF4,REAC:R-HSA-9035034,,,
CPEB3,REAC:R-HSA-9035034,,,
UEVLD,REAC:R-HSA-9035034,,,
STK24,REAC:R-HSA-9035034,,,
PDK3,REAC:R-HSA-9035034,,,
RRP12,REAC:R-HSA-9035034,,,
CCDC71L,REAC:R-HSA-9035034,,,
PIK3R3,REAC:R-HSA-9035034,,,
KIAA1614,REAC:R-HSA-9035034,,,
SERAC1,REAC:R-HSA-9035034,,,
ATMIN,REAC:R-HSA-9035034,,,
FGF1,REAC:R-HSA-9035034,,,
ELL,REAC:R-HSA-9035034,,,
SSR1,REAC:R-HSA-9035034,,,
LRRC8C,REAC:R-HSA-9035034,,,
ASB6,REAC:R-HSA-983169,,,
CUL3,REAC:R-HSA-983169,,,
TRIM32,REAC:R-HSA-983169,,,
SKP1,REAC:R-HSA-983169,,,
FBXO21,REAC:R-HSA-983169,,,
SEC61A1,REAC:R-HSA-983169,,,
DEUP1,REAC:R-HSA-983169,,,
METTL1,REAC:R-HSA-983169,,,
ORC4,REAC:R-HSA-983169,,,
OTUD7A,REAC:R-HSA-983169,,,
ALKBH5,REAC:R-HSA-983169,,,
TRMT13,REAC:R-HSA-983169,,,
CDH20,REAC:R-HSA-983169,,,
RPA2,REAC:R-HSA-983169,,,
SCN2B,REAC:R-HSA-983169,,,
KPNA6,REAC:R-HSA-983169,,,
USP37,REAC:R-HSA-983169,,,
ANKFY1,REAC:R-HSA-983169,,,
CISD2,REAC:R-HSA-983169,,,
ZMYM2,REAC:R-HSA-983169,,,
RRAGD,REAC:R-HSA-983169,,,
DCUN1D3,REAC:R-HSA-983169,,,
NETO2,REAC:R-HSA-983169,,,
ITPR3,REAC:R-HSA-983169,,,
DCAF10,REAC:R-HSA-983169,,,
VAPA,REAC:R-HSA-983169,,,
E2F3,REAC:R-HSA-983169,,,
OTUD3,REAC:R-HSA-983169,,,
PPP6R3,REAC:R-HSA-983169,,,
ATOH8,REAC:R-HSA-983169,,,
AKAP10,REAC:R-HSA-983169,,,
FOXL1,REAC:R-HSA-983169,,,
FMR1,REAC:R-HSA-983169,,,
C18orf25,REAC:R-HSA-983169,,,
DCAF11,REAC:R-HSA-983169,,,
RAB3C,REAC:R-HSA-983169,,,
NXT2,REAC:R-HSA-983169,,,
RAN,REAC:R-HSA-983169,,,
RAPH1,REAC:R-HSA-983169,,,
USP44,REAC:R-HSA-983169,,,
VMP1,REAC:R-HSA-983169,,,
ARF3,REAC:R-HSA-983169,,,
ACVR2B,REAC:R-HSA-983169,,,
KIF3B,REAC:R-HSA-983169,,,
ARL10,REAC:R-HSA-983169,,,
DNAJB12,REAC:R-HSA-983169,,,
TPRG1L,REAC:R-HSA-983169,,,
GSK3B,REAC:R-HSA-983169,,,
NUCKS1,REAC:R-HSA-983169,,,
CACNB3,REAC:R-HSA-983169,,,
PTGER3,REAC:R-HSA-983169,,,
TOX3,REAC:R-HSA-983169,,,
SCN5A,REAC:R-HSA-983169,,,
UXS1,REAC:R-HSA-983169,,,
KDM5A,REAC:R-HSA-983169,,,
DCTN5,REAC:R-HSA-983169,,,
MPLKIP,REAC:R-HSA-983169,,,
SMOC2,REAC:R-HSA-983169,,,
GTPBP8,REAC:R-HSA-983169,,,
PCDH11X,REAC:R-HSA-983169,,,
PCDHA10,REAC:R-HSA-983169,,,
IRS1,REAC:R-HSA-983169,,,
ZNF282,REAC:R-HSA-983169,,,
WDR20,REAC:R-HSA-983169,,,
RIMS3,REAC:R-HSA-983169,,,
PTPN9,REAC:R-HSA-983169,,,
SSR1,REAC:R-HSA-983169,,,
ANKS1A,REAC:R-HSA-983169,,,
ATP6V1C1,REAC:R-HSA-983169,,,
SUSD6,REAC:R-HSA-983169,,,
SETD9,REAC:R-HSA-983169,,,
ACVR1,REAC:R-HSA-983169,,,
KMT2D,REAC:R-HSA-983169,,,
URB1,REAC:R-HSA-983169,,,
SSH1,REAC:R-HSA-983169,,,
RBL2,REAC:R-HSA-983169,,,
TIGIT,REAC:R-HSA-983169,,,
MARCHF8,REAC:R-HSA-983169,,,
BCL2L12,REAC:R-HSA-983169,,,
KANK1,REAC:R-HSA-983169,,,
ATP8A1,REAC:R-HSA-983169,,,
TRAK1,REAC:R-HSA-983169,,,
ASB13,REAC:R-HSA-983169,,,
UBXN7,REAC:R-HSA-983169,,,
WNT4,REAC:R-HSA-983169,,,
TRIQK,REAC:R-HSA-983169,,,
HOXC12,REAC:R-HSA-983169,,,
SMARCA4,REAC:R-HSA-8939243,,,
RUNX1,REAC:R-HSA-8939243,,,
SMARCD1,REAC:R-HSA-8939243,,,
SMARCC1,REAC:R-HSA-8939243,,,
HBEGF,REAC:R-HSA-8939243,,,
PON2,REAC:R-HSA-8939243,,,
SRPK1,REAC:R-HSA-8939243,,,
NCKAP5,REAC:R-HSA-8939243,,,
RGS17,REAC:R-HSA-8939243,,,
TRPM6,REAC:R-HSA-8939243,,,
USP9X,REAC:R-HSA-8939243,,,
DDX6,REAC:R-HSA-8939243,,,
SNAI1,REAC:R-HSA-8939243,,,
RASA1,REAC:R-HSA-8939243,,,
STX5,REAC:R-HSA-8939243,,,
RBFOX2,REAC:R-HSA-8939243,,,
ITSN1,REAC:R-HSA-3928662,,,
MAPK1,REAC:R-HSA-3928662,,,
MASTL,REAC:R-HSA-3928662,,,
LHX4,REAC:R-HSA-3928662,,,
ZBTB20,REAC:R-HSA-3928662,,,
DDI2,REAC:R-HSA-3928662,,,
DUSP8,REAC:R-HSA-3928662,,,
PCP4L1,REAC:R-HSA-3928662,,,
BACH2,REAC:R-HSA-3928662,,,
KIAA1614,REAC:R-HSA-3928662,,,
RAPGEF5,REAC:R-HSA-3928662,,,
CCNI2,REAC:R-HSA-3928662,,,
DHRS13,REAC:R-HSA-3928662,,,
FRRS1L,REAC:R-HSA-3928662,,,
RBAK,REAC:R-HSA-3928662,,,
MAD2L1,REAC:R-HSA-3928662,,,
ZNF236,REAC:R-HSA-3928662,,,
GNAI1,REAC:R-HSA-112316,,,
KCNAB3,REAC:R-HSA-112316,,,
GJC1,REAC:R-HSA-112316,,,
SYT12,REAC:R-HSA-112316,,,
CDC23,REAC:R-HSA-112316,,,
SSBP2,REAC:R-HSA-112316,,,
LDLRAD3,REAC:R-HSA-112316,,,
ZBTB6,REAC:R-HSA-112316,,,
MAP3K9,REAC:R-HSA-112316,,,
PPM1K,REAC:R-HSA-112316,,,
VGLL4,REAC:R-HSA-112316,,,
MGLL,REAC:R-HSA-112316,,,
BCL2L11,REAC:R-HSA-112316,,,
N4BP3,REAC:R-HSA-112316,,,
SMS,REAC:R-HSA-112316,,,
RPS6KA6,REAC:R-HSA-112316,,,
C9orf64,REAC:R-HSA-112316,,,
SPTLC1,REAC:R-HSA-112316,,,
TIMP3,REAC:R-HSA-112316,,,
HECTD2,REAC:R-HSA-112316,,,
LOX,REAC:R-HSA-112316,,,
LHX4,REAC:R-HSA-112316,,,
FAHD2A,REAC:R-HSA-112316,,,
TENT5C,REAC:R-HSA-112316,,,
PRKCE,REAC:R-HSA-112316,,,
TSN,REAC:R-HSA-112316,,,
SETD6,REAC:R-HSA-112316,,,
KIF5C,REAC:R-HSA-112316,,,
ATAD2,REAC:R-HSA-112316,,,
ABHD2,REAC:R-HSA-112316,,,
ADCY2,REAC:R-HSA-112316,,,
IKBKB,REAC:R-HSA-112316,,,
DR1,REAC:R-HSA-112316,,,
NCS1,REAC:R-HSA-112316,,,
ASB4,REAC:R-HSA-112316,,,
POU5F1B,REAC:R-HSA-112316,,,
ARAP2,REAC:R-HSA-112316,,,
TRIM33,REAC:R-HSA-112316,,,
VPS18,REAC:R-HSA-112316,,,
DPP8,REAC:R-HSA-112316,,,
DUSP8,REAC:R-HSA-112316,,,
BAG5,REAC:R-HSA-112316,,,
FAM199X,REAC:R-HSA-112316,,,
TOGARAM1,REAC:R-HSA-112316,,,
PLA2G2C,REAC:R-HSA-112316,,,
KCNJ12,REAC:R-HSA-112316,,,
MRTFB,REAC:R-HSA-112316,,,
PHF20L1,REAC:R-HSA-112316,,,
PTBP1,REAC:R-HSA-112316,,,
NCKAP1,REAC:R-HSA-112316,,,
EIF5B,REAC:R-HSA-112316,,,
ARL5A,REAC:R-HSA-112316,,,
FLT1,REAC:R-HSA-112316,,,
ATXN1,REAC:R-HSA-112316,,,
HIF1AN,REAC:R-HSA-112316,,,
ADRB2,REAC:R-HSA-112316,,,
KHNYN,REAC:R-HSA-112316,,,
TNFAIP8,REAC:R-HSA-112316,,,
NFIC,REAC:R-HSA-112316,,,
KLF7,REAC:R-HSA-112316,,,
CHPT1,REAC:R-HSA-112316,,,
LMO4,REAC:R-HSA-112316,,,
TIMM17A,REAC:R-HSA-112316,,,
MTMR1,REAC:R-HSA-112316,,,
VLDLR,REAC:R-HSA-112316,,,
POLR1A,REAC:R-HSA-112316,,,
RAP1B,REAC:R-HSA-112316,,,
ZC3H8,REAC:R-HSA-112316,,,
SUFU,REAC:R-HSA-112316,,,
EML4,REAC:R-HSA-112316,,,
TEAD3,REAC:R-HSA-112316,,,
NT5DC1,REAC:R-HSA-112316,,,
VAMP3,REAC:R-HSA-112316,,,
EXT2,REAC:R-HSA-112316,,,
FOXJ2,REAC:R-HSA-112316,,,
EDA2R,REAC:R-HSA-112316,,,
PDPR,REAC:R-HSA-112316,,,
TSR1,REAC:R-HSA-112316,,,
SEPTIN6,REAC:R-HSA-112316,,,
SESN3,REAC:R-HSA-112316,,,
LIPH,REAC:R-HSA-112316,,,
ZRANB3,REAC:R-HSA-112316,,,
BHLHE41,REAC:R-HSA-112316,,,
TMEM38A,REAC:R-HSA-112316,,,
CHI3L1,REAC:R-HSA-112316,,,
CDKL2,REAC:R-HSA-112316,,,
NIN,REAC:R-HSA-112316,,,
GABRA3,REAC:R-HSA-112316,,,
MAP3K4,REAC:R-HSA-112316,,,
SPOCK3,REAC:R-HSA-112316,,,
PPP5C,REAC:R-HSA-5673001,,,
IL17RD,REAC:R-HSA-5673001,,,
CUL3,REAC:R-HSA-5673001,,,
SYNGAP1,REAC:R-HSA-5673001,,,
TEK,REAC:R-HSA-5673001,,,
SOCS6,REAC:R-HSA-5673001,,,
RBM18,REAC:R-HSA-5673001,,,
LDLRAD3,REAC:R-HSA-5673001,,,
ZBTB6,REAC:R-HSA-5673001,,,
CDC6,REAC:R-HSA-5673001,,,
BAHD1,REAC:R-HSA-5673001,,,
TFCP2L1,REAC:R-HSA-5673001,,,
PDXDC1,REAC:R-HSA-5673001,,,
XIAP,REAC:R-HSA-5673001,,,
TOM1L2,REAC:R-HSA-5673001,,,
TIMP3,REAC:R-HSA-5673001,,,
UEVLD,REAC:R-HSA-5673001,,,
LHX4,REAC:R-HSA-5673001,,,
ZNF428,REAC:R-HSA-5673001,,,
FAHD2A,REAC:R-HSA-5673001,,,
MEF2D,REAC:R-HSA-5673001,,,
LUC7L2,REAC:R-HSA-5673001,,,
TENT5C,REAC:R-HSA-5673001,,,
ATAD2,REAC:R-HSA-5673001,,,
DDIAS,REAC:R-HSA-5673001,,,
DDI2,REAC:R-HSA-5673001,,,
ARAP2,REAC:R-HSA-5673001,,,
AEBP2,REAC:R-HSA-5673001,,,
NXT2,REAC:R-HSA-5673001,,,
CCDC6,REAC:R-HSA-5673001,,,
SIM1,REAC:R-HSA-5673001,,,
FGF2,REAC:R-HSA-5673001,,,
GOLGA1,REAC:R-HSA-5673001,,,
DUSP8,REAC:R-HSA-5673001,,,
LRP2,REAC:R-HSA-5673001,,,
XPO4,REAC:R-HSA-5673001,,,
ZNF507,REAC:R-HSA-5673001,,,
VMP1,REAC:R-HSA-5673001,,,
NFATC2IP,REAC:R-HSA-5673001,,,
MSL1,REAC:R-HSA-5673001,,,
UBLCP1,REAC:R-HSA-5673001,,,
KIAA1614,REAC:R-HSA-5673001,,,
ZC3H6,REAC:R-HSA-5673001,,,
DCTN5,REAC:R-HSA-5673001,,,
DENND6A,REAC:R-HSA-5673001,,,
UCHL5,REAC:R-HSA-5673001,,,
TOR1AIP2,REAC:R-HSA-5673001,,,
PTAR1,REAC:R-HSA-5673001,,,
ERN1,REAC:R-HSA-5673001,,,
IRS1,REAC:R-HSA-5673001,,,
MED12L,REAC:R-HSA-5673001,,,
ZFHX4,REAC:R-HSA-5673001,,,
N4BP1,REAC:R-HSA-5673001,,,
RAP1B,REAC:R-HSA-5673001,,,
PTPN9,REAC:R-HSA-5673001,,,
DDX19A,REAC:R-HSA-5673001,,,
CACNA1E,REAC:R-HSA-5673001,,,
EBF3,REAC:R-HSA-5673001,,,
RBAK,REAC:R-HSA-5673001,,,
SUSD6,REAC:R-HSA-5673001,,,
TMED9,REAC:R-HSA-5673001,,,
RER1,REAC:R-HSA-5673001,,,
GABRB2,REAC:R-HSA-5673001,,,
JADE1,REAC:R-HSA-5673001,,,
MAGI1,REAC:R-HSA-5673001,,,
PPP5C,REAC:R-HSA-5684996,,,
IL17RD,REAC:R-HSA-5684996,,,
CUL3,REAC:R-HSA-5684996,,,
SYNGAP1,REAC:R-HSA-5684996,,,
TEK,REAC:R-HSA-5684996,,,
SOCS6,REAC:R-HSA-5684996,,,
RBM18,REAC:R-HSA-5684996,,,
LDLRAD3,REAC:R-HSA-5684996,,,
ZBTB6,REAC:R-HSA-5684996,,,
CDC6,REAC:R-HSA-5684996,,,
BAHD1,REAC:R-HSA-5684996,,,
TFCP2L1,REAC:R-HSA-5684996,,,
PDXDC1,REAC:R-HSA-5684996,,,
XIAP,REAC:R-HSA-5684996,,,
TOM1L2,REAC:R-HSA-5684996,,,
TIMP3,REAC:R-HSA-5684996,,,
UEVLD,REAC:R-HSA-5684996,,,
LHX4,REAC:R-HSA-5684996,,,
ZNF428,REAC:R-HSA-5684996,,,
FAHD2A,REAC:R-HSA-5684996,,,
MEF2D,REAC:R-HSA-5684996,,,
LUC7L2,REAC:R-HSA-5684996,,,
TENT5C,REAC:R-HSA-5684996,,,
ATAD2,REAC:R-HSA-5684996,,,
DDIAS,REAC:R-HSA-5684996,,,
DDI2,REAC:R-HSA-5684996,,,
ARAP2,REAC:R-HSA-5684996,,,
AEBP2,REAC:R-HSA-5684996,,,
NXT2,REAC:R-HSA-5684996,,,
CCDC6,REAC:R-HSA-5684996,,,
SIM1,REAC:R-HSA-5684996,,,
FGF2,REAC:R-HSA-5684996,,,
GOLGA1,REAC:R-HSA-5684996,,,
DUSP8,REAC:R-HSA-5684996,,,
LRP2,REAC:R-HSA-5684996,,,
XPO4,REAC:R-HSA-5684996,,,
ZNF507,REAC:R-HSA-5684996,,,
VMP1,REAC:R-HSA-5684996,,,
NFATC2IP,REAC:R-HSA-5684996,,,
MSL1,REAC:R-HSA-5684996,,,
UBLCP1,REAC:R-HSA-5684996,,,
KIAA1614,REAC:R-HSA-5684996,,,
ZC3H6,REAC:R-HSA-5684996,,,
DCTN5,REAC:R-HSA-5684996,,,
DENND6A,REAC:R-HSA-5684996,,,
UCHL5,REAC:R-HSA-5684996,,,
TOR1AIP2,REAC:R-HSA-5684996,,,
PTAR1,REAC:R-HSA-5684996,,,
ERN1,REAC:R-HSA-5684996,,,
IRS1,REAC:R-HSA-5684996,,,
MED12L,REAC:R-HSA-5684996,,,
ZFHX4,REAC:R-HSA-5684996,,,
N4BP1,REAC:R-HSA-5684996,,,
RAP1B,REAC:R-HSA-5684996,,,
PTPN9,REAC:R-HSA-5684996,,,
DDX19A,REAC:R-HSA-5684996,,,
CACNA1E,REAC:R-HSA-5684996,,,
EBF3,REAC:R-HSA-5684996,,,
ELAPOR1,REAC:R-HSA-5684996,,,
RBAK,REAC:R-HSA-5684996,,,
SUSD6,REAC:R-HSA-5684996,,,
TMED9,REAC:R-HSA-5684996,,,
RER1,REAC:R-HSA-5684996,,,
GABRB2,REAC:R-HSA-5684996,,,
JADE1,REAC:R-HSA-5684996,,,
MAGI1,REAC:R-HSA-5684996,,,
BAZ2A,REAC:R-HSA-9013405,,,
TRUB1,REAC:R-HSA-9013405,,,
RNF4,REAC:R-HSA-9013405,,,
UEVLD,REAC:R-HSA-9013405,,,
HOXB8,REAC:R-HSA-9013405,,,
STK24,REAC:R-HSA-9013405,,,
PDK3,REAC:R-HSA-9013405,,,
SHE,REAC:R-HSA-9013405,,,
FBXO39,REAC:R-HSA-9013405,,,
RRP12,REAC:R-HSA-9013405,,,
PSME3,REAC:R-HSA-9013405,,,
AP3M1,REAC:R-HSA-9013405,,,
CCDC71L,REAC:R-HSA-9013405,,,
SERAC1,REAC:R-HSA-9013405,,,
RNF152,REAC:R-HSA-9013405,,,
ATMIN,REAC:R-HSA-9013405,,,
FGF1,REAC:R-HSA-9013405,,,
SSR1,REAC:R-HSA-9013405,,,
LRRC8C,REAC:R-HSA-9013405,,,
TGFBR3,REAC:R-HSA-9013405,,,
PAK4,REAC:R-HSA-9013424,,,
TPM3,REAC:R-HSA-9013424,,,
ABHD6,REAC:R-HSA-9013424,,,
UEVLD,REAC:R-HSA-9013424,,,
MACROD2,REAC:R-HSA-9013424,,,
RRP12,REAC:R-HSA-9013424,,,
PSME3,REAC:R-HSA-9013424,,,
PHF1,REAC:R-HSA-9013424,,,
GRAMD2A,REAC:R-HSA-9013424,,,
SERAC1,REAC:R-HSA-9013424,,,
MAPKBP1,REAC:R-HSA-9013424,,,
BEGAIN,REAC:R-HSA-9013424,,,
RAPGEF5,REAC:R-HSA-9013424,,,
ADAT2,REAC:R-HSA-9013424,,,
MAD2L1,REAC:R-HSA-9013424,,,
SH3PXD2A,REAC:R-HSA-9013424,,,
ZNF423,REAC:R-HSA-9844594,,,
MTA3,REAC:R-HSA-9844594,,,
NR6A1,REAC:R-HSA-9844594,,,
EXPH5,REAC:R-HSA-9844594,,,
GNA11,REAC:R-HSA-9844594,,,
BMP2K,REAC:R-HSA-9844594,,,
TNRC6B,REAC:R-HSA-9844594,,,
MYCN,REAC:R-HSA-9844594,,,
KSR1,REAC:R-HSA-9844594,,,
PDE3B,REAC:R-HSA-9844594,,,
TNKS,REAC:R-HSA-9844594,,,
NUP133,REAC:R-HSA-9844594,,,
KCND1,REAC:R-HSA-9844594,,,
SLC26A9,REAC:R-HSA-9844594,,,
ZNF423,REAC:R-HSA-9843743,,,
MTA3,REAC:R-HSA-9843743,,,
NR6A1,REAC:R-HSA-9843743,,,
EXPH5,REAC:R-HSA-9843743,,,
GNA11,REAC:R-HSA-9843743,,,
BMP2K,REAC:R-HSA-9843743,,,
TNRC6B,REAC:R-HSA-9843743,,,
MYCN,REAC:R-HSA-9843743,,,
KSR1,REAC:R-HSA-9843743,,,
PDE3B,REAC:R-HSA-9843743,,,
TNKS,REAC:R-HSA-9843743,,,
NUP133,REAC:R-HSA-9843743,,,
KCND1,REAC:R-HSA-9843743,,,
SLC26A9,REAC:R-HSA-9843743,,,
IKZF3,REAC:R-HSA-383280,,,
FNBP4,REAC:R-HSA-383280,,,
ODF2L,REAC:R-HSA-383280,,,
MKRN1,REAC:R-HSA-383280,,,
SATB2,REAC:R-HSA-383280,,,
TMED4,REAC:R-HSA-383280,,,
ARHGEF26,REAC:R-HSA-383280,,,
RAB4A,REAC:R-HSA-383280,,,
C6orf89,REAC:R-HSA-383280,,,
ANKH,REAC:R-HSA-383280,,,
TMOD2,REAC:R-HSA-383280,,,
ZNF217,REAC:R-HSA-383280,,,
NUP133,REAC:R-HSA-383280,,,
TNFSF10,REAC:R-HSA-383280,,,
STT3A,REAC:R-HSA-383280,,,
KCND1,REAC:R-HSA-383280,,,
RASGEF1A,REAC:R-HSA-383280,,,
RUNX1,REAC:R-HSA-8934593,,,
AGO1,REAC:R-HSA-8934593,,,
SLC30A1,REAC:R-HSA-8934593,,,
UNC13B,REAC:R-HSA-8934593,,,
PRDM16,REAC:R-HSA-8934593,,,
MRS2,REAC:R-HSA-8934593,,,
SNAI1,REAC:R-HSA-8934593,,,
ELN,REAC:R-HSA-8934593,,,
RARB,REAC:R-HSA-8934593,,,
COG5,REAC:R-HSA-8934593,,,
PLEKHA1,REAC:R-HSA-1660499,,,
MTMR3,REAC:R-HSA-1660499,,,
IPO9,REAC:R-HSA-1660499,,,
TOMM20,REAC:R-HSA-1660499,,,
RLIM,REAC:R-HSA-1660499,,,
UEVLD,REAC:R-HSA-1660499,,,
RRN3,REAC:R-HSA-1660499,,,
CDC37L1,REAC:R-HSA-1660499,,,
KIAA0232,REAC:R-HSA-1660499,,,
ZC3H6,REAC:R-HSA-1660499,,,
KLF10,REAC:R-HSA-1660499,,,
KIAA1958,REAC:R-HSA-1660499,,,
WASF3,REAC:R-HSA-1660499,,,
ELL,REAC:R-HSA-1660499,,,
CXXC4,REAC:R-HSA-1660499,,,
UBE3C,REAC:R-HSA-1660499,,,
IDE,REAC:R-HSA-1660499,,,
KLHL5,REAC:R-HSA-1660499,,,
RNF6,REAC:R-HSA-1660499,,,
SEMA5A,REAC:R-HSA-1660499,,,
C9orf85,REAC:R-HSA-6811440,,,
VKORC1L1,REAC:R-HSA-6811440,,,
COL4A1,REAC:R-HSA-6811440,,,
TASP1,REAC:R-HSA-6811440,,,
SOST,REAC:R-HSA-6811440,,,
REST,REAC:R-HSA-6811440,,,
TMEM151B,REAC:R-HSA-6811440,,,
DTX3L,REAC:R-HSA-6811440,,,
UBE2J1,REAC:R-HSA-6811440,,,
RNF24,REAC:R-HSA-6811440,,,
PARP6,REAC:R-HSA-6811440,,,
SCEL,REAC:R-HSA-6811440,,,
SSR1,REAC:R-HSA-6811440,,,
EXT2,REAC:R-HSA-6811440,,,
MFN2,REAC:R-HSA-6811440,,,
ATP1A2,REAC:R-HSA-6811440,,,
CNP,REAC:R-HSA-6811440,,,
TTC7B,REAC:R-HSA-6811440,,,
KCNE4,REAC:R-HSA-6811440,,,
SOWAHC,REAC:R-HSA-9013026,,,
TRUB1,REAC:R-HSA-9013026,,,
UEVLD,REAC:R-HSA-9013026,,,
ZBTB20,REAC:R-HSA-9013026,,,
SHE,REAC:R-HSA-9013026,,,
SFMBT2,REAC:R-HSA-9013026,,,
BEND3,REAC:R-HSA-9013026,,,
EPG5,REAC:R-HSA-9013026,,,
AP3M1,REAC:R-HSA-9013026,,,
CNKSR3,REAC:R-HSA-9013026,,,
PHF1,REAC:R-HSA-9013026,,,
CCDC71L,REAC:R-HSA-9013026,,,
PAX2,REAC:R-HSA-9013026,,,
SERAC1,REAC:R-HSA-9013026,,,
TRPM7,REAC:R-HSA-9013026,,,
SLC39A10,REAC:R-HSA-9013026,,,
PDK4,REAC:R-HSA-9013026,,,
SSR1,REAC:R-HSA-9013026,,,
SEPTIN6,REAC:R-HSA-9013026,,,
CDK6,REAC:R-HSA-9013026,,,
IGF2BP1,REAC:R-HSA-9013026,,,
ZFYVE27,REAC:R-HSA-9013026,,,
GNAQ,REAC:R-HSA-9013026,,,
CCDC120,REAC:R-HSA-9013026,,,
AGO1,REAC:R-HSA-8986944,,,
TIMP3,REAC:R-HSA-8986944,,,
ETNK2,REAC:R-HSA-8986944,,,
ATAD2,REAC:R-HSA-8986944,,,
ZNRF3,REAC:R-HSA-8986944,,,
NCMAP,REAC:R-HSA-8986944,,,
FDXR,REAC:R-HSA-8986944,,,
SLC30A1,REAC:R-HSA-8986944,,,
DUSP8,REAC:R-HSA-8986944,,,
UNC13B,REAC:R-HSA-8986944,,,
PRDM16,REAC:R-HSA-8986944,,,
VXN,REAC:R-HSA-8986944,,,
TIMM17A,REAC:R-HSA-8986944,,,
MRS2,REAC:R-HSA-8986944,,,
NRXN1,REAC:R-HSA-8986944,,,
ANKH,REAC:R-HSA-8986944,,,
SOCS4,REAC:R-HSA-8986944,,,
RASA1,REAC:R-HSA-8986944,,,
EPN1,REAC:R-HSA-8986944,,,
WNT7B,REAC:R-HSA-8986944,,,
KCND1,REAC:R-HSA-8986944,,,
CADM1,REAC:R-HSA-418990,,,
ZEB2,REAC:R-HSA-418990,,,
HOXC8,REAC:R-HSA-418990,,,
AGO1,REAC:R-HSA-418990,,,
GALNT7,REAC:R-HSA-418990,,,
TMEM170A,REAC:R-HSA-418990,,,
DDI2,REAC:R-HSA-418990,,,
KDSR,REAC:R-HSA-418990,,,
BICRAL,REAC:R-HSA-418990,,,
SLC30A1,REAC:R-HSA-418990,,,
UNC13B,REAC:R-HSA-418990,,,
PRDM16,REAC:R-HSA-418990,,,
FOXK2,REAC:R-HSA-418990,,,
KIAA1614,REAC:R-HSA-418990,,,
SOX17,REAC:R-HSA-418990,,,
MRS2,REAC:R-HSA-418990,,,
FAR1,REAC:R-HSA-418990,,,
FNIP2,REAC:R-HSA-418990,,,
TTBK2,REAC:R-HSA-418990,,,
PACRGL,REAC:R-HSA-418990,,,
SYT12,REAC:R-HSA-6794362,,,
MGLL,REAC:R-HSA-6794362,,,
N4BP3,REAC:R-HSA-6794362,,,
SPTLC1,REAC:R-HSA-6794362,,,
LHX4,REAC:R-HSA-6794362,,,
TENT5C,REAC:R-HSA-6794362,,,
KIF5C,REAC:R-HSA-6794362,,,
POU5F1B,REAC:R-HSA-6794362,,,
ARAP2,REAC:R-HSA-6794362,,,
VPS18,REAC:R-HSA-6794362,,,
DUSP8,REAC:R-HSA-6794362,,,
TOGARAM1,REAC:R-HSA-6794362,,,
KCNJ12,REAC:R-HSA-6794362,,,
NCKAP1,REAC:R-HSA-6794362,,,
HIF1AN,REAC:R-HSA-6794362,,,
KHNYN,REAC:R-HSA-6794362,,,
NFIC,REAC:R-HSA-6794362,,,
TIMM17A,REAC:R-HSA-6794362,,,
MTMR1,REAC:R-HSA-6794362,,,
ZC3H8,REAC:R-HSA-6794362,,,
VAMP3,REAC:R-HSA-6794362,,,
FOXJ2,REAC:R-HSA-6794362,,,
TSR1,REAC:R-HSA-6794362,,,
SEPTIN6,REAC:R-HSA-6794362,,,
ZRANB3,REAC:R-HSA-6794362,,,
MAP3K4,REAC:R-HSA-6794362,,,
SPOCK3,REAC:R-HSA-6794362,,,
TP53,REAC:R-HSA-6807070,,,
MTA3,REAC:R-HSA-6807070,,,
AGO1,REAC:R-HSA-6807070,,,
SOCS6,REAC:R-HSA-6807070,,,
NR6A1,REAC:R-HSA-6807070,,,
LDLRAD3,REAC:R-HSA-6807070,,,
RYBP,REAC:R-HSA-6807070,,,
GOLGA3,REAC:R-HSA-6807070,,,
NUP43,REAC:R-HSA-6807070,,,
TBP,REAC:R-HSA-6807070,,,
VAPA,REAC:R-HSA-6807070,,,
HMGCS1,REAC:R-HSA-6807070,,,
MECP2,REAC:R-HSA-6807070,,,
NCKAP5,REAC:R-HSA-6807070,,,
PAK5,REAC:R-HSA-6807070,,,
RAB3C,REAC:R-HSA-6807070,,,
NXT2,REAC:R-HSA-6807070,,,
SLC30A1,REAC:R-HSA-6807070,,,
RGS17,REAC:R-HSA-6807070,,,
VMP1,REAC:R-HSA-6807070,,,
UNC13B,REAC:R-HSA-6807070,,,
PRDM16,REAC:R-HSA-6807070,,,
KSR1,REAC:R-HSA-6807070,,,
PDE3B,REAC:R-HSA-6807070,,,
TRPM6,REAC:R-HSA-6807070,,,
DCTN5,REAC:R-HSA-6807070,,,
CPD,REAC:R-HSA-6807070,,,
CDH3,REAC:R-HSA-6807070,,,
RASAL2,REAC:R-HSA-6807070,,,
IRS1,REAC:R-HSA-6807070,,,
MRS2,REAC:R-HSA-6807070,,,
FNIP2,REAC:R-HSA-6807070,,,
PTPN9,REAC:R-HSA-6807070,,,
PAWR,REAC:R-HSA-6807070,,,
SUSD6,REAC:R-HSA-6807070,,,
GGCT,REAC:R-HSA-6807070,,,
STX5,REAC:R-HSA-6807070,,,
KCND1,REAC:R-HSA-6807070,,,
SOWAHC,REAC:R-HSA-8980692,,,
BAZ2A,REAC:R-HSA-8980692,,,
EIF4B,REAC:R-HSA-8980692,,,
TRUB1,REAC:R-HSA-8980692,,,
RNF4,REAC:R-HSA-8980692,,,
TMPO,REAC:R-HSA-8980692,,,
CPEB3,REAC:R-HSA-8980692,,,
UEVLD,REAC:R-HSA-8980692,,,
TIAM2,REAC:R-HSA-8980692,,,
ZBTB20,REAC:R-HSA-8980692,,,
SHE,REAC:R-HSA-8980692,,,
PCDHA6,REAC:R-HSA-8980692,,,
SFMBT2,REAC:R-HSA-8980692,,,
BEND3,REAC:R-HSA-8980692,,,
EPG5,REAC:R-HSA-8980692,,,
XKR4,REAC:R-HSA-8980692,,,
LYSMD3,REAC:R-HSA-8980692,,,
AP3M1,REAC:R-HSA-8980692,,,
FBXO45,REAC:R-HSA-8980692,,,
CNKSR3,REAC:R-HSA-8980692,,,
PHF1,REAC:R-HSA-8980692,,,
CCDC71L,REAC:R-HSA-8980692,,,
PAX2,REAC:R-HSA-8980692,,,
FBXL13,REAC:R-HSA-8980692,,,
SERAC1,REAC:R-HSA-8980692,,,
TRPM7,REAC:R-HSA-8980692,,,
SLC39A10,REAC:R-HSA-8980692,,,
SZRD1,REAC:R-HSA-8980692,,,
PDK4,REAC:R-HSA-8980692,,,
SSR1,REAC:R-HSA-8980692,,,
SEPTIN6,REAC:R-HSA-8980692,,,
KIAA0513,REAC:R-HSA-8980692,,,
ICE1,REAC:R-HSA-8980692,,,
CDK6,REAC:R-HSA-8980692,,,
IGF2BP1,REAC:R-HSA-8980692,,,
ZFYVE27,REAC:R-HSA-8980692,,,
TGFBR3,REAC:R-HSA-8980692,,,
GNAQ,REAC:R-HSA-8980692,,,
SYNJ2BP,REAC:R-HSA-8980692,,,
CCDC120,REAC:R-HSA-8980692,,,
ITSN1,REAC:R-HSA-9013148,,,
PAK4,REAC:R-HSA-9013148,,,
EIF4B,REAC:R-HSA-9013148,,,
TRUB1,REAC:R-HSA-9013148,,,
ZFP3,REAC:R-HSA-9013148,,,
RNF4,REAC:R-HSA-9013148,,,
TMPO,REAC:R-HSA-9013148,,,
CPEB3,REAC:R-HSA-9013148,,,
H2AZ2,REAC:R-HSA-9013148,,,
UEVLD,REAC:R-HSA-9013148,,,
TIAM2,REAC:R-HSA-9013148,,,
USP47,REAC:R-HSA-9013148,,,
SHE,REAC:R-HSA-9013148,,,
TMEM178B,REAC:R-HSA-9013148,,,
SFMBT2,REAC:R-HSA-9013148,,,
EPG5,REAC:R-HSA-9013148,,,
XKR4,REAC:R-HSA-9013148,,,
NOL4,REAC:R-HSA-9013148,,,
FBXO39,REAC:R-HSA-9013148,,,
PSME3,REAC:R-HSA-9013148,,,
LYSMD3,REAC:R-HSA-9013148,,,
CLCN3,REAC:R-HSA-9013148,,,
AP3M1,REAC:R-HSA-9013148,,,
ZFYVE16,REAC:R-HSA-9013148,,,
PIK3R3,REAC:R-HSA-9013148,,,
TNFSF13B,REAC:R-HSA-9013148,,,
SERAC1,REAC:R-HSA-9013148,,,
RAPGEF5,REAC:R-HSA-9013148,,,
SZRD1,REAC:R-HSA-9013148,,,
PDK4,REAC:R-HSA-9013148,,,
SSR1,REAC:R-HSA-9013148,,,
FBXL19,REAC:R-HSA-9013148,,,
ADCY9,REAC:R-HSA-9013148,,,
WTAP,REAC:R-HSA-9013148,,,
IGF2BP1,REAC:R-HSA-9013148,,,
LRRC8C,REAC:R-HSA-9013148,,,
MAD2L1,REAC:R-HSA-9013148,,,
GNAQ,REAC:R-HSA-9013148,,,
TSPYL2,REAC:R-HSA-9013148,,,
SH3PXD2A,REAC:R-HSA-9013148,,,
DLGAP2,REAC:R-HSA-9013148,,,
NCOA2,REAC:R-HSA-1655829,,,
NFYA,REAC:R-HSA-1655829,,,
EXPH5,REAC:R-HSA-1655829,,,
SRPK2,REAC:R-HSA-1655829,,,
ETNK2,REAC:R-HSA-1655829,,,
NETO2,REAC:R-HSA-1655829,,,
DIPK2B,REAC:R-HSA-1655829,,,
ZNRF3,REAC:R-HSA-1655829,,,
PRKAB2,REAC:R-HSA-1655829,,,
CSNK2A1,REAC:R-HSA-1655829,,,
SYTL4,REAC:R-HSA-1655829,,,
RAB9A,REAC:R-HSA-1655829,,,
XRN1,REAC:R-HSA-1655829,,,
GNS,REAC:R-HSA-1655829,,,
RPRD1B,REAC:R-HSA-1655829,,,
SSH1,REAC:R-HSA-1655829,,,
NUP133,REAC:R-HSA-1655829,,,
EPB41L5,REAC:R-HSA-1655829,,,
KANK1,REAC:R-HSA-1655829,,,
MAX,REAC:R-HSA-1538133,,,
E2F5,REAC:R-HSA-1538133,,,
ZNF597,REAC:R-HSA-1538133,,,
VTI1B,REAC:R-HSA-1538133,,,
TRAPPC8,REAC:R-HSA-1538133,,,
TNIK,REAC:R-HSA-1538133,,,
EFS,REAC:R-HSA-1538133,,,
PDE3B,REAC:R-HSA-1538133,,,
ELAPOR1,REAC:R-HSA-1538133,,,
CCND1,REAC:R-HSA-1538133,,,
MVB12B,REAC:R-HSA-1538133,,,
FAM174B,REAC:R-HSA-1538133,,,
DYNLL2,REAC:R-HSA-6811442,,,
GOSR1,REAC:R-HSA-6811442,,,
C9orf85,REAC:R-HSA-6811442,,,
VKORC1L1,REAC:R-HSA-6811442,,,
COL4A1,REAC:R-HSA-6811442,,,
TIMP2,REAC:R-HSA-6811442,,,
ANK2,REAC:R-HSA-6811442,,,
TASP1,REAC:R-HSA-6811442,,,
SOST,REAC:R-HSA-6811442,,,
ZNF148,REAC:R-HSA-6811442,,,
ST6GALNAC3,REAC:R-HSA-6811442,,,
SHE,REAC:R-HSA-6811442,,,
REST,REAC:R-HSA-6811442,,,
UBE2N,REAC:R-HSA-6811442,,,
CACNA2D1,REAC:R-HSA-6811442,,,
TANC2,REAC:R-HSA-6811442,,,
UBXN2A,REAC:R-HSA-6811442,,,
FRZB,REAC:R-HSA-6811442,,,
TMEM151B,REAC:R-HSA-6811442,,,
EIF2B2,REAC:R-HSA-6811442,,,
SLC6A9,REAC:R-HSA-6811442,,,
AATK,REAC:R-HSA-6811442,,,
BTG2,REAC:R-HSA-6811442,,,
NAA20,REAC:R-HSA-6811442,,,
DTX3L,REAC:R-HSA-6811442,,,
UBE2J1,REAC:R-HSA-6811442,,,
RNF24,REAC:R-HSA-6811442,,,
PGK1,REAC:R-HSA-6811442,,,
PARP6,REAC:R-HSA-6811442,,,
PCDHA9,REAC:R-HSA-6811442,,,
FGF1,REAC:R-HSA-6811442,,,
DYRK2,REAC:R-HSA-6811442,,,
HMGN2,REAC:R-HSA-6811442,,,
SCEL,REAC:R-HSA-6811442,,,
HNRNPA0,REAC:R-HSA-6811442,,,
CCDC28A,REAC:R-HSA-6811442,,,
SSR1,REAC:R-HSA-6811442,,,
EXT2,REAC:R-HSA-6811442,,,
MYO10,REAC:R-HSA-6811442,,,
TNFSF11,REAC:R-HSA-6811442,,,
RAD54L2,REAC:R-HSA-6811442,,,
MFN2,REAC:R-HSA-6811442,,,
ATP1A2,REAC:R-HSA-6811442,,,
MAP4K4,REAC:R-HSA-6811442,,,
ICE1,REAC:R-HSA-6811442,,,
CNP,REAC:R-HSA-6811442,,,
FCHO2,REAC:R-HSA-6811442,,,
TTC7B,REAC:R-HSA-6811442,,,
KCNE4,REAC:R-HSA-6811442,,,
DOCK3,REAC:R-HSA-6811442,,,
CHEK1,REAC:R-HSA-8953750,,,
MAX,REAC:R-HSA-8953750,,,
CBX5,REAC:R-HSA-8953750,,,
HBEGF,REAC:R-HSA-8953750,,,
GNAI3,REAC:R-HSA-8953750,,,
CDK17,REAC:R-HSA-8953750,,,
MON2,REAC:R-HSA-8953750,,,
RGS17,REAC:R-HSA-8953750,,,
SPOCK1,REAC:R-HSA-8953750,,,
PDE3B,REAC:R-HSA-8953750,,,
FBXW4,REAC:R-HSA-8953750,,,
DDX6,REAC:R-HSA-8953750,,,
STX5,REAC:R-HSA-8953750,,,
CCND1,REAC:R-HSA-8953750,,,
TGIF1,REAC:R-HSA-2173793,,,
E2F5,REAC:R-HSA-2173793,,,
LDLRAD3,REAC:R-HSA-2173793,,,
RALGPS1,REAC:R-HSA-2173793,,,
PDCD4,REAC:R-HSA-2173793,,,
SCN2B,REAC:R-HSA-2173793,,,
TNFRSF19,REAC:R-HSA-2173793,,,
INSIG2,REAC:R-HSA-2173793,,,
NSG1,REAC:R-HSA-2173793,,,
HPS5,REAC:R-HSA-2173793,,,
SEPTIN8,REAC:R-HSA-2173793,,,
RAPH1,REAC:R-HSA-2173793,,,
EFS,REAC:R-HSA-2173793,,,
BEGAIN,REAC:R-HSA-2173793,,,
KCNJ11,REAC:R-HSA-2173793,,,
ANKH,REAC:R-HSA-2173793,,,
CCND1,REAC:R-HSA-2173793,,,
TRAK1,REAC:R-HSA-2173793,,,
ITSN1,REAC:R-HSA-2682334,,,
HAS2,REAC:R-HSA-2682334,,,
MAPK1,REAC:R-HSA-2682334,,,
AMMECR1,REAC:R-HSA-2682334,,,
MASTL,REAC:R-HSA-2682334,,,
LHX4,REAC:R-HSA-2682334,,,
ZBTB20,REAC:R-HSA-2682334,,,
DERL2,REAC:R-HSA-2682334,,,
DDI2,REAC:R-HSA-2682334,,,
CLCN3,REAC:R-HSA-2682334,,,
TBCEL,REAC:R-HSA-2682334,,,
DUSP8,REAC:R-HSA-2682334,,,
PCP4L1,REAC:R-HSA-2682334,,,
PSKH1,REAC:R-HSA-2682334,,,
BACH2,REAC:R-HSA-2682334,,,
KIAA1614,REAC:R-HSA-2682334,,,
RAPGEF5,REAC:R-HSA-2682334,,,
CCNI2,REAC:R-HSA-2682334,,,
DHRS13,REAC:R-HSA-2682334,,,
SZRD1,REAC:R-HSA-2682334,,,
FRRS1L,REAC:R-HSA-2682334,,,
PTGFR,REAC:R-HSA-2682334,,,
IL6ST,REAC:R-HSA-2682334,,,
RBAK,REAC:R-HSA-2682334,,,
MAD2L1,REAC:R-HSA-2682334,,,
GNAQ,REAC:R-HSA-2682334,,,
ZNF236,REAC:R-HSA-2682334,,,
RPA1,REAC:R-HSA-73857,,,
ZNF740,REAC:R-HSA-73857,,,
PLXNA4,REAC:R-HSA-73857,,,
TP53,REAC:R-HSA-73857,,,
YWHAG,REAC:R-HSA-73857,,,
MDM4,REAC:R-HSA-73857,,,
SMARCA4,REAC:R-HSA-73857,,,
CHEK1,REAC:R-HSA-73857,,,
RUNX1,REAC:R-HSA-73857,,,
SKP1,REAC:R-HSA-73857,,,
SMARCD1,REAC:R-HSA-73857,,,
TTC5,REAC:R-HSA-73857,,,
NFYA,REAC:R-HSA-73857,,,
ZNF710,REAC:R-HSA-73857,,,
UBE2I,REAC:R-HSA-73857,,,
ANAPC15,REAC:R-HSA-73857,,,
TGIF1,REAC:R-HSA-73857,,,
OCLN,REAC:R-HSA-73857,,,
AGO1,REAC:R-HSA-73857,,,
H3-3B,REAC:R-HSA-73857,,,
SMARCC1,REAC:R-HSA-73857,,,
POU2F1,REAC:R-HSA-73857,,,
MAX,REAC:R-HSA-73857,,,
KCTD15,REAC:R-HSA-73857,,,
E2F5,REAC:R-HSA-73857,,,
CBX5,REAC:R-HSA-73857,,,
YWHAQ,REAC:R-HSA-73857,,,
SRSF3,REAC:R-HSA-73857,,,
SOCS6,REAC:R-HSA-73857,,,
LAMTOR3,REAC:R-HSA-73857,,,
IKZF3,REAC:R-HSA-73857,,,
FUT9,REAC:R-HSA-73857,,,
DEUP1,REAC:R-HSA-73857,,,
ACP6,REAC:R-HSA-73857,,,
PGRMC2,REAC:R-HSA-73857,,,
SSBP2,REAC:R-HSA-73857,,,
NR6A1,REAC:R-HSA-73857,,,
TPM4,REAC:R-HSA-73857,,,
LDLRAD3,REAC:R-HSA-73857,,,
NEURL1B,REAC:R-HSA-73857,,,
PHF6,REAC:R-HSA-73857,,,
ZXDA,REAC:R-HSA-73857,,,
SCOC,REAC:R-HSA-73857,,,
RNF144B,REAC:R-HSA-73857,,,
FOXP1,REAC:R-HSA-73857,,,
RALGPS1,REAC:R-HSA-73857,,,
SAMD8,REAC:R-HSA-73857,,,
CDCA3,REAC:R-HSA-73857,,,
TFCP2L1,REAC:R-HSA-73857,,,
USP28,REAC:R-HSA-73857,,,
WDR82,REAC:R-HSA-73857,,,
RABEP1,REAC:R-HSA-73857,,,
RLIM,REAC:R-HSA-73857,,,
SCD,REAC:R-HSA-73857,,,
CSNK1G1,REAC:R-HSA-73857,,,
PDCD4,REAC:R-HSA-73857,,,
MSMO1,REAC:R-HSA-73857,,,
HBEGF,REAC:R-HSA-73857,,,
SCN2B,REAC:R-HSA-73857,,,
TOM1L2,REAC:R-HSA-73857,,,
TIMP3,REAC:R-HSA-73857,,,
NAA15,REAC:R-HSA-73857,,,
TFAP2B,REAC:R-HSA-73857,,,
C1orf21,REAC:R-HSA-73857,,,
POLR3H,REAC:R-HSA-73857,,,
JADE2,REAC:R-HSA-73857,,,
CDC40,REAC:R-HSA-73857,,,
NUP43,REAC:R-HSA-73857,,,
PPM1H,REAC:R-HSA-73857,,,
MASTL,REAC:R-HSA-73857,,,
BEST1,REAC:R-HSA-73857,,,
TBP,REAC:R-HSA-73857,,,
FNBP4,REAC:R-HSA-73857,,,
ETNK2,REAC:R-HSA-73857,,,
GRAMD1B,REAC:R-HSA-73857,,,
TSN,REAC:R-HSA-73857,,,
DICER1,REAC:R-HSA-73857,,,
TNFRSF19,REAC:R-HSA-73857,,,
ODF2L,REAC:R-HSA-73857,,,
MYO18A,REAC:R-HSA-73857,,,
KCNJ15,REAC:R-HSA-73857,,,
TRIM5,REAC:R-HSA-73857,,,
TSPAN5,REAC:R-HSA-73857,,,
ATAD2,REAC:R-HSA-73857,,,
YOD1,REAC:R-HSA-73857,,,
HMGCS1,REAC:R-HSA-73857,,,
PON2,REAC:R-HSA-73857,,,
MKRN1,REAC:R-HSA-73857,,,
SRPK1,REAC:R-HSA-73857,,,
SLC25A15,REAC:R-HSA-73857,,,
DDIAS,REAC:R-HSA-73857,,,
ZNRF3,REAC:R-HSA-73857,,,
DR1,REAC:R-HSA-73857,,,
GNAI3,REAC:R-HSA-73857,,,
EMP2,REAC:R-HSA-73857,,,
HDX,REAC:R-HSA-73857,,,
INSIG2,REAC:R-HSA-73857,,,
NCKAP5,REAC:R-HSA-73857,,,
LTN1,REAC:R-HSA-73857,,,
NSG1,REAC:R-HSA-73857,,,
NCMAP,REAC:R-HSA-73857,,,
CDK17,REAC:R-HSA-73857,,,
DLG2,REAC:R-HSA-73857,,,
HPS5,REAC:R-HSA-73857,,,
AEBP2,REAC:R-HSA-73857,,,
FDXR,REAC:R-HSA-73857,,,
SLC25A22,REAC:R-HSA-73857,,,
POFUT1,REAC:R-HSA-73857,,,
SEPTIN8,REAC:R-HSA-73857,,,
KCNK6,REAC:R-HSA-73857,,,
NXT2,REAC:R-HSA-73857,,,
BICD1,REAC:R-HSA-73857,,,
HHIP,REAC:R-HSA-73857,,,
MON2,REAC:R-HSA-73857,,,
RAPH1,REAC:R-HSA-73857,,,
GAB1,REAC:R-HSA-73857,,,
SLC30A1,REAC:R-HSA-73857,,,
SATB2,REAC:R-HSA-73857,,,
RNF165,REAC:R-HSA-73857,,,
TNIK,REAC:R-HSA-73857,,,
TMED4,REAC:R-HSA-73857,,,
EFS,REAC:R-HSA-73857,,,
ESRP2,REAC:R-HSA-73857,,,
CELF1,REAC:R-HSA-73857,,,
RGS17,REAC:R-HSA-73857,,,
MARVELD2,REAC:R-HSA-73857,,,
PHC3,REAC:R-HSA-73857,,,
GNA11,REAC:R-HSA-73857,,,
DUSP8,REAC:R-HSA-73857,,,
RIOK3,REAC:R-HSA-73857,,,
MYO1D,REAC:R-HSA-73857,,,
CDYL,REAC:R-HSA-73857,,,
SPOCK1,REAC:R-HSA-73857,,,
MAPK6,REAC:R-HSA-73857,,,
CISH,REAC:R-HSA-73857,,,
EGR3,REAC:R-HSA-73857,,,
B3GALT5,REAC:R-HSA-73857,,,
BBC3,REAC:R-HSA-73857,,,
ZNF507,REAC:R-HSA-73857,,,
TMC7,REAC:R-HSA-73857,,,
VMP1,REAC:R-HSA-73857,,,
OSBP2,REAC:R-HSA-73857,,,
UNC13B,REAC:R-HSA-73857,,,
SORCS1,REAC:R-HSA-73857,,,
ARHGEF26,REAC:R-HSA-73857,,,
PRDM16,REAC:R-HSA-73857,,,
PLEKHA7,REAC:R-HSA-73857,,,
FREM2,REAC:R-HSA-73857,,,
FIGN,REAC:R-HSA-73857,,,
KSR1,REAC:R-HSA-73857,,,
ZSCAN25,REAC:R-HSA-73857,,,
ZBTB12,REAC:R-HSA-73857,,,
PDE3B,REAC:R-HSA-73857,,,
TRPM6,REAC:R-HSA-73857,,,
THAP11,REAC:R-HSA-73857,,,
RAB4A,REAC:R-HSA-73857,,,
OLR1,REAC:R-HSA-73857,,,
ARIH2,REAC:R-HSA-73857,,,
FBXW4,REAC:R-HSA-73857,,,
CBX3,REAC:R-HSA-73857,,,
KCTD1,REAC:R-HSA-73857,,,
LMNB1,REAC:R-HSA-73857,,,
DCTN5,REAC:R-HSA-73857,,,
PRLR,REAC:R-HSA-73857,,,
PID1,REAC:R-HSA-73857,,,
KLF7,REAC:R-HSA-73857,,,
CPD,REAC:R-HSA-73857,,,
RNF217,REAC:R-HSA-73857,,,
BEGAIN,REAC:R-HSA-73857,,,
USP9X,REAC:R-HSA-73857,,,
KLHL15,REAC:R-HSA-73857,,,
VXN,REAC:R-HSA-73857,,,
PDZD4,REAC:R-HSA-73857,,,
CENPO,REAC:R-HSA-73857,,,
CDH3,REAC:R-HSA-73857,,,
KCNJ11,REAC:R-HSA-73857,,,
G6PC3,REAC:R-HSA-73857,,,
ERGIC2,REAC:R-HSA-73857,,,
TIMM17A,REAC:R-HSA-73857,,,
TIMM50,REAC:R-HSA-73857,,,
IRS1,REAC:R-HSA-73857,,,
CNN1,REAC:R-HSA-73857,,,
SLF2,REAC:R-HSA-73857,,,
MAGOHB,REAC:R-HSA-73857,,,
MRS2,REAC:R-HSA-73857,,,
DDX6,REAC:R-HSA-73857,,,
EML1,REAC:R-HSA-73857,,,
C6orf89,REAC:R-HSA-73857,,,
CHRM5,REAC:R-HSA-73857,,,
POLR3G,REAC:R-HSA-73857,,,
SNAI1,REAC:R-HSA-73857,,,
BMPER,REAC:R-HSA-73857,,,
PTPN9,REAC:R-HSA-73857,,,
ELOVL5,REAC:R-HSA-73857,,,
PRPF4B,REAC:R-HSA-73857,,,
NHS,REAC:R-HSA-73857,,,
ADCY5,REAC:R-HSA-73857,,,
NRXN1,REAC:R-HSA-73857,,,
RGS7,REAC:R-HSA-73857,,,
EBF3,REAC:R-HSA-73857,,,
LCMT2,REAC:R-HSA-73857,,,
ANKH,REAC:R-HSA-73857,,,
KIF3C,REAC:R-HSA-73857,,,
NFIX,REAC:R-HSA-73857,,,
TMOD2,REAC:R-HSA-73857,,,
ELAPOR1,REAC:R-HSA-73857,,,
SOCS4,REAC:R-HSA-73857,,,
SLC25A27,REAC:R-HSA-73857,,,
RAB18,REAC:R-HSA-73857,,,
SUSD6,REAC:R-HSA-73857,,,
RASA1,REAC:R-HSA-73857,,,
NDST1,REAC:R-HSA-73857,,,
GGA3,REAC:R-HSA-73857,,,
GSTO2,REAC:R-HSA-73857,,,
ZNF217,REAC:R-HSA-73857,,,
HIPK2,REAC:R-HSA-73857,,,
EPN1,REAC:R-HSA-73857,,,
ELN,REAC:R-HSA-73857,,,
ZSCAN12,REAC:R-HSA-73857,,,
RARB,REAC:R-HSA-73857,,,
CASP10,REAC:R-HSA-73857,,,
PPP3R1,REAC:R-HSA-73857,,,
STX5,REAC:R-HSA-73857,,,
TNKS,REAC:R-HSA-73857,,,
ZFYVE26,REAC:R-HSA-73857,,,
COG5,REAC:R-HSA-73857,,,
MAF,REAC:R-HSA-73857,,,
PPARGC1B,REAC:R-HSA-73857,,,
TMTC3,REAC:R-HSA-73857,,,
CCND1,REAC:R-HSA-73857,,,
STYX,REAC:R-HSA-73857,,,
NUP133,REAC:R-HSA-73857,,,
RANBP3,REAC:R-HSA-73857,,,
HCAR3,REAC:R-HSA-73857,,,
MVB12B,REAC:R-HSA-73857,,,
LRRC8C,REAC:R-HSA-73857,,,
TNFSF10,REAC:R-HSA-73857,,,
RNF141,REAC:R-HSA-73857,,,
STT3A,REAC:R-HSA-73857,,,
KDR,REAC:R-HSA-73857,,,
WNT7B,REAC:R-HSA-73857,,,
KCND1,REAC:R-HSA-73857,,,
RBFOX2,REAC:R-HSA-73857,,,
RASGEF1A,REAC:R-HSA-73857,,,
TRAK1,REAC:R-HSA-73857,,,
UBXN7,REAC:R-HSA-73857,,,
SLC26A9,REAC:R-HSA-73857,,,
PAK4,REAC:R-HSA-9013149,,,
ABI2,REAC:R-HSA-9013149,,,
EIF4B,REAC:R-HSA-9013149,,,
TRUB1,REAC:R-HSA-9013149,,,
ZFP3,REAC:R-HSA-9013149,,,
RNF4,REAC:R-HSA-9013149,,,
TMPO,REAC:R-HSA-9013149,,,
CPEB3,REAC:R-HSA-9013149,,,
UEVLD,REAC:R-HSA-9013149,,,
NME7,REAC:R-HSA-9013149,,,
TIAM2,REAC:R-HSA-9013149,,,
CALM1,REAC:R-HSA-9013149,,,
SHE,REAC:R-HSA-9013149,,,
TMEM178B,REAC:R-HSA-9013149,,,
HAUS8,REAC:R-HSA-9013149,,,
EPG5,REAC:R-HSA-9013149,,,
XKR4,REAC:R-HSA-9013149,,,
ECE1,REAC:R-HSA-9013149,,,
FBXO39,REAC:R-HSA-9013149,,,
RRP12,REAC:R-HSA-9013149,,,
MYLK,REAC:R-HSA-9013149,,,
PSME3,REAC:R-HSA-9013149,,,
LYSMD3,REAC:R-HSA-9013149,,,
CLCN3,REAC:R-HSA-9013149,,,
PAK3,REAC:R-HSA-9013149,,,
AP3M1,REAC:R-HSA-9013149,,,
ARFGEF3,REAC:R-HSA-9013149,,,
KIAA0232,REAC:R-HSA-9013149,,,
PAX2,REAC:R-HSA-9013149,,,
POLR1C,REAC:R-HSA-9013149,,,
TNFSF13B,REAC:R-HSA-9013149,,,
SERAC1,REAC:R-HSA-9013149,,,
RAPGEF5,REAC:R-HSA-9013149,,,
PURA,REAC:R-HSA-9013149,,,
SZRD1,REAC:R-HSA-9013149,,,
PDK4,REAC:R-HSA-9013149,,,
MCF2L,REAC:R-HSA-9013149,,,
SSR1,REAC:R-HSA-9013149,,,
ADCY9,REAC:R-HSA-9013149,,,
WTAP,REAC:R-HSA-9013149,,,
IGF2BP1,REAC:R-HSA-9013149,,,
DDX19B,REAC:R-HSA-9013149,,,
MAD2L1,REAC:R-HSA-9013149,,,
GNAQ,REAC:R-HSA-9013149,,,
SH3PXD2A,REAC:R-HSA-9013149,,,
WBP2,REAC:R-HSA-9013149,,,
INO80D,REAC:R-HSA-9839389,,,
EIF1AX,REAC:R-HSA-9839389,,,
USP12,REAC:R-HSA-9839389,,,
SCAMP5,REAC:R-HSA-9839389,,,
TMED9,REAC:R-HSA-9839389,,,
BTG1,REAC:R-HSA-9839389,,,
TRUB1,REAC:R-HSA-9013106,,,
RNF4,REAC:R-HSA-9013106,,,
UEVLD,REAC:R-HSA-9013106,,,
ZBTB20,REAC:R-HSA-9013106,,,
SHE,REAC:R-HSA-9013106,,,
SFMBT2,REAC:R-HSA-9013106,,,
EPG5,REAC:R-HSA-9013106,,,
AP3M1,REAC:R-HSA-9013106,,,
CNKSR3,REAC:R-HSA-9013106,,,
CCDC71L,REAC:R-HSA-9013106,,,
PAX2,REAC:R-HSA-9013106,,,
SERAC1,REAC:R-HSA-9013106,,,
TRPM7,REAC:R-HSA-9013106,,,
SLC39A10,REAC:R-HSA-9013106,,,
PDK4,REAC:R-HSA-9013106,,,
SSR1,REAC:R-HSA-9013106,,,
SEPTIN6,REAC:R-HSA-9013106,,,
ICE1,REAC:R-HSA-9013106,,,
IGF2BP1,REAC:R-HSA-9013106,,,
TGFBR3,REAC:R-HSA-9013106,,,
GNAQ,REAC:R-HSA-9013106,,,
SYNJ2BP,REAC:R-HSA-9013106,,,
CCDC120,REAC:R-HSA-9013106,,,
GNAI1,REAC:R-HSA-163685,,,
CDC23,REAC:R-HSA-163685,,,
PPM1K,REAC:R-HSA-163685,,,
VGLL4,REAC:R-HSA-163685,,,
IGSF3,REAC:R-HSA-163685,,,
NUFIP2,REAC:R-HSA-163685,,,
BCL2L11,REAC:R-HSA-163685,,,
RPS6KA6,REAC:R-HSA-163685,,,
HECTD2,REAC:R-HSA-163685,,,
TSN,REAC:R-HSA-163685,,,
PLCL2,REAC:R-HSA-163685,,,
ABHD2,REAC:R-HSA-163685,,,
DDIAS,REAC:R-HSA-163685,,,
SPOPL,REAC:R-HSA-163685,,,
DR1,REAC:R-HSA-163685,,,
RGS9BP,REAC:R-HSA-163685,,,
DPP8,REAC:R-HSA-163685,,,
KCNJ12,REAC:R-HSA-163685,,,
CYLD,REAC:R-HSA-163685,,,
ARL5A,REAC:R-HSA-163685,,,
ATXN1,REAC:R-HSA-163685,,,
LMO4,REAC:R-HSA-163685,,,
GNS,REAC:R-HSA-163685,,,
SUFU,REAC:R-HSA-163685,,,
EML4,REAC:R-HSA-163685,,,
NT5DC1,REAC:R-HSA-163685,,,
EBF3,REAC:R-HSA-163685,,,
PDPR,REAC:R-HSA-163685,,,
LIPH,REAC:R-HSA-163685,,,
PHKA1,REAC:R-HSA-163685,,,
TP53,REAC:R-HSA-6804757,,,
MDM4,REAC:R-HSA-6804757,,,
ACP6,REAC:R-HSA-6804757,,,
SSBP2,REAC:R-HSA-6804757,,,
TFCP2L1,REAC:R-HSA-6804757,,,
MSMO1,REAC:R-HSA-6804757,,,
DDIAS,REAC:R-HSA-6804757,,,
TNIK,REAC:R-HSA-6804757,,,
FIGN,REAC:R-HSA-6804757,,,
ZBTB12,REAC:R-HSA-6804757,,,
RGS7,REAC:R-HSA-6804757,,,
EBF3,REAC:R-HSA-6804757,,,
ELAPOR1,REAC:R-HSA-6804757,,,
HIPK2,REAC:R-HSA-6804757,,,
RPA1,REAC:R-HSA-3700989,,,
TP53,REAC:R-HSA-3700989,,,
YWHAG,REAC:R-HSA-3700989,,,
MDM4,REAC:R-HSA-3700989,,,
CHEK1,REAC:R-HSA-3700989,,,
TTC5,REAC:R-HSA-3700989,,,
AGO1,REAC:R-HSA-3700989,,,
YWHAQ,REAC:R-HSA-3700989,,,
SOCS6,REAC:R-HSA-3700989,,,
LAMTOR3,REAC:R-HSA-3700989,,,
ACP6,REAC:R-HSA-3700989,,,
SSBP2,REAC:R-HSA-3700989,,,
NR6A1,REAC:R-HSA-3700989,,,
RNF144B,REAC:R-HSA-3700989,,,
TFCP2L1,REAC:R-HSA-3700989,,,
USP28,REAC:R-HSA-3700989,,,
RLIM,REAC:R-HSA-3700989,,,
CSNK1G1,REAC:R-HSA-3700989,,,
PDCD4,REAC:R-HSA-3700989,,,
MSMO1,REAC:R-HSA-3700989,,,
TFAP2B,REAC:R-HSA-3700989,,,
C1orf21,REAC:R-HSA-3700989,,,
NUP43,REAC:R-HSA-3700989,,,
PPM1H,REAC:R-HSA-3700989,,,
BEST1,REAC:R-HSA-3700989,,,
TBP,REAC:R-HSA-3700989,,,
GRAMD1B,REAC:R-HSA-3700989,,,
TSN,REAC:R-HSA-3700989,,,
KCNJ15,REAC:R-HSA-3700989,,,
YOD1,REAC:R-HSA-3700989,,,
DDIAS,REAC:R-HSA-3700989,,,
DR1,REAC:R-HSA-3700989,,,
EMP2,REAC:R-HSA-3700989,,,
NCKAP5,REAC:R-HSA-3700989,,,
DLG2,REAC:R-HSA-3700989,,,
SLC25A22,REAC:R-HSA-3700989,,,
SEPTIN8,REAC:R-HSA-3700989,,,
MON2,REAC:R-HSA-3700989,,,
SLC30A1,REAC:R-HSA-3700989,,,
TNIK,REAC:R-HSA-3700989,,,
EFS,REAC:R-HSA-3700989,,,
MYO1D,REAC:R-HSA-3700989,,,
SPOCK1,REAC:R-HSA-3700989,,,
MAPK6,REAC:R-HSA-3700989,,,
EGR3,REAC:R-HSA-3700989,,,
BBC3,REAC:R-HSA-3700989,,,
OSBP2,REAC:R-HSA-3700989,,,
UNC13B,REAC:R-HSA-3700989,,,
PRDM16,REAC:R-HSA-3700989,,,
FIGN,REAC:R-HSA-3700989,,,
KSR1,REAC:R-HSA-3700989,,,
ZBTB12,REAC:R-HSA-3700989,,,
PDE3B,REAC:R-HSA-3700989,,,
THAP11,REAC:R-HSA-3700989,,,
KCTD1,REAC:R-HSA-3700989,,,
KLF7,REAC:R-HSA-3700989,,,
CPD,REAC:R-HSA-3700989,,,
KLHL15,REAC:R-HSA-3700989,,,
CDH3,REAC:R-HSA-3700989,,,
ERGIC2,REAC:R-HSA-3700989,,,
MRS2,REAC:R-HSA-3700989,,,
EML1,REAC:R-HSA-3700989,,,
RGS7,REAC:R-HSA-3700989,,,
EBF3,REAC:R-HSA-3700989,,,
KIF3C,REAC:R-HSA-3700989,,,
ELAPOR1,REAC:R-HSA-3700989,,,
RASA1,REAC:R-HSA-3700989,,,
NDST1,REAC:R-HSA-3700989,,,
HIPK2,REAC:R-HSA-3700989,,,
ZSCAN12,REAC:R-HSA-3700989,,,
ZFYVE26,REAC:R-HSA-3700989,,,
MAF,REAC:R-HSA-3700989,,,
CCND1,REAC:R-HSA-3700989,,,
STYX,REAC:R-HSA-3700989,,,
MVB12B,REAC:R-HSA-3700989,,,
LRRC8C,REAC:R-HSA-3700989,,,
KDR,REAC:R-HSA-3700989,,,
GNAI1,REAC:R-HSA-112315,,,
CDC23,REAC:R-HSA-112315,,,
SSBP2,REAC:R-HSA-112315,,,
LDLRAD3,REAC:R-HSA-112315,,,
ZBTB6,REAC:R-HSA-112315,,,
MAP3K9,REAC:R-HSA-112315,,,
PPM1K,REAC:R-HSA-112315,,,
VGLL4,REAC:R-HSA-112315,,,
SMS,REAC:R-HSA-112315,,,
RPS6KA6,REAC:R-HSA-112315,,,
C9orf64,REAC:R-HSA-112315,,,
SPTLC1,REAC:R-HSA-112315,,,
TIMP3,REAC:R-HSA-112315,,,
HECTD2,REAC:R-HSA-112315,,,
LHX4,REAC:R-HSA-112315,,,
FAHD2A,REAC:R-HSA-112315,,,
TENT5C,REAC:R-HSA-112315,,,
PRKCE,REAC:R-HSA-112315,,,
TSN,REAC:R-HSA-112315,,,
SETD6,REAC:R-HSA-112315,,,
ATAD2,REAC:R-HSA-112315,,,
ABHD2,REAC:R-HSA-112315,,,
ADCY2,REAC:R-HSA-112315,,,
IKBKB,REAC:R-HSA-112315,,,
DR1,REAC:R-HSA-112315,,,
NCS1,REAC:R-HSA-112315,,,
ASB4,REAC:R-HSA-112315,,,
POU5F1B,REAC:R-HSA-112315,,,
ARAP2,REAC:R-HSA-112315,,,
DPP8,REAC:R-HSA-112315,,,
DUSP8,REAC:R-HSA-112315,,,
FAM199X,REAC:R-HSA-112315,,,
PLA2G2C,REAC:R-HSA-112315,,,
MRTFB,REAC:R-HSA-112315,,,
EIF5B,REAC:R-HSA-112315,,,
ARL5A,REAC:R-HSA-112315,,,
ATXN1,REAC:R-HSA-112315,,,
HIF1AN,REAC:R-HSA-112315,,,
KHNYN,REAC:R-HSA-112315,,,
TNFAIP8,REAC:R-HSA-112315,,,
KLF7,REAC:R-HSA-112315,,,
CHPT1,REAC:R-HSA-112315,,,
TIMM17A,REAC:R-HSA-112315,,,
MTMR1,REAC:R-HSA-112315,,,
VLDLR,REAC:R-HSA-112315,,,
POLR1A,REAC:R-HSA-112315,,,
RAP1B,REAC:R-HSA-112315,,,
SUFU,REAC:R-HSA-112315,,,
EML4,REAC:R-HSA-112315,,,
TEAD3,REAC:R-HSA-112315,,,
EXT2,REAC:R-HSA-112315,,,
PDPR,REAC:R-HSA-112315,,,
SESN3,REAC:R-HSA-112315,,,
LIPH,REAC:R-HSA-112315,,,
BHLHE41,REAC:R-HSA-112315,,,
TMEM38A,REAC:R-HSA-112315,,,
CHI3L1,REAC:R-HSA-112315,,,
CDKL2,REAC:R-HSA-112315,,,
GABRA3,REAC:R-HSA-112315,,,
SSBP2,REAC:R-HSA-442742,,,
LDLRAD3,REAC:R-HSA-442742,,,
SMS,REAC:R-HSA-442742,,,
TIMP3,REAC:R-HSA-442742,,,
LHX4,REAC:R-HSA-442742,,,
FAHD2A,REAC:R-HSA-442742,,,
TENT5C,REAC:R-HSA-442742,,,
ATAD2,REAC:R-HSA-442742,,,
ARAP2,REAC:R-HSA-442742,,,
DUSP8,REAC:R-HSA-442742,,,
RAP1B,REAC:R-HSA-442742,,,
AGO1,REAC:R-HSA-9839394,,,
PGRMC2,REAC:R-HSA-9839394,,,
ZXDA,REAC:R-HSA-9839394,,,
BAK1,REAC:R-HSA-9839394,,,
SLC30A1,REAC:R-HSA-9839394,,,
UNC13B,REAC:R-HSA-9839394,,,
ZNF48,REAC:R-HSA-9839394,,,
PRDM16,REAC:R-HSA-9839394,,,
MRS2,REAC:R-HSA-9839394,,,
NUP133,REAC:R-HSA-9839394,,,
BTG1,REAC:R-HSA-9839394,,,
NRP1,REAC:R-HSA-194306,,,
CDC25A,REAC:R-HSA-194306,,,
STK40,REAC:R-HSA-194306,,,
THRB,REAC:R-HSA-194306,,,
MAX,REAC:R-HSA-1362277,,,
E2F5,REAC:R-HSA-1362277,,,
VTI1B,REAC:R-HSA-1362277,,,
TRAPPC8,REAC:R-HSA-1362277,,,
EFS,REAC:R-HSA-1362277,,,
PDE3B,REAC:R-HSA-1362277,,,
CCND1,REAC:R-HSA-1362277,,,
MVB12B,REAC:R-HSA-1362277,,,
FAM174B,REAC:R-HSA-1362277,,,
NRP1,REAC:R-HSA-373760,,,
ITGA10,REAC:R-HSA-373760,,,
FOXN2,REAC:R-HSA-373760,,,
LDLRAD3,REAC:R-HSA-373760,,,
TVP23B,REAC:R-HSA-373760,,,
G3BP1,REAC:R-HSA-373760,,,
GRK3,REAC:R-HSA-373760,,,
AMMECR1,REAC:R-HSA-373760,,,
SMS,REAC:R-HSA-373760,,,
UBN2,REAC:R-HSA-373760,,,
GINS1,REAC:R-HSA-373760,,,
SLC39A6,REAC:R-HSA-373760,,,
AKAP12,REAC:R-HSA-373760,,,
BCL7C,REAC:R-HSA-373760,,,
TENT5C,REAC:R-HSA-373760,,,
CDC25A,REAC:R-HSA-373760,,,
NCKAP5,REAC:R-HSA-373760,,,
DDI2,REAC:R-HSA-373760,,,
TOP1,REAC:R-HSA-373760,,,
LRP2,REAC:R-HSA-373760,,,
JPT1,REAC:R-HSA-373760,,,
PKN2,REAC:R-HSA-373760,,,
FAM126B,REAC:R-HSA-373760,,,
KIAA1614,REAC:R-HSA-373760,,,
RICTOR,REAC:R-HSA-373760,,,
PIK3CB,REAC:R-HSA-373760,,,
TNFAIP8,REAC:R-HSA-373760,,,
RAB9B,REAC:R-HSA-373760,,,
DHRS13,REAC:R-HSA-373760,,,
DMXL1,REAC:R-HSA-373760,,,
DDX19A,REAC:R-HSA-373760,,,
GNAQ,REAC:R-HSA-373760,,,
TGIF1,REAC:R-HSA-2173795,,,
LDLRAD3,REAC:R-HSA-2173795,,,
RALGPS1,REAC:R-HSA-2173795,,,
SCN2B,REAC:R-HSA-2173795,,,
TNFRSF19,REAC:R-HSA-2173795,,,
INSIG2,REAC:R-HSA-2173795,,,
NSG1,REAC:R-HSA-2173795,,,
HPS5,REAC:R-HSA-2173795,,,
RAPH1,REAC:R-HSA-2173795,,,
BEGAIN,REAC:R-HSA-2173795,,,
ANKH,REAC:R-HSA-2173795,,,
TRAK1,REAC:R-HSA-2173795,,,
TP53,REAC:R-HSA-6806003,,,
MDM4,REAC:R-HSA-6806003,,,
ACP6,REAC:R-HSA-6806003,,,
SSBP2,REAC:R-HSA-6806003,,,
TFCP2L1,REAC:R-HSA-6806003,,,
MSMO1,REAC:R-HSA-6806003,,,
DDIAS,REAC:R-HSA-6806003,,,
TNIK,REAC:R-HSA-6806003,,,
FIGN,REAC:R-HSA-6806003,,,
ZBTB12,REAC:R-HSA-6806003,,,
RGS7,REAC:R-HSA-6806003,,,
EBF3,REAC:R-HSA-6806003,,,
ELAPOR1,REAC:R-HSA-6806003,,,
HIPK2,REAC:R-HSA-6806003,,,
TP53,REAC:R-HSA-2559585,,,
MDM4,REAC:R-HSA-2559585,,,
AGO1,REAC:R-HSA-2559585,,,
LDLRAD3,REAC:R-HSA-2559585,,,
SEMA3A,REAC:R-HSA-2559585,,,
RSBN1L,REAC:R-HSA-2559585,,,
SLC30A1,REAC:R-HSA-2559585,,,
UNC13B,REAC:R-HSA-2559585,,,
PRDM16,REAC:R-HSA-2559585,,,
MRS2,REAC:R-HSA-2559585,,,
ELN,REAC:R-HSA-2559585,,,
GPR63,REAC:R-HSA-2559585,,,
CCND1,REAC:R-HSA-2559585,,,
RUNX1,REAC:R-HSA-8951936,,,
CDC40,REAC:R-HSA-8951936,,,
AEBP2,REAC:R-HSA-8951936,,,
SNAI1,REAC:R-HSA-8951936,,,
PRPF4B,REAC:R-HSA-8951936,,,
COG5,REAC:R-HSA-8951936,,,
AGO1,REAC:R-HSA-9759811,,,
KDSR,REAC:R-HSA-9759811,,,
SLC30A1,REAC:R-HSA-9759811,,,
UNC13B,REAC:R-HSA-9759811,,,
PRDM16,REAC:R-HSA-9759811,,,
MRS2,REAC:R-HSA-9759811,,,
AGO1,REAC:R-HSA-9768778,,,
SLC30A1,REAC:R-HSA-9768778,,,
ESRP2,REAC:R-HSA-9768778,,,
UNC13B,REAC:R-HSA-9768778,,,
PRDM16,REAC:R-HSA-9768778,,,
MRS2,REAC:R-HSA-9768778,,,
TP53,REAC:R-HSA-8943724,,,
MTA3,REAC:R-HSA-8943724,,,
SOCS6,REAC:R-HSA-8943724,,,
NR6A1,REAC:R-HSA-8943724,,,
LDLRAD3,REAC:R-HSA-8943724,,,
NUP43,REAC:R-HSA-8943724,,,
TBP,REAC:R-HSA-8943724,,,
HMGCS1,REAC:R-HSA-8943724,,,
RGS17,REAC:R-HSA-8943724,,,
KSR1,REAC:R-HSA-8943724,,,
PDE3B,REAC:R-HSA-8943724,,,
TRPM6,REAC:R-HSA-8943724,,,
CPD,REAC:R-HSA-8943724,,,
CDH3,REAC:R-HSA-8943724,,,
RASAL2,REAC:R-HSA-8943724,,,
FNIP2,REAC:R-HSA-8943724,,,
PAWR,REAC:R-HSA-8943724,,,
STX5,REAC:R-HSA-8943724,,,
KCND1,REAC:R-HSA-8943724,,,
TRIM24,REAC:R-HSA-6802952,,,
QKI,REAC:R-HSA-6802952,,,
KIAA1549,REAC:R-HSA-6802952,,,
LDLRAD3,REAC:R-HSA-6802952,,,
CDCA3,REAC:R-HSA-6802952,,,
TIMP3,REAC:R-HSA-6802952,,,
ATAD2,REAC:R-HSA-6802952,,,
DDI2,REAC:R-HSA-6802952,,,
IPMK,REAC:R-HSA-6802952,,,
LRP2,REAC:R-HSA-6802952,,,
NFATC2IP,REAC:R-HSA-6802952,,,
MSL1,REAC:R-HSA-6802952,,,
UBLCP1,REAC:R-HSA-6802952,,,
KIAA1614,REAC:R-HSA-6802952,,,
DBT,REAC:R-HSA-6802952,,,
ZFHX4,REAC:R-HSA-6802952,,,
RAP1B,REAC:R-HSA-6802952,,,
TMED9,REAC:R-HSA-6802952,,,
STEAP3,REAC:R-HSA-6802952,,,
IVD,REAC:R-HSA-6802952,,,
PAK4,REAC:R-HSA-9013409,,,
TRUB1,REAC:R-HSA-9013409,,,
ZFP3,REAC:R-HSA-9013409,,,
RNF4,REAC:R-HSA-9013409,,,
H2AZ2,REAC:R-HSA-9013409,,,
UEVLD,REAC:R-HSA-9013409,,,
STK24,REAC:R-HSA-9013409,,,
CLCN3,REAC:R-HSA-9013409,,,
AP3M1,REAC:R-HSA-9013409,,,
PIK3R3,REAC:R-HSA-9013409,,,
SERAC1,REAC:R-HSA-9013409,,,
RAPGEF5,REAC:R-HSA-9013409,,,
UBE3C,REAC:R-HSA-9013409,,,
SSR1,REAC:R-HSA-9013409,,,
FBXL19,REAC:R-HSA-9013409,,,
LRRC8C,REAC:R-HSA-9013409,,,
MAD2L1,REAC:R-HSA-9013409,,,
SH3PXD2A,REAC:R-HSA-9013409,,,
ZEB2,REAC:R-HSA-9764260,,,
HOXC8,REAC:R-HSA-9764260,,,
AGO1,REAC:R-HSA-9764260,,,
KDSR,REAC:R-HSA-9764260,,,
SLC30A1,REAC:R-HSA-9764260,,,
UNC13B,REAC:R-HSA-9764260,,,
PRDM16,REAC:R-HSA-9764260,,,
MRS2,REAC:R-HSA-9764260,,,
FAR1,REAC:R-HSA-9764260,,,
FNIP2,REAC:R-HSA-9764260,,,
TTBK2,REAC:R-HSA-9764260,,,
PACRGL,REAC:R-HSA-9764260,,,
TGIF1,REAC:R-HSA-170834,,,
E2F5,REAC:R-HSA-170834,,,
LDLRAD3,REAC:R-HSA-170834,,,
RALGPS1,REAC:R-HSA-170834,,,
PDCD4,REAC:R-HSA-170834,,,
SCN2B,REAC:R-HSA-170834,,,
IGF1,REAC:R-HSA-170834,,,
DCX,REAC:R-HSA-170834,,,
INO80D,REAC:R-HSA-170834,,,
TNFRSF19,REAC:R-HSA-170834,,,
INSIG2,REAC:R-HSA-170834,,,
EIF1AX,REAC:R-HSA-170834,,,
NSG1,REAC:R-HSA-170834,,,
HPS5,REAC:R-HSA-170834,,,
SEPTIN8,REAC:R-HSA-170834,,,
RAPH1,REAC:R-HSA-170834,,,
EFS,REAC:R-HSA-170834,,,
LRP2,REAC:R-HSA-170834,,,
BEGAIN,REAC:R-HSA-170834,,,
LRCH1,REAC:R-HSA-170834,,,
KCNJ11,REAC:R-HSA-170834,,,
SCAMP5,REAC:R-HSA-170834,,,
ANKH,REAC:R-HSA-170834,,,
CCND1,REAC:R-HSA-170834,,,
BTG1,REAC:R-HSA-170834,,,
TRAK1,REAC:R-HSA-170834,,,
ZEB2,REAC:R-HSA-9759476,,,
HOXC8,REAC:R-HSA-9759476,,,
AGO1,REAC:R-HSA-9759476,,,
KDSR,REAC:R-HSA-9759476,,,
SLC30A1,REAC:R-HSA-9759476,,,
UNC13B,REAC:R-HSA-9759476,,,
PRDM16,REAC:R-HSA-9759476,,,
MRS2,REAC:R-HSA-9759476,,,
FAR1,REAC:R-HSA-9759476,,,
FNIP2,REAC:R-HSA-9759476,,,
TTBK2,REAC:R-HSA-9759476,,,
PACRGL,REAC:R-HSA-9759476,,,
RPA1,REAC:R-HSA-212436,,,
ZNF740,REAC:R-HSA-212436,,,
PLXNA4,REAC:R-HSA-212436,,,
TP53,REAC:R-HSA-212436,,,
YWHAG,REAC:R-HSA-212436,,,
MDM4,REAC:R-HSA-212436,,,
SMARCA4,REAC:R-HSA-212436,,,
CHEK1,REAC:R-HSA-212436,,,
RUNX1,REAC:R-HSA-212436,,,
SKP1,REAC:R-HSA-212436,,,
SMARCD1,REAC:R-HSA-212436,,,
TTC5,REAC:R-HSA-212436,,,
NFYA,REAC:R-HSA-212436,,,
ZNF710,REAC:R-HSA-212436,,,
UBE2I,REAC:R-HSA-212436,,,
ANAPC15,REAC:R-HSA-212436,,,
TGIF1,REAC:R-HSA-212436,,,
OCLN,REAC:R-HSA-212436,,,
AGO1,REAC:R-HSA-212436,,,
H3-3B,REAC:R-HSA-212436,,,
SMARCC1,REAC:R-HSA-212436,,,
MAX,REAC:R-HSA-212436,,,
KCTD15,REAC:R-HSA-212436,,,
E2F5,REAC:R-HSA-212436,,,
CBX5,REAC:R-HSA-212436,,,
YWHAQ,REAC:R-HSA-212436,,,
SOCS6,REAC:R-HSA-212436,,,
LAMTOR3,REAC:R-HSA-212436,,,
IKZF3,REAC:R-HSA-212436,,,
FUT9,REAC:R-HSA-212436,,,
DEUP1,REAC:R-HSA-212436,,,
ACP6,REAC:R-HSA-212436,,,
PGRMC2,REAC:R-HSA-212436,,,
SSBP2,REAC:R-HSA-212436,,,
NR6A1,REAC:R-HSA-212436,,,
TPM4,REAC:R-HSA-212436,,,
LDLRAD3,REAC:R-HSA-212436,,,
NEURL1B,REAC:R-HSA-212436,,,
ZXDA,REAC:R-HSA-212436,,,
SCOC,REAC:R-HSA-212436,,,
RNF144B,REAC:R-HSA-212436,,,
FOXP1,REAC:R-HSA-212436,,,
RALGPS1,REAC:R-HSA-212436,,,
SAMD8,REAC:R-HSA-212436,,,
CDCA3,REAC:R-HSA-212436,,,
TFCP2L1,REAC:R-HSA-212436,,,
USP28,REAC:R-HSA-212436,,,
WDR82,REAC:R-HSA-212436,,,
RABEP1,REAC:R-HSA-212436,,,
RLIM,REAC:R-HSA-212436,,,
SCD,REAC:R-HSA-212436,,,
CSNK1G1,REAC:R-HSA-212436,,,
PDCD4,REAC:R-HSA-212436,,,
MSMO1,REAC:R-HSA-212436,,,
HBEGF,REAC:R-HSA-212436,,,
SCN2B,REAC:R-HSA-212436,,,
TOM1L2,REAC:R-HSA-212436,,,
TIMP3,REAC:R-HSA-212436,,,
NAA15,REAC:R-HSA-212436,,,
TFAP2B,REAC:R-HSA-212436,,,
C1orf21,REAC:R-HSA-212436,,,
CDC40,REAC:R-HSA-212436,,,
NUP43,REAC:R-HSA-212436,,,
PPM1H,REAC:R-HSA-212436,,,
MASTL,REAC:R-HSA-212436,,,
BEST1,REAC:R-HSA-212436,,,
TBP,REAC:R-HSA-212436,,,
FNBP4,REAC:R-HSA-212436,,,
ETNK2,REAC:R-HSA-212436,,,
GRAMD1B,REAC:R-HSA-212436,,,
TSN,REAC:R-HSA-212436,,,
DICER1,REAC:R-HSA-212436,,,
TNFRSF19,REAC:R-HSA-212436,,,
ODF2L,REAC:R-HSA-212436,,,
MYO18A,REAC:R-HSA-212436,,,
KCNJ15,REAC:R-HSA-212436,,,
TRIM5,REAC:R-HSA-212436,,,
TSPAN5,REAC:R-HSA-212436,,,
ATAD2,REAC:R-HSA-212436,,,
YOD1,REAC:R-HSA-212436,,,
HMGCS1,REAC:R-HSA-212436,,,
PON2,REAC:R-HSA-212436,,,
MKRN1,REAC:R-HSA-212436,,,
SRPK1,REAC:R-HSA-212436,,,
SLC25A15,REAC:R-HSA-212436,,,
DDIAS,REAC:R-HSA-212436,,,
ZNRF3,REAC:R-HSA-212436,,,
DR1,REAC:R-HSA-212436,,,
GNAI3,REAC:R-HSA-212436,,,
EMP2,REAC:R-HSA-212436,,,
INSIG2,REAC:R-HSA-212436,,,
NCKAP5,REAC:R-HSA-212436,,,
NSG1,REAC:R-HSA-212436,,,
NCMAP,REAC:R-HSA-212436,,,
CDK17,REAC:R-HSA-212436,,,
DLG2,REAC:R-HSA-212436,,,
HPS5,REAC:R-HSA-212436,,,
AEBP2,REAC:R-HSA-212436,,,
FDXR,REAC:R-HSA-212436,,,
SLC25A22,REAC:R-HSA-212436,,,
SEPTIN8,REAC:R-HSA-212436,,,
KCNK6,REAC:R-HSA-212436,,,
NXT2,REAC:R-HSA-212436,,,
BICD1,REAC:R-HSA-212436,,,
MON2,REAC:R-HSA-212436,,,
RAPH1,REAC:R-HSA-212436,,,
GAB1,REAC:R-HSA-212436,,,
SLC30A1,REAC:R-HSA-212436,,,
SATB2,REAC:R-HSA-212436,,,
TNIK,REAC:R-HSA-212436,,,
TMED4,REAC:R-HSA-212436,,,
EFS,REAC:R-HSA-212436,,,
ESRP2,REAC:R-HSA-212436,,,
CELF1,REAC:R-HSA-212436,,,
RGS17,REAC:R-HSA-212436,,,
PHC3,REAC:R-HSA-212436,,,
GNA11,REAC:R-HSA-212436,,,
DUSP8,REAC:R-HSA-212436,,,
MYO1D,REAC:R-HSA-212436,,,
CDYL,REAC:R-HSA-212436,,,
SPOCK1,REAC:R-HSA-212436,,,
MAPK6,REAC:R-HSA-212436,,,
EGR3,REAC:R-HSA-212436,,,
B3GALT5,REAC:R-HSA-212436,,,
BBC3,REAC:R-HSA-212436,,,
ZNF507,REAC:R-HSA-212436,,,
TMC7,REAC:R-HSA-212436,,,
VMP1,REAC:R-HSA-212436,,,
OSBP2,REAC:R-HSA-212436,,,
UNC13B,REAC:R-HSA-212436,,,
ARHGEF26,REAC:R-HSA-212436,,,
PRDM16,REAC:R-HSA-212436,,,
PLEKHA7,REAC:R-HSA-212436,,,
FREM2,REAC:R-HSA-212436,,,
FIGN,REAC:R-HSA-212436,,,
KSR1,REAC:R-HSA-212436,,,
ZSCAN25,REAC:R-HSA-212436,,,
ZBTB12,REAC:R-HSA-212436,,,
PDE3B,REAC:R-HSA-212436,,,
TRPM6,REAC:R-HSA-212436,,,
THAP11,REAC:R-HSA-212436,,,
RAB4A,REAC:R-HSA-212436,,,
OLR1,REAC:R-HSA-212436,,,
FBXW4,REAC:R-HSA-212436,,,
CBX3,REAC:R-HSA-212436,,,
KCTD1,REAC:R-HSA-212436,,,
LMNB1,REAC:R-HSA-212436,,,
DCTN5,REAC:R-HSA-212436,,,
PRLR,REAC:R-HSA-212436,,,
PID1,REAC:R-HSA-212436,,,
KLF7,REAC:R-HSA-212436,,,
CPD,REAC:R-HSA-212436,,,
RNF217,REAC:R-HSA-212436,,,
BEGAIN,REAC:R-HSA-212436,,,
USP9X,REAC:R-HSA-212436,,,
KLHL15,REAC:R-HSA-212436,,,
VXN,REAC:R-HSA-212436,,,
PDZD4,REAC:R-HSA-212436,,,
CENPO,REAC:R-HSA-212436,,,
CDH3,REAC:R-HSA-212436,,,
KCNJ11,REAC:R-HSA-212436,,,
ERGIC2,REAC:R-HSA-212436,,,
TIMM17A,REAC:R-HSA-212436,,,
IRS1,REAC:R-HSA-212436,,,
CNN1,REAC:R-HSA-212436,,,
SLF2,REAC:R-HSA-212436,,,
MRS2,REAC:R-HSA-212436,,,
DDX6,REAC:R-HSA-212436,,,
EML1,REAC:R-HSA-212436,,,
C6orf89,REAC:R-HSA-212436,,,
SNAI1,REAC:R-HSA-212436,,,
BMPER,REAC:R-HSA-212436,,,
PTPN9,REAC:R-HSA-212436,,,
PRPF4B,REAC:R-HSA-212436,,,
NHS,REAC:R-HSA-212436,,,
ADCY5,REAC:R-HSA-212436,,,
NRXN1,REAC:R-HSA-212436,,,
RGS7,REAC:R-HSA-212436,,,
EBF3,REAC:R-HSA-212436,,,
LCMT2,REAC:R-HSA-212436,,,
ANKH,REAC:R-HSA-212436,,,
KIF3C,REAC:R-HSA-212436,,,
NFIX,REAC:R-HSA-212436,,,
TMOD2,REAC:R-HSA-212436,,,
ELAPOR1,REAC:R-HSA-212436,,,
SOCS4,REAC:R-HSA-212436,,,
SLC25A27,REAC:R-HSA-212436,,,
RAB18,REAC:R-HSA-212436,,,
SUSD6,REAC:R-HSA-212436,,,
RASA1,REAC:R-HSA-212436,,,
NDST1,REAC:R-HSA-212436,,,
GGA3,REAC:R-HSA-212436,,,
ZNF217,REAC:R-HSA-212436,,,
HIPK2,REAC:R-HSA-212436,,,
EPN1,REAC:R-HSA-212436,,,
ELN,REAC:R-HSA-212436,,,
ZSCAN12,REAC:R-HSA-212436,,,
RARB,REAC:R-HSA-212436,,,
CASP10,REAC:R-HSA-212436,,,
PPP3R1,REAC:R-HSA-212436,,,
STX5,REAC:R-HSA-212436,,,
TNKS,REAC:R-HSA-212436,,,
ZFYVE26,REAC:R-HSA-212436,,,
COG5,REAC:R-HSA-212436,,,
MAF,REAC:R-HSA-212436,,,
TMTC3,REAC:R-HSA-212436,,,
CCND1,REAC:R-HSA-212436,,,
STYX,REAC:R-HSA-212436,,,
NUP133,REAC:R-HSA-212436,,,
RANBP3,REAC:R-HSA-212436,,,
HCAR3,REAC:R-HSA-212436,,,
MVB12B,REAC:R-HSA-212436,,,
LRRC8C,REAC:R-HSA-212436,,,
TNFSF10,REAC:R-HSA-212436,,,
STT3A,REAC:R-HSA-212436,,,
KDR,REAC:R-HSA-212436,,,
WNT7B,REAC:R-HSA-212436,,,
KCND1,REAC:R-HSA-212436,,,
RBFOX2,REAC:R-HSA-212436,,,
RASGEF1A,REAC:R-HSA-212436,,,
TRAK1,REAC:R-HSA-212436,,,
UBXN7,REAC:R-HSA-212436,,,
SLC26A9,REAC:R-HSA-212436,,,
TP53,REAC:R-HSA-6804760,,,
MDM4,REAC:R-HSA-6804760,,,
TTC5,REAC:R-HSA-6804760,,,
SLC25A22,REAC:R-HSA-6804760,,,
MYO1D,REAC:R-HSA-6804760,,,
SPOCK1,REAC:R-HSA-6804760,,,
FIGN,REAC:R-HSA-6804760,,,
NDST1,REAC:R-HSA-6804760,,,
HIPK2,REAC:R-HSA-6804760,,,
GNAI1,REAC:R-HSA-112314,,,
CDC23,REAC:R-HSA-112314,,,
SSBP2,REAC:R-HSA-112314,,,
LDLRAD3,REAC:R-HSA-112314,,,
ZBTB6,REAC:R-HSA-112314,,,
PPM1K,REAC:R-HSA-112314,,,
SMS,REAC:R-HSA-112314,,,
RPS6KA6,REAC:R-HSA-112314,,,
C9orf64,REAC:R-HSA-112314,,,
SPTLC1,REAC:R-HSA-112314,,,
TIMP3,REAC:R-HSA-112314,,,
HECTD2,REAC:R-HSA-112314,,,
LHX4,REAC:R-HSA-112314,,,
FAHD2A,REAC:R-HSA-112314,,,
TENT5C,REAC:R-HSA-112314,,,
PRKCE,REAC:R-HSA-112314,,,
TSN,REAC:R-HSA-112314,,,
SETD6,REAC:R-HSA-112314,,,
ATAD2,REAC:R-HSA-112314,,,
ABHD2,REAC:R-HSA-112314,,,
ADCY2,REAC:R-HSA-112314,,,
IKBKB,REAC:R-HSA-112314,,,
DR1,REAC:R-HSA-112314,,,
NCS1,REAC:R-HSA-112314,,,
ASB4,REAC:R-HSA-112314,,,
POU5F1B,REAC:R-HSA-112314,,,
ARAP2,REAC:R-HSA-112314,,,
DPP8,REAC:R-HSA-112314,,,
DUSP8,REAC:R-HSA-112314,,,
PLA2G2C,REAC:R-HSA-112314,,,
EIF5B,REAC:R-HSA-112314,,,
KHNYN,REAC:R-HSA-112314,,,
CHPT1,REAC:R-HSA-112314,,,
TIMM17A,REAC:R-HSA-112314,,,
MTMR1,REAC:R-HSA-112314,,,
RAP1B,REAC:R-HSA-112314,,,
EML4,REAC:R-HSA-112314,,,
EXT2,REAC:R-HSA-112314,,,
PDPR,REAC:R-HSA-112314,,,
SESN3,REAC:R-HSA-112314,,,
LIPH,REAC:R-HSA-112314,,,
BHLHE41,REAC:R-HSA-112314,,,
TMEM38A,REAC:R-HSA-112314,,,
CHI3L1,REAC:R-HSA-112314,,,
CDKL2,REAC:R-HSA-112314,,,
GABRA3,REAC:R-HSA-112314,,,
GHR,REAC:R-HSA-982772,,,
LDLRAD3,REAC:R-HSA-982772,,,
ANK3,REAC:R-HSA-982772,,,
FDXR,REAC:R-HSA-982772,,,
TMEM248,REAC:R-HSA-982772,,,
BACH2,REAC:R-HSA-982772,,,
AAMP,REAC:R-HSA-982772,,,
PTAR1,REAC:R-HSA-982772,,,
ARHGEF17,REAC:R-HSA-982772,,,
TRIQK,REAC:R-HSA-982772,,,
ZEB2,REAC:R-HSA-9759475,,,
HOXC8,REAC:R-HSA-9759475,,,
AGO1,REAC:R-HSA-9759475,,,
KDSR,REAC:R-HSA-9759475,,,
SLC30A1,REAC:R-HSA-9759475,,,
UNC13B,REAC:R-HSA-9759475,,,
PRDM16,REAC:R-HSA-9759475,,,
MRS2,REAC:R-HSA-9759475,,,
FAR1,REAC:R-HSA-9759475,,,
FNIP2,REAC:R-HSA-9759475,,,
TTBK2,REAC:R-HSA-9759475,,,
YWHAG,REAC:R-HSA-75035,,,
CHEK1,REAC:R-HSA-75035,,,
YWHAQ,REAC:R-HSA-75035,,,
DLG2,REAC:R-HSA-75035,,,
PTPRA,REAC:R-HSA-75035,,,
ELAPOR1,REAC:R-HSA-75035,,,
HIPK2,REAC:R-HSA-75035,,,
TP53,REAC:R-HSA-168142,,,
SKP1,REAC:R-HSA-168142,,,
MAPK8,REAC:R-HSA-168142,,,
LDLRAD3,REAC:R-HSA-168142,,,
G3BP1,REAC:R-HSA-168142,,,
USP28,REAC:R-HSA-168142,,,
TRMT13,REAC:R-HSA-168142,,,
RTN4,REAC:R-HSA-168142,,,
TBP,REAC:R-HSA-168142,,,
E2F3,REAC:R-HSA-168142,,,
DDIAS,REAC:R-HSA-168142,,,
OTUD3,REAC:R-HSA-168142,,,
TBX4,REAC:R-HSA-168142,,,
FOXL1,REAC:R-HSA-168142,,,
PIP5KL1,REAC:R-HSA-168142,,,
SRD5A3,REAC:R-HSA-168142,,,
LEF1,REAC:R-HSA-168142,,,
KDM5A,REAC:R-HSA-168142,,,
KCTD1,REAC:R-HSA-168142,,,
PRLR,REAC:R-HSA-168142,,,
SMOC2,REAC:R-HSA-168142,,,
PGPEP1,REAC:R-HSA-168142,,,
ATP6V1C1,REAC:R-HSA-168142,,,
EBF3,REAC:R-HSA-168142,,,
LIMD1,REAC:R-HSA-168142,,,
WNT7B,REAC:R-HSA-168142,,,
RAB5B,REAC:R-HSA-9007101,,,
DENND2B,REAC:R-HSA-9007101,,,
GDI2,REAC:R-HSA-9007101,,,
ZZZ3,REAC:R-HSA-9007101,,,
IPO9,REAC:R-HSA-9007101,,,
LAMA4,REAC:R-HSA-9007101,,,
TASP1,REAC:R-HSA-9007101,,,
NEDD4L,REAC:R-HSA-9007101,,,
SLC30A9,REAC:R-HSA-9007101,,,
OTUD4,REAC:R-HSA-9007101,,,
DOK7,REAC:R-HSA-9007101,,,
GMCL1,REAC:R-HSA-9007101,,,
FITM2,REAC:R-HSA-9007101,,,
MACC1,REAC:R-HSA-9007101,,,
AMMECR1L,REAC:R-HSA-9007101,,,
TTPAL,REAC:R-HSA-9007101,,,
PAK3,REAC:R-HSA-9007101,,,
CLINT1,REAC:R-HSA-9007101,,,
UBE2J1,REAC:R-HSA-9007101,,,
PTP4A1,REAC:R-HSA-9007101,,,
KYAT3,REAC:R-HSA-9007101,,,
KLF10,REAC:R-HSA-9007101,,,
PAX5,REAC:R-HSA-9007101,,,
PARP6,REAC:R-HSA-9007101,,,
MYO6,REAC:R-HSA-9007101,,,
DYRK2,REAC:R-HSA-9007101,,,
GNPNAT1,REAC:R-HSA-9007101,,,
ZRANB2,REAC:R-HSA-9007101,,,
RAD54L2,REAC:R-HSA-9007101,,,
BTBD9,REAC:R-HSA-9007101,,,
ATP8B2,REAC:R-HSA-9007101,,,
TP53,REAC:R-HSA-975871,,,
SKP1,REAC:R-HSA-975871,,,
MAPK8,REAC:R-HSA-975871,,,
LDLRAD3,REAC:R-HSA-975871,,,
G3BP1,REAC:R-HSA-975871,,,
USP28,REAC:R-HSA-975871,,,
TRMT13,REAC:R-HSA-975871,,,
RTN4,REAC:R-HSA-975871,,,
TBP,REAC:R-HSA-975871,,,
E2F3,REAC:R-HSA-975871,,,
DDIAS,REAC:R-HSA-975871,,,
OTUD3,REAC:R-HSA-975871,,,
TBX4,REAC:R-HSA-975871,,,
FOXL1,REAC:R-HSA-975871,,,
PIP5KL1,REAC:R-HSA-975871,,,
SRD5A3,REAC:R-HSA-975871,,,
LEF1,REAC:R-HSA-975871,,,
KDM5A,REAC:R-HSA-975871,,,
KCTD1,REAC:R-HSA-975871,,,
PRLR,REAC:R-HSA-975871,,,
SMOC2,REAC:R-HSA-975871,,,
PGPEP1,REAC:R-HSA-975871,,,
ATP6V1C1,REAC:R-HSA-975871,,,
EBF3,REAC:R-HSA-975871,,,
LIMD1,REAC:R-HSA-975871,,,
WNT7B,REAC:R-HSA-975871,,,
TP53,REAC:R-HSA-975138,,,
SKP1,REAC:R-HSA-975138,,,
MAPK8,REAC:R-HSA-975138,,,
LDLRAD3,REAC:R-HSA-975138,,,
G3BP1,REAC:R-HSA-975138,,,
USP28,REAC:R-HSA-975138,,,
TRMT13,REAC:R-HSA-975138,,,
RTN4,REAC:R-HSA-975138,,,
TBP,REAC:R-HSA-975138,,,
E2F3,REAC:R-HSA-975138,,,
DDIAS,REAC:R-HSA-975138,,,
OTUD3,REAC:R-HSA-975138,,,
TBX4,REAC:R-HSA-975138,,,
FOXL1,REAC:R-HSA-975138,,,
PIP5KL1,REAC:R-HSA-975138,,,
SRD5A3,REAC:R-HSA-975138,,,
ARF3,REAC:R-HSA-975138,,,
LEF1,REAC:R-HSA-975138,,,
KDM5A,REAC:R-HSA-975138,,,
KCTD1,REAC:R-HSA-975138,,,
PRLR,REAC:R-HSA-975138,,,
SMOC2,REAC:R-HSA-975138,,,
PGPEP1,REAC:R-HSA-975138,,,
ATP6V1C1,REAC:R-HSA-975138,,,
EBF3,REAC:R-HSA-975138,,,
LIMD1,REAC:R-HSA-975138,,,
WNT7B,REAC:R-HSA-975138,,,
FZD4,REAC:R-HSA-8856825,,,
ITSN1,REAC:R-HSA-8856825,,,
COPS7B,REAC:R-HSA-8856825,,,
REPS2,REAC:R-HSA-8856825,,,
LDLRAP1,REAC:R-HSA-8856825,,,
VGLL4,REAC:R-HSA-8856825,,,
RERE,REAC:R-HSA-8856825,,,
AMMECR1,REAC:R-HSA-8856825,,,
LDOC1,REAC:R-HSA-8856825,,,
PDXDC1,REAC:R-HSA-8856825,,,
ALPK3,REAC:R-HSA-8856825,,,
HMGXB4,REAC:R-HSA-8856825,,,
CCSER1,REAC:R-HSA-8856825,,,
NFATC2,REAC:R-HSA-8856825,,,
MIGA1,REAC:R-HSA-8856825,,,
ZNF507,REAC:R-HSA-8856825,,,
NCKAP1,REAC:R-HSA-8856825,,,
XK,REAC:R-HSA-8856825,,,
HIF1AN,REAC:R-HSA-8856825,,,
RBM3,REAC:R-HSA-8856825,,,
ZNF282,REAC:R-HSA-8856825,,,
ZC3H8,REAC:R-HSA-8856825,,,
SSR1,REAC:R-HSA-8856825,,,
MFN2,REAC:R-HSA-8856825,,,
ATP1A2,REAC:R-HSA-8856825,,,
ANGEL1,REAC:R-HSA-8856825,,,
TMED9,REAC:R-HSA-8856825,,,
RMND5B,REAC:R-HSA-8856825,,,
TP53,REAC:R-HSA-168176,,,
SKP1,REAC:R-HSA-168176,,,
MAPK8,REAC:R-HSA-168176,,,
LDLRAD3,REAC:R-HSA-168176,,,
G3BP1,REAC:R-HSA-168176,,,
USP28,REAC:R-HSA-168176,,,
TRMT13,REAC:R-HSA-168176,,,
RTN4,REAC:R-HSA-168176,,,
TBP,REAC:R-HSA-168176,,,
E2F3,REAC:R-HSA-168176,,,
DDIAS,REAC:R-HSA-168176,,,
OTUD3,REAC:R-HSA-168176,,,
TBX4,REAC:R-HSA-168176,,,
FOXL1,REAC:R-HSA-168176,,,
PIP5KL1,REAC:R-HSA-168176,,,
SRD5A3,REAC:R-HSA-168176,,,
LEF1,REAC:R-HSA-168176,,,
KDM5A,REAC:R-HSA-168176,,,
KCTD1,REAC:R-HSA-168176,,,
PRLR,REAC:R-HSA-168176,,,
SMOC2,REAC:R-HSA-168176,,,
PGPEP1,REAC:R-HSA-168176,,,
ATP6V1C1,REAC:R-HSA-168176,,,
EBF3,REAC:R-HSA-168176,,,
LIMD1,REAC:R-HSA-168176,,,
WNT7B,REAC:R-HSA-168176,,,
AGO1,REAC:R-HSA-9768759,,,
HMGCS1,REAC:R-HSA-9768759,,,
SLC30A1,REAC:R-HSA-9768759,,,
ESRP2,REAC:R-HSA-9768759,,,
UNC13B,REAC:R-HSA-9768759,,,
PRDM16,REAC:R-HSA-9768759,,,
MRS2,REAC:R-HSA-9768759,,,
AGO1,REAC:R-HSA-426496,,,
SLC30A1,REAC:R-HSA-426496,,,
UNC13B,REAC:R-HSA-426496,,,
PRDM16,REAC:R-HSA-426496,,,
MRS2,REAC:R-HSA-426496,,,
GNAI1,REAC:R-HSA-112040,,,
LDLRAD3,REAC:R-HSA-112040,,,
PPM1K,REAC:R-HSA-112040,,,
TAF3,REAC:R-HSA-112040,,,
TIMP3,REAC:R-HSA-112040,,,
HECTD2,REAC:R-HSA-112040,,,
PRKCE,REAC:R-HSA-112040,,,
PLCL2,REAC:R-HSA-112040,,,
ATAD2,REAC:R-HSA-112040,,,
ABHD2,REAC:R-HSA-112040,,,
ASB4,REAC:R-HSA-112040,,,
RGS9BP,REAC:R-HSA-112040,,,
EIF5B,REAC:R-HSA-112040,,,
EML4,REAC:R-HSA-112040,,,
PDPR,REAC:R-HSA-112040,,,
LIPH,REAC:R-HSA-112040,,,
PHKA1,REAC:R-HSA-112040,,,
BTBD7,REAC:R-HSA-2465910,,,
DDIAS,REAC:R-HSA-2465910,,,
ZNRF2,REAC:R-HSA-2465910,,,
EBF3,REAC:R-HSA-2465910,,,
NEURL4,REAC:R-HSA-2465910,,,
ELAPOR1,REAC:R-HSA-2465910,,,
PGRMC2,REAC:R-HSA-525793,,,
ZXDA,REAC:R-HSA-525793,,,
USP28,REAC:R-HSA-525793,,,
PHIP,REAC:R-HSA-525793,,,
BAK1,REAC:R-HSA-525793,,,
KDM6B,REAC:R-HSA-525793,,,
MPPED2,REAC:R-HSA-525793,,,
KCTD1,REAC:R-HSA-525793,,,
RNF8,REAC:R-HSA-525793,,,
MAD2L1,REAC:R-HSA-525793,,,
WNT7B,REAC:R-HSA-525793,,,
TP53,REAC:R-HSA-975155,,,
SKP1,REAC:R-HSA-975155,,,
MAPK8,REAC:R-HSA-975155,,,
LDLRAD3,REAC:R-HSA-975155,,,
G3BP1,REAC:R-HSA-975155,,,
USP28,REAC:R-HSA-975155,,,
TRMT13,REAC:R-HSA-975155,,,
RTN4,REAC:R-HSA-975155,,,
TBP,REAC:R-HSA-975155,,,
E2F3,REAC:R-HSA-975155,,,
DDIAS,REAC:R-HSA-975155,,,
OTUD3,REAC:R-HSA-975155,,,
TBX4,REAC:R-HSA-975155,,,
FOXL1,REAC:R-HSA-975155,,,
PIP5KL1,REAC:R-HSA-975155,,,
SRD5A3,REAC:R-HSA-975155,,,
ARF3,REAC:R-HSA-975155,,,
LEF1,REAC:R-HSA-975155,,,
KDM5A,REAC:R-HSA-975155,,,
KCTD1,REAC:R-HSA-975155,,,
PRLR,REAC:R-HSA-975155,,,
SMOC2,REAC:R-HSA-975155,,,
PGPEP1,REAC:R-HSA-975155,,,
ATP6V1C1,REAC:R-HSA-975155,,,
EBF3,REAC:R-HSA-975155,,,
LIMD1,REAC:R-HSA-975155,,,
WNT7B,REAC:R-HSA-975155,,,
RPA1,REAC:R-HSA-597592,,,
RAB5B,REAC:R-HSA-597592,,,
DAG1,REAC:R-HSA-597592,,,
ASB6,REAC:R-HSA-597592,,,
TP53,REAC:R-HSA-597592,,,
NEGR1,REAC:R-HSA-597592,,,
NCOA2,REAC:R-HSA-597592,,,
MDM4,REAC:R-HSA-597592,,,
CUL3,REAC:R-HSA-597592,,,
CHRDL1,REAC:R-HSA-597592,,,
COPS7B,REAC:R-HSA-597592,,,
SKP1,REAC:R-HSA-597592,,,
WDTC1,REAC:R-HSA-597592,,,
USP3,REAC:R-HSA-597592,,,
UBE2I,REAC:R-HSA-597592,,,
DYNLL2,REAC:R-HSA-597592,,,
ST8SIA2,REAC:R-HSA-597592,,,
QSOX1,REAC:R-HSA-597592,,,
STAG2,REAC:R-HSA-597592,,,
RAB15,REAC:R-HSA-597592,,,
FSTL1,REAC:R-HSA-597592,,,
FBXO21,REAC:R-HSA-597592,,,
CBX5,REAC:R-HSA-597592,,,
GOSR1,REAC:R-HSA-597592,,,
FAM102A,REAC:R-HSA-597592,,,
TLN2,REAC:R-HSA-597592,,,
TPM4,REAC:R-HSA-597592,,,
MAPK1,REAC:R-HSA-597592,,,
TVP23B,REAC:R-HSA-597592,,,
METTL1,REAC:R-HSA-597592,,,
PDE1C,REAC:R-HSA-597592,,,
RALGPS1,REAC:R-HSA-597592,,,
ZZZ3,REAC:R-HSA-597592,,,
HOXA9,REAC:R-HSA-597592,,,
CACNA1C,REAC:R-HSA-597592,,,
IPO9,REAC:R-HSA-597592,,,
FAM133B,REAC:R-HSA-597592,,,
CACUL1,REAC:R-HSA-597592,,,
GRK3,REAC:R-HSA-597592,,,
ITIH5,REAC:R-HSA-597592,,,
TRMT13,REAC:R-HSA-597592,,,
RTN4,REAC:R-HSA-597592,,,
CCNJL,REAC:R-HSA-597592,,,
EXPH5,REAC:R-HSA-597592,,,
SBNO1,REAC:R-HSA-597592,,,
NPNT,REAC:R-HSA-597592,,,
GMPPB,REAC:R-HSA-597592,,,
MGAT4A,REAC:R-HSA-597592,,,
RPA2,REAC:R-HSA-597592,,,
TOLLIP,REAC:R-HSA-597592,,,
LRIG2,REAC:R-HSA-597592,,,
NEDD4L,REAC:R-HSA-597592,,,
PPIG,REAC:R-HSA-597592,,,
ELP4,REAC:R-HSA-597592,,,
ATE1,REAC:R-HSA-597592,,,
NAA15,REAC:R-HSA-597592,,,
TMEM26,REAC:R-HSA-597592,,,
ANKFY1,REAC:R-HSA-597592,,,
IFFO2,REAC:R-HSA-597592,,,
ZMYM2,REAC:R-HSA-597592,,,
PGM2L1,REAC:R-HSA-597592,,,
OTUD4,REAC:R-HSA-597592,,,
SLC4A7,REAC:R-HSA-597592,,,
RRAGD,REAC:R-HSA-597592,,,
DCX,REAC:R-HSA-597592,,,
AKAP12,REAC:R-HSA-597592,,,
EIF2S1,REAC:R-HSA-597592,,,
SYNCRIP,REAC:R-HSA-597592,,,
DCUN1D3,REAC:R-HSA-597592,,,
RASGRF1,REAC:R-HSA-597592,,,
INO80D,REAC:R-HSA-597592,,,
CHMP7,REAC:R-HSA-597592,,,
BCL7C,REAC:R-HSA-597592,,,
TRAPPC8,REAC:R-HSA-597592,,,
CCSER1,REAC:R-HSA-597592,,,
FITM2,REAC:R-HSA-597592,,,
ODF2L,REAC:R-HSA-597592,,,
CCNYL1,REAC:R-HSA-597592,,,
C2orf69,REAC:R-HSA-597592,,,
ST6GALNAC3,REAC:R-HSA-597592,,,
NETO2,REAC:R-HSA-597592,,,
NAIF1,REAC:R-HSA-597592,,,
RUFY2,REAC:R-HSA-597592,,,
DCAF10,REAC:R-HSA-597592,,,
MKRN1,REAC:R-HSA-597592,,,
E2F3,REAC:R-HSA-597592,,,
XKRX,REAC:R-HSA-597592,,,
NAA30,REAC:R-HSA-597592,,,
INSYN2B,REAC:R-HSA-597592,,,
NEK10,REAC:R-HSA-597592,,,
DCUN1D4,REAC:R-HSA-597592,,,
MECP2,REAC:R-HSA-597592,,,
PPP2CA,REAC:R-HSA-597592,,,
PPP6R3,REAC:R-HSA-597592,,,
ATOH8,REAC:R-HSA-597592,,,
ZC2HC1A,REAC:R-HSA-597592,,,
GMEB1,REAC:R-HSA-597592,,,
SP6,REAC:R-HSA-597592,,,
NAA25,REAC:R-HSA-597592,,,
EIF1AX,REAC:R-HSA-597592,,,
FMR1,REAC:R-HSA-597592,,,
MAFK,REAC:R-HSA-597592,,,
SMAD5,REAC:R-HSA-597592,,,
TRIM71,REAC:R-HSA-597592,,,
CDH11,REAC:R-HSA-597592,,,
DCAF11,REAC:R-HSA-597592,,,
NSD3,REAC:R-HSA-597592,,,
INPP5K,REAC:R-HSA-597592,,,
ENTPD4,REAC:R-HSA-597592,,,
PAK5,REAC:R-HSA-597592,,,
SPTLC2,REAC:R-HSA-597592,,,
NXT2,REAC:R-HSA-597592,,,
MAML3,REAC:R-HSA-597592,,,
SLC6A17,REAC:R-HSA-597592,,,
PCDHA7,REAC:R-HSA-597592,,,
GAB1,REAC:R-HSA-597592,,,
TBC1D17,REAC:R-HSA-597592,,,
ARHGAP26,REAC:R-HSA-597592,,,
CLINT1,REAC:R-HSA-597592,,,
ORC2,REAC:R-HSA-597592,,,
RGS17,REAC:R-HSA-597592,,,
TBCEL,REAC:R-HSA-597592,,,
CAPN7,REAC:R-HSA-597592,,,
GNA11,REAC:R-HSA-597592,,,
SRSF6,REAC:R-HSA-597592,,,
QSER1,REAC:R-HSA-597592,,,
ZDHHC21,REAC:R-HSA-597592,,,
KPNA5,REAC:R-HSA-597592,,,
DMTN,REAC:R-HSA-597592,,,
TACC1,REAC:R-HSA-597592,,,
TMEM248,REAC:R-HSA-597592,,,
NXF1,REAC:R-HSA-597592,,,
ZMAT3,REAC:R-HSA-597592,,,
WDR47,REAC:R-HSA-597592,,,
ORAI2,REAC:R-HSA-597592,,,
RPUSD2,REAC:R-HSA-597592,,,
SLC6A9,REAC:R-HSA-597592,,,
SEMA4A,REAC:R-HSA-597592,,,
SIAH1,REAC:R-HSA-597592,,,
ZNF507,REAC:R-HSA-597592,,,
AATK,REAC:R-HSA-597592,,,
VMP1,REAC:R-HSA-597592,,,
MTMR11,REAC:R-HSA-597592,,,
LYN,REAC:R-HSA-597592,,,
ARHGEF26,REAC:R-HSA-597592,,,
GBA2,REAC:R-HSA-597592,,,
UBE2J1,REAC:R-HSA-597592,,,
DNAJB12,REAC:R-HSA-597592,,,
TPRG1L,REAC:R-HSA-597592,,,
CLIC5,REAC:R-HSA-597592,,,
GSK3B,REAC:R-HSA-597592,,,
NUCKS1,REAC:R-HSA-597592,,,
REEP1,REAC:R-HSA-597592,,,
KSR1,REAC:R-HSA-597592,,,
KIAA1614,REAC:R-HSA-597592,,,
IDH2,REAC:R-HSA-597592,,,
CHD3,REAC:R-HSA-597592,,,
PRKRIP1,REAC:R-HSA-597592,,,
KLF10,REAC:R-HSA-597592,,,
ZBTB33,REAC:R-HSA-597592,,,
VDAC1,REAC:R-HSA-597592,,,
XK,REAC:R-HSA-597592,,,
SCN5A,REAC:R-HSA-597592,,,
PAX5,REAC:R-HSA-597592,,,
UXS1,REAC:R-HSA-597592,,,
RAB35,REAC:R-HSA-597592,,,
PGK1,REAC:R-HSA-597592,,,
TNFAIP8,REAC:R-HSA-597592,,,
XRN1,REAC:R-HSA-597592,,,
DCTN5,REAC:R-HSA-597592,,,
MED17,REAC:R-HSA-597592,,,
PRLR,REAC:R-HSA-597592,,,
CPD,REAC:R-HSA-597592,,,
PARP6,REAC:R-HSA-597592,,,
BEGAIN,REAC:R-HSA-597592,,,
PCDHA9,REAC:R-HSA-597592,,,
PRPF38B,REAC:R-HSA-597592,,,
LRCH1,REAC:R-HSA-597592,,,
SMOC2,REAC:R-HSA-597592,,,
GTPBP8,REAC:R-HSA-597592,,,
SEL1L3,REAC:R-HSA-597592,,,
FGF1,REAC:R-HSA-597592,,,
STX2,REAC:R-HSA-597592,,,
RNF114,REAC:R-HSA-597592,,,
RIMS2,REAC:R-HSA-597592,,,
IRS1,REAC:R-HSA-597592,,,
DYRK2,REAC:R-HSA-597592,,,
HMGN2,REAC:R-HSA-597592,,,
RNF207,REAC:R-HSA-597592,,,
ATPAF1,REAC:R-HSA-597592,,,
WDR20,REAC:R-HSA-597592,,,
CCDC28A,REAC:R-HSA-597592,,,
OXR1,REAC:R-HSA-597592,,,
ARF5,REAC:R-HSA-597592,,,
RPS6KB1,REAC:R-HSA-597592,,,
C5orf15,REAC:R-HSA-597592,,,
STK3,REAC:R-HSA-597592,,,
PTPN9,REAC:R-HSA-597592,,,
TMEM234,REAC:R-HSA-597592,,,
TP53INP2,REAC:R-HSA-597592,,,
PRPF4B,REAC:R-HSA-597592,,,
PPM1L,REAC:R-HSA-597592,,,
EXT2,REAC:R-HSA-597592,,,
FOXO1,REAC:R-HSA-597592,,,
MATN1,REAC:R-HSA-597592,,,
ANKS1A,REAC:R-HSA-597592,,,
RGS7,REAC:R-HSA-597592,,,
MYO10,REAC:R-HSA-597592,,,
ADGRL3,REAC:R-HSA-597592,,,
CPLX2,REAC:R-HSA-597592,,,
RAD54L2,REAC:R-HSA-597592,,,
ELAPOR1,REAC:R-HSA-597592,,,
MFN2,REAC:R-HSA-597592,,,
SLC25A27,REAC:R-HSA-597592,,,
INSR,REAC:R-HSA-597592,,,
SUSD6,REAC:R-HSA-597592,,,
RASA1,REAC:R-HSA-597592,,,
MAP4K4,REAC:R-HSA-597592,,,
TMED9,REAC:R-HSA-597592,,,
SETD9,REAC:R-HSA-597592,,,
PRPSAP2,REAC:R-HSA-597592,,,
ICE1,REAC:R-HSA-597592,,,
GGCT,REAC:R-HSA-597592,,,
CNP,REAC:R-HSA-597592,,,
STX5,REAC:R-HSA-597592,,,
PLPP6,REAC:R-HSA-597592,,,
SSH1,REAC:R-HSA-597592,,,
STYX,REAC:R-HSA-597592,,,
AFF4,REAC:R-HSA-597592,,,
NUP133,REAC:R-HSA-597592,,,
TTC7B,REAC:R-HSA-597592,,,
ZNF449,REAC:R-HSA-597592,,,
PPP1R15B,REAC:R-HSA-597592,,,
LMLN,REAC:R-HSA-597592,,,
PRCC,REAC:R-HSA-597592,,,
ARHGEF37,REAC:R-HSA-597592,,,
STT3A,REAC:R-HSA-597592,,,
CDC42,REAC:R-HSA-597592,,,
MARCHF8,REAC:R-HSA-597592,,,
IQSEC2,REAC:R-HSA-597592,,,
BCL2L12,REAC:R-HSA-597592,,,
KANK1,REAC:R-HSA-597592,,,
RNF213,REAC:R-HSA-597592,,,
COL4A5,REAC:R-HSA-597592,,,
ATP8A1,REAC:R-HSA-597592,,,
ABRAXAS2,REAC:R-HSA-597592,,,
KCND1,REAC:R-HSA-597592,,,
RASGEF1A,REAC:R-HSA-597592,,,
TRAK1,REAC:R-HSA-597592,,,
ASB13,REAC:R-HSA-597592,,,
KCNJ6,REAC:R-HSA-597592,,,
UBXN7,REAC:R-HSA-597592,,,
MBD2,REAC:R-HSA-597592,,,
WNT4,REAC:R-HSA-597592,,,
SLC26A9,REAC:R-HSA-597592,,,
KCNE4,REAC:R-HSA-597592,,,
TP53,REAC:R-HSA-109606,,,
YWHAG,REAC:R-HSA-109606,,,
DYNLL2,REAC:R-HSA-109606,,,
MAPK8,REAC:R-HSA-109606,,,
YWHAQ,REAC:R-HSA-109606,,,
LDLRAD3,REAC:R-HSA-109606,,,
CDCA3,REAC:R-HSA-109606,,,
GOLGA3,REAC:R-HSA-109606,,,
ANK3,REAC:R-HSA-109606,,,
TADA2B,REAC:R-HSA-109606,,,
DLG2,REAC:R-HSA-109606,,,
FEM1C,REAC:R-HSA-109606,,,
MAPK6,REAC:R-HSA-109606,,,
BACE1,REAC:R-HSA-109606,,,
N4BP1,REAC:R-HSA-109606,,,
RSPO3,REAC:R-HSA-109606,,,
CCND1,REAC:R-HSA-109606,,,
RSBN1L,REAC:R-HSA-9659787,,,
TNIK,REAC:R-HSA-9659787,,,
ELN,REAC:R-HSA-9659787,,,
RARB,REAC:R-HSA-9659787,,,
GPR63,REAC:R-HSA-9659787,,,
COG5,REAC:R-HSA-9659787,,,
CCND1,REAC:R-HSA-9659787,,,
ELAVL4,REAC:R-HSA-9659787,,,
RSBN1L,REAC:R-HSA-9661069,,,
TNIK,REAC:R-HSA-9661069,,,
ELN,REAC:R-HSA-9661069,,,
RARB,REAC:R-HSA-9661069,,,
GPR63,REAC:R-HSA-9661069,,,
COG5,REAC:R-HSA-9661069,,,
CCND1,REAC:R-HSA-9661069,,,
ELAVL4,REAC:R-HSA-9661069,,,
ITSN1,REAC:R-HSA-193648,,,
MAPK8,REAC:R-HSA-193648,,,
EIF4B,REAC:R-HSA-193648,,,
CDCA3,REAC:R-HSA-193648,,,
NME7,REAC:R-HSA-193648,,,
SFMBT2,REAC:R-HSA-193648,,,
BEND3,REAC:R-HSA-193648,,,
EPG5,REAC:R-HSA-193648,,,
ECE1,REAC:R-HSA-193648,,,
ZFYVE16,REAC:R-HSA-193648,,,
TNFSF13B,REAC:R-HSA-193648,,,
SLC1A4,REAC:R-HSA-193648,,,
SLC39A10,REAC:R-HSA-193648,,,
SZRD1,REAC:R-HSA-193648,,,
PDK4,REAC:R-HSA-193648,,,
PDE5A,REAC:R-HSA-193648,,,
GNAQ,REAC:R-HSA-193648,,,
CCDC120,REAC:R-HSA-193648,,,
GNAI1,REAC:R-HSA-422356,,,
CDC23,REAC:R-HSA-422356,,,
PPM1K,REAC:R-HSA-422356,,,
VGLL4,REAC:R-HSA-422356,,,
IGSF3,REAC:R-HSA-422356,,,
NUFIP2,REAC:R-HSA-422356,,,
BCL2L11,REAC:R-HSA-422356,,,
RPS6KA6,REAC:R-HSA-422356,,,
HECTD2,REAC:R-HSA-422356,,,
PLCL2,REAC:R-HSA-422356,,,
RGS9BP,REAC:R-HSA-422356,,,
DPP8,REAC:R-HSA-422356,,,
KCNJ12,REAC:R-HSA-422356,,,
CYLD,REAC:R-HSA-422356,,,
ARL5A,REAC:R-HSA-422356,,,
ATXN1,REAC:R-HSA-422356,,,
LMO4,REAC:R-HSA-422356,,,
SUFU,REAC:R-HSA-422356,,,
EML4,REAC:R-HSA-422356,,,
NT5DC1,REAC:R-HSA-422356,,,
LIPH,REAC:R-HSA-422356,,,
PHKA1,REAC:R-HSA-422356,,,
GNAI1,REAC:R-HSA-111885,,,
CDC23,REAC:R-HSA-111885,,,
LDLRAD3,REAC:R-HSA-111885,,,
PPM1K,REAC:R-HSA-111885,,,
TAF3,REAC:R-HSA-111885,,,
RPS6KA6,REAC:R-HSA-111885,,,
TIMP3,REAC:R-HSA-111885,,,
HECTD2,REAC:R-HSA-111885,,,
PRKCE,REAC:R-HSA-111885,,,
PLCL2,REAC:R-HSA-111885,,,
ATAD2,REAC:R-HSA-111885,,,
ABHD2,REAC:R-HSA-111885,,,
DDIAS,REAC:R-HSA-111885,,,
ASB4,REAC:R-HSA-111885,,,
RGS9BP,REAC:R-HSA-111885,,,
DPP8,REAC:R-HSA-111885,,,
EIF5B,REAC:R-HSA-111885,,,
TRIM2,REAC:R-HSA-111885,,,
EML4,REAC:R-HSA-111885,,,
EBF3,REAC:R-HSA-111885,,,
PDPR,REAC:R-HSA-111885,,,
RSPO3,REAC:R-HSA-111885,,,
LIPH,REAC:R-HSA-111885,,,
PHKA1,REAC:R-HSA-111885,,,
NCOA2,REAC:R-HSA-9843745,,,
ZNF423,REAC:R-HSA-9843745,,,
EBF1,REAC:R-HSA-9843745,,,
MTA3,REAC:R-HSA-9843745,,,
NR6A1,REAC:R-HSA-9843745,,,
FOXP1,REAC:R-HSA-9843745,,,
RABEP1,REAC:R-HSA-9843745,,,
EXPH5,REAC:R-HSA-9843745,,,
ETNK2,REAC:R-HSA-9843745,,,
ZNRF3,REAC:R-HSA-9843745,,,
SLCO5A1,REAC:R-HSA-9843745,,,
GNA11,REAC:R-HSA-9843745,,,
BMP2K,REAC:R-HSA-9843745,,,
TNRC6B,REAC:R-HSA-9843745,,,
MYCN,REAC:R-HSA-9843745,,,
KSR1,REAC:R-HSA-9843745,,,
PDE3B,REAC:R-HSA-9843745,,,
CEP97,REAC:R-HSA-9843745,,,
LMNB1,REAC:R-HSA-9843745,,,
PRLR,REAC:R-HSA-9843745,,,
UBXN10,REAC:R-HSA-9843745,,,
ANKH,REAC:R-HSA-9843745,,,
RARB,REAC:R-HSA-9843745,,,
TNKS,REAC:R-HSA-9843745,,,
NUP133,REAC:R-HSA-9843745,,,
EPB41L5,REAC:R-HSA-9843745,,,
KCND1,REAC:R-HSA-9843745,,,
SLC26A9,REAC:R-HSA-9843745,,,
AGO1,REAC:R-HSA-9022692,,,
TIMP3,REAC:R-HSA-9022692,,,
ETNK2,REAC:R-HSA-9022692,,,
ATAD2,REAC:R-HSA-9022692,,,
ZNRF3,REAC:R-HSA-9022692,,,
SLC30A1,REAC:R-HSA-9022692,,,
UNC13B,REAC:R-HSA-9022692,,,
PRDM16,REAC:R-HSA-9022692,,,
MRS2,REAC:R-HSA-9022692,,,
ANKH,REAC:R-HSA-9022692,,,
RASA1,REAC:R-HSA-9022692,,,
TGFBR2,REAC:R-HSA-200425,,,
TSN,REAC:R-HSA-200425,,,
DR1,REAC:R-HSA-200425,,,
GNS,REAC:R-HSA-200425,,,
NUP133,REAC:R-HSA-200425,,,
TNFSF10,REAC:R-HSA-200425,,,
PPP1R12A,REAC:R-HSA-200425,,,
PLEKHA1,REAC:R-HSA-1483255,,,
MTMR3,REAC:R-HSA-1483255,,,
IPO9,REAC:R-HSA-1483255,,,
TOMM20,REAC:R-HSA-1483255,,,
RLIM,REAC:R-HSA-1483255,,,
UEVLD,REAC:R-HSA-1483255,,,
RRN3,REAC:R-HSA-1483255,,,
CDC37L1,REAC:R-HSA-1483255,,,
AATK,REAC:R-HSA-1483255,,,
KIAA0232,REAC:R-HSA-1483255,,,
ZC3H6,REAC:R-HSA-1483255,,,
KLF10,REAC:R-HSA-1483255,,,
TMEM154,REAC:R-HSA-1483255,,,
KIAA1958,REAC:R-HSA-1483255,,,
KLHL15,REAC:R-HSA-1483255,,,
WASF3,REAC:R-HSA-1483255,,,
ELL,REAC:R-HSA-1483255,,,
CXXC4,REAC:R-HSA-1483255,,,
UBE3C,REAC:R-HSA-1483255,,,
IDE,REAC:R-HSA-1483255,,,
KLHL5,REAC:R-HSA-1483255,,,
RNF6,REAC:R-HSA-1483255,,,
SEMA5A,REAC:R-HSA-1483255,,,
GNAI1,REAC:R-HSA-8939211,,,
NCOA2,REAC:R-HSA-8939211,,,
PPP5C,REAC:R-HSA-8939211,,,
RUNX1,REAC:R-HSA-8939211,,,
AGO1,REAC:R-HSA-8939211,,,
H3-3B,REAC:R-HSA-8939211,,,
NR5A2,REAC:R-HSA-8939211,,,
STAG2,REAC:R-HSA-8939211,,,
POU2F1,REAC:R-HSA-8939211,,,
IGF1R,REAC:R-HSA-8939211,,,
CDC23,REAC:R-HSA-8939211,,,
SSBP2,REAC:R-HSA-8939211,,,
TPM4,REAC:R-HSA-8939211,,,
LDLRAD3,REAC:R-HSA-8939211,,,
MAP2K6,REAC:R-HSA-8939211,,,
RPS6KA6,REAC:R-HSA-8939211,,,
EXPH5,REAC:R-HSA-8939211,,,
SCD,REAC:R-HSA-8939211,,,
PDXDC1,REAC:R-HSA-8939211,,,
UEVLD,REAC:R-HSA-8939211,,,
BEST1,REAC:R-HSA-8939211,,,
TBP,REAC:R-HSA-8939211,,,
AAK1,REAC:R-HSA-8939211,,,
FNBP4,REAC:R-HSA-8939211,,,
MKRN1,REAC:R-HSA-8939211,,,
ASB4,REAC:R-HSA-8939211,,,
SEPTIN8,REAC:R-HSA-8939211,,,
SLCO5A1,REAC:R-HSA-8939211,,,
SLC30A1,REAC:R-HSA-8939211,,,
PIP5KL1,REAC:R-HSA-8939211,,,
DPP8,REAC:R-HSA-8939211,,,
SGCZ,REAC:R-HSA-8939211,,,
ZNF507,REAC:R-HSA-8939211,,,
KIAA0232,REAC:R-HSA-8939211,,,
UNC13B,REAC:R-HSA-8939211,,,
SORCS1,REAC:R-HSA-8939211,,,
MTMR11,REAC:R-HSA-8939211,,,
GBA2,REAC:R-HSA-8939211,,,
PRDM16,REAC:R-HSA-8939211,,,
THAP11,REAC:R-HSA-8939211,,,
PDZD4,REAC:R-HSA-8939211,,,
MRS2,REAC:R-HSA-8939211,,,
RAP1B,REAC:R-HSA-8939211,,,
SNAI1,REAC:R-HSA-8939211,,,
LRATD1,REAC:R-HSA-8939211,,,
BRD4,REAC:R-HSA-8939211,,,
COG5,REAC:R-HSA-8939211,,,
VPS13D,REAC:R-HSA-8939211,,,
RPA1,REAC:R-HSA-3108232,,,
TP53,REAC:R-HSA-3108232,,,
NCOA2,REAC:R-HSA-3108232,,,
UBE2I,REAC:R-HSA-3108232,,,
STAG2,REAC:R-HSA-3108232,,,
CBX5,REAC:R-HSA-3108232,,,
EXPH5,REAC:R-HSA-3108232,,,
ATE1,REAC:R-HSA-3108232,,,
NAA15,REAC:R-HSA-3108232,,,
PGM2L1,REAC:R-HSA-3108232,,,
ODF2L,REAC:R-HSA-3108232,,,
MKRN1,REAC:R-HSA-3108232,,,
GMEB1,REAC:R-HSA-3108232,,,
NSD3,REAC:R-HSA-3108232,,,
SPTLC2,REAC:R-HSA-3108232,,,
PCDHA7,REAC:R-HSA-3108232,,,
GAB1,REAC:R-HSA-3108232,,,
ORC2,REAC:R-HSA-3108232,,,
RGS17,REAC:R-HSA-3108232,,,
SIAH1,REAC:R-HSA-3108232,,,
MTMR11,REAC:R-HSA-3108232,,,
ARHGEF26,REAC:R-HSA-3108232,,,
GBA2,REAC:R-HSA-3108232,,,
DNAJB12,REAC:R-HSA-3108232,,,
KSR1,REAC:R-HSA-3108232,,,
PRLR,REAC:R-HSA-3108232,,,
SEL1L3,REAC:R-HSA-3108232,,,
TMEM234,REAC:R-HSA-3108232,,,
PRPF4B,REAC:R-HSA-3108232,,,
RASA1,REAC:R-HSA-3108232,,,
STX5,REAC:R-HSA-3108232,,,
PLPP6,REAC:R-HSA-3108232,,,
STYX,REAC:R-HSA-3108232,,,
NUP133,REAC:R-HSA-3108232,,,
ZNF449,REAC:R-HSA-3108232,,,
LMLN,REAC:R-HSA-3108232,,,
STT3A,REAC:R-HSA-3108232,,,
KCND1,REAC:R-HSA-3108232,,,
RASGEF1A,REAC:R-HSA-3108232,,,
SLC26A9,REAC:R-HSA-3108232,,,
ETV6,REAC:R-HSA-9671555,,,
UEVLD,REAC:R-HSA-9671555,,,
ANK3,REAC:R-HSA-9671555,,,
ZC3H6,REAC:R-HSA-9671555,,,
RAP1B,REAC:R-HSA-9671555,,,
LRATD1,REAC:R-HSA-9671555,,,
VPS13D,REAC:R-HSA-9671555,,,
THRB,REAC:R-HSA-9671555,,,
SKP1,REAC:R-HSA-69231,,,
E2F5,REAC:R-HSA-69231,,,
RSBN1L,REAC:R-HSA-69231,,,
DDIAS,REAC:R-HSA-69231,,,
TNIK,REAC:R-HSA-69231,,,
EFS,REAC:R-HSA-69231,,,
BACH2,REAC:R-HSA-69231,,,
EBF3,REAC:R-HSA-69231,,,
ELN,REAC:R-HSA-69231,,,
RARB,REAC:R-HSA-69231,,,
GPR63,REAC:R-HSA-69231,,,
COG5,REAC:R-HSA-69231,,,
CCND1,REAC:R-HSA-69231,,,
MVB12B,REAC:R-HSA-69231,,,
ELAVL4,REAC:R-HSA-69231,,,
TIMP3,REAC:R-HSA-442982,,,
LHX4,REAC:R-HSA-442982,,,
FAHD2A,REAC:R-HSA-442982,,,
TENT5C,REAC:R-HSA-442982,,,
ATAD2,REAC:R-HSA-442982,,,
ARAP2,REAC:R-HSA-442982,,,
DUSP8,REAC:R-HSA-442982,,,
RAP1B,REAC:R-HSA-442982,,,
RPA1,REAC:R-HSA-2990846,,,
TP53,REAC:R-HSA-2990846,,,
NCOA2,REAC:R-HSA-2990846,,,
UBE2I,REAC:R-HSA-2990846,,,
STAG2,REAC:R-HSA-2990846,,,
CBX5,REAC:R-HSA-2990846,,,
EXPH5,REAC:R-HSA-2990846,,,
ATE1,REAC:R-HSA-2990846,,,
NAA15,REAC:R-HSA-2990846,,,
IFFO2,REAC:R-HSA-2990846,,,
PGM2L1,REAC:R-HSA-2990846,,,
ODF2L,REAC:R-HSA-2990846,,,
MKRN1,REAC:R-HSA-2990846,,,
GMEB1,REAC:R-HSA-2990846,,,
NSD3,REAC:R-HSA-2990846,,,
SPTLC2,REAC:R-HSA-2990846,,,
PCDHA7,REAC:R-HSA-2990846,,,
GAB1,REAC:R-HSA-2990846,,,
ORC2,REAC:R-HSA-2990846,,,
RGS17,REAC:R-HSA-2990846,,,
SIAH1,REAC:R-HSA-2990846,,,
MTMR11,REAC:R-HSA-2990846,,,
ARHGEF26,REAC:R-HSA-2990846,,,
GBA2,REAC:R-HSA-2990846,,,
DNAJB12,REAC:R-HSA-2990846,,,
KSR1,REAC:R-HSA-2990846,,,
PRLR,REAC:R-HSA-2990846,,,
SEL1L3,REAC:R-HSA-2990846,,,
TMEM234,REAC:R-HSA-2990846,,,
PRPF4B,REAC:R-HSA-2990846,,,
RASA1,REAC:R-HSA-2990846,,,
STX5,REAC:R-HSA-2990846,,,
PLPP6,REAC:R-HSA-2990846,,,
STYX,REAC:R-HSA-2990846,,,
NUP133,REAC:R-HSA-2990846,,,
ZNF449,REAC:R-HSA-2990846,,,
LMLN,REAC:R-HSA-2990846,,,
STT3A,REAC:R-HSA-2990846,,,
KCND1,REAC:R-HSA-2990846,,,
RASGEF1A,REAC:R-HSA-2990846,,,
SLC26A9,REAC:R-HSA-2990846,,,
NCOA2,REAC:R-HSA-9707616,,,
BAZ2A,REAC:R-HSA-9707616,,,
EXPH5,REAC:R-HSA-9707616,,,
PHIP,REAC:R-HSA-9707616,,,
TBP,REAC:R-HSA-9707616,,,
ETNK2,REAC:R-HSA-9707616,,,
ODF2L,REAC:R-HSA-9707616,,,
ZNRF3,REAC:R-HSA-9707616,,,
TNPO1,REAC:R-HSA-9707616,,,
COQ10B,REAC:R-HSA-9707616,,,
ARF3,REAC:R-HSA-9707616,,,
ANKH,REAC:R-HSA-9707616,,,
NUP133,REAC:R-HSA-9707616,,,
WNT7B,REAC:R-HSA-9707616,,,
SLC26A9,REAC:R-HSA-9707616,,,
SKP1,REAC:R-HSA-69236,,,
E2F5,REAC:R-HSA-69236,,,
RSBN1L,REAC:R-HSA-69236,,,
DDIAS,REAC:R-HSA-69236,,,
TNIK,REAC:R-HSA-69236,,,
EFS,REAC:R-HSA-69236,,,
BACH2,REAC:R-HSA-69236,,,
EBF3,REAC:R-HSA-69236,,,
ELN,REAC:R-HSA-69236,,,
RARB,REAC:R-HSA-69236,,,
GPR63,REAC:R-HSA-69236,,,
COG5,REAC:R-HSA-69236,,,
CCND1,REAC:R-HSA-69236,,,
MVB12B,REAC:R-HSA-69236,,,
ELAVL4,REAC:R-HSA-69236,,,
FZD4,REAC:R-HSA-4791275,,,
VPS53,REAC:R-HSA-4791275,,,
TFCP2L1,REAC:R-HSA-4791275,,,
DDIAS,REAC:R-HSA-4791275,,,
PAK5,REAC:R-HSA-4791275,,,
PLEKHA7,REAC:R-HSA-4791275,,,
REEP1,REAC:R-HSA-4791275,,,
GNA13,REAC:R-HSA-4791275,,,
ELP1,REAC:R-HSA-4791275,,,
EBF3,REAC:R-HSA-4791275,,,
GGCT,REAC:R-HSA-4791275,,,
G3BP2,REAC:R-HSA-4791275,,,
AGO1,REAC:R-HSA-8948700,,,
SLC30A1,REAC:R-HSA-8948700,,,
UNC13B,REAC:R-HSA-8948700,,,
PRDM16,REAC:R-HSA-8948700,,,
MRS2,REAC:R-HSA-8948700,,,
IGF1R,REAC:R-HSA-2428928,,,
RBM18,REAC:R-HSA-2428928,,,
SSBP2,REAC:R-HSA-2428928,,,
WAPL,REAC:R-HSA-2428928,,,
UEVLD,REAC:R-HSA-2428928,,,
SIM1,REAC:R-HSA-2428928,,,
ZBTB10,REAC:R-HSA-2428928,,,
ACTB,REAC:R-HSA-2428928,,,
ZC3H6,REAC:R-HSA-2428928,,,
DENND6A,REAC:R-HSA-2428928,,,
PTAR1,REAC:R-HSA-2428928,,,
RAP1B,REAC:R-HSA-2428928,,,
CACNA1E,REAC:R-HSA-2428928,,,
RER1,REAC:R-HSA-2428928,,,
TP53,REAC:R-HSA-168181,,,
SKP1,REAC:R-HSA-168181,,,
MAPK8,REAC:R-HSA-168181,,,
LDLRAD3,REAC:R-HSA-168181,,,
G3BP1,REAC:R-HSA-168181,,,
USP28,REAC:R-HSA-168181,,,
TRMT13,REAC:R-HSA-168181,,,
RTN4,REAC:R-HSA-168181,,,
TBP,REAC:R-HSA-168181,,,
E2F3,REAC:R-HSA-168181,,,
DDIAS,REAC:R-HSA-168181,,,
OTUD3,REAC:R-HSA-168181,,,
TBX4,REAC:R-HSA-168181,,,
FOXL1,REAC:R-HSA-168181,,,
PIP5KL1,REAC:R-HSA-168181,,,
SRD5A3,REAC:R-HSA-168181,,,
ARF3,REAC:R-HSA-168181,,,
LEF1,REAC:R-HSA-168181,,,
KDM5A,REAC:R-HSA-168181,,,
KCTD1,REAC:R-HSA-168181,,,
PRLR,REAC:R-HSA-168181,,,
SMOC2,REAC:R-HSA-168181,,,
PGPEP1,REAC:R-HSA-168181,,,
ATP6V1C1,REAC:R-HSA-168181,,,
EBF3,REAC:R-HSA-168181,,,
LIMD1,REAC:R-HSA-168181,,,
WNT7B,REAC:R-HSA-168181,,,
GNAI1,REAC:R-HSA-977444,,,
CDC23,REAC:R-HSA-977444,,,
RPS6KA6,REAC:R-HSA-977444,,,
SETD6,REAC:R-HSA-977444,,,
ABHD2,REAC:R-HSA-977444,,,
NCS1,REAC:R-HSA-977444,,,
ASB4,REAC:R-HSA-977444,,,
DPP8,REAC:R-HSA-977444,,,
PLA2G2C,REAC:R-HSA-977444,,,
EML4,REAC:R-HSA-977444,,,
PDPR,REAC:R-HSA-977444,,,
LIPH,REAC:R-HSA-977444,,,
BHLHE41,REAC:R-HSA-977444,,,
GABRA3,REAC:R-HSA-977444,,,
IGF1R,REAC:R-HSA-2428924,,,
RBM18,REAC:R-HSA-2428924,,,
SSBP2,REAC:R-HSA-2428924,,,
WAPL,REAC:R-HSA-2428924,,,
UEVLD,REAC:R-HSA-2428924,,,
SIM1,REAC:R-HSA-2428924,,,
ZBTB10,REAC:R-HSA-2428924,,,
ACTB,REAC:R-HSA-2428924,,,
ZC3H6,REAC:R-HSA-2428924,,,
DENND6A,REAC:R-HSA-2428924,,,
PTAR1,REAC:R-HSA-2428924,,,
RAP1B,REAC:R-HSA-2428924,,,
CACNA1E,REAC:R-HSA-2428924,,,
RER1,REAC:R-HSA-2428924,,,
GNAI1,REAC:R-HSA-991365,,,
CDC23,REAC:R-HSA-991365,,,
RPS6KA6,REAC:R-HSA-991365,,,
SETD6,REAC:R-HSA-991365,,,
ABHD2,REAC:R-HSA-991365,,,
NCS1,REAC:R-HSA-991365,,,
ASB4,REAC:R-HSA-991365,,,
DPP8,REAC:R-HSA-991365,,,
PLA2G2C,REAC:R-HSA-991365,,,
EML4,REAC:R-HSA-991365,,,
PDPR,REAC:R-HSA-991365,,,
LIPH,REAC:R-HSA-991365,,,
BHLHE41,REAC:R-HSA-991365,,,
GABRA3,REAC:R-HSA-991365,,,
ASB6,REAC:R-HSA-8951664,,,
CUL3,REAC:R-HSA-8951664,,,
COPS7B,REAC:R-HSA-8951664,,,
SKP1,REAC:R-HSA-8951664,,,
WDTC1,REAC:R-HSA-8951664,,,
FBXO21,REAC:R-HSA-8951664,,,
FAM102A,REAC:R-HSA-8951664,,,
TLN2,REAC:R-HSA-8951664,,,
TRMT13,REAC:R-HSA-8951664,,,
RPA2,REAC:R-HSA-8951664,,,
ZMYM2,REAC:R-HSA-8951664,,,
RRAGD,REAC:R-HSA-8951664,,,
EIF2S1,REAC:R-HSA-8951664,,,
DCUN1D3,REAC:R-HSA-8951664,,,
NAIF1,REAC:R-HSA-8951664,,,
XKRX,REAC:R-HSA-8951664,,,
INSYN2B,REAC:R-HSA-8951664,,,
NEK10,REAC:R-HSA-8951664,,,
ATOH8,REAC:R-HSA-8951664,,,
NAA25,REAC:R-HSA-8951664,,,
TRIM71,REAC:R-HSA-8951664,,,
CDH11,REAC:R-HSA-8951664,,,
DCAF11,REAC:R-HSA-8951664,,,
NXT2,REAC:R-HSA-8951664,,,
SRSF6,REAC:R-HSA-8951664,,,
TMEM248,REAC:R-HSA-8951664,,,
VMP1,REAC:R-HSA-8951664,,,
DNAJB12,REAC:R-HSA-8951664,,,
TPRG1L,REAC:R-HSA-8951664,,,
GSK3B,REAC:R-HSA-8951664,,,
NUCKS1,REAC:R-HSA-8951664,,,
REEP1,REAC:R-HSA-8951664,,,
SCN5A,REAC:R-HSA-8951664,,,
UXS1,REAC:R-HSA-8951664,,,
DCTN5,REAC:R-HSA-8951664,,,
MED17,REAC:R-HSA-8951664,,,
SMOC2,REAC:R-HSA-8951664,,,
GTPBP8,REAC:R-HSA-8951664,,,
IRS1,REAC:R-HSA-8951664,,,
WDR20,REAC:R-HSA-8951664,,,
PTPN9,REAC:R-HSA-8951664,,,
ANKS1A,REAC:R-HSA-8951664,,,
SUSD6,REAC:R-HSA-8951664,,,
SETD9,REAC:R-HSA-8951664,,,
PRPSAP2,REAC:R-HSA-8951664,,,
MARCHF8,REAC:R-HSA-8951664,,,
BCL2L12,REAC:R-HSA-8951664,,,
ATP8A1,REAC:R-HSA-8951664,,,
ABRAXAS2,REAC:R-HSA-8951664,,,
TRAK1,REAC:R-HSA-8951664,,,
UBXN7,REAC:R-HSA-8951664,,,
MBD2,REAC:R-HSA-8951664,,,
WNT4,REAC:R-HSA-8951664,,,
GNAI1,REAC:R-HSA-9006931,,,
NCOA2,REAC:R-HSA-9006931,,,
PPP5C,REAC:R-HSA-9006931,,,
RUNX1,REAC:R-HSA-9006931,,,
CYP26B1,REAC:R-HSA-9006931,,,
AGO1,REAC:R-HSA-9006931,,,
H3-3B,REAC:R-HSA-9006931,,,
NR5A2,REAC:R-HSA-9006931,,,
ABCA1,REAC:R-HSA-9006931,,,
STAG2,REAC:R-HSA-9006931,,,
POU2F1,REAC:R-HSA-9006931,,,
IGF1R,REAC:R-HSA-9006931,,,
CDC23,REAC:R-HSA-9006931,,,
SSBP2,REAC:R-HSA-9006931,,,
TPM4,REAC:R-HSA-9006931,,,
LDLRAD3,REAC:R-HSA-9006931,,,
MAP2K6,REAC:R-HSA-9006931,,,
RPS6KA6,REAC:R-HSA-9006931,,,
EXPH5,REAC:R-HSA-9006931,,,
SRPK2,REAC:R-HSA-9006931,,,
SCD,REAC:R-HSA-9006931,,,
PDXDC1,REAC:R-HSA-9006931,,,
UEVLD,REAC:R-HSA-9006931,,,
RAB21,REAC:R-HSA-9006931,,,
BEST1,REAC:R-HSA-9006931,,,
TBP,REAC:R-HSA-9006931,,,
AAK1,REAC:R-HSA-9006931,,,
FNBP4,REAC:R-HSA-9006931,,,
ETNK2,REAC:R-HSA-9006931,,,
MKRN1,REAC:R-HSA-9006931,,,
ZNRF3,REAC:R-HSA-9006931,,,
ASB4,REAC:R-HSA-9006931,,,
SEPTIN8,REAC:R-HSA-9006931,,,
SLCO5A1,REAC:R-HSA-9006931,,,
SLC30A1,REAC:R-HSA-9006931,,,
PIP5KL1,REAC:R-HSA-9006931,,,
DPP8,REAC:R-HSA-9006931,,,
SGCZ,REAC:R-HSA-9006931,,,
ZNF507,REAC:R-HSA-9006931,,,
KIAA0232,REAC:R-HSA-9006931,,,
UNC13B,REAC:R-HSA-9006931,,,
SORCS1,REAC:R-HSA-9006931,,,
MTMR11,REAC:R-HSA-9006931,,,
GBA2,REAC:R-HSA-9006931,,,
PRDM16,REAC:R-HSA-9006931,,,
THAP11,REAC:R-HSA-9006931,,,
PDZD4,REAC:R-HSA-9006931,,,
PCDHA10,REAC:R-HSA-9006931,,,
MRS2,REAC:R-HSA-9006931,,,
ARMCX2,REAC:R-HSA-9006931,,,
RAP1B,REAC:R-HSA-9006931,,,
SNAI1,REAC:R-HSA-9006931,,,
LRATD1,REAC:R-HSA-9006931,,,
ANKH,REAC:R-HSA-9006931,,,
BRD4,REAC:R-HSA-9006931,,,
ZNF217,REAC:R-HSA-9006931,,,
COG5,REAC:R-HSA-9006931,,,
NUP133,REAC:R-HSA-9006931,,,
TNFSF10,REAC:R-HSA-9006931,,,
PPP1R12A,REAC:R-HSA-9006931,,,
VPS13D,REAC:R-HSA-9006931,,,
NCOA2,REAC:R-HSA-2151201,,,
FOXJ3,REAC:R-HSA-2151201,,,
EXPH5,REAC:R-HSA-2151201,,,
PHIP,REAC:R-HSA-2151201,,,
TBP,REAC:R-HSA-2151201,,,
ETNK2,REAC:R-HSA-2151201,,,
TMEM87B,REAC:R-HSA-2151201,,,
ZNRF3,REAC:R-HSA-2151201,,,
PANK3,REAC:R-HSA-2151201,,,
NDRG3,REAC:R-HSA-2151201,,,
RAB4A,REAC:R-HSA-2151201,,,
ANKH,REAC:R-HSA-2151201,,,
TNKS,REAC:R-HSA-2151201,,,
NUP133,REAC:R-HSA-2151201,,,
WNT7B,REAC:R-HSA-2151201,,,
SLC26A9,REAC:R-HSA-2151201,,,
TP53,REAC:R-HSA-114452,,,
YWHAG,REAC:R-HSA-114452,,,
DYNLL2,REAC:R-HSA-114452,,,
MAPK8,REAC:R-HSA-114452,,,
YWHAQ,REAC:R-HSA-114452,,,
CDCA3,REAC:R-HSA-114452,,,
DLG2,REAC:R-HSA-114452,,,
FEM1C,REAC:R-HSA-114452,,,
MAPK6,REAC:R-HSA-114452,,,
RSPO3,REAC:R-HSA-114452,,,
CCND1,REAC:R-HSA-114452,,,
TP53,REAC:R-HSA-166058,,,
SKP1,REAC:R-HSA-166058,,,
MAPK8,REAC:R-HSA-166058,,,
LDLRAD3,REAC:R-HSA-166058,,,
G3BP1,REAC:R-HSA-166058,,,
USP28,REAC:R-HSA-166058,,,
TRMT13,REAC:R-HSA-166058,,,
RTN4,REAC:R-HSA-166058,,,
TBP,REAC:R-HSA-166058,,,
E2F3,REAC:R-HSA-166058,,,
DDIAS,REAC:R-HSA-166058,,,
OTUD3,REAC:R-HSA-166058,,,
TBX4,REAC:R-HSA-166058,,,
FOXL1,REAC:R-HSA-166058,,,
PIP5KL1,REAC:R-HSA-166058,,,
SRD5A3,REAC:R-HSA-166058,,,
ARF3,REAC:R-HSA-166058,,,
LEF1,REAC:R-HSA-166058,,,
KDM5A,REAC:R-HSA-166058,,,
KCTD1,REAC:R-HSA-166058,,,
PRLR,REAC:R-HSA-166058,,,
SMOC2,REAC:R-HSA-166058,,,
PGPEP1,REAC:R-HSA-166058,,,
ATP6V1C1,REAC:R-HSA-166058,,,
EBF3,REAC:R-HSA-166058,,,
LIMD1,REAC:R-HSA-166058,,,
WNT7B,REAC:R-HSA-166058,,,
TRIQK,REAC:R-HSA-166058,,,
TP53,REAC:R-HSA-168188,,,
SKP1,REAC:R-HSA-168188,,,
MAPK8,REAC:R-HSA-168188,,,
LDLRAD3,REAC:R-HSA-168188,,,
G3BP1,REAC:R-HSA-168188,,,
USP28,REAC:R-HSA-168188,,,
TRMT13,REAC:R-HSA-168188,,,
RTN4,REAC:R-HSA-168188,,,
TBP,REAC:R-HSA-168188,,,
E2F3,REAC:R-HSA-168188,,,
DDIAS,REAC:R-HSA-168188,,,
OTUD3,REAC:R-HSA-168188,,,
TBX4,REAC:R-HSA-168188,,,
FOXL1,REAC:R-HSA-168188,,,
PIP5KL1,REAC:R-HSA-168188,,,
SRD5A3,REAC:R-HSA-168188,,,
ARF3,REAC:R-HSA-168188,,,
LEF1,REAC:R-HSA-168188,,,
KDM5A,REAC:R-HSA-168188,,,
KCTD1,REAC:R-HSA-168188,,,
PRLR,REAC:R-HSA-168188,,,
SMOC2,REAC:R-HSA-168188,,,
PGPEP1,REAC:R-HSA-168188,,,
ATP6V1C1,REAC:R-HSA-168188,,,
EBF3,REAC:R-HSA-168188,,,
LIMD1,REAC:R-HSA-168188,,,
WNT7B,REAC:R-HSA-168188,,,
TRIQK,REAC:R-HSA-168188,,,
LDLRAD3,REAC:R-HSA-112043,,,
PPM1K,REAC:R-HSA-112043,,,
TAF3,REAC:R-HSA-112043,,,
TIMP3,REAC:R-HSA-112043,,,
HECTD2,REAC:R-HSA-112043,,,
PRKCE,REAC:R-HSA-112043,,,
PLCL2,REAC:R-HSA-112043,,,
ATAD2,REAC:R-HSA-112043,,,
ABHD2,REAC:R-HSA-112043,,,
RGS9BP,REAC:R-HSA-112043,,,
EIF5B,REAC:R-HSA-112043,,,
EML4,REAC:R-HSA-112043,,,
PDPR,REAC:R-HSA-112043,,,
LIPH,REAC:R-HSA-112043,,,
PHKA1,REAC:R-HSA-112043,,,
SIM1,REAC:R-HSA-9839397,,,
USP12,REAC:R-HSA-9839397,,,
BTG1,REAC:R-HSA-9839397,,,
RPA1,REAC:R-HSA-453279,,,
SKP1,REAC:R-HSA-453279,,,
PRIM2,REAC:R-HSA-453279,,,
MAX,REAC:R-HSA-453279,,,
E2F5,REAC:R-HSA-453279,,,
ZNF597,REAC:R-HSA-453279,,,
WDR55,REAC:R-HSA-453279,,,
VTI1B,REAC:R-HSA-453279,,,
CSNK1G1,REAC:R-HSA-453279,,,
TRAPPC8,REAC:R-HSA-453279,,,
RSBN1L,REAC:R-HSA-453279,,,
DDIAS,REAC:R-HSA-453279,,,
GNAI3,REAC:R-HSA-453279,,,
NXT2,REAC:R-HSA-453279,,,
PTPRA,REAC:R-HSA-453279,,,
TNIK,REAC:R-HSA-453279,,,
NR2C2,REAC:R-HSA-453279,,,
EFS,REAC:R-HSA-453279,,,
VMP1,REAC:R-HSA-453279,,,
BACH2,REAC:R-HSA-453279,,,
PDE3B,REAC:R-HSA-453279,,,
DCTN5,REAC:R-HSA-453279,,,
IRS1,REAC:R-HSA-453279,,,
PTPN9,REAC:R-HSA-453279,,,
EBF3,REAC:R-HSA-453279,,,
ELAPOR1,REAC:R-HSA-453279,,,
SUSD6,REAC:R-HSA-453279,,,
ELN,REAC:R-HSA-453279,,,
RARB,REAC:R-HSA-453279,,,
GPR63,REAC:R-HSA-453279,,,
COG5,REAC:R-HSA-453279,,,
CCND1,REAC:R-HSA-453279,,,
MVB12B,REAC:R-HSA-453279,,,
FAM174B,REAC:R-HSA-453279,,,
ELAVL4,REAC:R-HSA-453279,,,
SKP1,REAC:R-HSA-450294,,,
MAPK8,REAC:R-HSA-450294,,,
LDLRAD3,REAC:R-HSA-450294,,,
G3BP1,REAC:R-HSA-450294,,,
USP28,REAC:R-HSA-450294,,,
TRMT13,REAC:R-HSA-450294,,,
TBP,REAC:R-HSA-450294,,,
E2F3,REAC:R-HSA-450294,,,
DDIAS,REAC:R-HSA-450294,,,
OTUD3,REAC:R-HSA-450294,,,
FOXL1,REAC:R-HSA-450294,,,
PIP5KL1,REAC:R-HSA-450294,,,
LEF1,REAC:R-HSA-450294,,,
KDM5A,REAC:R-HSA-450294,,,
KCTD1,REAC:R-HSA-450294,,,
SMOC2,REAC:R-HSA-450294,,,
EBF3,REAC:R-HSA-450294,,,
WNT7B,REAC:R-HSA-450294,,,
SMARCA4,REAC:R-HSA-9856651,,,
SMARCD1,REAC:R-HSA-9856651,,,
AGO1,REAC:R-HSA-9856651,,,
SMARCC1,REAC:R-HSA-9856651,,,
FBXO28,REAC:R-HSA-9856651,,,
ABI1,REAC:R-HSA-9856651,,,
ANK1,REAC:R-HSA-9856651,,,
TRIM5,REAC:R-HSA-9856651,,,
ATXN7L3,REAC:R-HSA-9856651,,,
SLC30A1,REAC:R-HSA-9856651,,,
TNIK,REAC:R-HSA-9856651,,,
CCDC71L,REAC:R-HSA-9856651,,,
UNC13B,REAC:R-HSA-9856651,,,
PRDM16,REAC:R-HSA-9856651,,,
KIAA1614,REAC:R-HSA-9856651,,,
ZSCAN25,REAC:R-HSA-9856651,,,
KCTD1,REAC:R-HSA-9856651,,,
USP9X,REAC:R-HSA-9856651,,,
MRS2,REAC:R-HSA-9856651,,,
DOT1L,REAC:R-HSA-9856651,,,
COG5,REAC:R-HSA-9856651,,,
RBFOX2,REAC:R-HSA-9856651,,,
SLC26A9,REAC:R-HSA-9856651,,,
SOCS4,REAC:R-HSA-9022707,,,
WNT7B,REAC:R-HSA-9022707,,,
KCND1,REAC:R-HSA-9022707,,,
DYNLL2,REAC:R-HSA-139910,,,
MAPK8,REAC:R-HSA-139910,,,
FEM1C,REAC:R-HSA-139910,,,
VGLL4,REAC:R-HSA-5250958,,,
HIF1AN,REAC:R-HSA-5250958,,,
ZC3H8,REAC:R-HSA-5250958,,,
ABI2,REAC:R-HSA-5663213,,,
LDLRAD3,REAC:R-HSA-5663213,,,
ZFP3,REAC:R-HSA-5663213,,,
CALM1,REAC:R-HSA-5663213,,,
DDI2,REAC:R-HSA-5663213,,,
POLR1C,REAC:R-HSA-5663213,,,
KIAA1614,REAC:R-HSA-5663213,,,
RAPGEF5,REAC:R-HSA-5663213,,,
PURA,REAC:R-HSA-5663213,,,
FRRS1L,REAC:R-HSA-5663213,,,
WTAP,REAC:R-HSA-5663213,,,
MAD2L1,REAC:R-HSA-5663213,,,
UBE2I,REAC:R-HSA-9694631,,,
VPS53,REAC:R-HSA-9694631,,,
SIX1,REAC:R-HSA-9694631,,,
DOCK6,REAC:R-HSA-9694631,,,
PLEKHA7,REAC:R-HSA-9694631,,,
NUDCD2,REAC:R-HSA-9694631,,,
HERPUD2,REAC:R-HSA-9694631,,,
E2F5,REAC:R-HSA-1362300,,,
EFS,REAC:R-HSA-1362300,,,
PDE3B,REAC:R-HSA-1362300,,,
ELAPOR1,REAC:R-HSA-1362300,,,
CCND1,REAC:R-HSA-1362300,,,
MVB12B,REAC:R-HSA-1362300,,,
FAM174B,REAC:R-HSA-1362300,,,
GNAI1,REAC:R-HSA-9009391,,,
IGF1R,REAC:R-HSA-9009391,,,
CDC23,REAC:R-HSA-9009391,,,
SSBP2,REAC:R-HSA-9009391,,,
LDLRAD3,REAC:R-HSA-9009391,,,
MAP2K6,REAC:R-HSA-9009391,,,
RPS6KA6,REAC:R-HSA-9009391,,,
PDXDC1,REAC:R-HSA-9009391,,,
UEVLD,REAC:R-HSA-9009391,,,
FNBP4,REAC:R-HSA-9009391,,,
MKRN1,REAC:R-HSA-9009391,,,
ASB4,REAC:R-HSA-9009391,,,
PIP5KL1,REAC:R-HSA-9009391,,,
DPP8,REAC:R-HSA-9009391,,,
SGCZ,REAC:R-HSA-9009391,,,
ZNF507,REAC:R-HSA-9009391,,,
KIAA0232,REAC:R-HSA-9009391,,,
RAP1B,REAC:R-HSA-9009391,,,
LRATD1,REAC:R-HSA-9009391,,,
COG5,REAC:R-HSA-9009391,,,
TP53,REAC:R-HSA-166166,,,
SKP1,REAC:R-HSA-166166,,,
MAPK8,REAC:R-HSA-166166,,,
LDLRAD3,REAC:R-HSA-166166,,,
G3BP1,REAC:R-HSA-166166,,,
USP28,REAC:R-HSA-166166,,,
TRMT13,REAC:R-HSA-166166,,,
RTN4,REAC:R-HSA-166166,,,
TBP,REAC:R-HSA-166166,,,
E2F3,REAC:R-HSA-166166,,,
DDIAS,REAC:R-HSA-166166,,,
OTUD3,REAC:R-HSA-166166,,,
FOXL1,REAC:R-HSA-166166,,,
PIP5KL1,REAC:R-HSA-166166,,,
ARF3,REAC:R-HSA-166166,,,
LEF1,REAC:R-HSA-166166,,,
KDM5A,REAC:R-HSA-166166,,,
KCTD1,REAC:R-HSA-166166,,,
PRLR,REAC:R-HSA-166166,,,
SMOC2,REAC:R-HSA-166166,,,
OXR1,REAC:R-HSA-166166,,,
PGPEP1,REAC:R-HSA-166166,,,
ATP6V1C1,REAC:R-HSA-166166,,,
EBF3,REAC:R-HSA-166166,,,
LIMD1,REAC:R-HSA-166166,,,
WNT7B,REAC:R-HSA-166166,,,
TRAK1,REAC:R-HSA-166166,,,
TP53,REAC:R-HSA-937061,,,
SKP1,REAC:R-HSA-937061,,,
MAPK8,REAC:R-HSA-937061,,,
LDLRAD3,REAC:R-HSA-937061,,,
G3BP1,REAC:R-HSA-937061,,,
USP28,REAC:R-HSA-937061,,,
TRMT13,REAC:R-HSA-937061,,,
RTN4,REAC:R-HSA-937061,,,
TBP,REAC:R-HSA-937061,,,
E2F3,REAC:R-HSA-937061,,,
DDIAS,REAC:R-HSA-937061,,,
OTUD3,REAC:R-HSA-937061,,,
FOXL1,REAC:R-HSA-937061,,,
PIP5KL1,REAC:R-HSA-937061,,,
ARF3,REAC:R-HSA-937061,,,
LEF1,REAC:R-HSA-937061,,,
KDM5A,REAC:R-HSA-937061,,,
KCTD1,REAC:R-HSA-937061,,,
PRLR,REAC:R-HSA-937061,,,
SMOC2,REAC:R-HSA-937061,,,
OXR1,REAC:R-HSA-937061,,,
PGPEP1,REAC:R-HSA-937061,,,
ATP6V1C1,REAC:R-HSA-937061,,,
EBF3,REAC:R-HSA-937061,,,
LIMD1,REAC:R-HSA-937061,,,
WNT7B,REAC:R-HSA-937061,,,
TRAK1,REAC:R-HSA-937061,,,
IGF1R,REAC:R-HSA-2404192,,,
RBM18,REAC:R-HSA-2404192,,,
SSBP2,REAC:R-HSA-2404192,,,
WAPL,REAC:R-HSA-2404192,,,
UEVLD,REAC:R-HSA-2404192,,,
SIM1,REAC:R-HSA-2404192,,,
ZBTB10,REAC:R-HSA-2404192,,,
ACTB,REAC:R-HSA-2404192,,,
ZC3H6,REAC:R-HSA-2404192,,,
DENND6A,REAC:R-HSA-2404192,,,
PTAR1,REAC:R-HSA-2404192,,,
RAP1B,REAC:R-HSA-2404192,,,
CACNA1E,REAC:R-HSA-2404192,,,
RER1,REAC:R-HSA-2404192,,,
RBM18,REAC:R-HSA-6811558,,,
LDLRAD3,REAC:R-HSA-6811558,,,
ZBTB6,REAC:R-HSA-6811558,,,
TFCP2L1,REAC:R-HSA-6811558,,,
RLIM,REAC:R-HSA-6811558,,,
PDXDC1,REAC:R-HSA-6811558,,,
TOM1L2,REAC:R-HSA-6811558,,,
UEVLD,REAC:R-HSA-6811558,,,
FNBP4,REAC:R-HSA-6811558,,,
MKRN1,REAC:R-HSA-6811558,,,
DDIAS,REAC:R-HSA-6811558,,,
SIM1,REAC:R-HSA-6811558,,,
ZBTB10,REAC:R-HSA-6811558,,,
ZNF507,REAC:R-HSA-6811558,,,
KIAA0232,REAC:R-HSA-6811558,,,
ZC3H6,REAC:R-HSA-6811558,,,
VXN,REAC:R-HSA-6811558,,,
DENND6A,REAC:R-HSA-6811558,,,
PTAR1,REAC:R-HSA-6811558,,,
CACNA1E,REAC:R-HSA-6811558,,,
IDE,REAC:R-HSA-6811558,,,
LRATD1,REAC:R-HSA-6811558,,,
EBF3,REAC:R-HSA-6811558,,,
MINDY1,REAC:R-HSA-6811558,,,
RER1,REAC:R-HSA-6811558,,,
CADM1,REAC:R-HSA-421270,,,
ZEB2,REAC:R-HSA-421270,,,
HOXC8,REAC:R-HSA-421270,,,
AGO1,REAC:R-HSA-421270,,,
GALNT7,REAC:R-HSA-421270,,,
UNC5D,REAC:R-HSA-421270,,,
CDK5R1,REAC:R-HSA-421270,,,
TMEM170A,REAC:R-HSA-421270,,,
DDI2,REAC:R-HSA-421270,,,
KDSR,REAC:R-HSA-421270,,,
MACROD2,REAC:R-HSA-421270,,,
BICRAL,REAC:R-HSA-421270,,,
SLC30A1,REAC:R-HSA-421270,,,
UNC13B,REAC:R-HSA-421270,,,
PRDM16,REAC:R-HSA-421270,,,
FOXK2,REAC:R-HSA-421270,,,
KIAA1614,REAC:R-HSA-421270,,,
SOX17,REAC:R-HSA-421270,,,
MRS2,REAC:R-HSA-421270,,,
FAR1,REAC:R-HSA-421270,,,
FNIP2,REAC:R-HSA-421270,,,
TTBK2,REAC:R-HSA-421270,,,
PACRGL,REAC:R-HSA-421270,,,
HNRNPA1,REAC:R-HSA-190236,,,
HNRNPF,REAC:R-HSA-190236,,,
RBM18,REAC:R-HSA-190236,,,
LDLRAD3,REAC:R-HSA-190236,,,
UEVLD,REAC:R-HSA-190236,,,
DDIAS,REAC:R-HSA-190236,,,
IPMK,REAC:R-HSA-190236,,,
SIM1,REAC:R-HSA-190236,,,
ZBTB10,REAC:R-HSA-190236,,,
MTSS2,REAC:R-HSA-190236,,,
RANBP10,REAC:R-HSA-190236,,,
USP12,REAC:R-HSA-190236,,,
THAP11,REAC:R-HSA-190236,,,
DENND6A,REAC:R-HSA-190236,,,
TOR1AIP2,REAC:R-HSA-190236,,,
RAP1B,REAC:R-HSA-190236,,,
CACNA1E,REAC:R-HSA-190236,,,
EBF3,REAC:R-HSA-190236,,,
RER1,REAC:R-HSA-190236,,,
BTG1,REAC:R-HSA-190236,,,
CALU,REAC:R-HSA-190236,,,
CHRDL1,REAC:R-HSA-201451,,,
FSTL1,REAC:R-HSA-201451,,,
SMAD2,REAC:R-HSA-201451,,,
TRPV3,REAC:R-HSA-201451,,,
GNA11,REAC:R-HSA-201451,,,
KMT2E,REAC:R-HSA-201451,,,
ZNF75A,REAC:R-HSA-201451,,,
DENND4A,REAC:R-HSA-201451,,,
HSPA8,REAC:R-HSA-201451,,,
BTG1,REAC:R-HSA-201451,,,
TRAK1,REAC:R-HSA-201451,,,
FOXN2,REAC:R-HSA-445095,,,
GRK3,REAC:R-HSA-445095,,,
UBN2,REAC:R-HSA-445095,,,
GINS1,REAC:R-HSA-445095,,,
AKAP12,REAC:R-HSA-445095,,,
BCL7C,REAC:R-HSA-445095,,,
DDI2,REAC:R-HSA-445095,,,
JPT1,REAC:R-HSA-445095,,,
PKN2,REAC:R-HSA-445095,,,
KIAA1614,REAC:R-HSA-445095,,,
PIK3CB,REAC:R-HSA-445095,,,
HAS2,REAC:R-HSA-3928665,,,
AMMECR1,REAC:R-HSA-3928665,,,
MASTL,REAC:R-HSA-3928665,,,
DERL2,REAC:R-HSA-3928665,,,
DDI2,REAC:R-HSA-3928665,,,
TBCEL,REAC:R-HSA-3928665,,,
BACH2,REAC:R-HSA-3928665,,,
KIAA1614,REAC:R-HSA-3928665,,,
CCNI2,REAC:R-HSA-3928665,,,
DHRS13,REAC:R-HSA-3928665,,,
SZRD1,REAC:R-HSA-3928665,,,
PTGFR,REAC:R-HSA-3928665,,,
IL6ST,REAC:R-HSA-3928665,,,
GNAQ,REAC:R-HSA-3928665,,,
ZNF236,REAC:R-HSA-3928665,,,
TP53,REAC:R-HSA-168138,,,
SKP1,REAC:R-HSA-168138,,,
MAPK8,REAC:R-HSA-168138,,,
LDLRAD3,REAC:R-HSA-168138,,,
G3BP1,REAC:R-HSA-168138,,,
USP28,REAC:R-HSA-168138,,,
TRMT13,REAC:R-HSA-168138,,,
RTN4,REAC:R-HSA-168138,,,
TBP,REAC:R-HSA-168138,,,
E2F3,REAC:R-HSA-168138,,,
DDIAS,REAC:R-HSA-168138,,,
OTUD3,REAC:R-HSA-168138,,,
TBX4,REAC:R-HSA-168138,,,
FOXL1,REAC:R-HSA-168138,,,
PIP5KL1,REAC:R-HSA-168138,,,
SRD5A3,REAC:R-HSA-168138,,,
ARF3,REAC:R-HSA-168138,,,
LEF1,REAC:R-HSA-168138,,,
KDM5A,REAC:R-HSA-168138,,,
KCTD1,REAC:R-HSA-168138,,,
PRLR,REAC:R-HSA-168138,,,
SMOC2,REAC:R-HSA-168138,,,
PGPEP1,REAC:R-HSA-168138,,,
ATP6V1C1,REAC:R-HSA-168138,,,
EBF3,REAC:R-HSA-168138,,,
LIMD1,REAC:R-HSA-168138,,,
WNT7B,REAC:R-HSA-168138,,,
TP53,REAC:R-HSA-168164,,,
SKP1,REAC:R-HSA-168164,,,
MAPK8,REAC:R-HSA-168164,,,
LDLRAD3,REAC:R-HSA-168164,,,
G3BP1,REAC:R-HSA-168164,,,
USP28,REAC:R-HSA-168164,,,
TRMT13,REAC:R-HSA-168164,,,
RTN4,REAC:R-HSA-168164,,,
TBP,REAC:R-HSA-168164,,,
E2F3,REAC:R-HSA-168164,,,
DDIAS,REAC:R-HSA-168164,,,
OTUD3,REAC:R-HSA-168164,,,
FOXL1,REAC:R-HSA-168164,,,
PIP5KL1,REAC:R-HSA-168164,,,
LEF1,REAC:R-HSA-168164,,,
KDM5A,REAC:R-HSA-168164,,,
KCTD1,REAC:R-HSA-168164,,,
PRLR,REAC:R-HSA-168164,,,
SMOC2,REAC:R-HSA-168164,,,
OXR1,REAC:R-HSA-168164,,,
PGPEP1,REAC:R-HSA-168164,,,
ATP6V1C1,REAC:R-HSA-168164,,,
EBF3,REAC:R-HSA-168164,,,
LIMD1,REAC:R-HSA-168164,,,
WNT7B,REAC:R-HSA-168164,,,
TRAK1,REAC:R-HSA-168164,,,
RPS3,REAC:R-HSA-1266738,,,
RPL14,REAC:R-HSA-1266738,,,
NRP1,REAC:R-HSA-1266738,,,
EMX2,REAC:R-HSA-1266738,,,
ITSN1,REAC:R-HSA-1266738,,,
DAG1,REAC:R-HSA-1266738,,,
PAK4,REAC:R-HSA-1266738,,,
PLXNA4,REAC:R-HSA-1266738,,,
PITPNA,REAC:R-HSA-1266738,,,
ZFPM2,REAC:R-HSA-1266738,,,
TP53,REAC:R-HSA-1266738,,,
ZEB2,REAC:R-HSA-1266738,,,
NCOA2,REAC:R-HSA-1266738,,,
SMARCA4,REAC:R-HSA-1266738,,,
TET3,REAC:R-HSA-1266738,,,
HMGCR,REAC:R-HSA-1266738,,,
ZNF423,REAC:R-HSA-1266738,,,
EBF1,REAC:R-HSA-1266738,,,
RUNX1,REAC:R-HSA-1266738,,,
SMARCD1,REAC:R-HSA-1266738,,,
MTA3,REAC:R-HSA-1266738,,,
ST8SIA2,REAC:R-HSA-1266738,,,
AGO1,REAC:R-HSA-1266738,,,
H3-3B,REAC:R-HSA-1266738,,,
ITGA10,REAC:R-HSA-1266738,,,
SMARCC1,REAC:R-HSA-1266738,,,
ACVR1C,REAC:R-HSA-1266738,,,
FLI1,REAC:R-HSA-1266738,,,
FAM102A,REAC:R-HSA-1266738,,,
RBM18,REAC:R-HSA-1266738,,,
FOXN2,REAC:R-HSA-1266738,,,
PGRMC2,REAC:R-HSA-1266738,,,
HAS2,REAC:R-HSA-1266738,,,
STXBP4,REAC:R-HSA-1266738,,,
NR6A1,REAC:R-HSA-1266738,,,
TPM4,REAC:R-HSA-1266738,,,
CCDC25,REAC:R-HSA-1266738,,,
LDLRAD3,REAC:R-HSA-1266738,,,
MAPK1,REAC:R-HSA-1266738,,,
TVP23B,REAC:R-HSA-1266738,,,
PPM1K,REAC:R-HSA-1266738,,,
NPR3,REAC:R-HSA-1266738,,,
ZXDA,REAC:R-HSA-1266738,,,
ZNF644,REAC:R-HSA-1266738,,,
FOXP1,REAC:R-HSA-1266738,,,
G3BP1,REAC:R-HSA-1266738,,,
RALGPS1,REAC:R-HSA-1266738,,,
SMAD2,REAC:R-HSA-1266738,,,
NUFIP2,REAC:R-HSA-1266738,,,
USP28,REAC:R-HSA-1266738,,,
GRK3,REAC:R-HSA-1266738,,,
MIPOL1,REAC:R-HSA-1266738,,,
AMMECR1,REAC:R-HSA-1266738,,,
SMS,REAC:R-HSA-1266738,,,
RABEP1,REAC:R-HSA-1266738,,,
EXPH5,REAC:R-HSA-1266738,,,
MSI2,REAC:R-HSA-1266738,,,
MAPK1IP1L,REAC:R-HSA-1266738,,,
NAPEPLD,REAC:R-HSA-1266738,,,
SCD,REAC:R-HSA-1266738,,,
UBN2,REAC:R-HSA-1266738,,,
GINS1,REAC:R-HSA-1266738,,,
RPP14,REAC:R-HSA-1266738,,,
ALPK3,REAC:R-HSA-1266738,,,
TOM1L2,REAC:R-HSA-1266738,,,
MBOAT2,REAC:R-HSA-1266738,,,
UEVLD,REAC:R-HSA-1266738,,,
NAA15,REAC:R-HSA-1266738,,,
TFAP2B,REAC:R-HSA-1266738,,,
C1orf21,REAC:R-HSA-1266738,,,
FBXO28,REAC:R-HSA-1266738,,,
CYB561,REAC:R-HSA-1266738,,,
SLC39A6,REAC:R-HSA-1266738,,,
ENAH,REAC:R-HSA-1266738,,,
MASTL,REAC:R-HSA-1266738,,,
AKAP12,REAC:R-HSA-1266738,,,
LHX4,REAC:R-HSA-1266738,,,
ANK3,REAC:R-HSA-1266738,,,
PHIP,REAC:R-HSA-1266738,,,
ABI1,REAC:R-HSA-1266738,,,
CYP4F11,REAC:R-HSA-1266738,,,
BCL7C,REAC:R-HSA-1266738,,,
ETNK2,REAC:R-HSA-1266738,,,
PCDH19,REAC:R-HSA-1266738,,,
LUC7L2,REAC:R-HSA-1266738,,,
TENT5C,REAC:R-HSA-1266738,,,
ANK1,REAC:R-HSA-1266738,,,
GRAMD1B,REAC:R-HSA-1266738,,,
DLG3,REAC:R-HSA-1266738,,,
BAK1,REAC:R-HSA-1266738,,,
CDC25A,REAC:R-HSA-1266738,,,
KCNJ15,REAC:R-HSA-1266738,,,
ZBTB20,REAC:R-HSA-1266738,,,
DERL2,REAC:R-HSA-1266738,,,
TRIM5,REAC:R-HSA-1266738,,,
XKRX,REAC:R-HSA-1266738,,,
HIF3A,REAC:R-HSA-1266738,,,
DOCK6,REAC:R-HSA-1266738,,,
SLC25A15,REAC:R-HSA-1266738,,,
ZNRF3,REAC:R-HSA-1266738,,,
SFMBT2,REAC:R-HSA-1266738,,,
NCKAP5,REAC:R-HSA-1266738,,,
DDI2,REAC:R-HSA-1266738,,,
BCL11B,REAC:R-HSA-1266738,,,
ECE1,REAC:R-HSA-1266738,,,
UBE2Z,REAC:R-HSA-1266738,,,
VPS13A,REAC:R-HSA-1266738,,,
HPS5,REAC:R-HSA-1266738,,,
KDM6B,REAC:R-HSA-1266738,,,
FBXO39,REAC:R-HSA-1266738,,,
PARD6B,REAC:R-HSA-1266738,,,
NXT2,REAC:R-HSA-1266738,,,
ATXN7L3,REAC:R-HSA-1266738,,,
BICD1,REAC:R-HSA-1266738,,,
S1PR1,REAC:R-HSA-1266738,,,
PSME3,REAC:R-HSA-1266738,,,
SIM1,REAC:R-HSA-1266738,,,
FGF2,REAC:R-HSA-1266738,,,
ZBTB10,REAC:R-HSA-1266738,,,
NUDCD3,REAC:R-HSA-1266738,,,
SLCO5A1,REAC:R-HSA-1266738,,,
LYSMD3,REAC:R-HSA-1266738,,,
SLC30A1,REAC:R-HSA-1266738,,,
CLCN3,REAC:R-HSA-1266738,,,
FSTL4,REAC:R-HSA-1266738,,,
TNIK,REAC:R-HSA-1266738,,,
TMED4,REAC:R-HSA-1266738,,,
TBCEL,REAC:R-HSA-1266738,,,
TOP1,REAC:R-HSA-1266738,,,
GNA11,REAC:R-HSA-1266738,,,
DUSP8,REAC:R-HSA-1266738,,,
LRP2,REAC:R-HSA-1266738,,,
BMP2K,REAC:R-HSA-1266738,,,
ARFGEF3,REAC:R-HSA-1266738,,,
PAPOLA,REAC:R-HSA-1266738,,,
USP44,REAC:R-HSA-1266738,,,
VMP1,REAC:R-HSA-1266738,,,
CCDC71L,REAC:R-HSA-1266738,,,
KMT2E,REAC:R-HSA-1266738,,,
PCP4L1,REAC:R-HSA-1266738,,,
PSKH1,REAC:R-HSA-1266738,,,
BACH2,REAC:R-HSA-1266738,,,
KIAA0232,REAC:R-HSA-1266738,,,
UNC13B,REAC:R-HSA-1266738,,,
MYH9,REAC:R-HSA-1266738,,,
SLC30A5,REAC:R-HSA-1266738,,,
TNRC6B,REAC:R-HSA-1266738,,,
MYCN,REAC:R-HSA-1266738,,,
JPT1,REAC:R-HSA-1266738,,,
VPS54,REAC:R-HSA-1266738,,,
PRDM16,REAC:R-HSA-1266738,,,
PKN2,REAC:R-HSA-1266738,,,
PLEKHA7,REAC:R-HSA-1266738,,,
FAM126B,REAC:R-HSA-1266738,,,
KSR1,REAC:R-HSA-1266738,,,
KIAA1614,REAC:R-HSA-1266738,,,
ZSCAN25,REAC:R-HSA-1266738,,,
MPPED2,REAC:R-HSA-1266738,,,
PDE3B,REAC:R-HSA-1266738,,,
RICTOR,REAC:R-HSA-1266738,,,
ATXN1,REAC:R-HSA-1266738,,,
ZC3H6,REAC:R-HSA-1266738,,,
CEP97,REAC:R-HSA-1266738,,,
THAP11,REAC:R-HSA-1266738,,,
PIK3CB,REAC:R-HSA-1266738,,,
HIC2,REAC:R-HSA-1266738,,,
RNF152,REAC:R-HSA-1266738,,,
KCNC3,REAC:R-HSA-1266738,,,
JAM2,REAC:R-HSA-1266738,,,
TNFAIP8,REAC:R-HSA-1266738,,,
AVL9,REAC:R-HSA-1266738,,,
KCTD1,REAC:R-HSA-1266738,,,
LMNB1,REAC:R-HSA-1266738,,,
DCTN5,REAC:R-HSA-1266738,,,
PRLR,REAC:R-HSA-1266738,,,
RAB9B,REAC:R-HSA-1266738,,,
USP9X,REAC:R-HSA-1266738,,,
ACBD3,REAC:R-HSA-1266738,,,
PDZD4,REAC:R-HSA-1266738,,,
CENPO,REAC:R-HSA-1266738,,,
PIP4P1,REAC:R-HSA-1266738,,,
CNN2,REAC:R-HSA-1266738,,,
UBXN10,REAC:R-HSA-1266738,,,
RASAL2,REAC:R-HSA-1266738,,,
KRT80,REAC:R-HSA-1266738,,,
RAPGEF5,REAC:R-HSA-1266738,,,
NGFR,REAC:R-HSA-1266738,,,
TIMM50,REAC:R-HSA-1266738,,,
IRS1,REAC:R-HSA-1266738,,,
CCNI2,REAC:R-HSA-1266738,,,
DHRS13,REAC:R-HSA-1266738,,,
MRS2,REAC:R-HSA-1266738,,,
EPHB2,REAC:R-HSA-1266738,,,
SZRD1,REAC:R-HSA-1266738,,,
FRRS1L,REAC:R-HSA-1266738,,,
DMXL1,REAC:R-HSA-1266738,,,
BCL9L,REAC:R-HSA-1266738,,,
PTGFR,REAC:R-HSA-1266738,,,
FNIP2,REAC:R-HSA-1266738,,,
RAP1B,REAC:R-HSA-1266738,,,
SNAI1,REAC:R-HSA-1266738,,,
PTPN9,REAC:R-HSA-1266738,,,
DDX19A,REAC:R-HSA-1266738,,,
NHS,REAC:R-HSA-1266738,,,
IDE,REAC:R-HSA-1266738,,,
IL6ST,REAC:R-HSA-1266738,,,
DOT1L,REAC:R-HSA-1266738,,,
NRXN1,REAC:R-HSA-1266738,,,
NSF,REAC:R-HSA-1266738,,,
RNF8,REAC:R-HSA-1266738,,,
ANKH,REAC:R-HSA-1266738,,,
AP1G1,REAC:R-HSA-1266738,,,
RBAK,REAC:R-HSA-1266738,,,
RAB18,REAC:R-HSA-1266738,,,
SUSD6,REAC:R-HSA-1266738,,,
ZNF217,REAC:R-HSA-1266738,,,
LEMD2,REAC:R-HSA-1266738,,,
ISG20L2,REAC:R-HSA-1266738,,,
RARB,REAC:R-HSA-1266738,,,
CASP10,REAC:R-HSA-1266738,,,
TNKS,REAC:R-HSA-1266738,,,
COG5,REAC:R-HSA-1266738,,,
CCND1,REAC:R-HSA-1266738,,,
FAM135A,REAC:R-HSA-1266738,,,
NUP133,REAC:R-HSA-1266738,,,
PPP1R15B,REAC:R-HSA-1266738,,,
MAD2L1,REAC:R-HSA-1266738,,,
EPB41L5,REAC:R-HSA-1266738,,,
IPCEF1,REAC:R-HSA-1266738,,,
SESTD1,REAC:R-HSA-1266738,,,
GNAQ,REAC:R-HSA-1266738,,,
YIPF2,REAC:R-HSA-1266738,,,
WNT7B,REAC:R-HSA-1266738,,,
KCND1,REAC:R-HSA-1266738,,,
RBFOX2,REAC:R-HSA-1266738,,,
MEF2C,REAC:R-HSA-1266738,,,
MMP11,REAC:R-HSA-1266738,,,
ZNF236,REAC:R-HSA-1266738,,,
KPNA1,REAC:R-HSA-1266738,,,
ANKRD9,REAC:R-HSA-1266738,,,
SLC26A9,REAC:R-HSA-1266738,,,
ZNF689,REAC:R-HSA-1266738,,,
TP53,REAC:R-HSA-181438,,,
SKP1,REAC:R-HSA-181438,,,
MAPK8,REAC:R-HSA-181438,,,
LDLRAD3,REAC:R-HSA-181438,,,
G3BP1,REAC:R-HSA-181438,,,
USP28,REAC:R-HSA-181438,,,
TRMT13,REAC:R-HSA-181438,,,
RTN4,REAC:R-HSA-181438,,,
TBP,REAC:R-HSA-181438,,,
E2F3,REAC:R-HSA-181438,,,
DDIAS,REAC:R-HSA-181438,,,
OTUD3,REAC:R-HSA-181438,,,
TBX4,REAC:R-HSA-181438,,,
FOXL1,REAC:R-HSA-181438,,,
PIP5KL1,REAC:R-HSA-181438,,,
SRD5A3,REAC:R-HSA-181438,,,
ARF3,REAC:R-HSA-181438,,,
LEF1,REAC:R-HSA-181438,,,
KDM5A,REAC:R-HSA-181438,,,
KCTD1,REAC:R-HSA-181438,,,
PRLR,REAC:R-HSA-181438,,,
SMOC2,REAC:R-HSA-181438,,,
PGPEP1,REAC:R-HSA-181438,,,
ATP6V1C1,REAC:R-HSA-181438,,,
EBF3,REAC:R-HSA-181438,,,
LIMD1,REAC:R-HSA-181438,,,
WNT7B,REAC:R-HSA-181438,,,
TRIQK,REAC:R-HSA-181438,,,
RBM18,REAC:R-HSA-74751,,,
SSBP2,REAC:R-HSA-74751,,,
LDLRAD3,REAC:R-HSA-74751,,,
UEVLD,REAC:R-HSA-74751,,,
SIM1,REAC:R-HSA-74751,,,
ZBTB10,REAC:R-HSA-74751,,,
ACTB,REAC:R-HSA-74751,,,
ZC3H6,REAC:R-HSA-74751,,,
DENND6A,REAC:R-HSA-74751,,,
PTAR1,REAC:R-HSA-74751,,,
RAP1B,REAC:R-HSA-74751,,,
CACNA1E,REAC:R-HSA-74751,,,
MINDY1,REAC:R-HSA-74751,,,
RER1,REAC:R-HSA-74751,,,
TP53,REAC:R-HSA-168179,,,
SKP1,REAC:R-HSA-168179,,,
MAPK8,REAC:R-HSA-168179,,,
LDLRAD3,REAC:R-HSA-168179,,,
G3BP1,REAC:R-HSA-168179,,,
USP28,REAC:R-HSA-168179,,,
TRMT13,REAC:R-HSA-168179,,,
RTN4,REAC:R-HSA-168179,,,
TBP,REAC:R-HSA-168179,,,
E2F3,REAC:R-HSA-168179,,,
DDIAS,REAC:R-HSA-168179,,,
OTUD3,REAC:R-HSA-168179,,,
TBX4,REAC:R-HSA-168179,,,
FOXL1,REAC:R-HSA-168179,,,
PIP5KL1,REAC:R-HSA-168179,,,
SRD5A3,REAC:R-HSA-168179,,,
ARF3,REAC:R-HSA-168179,,,
LEF1,REAC:R-HSA-168179,,,
KDM5A,REAC:R-HSA-168179,,,
KCTD1,REAC:R-HSA-168179,,,
PRLR,REAC:R-HSA-168179,,,
SMOC2,REAC:R-HSA-168179,,,
PGPEP1,REAC:R-HSA-168179,,,
ATP6V1C1,REAC:R-HSA-168179,,,
EBF3,REAC:R-HSA-168179,,,
LIMD1,REAC:R-HSA-168179,,,
WNT7B,REAC:R-HSA-168179,,,
TRIQK,REAC:R-HSA-168179,,,
RAB5B,REAC:R-HSA-8873719,,,
RAB15,REAC:R-HSA-8873719,,,
ZZZ3,REAC:R-HSA-8873719,,,
IPO9,REAC:R-HSA-8873719,,,
NEDD4L,REAC:R-HSA-8873719,,,
OTUD4,REAC:R-HSA-8873719,,,
FITM2,REAC:R-HSA-8873719,,,
DCUN1D4,REAC:R-HSA-8873719,,,
INPP5K,REAC:R-HSA-8873719,,,
ENTPD4,REAC:R-HSA-8873719,,,
UBE2J1,REAC:R-HSA-8873719,,,
KLF10,REAC:R-HSA-8873719,,,
PAX5,REAC:R-HSA-8873719,,,
PARP6,REAC:R-HSA-8873719,,,
DYRK2,REAC:R-HSA-8873719,,,
PPM1L,REAC:R-HSA-8873719,,,
RAD54L2,REAC:R-HSA-8873719,,,
AFF4,REAC:R-HSA-8873719,,,
RBM18,REAC:R-HSA-199418,,,
LDLRAD3,REAC:R-HSA-199418,,,
ZBTB6,REAC:R-HSA-199418,,,
TFCP2L1,REAC:R-HSA-199418,,,
RLIM,REAC:R-HSA-199418,,,
PDXDC1,REAC:R-HSA-199418,,,
TOM1L2,REAC:R-HSA-199418,,,
UEVLD,REAC:R-HSA-199418,,,
SLC4A8,REAC:R-HSA-199418,,,
FNBP4,REAC:R-HSA-199418,,,
MKRN1,REAC:R-HSA-199418,,,
DDIAS,REAC:R-HSA-199418,,,
SIM1,REAC:R-HSA-199418,,,
ZBTB10,REAC:R-HSA-199418,,,
ZNF507,REAC:R-HSA-199418,,,
KIAA0232,REAC:R-HSA-199418,,,
ZC3H6,REAC:R-HSA-199418,,,
VXN,REAC:R-HSA-199418,,,
DENND6A,REAC:R-HSA-199418,,,
PTAR1,REAC:R-HSA-199418,,,
CACNA1E,REAC:R-HSA-199418,,,
IDE,REAC:R-HSA-199418,,,
LRATD1,REAC:R-HSA-199418,,,
EBF3,REAC:R-HSA-199418,,,
MINDY1,REAC:R-HSA-199418,,,
RER1,REAC:R-HSA-199418,,,
HNRNPA1,REAC:R-HSA-5654738,,,
HNRNPF,REAC:R-HSA-5654738,,,
RBM18,REAC:R-HSA-5654738,,,
LDLRAD3,REAC:R-HSA-5654738,,,
UEVLD,REAC:R-HSA-5654738,,,
DDIAS,REAC:R-HSA-5654738,,,
IPMK,REAC:R-HSA-5654738,,,
SIM1,REAC:R-HSA-5654738,,,
ZBTB10,REAC:R-HSA-5654738,,,
MTSS2,REAC:R-HSA-5654738,,,
RANBP10,REAC:R-HSA-5654738,,,
THAP11,REAC:R-HSA-5654738,,,
DENND6A,REAC:R-HSA-5654738,,,
RAP1B,REAC:R-HSA-5654738,,,
CACNA1E,REAC:R-HSA-5654738,,,
EBF3,REAC:R-HSA-5654738,,,
RER1,REAC:R-HSA-5654738,,,
CALU,REAC:R-HSA-5654738,,,
NRP1,REAC:R-HSA-373755,,,
PLXNA4,REAC:R-HSA-373755,,,
STXBP4,REAC:R-HSA-373755,,,
GRAMD1B,REAC:R-HSA-373755,,,
DLG3,REAC:R-HSA-373755,,,
SFMBT2,REAC:R-HSA-373755,,,
CLCN3,REAC:R-HSA-373755,,,
PAPOLA,REAC:R-HSA-373755,,,
PCP4L1,REAC:R-HSA-373755,,,
PSKH1,REAC:R-HSA-373755,,,
PLEKHA7,REAC:R-HSA-373755,,,
RNF152,REAC:R-HSA-373755,,,
AVL9,REAC:R-HSA-373755,,,
EPHB2,REAC:R-HSA-373755,,,
DMXL1,REAC:R-HSA-373755,,,
PPP1R15B,REAC:R-HSA-373755,,,
YIPF2,REAC:R-HSA-373755,,,
MMP11,REAC:R-HSA-373755,,,
NRP1,REAC:R-HSA-194138,,,
ABI2,REAC:R-HSA-194138,,,
SSBP2,REAC:R-HSA-194138,,,
UEVLD,REAC:R-HSA-194138,,,
POLH,REAC:R-HSA-194138,,,
CALM1,REAC:R-HSA-194138,,,
CDC25A,REAC:R-HSA-194138,,,
PLCL2,REAC:R-HSA-194138,,,
DDI2,REAC:R-HSA-194138,,,
CLCN3,REAC:R-HSA-194138,,,
LRP2,REAC:R-HSA-194138,,,
POLR1C,REAC:R-HSA-194138,,,
KIAA1614,REAC:R-HSA-194138,,,
STK40,REAC:R-HSA-194138,,,
ZBTB12,REAC:R-HSA-194138,,,
ZC3H6,REAC:R-HSA-194138,,,
KIAA1755,REAC:R-HSA-194138,,,
KCTD1,REAC:R-HSA-194138,,,
PURA,REAC:R-HSA-194138,,,
SZRD1,REAC:R-HSA-194138,,,
FAR1,REAC:R-HSA-194138,,,
RAP1B,REAC:R-HSA-194138,,,
RBAK,REAC:R-HSA-194138,,,
MAD2L1,REAC:R-HSA-194138,,,
THRB,REAC:R-HSA-194138,,,
GNAQ,REAC:R-HSA-194138,,,
AGO1,REAC:R-HSA-5687128,,,
COX7A2L,REAC:R-HSA-5687128,,,
NXT2,REAC:R-HSA-5687128,,,
SLCO5A1,REAC:R-HSA-5687128,,,
SLC30A1,REAC:R-HSA-5687128,,,
CLCN3,REAC:R-HSA-5687128,,,
HCN1,REAC:R-HSA-5687128,,,
VMP1,REAC:R-HSA-5687128,,,
UNC13B,REAC:R-HSA-5687128,,,
PRDM16,REAC:R-HSA-5687128,,,
DIO2,REAC:R-HSA-5687128,,,
ARHGAP6,REAC:R-HSA-5687128,,,
DCTN5,REAC:R-HSA-5687128,,,
IRS1,REAC:R-HSA-5687128,,,
MRS2,REAC:R-HSA-5687128,,,
PTPN9,REAC:R-HSA-5687128,,,
NHS,REAC:R-HSA-5687128,,,
ELAPOR1,REAC:R-HSA-5687128,,,
SUSD6,REAC:R-HSA-5687128,,,
NOS1,REAC:R-HSA-5687128,,,
RARB,REAC:R-HSA-5687128,,,
MAD2L1,REAC:R-HSA-5687128,,,
DLGAP2,REAC:R-HSA-5687128,,,
PAK4,REAC:R-HSA-9013423,,,
ABI2,REAC:R-HSA-9013423,,,
BAZ2A,REAC:R-HSA-9013423,,,
TRUB1,REAC:R-HSA-9013423,,,
RNF4,REAC:R-HSA-9013423,,,
UEVLD,REAC:R-HSA-9013423,,,
CALM1,REAC:R-HSA-9013423,,,
SHE,REAC:R-HSA-9013423,,,
HAUS8,REAC:R-HSA-9013423,,,
XKR4,REAC:R-HSA-9013423,,,
AP3M1,REAC:R-HSA-9013423,,,
ARFGEF3,REAC:R-HSA-9013423,,,
PIK3R3,REAC:R-HSA-9013423,,,
POLR1C,REAC:R-HSA-9013423,,,
FBXL13,REAC:R-HSA-9013423,,,
SERAC1,REAC:R-HSA-9013423,,,
UBE3C,REAC:R-HSA-9013423,,,
MCF2L,REAC:R-HSA-9013423,,,
SSR1,REAC:R-HSA-9013423,,,
IGF2BP1,REAC:R-HSA-9013423,,,
DDX19B,REAC:R-HSA-9013423,,,
MAD2L1,REAC:R-HSA-9013423,,,
GNAQ,REAC:R-HSA-9013423,,,
SH3PXD2A,REAC:R-HSA-9013423,,,
TRIM24,REAC:R-HSA-5655302,,,
RBM18,REAC:R-HSA-5655302,,,
UEVLD,REAC:R-HSA-5655302,,,
AGMAT,REAC:R-HSA-5655302,,,
ANK3,REAC:R-HSA-5655302,,,
ZNF470,REAC:R-HSA-5655302,,,
SIM1,REAC:R-HSA-5655302,,,
ZBTB10,REAC:R-HSA-5655302,,,
DENND6A,REAC:R-HSA-5655302,,,
RAP1B,REAC:R-HSA-5655302,,,
IGF2BP1,REAC:R-HSA-5655302,,,
TPD52,REAC:R-HSA-432722,,,
VGLL4,REAC:R-HSA-432722,,,
FSD1L,REAC:R-HSA-432722,,,
CYSLTR1,REAC:R-HSA-432722,,,
RICTOR,REAC:R-HSA-432722,,,
POLR2F,REAC:R-HSA-432722,,,
TNFAIP8,REAC:R-HSA-432722,,,
GRM4,REAC:R-HSA-432722,,,
AGAP1,REAC:R-HSA-432722,,,
WASL,REAC:R-HSA-432722,,,
ZNF282,REAC:R-HSA-432722,,,
UBE3C,REAC:R-HSA-432722,,,
TOB2,REAC:R-HSA-432722,,,
MFN2,REAC:R-HSA-432722,,,
ATP1A2,REAC:R-HSA-432722,,,
TMED9,REAC:R-HSA-432722,,,
AGO1,REAC:R-HSA-426486,,,
ESR2,REAC:R-HSA-426486,,,
ANK1,REAC:R-HSA-426486,,,
SLC30A1,REAC:R-HSA-426486,,,
MRS2,REAC:R-HSA-426486,,,
NRP1,REAC:R-HSA-447041,,,
ITGA10,REAC:R-HSA-447041,,,
BCL7C,REAC:R-HSA-447041,,,
TNFAIP8,REAC:R-HSA-447041,,,
DMXL1,REAC:R-HSA-447041,,,
NRP1,REAC:R-HSA-399956,,,
PLXNA4,REAC:R-HSA-399956,,,
STXBP4,REAC:R-HSA-399956,,,
GRAMD1B,REAC:R-HSA-399956,,,
DLG3,REAC:R-HSA-399956,,,
PLEKHA7,REAC:R-HSA-399956,,,
YIPF2,REAC:R-HSA-399956,,,
AGO1,REAC:R-HSA-8943723,,,
SLC30A1,REAC:R-HSA-8943723,,,
UNC13B,REAC:R-HSA-8943723,,,
PRDM16,REAC:R-HSA-8943723,,,
MRS2,REAC:R-HSA-8943723,,,
CDCA3,REAC:R-HSA-111453,,,
ANK3,REAC:R-HSA-111453,,,
FEM1C,REAC:R-HSA-111453,,,
MAPK6,REAC:R-HSA-111453,,,
N4BP1,REAC:R-HSA-111453,,,
SLC2A1,REAC:R-HSA-8875656,,,
AMMECR1L,REAC:R-HSA-8875656,,,
ZBTB10,REAC:R-HSA-8875656,,,
KLF10,REAC:R-HSA-8875656,,,
BTBD9,REAC:R-HSA-8875656,,,
GNAI1,REAC:R-HSA-977443,,,
CDC23,REAC:R-HSA-977443,,,
RPS6KA6,REAC:R-HSA-977443,,,
SETD6,REAC:R-HSA-977443,,,
ABHD2,REAC:R-HSA-977443,,,
NCS1,REAC:R-HSA-977443,,,
ASB4,REAC:R-HSA-977443,,,
DPP8,REAC:R-HSA-977443,,,
PLA2G2C,REAC:R-HSA-977443,,,
EML4,REAC:R-HSA-977443,,,
PDPR,REAC:R-HSA-977443,,,
SESN3,REAC:R-HSA-977443,,,
LIPH,REAC:R-HSA-977443,,,
BHLHE41,REAC:R-HSA-977443,,,
TMEM38A,REAC:R-HSA-977443,,,
CHI3L1,REAC:R-HSA-977443,,,
GABRA3,REAC:R-HSA-977443,,,
RUNX1,REAC:R-HSA-8939256,,,
MKRN1,REAC:R-HSA-8939256,,,
SNAI1,REAC:R-HSA-8939256,,,
GGA3,REAC:R-HSA-8939256,,,
MEF2D,REAC:R-HSA-6802953,,,
CCDC6,REAC:R-HSA-6802953,,,
TOR1AIP2,REAC:R-HSA-6802953,,,
RAP1B,REAC:R-HSA-6802953,,,
FZD4,REAC:R-HSA-195721,,,
SMARCA4,REAC:R-HSA-195721,,,
CUL3,REAC:R-HSA-195721,,,
SKP1,REAC:R-HSA-195721,,,
AGO1,REAC:R-HSA-195721,,,
H3-3B,REAC:R-HSA-195721,,,
CSNK1G2,REAC:R-HSA-195721,,,
CDC23,REAC:R-HSA-195721,,,
VPS53,REAC:R-HSA-195721,,,
WDR37,REAC:R-HSA-195721,,,
TFCP2L1,REAC:R-HSA-195721,,,
CHST14,REAC:R-HSA-195721,,,
AMMECR1,REAC:R-HSA-195721,,,
RPS6KA6,REAC:R-HSA-195721,,,
SCD,REAC:R-HSA-195721,,,
FBXO41,REAC:R-HSA-195721,,,
GOLGA3,REAC:R-HSA-195721,,,
SMIM14,REAC:R-HSA-195721,,,
HECTD2,REAC:R-HSA-195721,,,
TMEM26,REAC:R-HSA-195721,,,
CDC40,REAC:R-HSA-195721,,,
PLCL2,REAC:R-HSA-195721,,,
TRIM5,REAC:R-HSA-195721,,,
DDIAS,REAC:R-HSA-195721,,,
ARRDC3,REAC:R-HSA-195721,,,
NCKAP5,REAC:R-HSA-195721,,,
SMAD5,REAC:R-HSA-195721,,,
DLG2,REAC:R-HSA-195721,,,
PAK5,REAC:R-HSA-195721,,,
NXT2,REAC:R-HSA-195721,,,
SLC30A1,REAC:R-HSA-195721,,,
INTS8,REAC:R-HSA-195721,,,
PPP6C,REAC:R-HSA-195721,,,
DPP8,REAC:R-HSA-195721,,,
TACC1,REAC:R-HSA-195721,,,
VMP1,REAC:R-HSA-195721,,,
UNC13B,REAC:R-HSA-195721,,,
KCNS2,REAC:R-HSA-195721,,,
PRDM16,REAC:R-HSA-195721,,,
STX16,REAC:R-HSA-195721,,,
PLEKHA7,REAC:R-HSA-195721,,,
REEP1,REAC:R-HSA-195721,,,
ZSCAN25,REAC:R-HSA-195721,,,
GNA13,REAC:R-HSA-195721,,,
VANGL1,REAC:R-HSA-195721,,,
DCTN5,REAC:R-HSA-195721,,,
ZBTB8B,REAC:R-HSA-195721,,,
ACBD3,REAC:R-HSA-195721,,,
SMOC2,REAC:R-HSA-195721,,,
ELP1,REAC:R-HSA-195721,,,
IRS1,REAC:R-HSA-195721,,,
MRS2,REAC:R-HSA-195721,,,
MAFG,REAC:R-HSA-195721,,,
RHOBTB1,REAC:R-HSA-195721,,,
ANKRD28,REAC:R-HSA-195721,,,
PTPN9,REAC:R-HSA-195721,,,
EBF3,REAC:R-HSA-195721,,,
SUSD6,REAC:R-HSA-195721,,,
GGA3,REAC:R-HSA-195721,,,
LEMD2,REAC:R-HSA-195721,,,
RSPO3,REAC:R-HSA-195721,,,
GGCT,REAC:R-HSA-195721,,,
CASP10,REAC:R-HSA-195721,,,
G3BP2,REAC:R-HSA-195721,,,
SOX11,REAC:R-HSA-195721,,,
MEF2C,REAC:R-HSA-195721,,,
RBM18,REAC:R-HSA-2219530,,,
ZBTB6,REAC:R-HSA-2219530,,,
PDXDC1,REAC:R-HSA-2219530,,,
TOM1L2,REAC:R-HSA-2219530,,,
UEVLD,REAC:R-HSA-2219530,,,
FNBP4,REAC:R-HSA-2219530,,,
MKRN1,REAC:R-HSA-2219530,,,
SIM1,REAC:R-HSA-2219530,,,
ZBTB10,REAC:R-HSA-2219530,,,
ZNF507,REAC:R-HSA-2219530,,,
KIAA0232,REAC:R-HSA-2219530,,,
ZC3H6,REAC:R-HSA-2219530,,,
VXN,REAC:R-HSA-2219530,,,
DENND6A,REAC:R-HSA-2219530,,,
PTAR1,REAC:R-HSA-2219530,,,
CACNA1E,REAC:R-HSA-2219530,,,
IDE,REAC:R-HSA-2219530,,,
LRATD1,REAC:R-HSA-2219530,,,
RER1,REAC:R-HSA-2219530,,,
CDC6,REAC:R-HSA-177929,,,
PDXDC1,REAC:R-HSA-177929,,,
ALPK3,REAC:R-HSA-177929,,,
UEVLD,REAC:R-HSA-177929,,,
CCSER1,REAC:R-HSA-177929,,,
ZBTB10,REAC:R-HSA-177929,,,
TBCEL,REAC:R-HSA-177929,,,
ZNF507,REAC:R-HSA-177929,,,
NFATC2IP,REAC:R-HSA-177929,,,
KIAA1755,REAC:R-HSA-177929,,,
PIP4P1,REAC:R-HSA-177929,,,
ARHGEF17,REAC:R-HSA-177929,,,
RAP1B,REAC:R-HSA-177929,,,
ANGEL1,REAC:R-HSA-177929,,,
MAD2L1,REAC:R-HSA-177929,,,
RBM18,REAC:R-HSA-2219528,,,
SSBP2,REAC:R-HSA-2219528,,,
ZBTB6,REAC:R-HSA-2219528,,,
PDXDC1,REAC:R-HSA-2219528,,,
TOM1L2,REAC:R-HSA-2219528,,,
UEVLD,REAC:R-HSA-2219528,,,
FNBP4,REAC:R-HSA-2219528,,,
MKRN1,REAC:R-HSA-2219528,,,
SIM1,REAC:R-HSA-2219528,,,
ZBTB10,REAC:R-HSA-2219528,,,
ZNF507,REAC:R-HSA-2219528,,,
KIAA0232,REAC:R-HSA-2219528,,,
PLEKHA7,REAC:R-HSA-2219528,,,
ZBTB12,REAC:R-HSA-2219528,,,
ZC3H6,REAC:R-HSA-2219528,,,
KDM5A,REAC:R-HSA-2219528,,,
VXN,REAC:R-HSA-2219528,,,
DENND6A,REAC:R-HSA-2219528,,,
PTAR1,REAC:R-HSA-2219528,,,
CACNA1E,REAC:R-HSA-2219528,,,
NHS,REAC:R-HSA-2219528,,,
IDE,REAC:R-HSA-2219528,,,
LRATD1,REAC:R-HSA-2219528,,,
RER1,REAC:R-HSA-2219528,,,
TVP23B,REAC:R-HSA-6806834,,,
SLC2A1,REAC:R-HSA-6806834,,,
CARMIL1,REAC:R-HSA-6806834,,,
TMEM107,REAC:R-HSA-6806834,,,
ALPK3,REAC:R-HSA-6806834,,,
UEVLD,REAC:R-HSA-6806834,,,
ANK3,REAC:R-HSA-6806834,,,
CCSER1,REAC:R-HSA-6806834,,,
SMAD5,REAC:R-HSA-6806834,,,
FDXR,REAC:R-HSA-6806834,,,
AMMECR1L,REAC:R-HSA-6806834,,,
ZBTB10,REAC:R-HSA-6806834,,,
EFCAB14,REAC:R-HSA-6806834,,,
KCND3,REAC:R-HSA-6806834,,,
NUDT3,REAC:R-HSA-6806834,,,
KLF10,REAC:R-HSA-6806834,,,
PIP4P1,REAC:R-HSA-6806834,,,
ZFHX4,REAC:R-HSA-6806834,,,
RAP1B,REAC:R-HSA-6806834,,,
BTBD9,REAC:R-HSA-6806834,,,
ITSN1,REAC:R-HSA-204998,,,
MAPK8,REAC:R-HSA-204998,,,
HAS2,REAC:R-HSA-204998,,,
EIF4B,REAC:R-HSA-204998,,,
CDCA3,REAC:R-HSA-204998,,,
NME7,REAC:R-HSA-204998,,,
SFMBT2,REAC:R-HSA-204998,,,
BEND3,REAC:R-HSA-204998,,,
EPG5,REAC:R-HSA-204998,,,
ECE1,REAC:R-HSA-204998,,,
ZFYVE16,REAC:R-HSA-204998,,,
TNFSF13B,REAC:R-HSA-204998,,,
BACE1,REAC:R-HSA-204998,,,
SLC1A4,REAC:R-HSA-204998,,,
SLC39A10,REAC:R-HSA-204998,,,
SZRD1,REAC:R-HSA-204998,,,
PDK4,REAC:R-HSA-204998,,,
PDE5A,REAC:R-HSA-204998,,,
GNAQ,REAC:R-HSA-204998,,,
CCDC120,REAC:R-HSA-204998,,,
RBM18,REAC:R-HSA-5654710,,,
UEVLD,REAC:R-HSA-5654710,,,
SIM1,REAC:R-HSA-5654710,,,
ZBTB10,REAC:R-HSA-5654710,,,
DENND6A,REAC:R-HSA-5654710,,,
RER1,REAC:R-HSA-5654710,,,
ITSN1,REAC:R-HSA-193704,,,
MAPK8,REAC:R-HSA-193704,,,
HAS2,REAC:R-HSA-193704,,,
EIF4B,REAC:R-HSA-193704,,,
CDCA3,REAC:R-HSA-193704,,,
AP2B1,REAC:R-HSA-193704,,,
NME7,REAC:R-HSA-193704,,,
OTUD3,REAC:R-HSA-193704,,,
SFMBT2,REAC:R-HSA-193704,,,
BEND3,REAC:R-HSA-193704,,,
EPG5,REAC:R-HSA-193704,,,
ECE1,REAC:R-HSA-193704,,,
ZFYVE16,REAC:R-HSA-193704,,,
TNFSF13B,REAC:R-HSA-193704,,,
BACE1,REAC:R-HSA-193704,,,
PRLR,REAC:R-HSA-193704,,,
SLC1A4,REAC:R-HSA-193704,,,
SLC39A10,REAC:R-HSA-193704,,,
ARHGEF17,REAC:R-HSA-193704,,,
SZRD1,REAC:R-HSA-193704,,,
PDK4,REAC:R-HSA-193704,,,
PDE5A,REAC:R-HSA-193704,,,
GNAQ,REAC:R-HSA-193704,,,
CCDC120,REAC:R-HSA-193704,,,
TOM1L2,REAC:R-HSA-9670439,,,
UEVLD,REAC:R-HSA-9670439,,,
MASTL,REAC:R-HSA-9670439,,,
ANK3,REAC:R-HSA-9670439,,,
BACH2,REAC:R-HSA-9670439,,,
KIAA0232,REAC:R-HSA-9670439,,,
RAP1B,REAC:R-HSA-9670439,,,
YWHAG,REAC:R-HSA-1445148,,,
TBC1D4,REAC:R-HSA-1445148,,,
YWHAQ,REAC:R-HSA-1445148,,,
VGLL4,REAC:R-HSA-1445148,,,
ZZZ3,REAC:R-HSA-1445148,,,
IPO9,REAC:R-HSA-1445148,,,
ANK2,REAC:R-HSA-1445148,,,
NEDD4L,REAC:R-HSA-1445148,,,
TSN,REAC:R-HSA-1445148,,,
FITM2,REAC:R-HSA-1445148,,,
DR1,REAC:R-HSA-1445148,,,
DDI2,REAC:R-HSA-1445148,,,
DLG2,REAC:R-HSA-1445148,,,
NAA20,REAC:R-HSA-1445148,,,
PSKH1,REAC:R-HSA-1445148,,,
ZFX,REAC:R-HSA-1445148,,,
KIAA1614,REAC:R-HSA-1445148,,,
KLF10,REAC:R-HSA-1445148,,,
MCTP2,REAC:R-HSA-1445148,,,
ZBTB6,REAC:R-HSA-9620244,,,
TIMP3,REAC:R-HSA-9620244,,,
LHX4,REAC:R-HSA-9620244,,,
TENT5C,REAC:R-HSA-9620244,,,
ATAD2,REAC:R-HSA-9620244,,,
ARAP2,REAC:R-HSA-9620244,,,
DUSP8,REAC:R-HSA-9620244,,,
TIMM17A,REAC:R-HSA-9620244,,,
RBM18,REAC:R-HSA-9006115,,,
UEVLD,REAC:R-HSA-9006115,,,
GRAMD1B,REAC:R-HSA-9006115,,,
ZBTB10,REAC:R-HSA-9006115,,,
DUSP8,REAC:R-HSA-9006115,,,
VXN,REAC:R-HSA-9006115,,,
RAP1B,REAC:R-HSA-9006115,,,
WBP2,REAC:R-HSA-9006115,,,
TOM1L2,REAC:R-HSA-9669938,,,
UEVLD,REAC:R-HSA-9669938,,,
MASTL,REAC:R-HSA-9669938,,,
ANK3,REAC:R-HSA-9669938,,,
BACH2,REAC:R-HSA-9669938,,,
KIAA0232,REAC:R-HSA-9669938,,,
RAP1B,REAC:R-HSA-9669938,,,
FZD4,REAC:R-HSA-4641263,,,
WDR37,REAC:R-HSA-4641263,,,
ARRDC3,REAC:R-HSA-4641263,,,
SMAD5,REAC:R-HSA-4641263,,,
VANGL1,REAC:R-HSA-4641263,,,
ELP1,REAC:R-HSA-4641263,,,
GGA3,REAC:R-HSA-4641263,,,
G3BP2,REAC:R-HSA-4641263,,,
RBM18,REAC:R-HSA-5655332,,,
UEVLD,REAC:R-HSA-5655332,,,
SIM1,REAC:R-HSA-5655332,,,
ZBTB10,REAC:R-HSA-5655332,,,
DENND6A,REAC:R-HSA-5655332,,,
RAP1B,REAC:R-HSA-5655332,,,
RER1,REAC:R-HSA-5655332,,,
RBM18,REAC:R-HSA-5654736,,,
LDLRAD3,REAC:R-HSA-5654736,,,
UEVLD,REAC:R-HSA-5654736,,,
DDIAS,REAC:R-HSA-5654736,,,
SIM1,REAC:R-HSA-5654736,,,
ZBTB10,REAC:R-HSA-5654736,,,
USP12,REAC:R-HSA-5654736,,,
DENND6A,REAC:R-HSA-5654736,,,
TOR1AIP2,REAC:R-HSA-5654736,,,
RAP1B,REAC:R-HSA-5654736,,,
EBF3,REAC:R-HSA-5654736,,,
RER1,REAC:R-HSA-5654736,,,
BTG1,REAC:R-HSA-5654736,,,
MSI2,REAC:R-HSA-9830674,,,
NAPEPLD,REAC:R-HSA-9830674,,,
LUC7L2,REAC:R-HSA-9830674,,,
MYH9,REAC:R-HSA-9830674,,,
VPS54,REAC:R-HSA-9830674,,,
NGFR,REAC:R-HSA-9830674,,,
AP1G1,REAC:R-HSA-9830674,,,
KPNA1,REAC:R-HSA-9830674,,,
ACVR1C,REAC:R-HSA-1502540,,,
LDLRAD3,REAC:R-HSA-1502540,,,
RALGPS1,REAC:R-HSA-1502540,,,
SMAD2,REAC:R-HSA-1502540,,,
KMT2E,REAC:R-HSA-1502540,,,
KRT80,REAC:R-HSA-1502540,,,
BTG1,REAC:R-HSA-1502540,,,
RAB5B,REAC:R-HSA-8876198,,,
DENND2B,REAC:R-HSA-8876198,,,
GDI2,REAC:R-HSA-8876198,,,
ZZZ3,REAC:R-HSA-8876198,,,
IPO9,REAC:R-HSA-8876198,,,
TASP1,REAC:R-HSA-8876198,,,
NEDD4L,REAC:R-HSA-8876198,,,
SLC30A9,REAC:R-HSA-8876198,,,
OTUD4,REAC:R-HSA-8876198,,,
DOK7,REAC:R-HSA-8876198,,,
GMCL1,REAC:R-HSA-8876198,,,
PAK3,REAC:R-HSA-8876198,,,
UBE2J1,REAC:R-HSA-8876198,,,
PTP4A1,REAC:R-HSA-8876198,,,
PAX5,REAC:R-HSA-8876198,,,
PARP6,REAC:R-HSA-8876198,,,
MYO6,REAC:R-HSA-8876198,,,
DYRK2,REAC:R-HSA-8876198,,,
GNPNAT1,REAC:R-HSA-8876198,,,
ZRANB2,REAC:R-HSA-8876198,,,
RAD54L2,REAC:R-HSA-8876198,,,
ATP8B2,REAC:R-HSA-8876198,,,
SSBP2,REAC:R-HSA-442755,,,
LDLRAD3,REAC:R-HSA-442755,,,
ZBTB6,REAC:R-HSA-442755,,,
PPM1K,REAC:R-HSA-442755,,,
SMS,REAC:R-HSA-442755,,,
SPTLC1,REAC:R-HSA-442755,,,
TIMP3,REAC:R-HSA-442755,,,
LHX4,REAC:R-HSA-442755,,,
FAHD2A,REAC:R-HSA-442755,,,
TENT5C,REAC:R-HSA-442755,,,
PRKCE,REAC:R-HSA-442755,,,
TSN,REAC:R-HSA-442755,,,
ATAD2,REAC:R-HSA-442755,,,
DR1,REAC:R-HSA-442755,,,
POU5F1B,REAC:R-HSA-442755,,,
ARAP2,REAC:R-HSA-442755,,,
DUSP8,REAC:R-HSA-442755,,,
EIF5B,REAC:R-HSA-442755,,,
KHNYN,REAC:R-HSA-442755,,,
TIMM17A,REAC:R-HSA-442755,,,
RAP1B,REAC:R-HSA-442755,,,
CDKL2,REAC:R-HSA-442755,,,
MAPK8,REAC:R-HSA-450282,,,
LDLRAD3,REAC:R-HSA-450282,,,
G3BP1,REAC:R-HSA-450282,,,
TBP,REAC:R-HSA-450282,,,
DDIAS,REAC:R-HSA-450282,,,
PIP5KL1,REAC:R-HSA-450282,,,
LEF1,REAC:R-HSA-450282,,,
KCTD1,REAC:R-HSA-450282,,,
EBF3,REAC:R-HSA-450282,,,
WNT7B,REAC:R-HSA-450282,,,
IL17RD,REAC:R-HSA-5674135,,,
SOCS6,REAC:R-HSA-5674135,,,
LDLRAD3,REAC:R-HSA-5674135,,,
DDI2,REAC:R-HSA-5674135,,,
LRP2,REAC:R-HSA-5674135,,,
NFATC2IP,REAC:R-HSA-5674135,,,
MSL1,REAC:R-HSA-5674135,,,
UBLCP1,REAC:R-HSA-5674135,,,
KIAA1614,REAC:R-HSA-5674135,,,
ZFHX4,REAC:R-HSA-5674135,,,
RAP1B,REAC:R-HSA-5674135,,,
TMED9,REAC:R-HSA-5674135,,,
RBM18,REAC:R-HSA-112399,,,
SSBP2,REAC:R-HSA-112399,,,
UEVLD,REAC:R-HSA-112399,,,
SIM1,REAC:R-HSA-112399,,,
ZBTB10,REAC:R-HSA-112399,,,
ACTB,REAC:R-HSA-112399,,,
ZC3H6,REAC:R-HSA-112399,,,
DENND6A,REAC:R-HSA-112399,,,
PTAR1,REAC:R-HSA-112399,,,
RAP1B,REAC:R-HSA-112399,,,
CACNA1E,REAC:R-HSA-112399,,,
RER1,REAC:R-HSA-112399,,,
TP53,REAC:R-HSA-6804758,,,
NR6A1,REAC:R-HSA-6804758,,,
USP28,REAC:R-HSA-6804758,,,
RLIM,REAC:R-HSA-6804758,,,
YOD1,REAC:R-HSA-6804758,,,
EMP2,REAC:R-HSA-6804758,,,
BBC3,REAC:R-HSA-6804758,,,
KSR1,REAC:R-HSA-6804758,,,
PDE3B,REAC:R-HSA-6804758,,,
KLHL15,REAC:R-HSA-6804758,,,
TP53,REAC:R-HSA-8853884,,,
ANAPC15,REAC:R-HSA-8853884,,,
AGO1,REAC:R-HSA-8853884,,,
DEUP1,REAC:R-HSA-8853884,,,
SLC30A1,REAC:R-HSA-8853884,,,
SPOCK1,REAC:R-HSA-8853884,,,
UNC13B,REAC:R-HSA-8853884,,,
PRDM16,REAC:R-HSA-8853884,,,
ZSCAN25,REAC:R-HSA-8853884,,,
PRLR,REAC:R-HSA-8853884,,,
MRS2,REAC:R-HSA-8853884,,,
COG5,REAC:R-HSA-8853884,,,
RBM18,REAC:R-HSA-74752,,,
SSBP2,REAC:R-HSA-74752,,,
LDLRAD3,REAC:R-HSA-74752,,,
UEVLD,REAC:R-HSA-74752,,,
FBXO28,REAC:R-HSA-74752,,,
FDXR,REAC:R-HSA-74752,,,
VPS18,REAC:R-HSA-74752,,,
SIM1,REAC:R-HSA-74752,,,
ZBTB10,REAC:R-HSA-74752,,,
ACTB,REAC:R-HSA-74752,,,
ZC3H6,REAC:R-HSA-74752,,,
DENND6A,REAC:R-HSA-74752,,,
PTAR1,REAC:R-HSA-74752,,,
RAP1B,REAC:R-HSA-74752,,,
TP53INP2,REAC:R-HSA-74752,,,
CACNA1E,REAC:R-HSA-74752,,,
DOT1L,REAC:R-HSA-74752,,,
MINDY1,REAC:R-HSA-74752,,,
RER1,REAC:R-HSA-74752,,,
SLC4A4,REAC:R-HSA-425381,,,
RAB3IP,REAC:R-HSA-425381,,,
STK24,REAC:R-HSA-425381,,,
DALRD3,REAC:R-HSA-425381,,,
UBTF,REAC:R-HSA-425381,,,
MAPK8,REAC:R-HSA-450341,,,
LDLRAD3,REAC:R-HSA-450341,,,
TBP,REAC:R-HSA-450341,,,
LEF1,REAC:R-HSA-450341,,,
KCTD1,REAC:R-HSA-450341,,,
VGLL4,REAC:R-HSA-168799,,,
TBC1D30,REAC:R-HSA-168799,,,
ARL5A,REAC:R-HSA-168799,,,
HIF1AN,REAC:R-HSA-168799,,,
ZC3H8,REAC:R-HSA-168799,,,
